solid OpenSCAD_Model
  facet normal -1 0 0
    outer loop
      vertex 7.8 6.4 0.00199986
      vertex 7.8 10.6 0.202
      vertex 7.8 10.6 0.00199986
    endloop
  endfacet
  facet normal -1 -0 0
    outer loop
      vertex 7.8 10.6 0.202
      vertex 7.8 6.4 0.00199986
      vertex 7.8 6.4 0.202
    endloop
  endfacet
  facet normal 1 -0 0
    outer loop
      vertex 1.2 1.4 0.202
      vertex 1.2 10.6 0.00199986
      vertex 1.2 10.6 0.202
    endloop
  endfacet
  facet normal 1 0 0
    outer loop
      vertex 1.2 10.6 0.00199986
      vertex 1.2 1.4 0.202
      vertex 1.2 1.4 0.00199986
    endloop
  endfacet
  facet normal 0 -1 0
    outer loop
      vertex 1.2 10.6 0.00199986
      vertex 7.8 10.6 0.202
      vertex 1.2 10.6 0.202
    endloop
  endfacet
  facet normal 0 -1 -0
    outer loop
      vertex 7.8 10.6 0.202
      vertex 1.2 10.6 0.00199986
      vertex 7.8 10.6 0.00199986
    endloop
  endfacet
  facet normal 0 1 -0
    outer loop
      vertex 7.8 6.4 0.00199986
      vertex 5.4 6.4 0.202
      vertex 7.8 6.4 0.202
    endloop
  endfacet
  facet normal 0 1 0
    outer loop
      vertex 5.4 6.4 0.202
      vertex 7.8 6.4 0.00199986
      vertex 5.4 6.4 0.00199986
    endloop
  endfacet
  facet normal -1 0 0
    outer loop
      vertex 4.85 11.2 0.00199986
      vertex 4.85 11.55 0.427999
      vertex 4.85 11.55 0.00199986
    endloop
  endfacet
  facet normal -1 -0 0
    outer loop
      vertex 4.85 11.55 0.427999
      vertex 4.85 11.2 0.00199986
      vertex 4.85 11.2 0.427999
    endloop
  endfacet
  facet normal 1 0 0
    outer loop
      vertex 4.15 11.212 0.427999
      vertex 4.15 11.2 0.427999
      vertex 4.15 11.212 0.278
    endloop
  endfacet
  facet normal 1 0 0
    outer loop
      vertex 4.15 11.532 0.278
      vertex 4.15 11.55 0.427999
      vertex 4.15 11.532 0.427999
    endloop
  endfacet
  facet normal 1 0 0
    outer loop
      vertex 4.15 11.55 0.427999
      vertex 4.15 11.532 0.278
      vertex 4.15 11.55 0.00199986
    endloop
  endfacet
  facet normal 1 0 0
    outer loop
      vertex 4.15 11.2 0.00199986
      vertex 4.15 11.532 0.278
      vertex 4.15 11.212 0.278
    endloop
  endfacet
  facet normal 1 0 0
    outer loop
      vertex 4.15 11.532 0.278
      vertex 4.15 11.2 0.00199986
      vertex 4.15 11.55 0.00199986
    endloop
  endfacet
  facet normal 1 0 0
    outer loop
      vertex 4.15 11.2 0.00199986
      vertex 4.15 11.212 0.278
      vertex 4.15 11.2 0.427999
    endloop
  endfacet
  facet normal 0 -1 0
    outer loop
      vertex 4.15 11.55 0.00199986
      vertex 4.85 11.55 0.427999
      vertex 4.15 11.55 0.427999
    endloop
  endfacet
  facet normal 0 -1 -0
    outer loop
      vertex 4.85 11.55 0.427999
      vertex 4.15 11.55 0.00199986
      vertex 4.85 11.55 0.00199986
    endloop
  endfacet
  facet normal 0 1 -0
    outer loop
      vertex 4.85 11.2 0.00199986
      vertex 4.15 11.2 0.427999
      vertex 4.85 11.2 0.427999
    endloop
  endfacet
  facet normal 0 1 0
    outer loop
      vertex 4.15 11.2 0.427999
      vertex 4.85 11.2 0.00199986
      vertex 4.15 11.2 0.00199986
    endloop
  endfacet
  facet normal -1 0 0
    outer loop
      vertex 5.4 1.4 0.00199986
      vertex 5.4 6.4 0.202
      vertex 5.4 6.4 0.00199986
    endloop
  endfacet
  facet normal -1 -0 0
    outer loop
      vertex 5.4 6.4 0.202
      vertex 5.4 1.4 0.00199986
      vertex 5.4 1.4 0.202
    endloop
  endfacet
  facet normal 0 1 -0
    outer loop
      vertex 5.4 1.4 0.00199986
      vertex 1.2 1.4 0.202
      vertex 5.4 1.4 0.202
    endloop
  endfacet
  facet normal 0 1 0
    outer loop
      vertex 1.2 1.4 0.202
      vertex 5.4 1.4 0.00199986
      vertex 1.2 1.4 0.00199986
    endloop
  endfacet
  facet normal -1 0 0
    outer loop
      vertex 1 8.248 0.00199986
      vertex 1 8.254 0.202
      vertex 1 8.254 0.00199986
    endloop
  endfacet
  facet normal -1 -0 0
    outer loop
      vertex 1 8.254 0.202
      vertex 1 8.248 0.00199986
      vertex 1 8.248 0.202
    endloop
  endfacet
  facet normal -1 0 0
    outer loop
      vertex 1 5.748 0.00199986
      vertex 1 5.75 0.202
      vertex 1 5.75 0.00199986
    endloop
  endfacet
  facet normal -1 -0 0
    outer loop
      vertex 1 5.75 0.202
      vertex 1 5.748 0.00199986
      vertex 1 5.748 0.202
    endloop
  endfacet
  facet normal 1 0 0
    outer loop
      vertex 1 5.238 1.752
      vertex 1 5.748 3.504
      vertex 1 5.238 3.002
    endloop
  endfacet
  facet normal 1 0 0
    outer loop
      vertex 1 5.748 3.504
      vertex 1 4.852 3.002
      vertex 1 5.238 3.002
    endloop
  endfacet
  facet normal 1 0 0
    outer loop
      vertex 1 4.852 3.002
      vertex 1 4.65 3.002
      vertex 1 4.852 1.752
    endloop
  endfacet
  facet normal 1 0 0
    outer loop
      vertex 1 5.748 3.504
      vertex 1 4.65 3.002
      vertex 1 4.852 3.002
    endloop
  endfacet
  facet normal 1 0 0
    outer loop
      vertex 1 5.748 3.504
      vertex 1 4.264 3.002
      vertex 1 4.65 3.002
    endloop
  endfacet
  facet normal 1 0 0
    outer loop
      vertex 1 0.753998 3.504
      vertex 1 4.264 1.752
      vertex 1 4.264 3.002
    endloop
  endfacet
  facet normal 1 -0 0
    outer loop
      vertex 1 0.753998 3.504
      vertex 1 4.264 3.002
      vertex 1 5.748 3.504
    endloop
  endfacet
  facet normal 1 0 0
    outer loop
      vertex 1 4.264 1.752
      vertex 1 0.753998 3.504
      vertex 1 1.252 0.202
    endloop
  endfacet
  facet normal 1 0 0
    outer loop
      vertex 1 0.753998 0.00199986
      vertex 1 1.252 0.202
      vertex 1 0.753998 3.504
    endloop
  endfacet
  facet normal 1 0 0
    outer loop
      vertex 1 1.252 0.202
      vertex 1 0.753998 0.00199986
      vertex 1 1.252 0.00199986
    endloop
  endfacet
  facet normal 1 0 0
    outer loop
      vertex 1 5.748 3.504
      vertex 1 5.238 1.752
      vertex 1 5.748 0.202
    endloop
  endfacet
  facet normal 1 -0 0
    outer loop
      vertex 1 4.852 1.752
      vertex 1 5.748 0.202
      vertex 1 5.238 1.752
    endloop
  endfacet
  facet normal 1 0 0
    outer loop
      vertex 1 4.65 1.752
      vertex 1 4.852 1.752
      vertex 1 4.65 3.002
    endloop
  endfacet
  facet normal 1 -0 0
    outer loop
      vertex 1 4.65 1.752
      vertex 1 5.748 0.202
      vertex 1 4.852 1.752
    endloop
  endfacet
  facet normal 1 -0 0
    outer loop
      vertex 1 4.264 1.752
      vertex 1 5.748 0.202
      vertex 1 4.65 1.752
    endloop
  endfacet
  facet normal 1 0 0
    outer loop
      vertex 1 5.748 0.202
      vertex 1 4.264 1.752
      vertex 1 1.252 0.202
    endloop
  endfacet
  facet normal 1 -0 0
    outer loop
      vertex 1 5.75 3.504
      vertex 1 8.248 0.202
      vertex 1 8.248 3.504
    endloop
  endfacet
  facet normal 1 0 0
    outer loop
      vertex 1 8.248 0.202
      vertex 1 5.75 3.504
      vertex 1 5.75 0.202
    endloop
  endfacet
  facet normal 1 -0 0
    outer loop
      vertex 1 8.254 3.504
      vertex 1 10.75 0.202
      vertex 1 10.75 3.504
    endloop
  endfacet
  facet normal 1 0 0
    outer loop
      vertex 1 10.75 0.202
      vertex 1 8.254 3.504
      vertex 1 8.254 0.202
    endloop
  endfacet
  facet normal 0 1 0
    outer loop
      vertex 6 6.248 3.504
      vertex 5.5 6.248 0.202
      vertex 5.5 6.248 3.504
    endloop
  endfacet
  facet normal 0 1 -0
    outer loop
      vertex 6 6.248 0.00199986
      vertex 5.5 6.248 0.202
      vertex 6 6.248 3.504
    endloop
  endfacet
  facet normal 0 1 0
    outer loop
      vertex 5.5 6.248 0.202
      vertex 6 6.248 0.00199986
      vertex 5.5 6.248 0.00199986
    endloop
  endfacet
  facet normal 0 0 1
    outer loop
      vertex 6 6.248 3.504
      vertex 5.8 5.748 3.504
      vertex 6 5.748 3.504
    endloop
  endfacet
  facet normal 0 0 1
    outer loop
      vertex 5.5 6.248 3.504
      vertex 5.8 3.752 3.504
      vertex 5.8 5.748 3.504
    endloop
  endfacet
  facet normal 0 0 1
    outer loop
      vertex 5.5 1.254 3.504
      vertex 5.8 3.752 3.504
      vertex 5.5 6.248 3.504
    endloop
  endfacet
  facet normal -0 0 1
    outer loop
      vertex 5.5 6.248 3.504
      vertex 5.8 5.748 3.504
      vertex 6 6.248 3.504
    endloop
  endfacet
  facet normal 0 0 1
    outer loop
      vertex 5.8 3.752 3.504
      vertex 5.5 1.254 3.504
      vertex 5.8 3.25 3.504
    endloop
  endfacet
  facet normal 0 0 1
    outer loop
      vertex 5.8 3.25 3.504
      vertex 5.5 1.254 3.504
      vertex 5.8 1.254 3.504
    endloop
  endfacet
  facet normal -0 0 1
    outer loop
      vertex 5.8 3.752 3.504
      vertex 6 3.25 3.504
      vertex 6 3.752 3.504
    endloop
  endfacet
  facet normal 0 0 1
    outer loop
      vertex 6 3.25 3.504
      vertex 5.8 3.752 3.504
      vertex 5.8 3.25 3.504
    endloop
  endfacet
  facet normal 0 0 1
    outer loop
      vertex 3.502 11.252 3.504
      vertex 3.002 11.252 3.504
      vertex 3.502 11.052 3.504
    endloop
  endfacet
  facet normal 0 0 1
    outer loop
      vertex 6 11.252 3.504
      vertex 5.5 11.252 3.504
      vertex 6 11.052 3.504
    endloop
  endfacet
  facet normal -0 0 1
    outer loop
      vertex 6 11.052 3.504
      vertex 7.996 10.75 3.504
      vertex 7.996 11.052 3.504
    endloop
  endfacet
  facet normal 0 0 1
    outer loop
      vertex 5.5 11.052 3.504
      vertex 6 11.052 3.504
      vertex 5.5 11.252 3.504
    endloop
  endfacet
  facet normal 0 0 1
    outer loop
      vertex 5.5 10.752 3.504
      vertex 6 11.052 3.504
      vertex 5.5 11.052 3.504
    endloop
  endfacet
  facet normal 0 0 1
    outer loop
      vertex 5.5 10.75 3.504
      vertex 6 11.052 3.504
      vertex 5.5 10.752 3.504
    endloop
  endfacet
  facet normal 0 0 1
    outer loop
      vertex 6 11.052 3.504
      vertex 5.5 10.75 3.504
      vertex 7.996 10.75 3.504
    endloop
  endfacet
  facet normal -0 0 1
    outer loop
      vertex 4.98 11.052 3.504
      vertex 5.5 10.752 3.504
      vertex 5.5 11.052 3.504
    endloop
  endfacet
  facet normal -0 0 1
    outer loop
      vertex 4.01 11.052 3.504
      vertex 5.5 10.752 3.504
      vertex 4.98 11.052 3.504
    endloop
  endfacet
  facet normal 0 0 1
    outer loop
      vertex 3.002 10.752 3.504
      vertex 4.01 11.052 3.504
      vertex 3.502 11.052 3.504
    endloop
  endfacet
  facet normal 0 0 1
    outer loop
      vertex 3.002 11.052 3.504
      vertex 3.502 11.052 3.504
      vertex 3.002 11.252 3.504
    endloop
  endfacet
  facet normal 0 0 1
    outer loop
      vertex 3.002 10.752 3.504
      vertex 3.502 11.052 3.504
      vertex 3.002 11.052 3.504
    endloop
  endfacet
  facet normal 0 0 1
    outer loop
      vertex 4.01 11.052 3.504
      vertex 3.002 10.752 3.504
      vertex 5.5 10.752 3.504
    endloop
  endfacet
  facet normal -0 0 1
    outer loop
      vertex 1.002 11.052 3.504
      vertex 3.002 10.752 3.504
      vertex 3.002 11.052 3.504
    endloop
  endfacet
  facet normal 0 0 1
    outer loop
      vertex 1 10.75 3.504
      vertex 3.002 10.752 3.504
      vertex 1.002 11.052 3.504
    endloop
  endfacet
  facet normal 0 0 1
    outer loop
      vertex 3.002 10.752 3.504
      vertex 1 10.75 3.504
      vertex 3.002 10.75 3.504
    endloop
  endfacet
  facet normal -0 0 1
    outer loop
      vertex 0.501999 11.252 3.504
      vertex 1.002 11.052 3.504
      vertex 1.002 11.252 3.504
    endloop
  endfacet
  facet normal 0 0 1
    outer loop
      vertex 0.699997 8.754 3.504
      vertex 1 10.75 3.504
      vertex 0.699997 10.75 3.504
    endloop
  endfacet
  facet normal 0 0 1
    outer loop
      vertex 1.002 11.052 3.504
      vertex 0.699997 10.75 3.504
      vertex 1 10.75 3.504
    endloop
  endfacet
  facet normal 0 0 1
    outer loop
      vertex 1.002 11.052 3.504
      vertex 0.501999 11.252 3.504
      vertex 0.699997 10.75 3.504
    endloop
  endfacet
  facet normal 0 0 1
    outer loop
      vertex 0.699997 10.75 3.504
      vertex 0.501999 11.252 3.504
      vertex 0.501999 10.75 3.504
    endloop
  endfacet
  facet normal 0 0 1
    outer loop
      vertex 1 10.75 3.504
      vertex 0.699997 8.754 3.504
      vertex 1 8.254 3.504
    endloop
  endfacet
  facet normal 0 0 1
    outer loop
      vertex 0.5 8.254 3.504
      vertex 0.699997 8.754 3.504
      vertex 0.5 8.754 3.504
    endloop
  endfacet
  facet normal 0 0 1
    outer loop
      vertex 0.699997 8.754 3.504
      vertex 0.5 8.254 3.504
      vertex 1 8.254 3.504
    endloop
  endfacet
  facet normal 0 0 1
    outer loop
      vertex 8.5 6.252 3.504
      vertex 8 5.95 3.504
      vertex 8.5 5.75 3.504
    endloop
  endfacet
  facet normal -0 0 1
    outer loop
      vertex 6.002 6.252 3.504
      vertex 8 5.95 3.504
      vertex 8.5 6.252 3.504
    endloop
  endfacet
  facet normal 0 0 1
    outer loop
      vertex 8 5.95 3.504
      vertex 6.002 6.252 3.504
      vertex 6.002 5.95 3.504
    endloop
  endfacet
  facet normal 0 0 1
    outer loop
      vertex 8.5 5.75 3.504
      vertex 8 5.95 3.504
      vertex 8 5.75 3.504
    endloop
  endfacet
  facet normal -0 0 1
    outer loop
      vertex 0.5 3.752 3.504
      vertex 0.699997 3.25 3.504
      vertex 0.699997 3.752 3.504
    endloop
  endfacet
  facet normal 0 0 1
    outer loop
      vertex 0.699997 3.25 3.504
      vertex 0.5 3.752 3.504
      vertex 0.5 3.25 3.504
    endloop
  endfacet
  facet normal 0 0 1
    outer loop
      vertex 0.699997 3.752 3.504
      vertex 1 5.748 3.504
      vertex 0.699997 5.748 3.504
    endloop
  endfacet
  facet normal 0 0 1
    outer loop
      vertex 0.699997 3.25 3.504
      vertex 1 5.748 3.504
      vertex 0.699997 3.752 3.504
    endloop
  endfacet
  facet normal 0 0 1
    outer loop
      vertex 1 5.748 3.504
      vertex 0.699997 3.25 3.504
      vertex 1 0.753998 3.504
    endloop
  endfacet
  facet normal -0 0 1
    outer loop
      vertex 0.699997 1.254 3.504
      vertex 1 0.753998 3.504
      vertex 0.699997 3.25 3.504
    endloop
  endfacet
  facet normal 0 0 1
    outer loop
      vertex 0.5 0.753998 3.504
      vertex 0.699997 1.254 3.504
      vertex 0.5 1.254 3.504
    endloop
  endfacet
  facet normal 0 0 1
    outer loop
      vertex 0.699997 1.254 3.504
      vertex 0.5 0.753998 3.504
      vertex 1 0.753998 3.504
    endloop
  endfacet
  facet normal 0 0 1
    outer loop
      vertex 0.699997 6.252 3.504
      vertex 1 8.248 3.504
      vertex 0.699997 8.248 3.504
    endloop
  endfacet
  facet normal 0 0 1
    outer loop
      vertex 1 8.248 3.504
      vertex 0.699997 6.252 3.504
      vertex 1 5.75 3.504
    endloop
  endfacet
  facet normal 0 0 1
    outer loop
      vertex 0.5 5.75 3.504
      vertex 0.699997 6.252 3.504
      vertex 0.5 6.252 3.504
    endloop
  endfacet
  facet normal 0 0 1
    outer loop
      vertex 0.699997 6.252 3.504
      vertex 0.5 5.75 3.504
      vertex 1 5.75 3.504
    endloop
  endfacet
  facet normal 0 0 1
    outer loop
      vertex 6 1.252 3.504
      vertex 5.5 0.949997 3.504
      vertex 6 0.75 3.504
    endloop
  endfacet
  facet normal -0 0 1
    outer loop
      vertex 3.502 1.252 3.504
      vertex 5.5 0.949997 3.504
      vertex 6 1.252 3.504
    endloop
  endfacet
  facet normal 0 0 1
    outer loop
      vertex 5.5 0.949997 3.504
      vertex 3.502 1.252 3.504
      vertex 3.502 0.949997 3.504
    endloop
  endfacet
  facet normal 0 0 1
    outer loop
      vertex 6 0.75 3.504
      vertex 5.5 0.949997 3.504
      vertex 5.5 0.75 3.504
    endloop
  endfacet
  facet normal 0 0 1
    outer loop
      vertex 3.5 1.252 3.504
      vertex 3 0.949997 3.504
      vertex 3.5 0.75 3.504
    endloop
  endfacet
  facet normal -0 0 1
    outer loop
      vertex 1.002 1.252 3.504
      vertex 3 0.949997 3.504
      vertex 3.5 1.252 3.504
    endloop
  endfacet
  facet normal 0 0 1
    outer loop
      vertex 3 0.949997 3.504
      vertex 1.002 1.252 3.504
      vertex 1.002 0.949997 3.504
    endloop
  endfacet
  facet normal 0 0 1
    outer loop
      vertex 3.5 0.75 3.504
      vertex 3 0.949997 3.504
      vertex 3 0.75 3.504
    endloop
  endfacet
  facet normal 0 0 1
    outer loop
      vertex 8.5 11.248 3.504
      vertex 8.3 10.748 3.504
      vertex 8.5 10.748 3.504
    endloop
  endfacet
  facet normal 0 0 1
    outer loop
      vertex 8 11.248 3.504
      vertex 8.3 8.752 3.504
      vertex 8.3 10.748 3.504
    endloop
  endfacet
  facet normal 0 0 1
    outer loop
      vertex 8 6.254 3.504
      vertex 8.3 8.752 3.504
      vertex 8 11.248 3.504
    endloop
  endfacet
  facet normal -0 0 1
    outer loop
      vertex 8 11.248 3.504
      vertex 8.3 10.748 3.504
      vertex 8.5 11.248 3.504
    endloop
  endfacet
  facet normal 0 0 1
    outer loop
      vertex 8.3 8.752 3.504
      vertex 8 6.254 3.504
      vertex 8.3 8.25 3.504
    endloop
  endfacet
  facet normal 0 0 1
    outer loop
      vertex 8.3 8.25 3.504
      vertex 8 6.254 3.504
      vertex 8.3 6.254 3.504
    endloop
  endfacet
  facet normal -0 0 1
    outer loop
      vertex 8.3 8.752 3.504
      vertex 8.5 8.25 3.504
      vertex 8.5 8.752 3.504
    endloop
  endfacet
  facet normal 0 0 1
    outer loop
      vertex 8.5 8.25 3.504
      vertex 8.3 8.752 3.504
      vertex 8.3 8.25 3.504
    endloop
  endfacet
  facet normal 0 1 -0
    outer loop
      vertex 1 8.248 0.202
      vertex 0.699997 8.248 3.504
      vertex 1 8.248 3.504
    endloop
  endfacet
  facet normal 0 1 0
    outer loop
      vertex 0.699997 8.248 0.00199986
      vertex 1 8.248 0.202
      vertex 1 8.248 0.00199986
    endloop
  endfacet
  facet normal 0 1 0
    outer loop
      vertex 1 8.248 0.202
      vertex 0.699997 8.248 0.00199986
      vertex 0.699997 8.248 3.504
    endloop
  endfacet
  facet normal 0 0 -1
    outer loop
      vertex 3 0.949997 0.00199986
      vertex 3.5 0.75 0.00199986
      vertex 3 0.75 0.00199986
    endloop
  endfacet
  facet normal 0 0 -1
    outer loop
      vertex 3.644 0.949997 0.00199986
      vertex 3.846 0.849998 0.00199986
      vertex 3.644 0.849998 0.00199986
    endloop
  endfacet
  facet normal 0 0 -1
    outer loop
      vertex 5.348 0.849998 0.00199986
      vertex 5.146 0.849998 0.00199986
      vertex 5.348 0.949997 0.00199986
    endloop
  endfacet
  facet normal 0 0 -1
    outer loop
      vertex 5.5 0.949997 0.00199986
      vertex 6 0.75 0.00199986
      vertex 5.5 0.75 0.00199986
    endloop
  endfacet
  facet normal 0 0 -1
    outer loop
      vertex 6 0.75 0.00199986
      vertex 5.5 0.949997 0.00199986
      vertex 6 1.252 0.00199986
    endloop
  endfacet
  facet normal 0 0 -1
    outer loop
      vertex 5.5 0.949997 0.00199986
      vertex 5.5 1.252 0.00199986
      vertex 6 1.252 0.00199986
    endloop
  endfacet
  facet normal 0 0 -1
    outer loop
      vertex 5.348 0.949997 0.00199986
      vertex 5.5 1.252 0.00199986
      vertex 5.5 0.949997 0.00199986
    endloop
  endfacet
  facet normal 0 0 -1
    outer loop
      vertex 5.146 1.252 0.00199986
      vertex 5.5 1.252 0.00199986
      vertex 5.348 0.949997 0.00199986
    endloop
  endfacet
  facet normal 0 0 -1
    outer loop
      vertex 5.5 1.254 0.00199986
      vertex 5.4 1.4 0.00199986
      vertex 5.5 6.248 0.00199986
    endloop
  endfacet
  facet normal 0 0 -1
    outer loop
      vertex 5.4 6.4 0.00199986
      vertex 5.5 6.248 0.00199986
      vertex 5.4 1.4 0.00199986
    endloop
  endfacet
  facet normal 0 -0 -1
    outer loop
      vertex 5.4 1.4 0.00199986
      vertex 5.5 1.252 0.00199986
      vertex 5.146 1.252 0.00199986
    endloop
  endfacet
  facet normal 0 0 -1
    outer loop
      vertex 5.146 1.252 0.00199986
      vertex 5.348 0.949997 0.00199986
      vertex 5.146 0.849998 0.00199986
    endloop
  endfacet
  facet normal 0 0 -1
    outer loop
      vertex 5.5 1.252 0.00199986
      vertex 5.4 1.4 0.00199986
      vertex 5.5 1.254 0.00199986
    endloop
  endfacet
  facet normal 0 0 -1
    outer loop
      vertex 3.846 1.252 0.00199986
      vertex 5.4 1.4 0.00199986
      vertex 5.146 1.252 0.00199986
    endloop
  endfacet
  facet normal 0 0 -1
    outer loop
      vertex 3.846 0.849998 0.00199986
      vertex 3.644 0.949997 0.00199986
      vertex 3.846 1.252 0.00199986
    endloop
  endfacet
  facet normal 0 0 -1
    outer loop
      vertex 3.502 1.252 0.00199986
      vertex 3.644 0.949997 0.00199986
      vertex 3.502 0.949997 0.00199986
    endloop
  endfacet
  facet normal 0 0 -1
    outer loop
      vertex 3.644 0.949997 0.00199986
      vertex 3.502 1.252 0.00199986
      vertex 3.846 1.252 0.00199986
    endloop
  endfacet
  facet normal 0 0 -1
    outer loop
      vertex 3.502 1.252 0.00199986
      vertex 5.4 1.4 0.00199986
      vertex 3.846 1.252 0.00199986
    endloop
  endfacet
  facet normal 0 0 -1
    outer loop
      vertex 3.5 1.252 0.00199986
      vertex 5.4 1.4 0.00199986
      vertex 3.502 1.252 0.00199986
    endloop
  endfacet
  facet normal 0 0 -1
    outer loop
      vertex 3.5 0.75 0.00199986
      vertex 3 0.949997 0.00199986
      vertex 3.5 1.252 0.00199986
    endloop
  endfacet
  facet normal 0 0 -1
    outer loop
      vertex 3.5 1.252 0.00199986
      vertex 1.2 1.4 0.00199986
      vertex 5.4 1.4 0.00199986
    endloop
  endfacet
  facet normal 0 0 -1
    outer loop
      vertex 3 0.949997 0.00199986
      vertex 1.2 1.4 0.00199986
      vertex 3.5 1.252 0.00199986
    endloop
  endfacet
  facet normal 0 0 -1
    outer loop
      vertex 1.002 1.252 0.00199986
      vertex 1.2 1.4 0.00199986
      vertex 1.002 0.949997 0.00199986
    endloop
  endfacet
  facet normal 0 0 -1
    outer loop
      vertex 1.002 0.949997 0.00199986
      vertex 1.2 1.4 0.00199986
      vertex 3 0.949997 0.00199986
    endloop
  endfacet
  facet normal 0 0 -1
    outer loop
      vertex 5.5 1.254 0.00199986
      vertex 5.8 3.25 0.00199986
      vertex 5.8 1.254 0.00199986
    endloop
  endfacet
  facet normal -0 0 -1
    outer loop
      vertex 5.8 3.25 0.00199986
      vertex 5.5 1.254 0.00199986
      vertex 5.8 3.748 0.00199986
    endloop
  endfacet
  facet normal -0 0 -1
    outer loop
      vertex 5.8 3.748 0.00199986
      vertex 5.5 1.254 0.00199986
      vertex 5.8 3.75 0.00199986
    endloop
  endfacet
  facet normal -0 0 -1
    outer loop
      vertex 5.8 3.75 0.00199986
      vertex 5.5 1.254 0.00199986
      vertex 5.8 3.752 0.00199986
    endloop
  endfacet
  facet normal 0 0 -1
    outer loop
      vertex 5.5 6.248 0.00199986
      vertex 5.8 3.752 0.00199986
      vertex 5.5 1.254 0.00199986
    endloop
  endfacet
  facet normal 0 0 -1
    outer loop
      vertex 5.8 3.25 0.00199986
      vertex 6 3.748 0.00199986
      vertex 6 3.25 0.00199986
    endloop
  endfacet
  facet normal -0 0 -1
    outer loop
      vertex 6 3.748 0.00199986
      vertex 5.8 3.25 0.00199986
      vertex 5.8 3.748 0.00199986
    endloop
  endfacet
  facet normal 0 0 -1
    outer loop
      vertex 5.8 3.75 0.00199986
      vertex 6 3.752 0.00199986
      vertex 6 3.75 0.00199986
    endloop
  endfacet
  facet normal -0 0 -1
    outer loop
      vertex 6 3.752 0.00199986
      vertex 5.8 3.75 0.00199986
      vertex 5.8 3.752 0.00199986
    endloop
  endfacet
  facet normal 0 0 -1
    outer loop
      vertex 7.8 6.4 0.00199986
      vertex 8.3 8.25 0.00199986
      vertex 8.3 6.254 0.00199986
    endloop
  endfacet
  facet normal -0 0 -1
    outer loop
      vertex 8.3 8.25 0.00199986
      vertex 7.8 6.4 0.00199986
      vertex 8.3 8.748 0.00199986
    endloop
  endfacet
  facet normal 0 0 -1
    outer loop
      vertex 7.8 10.6 0.00199986
      vertex 8.3 8.748 0.00199986
      vertex 7.8 6.4 0.00199986
    endloop
  endfacet
  facet normal 0 0 -1
    outer loop
      vertex 8.3 8.748 0.00199986
      vertex 7.8 10.6 0.00199986
      vertex 8.3 8.75 0.00199986
    endloop
  endfacet
  facet normal 0 0 -1
    outer loop
      vertex 7.8 6.4 0.00199986
      vertex 8.3 6.254 0.00199986
      vertex 8 6.254 0.00199986
    endloop
  endfacet
  facet normal 0 0 -1
    outer loop
      vertex 8.3 8.25 0.00199986
      vertex 8.5 8.748 0.00199986
      vertex 8.5 8.25 0.00199986
    endloop
  endfacet
  facet normal -0 0 -1
    outer loop
      vertex 8.5 8.748 0.00199986
      vertex 8.3 8.25 0.00199986
      vertex 8.3 8.748 0.00199986
    endloop
  endfacet
  facet normal 0 0 -1
    outer loop
      vertex 8.3 8.75 0.00199986
      vertex 8.5 8.752 0.00199986
      vertex 8.5 8.75 0.00199986
    endloop
  endfacet
  facet normal -0 0 -1
    outer loop
      vertex 8.5 8.752 0.00199986
      vertex 8.3 8.75 0.00199986
      vertex 8.3 8.752 0.00199986
    endloop
  endfacet
  facet normal 0 0 -1
    outer loop
      vertex 8.3 10.748 0.00199986
      vertex 8.5 11.248 0.00199986
      vertex 8.5 10.748 0.00199986
    endloop
  endfacet
  facet normal 0 0 -1
    outer loop
      vertex 8.3 8.75 0.00199986
      vertex 7.8 10.6 0.00199986
      vertex 8.3 8.752 0.00199986
    endloop
  endfacet
  facet normal 0 0 -1
    outer loop
      vertex 8 11.248 0.00199986
      vertex 8.3 10.748 0.00199986
      vertex 8 10.75 0.00199986
    endloop
  endfacet
  facet normal 0 0 -1
    outer loop
      vertex 8.3 10.748 0.00199986
      vertex 8 11.248 0.00199986
      vertex 8.5 11.248 0.00199986
    endloop
  endfacet
  facet normal 0 0 -1
    outer loop
      vertex 5.8 5.748 0.00199986
      vertex 6 6.248 0.00199986
      vertex 6 5.748 0.00199986
    endloop
  endfacet
  facet normal 0 0 -1
    outer loop
      vertex 5.8 5.748 0.00199986
      vertex 5.5 6.248 0.00199986
      vertex 6 6.248 0.00199986
    endloop
  endfacet
  facet normal 0 0 -1
    outer loop
      vertex 5.8 3.752 0.00199986
      vertex 5.5 6.248 0.00199986
      vertex 5.8 5.748 0.00199986
    endloop
  endfacet
  facet normal 0 0 -1
    outer loop
      vertex 8 5.95 0.00199986
      vertex 8.5 5.75 0.00199986
      vertex 8 5.75 0.00199986
    endloop
  endfacet
  facet normal 0 0 -1
    outer loop
      vertex 8.5 5.75 0.00199986
      vertex 8 5.95 0.00199986
      vertex 8.5 6.252 0.00199986
    endloop
  endfacet
  facet normal 0 0 -1
    outer loop
      vertex 8 5.95 0.00199986
      vertex 8 6.252 0.00199986
      vertex 8.5 6.252 0.00199986
    endloop
  endfacet
  facet normal 0 0 -1
    outer loop
      vertex 7.8 6.4 0.00199986
      vertex 8 6.252 0.00199986
      vertex 8 5.95 0.00199986
    endloop
  endfacet
  facet normal 0 0 -1
    outer loop
      vertex 8 6.252 0.00199986
      vertex 7.8 6.4 0.00199986
      vertex 8 6.254 0.00199986
    endloop
  endfacet
  facet normal 0 0 -1
    outer loop
      vertex 8.3 8.752 0.00199986
      vertex 7.8 10.6 0.00199986
      vertex 8.3 10.748 0.00199986
    endloop
  endfacet
  facet normal -0 0 -1
    outer loop
      vertex 8 10.75 0.00199986
      vertex 7.8 10.6 0.00199986
      vertex 7.996 10.75 0.00199986
    endloop
  endfacet
  facet normal -0 0 -1
    outer loop
      vertex 8.3 10.748 0.00199986
      vertex 7.8 10.6 0.00199986
      vertex 8 10.75 0.00199986
    endloop
  endfacet
  facet normal 0 0 -1
    outer loop
      vertex 6.002 5.95 0.00199986
      vertex 7.8 6.4 0.00199986
      vertex 8 5.95 0.00199986
    endloop
  endfacet
  facet normal 0 0 -1
    outer loop
      vertex 6.002 6.252 0.00199986
      vertex 7.8 6.4 0.00199986
      vertex 6.002 5.95 0.00199986
    endloop
  endfacet
  facet normal 0 0 -1
    outer loop
      vertex 5.4 6.4 0.00199986
      vertex 6.002 6.252 0.00199986
      vertex 5.5 6.252 0.00199986
    endloop
  endfacet
  facet normal 0 0 -1
    outer loop
      vertex 6.002 6.252 0.00199986
      vertex 5.4 6.4 0.00199986
      vertex 7.8 6.4 0.00199986
    endloop
  endfacet
  facet normal 0 0 -1
    outer loop
      vertex 5.5 6.248 0.00199986
      vertex 5.4 6.4 0.00199986
      vertex 5.5 6.252 0.00199986
    endloop
  endfacet
  facet normal -0 0 -1
    outer loop
      vertex 7.996 10.75 0.00199986
      vertex 7.8 10.6 0.00199986
      vertex 7.996 11.052 0.00199986
    endloop
  endfacet
  facet normal 0 0 -1
    outer loop
      vertex 7.8 10.6 0.00199986
      vertex 6 11.052 0.00199986
      vertex 7.996 11.052 0.00199986
    endloop
  endfacet
  facet normal 0 0 -1
    outer loop
      vertex 6 11.052 0.00199986
      vertex 5.502 11.252 0.00199986
      vertex 6 11.252 0.00199986
    endloop
  endfacet
  facet normal -0 0 -1
    outer loop
      vertex 6 11.052 0.00199986
      vertex 5.5 10.752 0.00199986
      vertex 5.502 11.252 0.00199986
    endloop
  endfacet
  facet normal 0 0 -1
    outer loop
      vertex 5.5 10.752 0.00199986
      vertex 6 11.052 0.00199986
      vertex 5.5 10.75 0.00199986
    endloop
  endfacet
  facet normal 0 0 -1
    outer loop
      vertex 7.8 10.6 0.00199986
      vertex 5.5 10.75 0.00199986
      vertex 6 11.052 0.00199986
    endloop
  endfacet
  facet normal 0 0 -1
    outer loop
      vertex 1.2 10.6 0.00199986
      vertex 5.5 10.75 0.00199986
      vertex 7.8 10.6 0.00199986
    endloop
  endfacet
  facet normal 0 0 -1
    outer loop
      vertex 1.2 10.6 0.00199986
      vertex 3.002 10.752 0.00199986
      vertex 3.002 10.75 0.00199986
    endloop
  endfacet
  facet normal 0 0 -1
    outer loop
      vertex 3.002 10.752 0.00199986
      vertex 3 11.052 0.00199986
      vertex 3.002 11.052 0.00199986
    endloop
  endfacet
  facet normal -0 0 -1
    outer loop
      vertex 5.5 10.75 0.00199986
      vertex 1.2 10.6 0.00199986
      vertex 3.002 10.75 0.00199986
    endloop
  endfacet
  facet normal -0 0 -1
    outer loop
      vertex 3.002 10.752 0.00199986
      vertex 1.2 10.6 0.00199986
      vertex 3 11.052 0.00199986
    endloop
  endfacet
  facet normal 0 0 -1
    outer loop
      vertex 1 1.252 0.00199986
      vertex 1.2 1.4 0.00199986
      vertex 1.002 1.252 0.00199986
    endloop
  endfacet
  facet normal 0 0 -1
    outer loop
      vertex 1.2 10.6 0.00199986
      vertex 1.002 11.052 0.00199986
      vertex 3 11.052 0.00199986
    endloop
  endfacet
  facet normal 0 0 -1
    outer loop
      vertex 1.2 1.4 0.00199986
      vertex 1 5.748 0.00199986
      vertex 1.2 10.6 0.00199986
    endloop
  endfacet
  facet normal 0 0 -1
    outer loop
      vertex 1 5.75 0.00199986
      vertex 1.2 10.6 0.00199986
      vertex 1 5.748 0.00199986
    endloop
  endfacet
  facet normal 0 0 -1
    outer loop
      vertex 0.699997 1.254 0.00199986
      vertex 1.2 1.4 0.00199986
      vertex 1 1.252 0.00199986
    endloop
  endfacet
  facet normal 0 0 -1
    outer loop
      vertex 1 8.248 0.00199986
      vertex 1.2 10.6 0.00199986
      vertex 1 5.75 0.00199986
    endloop
  endfacet
  facet normal 0 0 -1
    outer loop
      vertex 1 8.254 0.00199986
      vertex 1.2 10.6 0.00199986
      vertex 1 8.248 0.00199986
    endloop
  endfacet
  facet normal 0 0 -1
    outer loop
      vertex 0.699997 8.754 0.00199986
      vertex 1.2 10.6 0.00199986
      vertex 1 8.254 0.00199986
    endloop
  endfacet
  facet normal 0 0 -1
    outer loop
      vertex 0.699997 10.75 0.00199986
      vertex 1.2 10.6 0.00199986
      vertex 0.699997 8.754 0.00199986
    endloop
  endfacet
  facet normal 0 0 -1
    outer loop
      vertex 0.699997 10.752 0.00199986
      vertex 1.2 10.6 0.00199986
      vertex 0.699997 10.75 0.00199986
    endloop
  endfacet
  facet normal 0 0 -1
    outer loop
      vertex 0.699997 10.754 0.00199986
      vertex 1.2 10.6 0.00199986
      vertex 0.699997 10.752 0.00199986
    endloop
  endfacet
  facet normal 0 0 -1
    outer loop
      vertex 1.2 10.6 0.00199986
      vertex 0.699997 10.754 0.00199986
      vertex 1.002 11.052 0.00199986
    endloop
  endfacet
  facet normal 0 0 -1
    outer loop
      vertex 0.501999 11.252 0.00199986
      vertex 1.002 11.052 0.00199986
      vertex 0.699997 10.754 0.00199986
    endloop
  endfacet
  facet normal 0 0 -1
    outer loop
      vertex 0.501999 11.252 0.00199986
      vertex 0.699997 10.754 0.00199986
      vertex 0.501999 10.754 0.00199986
    endloop
  endfacet
  facet normal 0 0 -1
    outer loop
      vertex 1.002 11.052 0.00199986
      vertex 0.501999 11.252 0.00199986
      vertex 1.002 11.252 0.00199986
    endloop
  endfacet
  facet normal 0 0 -1
    outer loop
      vertex 4.85 11.2 0.00199986
      vertex 5.502 11.252 0.00199986
      vertex 5.5 10.752 0.00199986
    endloop
  endfacet
  facet normal -0 0 -1
    outer loop
      vertex 5.502 11.252 0.00199986
      vertex 4.85 11.2 0.00199986
      vertex 4.85 11.55 0.00199986
    endloop
  endfacet
  facet normal 0 0 -1
    outer loop
      vertex 5.502 11.252 0.00199986
      vertex 4.85 11.55 0.00199986
      vertex 5.502 12.25 0.00199986
    endloop
  endfacet
  facet normal 0 0 -1
    outer loop
      vertex 4.15 11.55 0.00199986
      vertex 5.502 12.25 0.00199986
      vertex 4.85 11.55 0.00199986
    endloop
  endfacet
  facet normal 0 0 -1
    outer loop
      vertex 3.502 12.25 0.00199986
      vertex 4.15 11.55 0.00199986
      vertex 3.502 11.252 0.00199986
    endloop
  endfacet
  facet normal 0 0 -1
    outer loop
      vertex 4.15 11.55 0.00199986
      vertex 3.502 12.25 0.00199986
      vertex 5.502 12.25 0.00199986
    endloop
  endfacet
  facet normal 0 0 -1
    outer loop
      vertex 5.5 10.752 0.00199986
      vertex 4.15 11.2 0.00199986
      vertex 4.85 11.2 0.00199986
    endloop
  endfacet
  facet normal 0 0 -1
    outer loop
      vertex 4.15 11.2 0.00199986
      vertex 3.502 11.252 0.00199986
      vertex 4.15 11.55 0.00199986
    endloop
  endfacet
  facet normal 0 0 -1
    outer loop
      vertex 3.002 10.752 0.00199986
      vertex 4.15 11.2 0.00199986
      vertex 5.5 10.752 0.00199986
    endloop
  endfacet
  facet normal -0 0 -1
    outer loop
      vertex 4.15 11.2 0.00199986
      vertex 3.002 10.752 0.00199986
      vertex 3.502 11.252 0.00199986
    endloop
  endfacet
  facet normal 0 0 -1
    outer loop
      vertex 3.002 11.052 0.00199986
      vertex 3.502 11.252 0.00199986
      vertex 3.002 10.752 0.00199986
    endloop
  endfacet
  facet normal -0 0 -1
    outer loop
      vertex 3.502 11.252 0.00199986
      vertex 3.002 11.052 0.00199986
      vertex 3.002 11.252 0.00199986
    endloop
  endfacet
  facet normal 0 0 -1
    outer loop
      vertex 0.501999 10.75 0.00199986
      vertex 0.699997 10.752 0.00199986
      vertex 0.699997 10.75 0.00199986
    endloop
  endfacet
  facet normal -0 0 -1
    outer loop
      vertex 0.699997 10.752 0.00199986
      vertex 0.501999 10.75 0.00199986
      vertex 0.501999 10.752 0.00199986
    endloop
  endfacet
  facet normal 0 0 -1
    outer loop
      vertex 0.5 8.254 0.00199986
      vertex 0.699997 8.754 0.00199986
      vertex 1 8.254 0.00199986
    endloop
  endfacet
  facet normal -0 0 -1
    outer loop
      vertex 0.699997 8.754 0.00199986
      vertex 0.5 8.254 0.00199986
      vertex 0.5 8.754 0.00199986
    endloop
  endfacet
  facet normal 0 0 -1
    outer loop
      vertex 0.5 3.254 0.00199986
      vertex 0.699997 3.752 0.00199986
      vertex 0.699997 3.254 0.00199986
    endloop
  endfacet
  facet normal -0 0 -1
    outer loop
      vertex 0.699997 3.752 0.00199986
      vertex 0.5 3.254 0.00199986
      vertex 0.5 3.752 0.00199986
    endloop
  endfacet
  facet normal 0 0 -1
    outer loop
      vertex 0.5 3.25 0.00199986
      vertex 0.699997 3.252 0.00199986
      vertex 0.699997 3.25 0.00199986
    endloop
  endfacet
  facet normal -0 0 -1
    outer loop
      vertex 0.699997 3.252 0.00199986
      vertex 0.5 3.25 0.00199986
      vertex 0.5 3.252 0.00199986
    endloop
  endfacet
  facet normal 0 0 -1
    outer loop
      vertex 1 5.75 0.00199986
      vertex 0.699997 6.252 0.00199986
      vertex 1 8.248 0.00199986
    endloop
  endfacet
  facet normal 0 0 -1
    outer loop
      vertex 0.5 5.75 0.00199986
      vertex 0.699997 6.252 0.00199986
      vertex 1 5.75 0.00199986
    endloop
  endfacet
  facet normal -0 0 -1
    outer loop
      vertex 0.699997 6.252 0.00199986
      vertex 0.5 5.75 0.00199986
      vertex 0.5 6.252 0.00199986
    endloop
  endfacet
  facet normal 0 0 -1
    outer loop
      vertex 0.699997 1.254 0.00199986
      vertex 1 1.252 0.00199986
      vertex 1 0.753998 0.00199986
    endloop
  endfacet
  facet normal -0 0 -1
    outer loop
      vertex 1.2 1.4 0.00199986
      vertex 0.699997 1.254 0.00199986
      vertex 0.699997 3.25 0.00199986
    endloop
  endfacet
  facet normal 0 0 -1
    outer loop
      vertex 0.5 0.753998 0.00199986
      vertex 0.699997 1.254 0.00199986
      vertex 1 0.753998 0.00199986
    endloop
  endfacet
  facet normal -0 0 -1
    outer loop
      vertex 0.699997 1.254 0.00199986
      vertex 0.5 0.753998 0.00199986
      vertex 0.5 1.254 0.00199986
    endloop
  endfacet
  facet normal 0 0 -1
    outer loop
      vertex 1.2 1.4 0.00199986
      vertex 0.699997 3.25 0.00199986
      vertex 0.699997 3.252 0.00199986
    endloop
  endfacet
  facet normal 0 0 -1
    outer loop
      vertex 1.2 1.4 0.00199986
      vertex 0.699997 3.252 0.00199986
      vertex 0.699997 3.254 0.00199986
    endloop
  endfacet
  facet normal 0 0 -1
    outer loop
      vertex 0.699997 3.752 0.00199986
      vertex 1.2 1.4 0.00199986
      vertex 0.699997 3.254 0.00199986
    endloop
  endfacet
  facet normal 0 0 -1
    outer loop
      vertex 1.2 1.4 0.00199986
      vertex 0.699997 3.752 0.00199986
      vertex 1 5.748 0.00199986
    endloop
  endfacet
  facet normal -0 0 -1
    outer loop
      vertex 1 5.748 0.00199986
      vertex 0.699997 3.752 0.00199986
      vertex 0.699997 5.748 0.00199986
    endloop
  endfacet
  facet normal -0 0 -1
    outer loop
      vertex 1 8.248 0.00199986
      vertex 0.699997 6.252 0.00199986
      vertex 0.699997 8.248 0.00199986
    endloop
  endfacet
  facet normal 0 1 -0
    outer loop
      vertex 0.699997 6.252 0.599999
      vertex 0.5 6.252 3.504
      vertex 0.699997 6.252 3.504
    endloop
  endfacet
  facet normal 0 1 0
    outer loop
      vertex 0.5 6.252 3.504
      vertex 0.699997 6.252 0.599999
      vertex 0.5 6.252 0.599999
    endloop
  endfacet
  facet normal 0 -1 0
    outer loop
      vertex 0.5 6.252 0
      vertex 0.699997 6.252 0.00199986
      vertex 0.5 6.252 0.00199986
    endloop
  endfacet
  facet normal 0 -1 -0
    outer loop
      vertex 0.699997 6.252 0.00199986
      vertex 0.5 6.252 0
      vertex 0.699997 6.252 0
    endloop
  endfacet
  facet normal 0 1 -0
    outer loop
      vertex 7.1 6.252 1.752
      vertex 6.9 6.252 3.002
      vertex 7.1 6.252 3.002
    endloop
  endfacet
  facet normal 0 1 0
    outer loop
      vertex 6.9 6.252 3.002
      vertex 7.1 6.252 1.752
      vertex 6.9 6.252 1.752
    endloop
  endfacet
  facet normal 0 1 0
    outer loop
      vertex 7.1 6.252 3.002
      vertex 8.5 6.252 3.504
      vertex 7.486 6.252 3.002
    endloop
  endfacet
  facet normal 0 1 0
    outer loop
      vertex 8.5 6.252 3.504
      vertex 7.486 6.252 1.752
      vertex 7.486 6.252 3.002
    endloop
  endfacet
  facet normal 0 1 0
    outer loop
      vertex 8 6.252 0.202
      vertex 7.1 6.252 1.752
      vertex 7.486 6.252 1.752
    endloop
  endfacet
  facet normal 0 1 0
    outer loop
      vertex 7.1 6.252 1.752
      vertex 8 6.252 0.202
      vertex 6.9 6.252 1.752
    endloop
  endfacet
  facet normal 0 1 0
    outer loop
      vertex 6.002 6.252 0.202
      vertex 6.9 6.252 1.752
      vertex 8 6.252 0.202
    endloop
  endfacet
  facet normal 0 1 -0
    outer loop
      vertex 8.5 6.252 0.00199986
      vertex 7.486 6.252 1.752
      vertex 8.5 6.252 3.504
    endloop
  endfacet
  facet normal 0 1 0
    outer loop
      vertex 7.486 6.252 1.752
      vertex 8.5 6.252 0.00199986
      vertex 8 6.252 0.202
    endloop
  endfacet
  facet normal 0 1 0
    outer loop
      vertex 8 6.252 0.202
      vertex 8.5 6.252 0.00199986
      vertex 8 6.252 0.00199986
    endloop
  endfacet
  facet normal 0 1 0
    outer loop
      vertex 8.5 6.252 3.504
      vertex 7.1 6.252 3.002
      vertex 6.002 6.252 3.504
    endloop
  endfacet
  facet normal 0 1 -0
    outer loop
      vertex 6.9 6.252 3.002
      vertex 6.002 6.252 3.504
      vertex 7.1 6.252 3.002
    endloop
  endfacet
  facet normal 0 1 -0
    outer loop
      vertex 6.512 6.252 3.002
      vertex 6.002 6.252 3.504
      vertex 6.9 6.252 3.002
    endloop
  endfacet
  facet normal 0 1 -0
    outer loop
      vertex 6.512 6.252 1.752
      vertex 6.002 6.252 3.504
      vertex 6.512 6.252 3.002
    endloop
  endfacet
  facet normal 0 1 0
    outer loop
      vertex 6.512 6.252 1.752
      vertex 6.002 6.252 0.202
      vertex 6.002 6.252 3.504
    endloop
  endfacet
  facet normal 0 1 0
    outer loop
      vertex 6.9 6.252 1.752
      vertex 6.002 6.252 0.202
      vertex 6.512 6.252 1.752
    endloop
  endfacet
  facet normal 0 -1 0
    outer loop
      vertex 5.5 6.252 0.00199986
      vertex 6.002 6.252 0.202
      vertex 5.5 6.252 0.202
    endloop
  endfacet
  facet normal 0 -1 -0
    outer loop
      vertex 6.002 6.252 0.202
      vertex 5.5 6.252 0.00199986
      vertex 6.002 6.252 0.00199986
    endloop
  endfacet
  facet normal -1 0 0
    outer loop
      vertex 0.5 8.254 0.00199986
      vertex 0.5 8.754 2.896
      vertex 0.5 8.754 0.00199986
    endloop
  endfacet
  facet normal -1 0 0
    outer loop
      vertex 0.5 8.254 3.504
      vertex 0.5 8.754 2.896
      vertex 0.5 8.254 0.00199986
    endloop
  endfacet
  facet normal -1 0 0
    outer loop
      vertex 0.5 8.754 2.896
      vertex 0.5 8.254 3.504
      vertex 0.5 8.754 3.496
    endloop
  endfacet
  facet normal -1 0 0
    outer loop
      vertex 0.5 8.754 3.496
      vertex 0.5 8.254 3.504
      vertex 0.5 8.754 3.504
    endloop
  endfacet
  facet normal -1 0 0
    outer loop
      vertex 0.5 8.754 2.896
      vertex 0.5 10.754 0.599999
      vertex 0.5 10.754 0
    endloop
  endfacet
  facet normal -1 0 0
    outer loop
      vertex 0.5 10.754 0.599999
      vertex 0.5 8.754 2.896
      vertex 0.5 8.754 3.496
    endloop
  endfacet
  facet normal -1 0 0
    outer loop
      vertex 0.5 0.753998 0.00199986
      vertex 0.5 1.254 2.896
      vertex 0.5 1.254 0.00199986
    endloop
  endfacet
  facet normal -1 0 0
    outer loop
      vertex 0.5 0.753998 3.504
      vertex 0.5 1.254 2.896
      vertex 0.5 0.753998 0.00199986
    endloop
  endfacet
  facet normal -1 0 0
    outer loop
      vertex 0.5 1.254 2.896
      vertex 0.5 0.753998 3.504
      vertex 0.5 1.254 3.496
    endloop
  endfacet
  facet normal -1 0 0
    outer loop
      vertex 0.5 1.254 3.496
      vertex 0.5 0.753998 3.504
      vertex 0.5 1.254 3.504
    endloop
  endfacet
  facet normal -1 0 0
    outer loop
      vertex 0.5 3.252 0.00199986
      vertex 0.5 3.254 0.00199986
      vertex 0.5 3.254 0
    endloop
  endfacet
  facet normal -1 0 0
    outer loop
      vertex 0.5 3.25 0.00399971
      vertex 0.5 3.254 0.00199986
      vertex 0.5 3.252 0.00199986
    endloop
  endfacet
  facet normal -1 0 0
    outer loop
      vertex 0.5 3.25 0.00399971
      vertex 0.5 3.252 0.00199986
      vertex 0.5 3.25 0.00199986
    endloop
  endfacet
  facet normal -1 0 0
    outer loop
      vertex 0.5 3.254 0.00199986
      vertex 0.5 3.25 0.00399971
      vertex 0.5 3.254 0.599999
    endloop
  endfacet
  facet normal -1 0 0
    outer loop
      vertex 0.5 3.25 0.00399971
      vertex 0.5 3.25 0.604
      vertex 0.5 3.254 0.599999
    endloop
  endfacet
  facet normal -1 0 0
    outer loop
      vertex 0.5 1.254 2.896
      vertex 0.5 3.25 0.604
      vertex 0.5 3.25 0.00399971
    endloop
  endfacet
  facet normal -1 0 0
    outer loop
      vertex 0.5 3.25 0.604
      vertex 0.5 1.254 2.896
      vertex 0.5 1.254 3.496
    endloop
  endfacet
  facet normal -1 0 0
    outer loop
      vertex 0.5 3.752 0.00199986
      vertex 0.5 3.254 0.00199986
      vertex 0.5 3.254 0.599999
    endloop
  endfacet
  facet normal 1 0 0
    outer loop
      vertex 0.5 3.752 0.00199986
      vertex 0.5 3.254 0.599999
      vertex 0.5 3.25 0.604
    endloop
  endfacet
  facet normal -1 0 0
    outer loop
      vertex 0.5 3.25 0.604
      vertex 0.5 3.752 1.154
      vertex 0.5 3.752 0.00199986
    endloop
  endfacet
  facet normal -1 -0 0
    outer loop
      vertex 0.5 3.752 1.154
      vertex 0.5 3.25 0.604
      vertex 0.5 3.752 1.502
    endloop
  endfacet
  facet normal -1 -0 0
    outer loop
      vertex 0.5 3.752 1.502
      vertex 0.5 3.25 0.604
      vertex 0.5 3.752 1.752
    endloop
  endfacet
  facet normal -1 0 0
    outer loop
      vertex 0.5 3.25 3.504
      vertex 0.5 3.752 1.752
      vertex 0.5 3.25 0.604
    endloop
  endfacet
  facet normal -1 0 0
    outer loop
      vertex 0.5 3.752 1.752
      vertex 0.5 3.25 3.504
      vertex 0.5 3.752 3.002
    endloop
  endfacet
  facet normal -1 0 0
    outer loop
      vertex 0.5 3.752 3.002
      vertex 0.5 3.25 3.504
      vertex 0.5 3.752 3.254
    endloop
  endfacet
  facet normal -1 0 0
    outer loop
      vertex 0.5 3.752 3.254
      vertex 0.5 3.25 3.504
      vertex 0.5 3.752 3.504
    endloop
  endfacet
  facet normal -1 0 0
    outer loop
      vertex 0.5 3.752 1.154
      vertex 0.5 5.748 0.352
      vertex 0.5 5.748 0.00199986
    endloop
  endfacet
  facet normal -1 0 0
    outer loop
      vertex 0.5 5.748 0.352
      vertex 0.5 3.752 1.154
      vertex 0.5 3.752 1.502
    endloop
  endfacet
  facet normal -1 0 0
    outer loop
      vertex 0.5 3.752 1.502
      vertex 0.5 5.748 1.752
      vertex 0.5 5.748 1.502
    endloop
  endfacet
  facet normal -1 -0 0
    outer loop
      vertex 0.5 5.748 1.752
      vertex 0.5 3.752 1.502
      vertex 0.5 3.752 1.752
    endloop
  endfacet
  facet normal -1 0 0
    outer loop
      vertex 0.5 3.752 3.002
      vertex 0.5 5.748 3.254
      vertex 0.5 5.748 3.002
    endloop
  endfacet
  facet normal -1 -0 0
    outer loop
      vertex 0.5 5.748 3.254
      vertex 0.5 3.752 3.002
      vertex 0.5 3.752 3.254
    endloop
  endfacet
  facet normal -1 0 0
    outer loop
      vertex 0.5 6.252 0.00199986
      vertex 0.5 8.246 2.896
      vertex 0.5 6.252 0
    endloop
  endfacet
  facet normal -1 0 0
    outer loop
      vertex 0.5 6.252 0.599999
      vertex 0.5 8.246 2.896
      vertex 0.5 6.252 0.00199986
    endloop
  endfacet
  facet normal -1 -0 0
    outer loop
      vertex 0.5 8.246 2.896
      vertex 0.5 6.252 0.599999
      vertex 0.5 8.246 3.496
    endloop
  endfacet
  facet normal -1 0 0
    outer loop
      vertex 0.5 5.75 0.00199986
      vertex 0.5 6.252 0.599999
      vertex 0.5 6.252 0.00199986
    endloop
  endfacet
  facet normal -1 0 0
    outer loop
      vertex 0.5 5.75 3.504
      vertex 0.5 6.252 0.599999
      vertex 0.5 5.75 0.00199986
    endloop
  endfacet
  facet normal -1 0 0
    outer loop
      vertex 0.5 6.252 0.599999
      vertex 0.5 5.75 3.504
      vertex 0.5 6.252 3.504
    endloop
  endfacet
  facet normal 0 -1 0
    outer loop
      vertex 0.5 5.75 3.504
      vertex 1 5.75 0.202
      vertex 1 5.75 3.504
    endloop
  endfacet
  facet normal 0 -1 0
    outer loop
      vertex 0.5 5.75 0.00199986
      vertex 1 5.75 0.202
      vertex 0.5 5.75 3.504
    endloop
  endfacet
  facet normal 0 -1 -0
    outer loop
      vertex 1 5.75 0.202
      vertex 0.5 5.75 0.00199986
      vertex 1 5.75 0.00199986
    endloop
  endfacet
  facet normal 0 -1 0
    outer loop
      vertex 6.002 5.75 1.752
      vertex 6.002 5.75 1.502
      vertex 8 5.75 1.752
    endloop
  endfacet
  facet normal 0 -1 0
    outer loop
      vertex 8 5.75 1.752
      vertex 8.5 5.75 3.504
      vertex 8 5.75 3.504
    endloop
  endfacet
  facet normal 0 -1 0
    outer loop
      vertex 8 5.75 1.502
      vertex 8 5.75 1.752
      vertex 6.002 5.75 1.502
    endloop
  endfacet
  facet normal 0 -1 0
    outer loop
      vertex 8.5 5.75 0.00199986
      vertex 8 5.75 1.752
      vertex 8 5.75 1.502
    endloop
  endfacet
  facet normal 0 -1 0
    outer loop
      vertex 8.5 5.75 0.00199986
      vertex 8 5.75 1.502
      vertex 8 5.75 1.154
    endloop
  endfacet
  facet normal 0 -1 0
    outer loop
      vertex 8.5 5.75 0.00199986
      vertex 8 5.75 1.154
      vertex 8 5.75 0.00199986
    endloop
  endfacet
  facet normal 0 -1 0
    outer loop
      vertex 8 5.75 1.752
      vertex 8.5 5.75 0.00199986
      vertex 8.5 5.75 3.504
    endloop
  endfacet
  facet normal 0 -1 0
    outer loop
      vertex 6.002 5.75 0.352
      vertex 8 5.75 1.154
      vertex 8 5.75 1.502
    endloop
  endfacet
  facet normal 0 -1 0
    outer loop
      vertex 8 5.75 1.154
      vertex 6.002 5.75 0.352
      vertex 6.002 5.75 0.00199986
    endloop
  endfacet
  facet normal 0 0.823643 -0.567108
    outer loop
      vertex 0.5 8.246 2.896
      vertex 0.699997 8.246 2.896
      vertex 0.5 6.252 0
    endloop
  endfacet
  facet normal 0 1 0
    outer loop
      vertex 0.699997 6.252 0.00199986
      vertex 0.699997 6.252 0
      vertex 0.5 6.252 0
    endloop
  endfacet
  facet normal 0.00567547 0.8233 -0.567578
    outer loop
      vertex 0.699997 7.344 1.586
      vertex 0.699997 6.252 0.00199986
      vertex 0.5 6.252 0
    endloop
  endfacet
  facet normal 0.000163473 0.823638 -0.567116
    outer loop
      vertex 0.699997 8.246 2.896
      vertex 0.699997 7.344 1.586
      vertex 0.5 6.252 0
    endloop
  endfacet
  facet normal 1 0 -0
    outer loop
      vertex 0.699997 10.754 0
      vertex 0.699997 10.754 0.00199986
      vertex 0.699997 10.752 0.00199986
    endloop
  endfacet
  facet normal 1 0 -0
    outer loop
      vertex 0.699997 3.254 0
      vertex 0.699997 3.254 0.00199986
      vertex 0.699997 3.252 0.00199986
    endloop
  endfacet
  facet normal -1 0 0
    outer loop
      vertex 0.699997 9.846 1.914
      vertex 0.699997 10.75 3.504
      vertex 0.699997 10.75 0.604
    endloop
  endfacet
  facet normal -1 0 0
    outer loop
      vertex 0.699997 8.754 3.496
      vertex 0.699997 10.75 3.504
      vertex 0.699997 9.846 1.914
    endloop
  endfacet
  facet normal -1 -0 0
    outer loop
      vertex 0.699997 10.75 3.504
      vertex 0.699997 8.754 3.496
      vertex 0.699997 8.754 3.504
    endloop
  endfacet
  facet normal -1 0 0
    outer loop
      vertex 0.699997 5.442 1.752
      vertex 0.699997 5.748 3.002
      vertex 0.699997 5.748 1.752
    endloop
  endfacet
  facet normal -1 -0 0
    outer loop
      vertex 0.699997 5.748 3.002
      vertex 0.699997 5.442 1.752
      vertex 0.699997 5.442 3.002
    endloop
  endfacet
  facet normal -1 0 0
    outer loop
      vertex 0.699997 1.254 0.00199986
      vertex 0.699997 3.25 0.00399971
      vertex 0.699997 3.25 0.00199986
    endloop
  endfacet
  facet normal -1 -0 0
    outer loop
      vertex 0.699997 3.25 0.00399971
      vertex 0.699997 1.254 0.00199986
      vertex 0.699997 2.158 1.586
    endloop
  endfacet
  facet normal -1 -0 0
    outer loop
      vertex 0.699997 2.158 1.586
      vertex 0.699997 1.254 0.00199986
      vertex 0.699997 1.254 2.896
    endloop
  endfacet
  facet normal -1 0 0
    outer loop
      vertex 0.699997 3.752 1.154
      vertex 0.699997 5.748 0.00199986
      vertex 0.699997 3.752 0.00199986
    endloop
  endfacet
  facet normal -1 0 0
    outer loop
      vertex 0.699997 2.346 1.914
      vertex 0.699997 3.25 3.504
      vertex 0.699997 3.25 0.604
    endloop
  endfacet
  facet normal -1 0 0
    outer loop
      vertex 0.699997 1.254 3.496
      vertex 0.699997 3.25 3.504
      vertex 0.699997 2.346 1.914
    endloop
  endfacet
  facet normal -1 -0 0
    outer loop
      vertex 0.699997 3.25 3.504
      vertex 0.699997 1.254 3.496
      vertex 0.699997 1.254 3.504
    endloop
  endfacet
  facet normal -1 0 0
    outer loop
      vertex 0.699997 8.248 0.00199986
      vertex 0.699997 8.246 2.896
      vertex 0.699997 8.248 3.504
    endloop
  endfacet
  facet normal -1 0 0
    outer loop
      vertex 0.699997 8.248 0.00199986
      vertex 0.699997 7.344 1.586
      vertex 0.699997 8.246 2.896
    endloop
  endfacet
  facet normal -1 0 -0
    outer loop
      vertex 0.699997 7.344 1.586
      vertex 0.699997 8.248 0.00199986
      vertex 0.699997 6.252 0.00199986
    endloop
  endfacet
  facet normal -1 0 0
    outer loop
      vertex 0.699997 8.246 3.496
      vertex 0.699997 8.248 3.504
      vertex 0.699997 8.246 2.896
    endloop
  endfacet
  facet normal -1 0 0
    outer loop
      vertex 0.699997 6.252 3.504
      vertex 0.699997 8.246 3.496
      vertex 0.699997 7.156 1.914
    endloop
  endfacet
  facet normal -1 0 0
    outer loop
      vertex 0.699997 6.252 3.504
      vertex 0.699997 7.156 1.914
      vertex 0.699997 6.252 0.599999
    endloop
  endfacet
  facet normal -1 0 0
    outer loop
      vertex 0.699997 8.246 3.496
      vertex 0.699997 6.252 3.504
      vertex 0.699997 8.248 3.504
    endloop
  endfacet
  facet normal -1 0 0
    outer loop
      vertex 0.699997 8.754 0.00199986
      vertex 0.699997 10.75 0.00399971
      vertex 0.699997 10.75 0.00199986
    endloop
  endfacet
  facet normal -1 -0 0
    outer loop
      vertex 0.699997 10.75 0.00399971
      vertex 0.699997 8.754 0.00199986
      vertex 0.699997 9.658 1.586
    endloop
  endfacet
  facet normal -1 -0 0
    outer loop
      vertex 0.699997 9.658 1.586
      vertex 0.699997 8.754 0.00199986
      vertex 0.699997 8.754 2.896
    endloop
  endfacet
  facet normal -1 0 0
    outer loop
      vertex 0.699997 3.752 1.752
      vertex 0.699997 4.06 3.002
      vertex 0.699997 4.06 1.752
    endloop
  endfacet
  facet normal -1 -0 0
    outer loop
      vertex 0.699997 4.06 3.002
      vertex 0.699997 3.752 1.752
      vertex 0.699997 3.752 3.002
    endloop
  endfacet
  facet normal -1 0 0
    outer loop
      vertex 0.699997 3.752 3.254
      vertex 0.699997 5.748 3.504
      vertex 0.699997 5.748 3.254
    endloop
  endfacet
  facet normal -1 -0 0
    outer loop
      vertex 0.699997 5.748 3.504
      vertex 0.699997 3.752 3.254
      vertex 0.699997 3.752 3.504
    endloop
  endfacet
  facet normal -1 0 0
    outer loop
      vertex 0.699997 4.584 1.024
      vertex 0.699997 5.748 1.502
      vertex 0.699997 5.748 0.352
    endloop
  endfacet
  facet normal -1 -0 0
    outer loop
      vertex 0.699997 5.748 1.502
      vertex 0.699997 4.584 1.024
      vertex 0.699997 3.752 1.502
    endloop
  endfacet
  facet normal 0 1 -0
    outer loop
      vertex 0.699997 8.246 2.896
      vertex 0.5 8.246 3.496
      vertex 0.699997 8.246 3.496
    endloop
  endfacet
  facet normal 0 1 0
    outer loop
      vertex 0.5 8.246 3.496
      vertex 0.699997 8.246 2.896
      vertex 0.5 8.246 2.896
    endloop
  endfacet
  facet normal 0 -0.823643 0.567108
    outer loop
      vertex 0.699997 8.246 3.496
      vertex 0.5 8.246 3.496
      vertex 0.5 6.252 0.599999
    endloop
  endfacet
  facet normal 0 -0.823859 0.566795
    outer loop
      vertex 0.699997 6.252 0.599999
      vertex 0.699997 7.156 1.914
      vertex 0.5 6.252 0.599999
    endloop
  endfacet
  facet normal -0.00555159 -0.823452 0.567359
    outer loop
      vertex 0.699997 7.156 1.914
      vertex 0.699997 8.246 3.496
      vertex 0.5 6.252 0.599999
    endloop
  endfacet
  facet normal 0 1 -0
    outer loop
      vertex 0.699997 3.752 0.00199986
      vertex 0.5 3.752 1.154
      vertex 0.699997 3.752 1.154
    endloop
  endfacet
  facet normal 0 1 0
    outer loop
      vertex 0.5 3.752 1.154
      vertex 0.699997 3.752 0.00199986
      vertex 0.5 3.752 0.00199986
    endloop
  endfacet
  facet normal 0 1 -0
    outer loop
      vertex 0.699997 3.752 1.752
      vertex 0.5 3.752 3.002
      vertex 0.699997 3.752 3.002
    endloop
  endfacet
  facet normal 0 1 0
    outer loop
      vertex 0.5 3.752 3.002
      vertex 0.699997 3.752 1.752
      vertex 0.5 3.752 1.752
    endloop
  endfacet
  facet normal 0 1 -0
    outer loop
      vertex 6 3.752 0.00199986
      vertex 5.998 3.752 0.00399971
      vertex 6 3.752 0.00399971
    endloop
  endfacet
  facet normal 0 1 0
    outer loop
      vertex 5.8 3.752 0.00199986
      vertex 5.998 3.752 0.00399971
      vertex 6 3.752 0.00199986
    endloop
  endfacet
  facet normal 0 1 0
    outer loop
      vertex 5.998 3.752 0.00399971
      vertex 5.8 3.752 0.00199986
      vertex 5.8 3.752 0.00399971
    endloop
  endfacet
  facet normal 0 1 0
    outer loop
      vertex 5.914 3.752 0.604
      vertex 6 3.752 3.504
      vertex 6 3.752 0.604
    endloop
  endfacet
  facet normal 0 1 0
    outer loop
      vertex 6 3.752 3.504
      vertex 5.914 3.752 0.604
      vertex 5.8 3.752 3.504
    endloop
  endfacet
  facet normal 0 1 0
    outer loop
      vertex 5.8 3.752 3.504
      vertex 5.914 3.752 0.604
      vertex 5.8 3.752 0.604
    endloop
  endfacet
  facet normal 0 1 -0
    outer loop
      vertex 0.699997 3.752 3.254
      vertex 0.5 3.752 3.504
      vertex 0.699997 3.752 3.504
    endloop
  endfacet
  facet normal 0 1 0
    outer loop
      vertex 0.5 3.752 3.504
      vertex 0.699997 3.752 3.254
      vertex 0.5 3.752 3.254
    endloop
  endfacet
  facet normal 0 -1 0
    outer loop
      vertex 5.914 3.25 0.599999
      vertex 5.8 3.25 3.504
      vertex 5.8 3.25 0.599999
    endloop
  endfacet
  facet normal 0 -1 0
    outer loop
      vertex 5.8 3.25 3.504
      vertex 5.914 3.25 0.599999
      vertex 6 3.25 3.504
    endloop
  endfacet
  facet normal 0 -1 -0
    outer loop
      vertex 6 3.25 3.504
      vertex 5.914 3.25 0.599999
      vertex 6 3.25 0.599999
    endloop
  endfacet
  facet normal 0 1 -0
    outer loop
      vertex 6 3.25 0
      vertex 5.8 3.25 0.00199986
      vertex 6 3.25 0.00199986
    endloop
  endfacet
  facet normal 0 1 0
    outer loop
      vertex 5.8 3.25 0.00199986
      vertex 6 3.25 0
      vertex 5.8 3.25 0
    endloop
  endfacet
  facet normal 0 -1 0
    outer loop
      vertex 0.5 3.25 0.00199986
      vertex 0.699997 3.25 0.00399971
      vertex 0.5 3.25 0.00399971
    endloop
  endfacet
  facet normal 0 -1 -0
    outer loop
      vertex 0.699997 3.25 0.00399971
      vertex 0.5 3.25 0.00199986
      vertex 0.699997 3.25 0.00199986
    endloop
  endfacet
  facet normal 0 -1 0
    outer loop
      vertex 0.5 3.25 0.604
      vertex 0.699997 3.25 3.504
      vertex 0.5 3.25 3.504
    endloop
  endfacet
  facet normal 0 -1 -0
    outer loop
      vertex 0.699997 3.25 3.504
      vertex 0.5 3.25 0.604
      vertex 0.699997 3.25 0.604
    endloop
  endfacet
  facet normal 0 0 1
    outer loop
      vertex 0.699997 5.748 1.752
      vertex 0.599998 5.442 1.752
      vertex 0.699997 5.442 1.752
    endloop
  endfacet
  facet normal 0 0 1
    outer loop
      vertex 0.5 5.748 1.752
      vertex 0.599998 5.238 1.752
      vertex 0.599998 5.442 1.752
    endloop
  endfacet
  facet normal 0 0 1
    outer loop
      vertex 0.599998 5.238 1.752
      vertex 0.5 5.748 1.752
      vertex 0.599998 4.264 1.752
    endloop
  endfacet
  facet normal 0 0 1
    outer loop
      vertex 0.5 3.752 1.752
      vertex 0.599998 4.264 1.752
      vertex 0.5 5.748 1.752
    endloop
  endfacet
  facet normal -0 0 1
    outer loop
      vertex 0.5 5.748 1.752
      vertex 0.599998 5.442 1.752
      vertex 0.699997 5.748 1.752
    endloop
  endfacet
  facet normal 0 0 1
    outer loop
      vertex 1 5.238 1.752
      vertex 0.849998 4.852 1.752
      vertex 1 4.852 1.752
    endloop
  endfacet
  facet normal 0 0 1
    outer loop
      vertex 0.849998 4.852 1.752
      vertex 0.599998 5.238 1.752
      vertex 0.849998 4.65 1.752
    endloop
  endfacet
  facet normal -0 0 1
    outer loop
      vertex 0.599998 5.238 1.752
      vertex 0.849998 4.852 1.752
      vertex 1 5.238 1.752
    endloop
  endfacet
  facet normal -0 0 1
    outer loop
      vertex 0.849998 4.65 1.752
      vertex 1 4.264 1.752
      vertex 1 4.65 1.752
    endloop
  endfacet
  facet normal 0 0 1
    outer loop
      vertex 0.599998 4.264 1.752
      vertex 0.849998 4.65 1.752
      vertex 0.599998 5.238 1.752
    endloop
  endfacet
  facet normal 0 0 1
    outer loop
      vertex 0.849998 4.65 1.752
      vertex 0.599998 4.264 1.752
      vertex 1 4.264 1.752
    endloop
  endfacet
  facet normal -0 0 1
    outer loop
      vertex 0.599998 4.06 1.752
      vertex 0.699997 3.752 1.752
      vertex 0.699997 4.06 1.752
    endloop
  endfacet
  facet normal 0 0 1
    outer loop
      vertex 0.599998 4.06 1.752
      vertex 0.5 3.752 1.752
      vertex 0.699997 3.752 1.752
    endloop
  endfacet
  facet normal 0 0 1
    outer loop
      vertex 0.599998 4.264 1.752
      vertex 0.5 3.752 1.752
      vertex 0.599998 4.06 1.752
    endloop
  endfacet
  facet normal 0 0 1
    outer loop
      vertex 1.308 0.949997 1.752
      vertex 1.002 0.949997 1.752
      vertex 1.308 0.849998 1.752
    endloop
  endfacet
  facet normal 0 0 1
    outer loop
      vertex 1.9 1.252 1.752
      vertex 1.512 1.252 1.752
      vertex 1.9 1.102 1.752
    endloop
  endfacet
  facet normal 0 0 1
    outer loop
      vertex 2.1 1.102 1.752
      vertex 2.486 1.252 1.752
      vertex 2.1 1.252 1.752
    endloop
  endfacet
  facet normal 0 0 1
    outer loop
      vertex 2.688 0.849998 1.752
      vertex 3 0.949997 1.752
      vertex 2.688 0.949997 1.752
    endloop
  endfacet
  facet normal 0 0 1
    outer loop
      vertex 3 0.949997 1.752
      vertex 2.688 0.849998 1.752
      vertex 3 0.75 1.752
    endloop
  endfacet
  facet normal -0 0 1
    outer loop
      vertex 2.486 0.849998 1.752
      vertex 3 0.75 1.752
      vertex 2.688 0.849998 1.752
    endloop
  endfacet
  facet normal 0 0 1
    outer loop
      vertex 2.486 1.252 1.752
      vertex 2.1 1.102 1.752
      vertex 2.486 0.849998 1.752
    endloop
  endfacet
  facet normal -0 0 1
    outer loop
      vertex 1.9 1.102 1.752
      vertex 2.486 0.849998 1.752
      vertex 2.1 1.102 1.752
    endloop
  endfacet
  facet normal 0 0 1
    outer loop
      vertex 1.512 0.849998 1.752
      vertex 1.9 1.102 1.752
      vertex 1.512 1.252 1.752
    endloop
  endfacet
  facet normal 0 0 1
    outer loop
      vertex 1.9 1.102 1.752
      vertex 1.512 0.849998 1.752
      vertex 2.486 0.849998 1.752
    endloop
  endfacet
  facet normal -0 0 1
    outer loop
      vertex 1.512 0.849998 1.752
      vertex 3 0.75 1.752
      vertex 2.486 0.849998 1.752
    endloop
  endfacet
  facet normal 0 0 1
    outer loop
      vertex 1.002 0.75 1.752
      vertex 1.512 0.849998 1.752
      vertex 1.308 0.849998 1.752
    endloop
  endfacet
  facet normal 0 0 1
    outer loop
      vertex 1.512 0.849998 1.752
      vertex 1.002 0.75 1.752
      vertex 3 0.75 1.752
    endloop
  endfacet
  facet normal 0 0 1
    outer loop
      vertex 1.002 0.75 1.752
      vertex 1.308 0.849998 1.752
      vertex 1.002 0.949997 1.752
    endloop
  endfacet
  facet normal 0 0 1
    outer loop
      vertex 6.308 5.95 1.752
      vertex 6.002 5.95 1.752
      vertex 6.308 5.85 1.752
    endloop
  endfacet
  facet normal 0 0 1
    outer loop
      vertex 6.9 6.252 1.752
      vertex 6.512 6.252 1.752
      vertex 6.9 6.102 1.752
    endloop
  endfacet
  facet normal 0 0 1
    outer loop
      vertex 7.1 6.102 1.752
      vertex 7.486 6.252 1.752
      vertex 7.1 6.252 1.752
    endloop
  endfacet
  facet normal 0 0 1
    outer loop
      vertex 7.688 5.85 1.752
      vertex 8 5.95 1.752
      vertex 7.688 5.95 1.752
    endloop
  endfacet
  facet normal 0 0 1
    outer loop
      vertex 8 5.95 1.752
      vertex 7.688 5.85 1.752
      vertex 8 5.75 1.752
    endloop
  endfacet
  facet normal -0 0 1
    outer loop
      vertex 7.486 5.85 1.752
      vertex 8 5.75 1.752
      vertex 7.688 5.85 1.752
    endloop
  endfacet
  facet normal 0 0 1
    outer loop
      vertex 7.486 6.252 1.752
      vertex 7.1 6.102 1.752
      vertex 7.486 5.85 1.752
    endloop
  endfacet
  facet normal -0 0 1
    outer loop
      vertex 6.9 6.102 1.752
      vertex 7.486 5.85 1.752
      vertex 7.1 6.102 1.752
    endloop
  endfacet
  facet normal 0 0 1
    outer loop
      vertex 6.512 5.85 1.752
      vertex 6.9 6.102 1.752
      vertex 6.512 6.252 1.752
    endloop
  endfacet
  facet normal 0 0 1
    outer loop
      vertex 6.9 6.102 1.752
      vertex 6.512 5.85 1.752
      vertex 7.486 5.85 1.752
    endloop
  endfacet
  facet normal -0 0 1
    outer loop
      vertex 6.512 5.85 1.752
      vertex 8 5.75 1.752
      vertex 7.486 5.85 1.752
    endloop
  endfacet
  facet normal 0 0 1
    outer loop
      vertex 6.002 5.75 1.752
      vertex 6.512 5.85 1.752
      vertex 6.308 5.85 1.752
    endloop
  endfacet
  facet normal 0 0 1
    outer loop
      vertex 6.512 5.85 1.752
      vertex 6.002 5.75 1.752
      vertex 8 5.75 1.752
    endloop
  endfacet
  facet normal 0 0 1
    outer loop
      vertex 6.002 5.75 1.752
      vertex 6.308 5.85 1.752
      vertex 6.002 5.95 1.752
    endloop
  endfacet
  facet normal 0 1 0
    outer loop
      vertex 1 5.748 3.504
      vertex 0.699997 5.748 3.254
      vertex 0.699997 5.748 3.504
    endloop
  endfacet
  facet normal 0 1 0
    outer loop
      vertex 0.699997 5.748 3.254
      vertex 0.699997 5.748 3.002
      vertex 0.5 5.748 3.254
    endloop
  endfacet
  facet normal 0 1 0
    outer loop
      vertex 1 5.748 3.504
      vertex 0.699997 5.748 3.002
      vertex 0.699997 5.748 3.254
    endloop
  endfacet
  facet normal 0 1 0
    outer loop
      vertex 1 5.748 3.504
      vertex 0.699997 5.748 1.752
      vertex 0.699997 5.748 3.002
    endloop
  endfacet
  facet normal 0 1 0
    outer loop
      vertex 0.699997 5.748 1.752
      vertex 0.699997 5.748 1.502
      vertex 0.5 5.748 1.752
    endloop
  endfacet
  facet normal 0 1 -0
    outer loop
      vertex 1 5.748 0.202
      vertex 0.699997 5.748 1.752
      vertex 1 5.748 3.504
    endloop
  endfacet
  facet normal 0 1 0
    outer loop
      vertex 0.699997 5.748 1.752
      vertex 1 5.748 0.202
      vertex 0.699997 5.748 1.502
    endloop
  endfacet
  facet normal 0 1 0
    outer loop
      vertex 0.699997 5.748 1.502
      vertex 1 5.748 0.202
      vertex 0.699997 5.748 0.352
    endloop
  endfacet
  facet normal 0 1 0
    outer loop
      vertex 0.699997 5.748 0.00199986
      vertex 0.699997 5.748 0.352
      vertex 1 5.748 0.202
    endloop
  endfacet
  facet normal 0 1 0
    outer loop
      vertex 0.699997 5.748 0.00199986
      vertex 1 5.748 0.202
      vertex 1 5.748 0.00199986
    endloop
  endfacet
  facet normal 0 1 0
    outer loop
      vertex 0.699997 5.748 0.352
      vertex 0.699997 5.748 0.00199986
      vertex 0.5 5.748 0.352
    endloop
  endfacet
  facet normal 0 1 0
    outer loop
      vertex 0.5 5.748 0.352
      vertex 0.699997 5.748 0.00199986
      vertex 0.5 5.748 0.00199986
    endloop
  endfacet
  facet normal 0 1 0
    outer loop
      vertex 0.5 5.748 3.254
      vertex 0.699997 5.748 3.002
      vertex 0.5 5.748 3.002
    endloop
  endfacet
  facet normal 0 1 0
    outer loop
      vertex 0.5 5.748 1.752
      vertex 0.699997 5.748 1.502
      vertex 0.5 5.748 1.502
    endloop
  endfacet
  facet normal 0 -1 0
    outer loop
      vertex 5.8 5.748 0.00199986
      vertex 6 5.748 2.896
      vertex 5.8 5.748 2.896
    endloop
  endfacet
  facet normal 0 -1 -0
    outer loop
      vertex 6 5.748 2.896
      vertex 5.8 5.748 0.00199986
      vertex 6 5.748 0.00199986
    endloop
  endfacet
  facet normal 0 -1 0
    outer loop
      vertex 5.8 5.748 3.496
      vertex 6 5.748 3.504
      vertex 5.8 5.748 3.504
    endloop
  endfacet
  facet normal 0 -1 -0
    outer loop
      vertex 6 5.748 3.504
      vertex 5.8 5.748 3.496
      vertex 6 5.748 3.496
    endloop
  endfacet
  facet normal 0 0 -1
    outer loop
      vertex 6.002 5.75 1.502
      vertex 8 5.95 1.502
      vertex 8 5.75 1.502
    endloop
  endfacet
  facet normal -0 0 -1
    outer loop
      vertex 8 5.95 1.502
      vertex 6.002 5.75 1.502
      vertex 6.002 5.95 1.502
    endloop
  endfacet
  facet normal 0 0 -1
    outer loop
      vertex 0.5 3.752 1.502
      vertex 0.699997 5.748 1.502
      vertex 0.699997 3.752 1.502
    endloop
  endfacet
  facet normal -0 0 -1
    outer loop
      vertex 0.699997 5.748 1.502
      vertex 0.5 3.752 1.502
      vertex 0.5 5.748 1.502
    endloop
  endfacet
  facet normal 0 0 -1
    outer loop
      vertex 1.002 0.75 1.502
      vertex 3 0.949997 1.502
      vertex 3 0.75 1.502
    endloop
  endfacet
  facet normal -0 0 -1
    outer loop
      vertex 3 0.949997 1.502
      vertex 1.002 0.75 1.502
      vertex 1.002 0.949997 1.502
    endloop
  endfacet
  facet normal 0 0.498158 0.867086
    outer loop
      vertex 0.699997 3.752 1.502
      vertex 0.699997 4.584 1.024
      vertex 0.5 3.752 1.502
    endloop
  endfacet
  facet normal -0.0100885 0.499955 0.865993
    outer loop
      vertex 0.699997 4.584 1.024
      vertex 0.699997 5.748 0.352
      vertex 0.5 3.752 1.502
    endloop
  endfacet
  facet normal 0 0.499221 0.866475
    outer loop
      vertex 0.699997 5.748 0.352
      vertex 0.5 5.748 0.352
      vertex 0.5 3.752 1.502
    endloop
  endfacet
  facet normal 0 -0.499873 -0.866099
    outer loop
      vertex 0.5 3.752 1.154
      vertex 0.699997 5.748 0.00199986
      vertex 0.699997 3.752 1.154
    endloop
  endfacet
  facet normal -0 -0.499873 -0.866099
    outer loop
      vertex 0.699997 5.748 0.00199986
      vertex 0.5 3.752 1.154
      vertex 0.5 5.748 0.00199986
    endloop
  endfacet
  facet normal -0 0 1
    outer loop
      vertex 6.002 5.95 3.254
      vertex 8 5.752 3.254
      vertex 8 5.95 3.254
    endloop
  endfacet
  facet normal 0 0 1
    outer loop
      vertex 8 5.752 3.254
      vertex 6.002 5.95 3.254
      vertex 6.002 5.752 3.254
    endloop
  endfacet
  facet normal -0 0 1
    outer loop
      vertex 1.002 0.949997 3.254
      vertex 3 0.751999 3.254
      vertex 3 0.949997 3.254
    endloop
  endfacet
  facet normal 0 0 1
    outer loop
      vertex 3 0.751999 3.254
      vertex 1.002 0.949997 3.254
      vertex 1.002 0.751999 3.254
    endloop
  endfacet
  facet normal -0 0 1
    outer loop
      vertex 3.502 0.949997 3.254
      vertex 5.5 0.751999 3.254
      vertex 5.5 0.949997 3.254
    endloop
  endfacet
  facet normal 0 0 1
    outer loop
      vertex 5.5 0.751999 3.254
      vertex 3.502 0.949997 3.254
      vertex 3.502 0.751999 3.254
    endloop
  endfacet
  facet normal -0 0 1
    outer loop
      vertex 0.5 5.748 3.254
      vertex 0.699997 3.752 3.254
      vertex 0.699997 5.748 3.254
    endloop
  endfacet
  facet normal 0 0 1
    outer loop
      vertex 0.699997 3.752 3.254
      vertex 0.5 5.748 3.254
      vertex 0.5 3.752 3.254
    endloop
  endfacet
  facet normal 0 0 -1
    outer loop
      vertex 5.5 0.751999 3.002
      vertex 5.348 0.849998 3.002
      vertex 5.5 0.949997 3.002
    endloop
  endfacet
  facet normal 0 0 -1
    outer loop
      vertex 5.5 0.751999 3.002
      vertex 5.146 0.849998 3.002
      vertex 5.348 0.849998 3.002
    endloop
  endfacet
  facet normal 0 0 -1
    outer loop
      vertex 5.146 0.849998 3.002
      vertex 3.846 0.849998 3.002
      vertex 5.146 1.252 3.002
    endloop
  endfacet
  facet normal 0 0 -1
    outer loop
      vertex 5.5 0.751999 3.002
      vertex 3.846 0.849998 3.002
      vertex 5.146 0.849998 3.002
    endloop
  endfacet
  facet normal 0 0 -1
    outer loop
      vertex 3.502 0.751999 3.002
      vertex 3.846 0.849998 3.002
      vertex 5.5 0.751999 3.002
    endloop
  endfacet
  facet normal -0 0 -1
    outer loop
      vertex 3.846 0.849998 3.002
      vertex 3.502 0.751999 3.002
      vertex 3.644 0.849998 3.002
    endloop
  endfacet
  facet normal 0 0 -1
    outer loop
      vertex 3.502 0.949997 3.002
      vertex 3.644 0.849998 3.002
      vertex 3.502 0.751999 3.002
    endloop
  endfacet
  facet normal 0 0 -1
    outer loop
      vertex 3.644 0.849998 3.002
      vertex 3.502 0.949997 3.002
      vertex 3.644 0.949997 3.002
    endloop
  endfacet
  facet normal -0 0 -1
    outer loop
      vertex 5.5 0.949997 3.002
      vertex 5.348 0.849998 3.002
      vertex 5.348 0.949997 3.002
    endloop
  endfacet
  facet normal -0 0 -1
    outer loop
      vertex 5.146 1.252 3.002
      vertex 3.846 0.849998 3.002
      vertex 3.846 1.252 3.002
    endloop
  endfacet
  facet normal 0 0 -1
    outer loop
      vertex 8 5.752 3.002
      vertex 7.688 5.85 3.002
      vertex 8 5.95 3.002
    endloop
  endfacet
  facet normal 0 0 -1
    outer loop
      vertex 8 5.752 3.002
      vertex 7.486 5.85 3.002
      vertex 7.688 5.85 3.002
    endloop
  endfacet
  facet normal 0 0 -1
    outer loop
      vertex 7.486 5.85 3.002
      vertex 7.1 6.102 3.002
      vertex 7.486 6.252 3.002
    endloop
  endfacet
  facet normal 0 0 -1
    outer loop
      vertex 7.486 5.85 3.002
      vertex 6.9 6.102 3.002
      vertex 7.1 6.102 3.002
    endloop
  endfacet
  facet normal 0 0 -1
    outer loop
      vertex 6.512 6.252 3.002
      vertex 6.9 6.102 3.002
      vertex 6.512 5.85 3.002
    endloop
  endfacet
  facet normal 0 0 -1
    outer loop
      vertex 7.486 5.85 3.002
      vertex 6.512 5.85 3.002
      vertex 6.9 6.102 3.002
    endloop
  endfacet
  facet normal 0 0 -1
    outer loop
      vertex 8 5.752 3.002
      vertex 6.512 5.85 3.002
      vertex 7.486 5.85 3.002
    endloop
  endfacet
  facet normal 0 0 -1
    outer loop
      vertex 6.002 5.752 3.002
      vertex 6.512 5.85 3.002
      vertex 8 5.752 3.002
    endloop
  endfacet
  facet normal -0 0 -1
    outer loop
      vertex 6.512 5.85 3.002
      vertex 6.002 5.752 3.002
      vertex 6.308 5.85 3.002
    endloop
  endfacet
  facet normal 0 0 -1
    outer loop
      vertex 6.002 5.95 3.002
      vertex 6.308 5.85 3.002
      vertex 6.002 5.752 3.002
    endloop
  endfacet
  facet normal 0 0 -1
    outer loop
      vertex 6.308 5.85 3.002
      vertex 6.002 5.95 3.002
      vertex 6.308 5.95 3.002
    endloop
  endfacet
  facet normal -0 0 -1
    outer loop
      vertex 8 5.95 3.002
      vertex 7.688 5.85 3.002
      vertex 7.688 5.95 3.002
    endloop
  endfacet
  facet normal -0 0 -1
    outer loop
      vertex 7.486 6.252 3.002
      vertex 7.1 6.102 3.002
      vertex 7.1 6.252 3.002
    endloop
  endfacet
  facet normal 0 0 -1
    outer loop
      vertex 6.9 6.102 3.002
      vertex 6.512 6.252 3.002
      vertex 6.9 6.252 3.002
    endloop
  endfacet
  facet normal 0 0 -1
    outer loop
      vertex 0.699997 3.752 3.002
      vertex 0.599998 4.06 3.002
      vertex 0.699997 4.06 3.002
    endloop
  endfacet
  facet normal 0 0 -1
    outer loop
      vertex 0.5 3.752 3.002
      vertex 0.599998 4.264 3.002
      vertex 0.599998 4.06 3.002
    endloop
  endfacet
  facet normal -0 0 -1
    outer loop
      vertex 0.599998 4.264 3.002
      vertex 0.5 3.752 3.002
      vertex 0.599998 5.238 3.002
    endloop
  endfacet
  facet normal 0 0 -1
    outer loop
      vertex 0.5 5.748 3.002
      vertex 0.599998 5.238 3.002
      vertex 0.5 3.752 3.002
    endloop
  endfacet
  facet normal 0 0 -1
    outer loop
      vertex 0.5 3.752 3.002
      vertex 0.599998 4.06 3.002
      vertex 0.699997 3.752 3.002
    endloop
  endfacet
  facet normal 0 0 -1
    outer loop
      vertex 1 4.264 3.002
      vertex 0.849998 4.65 3.002
      vertex 1 4.65 3.002
    endloop
  endfacet
  facet normal -0 0 -1
    outer loop
      vertex 0.849998 4.65 3.002
      vertex 0.599998 4.264 3.002
      vertex 0.849998 4.852 3.002
    endloop
  endfacet
  facet normal 0 0 -1
    outer loop
      vertex 0.599998 4.264 3.002
      vertex 0.849998 4.65 3.002
      vertex 1 4.264 3.002
    endloop
  endfacet
  facet normal 0 0 -1
    outer loop
      vertex 0.849998 4.852 3.002
      vertex 1 5.238 3.002
      vertex 1 4.852 3.002
    endloop
  endfacet
  facet normal 0 0 -1
    outer loop
      vertex 0.599998 5.238 3.002
      vertex 0.849998 4.852 3.002
      vertex 0.599998 4.264 3.002
    endloop
  endfacet
  facet normal 0 0 -1
    outer loop
      vertex 0.849998 4.852 3.002
      vertex 0.599998 5.238 3.002
      vertex 1 5.238 3.002
    endloop
  endfacet
  facet normal 0 0 -1
    outer loop
      vertex 0.599998 5.442 3.002
      vertex 0.699997 5.748 3.002
      vertex 0.699997 5.442 3.002
    endloop
  endfacet
  facet normal 0 0 -1
    outer loop
      vertex 0.599998 5.442 3.002
      vertex 0.5 5.748 3.002
      vertex 0.699997 5.748 3.002
    endloop
  endfacet
  facet normal 0 0 -1
    outer loop
      vertex 0.599998 5.238 3.002
      vertex 0.5 5.748 3.002
      vertex 0.599998 5.442 3.002
    endloop
  endfacet
  facet normal 0 0 -1
    outer loop
      vertex 3 0.751999 3.002
      vertex 2.688 0.849998 3.002
      vertex 3 0.949997 3.002
    endloop
  endfacet
  facet normal 0 0 -1
    outer loop
      vertex 3 0.751999 3.002
      vertex 2.486 0.849998 3.002
      vertex 2.688 0.849998 3.002
    endloop
  endfacet
  facet normal 0 0 -1
    outer loop
      vertex 2.486 0.849998 3.002
      vertex 2.1 1.102 3.002
      vertex 2.486 1.252 3.002
    endloop
  endfacet
  facet normal 0 0 -1
    outer loop
      vertex 2.486 0.849998 3.002
      vertex 1.9 1.102 3.002
      vertex 2.1 1.102 3.002
    endloop
  endfacet
  facet normal 0 0 -1
    outer loop
      vertex 1.512 1.252 3.002
      vertex 1.9 1.102 3.002
      vertex 1.512 0.849998 3.002
    endloop
  endfacet
  facet normal 0 0 -1
    outer loop
      vertex 2.486 0.849998 3.002
      vertex 1.512 0.849998 3.002
      vertex 1.9 1.102 3.002
    endloop
  endfacet
  facet normal 0 0 -1
    outer loop
      vertex 3 0.751999 3.002
      vertex 1.512 0.849998 3.002
      vertex 2.486 0.849998 3.002
    endloop
  endfacet
  facet normal 0 0 -1
    outer loop
      vertex 1.002 0.751999 3.002
      vertex 1.512 0.849998 3.002
      vertex 3 0.751999 3.002
    endloop
  endfacet
  facet normal -0 0 -1
    outer loop
      vertex 1.512 0.849998 3.002
      vertex 1.002 0.751999 3.002
      vertex 1.308 0.849998 3.002
    endloop
  endfacet
  facet normal 0 0 -1
    outer loop
      vertex 1.002 0.949997 3.002
      vertex 1.308 0.849998 3.002
      vertex 1.002 0.751999 3.002
    endloop
  endfacet
  facet normal 0 0 -1
    outer loop
      vertex 1.308 0.849998 3.002
      vertex 1.002 0.949997 3.002
      vertex 1.308 0.949997 3.002
    endloop
  endfacet
  facet normal -0 0 -1
    outer loop
      vertex 3 0.949997 3.002
      vertex 2.688 0.849998 3.002
      vertex 2.688 0.949997 3.002
    endloop
  endfacet
  facet normal -0 0 -1
    outer loop
      vertex 2.486 1.252 3.002
      vertex 2.1 1.102 3.002
      vertex 2.1 1.252 3.002
    endloop
  endfacet
  facet normal 0 0 -1
    outer loop
      vertex 1.9 1.102 3.002
      vertex 1.512 1.252 3.002
      vertex 1.9 1.252 3.002
    endloop
  endfacet
  facet normal 0 -1 0
    outer loop
      vertex 0.599998 5.238 1.752
      vertex 1 5.238 3.002
      vertex 0.599998 5.238 3.002
    endloop
  endfacet
  facet normal 0 -1 -0
    outer loop
      vertex 1 5.238 3.002
      vertex 0.599998 5.238 1.752
      vertex 1 5.238 1.752
    endloop
  endfacet
  facet normal 0 1 -0
    outer loop
      vertex 0.699997 5.442 1.752
      vertex 0.599998 5.442 3.002
      vertex 0.699997 5.442 3.002
    endloop
  endfacet
  facet normal 0 1 0
    outer loop
      vertex 0.599998 5.442 3.002
      vertex 0.699997 5.442 1.752
      vertex 0.599998 5.442 1.752
    endloop
  endfacet
  facet normal -1 0 0
    outer loop
      vertex 0.599998 4.06 1.752
      vertex 0.599998 4.264 3.002
      vertex 0.599998 4.264 1.752
    endloop
  endfacet
  facet normal -1 -0 0
    outer loop
      vertex 0.599998 4.264 3.002
      vertex 0.599998 4.06 1.752
      vertex 0.599998 4.06 3.002
    endloop
  endfacet
  facet normal -1 0 0
    outer loop
      vertex 0.599998 5.238 1.752
      vertex 0.599998 5.442 3.002
      vertex 0.599998 5.442 1.752
    endloop
  endfacet
  facet normal -1 -0 0
    outer loop
      vertex 0.599998 5.442 3.002
      vertex 0.599998 5.238 1.752
      vertex 0.599998 5.238 3.002
    endloop
  endfacet
  facet normal 0 -1 0
    outer loop
      vertex 0.599998 4.06 1.752
      vertex 0.699997 4.06 3.002
      vertex 0.599998 4.06 3.002
    endloop
  endfacet
  facet normal 0 -1 -0
    outer loop
      vertex 0.699997 4.06 3.002
      vertex 0.599998 4.06 1.752
      vertex 0.699997 4.06 1.752
    endloop
  endfacet
  facet normal 0 1 -0
    outer loop
      vertex 1 4.264 1.752
      vertex 0.599998 4.264 3.002
      vertex 1 4.264 3.002
    endloop
  endfacet
  facet normal 0 1 0
    outer loop
      vertex 0.599998 4.264 3.002
      vertex 1 4.264 1.752
      vertex 0.599998 4.264 1.752
    endloop
  endfacet
  facet normal 0 1 -0
    outer loop
      vertex 1 4.852 1.752
      vertex 0.849998 4.852 3.002
      vertex 1 4.852 3.002
    endloop
  endfacet
  facet normal 0 1 0
    outer loop
      vertex 0.849998 4.852 3.002
      vertex 1 4.852 1.752
      vertex 0.849998 4.852 1.752
    endloop
  endfacet
  facet normal -1 0 0
    outer loop
      vertex 0.849998 4.65 1.752
      vertex 0.849998 4.852 3.002
      vertex 0.849998 4.852 1.752
    endloop
  endfacet
  facet normal -1 -0 0
    outer loop
      vertex 0.849998 4.852 3.002
      vertex 0.849998 4.65 1.752
      vertex 0.849998 4.65 3.002
    endloop
  endfacet
  facet normal 0 -1 0
    outer loop
      vertex 0.849998 4.65 1.752
      vertex 1 4.65 3.002
      vertex 0.849998 4.65 3.002
    endloop
  endfacet
  facet normal 0 -1 -0
    outer loop
      vertex 1 4.65 3.002
      vertex 0.849998 4.65 1.752
      vertex 1 4.65 1.752
    endloop
  endfacet
  facet normal 0 1 -0
    outer loop
      vertex 0.699997 3.254 0
      vertex 0.5 3.254 0.00199986
      vertex 0.699997 3.254 0.00199986
    endloop
  endfacet
  facet normal 0 1 0
    outer loop
      vertex 0.5 3.254 0.00199986
      vertex 0.699997 3.254 0
      vertex 0.5 3.254 0
    endloop
  endfacet
  facet normal 0 1 -0
    outer loop
      vertex 0.699997 1.254 3.496
      vertex 0.5 1.254 3.504
      vertex 0.699997 1.254 3.504
    endloop
  endfacet
  facet normal 0 1 0
    outer loop
      vertex 0.5 1.254 3.504
      vertex 0.699997 1.254 3.496
      vertex 0.5 1.254 3.496
    endloop
  endfacet
  facet normal 0 -1 0
    outer loop
      vertex 5.5 1.254 0.202
      vertex 5.8 1.254 3.504
      vertex 5.5 1.254 3.504
    endloop
  endfacet
  facet normal 0 -1 0
    outer loop
      vertex 5.8 1.254 0.00199986
      vertex 5.5 1.254 0.202
      vertex 5.5 1.254 0.00199986
    endloop
  endfacet
  facet normal 0 -1 0
    outer loop
      vertex 5.5 1.254 0.202
      vertex 5.8 1.254 0.00199986
      vertex 5.8 1.254 3.504
    endloop
  endfacet
  facet normal 0 1 -0
    outer loop
      vertex 0.699997 1.254 0.00199986
      vertex 0.5 1.254 2.896
      vertex 0.699997 1.254 2.896
    endloop
  endfacet
  facet normal 0 1 0
    outer loop
      vertex 0.5 1.254 2.896
      vertex 0.699997 1.254 0.00199986
      vertex 0.5 1.254 0.00199986
    endloop
  endfacet
  facet normal 0 -1 0
    outer loop
      vertex 0.5 0.753998 0.00199986
      vertex 1 0.753998 3.504
      vertex 0.5 0.753998 3.504
    endloop
  endfacet
  facet normal 0 -1 -0
    outer loop
      vertex 1 0.753998 3.504
      vertex 0.5 0.753998 0.00199986
      vertex 1 0.753998 0.00199986
    endloop
  endfacet
  facet normal 0 -0.707082 -0.707132
    outer loop
      vertex 0.5 3.254 0
      vertex 0.699997 3.252 0.00199986
      vertex 0.5 3.252 0.00199986
    endloop
  endfacet
  facet normal 0 -0.707082 -0.707132
    outer loop
      vertex 0.699997 3.252 0.00199986
      vertex 0.5 3.254 0
      vertex 0.699997 3.254 0
    endloop
  endfacet
  facet normal 0 -0.823011 -0.568025
    outer loop
      vertex 0.5 3.25 0.00399971
      vertex 0.699997 1.254 2.896
      vertex 0.5 1.254 2.896
    endloop
  endfacet
  facet normal -0 -0.822978 -0.568073
    outer loop
      vertex 0.699997 3.25 0.00399971
      vertex 0.699997 2.158 1.586
      vertex 0.5 3.25 0.00399971
    endloop
  endfacet
  facet normal -0.00123063 -0.82305 -0.567967
    outer loop
      vertex 0.699997 2.158 1.586
      vertex 0.699997 1.254 2.896
      vertex 0.5 3.25 0.00399971
    endloop
  endfacet
  facet normal 0 0.823011 0.568026
    outer loop
      vertex 0.699997 1.254 3.496
      vertex 0.5 3.25 0.604
      vertex 0.5 1.254 3.496
    endloop
  endfacet
  facet normal 0 0.823051 0.567968
    outer loop
      vertex 0.699997 2.346 1.914
      vertex 0.699997 3.25 0.604
      vertex 0.5 3.25 0.604
    endloop
  endfacet
  facet normal -0.00101963 0.822978 0.568073
    outer loop
      vertex 0.699997 1.254 3.496
      vertex 0.699997 2.346 1.914
      vertex 0.5 3.25 0.604
    endloop
  endfacet
  facet normal 0 1 0
    outer loop
      vertex 6 1.252 3.504
      vertex 5.146 1.252 3.002
      vertex 3.502 1.252 3.504
    endloop
  endfacet
  facet normal 0 1 -0
    outer loop
      vertex 6 1.252 0.00199986
      vertex 5.146 1.252 3.002
      vertex 6 1.252 3.504
    endloop
  endfacet
  facet normal 0 1 0
    outer loop
      vertex 5.146 1.252 3.002
      vertex 6 1.252 0.00199986
      vertex 5.5 1.252 0.202
    endloop
  endfacet
  facet normal 0 1 0
    outer loop
      vertex 5.5 1.252 0.202
      vertex 6 1.252 0.00199986
      vertex 5.5 1.252 0.00199986
    endloop
  endfacet
  facet normal 0 1 -0
    outer loop
      vertex 3.846 1.252 3.002
      vertex 3.502 1.252 3.504
      vertex 5.146 1.252 3.002
    endloop
  endfacet
  facet normal 0 1 0
    outer loop
      vertex 3.502 1.252 0.202
      vertex 3.846 1.252 3.002
      vertex 3.846 1.252 0.202
    endloop
  endfacet
  facet normal 0 1 0
    outer loop
      vertex 3.846 1.252 3.002
      vertex 3.502 1.252 0.202
      vertex 3.502 1.252 3.504
    endloop
  endfacet
  facet normal 0 1 0
    outer loop
      vertex 5.146 1.252 3.002
      vertex 5.5 1.252 0.202
      vertex 5.146 1.252 0.202
    endloop
  endfacet
  facet normal 0 -1 0
    outer loop
      vertex 1 1.252 0.00199986
      vertex 1.002 1.252 0.202
      vertex 1 1.252 0.202
    endloop
  endfacet
  facet normal 0 -1 -0
    outer loop
      vertex 1.002 1.252 0.202
      vertex 1 1.252 0.00199986
      vertex 1.002 1.252 0.00199986
    endloop
  endfacet
  facet normal 0 1 -0
    outer loop
      vertex 2.1 1.252 1.752
      vertex 1.9 1.252 3.002
      vertex 2.1 1.252 3.002
    endloop
  endfacet
  facet normal 0 1 0
    outer loop
      vertex 1.9 1.252 3.002
      vertex 2.1 1.252 1.752
      vertex 1.9 1.252 1.752
    endloop
  endfacet
  facet normal 0 1 0
    outer loop
      vertex 2.1 1.252 3.002
      vertex 3.5 1.252 3.504
      vertex 2.486 1.252 3.002
    endloop
  endfacet
  facet normal 0 1 0
    outer loop
      vertex 3.5 1.252 3.504
      vertex 2.486 1.252 1.752
      vertex 2.486 1.252 3.002
    endloop
  endfacet
  facet normal 0 1 0
    outer loop
      vertex 3.5 1.252 0.202
      vertex 2.1 1.252 1.752
      vertex 2.486 1.252 1.752
    endloop
  endfacet
  facet normal 0 1 0
    outer loop
      vertex 2.1 1.252 1.752
      vertex 1.002 1.252 0.202
      vertex 1.9 1.252 1.752
    endloop
  endfacet
  facet normal 0 1 0
    outer loop
      vertex 2.1 1.252 1.752
      vertex 3.5 1.252 0.202
      vertex 1.002 1.252 0.202
    endloop
  endfacet
  facet normal 0 1 -0
    outer loop
      vertex 3.5 1.252 0.202
      vertex 2.486 1.252 1.752
      vertex 3.5 1.252 3.504
    endloop
  endfacet
  facet normal 0 1 0
    outer loop
      vertex 3.5 1.252 3.504
      vertex 2.1 1.252 3.002
      vertex 1.002 1.252 3.504
    endloop
  endfacet
  facet normal 0 1 -0
    outer loop
      vertex 1.9 1.252 3.002
      vertex 1.002 1.252 3.504
      vertex 2.1 1.252 3.002
    endloop
  endfacet
  facet normal 0 1 -0
    outer loop
      vertex 1.512 1.252 3.002
      vertex 1.002 1.252 3.504
      vertex 1.9 1.252 3.002
    endloop
  endfacet
  facet normal 0 1 -0
    outer loop
      vertex 1.512 1.252 1.752
      vertex 1.002 1.252 3.504
      vertex 1.512 1.252 3.002
    endloop
  endfacet
  facet normal 0 1 0
    outer loop
      vertex 1.512 1.252 1.752
      vertex 1.002 1.252 0.202
      vertex 1.002 1.252 3.504
    endloop
  endfacet
  facet normal 0 1 0
    outer loop
      vertex 1.9 1.252 1.752
      vertex 1.002 1.252 0.202
      vertex 1.512 1.252 1.752
    endloop
  endfacet
  facet normal 0 -1 0
    outer loop
      vertex 3.846 1.252 0.00199986
      vertex 5.146 1.252 0.202
      vertex 3.846 1.252 0.202
    endloop
  endfacet
  facet normal 0 -1 -0
    outer loop
      vertex 5.146 1.252 0.202
      vertex 3.846 1.252 0.00199986
      vertex 5.146 1.252 0.00199986
    endloop
  endfacet
  facet normal 0 -1 0
    outer loop
      vertex 3.5 1.252 0.00199986
      vertex 3.502 1.252 0.202
      vertex 3.5 1.252 0.202
    endloop
  endfacet
  facet normal 0 -1 -0
    outer loop
      vertex 3.502 1.252 0.202
      vertex 3.5 1.252 0.00199986
      vertex 3.502 1.252 0.00199986
    endloop
  endfacet
  facet normal -1 0 0
    outer loop
      vertex 3 0.949997 1.752
      vertex 3 0.751999 3.002
      vertex 3 0.949997 3.002
    endloop
  endfacet
  facet normal -1 -0 0
    outer loop
      vertex 3 0.751999 3.002
      vertex 3 0.75 1.752
      vertex 3 0.751999 3.254
    endloop
  endfacet
  facet normal -1 0 0
    outer loop
      vertex 3 0.75 1.752
      vertex 3 0.751999 3.002
      vertex 3 0.949997 1.752
    endloop
  endfacet
  facet normal -1 0 0
    outer loop
      vertex 3 0.751999 3.254
      vertex 3 0.949997 3.504
      vertex 3 0.949997 3.254
    endloop
  endfacet
  facet normal -1 0 0
    outer loop
      vertex 3 0.751999 3.254
      vertex 3 0.75 3.504
      vertex 3 0.949997 3.504
    endloop
  endfacet
  facet normal -1 0 0
    outer loop
      vertex 3 0.75 3.504
      vertex 3 0.751999 3.254
      vertex 3 0.75 1.752
    endloop
  endfacet
  facet normal -1 0 0
    outer loop
      vertex 3 0.75 0.00199986
      vertex 3 0.949997 1.154
      vertex 3 0.949997 0.00199986
    endloop
  endfacet
  facet normal -1 -0 0
    outer loop
      vertex 3 0.949997 1.154
      vertex 3 0.75 0.00199986
      vertex 3 0.75 1.154
    endloop
  endfacet
  facet normal 0 -1 0
    outer loop
      vertex 5.5 0.75 0.00199986
      vertex 6 0.75 3.504
      vertex 5.5 0.75 3.504
    endloop
  endfacet
  facet normal 0 -1 -0
    outer loop
      vertex 6 0.75 3.504
      vertex 5.5 0.75 0.00199986
      vertex 6 0.75 0.00199986
    endloop
  endfacet
  facet normal 0 -1 0
    outer loop
      vertex 1.002 0.75 1.752
      vertex 1.002 0.75 1.502
      vertex 3 0.75 1.752
    endloop
  endfacet
  facet normal 0 -1 0
    outer loop
      vertex 3 0.75 1.752
      vertex 3.5 0.75 3.504
      vertex 3 0.75 3.504
    endloop
  endfacet
  facet normal 0 -1 0
    outer loop
      vertex 3 0.75 1.502
      vertex 3 0.75 1.752
      vertex 1.002 0.75 1.502
    endloop
  endfacet
  facet normal 0 -1 0
    outer loop
      vertex 3.5 0.75 0.00199986
      vertex 3 0.75 1.752
      vertex 3 0.75 1.502
    endloop
  endfacet
  facet normal 0 -1 0
    outer loop
      vertex 3.5 0.75 0.00199986
      vertex 3 0.75 1.502
      vertex 3 0.75 1.154
    endloop
  endfacet
  facet normal 0 -1 0
    outer loop
      vertex 3.5 0.75 0.00199986
      vertex 3 0.75 1.154
      vertex 3 0.75 0.00199986
    endloop
  endfacet
  facet normal 0 -1 0
    outer loop
      vertex 3 0.75 1.752
      vertex 3.5 0.75 0.00199986
      vertex 3.5 0.75 3.504
    endloop
  endfacet
  facet normal 0 -1 0
    outer loop
      vertex 1.002 0.75 0.352
      vertex 3 0.75 1.154
      vertex 3 0.75 1.502
    endloop
  endfacet
  facet normal 0 -1 0
    outer loop
      vertex 3 0.75 1.154
      vertex 1.002 0.75 0.352
      vertex 1.002 0.75 0.00199986
    endloop
  endfacet
  facet normal 1 -0 0
    outer loop
      vertex 3.5 0.75 3.504
      vertex 3.5 1.252 0.202
      vertex 3.5 1.252 3.504
    endloop
  endfacet
  facet normal 1 0 0
    outer loop
      vertex 3.5 0.75 0.00199986
      vertex 3.5 1.252 0.202
      vertex 3.5 0.75 3.504
    endloop
  endfacet
  facet normal 1 0 0
    outer loop
      vertex 3.5 1.252 0.202
      vertex 3.5 0.75 0.00199986
      vertex 3.5 1.252 0.00199986
    endloop
  endfacet
  facet normal 0 -1 0
    outer loop
      vertex 3.502 0.949997 0.00199986
      vertex 3.644 0.949997 3.002
      vertex 3.502 0.949997 3.002
    endloop
  endfacet
  facet normal 0 -1 -0
    outer loop
      vertex 3.644 0.949997 3.002
      vertex 3.502 0.949997 0.00199986
      vertex 3.644 0.949997 0.00199986
    endloop
  endfacet
  facet normal 0 -1 0
    outer loop
      vertex 1.002 0.949997 3.254
      vertex 3 0.949997 3.504
      vertex 1.002 0.949997 3.504
    endloop
  endfacet
  facet normal 0 -1 -0
    outer loop
      vertex 3 0.949997 3.504
      vertex 1.002 0.949997 3.254
      vertex 3 0.949997 3.254
    endloop
  endfacet
  facet normal 0 -1 0
    outer loop
      vertex 1.002 0.949997 1.752
      vertex 1.308 0.949997 3.002
      vertex 1.002 0.949997 3.002
    endloop
  endfacet
  facet normal 0 -1 -0
    outer loop
      vertex 1.308 0.949997 3.002
      vertex 1.002 0.949997 1.752
      vertex 1.308 0.949997 1.752
    endloop
  endfacet
  facet normal 0 -1 0
    outer loop
      vertex 3 0.949997 0.00199986
      vertex 3 0.949997 1.154
      vertex 1.002 0.949997 0.00199986
    endloop
  endfacet
  facet normal 0 -1 0
    outer loop
      vertex 1.002 0.949997 1.502
      vertex 2.166 0.949997 1.024
      vertex 3 0.949997 1.502
    endloop
  endfacet
  facet normal -0 -1 0
    outer loop
      vertex 2.166 0.949997 1.024
      vertex 1.002 0.949997 1.502
      vertex 1.002 0.949997 0.352
    endloop
  endfacet
  facet normal 0 -1 0
    outer loop
      vertex 5.348 0.949997 0.00199986
      vertex 5.5 0.949997 3.002
      vertex 5.348 0.949997 3.002
    endloop
  endfacet
  facet normal 0 -1 -0
    outer loop
      vertex 5.5 0.949997 3.002
      vertex 5.348 0.949997 0.00199986
      vertex 5.5 0.949997 0.00199986
    endloop
  endfacet
  facet normal 0 -1 0
    outer loop
      vertex 2.688 0.949997 1.752
      vertex 3 0.949997 3.002
      vertex 2.688 0.949997 3.002
    endloop
  endfacet
  facet normal 0 -1 -0
    outer loop
      vertex 3 0.949997 3.002
      vertex 2.688 0.949997 1.752
      vertex 3 0.949997 1.752
    endloop
  endfacet
  facet normal 0 -1 0
    outer loop
      vertex 3.502 0.949997 3.254
      vertex 5.5 0.949997 3.504
      vertex 3.502 0.949997 3.504
    endloop
  endfacet
  facet normal 0 -1 -0
    outer loop
      vertex 5.5 0.949997 3.504
      vertex 3.502 0.949997 3.254
      vertex 5.5 0.949997 3.254
    endloop
  endfacet
  facet normal 1 -0 0
    outer loop
      vertex 1.002 11.052 3.504
      vertex 1.002 11.252 3.496
      vertex 1.002 11.252 3.504
    endloop
  endfacet
  facet normal 1 0 0
    outer loop
      vertex 1.002 11.252 3.496
      vertex 1.002 11.052 3.504
      vertex 1.002 11.052 3.496
    endloop
  endfacet
  facet normal -1 0 0
    outer loop
      vertex 1.002 0.751999 3.002
      vertex 1.002 0.949997 3.254
      vertex 1.002 0.949997 3.002
    endloop
  endfacet
  facet normal -1 -0 0
    outer loop
      vertex 1.002 0.949997 3.254
      vertex 1.002 0.751999 3.002
      vertex 1.002 0.751999 3.254
    endloop
  endfacet
  facet normal -1 0 0
    outer loop
      vertex 1.002 0.75 1.502
      vertex 1.002 0.949997 1.752
      vertex 1.002 0.949997 1.502
    endloop
  endfacet
  facet normal -1 -0 0
    outer loop
      vertex 1.002 0.949997 1.752
      vertex 1.002 0.75 1.502
      vertex 1.002 0.75 1.752
    endloop
  endfacet
  facet normal -1 0 0
    outer loop
      vertex 1.002 0.75 0.00199986
      vertex 1.002 0.949997 0.352
      vertex 1.002 0.949997 0.00199986
    endloop
  endfacet
  facet normal -1 -0 0
    outer loop
      vertex 1.002 0.949997 0.352
      vertex 1.002 0.75 0.00199986
      vertex 1.002 0.75 0.352
    endloop
  endfacet
  facet normal -1 0 0
    outer loop
      vertex 1.002 0.949997 0.00199986
      vertex 1.002 1.252 0.202
      vertex 1.002 1.252 0.00199986
    endloop
  endfacet
  facet normal -1 -0 0
    outer loop
      vertex 1.002 1.252 0.202
      vertex 1.002 0.949997 0.00199986
      vertex 1.002 0.949997 0.352
    endloop
  endfacet
  facet normal -1 0 0
    outer loop
      vertex 1.002 1.252 0.202
      vertex 1.002 0.949997 0.352
      vertex 1.002 0.949997 1.502
    endloop
  endfacet
  facet normal -1 0 0
    outer loop
      vertex 1.002 1.252 0.202
      vertex 1.002 0.949997 1.502
      vertex 1.002 0.949997 1.752
    endloop
  endfacet
  facet normal -1 0 0
    outer loop
      vertex 1.002 1.252 0.202
      vertex 1.002 0.949997 1.752
      vertex 1.002 1.252 3.504
    endloop
  endfacet
  facet normal -1 0 0
    outer loop
      vertex 1.002 0.949997 3.002
      vertex 1.002 1.252 3.504
      vertex 1.002 0.949997 1.752
    endloop
  endfacet
  facet normal -1 0 0
    outer loop
      vertex 1.002 0.949997 3.254
      vertex 1.002 1.252 3.504
      vertex 1.002 0.949997 3.002
    endloop
  endfacet
  facet normal -1 -0 0
    outer loop
      vertex 1.002 1.252 3.504
      vertex 1.002 0.949997 3.254
      vertex 1.002 0.949997 3.504
    endloop
  endfacet
  facet normal 1 -0 0
    outer loop
      vertex 1.002 11.052 2.896
      vertex 1.002 11.252 0.00199986
      vertex 1.002 11.252 2.896
    endloop
  endfacet
  facet normal 1 0 0
    outer loop
      vertex 1.002 11.252 0.00199986
      vertex 1.002 11.052 2.896
      vertex 1.002 11.052 0.00199986
    endloop
  endfacet
  facet normal -0.498846 0 0.866691
    outer loop
      vertex 3 0.75 1.502
      vertex 1.002 0.949997 0.352
      vertex 1.002 0.75 0.352
    endloop
  endfacet
  facet normal -0.497259 0 0.867602
    outer loop
      vertex 3 0.75 1.502
      vertex 3 0.949997 1.502
      vertex 2.166 0.949997 1.024
    endloop
  endfacet
  facet normal -0.499923 -0.0150872 0.865938
    outer loop
      vertex 3 0.75 1.502
      vertex 2.166 0.949997 1.024
      vertex 1.002 0.949997 0.352
    endloop
  endfacet
  facet normal 0.499497 0 -0.866315
    outer loop
      vertex 1.002 0.75 0.00199986
      vertex 3 0.949997 1.154
      vertex 3 0.75 1.154
    endloop
  endfacet
  facet normal 0.499497 0 -0.866315
    outer loop
      vertex 3 0.949997 1.154
      vertex 1.002 0.75 0.00199986
      vertex 1.002 0.949997 0.00199986
    endloop
  endfacet
  facet normal 0 -1 0
    outer loop
      vertex 3.502 0.751999 3.002
      vertex 5.5 0.751999 3.254
      vertex 3.502 0.751999 3.254
    endloop
  endfacet
  facet normal 0 -1 -0
    outer loop
      vertex 5.5 0.751999 3.254
      vertex 3.502 0.751999 3.002
      vertex 5.5 0.751999 3.002
    endloop
  endfacet
  facet normal 0 -1 0
    outer loop
      vertex 1.002 0.751999 3.002
      vertex 3 0.751999 3.254
      vertex 1.002 0.751999 3.254
    endloop
  endfacet
  facet normal 0 -1 -0
    outer loop
      vertex 3 0.751999 3.254
      vertex 1.002 0.751999 3.002
      vertex 3 0.751999 3.002
    endloop
  endfacet
  facet normal 1 -0 0
    outer loop
      vertex 1.512 0.849998 3.002
      vertex 1.512 1.252 1.752
      vertex 1.512 1.252 3.002
    endloop
  endfacet
  facet normal 1 0 0
    outer loop
      vertex 1.512 1.252 1.752
      vertex 1.512 0.849998 3.002
      vertex 1.512 0.849998 1.752
    endloop
  endfacet
  facet normal -1 0 0
    outer loop
      vertex 1.308 0.849998 1.752
      vertex 1.308 0.949997 3.002
      vertex 1.308 0.949997 1.752
    endloop
  endfacet
  facet normal -1 -0 0
    outer loop
      vertex 1.308 0.949997 3.002
      vertex 1.308 0.849998 1.752
      vertex 1.308 0.849998 3.002
    endloop
  endfacet
  facet normal 0 -1 0
    outer loop
      vertex 5.146 0.849998 0.00199986
      vertex 5.348 0.849998 3.002
      vertex 5.146 0.849998 3.002
    endloop
  endfacet
  facet normal 0 -1 -0
    outer loop
      vertex 5.348 0.849998 3.002
      vertex 5.146 0.849998 0.00199986
      vertex 5.348 0.849998 0.00199986
    endloop
  endfacet
  facet normal 0 -1 0
    outer loop
      vertex 3.644 0.849998 0.00199986
      vertex 3.846 0.849998 3.002
      vertex 3.644 0.849998 3.002
    endloop
  endfacet
  facet normal 0 -1 -0
    outer loop
      vertex 3.846 0.849998 3.002
      vertex 3.644 0.849998 0.00199986
      vertex 3.846 0.849998 0.00199986
    endloop
  endfacet
  facet normal 0 -1 0
    outer loop
      vertex 2.486 0.849998 1.752
      vertex 2.688 0.849998 3.002
      vertex 2.486 0.849998 3.002
    endloop
  endfacet
  facet normal 0 -1 -0
    outer loop
      vertex 2.688 0.849998 3.002
      vertex 2.486 0.849998 1.752
      vertex 2.688 0.849998 1.752
    endloop
  endfacet
  facet normal 0 -1 0
    outer loop
      vertex 1.308 0.849998 1.752
      vertex 1.512 0.849998 3.002
      vertex 1.308 0.849998 3.002
    endloop
  endfacet
  facet normal 0 -1 -0
    outer loop
      vertex 1.512 0.849998 3.002
      vertex 1.308 0.849998 1.752
      vertex 1.512 0.849998 1.752
    endloop
  endfacet
  facet normal 1 -0 0
    outer loop
      vertex 2.688 0.849998 3.002
      vertex 2.688 0.949997 1.752
      vertex 2.688 0.949997 3.002
    endloop
  endfacet
  facet normal 1 0 0
    outer loop
      vertex 2.688 0.949997 1.752
      vertex 2.688 0.849998 3.002
      vertex 2.688 0.849998 1.752
    endloop
  endfacet
  facet normal -1 0 0
    outer loop
      vertex 2.486 0.849998 1.752
      vertex 2.486 1.252 3.002
      vertex 2.486 1.252 1.752
    endloop
  endfacet
  facet normal -1 -0 0
    outer loop
      vertex 2.486 1.252 3.002
      vertex 2.486 0.849998 1.752
      vertex 2.486 0.849998 3.002
    endloop
  endfacet
  facet normal -1 0 0
    outer loop
      vertex 1.9 1.102 1.752
      vertex 1.9 1.252 3.002
      vertex 1.9 1.252 1.752
    endloop
  endfacet
  facet normal -1 -0 0
    outer loop
      vertex 1.9 1.252 3.002
      vertex 1.9 1.102 1.752
      vertex 1.9 1.102 3.002
    endloop
  endfacet
  facet normal 0 -1 0
    outer loop
      vertex 1.9 1.102 1.752
      vertex 2.1 1.102 3.002
      vertex 1.9 1.102 3.002
    endloop
  endfacet
  facet normal 0 -1 -0
    outer loop
      vertex 2.1 1.102 3.002
      vertex 1.9 1.102 1.752
      vertex 2.1 1.102 1.752
    endloop
  endfacet
  facet normal 1 -0 0
    outer loop
      vertex 2.1 1.102 3.002
      vertex 2.1 1.252 1.752
      vertex 2.1 1.252 3.002
    endloop
  endfacet
  facet normal 1 0 0
    outer loop
      vertex 2.1 1.252 1.752
      vertex 2.1 1.102 3.002
      vertex 2.1 1.102 1.752
    endloop
  endfacet
  facet normal 1 -0 0
    outer loop
      vertex 5.5 1.252 0.202
      vertex 5.5 1.254 0.00199986
      vertex 5.5 1.254 0.202
    endloop
  endfacet
  facet normal 1 0 0
    outer loop
      vertex 5.5 1.254 0.00199986
      vertex 5.5 1.252 0.202
      vertex 5.5 1.252 0.00199986
    endloop
  endfacet
  facet normal -1 0 0
    outer loop
      vertex 5.5 1.254 0.202
      vertex 5.5 6.248 3.504
      vertex 5.5 6.248 0.202
    endloop
  endfacet
  facet normal -1 -0 0
    outer loop
      vertex 5.5 6.248 3.504
      vertex 5.5 1.254 0.202
      vertex 5.5 1.254 3.504
    endloop
  endfacet
  facet normal -1 0 0
    outer loop
      vertex 5.5 0.949997 0.00199986
      vertex 5.5 0.751999 3.002
      vertex 5.5 0.949997 3.002
    endloop
  endfacet
  facet normal -1 -0 0
    outer loop
      vertex 5.5 0.751999 3.002
      vertex 5.5 0.75 0.00199986
      vertex 5.5 0.751999 3.254
    endloop
  endfacet
  facet normal -1 0 0
    outer loop
      vertex 5.5 0.75 0.00199986
      vertex 5.5 0.751999 3.002
      vertex 5.5 0.949997 0.00199986
    endloop
  endfacet
  facet normal -1 0 0
    outer loop
      vertex 5.5 0.751999 3.254
      vertex 5.5 0.949997 3.504
      vertex 5.5 0.949997 3.254
    endloop
  endfacet
  facet normal -1 0 0
    outer loop
      vertex 5.5 0.751999 3.254
      vertex 5.5 0.75 3.504
      vertex 5.5 0.949997 3.504
    endloop
  endfacet
  facet normal -1 0 0
    outer loop
      vertex 5.5 0.75 3.504
      vertex 5.5 0.751999 3.254
      vertex 5.5 0.75 0.00199986
    endloop
  endfacet
  facet normal -1 0 0
    outer loop
      vertex 5.5 10.75 0.202
      vertex 5.5 10.752 0.00199986
      vertex 5.5 10.75 0.00199986
    endloop
  endfacet
  facet normal -1 0 0
    outer loop
      vertex 5.5 10.752 0.00199986
      vertex 5.5 10.75 0.202
      vertex 5.5 10.752 3.504
    endloop
  endfacet
  facet normal -1 -0 0
    outer loop
      vertex 5.5 10.752 3.504
      vertex 5.5 10.75 0.202
      vertex 5.5 10.75 3.504
    endloop
  endfacet
  facet normal -1 0 0
    outer loop
      vertex 5.5 11.052 2.008
      vertex 5.5 11.252 3.504
      vertex 5.5 11.252 2.008
    endloop
  endfacet
  facet normal -1 -0 0
    outer loop
      vertex 5.5 11.252 3.504
      vertex 5.5 11.052 2.008
      vertex 5.5 11.052 3.504
    endloop
  endfacet
  facet normal 1 -0 0
    outer loop
      vertex 5.5 6.248 0.202
      vertex 5.5 6.252 0.00199986
      vertex 5.5 6.252 0.202
    endloop
  endfacet
  facet normal 1 0 0
    outer loop
      vertex 5.5 6.252 0.00199986
      vertex 5.5 6.248 0.202
      vertex 5.5 6.248 0.00199986
    endloop
  endfacet
  facet normal 1 -0 0
    outer loop
      vertex 6 0.75 3.504
      vertex 6 1.252 0.00199986
      vertex 6 1.252 3.504
    endloop
  endfacet
  facet normal 1 0 0
    outer loop
      vertex 6 1.252 0.00199986
      vertex 6 0.75 3.504
      vertex 6 0.75 0.00199986
    endloop
  endfacet
  facet normal 1 -0 0
    outer loop
      vertex 6 3.25 3.504
      vertex 6 3.752 0.604
      vertex 6 3.752 3.504
    endloop
  endfacet
  facet normal 1 0 0
    outer loop
      vertex 6 3.25 0.599999
      vertex 6 3.752 0.604
      vertex 6 3.25 3.504
    endloop
  endfacet
  facet normal 1 -0 0
    outer loop
      vertex 6 3.25 0.599999
      vertex 6 3.25 0.00199986
      vertex 6 3.752 0.604
    endloop
  endfacet
  facet normal 1 0 0
    outer loop
      vertex 6 1.256 2.896
      vertex 6 3.25 0.00199986
      vertex 6 3.25 0.599999
    endloop
  endfacet
  facet normal 1 -0 0
    outer loop
      vertex 6 1.256 2.896
      vertex 6 3.25 0.599999
      vertex 6 1.256 3.496
    endloop
  endfacet
  facet normal 1 0 0
    outer loop
      vertex 6 3.25 0.00199986
      vertex 6 1.256 2.896
      vertex 6 3.25 0
    endloop
  endfacet
  facet normal 1 0 0
    outer loop
      vertex 6 3.748 0.599999
      vertex 6 3.25 0.00199986
      vertex 6 3.748 0.00199986
    endloop
  endfacet
  facet normal 1 0 0
    outer loop
      vertex 6 3.752 0.604
      vertex 6 5.748 2.896
      vertex 6 5.748 3.496
    endloop
  endfacet
  facet normal 1 -0 0
    outer loop
      vertex 6 3.752 0.604
      vertex 6 3.752 0.00399971
      vertex 6 5.748 2.896
    endloop
  endfacet
  facet normal 1 -0 0
    outer loop
      vertex 6 3.748 0.599999
      vertex 6 3.752 0.00399971
      vertex 6 3.752 0.604
    endloop
  endfacet
  facet normal 1 0 0
    outer loop
      vertex 6 3.748 0.00199986
      vertex 6 3.752 0.00399971
      vertex 6 3.748 0.599999
    endloop
  endfacet
  facet normal 1 0 0
    outer loop
      vertex 6 3.752 0.00399971
      vertex 6 3.75 0.00199986
      vertex 6 3.752 0.00199986
    endloop
  endfacet
  facet normal 1 0 0
    outer loop
      vertex 6 3.752 0.00399971
      vertex 6 3.748 0.00199986
      vertex 6 3.75 0.00199986
    endloop
  endfacet
  facet normal 1 0 0
    outer loop
      vertex 6 3.75 0.00199986
      vertex 6 3.748 0.00199986
      vertex 6 3.748 0
    endloop
  endfacet
  facet normal 1 0 0
    outer loop
      vertex 6 5.748 3.496
      vertex 6 6.248 3.504
      vertex 6 5.748 3.504
    endloop
  endfacet
  facet normal 1 0 0
    outer loop
      vertex 6 5.748 2.896
      vertex 6 6.248 3.504
      vertex 6 5.748 3.496
    endloop
  endfacet
  facet normal 1 0 0
    outer loop
      vertex 6 6.248 3.504
      vertex 6 5.748 2.896
      vertex 6 6.248 0.00199986
    endloop
  endfacet
  facet normal 1 0 0
    outer loop
      vertex 6 6.248 0.00199986
      vertex 6 5.748 2.896
      vertex 6 5.748 0.00199986
    endloop
  endfacet
  facet normal -1 0 0
    outer loop
      vertex 6 11.052 0
      vertex 6 11.252 0.00199986
      vertex 6 11.252 0
    endloop
  endfacet
  facet normal -1 -0 0
    outer loop
      vertex 6 11.252 0.00199986
      vertex 6 11.052 0
      vertex 6 11.052 0.00199986
    endloop
  endfacet
  facet normal -1 0 -0
    outer loop
      vertex 6 3.748 0.599999
      vertex 6 3.752 0.604
      vertex 6 3.25 0.00199986
    endloop
  endfacet
  facet normal 1 -0 0
    outer loop
      vertex 6 11.052 3.504
      vertex 6 11.252 0.599999
      vertex 6 11.252 3.504
    endloop
  endfacet
  facet normal 1 0 0
    outer loop
      vertex 6 11.252 0.599999
      vertex 6 11.052 3.504
      vertex 6 11.052 0.599999
    endloop
  endfacet
  facet normal -1 0 0
    outer loop
      vertex 3.502 0.751999 3.002
      vertex 3.502 0.949997 3.254
      vertex 3.502 0.949997 3.002
    endloop
  endfacet
  facet normal -1 -0 0
    outer loop
      vertex 3.502 0.949997 3.254
      vertex 3.502 0.751999 3.002
      vertex 3.502 0.751999 3.254
    endloop
  endfacet
  facet normal -1 0 0
    outer loop
      vertex 3.502 0.949997 0.00199986
      vertex 3.502 1.252 0.202
      vertex 3.502 1.252 0.00199986
    endloop
  endfacet
  facet normal -1 -0 0
    outer loop
      vertex 3.502 1.252 0.202
      vertex 3.502 0.949997 0.00199986
      vertex 3.502 0.949997 3.002
    endloop
  endfacet
  facet normal -1 0 0
    outer loop
      vertex 3.502 1.252 0.202
      vertex 3.502 0.949997 3.002
      vertex 3.502 1.252 3.504
    endloop
  endfacet
  facet normal -1 0 0
    outer loop
      vertex 3.502 0.949997 3.254
      vertex 3.502 1.252 3.504
      vertex 3.502 0.949997 3.002
    endloop
  endfacet
  facet normal -1 -0 0
    outer loop
      vertex 3.502 1.252 3.504
      vertex 3.502 0.949997 3.254
      vertex 3.502 0.949997 3.504
    endloop
  endfacet
  facet normal 1 -0 0
    outer loop
      vertex 3.846 0.849998 3.002
      vertex 3.846 1.252 0.202
      vertex 3.846 1.252 3.002
    endloop
  endfacet
  facet normal 1 0 0
    outer loop
      vertex 3.846 0.849998 0.00199986
      vertex 3.846 1.252 0.202
      vertex 3.846 0.849998 3.002
    endloop
  endfacet
  facet normal 1 0 0
    outer loop
      vertex 3.846 1.252 0.202
      vertex 3.846 0.849998 0.00199986
      vertex 3.846 1.252 0.00199986
    endloop
  endfacet
  facet normal -1 0 0
    outer loop
      vertex 3.644 0.849998 0.00199986
      vertex 3.644 0.949997 3.002
      vertex 3.644 0.949997 0.00199986
    endloop
  endfacet
  facet normal -1 -0 0
    outer loop
      vertex 3.644 0.949997 3.002
      vertex 3.644 0.849998 0.00199986
      vertex 3.644 0.849998 3.002
    endloop
  endfacet
  facet normal 1 -0 0
    outer loop
      vertex 5.348 0.849998 3.002
      vertex 5.348 0.949997 0.00199986
      vertex 5.348 0.949997 3.002
    endloop
  endfacet
  facet normal 1 0 0
    outer loop
      vertex 5.348 0.949997 0.00199986
      vertex 5.348 0.849998 3.002
      vertex 5.348 0.849998 0.00199986
    endloop
  endfacet
  facet normal -1 0 0
    outer loop
      vertex 5.146 0.849998 0.00199986
      vertex 5.146 1.252 0.202
      vertex 5.146 1.252 0.00199986
    endloop
  endfacet
  facet normal -1 0 0
    outer loop
      vertex 5.146 0.849998 3.002
      vertex 5.146 1.252 0.202
      vertex 5.146 0.849998 0.00199986
    endloop
  endfacet
  facet normal -1 0 0
    outer loop
      vertex 5.146 1.252 0.202
      vertex 5.146 0.849998 3.002
      vertex 5.146 1.252 3.002
    endloop
  endfacet
  facet normal -0.00016347 -0.823638 -0.567116
    outer loop
      vertex 5.8 2.158 1.586
      vertex 6 3.25 0
      vertex 5.8 1.256 2.896
    endloop
  endfacet
  facet normal -0.00567538 -0.8233 -0.567578
    outer loop
      vertex 5.8 3.25 0.00199986
      vertex 6 3.25 0
      vertex 5.8 2.158 1.586
    endloop
  endfacet
  facet normal 0 -1 0
    outer loop
      vertex 6 3.25 0
      vertex 5.8 3.25 0.00199986
      vertex 5.8 3.25 0
    endloop
  endfacet
  facet normal 0 -0.823643 -0.567108
    outer loop
      vertex 6 3.25 0
      vertex 6 1.256 2.896
      vertex 5.8 1.256 2.896
    endloop
  endfacet
  facet normal 1 -0 0
    outer loop
      vertex 5.8 4.844 1.586
      vertex 5.8 5.748 0.00199986
      vertex 5.8 5.748 2.896
    endloop
  endfacet
  facet normal 1 -0 0
    outer loop
      vertex 5.8 3.752 0.00399971
      vertex 5.8 5.748 0.00199986
      vertex 5.8 4.844 1.586
    endloop
  endfacet
  facet normal 1 0 0
    outer loop
      vertex 5.8 5.748 0.00199986
      vertex 5.8 3.752 0.00399971
      vertex 5.8 3.752 0.00199986
    endloop
  endfacet
  facet normal 1 -0 0
    outer loop
      vertex 5.8 3.752 3.504
      vertex 5.8 5.748 3.496
      vertex 5.8 5.748 3.504
    endloop
  endfacet
  facet normal 1 0 0
    outer loop
      vertex 5.8 5.748 3.496
      vertex 5.8 3.752 3.504
      vertex 5.8 4.656 1.914
    endloop
  endfacet
  facet normal 1 0 0
    outer loop
      vertex 5.8 4.656 1.914
      vertex 5.8 3.752 3.504
      vertex 5.8 3.752 0.604
    endloop
  endfacet
  facet normal -1 0 0
    outer loop
      vertex 5.8 3.748 0.00199986
      vertex 5.8 3.75 0.00199986
      vertex 5.8 3.748 0
    endloop
  endfacet
  facet normal 1 0 0
    outer loop
      vertex 5.8 3.25 3.504
      vertex 5.8 2.346 1.914
      vertex 5.8 3.25 0.599999
    endloop
  endfacet
  facet normal 1 0 0
    outer loop
      vertex 5.8 3.25 3.504
      vertex 5.8 1.256 3.496
      vertex 5.8 2.346 1.914
    endloop
  endfacet
  facet normal 1 0 0
    outer loop
      vertex 5.8 1.256 3.496
      vertex 5.8 1.254 3.504
      vertex 5.8 1.256 2.896
    endloop
  endfacet
  facet normal 1 -0 0
    outer loop
      vertex 5.8 1.254 3.504
      vertex 5.8 1.256 3.496
      vertex 5.8 3.25 3.504
    endloop
  endfacet
  facet normal 1 0 0
    outer loop
      vertex 5.8 2.158 1.586
      vertex 5.8 1.254 0.00199986
      vertex 5.8 3.25 0.00199986
    endloop
  endfacet
  facet normal 1 0 0
    outer loop
      vertex 5.8 1.256 2.896
      vertex 5.8 1.254 0.00199986
      vertex 5.8 2.158 1.586
    endloop
  endfacet
  facet normal 1 0 0
    outer loop
      vertex 5.8 1.254 0.00199986
      vertex 5.8 1.256 2.896
      vertex 5.8 1.254 3.504
    endloop
  endfacet
  facet normal 0 -1 0
    outer loop
      vertex 5.8 1.256 2.896
      vertex 6 1.256 3.496
      vertex 5.8 1.256 3.496
    endloop
  endfacet
  facet normal 0 -1 -0
    outer loop
      vertex 6 1.256 3.496
      vertex 5.8 1.256 2.896
      vertex 6 1.256 2.896
    endloop
  endfacet
  facet normal 0.00973917 0.823425 0.567341
    outer loop
      vertex 5.914 3.25 0.599999
      vertex 5.8 2.346 1.914
      vertex 5.8 1.256 3.496
    endloop
  endfacet
  facet normal 0 0.823859 0.566795
    outer loop
      vertex 5.914 3.25 0.599999
      vertex 5.8 3.25 0.599999
      vertex 5.8 2.346 1.914
    endloop
  endfacet
  facet normal -0 0.823643 0.567108
    outer loop
      vertex 5.914 3.25 0.599999
      vertex 6 1.256 3.496
      vertex 6 3.25 0.599999
    endloop
  endfacet
  facet normal 0 0.823643 0.567108
    outer loop
      vertex 6 1.256 3.496
      vertex 5.914 3.25 0.599999
      vertex 5.8 1.256 3.496
    endloop
  endfacet
  facet normal 0 -1 0
    outer loop
      vertex 1 10.75 0.202
      vertex 3.002 10.75 3.504
      vertex 1 10.75 3.504
    endloop
  endfacet
  facet normal 0 -1 -0
    outer loop
      vertex 3.002 10.75 3.504
      vertex 1 10.75 0.202
      vertex 3.002 10.75 0.202
    endloop
  endfacet
  facet normal 0 -1 0
    outer loop
      vertex 0.501999 10.75 0.604
      vertex 0.699997 10.75 3.504
      vertex 0.501999 10.75 3.504
    endloop
  endfacet
  facet normal 0 -1 -0
    outer loop
      vertex 0.699997 10.75 3.504
      vertex 0.501999 10.75 0.604
      vertex 0.699997 10.75 0.604
    endloop
  endfacet
  facet normal 0 1 -0
    outer loop
      vertex 8 10.75 0.00199986
      vertex 7.996 10.75 0.202
      vertex 8 10.75 0.202
    endloop
  endfacet
  facet normal 0 1 0
    outer loop
      vertex 7.996 10.75 0.202
      vertex 8 10.75 0.00199986
      vertex 7.996 10.75 0.00199986
    endloop
  endfacet
  facet normal 0 -1 0
    outer loop
      vertex 5.5 10.75 0.202
      vertex 7.996 10.75 3.504
      vertex 5.5 10.75 3.504
    endloop
  endfacet
  facet normal 0 -1 -0
    outer loop
      vertex 7.996 10.75 3.504
      vertex 5.5 10.75 0.202
      vertex 7.996 10.75 0.202
    endloop
  endfacet
  facet normal 0 1 -0
    outer loop
      vertex 5.5 10.75 0.00199986
      vertex 3.002 10.75 0.202
      vertex 5.5 10.75 0.202
    endloop
  endfacet
  facet normal 0 1 0
    outer loop
      vertex 3.002 10.75 0.202
      vertex 5.5 10.75 0.00199986
      vertex 3.002 10.75 0.00199986
    endloop
  endfacet
  facet normal 0 -1 0
    outer loop
      vertex 0.501999 10.75 0.00199986
      vertex 0.699997 10.75 0.00399971
      vertex 0.501999 10.75 0.00399971
    endloop
  endfacet
  facet normal 0 -1 -0
    outer loop
      vertex 0.699997 10.75 0.00399971
      vertex 0.501999 10.75 0.00199986
      vertex 0.699997 10.75 0.00199986
    endloop
  endfacet
  facet normal 1 -0 0
    outer loop
      vertex 3.002 11.052 0.00199986
      vertex 3.002 11.252 0
      vertex 3.002 11.252 0.00199986
    endloop
  endfacet
  facet normal 1 0 0
    outer loop
      vertex 3.002 11.252 0
      vertex 3.002 11.052 0.00199986
      vertex 3.002 11.052 0
    endloop
  endfacet
  facet normal 1 0 0
    outer loop
      vertex 3.002 10.75 0.202
      vertex 3.002 10.752 3.504
      vertex 3.002 10.75 3.504
    endloop
  endfacet
  facet normal 1 0 0
    outer loop
      vertex 3.002 10.752 3.504
      vertex 3.002 10.75 0.202
      vertex 3.002 10.752 0.00199986
    endloop
  endfacet
  facet normal 1 0 0
    outer loop
      vertex 3.002 10.752 0.00199986
      vertex 3.002 10.75 0.202
      vertex 3.002 10.75 0.00199986
    endloop
  endfacet
  facet normal -1 0 0
    outer loop
      vertex 3.002 11.052 0.599999
      vertex 3.002 11.252 3.504
      vertex 3.002 11.252 0.599999
    endloop
  endfacet
  facet normal -1 -0 0
    outer loop
      vertex 3.002 11.252 3.504
      vertex 3.002 11.052 0.599999
      vertex 3.002 11.052 3.504
    endloop
  endfacet
  facet normal -1 0 0
    outer loop
      vertex 0.501999 10.75 0.00399971
      vertex 0.501999 10.752 0.00199986
      vertex 0.501999 10.75 0.00199986
    endloop
  endfacet
  facet normal -1 0 0
    outer loop
      vertex 0.501999 10.754 0.599999
      vertex 0.501999 11.252 0.00199986
      vertex 0.501999 10.754 0.00199986
    endloop
  endfacet
  facet normal 1 0 0
    outer loop
      vertex 0.501999 11.252 0.00199986
      vertex 0.501999 10.754 0.599999
      vertex 0.501999 10.75 0.604
    endloop
  endfacet
  facet normal -1 0 0
    outer loop
      vertex 0.501999 10.75 0.604
      vertex 0.501999 11.252 3.504
      vertex 0.501999 11.252 0.00199986
    endloop
  endfacet
  facet normal -1 -0 0
    outer loop
      vertex 0.501999 11.252 3.504
      vertex 0.501999 10.75 0.604
      vertex 0.501999 10.75 3.504
    endloop
  endfacet
  facet normal 0 1 -0
    outer loop
      vertex 3.502 11.252 2.004
      vertex 3.002 11.252 3.504
      vertex 3.502 11.252 3.504
    endloop
  endfacet
  facet normal 0 1 0
    outer loop
      vertex 3.502 11.252 2.004
      vertex 3.002 11.252 0.599999
      vertex 3.002 11.252 3.504
    endloop
  endfacet
  facet normal -0 1 0
    outer loop
      vertex 3.002 11.252 0.599999
      vertex 3.502 11.252 2.004
      vertex 3.502 11.252 0.00199986
    endloop
  endfacet
  facet normal 0 1 0
    outer loop
      vertex 3.002 11.252 0.599999
      vertex 1.002 11.252 2.896
      vertex 1.002 11.252 3.496
    endloop
  endfacet
  facet normal 0 1 0
    outer loop
      vertex 3.002 11.252 0.00199986
      vertex 3.002 11.252 0.599999
      vertex 3.502 11.252 0.00199986
    endloop
  endfacet
  facet normal 0 1 0
    outer loop
      vertex 3.002 11.252 0.599999
      vertex 3.002 11.252 0.00199986
      vertex 1.002 11.252 2.896
    endloop
  endfacet
  facet normal 0 1 0
    outer loop
      vertex 1.002 11.252 2.896
      vertex 3.002 11.252 0.00199986
      vertex 3.002 11.252 0
    endloop
  endfacet
  facet normal 0 1 -0
    outer loop
      vertex 1.002 11.252 3.496
      vertex 0.501999 11.252 3.504
      vertex 1.002 11.252 3.504
    endloop
  endfacet
  facet normal 0 1 -0
    outer loop
      vertex 1.002 11.252 2.896
      vertex 0.501999 11.252 3.504
      vertex 1.002 11.252 3.496
    endloop
  endfacet
  facet normal 0 1 0
    outer loop
      vertex 0.501999 11.252 0.00199986
      vertex 1.002 11.252 2.896
      vertex 1.002 11.252 0.00199986
    endloop
  endfacet
  facet normal 0 1 0
    outer loop
      vertex 1.002 11.252 2.896
      vertex 0.501999 11.252 0.00199986
      vertex 0.501999 11.252 3.504
    endloop
  endfacet
  facet normal 0 1 -0
    outer loop
      vertex 7.994 11.252 2.896
      vertex 6 11.252 0.599999
      vertex 7.994 11.252 3.496
    endloop
  endfacet
  facet normal 0 1 0
    outer loop
      vertex 7.994 11.252 2.896
      vertex 6 11.252 0.00199986
      vertex 6 11.252 0.599999
    endloop
  endfacet
  facet normal -0 1 0
    outer loop
      vertex 6 11.252 0.00199986
      vertex 7.994 11.252 2.896
      vertex 6 11.252 0
    endloop
  endfacet
  facet normal 0 1 0
    outer loop
      vertex 6 11.252 3.504
      vertex 5.5 11.252 2.008
      vertex 5.5 11.252 3.504
    endloop
  endfacet
  facet normal 0 1 -0
    outer loop
      vertex 5.502 11.252 2.004
      vertex 5.5 11.252 2.008
      vertex 6 11.252 3.504
    endloop
  endfacet
  facet normal 0 1 0
    outer loop
      vertex 5.5 11.252 2.008
      vertex 5.502 11.252 2.004
      vertex 5.5 11.252 2.006
    endloop
  endfacet
  facet normal 0 1 -0
    outer loop
      vertex 6 11.252 0.599999
      vertex 5.502 11.252 2.004
      vertex 6 11.252 3.504
    endloop
  endfacet
  facet normal 0 1 0
    outer loop
      vertex 5.502 11.252 0.00199986
      vertex 6 11.252 0.599999
      vertex 6 11.252 0.00199986
    endloop
  endfacet
  facet normal 0 1 0
    outer loop
      vertex 6 11.252 0.599999
      vertex 5.502 11.252 0.00199986
      vertex 5.502 11.252 2.004
    endloop
  endfacet
  facet normal -0.707082 -0 -0.707132
    outer loop
      vertex 3.002 11.252 0
      vertex 3.002 11.052 0
      vertex 3 11.052 0.00199986
    endloop
  endfacet
  facet normal -0.822825 0.00254575 -0.568289
    outer loop
      vertex 3.002 11.252 0
      vertex 3 11.052 0.00199986
      vertex 1.906 11.052 1.586
    endloop
  endfacet
  facet normal -0.823034 0.00633297 -0.567956
    outer loop
      vertex 3.002 11.252 0
      vertex 1.906 11.052 1.586
      vertex 1.002 11.052 2.896
    endloop
  endfacet
  facet normal -0.822846 -0 -0.568264
    outer loop
      vertex 1.002 11.252 2.896
      vertex 3.002 11.252 0
      vertex 1.002 11.052 2.896
    endloop
  endfacet
  facet normal 0 -1 0
    outer loop
      vertex 4.01 11.052 7.534
      vertex 4.98 11.052 8.054
      vertex 4.01 11.052 8.054
    endloop
  endfacet
  facet normal 0 -1 -0
    outer loop
      vertex 4.98 11.052 8.054
      vertex 4.01 11.052 7.534
      vertex 4.98 11.052 7.534
    endloop
  endfacet
  facet normal 0 -1 0
    outer loop
      vertex 3.002 11.052 0
      vertex 3.002 11.052 0.00199986
      vertex 3 11.052 0.00199986
    endloop
  endfacet
  facet normal 0 1 0
    outer loop
      vertex 3.002 11.052 3.504
      vertex 1.002 11.052 3.496
      vertex 1.002 11.052 3.504
    endloop
  endfacet
  facet normal 0 1 0
    outer loop
      vertex 3.002 11.052 3.504
      vertex 2.094 11.052 1.914
      vertex 1.002 11.052 3.496
    endloop
  endfacet
  facet normal -0 1 0
    outer loop
      vertex 2.094 11.052 1.914
      vertex 3.002 11.052 3.504
      vertex 3.002 11.052 0.599999
    endloop
  endfacet
  facet normal 0 -1 0
    outer loop
      vertex 4.01 11.052 6.914
      vertex 4.98 11.052 7.434
      vertex 4.01 11.052 7.434
    endloop
  endfacet
  facet normal 0 -1 -0
    outer loop
      vertex 4.98 11.052 7.434
      vertex 4.01 11.052 6.914
      vertex 4.98 11.052 6.914
    endloop
  endfacet
  facet normal 0 -1 0
    outer loop
      vertex 4.01 11.052 6.294
      vertex 4.98 11.052 6.814
      vertex 4.01 11.052 6.814
    endloop
  endfacet
  facet normal 0 -1 -0
    outer loop
      vertex 4.98 11.052 6.814
      vertex 4.01 11.052 6.294
      vertex 4.98 11.052 6.294
    endloop
  endfacet
  facet normal 0 1 0
    outer loop
      vertex 1.906 11.052 1.586
      vertex 1.002 11.052 0.00199986
      vertex 1.002 11.052 2.896
    endloop
  endfacet
  facet normal 0 1 0
    outer loop
      vertex 1.002 11.052 0.00199986
      vertex 1.906 11.052 1.586
      vertex 3 11.052 0.00199986
    endloop
  endfacet
  facet normal 0 -1 0
    outer loop
      vertex 4.01 11.052 5.672
      vertex 4.98 11.052 6.194
      vertex 4.01 11.052 6.194
    endloop
  endfacet
  facet normal 0 -1 -0
    outer loop
      vertex 4.98 11.052 6.194
      vertex 4.01 11.052 5.672
      vertex 4.98 11.052 5.672
    endloop
  endfacet
  facet normal 0 1 0
    outer loop
      vertex 5.5 11.052 3.504
      vertex 4.98 11.052 3.182
      vertex 4.98 11.052 3.504
    endloop
  endfacet
  facet normal 0 1 0
    outer loop
      vertex 4.98 11.052 3.182
      vertex 5.082 11.052 3.016
      vertex 4.01 11.052 3.182
    endloop
  endfacet
  facet normal 0 1 0
    outer loop
      vertex 5.5 11.052 3.504
      vertex 5.082 11.052 3.016
      vertex 4.98 11.052 3.182
    endloop
  endfacet
  facet normal 0 1 0
    outer loop
      vertex 5.5 11.052 3.504
      vertex 5.142 11.052 2.874
      vertex 5.082 11.052 3.016
    endloop
  endfacet
  facet normal -0 1 0
    outer loop
      vertex 5.142 11.052 2.874
      vertex 5.5 11.052 3.504
      vertex 5.5 11.052 2.008
    endloop
  endfacet
  facet normal 0 1 -0
    outer loop
      vertex 4.01 11.052 3.182
      vertex 3.502 11.052 3.504
      vertex 4.01 11.052 3.504
    endloop
  endfacet
  facet normal 0 1 0
    outer loop
      vertex 3.91 11.052 3.016
      vertex 4.01 11.052 3.182
      vertex 5.082 11.052 3.016
    endloop
  endfacet
  facet normal 0 1 -0
    outer loop
      vertex 3.91 11.052 3.016
      vertex 3.502 11.052 3.504
      vertex 4.01 11.052 3.182
    endloop
  endfacet
  facet normal 0 1 -0
    outer loop
      vertex 3.856 11.052 2.882
      vertex 3.502 11.052 3.504
      vertex 3.91 11.052 3.016
    endloop
  endfacet
  facet normal 0 1 0
    outer loop
      vertex 3.856 11.052 2.882
      vertex 3.502 11.052 2.102
      vertex 3.502 11.052 3.504
    endloop
  endfacet
  facet normal -0 1 0
    outer loop
      vertex 3.502 11.052 2.102
      vertex 3.856 11.052 2.882
      vertex 3.502 11.052 2.006
    endloop
  endfacet
  facet normal 0 -1 0
    outer loop
      vertex 4.01 11.052 3.504
      vertex 4.98 11.052 3.702
      vertex 4.01 11.052 3.702
    endloop
  endfacet
  facet normal 0 -1 -0
    outer loop
      vertex 4.98 11.052 3.702
      vertex 4.01 11.052 3.504
      vertex 4.98 11.052 3.504
    endloop
  endfacet
  facet normal 0 -1 0
    outer loop
      vertex 4.01 11.052 3.802
      vertex 4.98 11.052 4.332
      vertex 4.01 11.052 4.332
    endloop
  endfacet
  facet normal 0 -1 -0
    outer loop
      vertex 4.98 11.052 4.332
      vertex 4.01 11.052 3.802
      vertex 4.98 11.052 3.802
    endloop
  endfacet
  facet normal 0 -1 0
    outer loop
      vertex 4.01 11.052 4.432
      vertex 4.98 11.052 4.952
      vertex 4.01 11.052 4.952
    endloop
  endfacet
  facet normal 0 -1 -0
    outer loop
      vertex 4.98 11.052 4.952
      vertex 4.01 11.052 4.432
      vertex 4.98 11.052 4.432
    endloop
  endfacet
  facet normal 0 -1 0
    outer loop
      vertex 4.01 11.052 5.052
      vertex 4.98 11.052 5.574
      vertex 4.01 11.052 5.574
    endloop
  endfacet
  facet normal 0 -1 -0
    outer loop
      vertex 4.98 11.052 5.574
      vertex 4.01 11.052 5.052
      vertex 4.98 11.052 5.052
    endloop
  endfacet
  facet normal 0 1 0
    outer loop
      vertex 7.996 11.052 3.504
      vertex 7.994 11.052 3.496
      vertex 6 11.052 3.504
    endloop
  endfacet
  facet normal 0 1 0
    outer loop
      vertex 7.996 11.052 3.504
      vertex 7.994 11.052 2.896
      vertex 7.994 11.052 3.496
    endloop
  endfacet
  facet normal 0 1 -0
    outer loop
      vertex 7.996 11.052 0.00199986
      vertex 7.994 11.052 2.896
      vertex 7.996 11.052 3.504
    endloop
  endfacet
  facet normal 0 1 0
    outer loop
      vertex 7.996 11.052 0.00199986
      vertex 7.092 11.052 1.586
      vertex 7.994 11.052 2.896
    endloop
  endfacet
  facet normal 0 1 0
    outer loop
      vertex 7.092 11.052 1.586
      vertex 7.996 11.052 0.00199986
      vertex 6 11.052 0.00199986
    endloop
  endfacet
  facet normal 0 1 -0
    outer loop
      vertex 6.904 11.052 1.914
      vertex 6 11.052 3.504
      vertex 7.994 11.052 3.496
    endloop
  endfacet
  facet normal 0 1 0
    outer loop
      vertex 6 11.052 3.504
      vertex 6.904 11.052 1.914
      vertex 6 11.052 0.599999
    endloop
  endfacet
  facet normal 0.822846 0 0.568264
    outer loop
      vertex 3.002 11.252 0.599999
      vertex 1.002 11.252 3.496
      vertex 1.002 11.052 3.496
    endloop
  endfacet
  facet normal 0.822688 -0 0.568493
    outer loop
      vertex 3.002 11.052 0.599999
      vertex 3.002 11.252 0.599999
      vertex 2.094 11.052 1.914
    endloop
  endfacet
  facet normal 0.822971 -0.0040756 0.568069
    outer loop
      vertex 2.094 11.052 1.914
      vertex 3.002 11.252 0.599999
      vertex 1.002 11.052 3.496
    endloop
  endfacet
  facet normal 0 -1 0
    outer loop
      vertex 5.8 3.748 0
      vertex 6 3.748 0.00199986
      vertex 5.8 3.748 0.00199986
    endloop
  endfacet
  facet normal 0 -1 -0
    outer loop
      vertex 6 3.748 0.00199986
      vertex 5.8 3.748 0
      vertex 6 3.748 0
    endloop
  endfacet
  facet normal 0 0.707082 -0.707132
    outer loop
      vertex 6 3.748 0
      vertex 5.8 3.75 0.00199986
      vertex 6 3.75 0.00199986
    endloop
  endfacet
  facet normal 0 0.707082 -0.707132
    outer loop
      vertex 5.8 3.75 0.00199986
      vertex 6 3.748 0
      vertex 5.8 3.748 0
    endloop
  endfacet
  facet normal 0 0.823011 -0.568025
    outer loop
      vertex 5.998 3.752 0.00399971
      vertex 6 5.748 2.896
      vertex 6 3.752 0.00399971
    endloop
  endfacet
  facet normal 0 0.823011 -0.568025
    outer loop
      vertex 6 5.748 2.896
      vertex 5.998 3.752 0.00399971
      vertex 5.8 5.748 2.896
    endloop
  endfacet
  facet normal 0.00124304 0.82305 -0.567967
    outer loop
      vertex 5.8 5.748 2.896
      vertex 5.998 3.752 0.00399971
      vertex 5.8 4.844 1.586
    endloop
  endfacet
  facet normal 0 0.822978 -0.568073
    outer loop
      vertex 5.8 4.844 1.586
      vertex 5.998 3.752 0.00399971
      vertex 5.8 3.752 0.00399971
    endloop
  endfacet
  facet normal 0 -0.823011 0.568026
    outer loop
      vertex 5.914 3.752 0.604
      vertex 6 5.748 3.496
      vertex 5.8 5.748 3.496
    endloop
  endfacet
  facet normal 0 -0.823011 0.568026
    outer loop
      vertex 6 5.748 3.496
      vertex 5.914 3.752 0.604
      vertex 6 3.752 0.604
    endloop
  endfacet
  facet normal 0.0017888 -0.822977 0.568072
    outer loop
      vertex 5.914 3.752 0.604
      vertex 5.8 5.748 3.496
      vertex 5.8 4.656 1.914
    endloop
  endfacet
  facet normal 0 -0.823051 0.567968
    outer loop
      vertex 5.914 3.752 0.604
      vertex 5.8 4.656 1.914
      vertex 5.8 3.752 0.604
    endloop
  endfacet
  facet normal 0 1 0
    outer loop
      vertex 0.699997 10.754 0.00199986
      vertex 0.699997 10.754 0
      vertex 0.501999 10.754 0.00199986
    endloop
  endfacet
  facet normal 0 1 -0
    outer loop
      vertex 0.501999 10.754 0.00199986
      vertex 0.5 10.754 0.599999
      vertex 0.501999 10.754 0.599999
    endloop
  endfacet
  facet normal 0 1 0
    outer loop
      vertex 0.501999 10.754 0.00199986
      vertex 0.5 10.754 0
      vertex 0.5 10.754 0.599999
    endloop
  endfacet
  facet normal 0 1 0
    outer loop
      vertex 0.5 10.754 0
      vertex 0.501999 10.754 0.00199986
      vertex 0.699997 10.754 0
    endloop
  endfacet
  facet normal 0 1 -0
    outer loop
      vertex 0.699997 8.754 3.496
      vertex 0.5 8.754 3.504
      vertex 0.699997 8.754 3.504
    endloop
  endfacet
  facet normal 0 1 0
    outer loop
      vertex 0.5 8.754 3.504
      vertex 0.699997 8.754 3.496
      vertex 0.5 8.754 3.496
    endloop
  endfacet
  facet normal 0 1 -0
    outer loop
      vertex 0.699997 8.754 0.00199986
      vertex 0.5 8.754 2.896
      vertex 0.699997 8.754 2.896
    endloop
  endfacet
  facet normal 0 1 0
    outer loop
      vertex 0.5 8.754 2.896
      vertex 0.699997 8.754 0.00199986
      vertex 0.5 8.754 0.00199986
    endloop
  endfacet
  facet normal 0 -1 0
    outer loop
      vertex 0.5 8.254 3.504
      vertex 1 8.254 0.202
      vertex 1 8.254 3.504
    endloop
  endfacet
  facet normal 0 -1 0
    outer loop
      vertex 0.5 8.254 0.00199986
      vertex 1 8.254 0.202
      vertex 0.5 8.254 3.504
    endloop
  endfacet
  facet normal 0 -1 -0
    outer loop
      vertex 1 8.254 0.202
      vertex 0.5 8.254 0.00199986
      vertex 1 8.254 0.00199986
    endloop
  endfacet
  facet normal 0 -0.822846 -0.568264
    outer loop
      vertex 0.5 10.754 0
      vertex 0.699997 8.754 2.896
      vertex 0.5 8.754 2.896
    endloop
  endfacet
  facet normal 3.53744e-06 -0.70708 -0.707133
    outer loop
      vertex 0.5 10.754 0
      vertex 0.501999 10.752 0.00199986
      vertex 0.501999 10.75 0.00399971
    endloop
  endfacet
  facet normal -0 -0.707082 -0.707132
    outer loop
      vertex 0.699997 10.754 0
      vertex 0.501999 10.752 0.00199986
      vertex 0.5 10.754 0
    endloop
  endfacet
  facet normal 0 -0.707082 -0.707132
    outer loop
      vertex 0.501999 10.752 0.00199986
      vertex 0.699997 10.754 0
      vertex 0.699997 10.752 0.00199986
    endloop
  endfacet
  facet normal -0 -0.822978 -0.568073
    outer loop
      vertex 0.699997 10.75 0.00399971
      vertex 0.699997 9.658 1.586
      vertex 0.501999 10.75 0.00399971
    endloop
  endfacet
  facet normal -0.58068 -0.702179 -0.412014
    outer loop
      vertex 0.501999 10.75 0.00399971
      vertex 0.699997 9.658 1.586
      vertex 0.5 10.754 0
    endloop
  endfacet
  facet normal -0.00633306 -0.823034 -0.567956
    outer loop
      vertex 0.699997 9.658 1.586
      vertex 0.699997 8.754 2.896
      vertex 0.5 10.754 0
    endloop
  endfacet
  facet normal 0 0.707195 0.707018
    outer loop
      vertex 0.501999 10.75 0.604
      vertex 0.501999 10.754 0.599999
      vertex 0.5 10.754 0.599999
    endloop
  endfacet
  facet normal 0 0.823051 0.567968
    outer loop
      vertex 0.699997 9.846 1.914
      vertex 0.699997 10.75 0.604
      vertex 0.501999 10.75 0.604
    endloop
  endfacet
  facet normal 0.61343 0.690304 0.383646
    outer loop
      vertex 0.699997 9.846 1.914
      vertex 0.501999 10.75 0.604
      vertex 0.5 10.754 0.599999
    endloop
  endfacet
  facet normal 0.00407566 0.822971 0.568069
    outer loop
      vertex 0.699997 8.754 3.496
      vertex 0.699997 9.846 1.914
      vertex 0.5 10.754 0.599999
    endloop
  endfacet
  facet normal 0 0.822846 0.568264
    outer loop
      vertex 0.699997 8.754 3.496
      vertex 0.5 10.754 0.599999
      vertex 0.5 8.754 3.496
    endloop
  endfacet
  facet normal -1 0 0
    outer loop
      vertex 8 5.95 1.752
      vertex 8 5.752 3.002
      vertex 8 5.95 3.002
    endloop
  endfacet
  facet normal -1 -0 0
    outer loop
      vertex 8 5.752 3.002
      vertex 8 5.75 1.752
      vertex 8 5.752 3.254
    endloop
  endfacet
  facet normal -1 0 0
    outer loop
      vertex 8 5.75 1.752
      vertex 8 5.752 3.002
      vertex 8 5.95 1.752
    endloop
  endfacet
  facet normal -1 0 0
    outer loop
      vertex 8 5.752 3.254
      vertex 8 5.95 3.504
      vertex 8 5.95 3.254
    endloop
  endfacet
  facet normal -1 0 0
    outer loop
      vertex 8 5.752 3.254
      vertex 8 5.75 3.504
      vertex 8 5.95 3.504
    endloop
  endfacet
  facet normal -1 0 0
    outer loop
      vertex 8 5.75 3.504
      vertex 8 5.752 3.254
      vertex 8 5.75 1.752
    endloop
  endfacet
  facet normal 1 -0 0
    outer loop
      vertex 8 6.252 0.202
      vertex 8 6.254 0.00199986
      vertex 8 6.254 0.202
    endloop
  endfacet
  facet normal 1 0 0
    outer loop
      vertex 8 6.254 0.00199986
      vertex 8 6.252 0.202
      vertex 8 6.252 0.00199986
    endloop
  endfacet
  facet normal -1 0 0
    outer loop
      vertex 8 10.75 0.202
      vertex 8 11.248 0.00199986
      vertex 8 10.75 0.00199986
    endloop
  endfacet
  facet normal -1 0 0
    outer loop
      vertex 8 11.248 0.00199986
      vertex 8 10.75 0.202
      vertex 8 11.248 3.504
    endloop
  endfacet
  facet normal -1 0 0
    outer loop
      vertex 8 6.254 3.504
      vertex 8 10.75 0.202
      vertex 8 6.254 0.202
    endloop
  endfacet
  facet normal -1 0 0
    outer loop
      vertex 8 10.75 0.202
      vertex 8 6.254 3.504
      vertex 8 11.248 3.504
    endloop
  endfacet
  facet normal -1 0 0
    outer loop
      vertex 8 5.75 0.00199986
      vertex 8 5.95 1.154
      vertex 8 5.95 0.00199986
    endloop
  endfacet
  facet normal -1 -0 0
    outer loop
      vertex 8 5.95 1.154
      vertex 8 5.75 0.00199986
      vertex 8 5.75 1.154
    endloop
  endfacet
  facet normal 1 -0 0
    outer loop
      vertex 8.5 5.75 3.504
      vertex 8.5 6.252 0.00199986
      vertex 8.5 6.252 3.504
    endloop
  endfacet
  facet normal 1 0 0
    outer loop
      vertex 8.5 6.252 0.00199986
      vertex 8.5 5.75 3.504
      vertex 8.5 5.75 0.00199986
    endloop
  endfacet
  facet normal 1 -0 0
    outer loop
      vertex 8.5 8.25 3.504
      vertex 8.5 8.752 0.604
      vertex 8.5 8.752 3.504
    endloop
  endfacet
  facet normal 1 0 0
    outer loop
      vertex 8.5 8.25 0.599999
      vertex 8.5 8.752 0.604
      vertex 8.5 8.25 3.504
    endloop
  endfacet
  facet normal 1 -0 0
    outer loop
      vertex 8.5 8.25 0.599999
      vertex 8.5 8.25 0.00199986
      vertex 8.5 8.752 0.604
    endloop
  endfacet
  facet normal 1 0 0
    outer loop
      vertex 8.5 6.256 2.896
      vertex 8.5 8.25 0.00199986
      vertex 8.5 8.25 0.599999
    endloop
  endfacet
  facet normal 1 -0 0
    outer loop
      vertex 8.5 6.256 2.896
      vertex 8.5 8.25 0.599999
      vertex 8.5 6.256 3.496
    endloop
  endfacet
  facet normal 1 0 0
    outer loop
      vertex 8.5 8.25 0.00199986
      vertex 8.5 6.256 2.896
      vertex 8.5 8.25 0
    endloop
  endfacet
  facet normal -1 0 -0
    outer loop
      vertex 8.5 8.748 0.599999
      vertex 8.5 8.752 0.604
      vertex 8.5 8.25 0.00199986
    endloop
  endfacet
  facet normal 1 0 0
    outer loop
      vertex 8.5 8.748 0.599999
      vertex 8.5 8.25 0.00199986
      vertex 8.5 8.748 0.00199986
    endloop
  endfacet
  facet normal 1 0 0
    outer loop
      vertex 8.5 8.752 0.604
      vertex 8.5 10.748 2.896
      vertex 8.5 10.748 3.496
    endloop
  endfacet
  facet normal 1 -0 0
    outer loop
      vertex 8.5 8.752 0.604
      vertex 8.5 8.752 0.00399971
      vertex 8.5 10.748 2.896
    endloop
  endfacet
  facet normal 1 -0 0
    outer loop
      vertex 8.5 8.748 0.599999
      vertex 8.5 8.752 0.00399971
      vertex 8.5 8.752 0.604
    endloop
  endfacet
  facet normal 1 0 0
    outer loop
      vertex 8.5 8.748 0.00199986
      vertex 8.5 8.752 0.00399971
      vertex 8.5 8.748 0.599999
    endloop
  endfacet
  facet normal 1 0 0
    outer loop
      vertex 8.5 8.752 0.00399971
      vertex 8.5 8.75 0.00199986
      vertex 8.5 8.752 0.00199986
    endloop
  endfacet
  facet normal 1 0 0
    outer loop
      vertex 8.5 8.752 0.00399971
      vertex 8.5 8.748 0.00199986
      vertex 8.5 8.75 0.00199986
    endloop
  endfacet
  facet normal 1 0 0
    outer loop
      vertex 8.5 8.75 0.00199986
      vertex 8.5 8.748 0.00199986
      vertex 8.5 8.748 0
    endloop
  endfacet
  facet normal 1 0 0
    outer loop
      vertex 8.5 10.748 3.496
      vertex 8.5 11.248 3.504
      vertex 8.5 10.748 3.504
    endloop
  endfacet
  facet normal 1 0 0
    outer loop
      vertex 8.5 10.748 2.896
      vertex 8.5 11.248 3.504
      vertex 8.5 10.748 3.496
    endloop
  endfacet
  facet normal 1 0 0
    outer loop
      vertex 8.5 11.248 3.504
      vertex 8.5 10.748 2.896
      vertex 8.5 11.248 0.00199986
    endloop
  endfacet
  facet normal 1 0 0
    outer loop
      vertex 8.5 11.248 0.00199986
      vertex 8.5 10.748 2.896
      vertex 8.5 10.748 0.00199986
    endloop
  endfacet
  facet normal 0 -1 0
    outer loop
      vertex 6.002 5.95 3.254
      vertex 8 5.95 3.504
      vertex 6.002 5.95 3.504
    endloop
  endfacet
  facet normal 0 -1 -0
    outer loop
      vertex 8 5.95 3.504
      vertex 6.002 5.95 3.254
      vertex 8 5.95 3.254
    endloop
  endfacet
  facet normal 0 -1 0
    outer loop
      vertex 8 5.95 0.00199986
      vertex 8 5.95 1.154
      vertex 6.002 5.95 0.00199986
    endloop
  endfacet
  facet normal 0 -1 0
    outer loop
      vertex 6.002 5.95 1.752
      vertex 6.308 5.95 3.002
      vertex 6.002 5.95 3.002
    endloop
  endfacet
  facet normal 0 -1 -0
    outer loop
      vertex 6.308 5.95 3.002
      vertex 6.002 5.95 1.752
      vertex 6.308 5.95 1.752
    endloop
  endfacet
  facet normal 0 -1 0
    outer loop
      vertex 6.002 5.95 1.502
      vertex 7.166 5.95 1.024
      vertex 8 5.95 1.502
    endloop
  endfacet
  facet normal -0 -1 0
    outer loop
      vertex 7.166 5.95 1.024
      vertex 6.002 5.95 1.502
      vertex 6.002 5.95 0.352
    endloop
  endfacet
  facet normal 0 -1 0
    outer loop
      vertex 7.688 5.95 1.752
      vertex 8 5.95 3.002
      vertex 7.688 5.95 3.002
    endloop
  endfacet
  facet normal 0 -1 -0
    outer loop
      vertex 8 5.95 3.002
      vertex 7.688 5.95 1.752
      vertex 8 5.95 1.752
    endloop
  endfacet
  facet normal -1 0 0
    outer loop
      vertex 6.002 5.752 3.002
      vertex 6.002 5.95 3.254
      vertex 6.002 5.95 3.002
    endloop
  endfacet
  facet normal -1 -0 0
    outer loop
      vertex 6.002 5.95 3.254
      vertex 6.002 5.752 3.002
      vertex 6.002 5.752 3.254
    endloop
  endfacet
  facet normal -1 0 0
    outer loop
      vertex 6.002 5.75 1.502
      vertex 6.002 5.95 1.752
      vertex 6.002 5.95 1.502
    endloop
  endfacet
  facet normal -1 -0 0
    outer loop
      vertex 6.002 5.95 1.752
      vertex 6.002 5.75 1.502
      vertex 6.002 5.75 1.752
    endloop
  endfacet
  facet normal -1 0 0
    outer loop
      vertex 6.002 5.75 0.00199986
      vertex 6.002 5.95 0.352
      vertex 6.002 5.95 0.00199986
    endloop
  endfacet
  facet normal -1 -0 0
    outer loop
      vertex 6.002 5.95 0.352
      vertex 6.002 5.75 0.00199986
      vertex 6.002 5.75 0.352
    endloop
  endfacet
  facet normal -1 0 0
    outer loop
      vertex 6.002 5.95 0.00199986
      vertex 6.002 6.252 0.202
      vertex 6.002 6.252 0.00199986
    endloop
  endfacet
  facet normal -1 -0 0
    outer loop
      vertex 6.002 6.252 0.202
      vertex 6.002 5.95 0.00199986
      vertex 6.002 5.95 0.352
    endloop
  endfacet
  facet normal -1 0 0
    outer loop
      vertex 6.002 6.252 0.202
      vertex 6.002 5.95 0.352
      vertex 6.002 5.95 1.502
    endloop
  endfacet
  facet normal -1 0 0
    outer loop
      vertex 6.002 6.252 0.202
      vertex 6.002 5.95 1.502
      vertex 6.002 5.95 1.752
    endloop
  endfacet
  facet normal -1 0 0
    outer loop
      vertex 6.002 6.252 0.202
      vertex 6.002 5.95 1.752
      vertex 6.002 6.252 3.504
    endloop
  endfacet
  facet normal -1 0 0
    outer loop
      vertex 6.002 5.95 3.002
      vertex 6.002 6.252 3.504
      vertex 6.002 5.95 1.752
    endloop
  endfacet
  facet normal -1 0 0
    outer loop
      vertex 6.002 5.95 3.254
      vertex 6.002 6.252 3.504
      vertex 6.002 5.95 3.002
    endloop
  endfacet
  facet normal -1 -0 0
    outer loop
      vertex 6.002 6.252 3.504
      vertex 6.002 5.95 3.254
      vertex 6.002 5.95 3.504
    endloop
  endfacet
  facet normal -0.498846 0 0.866691
    outer loop
      vertex 8 5.75 1.502
      vertex 6.002 5.95 0.352
      vertex 6.002 5.75 0.352
    endloop
  endfacet
  facet normal -0.497259 0 0.867602
    outer loop
      vertex 8 5.75 1.502
      vertex 8 5.95 1.502
      vertex 7.166 5.95 1.024
    endloop
  endfacet
  facet normal -0.499923 -0.015087 0.865938
    outer loop
      vertex 8 5.75 1.502
      vertex 7.166 5.95 1.024
      vertex 6.002 5.95 0.352
    endloop
  endfacet
  facet normal 0.499497 0 -0.866315
    outer loop
      vertex 6.002 5.75 0.00199986
      vertex 8 5.95 1.154
      vertex 8 5.75 1.154
    endloop
  endfacet
  facet normal 0.499497 0 -0.866315
    outer loop
      vertex 8 5.95 1.154
      vertex 6.002 5.75 0.00199986
      vertex 6.002 5.95 0.00199986
    endloop
  endfacet
  facet normal 0 -1 0
    outer loop
      vertex 6.002 5.752 3.002
      vertex 8 5.752 3.254
      vertex 6.002 5.752 3.254
    endloop
  endfacet
  facet normal 0 -1 -0
    outer loop
      vertex 8 5.752 3.254
      vertex 6.002 5.752 3.002
      vertex 8 5.752 3.002
    endloop
  endfacet
  facet normal 1 -0 0
    outer loop
      vertex 6.512 5.85 3.002
      vertex 6.512 6.252 1.752
      vertex 6.512 6.252 3.002
    endloop
  endfacet
  facet normal 1 0 0
    outer loop
      vertex 6.512 6.252 1.752
      vertex 6.512 5.85 3.002
      vertex 6.512 5.85 1.752
    endloop
  endfacet
  facet normal -1 0 0
    outer loop
      vertex 6.308 5.85 1.752
      vertex 6.308 5.95 3.002
      vertex 6.308 5.95 1.752
    endloop
  endfacet
  facet normal -1 -0 0
    outer loop
      vertex 6.308 5.95 3.002
      vertex 6.308 5.85 1.752
      vertex 6.308 5.85 3.002
    endloop
  endfacet
  facet normal 0 -1 0
    outer loop
      vertex 6.308 5.85 1.752
      vertex 6.512 5.85 3.002
      vertex 6.308 5.85 3.002
    endloop
  endfacet
  facet normal 0 -1 -0
    outer loop
      vertex 6.512 5.85 3.002
      vertex 6.308 5.85 1.752
      vertex 6.512 5.85 1.752
    endloop
  endfacet
  facet normal 0 -1 0
    outer loop
      vertex 7.486 5.85 1.752
      vertex 7.688 5.85 3.002
      vertex 7.486 5.85 3.002
    endloop
  endfacet
  facet normal 0 -1 -0
    outer loop
      vertex 7.688 5.85 3.002
      vertex 7.486 5.85 1.752
      vertex 7.688 5.85 1.752
    endloop
  endfacet
  facet normal 1 -0 0
    outer loop
      vertex 7.688 5.85 3.002
      vertex 7.688 5.95 1.752
      vertex 7.688 5.95 3.002
    endloop
  endfacet
  facet normal 1 0 0
    outer loop
      vertex 7.688 5.95 1.752
      vertex 7.688 5.85 3.002
      vertex 7.688 5.85 1.752
    endloop
  endfacet
  facet normal -1 0 0
    outer loop
      vertex 7.486 5.85 1.752
      vertex 7.486 6.252 3.002
      vertex 7.486 6.252 1.752
    endloop
  endfacet
  facet normal -1 -0 0
    outer loop
      vertex 7.486 6.252 3.002
      vertex 7.486 5.85 1.752
      vertex 7.486 5.85 3.002
    endloop
  endfacet
  facet normal -1 0 0
    outer loop
      vertex 6.9 6.102 1.752
      vertex 6.9 6.252 3.002
      vertex 6.9 6.252 1.752
    endloop
  endfacet
  facet normal -1 -0 0
    outer loop
      vertex 6.9 6.252 3.002
      vertex 6.9 6.102 1.752
      vertex 6.9 6.102 3.002
    endloop
  endfacet
  facet normal 0 -1 0
    outer loop
      vertex 6.9 6.102 1.752
      vertex 7.1 6.102 3.002
      vertex 6.9 6.102 3.002
    endloop
  endfacet
  facet normal 0 -1 -0
    outer loop
      vertex 7.1 6.102 3.002
      vertex 6.9 6.102 1.752
      vertex 7.1 6.102 1.752
    endloop
  endfacet
  facet normal 1 -0 0
    outer loop
      vertex 7.1 6.102 3.002
      vertex 7.1 6.252 1.752
      vertex 7.1 6.252 3.002
    endloop
  endfacet
  facet normal 1 0 0
    outer loop
      vertex 7.1 6.252 1.752
      vertex 7.1 6.102 3.002
      vertex 7.1 6.102 1.752
    endloop
  endfacet
  facet normal 0 -1 0
    outer loop
      vertex 3.002 10.752 3.504
      vertex 3.798 10.752 1.752
      vertex 5.5 10.752 3.504
    endloop
  endfacet
  facet normal 0 -1 0
    outer loop
      vertex 3.002 10.752 0.00199986
      vertex 3.798 10.752 1.752
      vertex 3.002 10.752 3.504
    endloop
  endfacet
  facet normal 0 -1 0
    outer loop
      vertex 5.5 10.752 0.00199986
      vertex 3.798 10.752 0.427999
      vertex 3.002 10.752 0.00199986
    endloop
  endfacet
  facet normal 0 -1 -0
    outer loop
      vertex 3.798 10.752 1.752
      vertex 3.002 10.752 0.00199986
      vertex 3.798 10.752 0.427999
    endloop
  endfacet
  facet normal 0 -1 0
    outer loop
      vertex 5.224 10.752 1.752
      vertex 5.5 10.752 3.504
      vertex 3.798 10.752 1.752
    endloop
  endfacet
  facet normal 0 -1 0
    outer loop
      vertex 5.5 10.752 0.00199986
      vertex 5.224 10.752 1.752
      vertex 5.224 10.752 0.427999
    endloop
  endfacet
  facet normal 0 -1 0
    outer loop
      vertex 5.224 10.752 1.752
      vertex 5.5 10.752 0.00199986
      vertex 5.5 10.752 3.504
    endloop
  endfacet
  facet normal 0 -1 0
    outer loop
      vertex 3.798 10.752 0.427999
      vertex 5.5 10.752 0.00199986
      vertex 5.224 10.752 0.427999
    endloop
  endfacet
  facet normal 1 -0 0
    outer loop
      vertex 5.502 11.252 2.004
      vertex 5.502 12.25 0.00199986
      vertex 5.502 12.25 2.004
    endloop
  endfacet
  facet normal 1 0 0
    outer loop
      vertex 5.502 12.25 0.00199986
      vertex 5.502 11.252 2.004
      vertex 5.502 11.252 0.00199986
    endloop
  endfacet
  facet normal 1 -0 0
    outer loop
      vertex 3.502 11.052 2.102
      vertex 3.502 11.252 2.004
      vertex 3.502 11.252 3.504
    endloop
  endfacet
  facet normal 1 0 0
    outer loop
      vertex 3.502 11.052 2.102
      vertex 3.502 11.252 3.504
      vertex 3.502 11.052 3.504
    endloop
  endfacet
  facet normal 1 0 0
    outer loop
      vertex 3.502 11.252 2.004
      vertex 3.502 11.052 2.102
      vertex 3.502 11.216 2.004
    endloop
  endfacet
  facet normal 0.999717 0.0238028 -0
    outer loop
      vertex 3.502 11.052 2.006
      vertex 3.5 11.136 2.002
      vertex 3.502 11.052 2.102
    endloop
  endfacet
  facet normal 0.999717 0.0238028 0
    outer loop
      vertex 3.5 11.136 2.002
      vertex 3.502 11.052 2.006
      vertex 3.502 11.052 2.004
    endloop
  endfacet
  facet normal 0 -1 0
    outer loop
      vertex 3.91 11.052 3.016
      vertex 5.036 11.052 3.128
      vertex 3.956 11.052 3.128
    endloop
  endfacet
  facet normal 0 -1 -0
    outer loop
      vertex 5.036 11.052 3.128
      vertex 3.91 11.052 3.016
      vertex 5.082 11.052 3.016
    endloop
  endfacet
  facet normal -0.92502 0 0.379919
    outer loop
      vertex 3.956 11.052 3.128
      vertex 3.956 11.7 3.128
      vertex 3.91 11.052 3.016
    endloop
  endfacet
  facet normal -1 0 0
    outer loop
      vertex 3.502 11.252 0.00199986
      vertex 3.502 12.25 2.004
      vertex 3.502 12.25 0.00199986
    endloop
  endfacet
  facet normal -1 0 0
    outer loop
      vertex 3.502 11.252 2.004
      vertex 3.502 12.25 2.004
      vertex 3.502 11.252 0.00199986
    endloop
  endfacet
  facet normal -1 0 0
    outer loop
      vertex 3.502 11.052 2.006
      vertex 3.502 11.252 2.004
      vertex 3.502 11.216 2.004
    endloop
  endfacet
  facet normal -1 0 0
    outer loop
      vertex 3.502 11.052 2.006
      vertex 3.502 11.216 2.004
      vertex 3.502 11.052 2.004
    endloop
  endfacet
  facet normal -1 0 0
    outer loop
      vertex 3.502 11.252 2.004
      vertex 3.502 11.052 2.006
      vertex 3.502 12.25 2.004
    endloop
  endfacet
  facet normal -0.927113 0.000625677 0.374781
    outer loop
      vertex 3.956 11.7 3.128
      vertex 3.502 12.25 2.004
      vertex 3.502 11.052 2.006
    endloop
  endfacet
  facet normal -0.927518 0.00123908 0.373776
    outer loop
      vertex 3.91 11.052 3.016
      vertex 3.956 11.7 3.128
      vertex 3.856 11.052 2.882
    endloop
  endfacet
  facet normal -0.927157 0.000842798 0.374673
    outer loop
      vertex 3.856 11.052 2.882
      vertex 3.956 11.7 3.128
      vertex 3.502 11.052 2.006
    endloop
  endfacet
  facet normal 0.92502 0 0.379919
    outer loop
      vertex 5.082 11.052 3.016
      vertex 5.036 11.7 3.128
      vertex 5.036 11.052 3.128
    endloop
  endfacet
  facet normal 0.707107 -0 0.707107
    outer loop
      vertex 5.502 11.252 2.004
      vertex 5.502 12.25 2.004
      vertex 5.5 11.252 2.006
    endloop
  endfacet
  facet normal 0.999998 -0.002004 0
    outer loop
      vertex 5.502 12.25 2.004
      vertex 5.5 11.252 2.008
      vertex 5.5 11.252 2.006
    endloop
  endfacet
  facet normal 0.923811 -0.000316862 0.382848
    outer loop
      vertex 5.5 11.252 2.008
      vertex 5.502 12.25 2.004
      vertex 5.036 11.7 3.128
    endloop
  endfacet
  facet normal 0.923856 -0 0.38274
    outer loop
      vertex 5.5 11.052 2.008
      vertex 5.5 11.252 2.008
      vertex 5.036 11.7 3.128
    endloop
  endfacet
  facet normal 0.921145 -0.00188201 0.389216
    outer loop
      vertex 5.082 11.052 3.016
      vertex 5.142 11.052 2.874
      vertex 5.036 11.7 3.128
    endloop
  endfacet
  facet normal 0.924146 0.00142286 0.382037
    outer loop
      vertex 5.142 11.052 2.874
      vertex 5.5 11.052 2.008
      vertex 5.036 11.7 3.128
    endloop
  endfacet
  facet normal 0 0.898861 0.438235
    outer loop
      vertex 4.268 11.976 2.566
      vertex 4.502 12.25 2.004
      vertex 3.502 12.25 2.004
    endloop
  endfacet
  facet normal -0.00166598 0.897963 0.440068
    outer loop
      vertex 3.956 11.7 3.128
      vertex 4.268 11.976 2.566
      vertex 3.502 12.25 2.004
    endloop
  endfacet
  facet normal 0.00179354 0.898565 0.438837
    outer loop
      vertex 5.036 11.7 3.128
      vertex 4.502 12.25 2.004
      vertex 4.268 11.976 2.566
    endloop
  endfacet
  facet normal 0 0.89823 0.439525
    outer loop
      vertex 5.036 11.7 3.128
      vertex 5.502 12.25 2.004
      vertex 4.502 12.25 2.004
    endloop
  endfacet
  facet normal 0 0.897599 0.440814
    outer loop
      vertex 5.036 11.7 3.128
      vertex 4.268 11.976 2.566
      vertex 3.956 11.7 3.128
    endloop
  endfacet
  facet normal 0 1 -0
    outer loop
      vertex 5.502 12.25 0.00199986
      vertex 4.502 12.25 2.004
      vertex 5.502 12.25 2.004
    endloop
  endfacet
  facet normal 0 1 0
    outer loop
      vertex 3.502 12.25 0.00199986
      vertex 4.502 12.25 2.004
      vertex 5.502 12.25 0.00199986
    endloop
  endfacet
  facet normal 0 1 0
    outer loop
      vertex 4.502 12.25 2.004
      vertex 3.502 12.25 0.00199986
      vertex 3.502 12.25 2.004
    endloop
  endfacet
  facet normal -0.693109 -0.720833 0
    outer loop
      vertex 3.958 11.102 3.702
      vertex 4.01 11.052 3.504
      vertex 4.01 11.052 3.702
    endloop
  endfacet
  facet normal -0.693109 -0.720833 0
    outer loop
      vertex 3.958 11.102 3.182
      vertex 4.01 11.052 3.504
      vertex 3.958 11.102 3.702
    endloop
  endfacet
  facet normal -0.693109 -0.720833 -0
    outer loop
      vertex 4.01 11.052 3.504
      vertex 3.958 11.102 3.182
      vertex 4.01 11.052 3.182
    endloop
  endfacet
  facet normal -0.693109 -0.720833 0
    outer loop
      vertex 3.958 11.102 3.802
      vertex 4.01 11.052 4.332
      vertex 3.958 11.102 4.332
    endloop
  endfacet
  facet normal -0.693109 -0.720833 -0
    outer loop
      vertex 4.01 11.052 4.332
      vertex 3.958 11.102 3.802
      vertex 4.01 11.052 3.802
    endloop
  endfacet
  facet normal -0.693109 -0.720833 0
    outer loop
      vertex 3.958 11.102 4.432
      vertex 4.01 11.052 4.952
      vertex 3.958 11.102 4.952
    endloop
  endfacet
  facet normal -0.693109 -0.720833 -0
    outer loop
      vertex 4.01 11.052 4.952
      vertex 3.958 11.102 4.432
      vertex 4.01 11.052 4.432
    endloop
  endfacet
  facet normal -0.562259 -0.58475 0.58475
    outer loop
      vertex 4.01 11.052 3.702
      vertex 4.01 11.102 3.752
      vertex 3.958 11.102 3.702
    endloop
  endfacet
  facet normal 0 -0.707107 0.707107
    outer loop
      vertex 4.01 11.052 3.702
      vertex 4.98 11.102 3.752
      vertex 4.01 11.102 3.752
    endloop
  endfacet
  facet normal 0 -0.707107 0.707107
    outer loop
      vertex 4.98 11.102 3.752
      vertex 4.01 11.052 3.702
      vertex 4.98 11.052 3.702
    endloop
  endfacet
  facet normal 0.57735 -0.57735 0.57735
    outer loop
      vertex 5.03 11.102 3.702
      vertex 4.98 11.102 3.752
      vertex 4.98 11.052 3.702
    endloop
  endfacet
  facet normal 0.707107 -0.707107 0
    outer loop
      vertex 4.98 11.052 8.054
      vertex 5.03 11.102 7.534
      vertex 5.03 11.102 8.054
    endloop
  endfacet
  facet normal 0.707107 -0.707107 0
    outer loop
      vertex 5.03 11.102 7.534
      vertex 4.98 11.052 8.054
      vertex 4.98 11.052 7.534
    endloop
  endfacet
  facet normal 0.707107 -0.707107 0
    outer loop
      vertex 4.98 11.052 6.194
      vertex 5.03 11.102 5.672
      vertex 5.03 11.102 6.194
    endloop
  endfacet
  facet normal 0.707107 -0.707107 0
    outer loop
      vertex 5.03 11.102 5.672
      vertex 4.98 11.052 6.194
      vertex 4.98 11.052 5.672
    endloop
  endfacet
  facet normal 0.707107 -0.707107 0
    outer loop
      vertex 4.98 11.052 7.434
      vertex 5.03 11.102 6.914
      vertex 5.03 11.102 7.434
    endloop
  endfacet
  facet normal 0.707107 -0.707107 0
    outer loop
      vertex 5.03 11.102 6.914
      vertex 4.98 11.052 7.434
      vertex 4.98 11.052 6.914
    endloop
  endfacet
  facet normal 0.707107 -0.707107 0
    outer loop
      vertex 4.98 11.052 6.814
      vertex 5.03 11.102 6.294
      vertex 5.03 11.102 6.814
    endloop
  endfacet
  facet normal 0.707107 -0.707107 0
    outer loop
      vertex 5.03 11.102 6.294
      vertex 4.98 11.052 6.814
      vertex 4.98 11.052 6.294
    endloop
  endfacet
  facet normal 0.707107 -0.707107 0
    outer loop
      vertex 4.98 11.052 3.504
      vertex 5.03 11.102 3.702
      vertex 4.98 11.052 3.702
    endloop
  endfacet
  facet normal 0.707107 -0.707107 0
    outer loop
      vertex 5.03 11.102 3.702
      vertex 4.98 11.052 3.504
      vertex 5.03 11.102 3.182
    endloop
  endfacet
  facet normal 0.707107 -0.707107 0
    outer loop
      vertex 5.03 11.102 3.182
      vertex 4.98 11.052 3.504
      vertex 4.98 11.052 3.182
    endloop
  endfacet
  facet normal 0.707107 -0.707107 0
    outer loop
      vertex 4.98 11.052 4.952
      vertex 5.03 11.102 4.432
      vertex 5.03 11.102 4.952
    endloop
  endfacet
  facet normal 0.707107 -0.707107 0
    outer loop
      vertex 5.03 11.102 4.432
      vertex 4.98 11.052 4.952
      vertex 4.98 11.052 4.432
    endloop
  endfacet
  facet normal 0.707107 -0.707107 0
    outer loop
      vertex 4.98 11.052 4.332
      vertex 5.03 11.102 3.802
      vertex 5.03 11.102 4.332
    endloop
  endfacet
  facet normal 0.707107 -0.707107 0
    outer loop
      vertex 5.03 11.102 3.802
      vertex 4.98 11.052 4.332
      vertex 4.98 11.052 3.802
    endloop
  endfacet
  facet normal 0.707107 -0.707107 0
    outer loop
      vertex 4.98 11.052 5.574
      vertex 5.03 11.102 5.052
      vertex 5.03 11.102 5.574
    endloop
  endfacet
  facet normal 0.707107 -0.707107 0
    outer loop
      vertex 5.03 11.102 5.052
      vertex 4.98 11.052 5.574
      vertex 4.98 11.052 5.052
    endloop
  endfacet
  facet normal 0.57735 -0.57735 -0.57735
    outer loop
      vertex 4.98 11.102 3.132
      vertex 5.03 11.102 3.182
      vertex 4.98 11.052 3.182
    endloop
  endfacet
  facet normal 0 -0.707107 -0.707107
    outer loop
      vertex 4.01 11.102 3.132
      vertex 4.98 11.052 3.182
      vertex 4.01 11.052 3.182
    endloop
  endfacet
  facet normal 0 -0.707107 -0.707107
    outer loop
      vertex 4.98 11.052 3.182
      vertex 4.01 11.102 3.132
      vertex 4.98 11.102 3.132
    endloop
  endfacet
  facet normal -0.562259 -0.58475 -0.58475
    outer loop
      vertex 4.01 11.102 3.132
      vertex 4.01 11.052 3.182
      vertex 3.958 11.102 3.182
    endloop
  endfacet
  facet normal -1 0 0
    outer loop
      vertex 3.958 11.102 3.182
      vertex 3.958 11.652 3.702
      vertex 3.958 11.652 3.182
    endloop
  endfacet
  facet normal -1 -0 0
    outer loop
      vertex 3.958 11.652 3.702
      vertex 3.958 11.102 3.182
      vertex 3.958 11.102 3.702
    endloop
  endfacet
  facet normal -1 0 0
    outer loop
      vertex 3.958 11.102 4.432
      vertex 3.958 11.652 4.952
      vertex 3.958 11.652 4.432
    endloop
  endfacet
  facet normal -1 -0 0
    outer loop
      vertex 3.958 11.652 4.952
      vertex 3.958 11.102 4.432
      vertex 3.958 11.102 4.952
    endloop
  endfacet
  facet normal -1 0 0
    outer loop
      vertex 3.958 11.102 3.802
      vertex 3.958 11.652 4.332
      vertex 3.958 11.652 3.802
    endloop
  endfacet
  facet normal -1 -0 0
    outer loop
      vertex 3.958 11.652 4.332
      vertex 3.958 11.102 3.802
      vertex 3.958 11.102 4.332
    endloop
  endfacet
  facet normal -0.693109 0 0.720833
    outer loop
      vertex 3.958 11.652 3.702
      vertex 4.01 11.102 3.752
      vertex 4.01 11.652 3.752
    endloop
  endfacet
  facet normal -0.693109 0 0.720833
    outer loop
      vertex 4.01 11.102 3.752
      vertex 3.958 11.652 3.702
      vertex 3.958 11.102 3.702
    endloop
  endfacet
  facet normal 0.707107 -0 0.707107
    outer loop
      vertex 4.98 11.102 3.752
      vertex 5.03 11.652 3.702
      vertex 4.98 11.652 3.752
    endloop
  endfacet
  facet normal 0.707107 0 0.707107
    outer loop
      vertex 5.03 11.652 3.702
      vertex 4.98 11.102 3.752
      vertex 5.03 11.102 3.702
    endloop
  endfacet
  facet normal 1 -0 0
    outer loop
      vertex 5.03 11.102 8.054
      vertex 5.03 11.65 7.534
      vertex 5.03 11.65 8.054
    endloop
  endfacet
  facet normal 1 0 0
    outer loop
      vertex 5.03 11.65 7.534
      vertex 5.03 11.102 8.054
      vertex 5.03 11.102 7.534
    endloop
  endfacet
  facet normal 1 -0 0
    outer loop
      vertex 5.03 11.102 7.434
      vertex 5.03 11.65 6.914
      vertex 5.03 11.65 7.434
    endloop
  endfacet
  facet normal 1 0 0
    outer loop
      vertex 5.03 11.65 6.914
      vertex 5.03 11.102 7.434
      vertex 5.03 11.102 6.914
    endloop
  endfacet
  facet normal 1 -0 0
    outer loop
      vertex 5.03 11.102 6.194
      vertex 5.03 11.65 5.672
      vertex 5.03 11.65 6.194
    endloop
  endfacet
  facet normal 1 0 0
    outer loop
      vertex 5.03 11.65 5.672
      vertex 5.03 11.102 6.194
      vertex 5.03 11.102 5.672
    endloop
  endfacet
  facet normal 1 -0 0
    outer loop
      vertex 5.03 11.102 6.814
      vertex 5.03 11.65 6.294
      vertex 5.03 11.65 6.814
    endloop
  endfacet
  facet normal 1 0 0
    outer loop
      vertex 5.03 11.65 6.294
      vertex 5.03 11.102 6.814
      vertex 5.03 11.102 6.294
    endloop
  endfacet
  facet normal 1 -0 0
    outer loop
      vertex 5.03 11.102 4.952
      vertex 5.03 11.652 4.432
      vertex 5.03 11.652 4.952
    endloop
  endfacet
  facet normal 1 0 0
    outer loop
      vertex 5.03 11.652 4.432
      vertex 5.03 11.102 4.952
      vertex 5.03 11.102 4.432
    endloop
  endfacet
  facet normal 1 -0 0
    outer loop
      vertex 5.03 11.102 3.702
      vertex 5.03 11.652 3.182
      vertex 5.03 11.652 3.702
    endloop
  endfacet
  facet normal 1 0 0
    outer loop
      vertex 5.03 11.652 3.182
      vertex 5.03 11.102 3.702
      vertex 5.03 11.102 3.182
    endloop
  endfacet
  facet normal 1 -0 0
    outer loop
      vertex 5.03 11.102 4.332
      vertex 5.03 11.652 3.802
      vertex 5.03 11.652 4.332
    endloop
  endfacet
  facet normal 1 0 0
    outer loop
      vertex 5.03 11.652 3.802
      vertex 5.03 11.102 4.332
      vertex 5.03 11.102 3.802
    endloop
  endfacet
  facet normal 1 -0 0
    outer loop
      vertex 5.03 11.102 5.574
      vertex 5.03 11.65 5.052
      vertex 5.03 11.65 5.574
    endloop
  endfacet
  facet normal 1 0 0
    outer loop
      vertex 5.03 11.65 5.052
      vertex 5.03 11.102 5.574
      vertex 5.03 11.102 5.052
    endloop
  endfacet
  facet normal 0.707107 0 -0.707107
    outer loop
      vertex 5.03 11.102 3.182
      vertex 4.98 11.652 3.132
      vertex 5.03 11.652 3.182
    endloop
  endfacet
  facet normal 0.707107 0 -0.707107
    outer loop
      vertex 4.98 11.652 3.132
      vertex 5.03 11.102 3.182
      vertex 4.98 11.102 3.132
    endloop
  endfacet
  facet normal -0.693109 0 -0.720833
    outer loop
      vertex 3.958 11.102 3.182
      vertex 4.01 11.652 3.132
      vertex 4.01 11.102 3.132
    endloop
  endfacet
  facet normal -0.693109 0 -0.720833
    outer loop
      vertex 4.01 11.652 3.132
      vertex 3.958 11.102 3.182
      vertex 3.958 11.652 3.182
    endloop
  endfacet
  facet normal -0.67828 0.734803 0
    outer loop
      vertex 4.01 11.7 4.432
      vertex 3.958 11.652 4.952
      vertex 4.01 11.7 4.952
    endloop
  endfacet
  facet normal -0.67828 0.734803 0
    outer loop
      vertex 3.958 11.652 4.952
      vertex 4.01 11.7 4.432
      vertex 3.958 11.652 4.432
    endloop
  endfacet
  facet normal -0.67828 0.734803 0
    outer loop
      vertex 4.01 11.7 3.182
      vertex 3.958 11.652 3.702
      vertex 4.01 11.7 3.702
    endloop
  endfacet
  facet normal -0.67828 0.734803 0
    outer loop
      vertex 3.958 11.652 3.702
      vertex 4.01 11.7 3.182
      vertex 3.958 11.652 3.182
    endloop
  endfacet
  facet normal -0.67828 0.734803 0
    outer loop
      vertex 4.01 11.7 3.802
      vertex 3.958 11.652 4.332
      vertex 4.01 11.7 4.332
    endloop
  endfacet
  facet normal -0.67828 0.734803 0
    outer loop
      vertex 3.958 11.652 4.332
      vertex 4.01 11.7 3.802
      vertex 3.958 11.652 3.802
    endloop
  endfacet
  facet normal -0.554256 0.600444 0.576426
    outer loop
      vertex 4.01 11.652 3.752
      vertex 4.01 11.7 3.702
      vertex 3.958 11.652 3.702
    endloop
  endfacet
  facet normal 0 0.721387 0.692532
    outer loop
      vertex 4.98 11.7 3.702
      vertex 4.01 11.652 3.752
      vertex 4.98 11.652 3.752
    endloop
  endfacet
  facet normal 0 0.721387 0.692532
    outer loop
      vertex 4.01 11.652 3.752
      vertex 4.98 11.7 3.702
      vertex 4.01 11.7 3.702
    endloop
  endfacet
  facet normal 0.569335 0.593057 0.569335
    outer loop
      vertex 5.03 11.652 3.702
      vertex 4.98 11.7 3.702
      vertex 4.98 11.652 3.752
    endloop
  endfacet
  facet normal 0.692532 0.721387 -0
    outer loop
      vertex 5.03 11.652 3.182
      vertex 4.98 11.7 3.702
      vertex 5.03 11.652 3.702
    endloop
  endfacet
  facet normal 0.692532 0.721387 0
    outer loop
      vertex 4.98 11.7 3.702
      vertex 5.03 11.652 3.182
      vertex 4.98 11.7 3.182
    endloop
  endfacet
  facet normal 0.692532 0.721387 -0
    outer loop
      vertex 5.03 11.652 3.802
      vertex 4.98 11.7 4.332
      vertex 5.03 11.652 4.332
    endloop
  endfacet
  facet normal 0.692532 0.721387 0
    outer loop
      vertex 4.98 11.7 4.332
      vertex 5.03 11.652 3.802
      vertex 4.98 11.7 3.802
    endloop
  endfacet
  facet normal 0.692532 0.721387 -0
    outer loop
      vertex 5.03 11.652 4.432
      vertex 4.98 11.7 4.952
      vertex 5.03 11.652 4.952
    endloop
  endfacet
  facet normal 0.692532 0.721387 0
    outer loop
      vertex 4.98 11.7 4.952
      vertex 5.03 11.652 4.432
      vertex 4.98 11.7 4.432
    endloop
  endfacet
  facet normal 0.569335 0.593057 -0.569335
    outer loop
      vertex 4.98 11.7 3.182
      vertex 5.03 11.652 3.182
      vertex 4.98 11.652 3.132
    endloop
  endfacet
  facet normal 0 0.721387 -0.692532
    outer loop
      vertex 4.98 11.652 3.132
      vertex 4.01 11.7 3.182
      vertex 4.98 11.7 3.182
    endloop
  endfacet
  facet normal 0 0.721387 -0.692532
    outer loop
      vertex 4.01 11.7 3.182
      vertex 4.98 11.652 3.132
      vertex 4.01 11.652 3.132
    endloop
  endfacet
  facet normal -0.554256 0.600444 -0.576426
    outer loop
      vertex 4.01 11.7 3.182
      vertex 4.01 11.652 3.132
      vertex 3.958 11.652 3.182
    endloop
  endfacet
  facet normal 0 1 -0
    outer loop
      vertex 4.98 11.7 7.534
      vertex 4.01 11.7 8.054
      vertex 4.98 11.7 8.054
    endloop
  endfacet
  facet normal 0 1 0
    outer loop
      vertex 4.01 11.7 8.054
      vertex 4.98 11.7 7.534
      vertex 4.01 11.7 7.534
    endloop
  endfacet
  facet normal 0 1 -0
    outer loop
      vertex 4.98 11.7 6.294
      vertex 4.01 11.7 6.814
      vertex 4.98 11.7 6.814
    endloop
  endfacet
  facet normal 0 1 0
    outer loop
      vertex 4.01 11.7 6.814
      vertex 4.98 11.7 6.294
      vertex 4.01 11.7 6.294
    endloop
  endfacet
  facet normal 0 1 -0
    outer loop
      vertex 4.98 11.7 6.914
      vertex 4.01 11.7 7.434
      vertex 4.98 11.7 7.434
    endloop
  endfacet
  facet normal 0 1 0
    outer loop
      vertex 4.01 11.7 7.434
      vertex 4.98 11.7 6.914
      vertex 4.01 11.7 6.914
    endloop
  endfacet
  facet normal 0 1 -0
    outer loop
      vertex 4.98 11.7 3.182
      vertex 4.01 11.7 3.702
      vertex 4.98 11.7 3.702
    endloop
  endfacet
  facet normal 0 1 0
    outer loop
      vertex 4.01 11.7 3.702
      vertex 4.98 11.7 3.182
      vertex 4.01 11.7 3.182
    endloop
  endfacet
  facet normal 0 1 -0
    outer loop
      vertex 4.98 11.7 4.432
      vertex 4.01 11.7 4.952
      vertex 4.98 11.7 4.952
    endloop
  endfacet
  facet normal 0 1 0
    outer loop
      vertex 4.01 11.7 4.952
      vertex 4.98 11.7 4.432
      vertex 4.01 11.7 4.432
    endloop
  endfacet
  facet normal 0 1 -0
    outer loop
      vertex 4.98 11.7 3.802
      vertex 4.01 11.7 4.332
      vertex 4.98 11.7 4.332
    endloop
  endfacet
  facet normal 0 1 0
    outer loop
      vertex 4.01 11.7 4.332
      vertex 4.98 11.7 3.802
      vertex 4.01 11.7 3.802
    endloop
  endfacet
  facet normal 0 1 -0
    outer loop
      vertex 4.98 11.7 5.672
      vertex 4.01 11.7 6.194
      vertex 4.98 11.7 6.194
    endloop
  endfacet
  facet normal 0 1 0
    outer loop
      vertex 4.01 11.7 6.194
      vertex 4.98 11.7 5.672
      vertex 4.01 11.7 5.672
    endloop
  endfacet
  facet normal 0 1 -0
    outer loop
      vertex 4.98 11.7 5.052
      vertex 4.01 11.7 5.574
      vertex 4.98 11.7 5.574
    endloop
  endfacet
  facet normal 0 1 0
    outer loop
      vertex 4.01 11.7 5.574
      vertex 4.98 11.7 5.052
      vertex 4.01 11.7 5.052
    endloop
  endfacet
  facet normal -0.562259 -0.58475 0.58475
    outer loop
      vertex 4.01 11.052 4.332
      vertex 4.01 11.102 4.382
      vertex 3.958 11.102 4.332
    endloop
  endfacet
  facet normal 0 -0.707107 0.707107
    outer loop
      vertex 4.01 11.052 4.332
      vertex 4.98 11.102 4.382
      vertex 4.01 11.102 4.382
    endloop
  endfacet
  facet normal 0 -0.707107 0.707107
    outer loop
      vertex 4.98 11.102 4.382
      vertex 4.01 11.052 4.332
      vertex 4.98 11.052 4.332
    endloop
  endfacet
  facet normal 0.57735 -0.57735 0.57735
    outer loop
      vertex 5.03 11.102 4.332
      vertex 4.98 11.102 4.382
      vertex 4.98 11.052 4.332
    endloop
  endfacet
  facet normal 0.57735 -0.57735 -0.57735
    outer loop
      vertex 4.98 11.102 3.752
      vertex 5.03 11.102 3.802
      vertex 4.98 11.052 3.802
    endloop
  endfacet
  facet normal 0 -0.707107 -0.707107
    outer loop
      vertex 4.01 11.102 3.752
      vertex 4.98 11.052 3.802
      vertex 4.01 11.052 3.802
    endloop
  endfacet
  facet normal 0 -0.707107 -0.707107
    outer loop
      vertex 4.98 11.052 3.802
      vertex 4.01 11.102 3.752
      vertex 4.98 11.102 3.752
    endloop
  endfacet
  facet normal -0.562259 -0.58475 -0.58475
    outer loop
      vertex 4.01 11.102 3.752
      vertex 4.01 11.052 3.802
      vertex 3.958 11.102 3.802
    endloop
  endfacet
  facet normal -0.693109 0 0.720833
    outer loop
      vertex 3.958 11.652 4.332
      vertex 4.01 11.102 4.382
      vertex 4.01 11.652 4.382
    endloop
  endfacet
  facet normal -0.693109 0 0.720833
    outer loop
      vertex 4.01 11.102 4.382
      vertex 3.958 11.652 4.332
      vertex 3.958 11.102 4.332
    endloop
  endfacet
  facet normal 0.707107 -0 0.707107
    outer loop
      vertex 4.98 11.102 4.382
      vertex 5.03 11.652 4.332
      vertex 4.98 11.652 4.382
    endloop
  endfacet
  facet normal 0.707107 0 0.707107
    outer loop
      vertex 5.03 11.652 4.332
      vertex 4.98 11.102 4.382
      vertex 5.03 11.102 4.332
    endloop
  endfacet
  facet normal 0.707107 0 -0.707107
    outer loop
      vertex 5.03 11.102 3.802
      vertex 4.98 11.652 3.752
      vertex 5.03 11.652 3.802
    endloop
  endfacet
  facet normal 0.707107 0 -0.707107
    outer loop
      vertex 4.98 11.652 3.752
      vertex 5.03 11.102 3.802
      vertex 4.98 11.102 3.752
    endloop
  endfacet
  facet normal -0.693109 0 -0.720833
    outer loop
      vertex 3.958 11.102 3.802
      vertex 4.01 11.652 3.752
      vertex 4.01 11.102 3.752
    endloop
  endfacet
  facet normal -0.693109 0 -0.720833
    outer loop
      vertex 4.01 11.652 3.752
      vertex 3.958 11.102 3.802
      vertex 3.958 11.652 3.802
    endloop
  endfacet
  facet normal -0.554256 0.600444 0.576426
    outer loop
      vertex 4.01 11.652 4.382
      vertex 4.01 11.7 4.332
      vertex 3.958 11.652 4.332
    endloop
  endfacet
  facet normal 0 0.721387 0.692532
    outer loop
      vertex 4.98 11.7 4.332
      vertex 4.01 11.652 4.382
      vertex 4.98 11.652 4.382
    endloop
  endfacet
  facet normal 0 0.721387 0.692532
    outer loop
      vertex 4.01 11.652 4.382
      vertex 4.98 11.7 4.332
      vertex 4.01 11.7 4.332
    endloop
  endfacet
  facet normal 0.569335 0.593057 0.569335
    outer loop
      vertex 5.03 11.652 4.332
      vertex 4.98 11.7 4.332
      vertex 4.98 11.652 4.382
    endloop
  endfacet
  facet normal 0.569335 0.593057 -0.569335
    outer loop
      vertex 4.98 11.7 3.802
      vertex 5.03 11.652 3.802
      vertex 4.98 11.652 3.752
    endloop
  endfacet
  facet normal 0 0.721387 -0.692532
    outer loop
      vertex 4.98 11.652 3.752
      vertex 4.01 11.7 3.802
      vertex 4.98 11.7 3.802
    endloop
  endfacet
  facet normal 0 0.721387 -0.692532
    outer loop
      vertex 4.01 11.7 3.802
      vertex 4.98 11.652 3.752
      vertex 4.01 11.652 3.752
    endloop
  endfacet
  facet normal -0.554256 0.600444 -0.576426
    outer loop
      vertex 4.01 11.7 3.802
      vertex 4.01 11.652 3.752
      vertex 3.958 11.652 3.802
    endloop
  endfacet
  facet normal -0.562259 -0.58475 0.58475
    outer loop
      vertex 4.01 11.052 4.952
      vertex 4.01 11.102 5.002
      vertex 3.958 11.102 4.952
    endloop
  endfacet
  facet normal 0 -0.707107 0.707107
    outer loop
      vertex 4.01 11.052 4.952
      vertex 4.98 11.102 5.002
      vertex 4.01 11.102 5.002
    endloop
  endfacet
  facet normal 0 -0.707107 0.707107
    outer loop
      vertex 4.98 11.102 5.002
      vertex 4.01 11.052 4.952
      vertex 4.98 11.052 4.952
    endloop
  endfacet
  facet normal 0.57735 -0.57735 0.57735
    outer loop
      vertex 5.03 11.102 4.952
      vertex 4.98 11.102 5.002
      vertex 4.98 11.052 4.952
    endloop
  endfacet
  facet normal 0.57735 -0.57735 -0.57735
    outer loop
      vertex 4.98 11.102 4.382
      vertex 5.03 11.102 4.432
      vertex 4.98 11.052 4.432
    endloop
  endfacet
  facet normal 0 -0.707107 -0.707107
    outer loop
      vertex 4.01 11.102 4.382
      vertex 4.98 11.052 4.432
      vertex 4.01 11.052 4.432
    endloop
  endfacet
  facet normal 0 -0.707107 -0.707107
    outer loop
      vertex 4.98 11.052 4.432
      vertex 4.01 11.102 4.382
      vertex 4.98 11.102 4.382
    endloop
  endfacet
  facet normal -0.562259 -0.58475 -0.58475
    outer loop
      vertex 4.01 11.102 4.382
      vertex 4.01 11.052 4.432
      vertex 3.958 11.102 4.432
    endloop
  endfacet
  facet normal -0.693109 0 0.720833
    outer loop
      vertex 3.958 11.652 4.952
      vertex 4.01 11.65 5.002
      vertex 4.01 11.652 5.002
    endloop
  endfacet
  facet normal -0.693109 0 0.720833
    outer loop
      vertex 3.958 11.102 4.952
      vertex 4.01 11.65 5.002
      vertex 3.958 11.652 4.952
    endloop
  endfacet
  facet normal -0.693109 0 0.720833
    outer loop
      vertex 4.01 11.65 5.002
      vertex 3.958 11.102 4.952
      vertex 4.01 11.102 5.002
    endloop
  endfacet
  facet normal 0.707107 -0 0.707107
    outer loop
      vertex 4.98 11.65 5.002
      vertex 5.03 11.652 4.952
      vertex 4.98 11.652 5.002
    endloop
  endfacet
  facet normal 0.707107 0 0.707107
    outer loop
      vertex 5.03 11.102 4.952
      vertex 4.98 11.65 5.002
      vertex 4.98 11.102 5.002
    endloop
  endfacet
  facet normal 0.707107 0 0.707107
    outer loop
      vertex 4.98 11.65 5.002
      vertex 5.03 11.102 4.952
      vertex 5.03 11.652 4.952
    endloop
  endfacet
  facet normal 0.707107 0 -0.707107
    outer loop
      vertex 5.03 11.102 4.432
      vertex 4.98 11.652 4.382
      vertex 5.03 11.652 4.432
    endloop
  endfacet
  facet normal 0.707107 0 -0.707107
    outer loop
      vertex 4.98 11.652 4.382
      vertex 5.03 11.102 4.432
      vertex 4.98 11.102 4.382
    endloop
  endfacet
  facet normal -0.693109 0 -0.720833
    outer loop
      vertex 3.958 11.102 4.432
      vertex 4.01 11.652 4.382
      vertex 4.01 11.102 4.382
    endloop
  endfacet
  facet normal -0.693109 0 -0.720833
    outer loop
      vertex 4.01 11.652 4.382
      vertex 3.958 11.102 4.432
      vertex 3.958 11.652 4.432
    endloop
  endfacet
  facet normal -0.554256 0.600444 0.576426
    outer loop
      vertex 4.01 11.652 5.002
      vertex 4.01 11.7 4.952
      vertex 3.958 11.652 4.952
    endloop
  endfacet
  facet normal 0 0.721387 0.692532
    outer loop
      vertex 4.98 11.7 4.952
      vertex 4.01 11.652 5.002
      vertex 4.98 11.652 5.002
    endloop
  endfacet
  facet normal 0 0.721387 0.692532
    outer loop
      vertex 4.01 11.652 5.002
      vertex 4.98 11.7 4.952
      vertex 4.01 11.7 4.952
    endloop
  endfacet
  facet normal 0.569335 0.593057 0.569335
    outer loop
      vertex 5.03 11.652 4.952
      vertex 4.98 11.7 4.952
      vertex 4.98 11.652 5.002
    endloop
  endfacet
  facet normal 0.569335 0.593057 -0.569335
    outer loop
      vertex 4.98 11.7 4.432
      vertex 5.03 11.652 4.432
      vertex 4.98 11.652 4.382
    endloop
  endfacet
  facet normal 0 0.721387 -0.692532
    outer loop
      vertex 4.98 11.652 4.382
      vertex 4.01 11.7 4.432
      vertex 4.98 11.7 4.432
    endloop
  endfacet
  facet normal 0 0.721387 -0.692532
    outer loop
      vertex 4.01 11.7 4.432
      vertex 4.98 11.652 4.382
      vertex 4.01 11.652 4.382
    endloop
  endfacet
  facet normal -0.554256 0.600444 -0.576426
    outer loop
      vertex 4.01 11.7 4.432
      vertex 4.01 11.652 4.382
      vertex 3.958 11.652 4.432
    endloop
  endfacet
  facet normal 0 -1 0
    outer loop
      vertex 8 6.254 0.202
      vertex 8.3 6.254 3.504
      vertex 8 6.254 3.504
    endloop
  endfacet
  facet normal 0 -1 0
    outer loop
      vertex 8.3 6.254 0.00199986
      vertex 8 6.254 0.202
      vertex 8 6.254 0.00199986
    endloop
  endfacet
  facet normal 0 -1 0
    outer loop
      vertex 8 6.254 0.202
      vertex 8.3 6.254 0.00199986
      vertex 8.3 6.254 3.504
    endloop
  endfacet
  facet normal 0 1 -0
    outer loop
      vertex 8.5 8.25 0
      vertex 8.3 8.25 0.00199986
      vertex 8.5 8.25 0.00199986
    endloop
  endfacet
  facet normal 0 1 0
    outer loop
      vertex 8.3 8.25 0.00199986
      vertex 8.5 8.25 0
      vertex 8.3 8.25 0
    endloop
  endfacet
  facet normal 0 -1 0
    outer loop
      vertex 8.414 8.25 0.599999
      vertex 8.3 8.25 3.504
      vertex 8.3 8.25 0.599999
    endloop
  endfacet
  facet normal 0 -1 0
    outer loop
      vertex 8.3 8.25 3.504
      vertex 8.414 8.25 0.599999
      vertex 8.5 8.25 3.504
    endloop
  endfacet
  facet normal 0 -1 -0
    outer loop
      vertex 8.5 8.25 3.504
      vertex 8.414 8.25 0.599999
      vertex 8.5 8.25 0.599999
    endloop
  endfacet
  facet normal 0 1 0
    outer loop
      vertex 8.414 8.752 0.604
      vertex 8.5 8.752 3.504
      vertex 8.5 8.752 0.604
    endloop
  endfacet
  facet normal 0 1 0
    outer loop
      vertex 8.5 8.752 3.504
      vertex 8.414 8.752 0.604
      vertex 8.3 8.752 3.504
    endloop
  endfacet
  facet normal 0 1 0
    outer loop
      vertex 8.3 8.752 3.504
      vertex 8.414 8.752 0.604
      vertex 8.3 8.752 0.604
    endloop
  endfacet
  facet normal 0 1 -0
    outer loop
      vertex 8.5 8.752 0.00199986
      vertex 8.498 8.752 0.00399971
      vertex 8.5 8.752 0.00399971
    endloop
  endfacet
  facet normal 0 1 0
    outer loop
      vertex 8.3 8.752 0.00199986
      vertex 8.498 8.752 0.00399971
      vertex 8.5 8.752 0.00199986
    endloop
  endfacet
  facet normal 0 1 0
    outer loop
      vertex 8.498 8.752 0.00399971
      vertex 8.3 8.752 0.00199986
      vertex 8.3 8.752 0.00399971
    endloop
  endfacet
  facet normal 0.0285598 0 -0.999592
    outer loop
      vertex 4.84 11.532 3.128
      vertex 4.98 11.102 3.132
      vertex 4.84 11.212 3.128
    endloop
  endfacet
  facet normal 0.0285598 0 -0.999592
    outer loop
      vertex 4.98 11.102 3.132
      vertex 4.84 11.532 3.128
      vertex 4.98 11.652 3.132
    endloop
  endfacet
  facet normal -0.00016347 -0.823638 -0.567116
    outer loop
      vertex 8.3 7.158 1.586
      vertex 8.5 8.25 0
      vertex 8.3 6.256 2.896
    endloop
  endfacet
  facet normal -0.00567538 -0.8233 -0.567578
    outer loop
      vertex 8.3 8.25 0.00199986
      vertex 8.5 8.25 0
      vertex 8.3 7.158 1.586
    endloop
  endfacet
  facet normal 0 -1 0
    outer loop
      vertex 8.5 8.25 0
      vertex 8.3 8.25 0.00199986
      vertex 8.3 8.25 0
    endloop
  endfacet
  facet normal 0 -0.823643 -0.567108
    outer loop
      vertex 8.5 8.25 0
      vertex 8.5 6.256 2.896
      vertex 8.3 6.256 2.896
    endloop
  endfacet
  facet normal 1 -0 0
    outer loop
      vertex 8.3 9.844 1.586
      vertex 8.3 10.748 0.00199986
      vertex 8.3 10.748 2.896
    endloop
  endfacet
  facet normal 1 -0 0
    outer loop
      vertex 8.3 8.752 0.00399971
      vertex 8.3 10.748 0.00199986
      vertex 8.3 9.844 1.586
    endloop
  endfacet
  facet normal 1 0 0
    outer loop
      vertex 8.3 10.748 0.00199986
      vertex 8.3 8.752 0.00399971
      vertex 8.3 8.752 0.00199986
    endloop
  endfacet
  facet normal -1 0 0
    outer loop
      vertex 8.3 8.748 0.00199986
      vertex 8.3 8.75 0.00199986
      vertex 8.3 8.748 0
    endloop
  endfacet
  facet normal 1 0 0
    outer loop
      vertex 8.3 8.25 3.504
      vertex 8.3 7.346 1.914
      vertex 8.3 8.25 0.599999
    endloop
  endfacet
  facet normal 1 0 0
    outer loop
      vertex 8.3 8.25 3.504
      vertex 8.3 6.256 3.496
      vertex 8.3 7.346 1.914
    endloop
  endfacet
  facet normal 1 0 0
    outer loop
      vertex 8.3 6.256 3.496
      vertex 8.3 6.254 3.504
      vertex 8.3 6.256 2.896
    endloop
  endfacet
  facet normal 1 -0 0
    outer loop
      vertex 8.3 6.254 3.504
      vertex 8.3 6.256 3.496
      vertex 8.3 8.25 3.504
    endloop
  endfacet
  facet normal 1 0 0
    outer loop
      vertex 8.3 7.158 1.586
      vertex 8.3 6.254 0.00199986
      vertex 8.3 8.25 0.00199986
    endloop
  endfacet
  facet normal 1 0 0
    outer loop
      vertex 8.3 6.256 2.896
      vertex 8.3 6.254 0.00199986
      vertex 8.3 7.158 1.586
    endloop
  endfacet
  facet normal 1 0 0
    outer loop
      vertex 8.3 6.254 0.00199986
      vertex 8.3 6.256 2.896
      vertex 8.3 6.254 3.504
    endloop
  endfacet
  facet normal 1 -0 0
    outer loop
      vertex 8.3 8.752 3.504
      vertex 8.3 10.748 3.496
      vertex 8.3 10.748 3.504
    endloop
  endfacet
  facet normal 1 0 0
    outer loop
      vertex 8.3 10.748 3.496
      vertex 8.3 8.752 3.504
      vertex 8.3 9.656 1.914
    endloop
  endfacet
  facet normal 1 0 0
    outer loop
      vertex 8.3 9.656 1.914
      vertex 8.3 8.752 3.504
      vertex 8.3 8.752 0.604
    endloop
  endfacet
  facet normal 0 -1 0
    outer loop
      vertex 8.3 6.256 2.896
      vertex 8.5 6.256 3.496
      vertex 8.3 6.256 3.496
    endloop
  endfacet
  facet normal 0 -1 -0
    outer loop
      vertex 8.5 6.256 3.496
      vertex 8.3 6.256 2.896
      vertex 8.5 6.256 2.896
    endloop
  endfacet
  facet normal 0.00973917 0.823425 0.567341
    outer loop
      vertex 8.414 8.25 0.599999
      vertex 8.3 7.346 1.914
      vertex 8.3 6.256 3.496
    endloop
  endfacet
  facet normal 0 0.823859 0.566795
    outer loop
      vertex 8.414 8.25 0.599999
      vertex 8.3 8.25 0.599999
      vertex 8.3 7.346 1.914
    endloop
  endfacet
  facet normal -0 0.823643 0.567108
    outer loop
      vertex 8.414 8.25 0.599999
      vertex 8.5 6.256 3.496
      vertex 8.5 8.25 0.599999
    endloop
  endfacet
  facet normal 0 0.823643 0.567108
    outer loop
      vertex 8.5 6.256 3.496
      vertex 8.414 8.25 0.599999
      vertex 8.3 6.256 3.496
    endloop
  endfacet
  facet normal 1 0 0
    outer loop
      vertex 7.996 10.75 0.202
      vertex 7.996 11.052 3.504
      vertex 7.996 10.75 3.504
    endloop
  endfacet
  facet normal 1 0 0
    outer loop
      vertex 7.996 11.052 3.504
      vertex 7.996 10.75 0.202
      vertex 7.996 11.052 0.00199986
    endloop
  endfacet
  facet normal 1 0 0
    outer loop
      vertex 7.996 11.052 0.00199986
      vertex 7.996 10.75 0.202
      vertex 7.996 10.75 0.00199986
    endloop
  endfacet
  facet normal 0.823643 0 -0.567108
    outer loop
      vertex 7.994 11.252 2.896
      vertex 7.994 11.052 2.896
      vertex 6 11.252 0
    endloop
  endfacet
  facet normal 1 0 0
    outer loop
      vertex 6 11.252 0
      vertex 6 11.052 0.00199986
      vertex 6 11.052 0
    endloop
  endfacet
  facet normal 0.8233 -0.00567538 -0.567578
    outer loop
      vertex 6 11.252 0
      vertex 7.092 11.052 1.586
      vertex 6 11.052 0.00199986
    endloop
  endfacet
  facet normal 0.823638 -0.00016347 -0.567116
    outer loop
      vertex 7.994 11.052 2.896
      vertex 7.092 11.052 1.586
      vertex 6 11.252 0
    endloop
  endfacet
  facet normal 1 -0 0
    outer loop
      vertex 7.994 11.052 3.496
      vertex 7.994 11.252 2.896
      vertex 7.994 11.252 3.496
    endloop
  endfacet
  facet normal 1 0 0
    outer loop
      vertex 7.994 11.252 2.896
      vertex 7.994 11.052 3.496
      vertex 7.994 11.052 2.896
    endloop
  endfacet
  facet normal -0.823643 0 0.567108
    outer loop
      vertex 7.994 11.052 3.496
      vertex 7.994 11.252 3.496
      vertex 6 11.252 0.599999
    endloop
  endfacet
  facet normal -0.823859 0 0.566795
    outer loop
      vertex 6.904 11.052 1.914
      vertex 6 11.252 0.599999
      vertex 6 11.052 0.599999
    endloop
  endfacet
  facet normal -0.823452 0.00555151 0.567359
    outer loop
      vertex 6.904 11.052 1.914
      vertex 7.994 11.052 3.496
      vertex 6 11.252 0.599999
    endloop
  endfacet
  facet normal 0 -1 0
    outer loop
      vertex 8.3 8.748 0
      vertex 8.5 8.748 0.00199986
      vertex 8.3 8.748 0.00199986
    endloop
  endfacet
  facet normal 0 -1 -0
    outer loop
      vertex 8.5 8.748 0.00199986
      vertex 8.3 8.748 0
      vertex 8.5 8.748 0
    endloop
  endfacet
  facet normal 0 -1 0
    outer loop
      vertex 8.3 10.748 3.496
      vertex 8.5 10.748 3.504
      vertex 8.3 10.748 3.504
    endloop
  endfacet
  facet normal 0 -1 -0
    outer loop
      vertex 8.5 10.748 3.504
      vertex 8.3 10.748 3.496
      vertex 8.5 10.748 3.496
    endloop
  endfacet
  facet normal 0 -1 0
    outer loop
      vertex 8.3 10.748 0.00199986
      vertex 8.5 10.748 2.896
      vertex 8.3 10.748 2.896
    endloop
  endfacet
  facet normal 0 -1 -0
    outer loop
      vertex 8.5 10.748 2.896
      vertex 8.3 10.748 0.00199986
      vertex 8.5 10.748 0.00199986
    endloop
  endfacet
  facet normal 0 1 -0
    outer loop
      vertex 8.5 11.248 0.00199986
      vertex 8 11.248 3.504
      vertex 8.5 11.248 3.504
    endloop
  endfacet
  facet normal 0 1 0
    outer loop
      vertex 8 11.248 3.504
      vertex 8.5 11.248 0.00199986
      vertex 8 11.248 0.00199986
    endloop
  endfacet
  facet normal 0 0.707082 -0.707132
    outer loop
      vertex 8.5 8.748 0
      vertex 8.3 8.75 0.00199986
      vertex 8.5 8.75 0.00199986
    endloop
  endfacet
  facet normal 0 0.707082 -0.707132
    outer loop
      vertex 8.3 8.75 0.00199986
      vertex 8.5 8.748 0
      vertex 8.3 8.748 0
    endloop
  endfacet
  facet normal 0 0.823011 -0.568025
    outer loop
      vertex 8.498 8.752 0.00399971
      vertex 8.5 10.748 2.896
      vertex 8.5 8.752 0.00399971
    endloop
  endfacet
  facet normal 0 0.823011 -0.568025
    outer loop
      vertex 8.5 10.748 2.896
      vertex 8.498 8.752 0.00399971
      vertex 8.3 10.748 2.896
    endloop
  endfacet
  facet normal 0.00124304 0.82305 -0.567967
    outer loop
      vertex 8.3 10.748 2.896
      vertex 8.498 8.752 0.00399971
      vertex 8.3 9.844 1.586
    endloop
  endfacet
  facet normal 0 0.822978 -0.568073
    outer loop
      vertex 8.3 9.844 1.586
      vertex 8.498 8.752 0.00399971
      vertex 8.3 8.752 0.00399971
    endloop
  endfacet
  facet normal 0 -0.823011 0.568026
    outer loop
      vertex 8.414 8.752 0.604
      vertex 8.5 10.748 3.496
      vertex 8.3 10.748 3.496
    endloop
  endfacet
  facet normal 0 -0.823011 0.568026
    outer loop
      vertex 8.5 10.748 3.496
      vertex 8.414 8.752 0.604
      vertex 8.5 8.752 0.604
    endloop
  endfacet
  facet normal 0.0017888 -0.822977 0.568072
    outer loop
      vertex 8.414 8.752 0.604
      vertex 8.3 10.748 3.496
      vertex 8.3 9.656 1.914
    endloop
  endfacet
  facet normal 0 -0.823051 0.567968
    outer loop
      vertex 8.414 8.752 0.604
      vertex 8.3 9.656 1.914
      vertex 8.3 8.752 0.604
    endloop
  endfacet
  facet normal -0 0 1
    outer loop
      vertex 4.01 11.652 5.002
      vertex 4.98 11.65 5.002
      vertex 4.98 11.652 5.002
    endloop
  endfacet
  facet normal 0 0 1
    outer loop
      vertex 4.98 11.65 5.002
      vertex 4.01 11.652 5.002
      vertex 4.01 11.65 5.002
    endloop
  endfacet
  facet normal -0.707107 0 0.707107
    outer loop
      vertex 3.502 11.052 2.004
      vertex 3.502 11.216 2.004
      vertex 3.5 11.136 2.002
    endloop
  endfacet
  facet normal -0 0 1
    outer loop
      vertex 5.5 10.75 0.202
      vertex 7.8 10.6 0.202
      vertex 7.996 10.75 0.202
    endloop
  endfacet
  facet normal 0 0 1
    outer loop
      vertex 1.2 10.6 0.202
      vertex 5.5 10.75 0.202
      vertex 3.002 10.75 0.202
    endloop
  endfacet
  facet normal 0 0 1
    outer loop
      vertex 5.5 10.75 0.202
      vertex 1.2 10.6 0.202
      vertex 7.8 10.6 0.202
    endloop
  endfacet
  facet normal -0 0 1
    outer loop
      vertex 1 5.748 0.202
      vertex 1.2 1.4 0.202
      vertex 1.2 10.6 0.202
    endloop
  endfacet
  facet normal -0 0 1
    outer loop
      vertex 1 10.75 0.202
      vertex 1.2 10.6 0.202
      vertex 3.002 10.75 0.202
    endloop
  endfacet
  facet normal 0 0 1
    outer loop
      vertex 1 8.254 0.202
      vertex 1.2 10.6 0.202
      vertex 1 10.75 0.202
    endloop
  endfacet
  facet normal 0 0 1
    outer loop
      vertex 1 8.248 0.202
      vertex 1.2 10.6 0.202
      vertex 1 8.254 0.202
    endloop
  endfacet
  facet normal 0 0 1
    outer loop
      vertex 1 5.75 0.202
      vertex 1.2 10.6 0.202
      vertex 1 8.248 0.202
    endloop
  endfacet
  facet normal 0 0 1
    outer loop
      vertex 1 5.748 0.202
      vertex 1.2 10.6 0.202
      vertex 1 5.75 0.202
    endloop
  endfacet
  facet normal 0 0 1
    outer loop
      vertex 1 1.252 0.202
      vertex 1.2 1.4 0.202
      vertex 1 5.748 0.202
    endloop
  endfacet
  facet normal 0 0 1
    outer loop
      vertex 1.2 1.4 0.202
      vertex 1 1.252 0.202
      vertex 1.002 1.252 0.202
    endloop
  endfacet
  facet normal -0 0 1
    outer loop
      vertex 7.8 10.6 0.202
      vertex 8 6.254 0.202
      vertex 8 10.75 0.202
    endloop
  endfacet
  facet normal 0 0 1
    outer loop
      vertex 7.8 10.6 0.202
      vertex 8 10.75 0.202
      vertex 7.996 10.75 0.202
    endloop
  endfacet
  facet normal -0 0 1
    outer loop
      vertex 7.8 6.4 0.202
      vertex 8 6.254 0.202
      vertex 7.8 10.6 0.202
    endloop
  endfacet
  facet normal 0 0 1
    outer loop
      vertex 8 6.254 0.202
      vertex 7.8 6.4 0.202
      vertex 8 6.252 0.202
    endloop
  endfacet
  facet normal 0 0 1
    outer loop
      vertex 7.8 6.4 0.202
      vertex 6.002 6.252 0.202
      vertex 8 6.252 0.202
    endloop
  endfacet
  facet normal -0 0 1
    outer loop
      vertex 5.4 6.4 0.202
      vertex 6.002 6.252 0.202
      vertex 7.8 6.4 0.202
    endloop
  endfacet
  facet normal 0 0 1
    outer loop
      vertex 5.4 6.4 0.202
      vertex 5.5 6.248 0.202
      vertex 5.5 6.252 0.202
    endloop
  endfacet
  facet normal 0 0 1
    outer loop
      vertex 5.5 6.248 0.202
      vertex 5.4 1.4 0.202
      vertex 5.5 1.254 0.202
    endloop
  endfacet
  facet normal 0 0 1
    outer loop
      vertex 6.002 6.252 0.202
      vertex 5.4 6.4 0.202
      vertex 5.5 6.252 0.202
    endloop
  endfacet
  facet normal 0 0 1
    outer loop
      vertex 5.5 6.248 0.202
      vertex 5.4 6.4 0.202
      vertex 5.4 1.4 0.202
    endloop
  endfacet
  facet normal 0 0 1
    outer loop
      vertex 5.5 1.254 0.202
      vertex 5.4 1.4 0.202
      vertex 5.5 1.252 0.202
    endloop
  endfacet
  facet normal 0 0 1
    outer loop
      vertex 5.4 1.4 0.202
      vertex 5.146 1.252 0.202
      vertex 5.5 1.252 0.202
    endloop
  endfacet
  facet normal 0 0 1
    outer loop
      vertex 5.4 1.4 0.202
      vertex 3.846 1.252 0.202
      vertex 5.146 1.252 0.202
    endloop
  endfacet
  facet normal 0 0 1
    outer loop
      vertex 5.4 1.4 0.202
      vertex 3.502 1.252 0.202
      vertex 3.846 1.252 0.202
    endloop
  endfacet
  facet normal 0 0 1
    outer loop
      vertex 5.4 1.4 0.202
      vertex 3.5 1.252 0.202
      vertex 3.502 1.252 0.202
    endloop
  endfacet
  facet normal -0 0 1
    outer loop
      vertex 1.2 1.4 0.202
      vertex 3.5 1.252 0.202
      vertex 5.4 1.4 0.202
    endloop
  endfacet
  facet normal 0 0 1
    outer loop
      vertex 3.5 1.252 0.202
      vertex 1.2 1.4 0.202
      vertex 1.002 1.252 0.202
    endloop
  endfacet
  facet normal 0 -1 0
    outer loop
      vertex 3.798 11.95 0.427999
      vertex 5.224 11.95 1.752
      vertex 3.798 11.95 1.752
    endloop
  endfacet
  facet normal 0 -1 -0
    outer loop
      vertex 5.224 11.95 1.752
      vertex 3.798 11.95 0.427999
      vertex 5.224 11.95 0.427999
    endloop
  endfacet
  facet normal -1 0 0
    outer loop
      vertex 5.224 10.752 0.427999
      vertex 5.224 11.95 1.752
      vertex 5.224 11.95 0.427999
    endloop
  endfacet
  facet normal -1 -0 0
    outer loop
      vertex 5.224 11.95 1.752
      vertex 5.224 10.752 0.427999
      vertex 5.224 10.752 1.752
    endloop
  endfacet
  facet normal 1 -0 0
    outer loop
      vertex 3.798 10.752 1.752
      vertex 3.798 11.95 0.427999
      vertex 3.798 11.95 1.752
    endloop
  endfacet
  facet normal 1 0 0
    outer loop
      vertex 3.798 11.95 0.427999
      vertex 3.798 10.752 1.752
      vertex 3.798 10.752 0.427999
    endloop
  endfacet
  facet normal -1 0 0
    outer loop
      vertex 3.958 11.102 7.534
      vertex 3.958 11.65 8.054
      vertex 3.958 11.65 7.534
    endloop
  endfacet
  facet normal -1 -0 0
    outer loop
      vertex 3.958 11.65 8.054
      vertex 3.958 11.102 7.534
      vertex 3.958 11.102 8.054
    endloop
  endfacet
  facet normal -1 0 0
    outer loop
      vertex 3.958 11.102 6.294
      vertex 3.958 11.65 6.814
      vertex 3.958 11.65 6.294
    endloop
  endfacet
  facet normal -1 -0 0
    outer loop
      vertex 3.958 11.65 6.814
      vertex 3.958 11.102 6.294
      vertex 3.958 11.102 6.814
    endloop
  endfacet
  facet normal -1 0 0
    outer loop
      vertex 3.958 11.102 6.914
      vertex 3.958 11.65 7.434
      vertex 3.958 11.65 6.914
    endloop
  endfacet
  facet normal -1 -0 0
    outer loop
      vertex 3.958 11.65 7.434
      vertex 3.958 11.102 6.914
      vertex 3.958 11.102 7.434
    endloop
  endfacet
  facet normal -1 0 0
    outer loop
      vertex 3.958 11.102 5.052
      vertex 3.958 11.65 5.574
      vertex 3.958 11.65 5.052
    endloop
  endfacet
  facet normal -1 -0 0
    outer loop
      vertex 3.958 11.65 5.574
      vertex 3.958 11.102 5.052
      vertex 3.958 11.102 5.574
    endloop
  endfacet
  facet normal -1 0 0
    outer loop
      vertex 3.958 11.102 5.672
      vertex 3.958 11.65 6.194
      vertex 3.958 11.65 5.672
    endloop
  endfacet
  facet normal -1 -0 0
    outer loop
      vertex 3.958 11.65 6.194
      vertex 3.958 11.102 5.672
      vertex 3.958 11.102 6.194
    endloop
  endfacet
  facet normal -0.693109 0 -0.720833
    outer loop
      vertex 3.958 11.102 5.052
      vertex 4.01 11.65 5.002
      vertex 4.01 11.102 5.002
    endloop
  endfacet
  facet normal -0.693109 0 -0.720833
    outer loop
      vertex 4.01 11.65 5.002
      vertex 3.958 11.102 5.052
      vertex 3.958 11.65 5.052
    endloop
  endfacet
  facet normal -0.562259 0.58475 -0.58475
    outer loop
      vertex 4.01 11.7 5.052
      vertex 4.01 11.65 5.002
      vertex 3.958 11.65 5.052
    endloop
  endfacet
  facet normal -0.693109 0.720833 0
    outer loop
      vertex 4.01 11.7 7.534
      vertex 3.958 11.65 8.054
      vertex 4.01 11.7 8.054
    endloop
  endfacet
  facet normal -0.693109 0.720833 0
    outer loop
      vertex 3.958 11.65 8.054
      vertex 4.01 11.7 7.534
      vertex 3.958 11.65 7.534
    endloop
  endfacet
  facet normal -0.693109 0.720833 0
    outer loop
      vertex 4.01 11.7 6.294
      vertex 3.958 11.65 6.814
      vertex 4.01 11.7 6.814
    endloop
  endfacet
  facet normal -0.693109 0.720833 0
    outer loop
      vertex 3.958 11.65 6.814
      vertex 4.01 11.7 6.294
      vertex 3.958 11.65 6.294
    endloop
  endfacet
  facet normal -0.693109 0.720833 0
    outer loop
      vertex 4.01 11.7 6.914
      vertex 3.958 11.65 7.434
      vertex 4.01 11.7 7.434
    endloop
  endfacet
  facet normal -0.693109 0.720833 0
    outer loop
      vertex 3.958 11.65 7.434
      vertex 4.01 11.7 6.914
      vertex 3.958 11.65 6.914
    endloop
  endfacet
  facet normal -0.693109 0.720833 0
    outer loop
      vertex 4.01 11.7 5.052
      vertex 3.958 11.65 5.574
      vertex 4.01 11.7 5.574
    endloop
  endfacet
  facet normal -0.693109 0.720833 0
    outer loop
      vertex 3.958 11.65 5.574
      vertex 4.01 11.7 5.052
      vertex 3.958 11.65 5.052
    endloop
  endfacet
  facet normal -0.693109 0.720833 0
    outer loop
      vertex 4.01 11.7 5.672
      vertex 3.958 11.65 6.194
      vertex 4.01 11.7 6.194
    endloop
  endfacet
  facet normal -0.693109 0.720833 0
    outer loop
      vertex 3.958 11.65 6.194
      vertex 4.01 11.7 5.672
      vertex 3.958 11.65 5.672
    endloop
  endfacet
  facet normal -0.562259 0.58475 0.58475
    outer loop
      vertex 4.01 11.65 5.624
      vertex 4.01 11.7 5.574
      vertex 3.958 11.65 5.574
    endloop
  endfacet
  facet normal -0.693109 0 0.720833
    outer loop
      vertex 3.958 11.65 5.574
      vertex 4.01 11.102 5.624
      vertex 4.01 11.65 5.624
    endloop
  endfacet
  facet normal -0.693109 0 0.720833
    outer loop
      vertex 4.01 11.102 5.624
      vertex 3.958 11.65 5.574
      vertex 3.958 11.102 5.574
    endloop
  endfacet
  facet normal -0.562259 -0.58475 0.58475
    outer loop
      vertex 4.01 11.052 5.574
      vertex 4.01 11.102 5.624
      vertex 3.958 11.102 5.574
    endloop
  endfacet
  facet normal -0.693109 -0.720833 0
    outer loop
      vertex 3.958 11.102 7.534
      vertex 4.01 11.052 8.054
      vertex 3.958 11.102 8.054
    endloop
  endfacet
  facet normal -0.693109 -0.720833 -0
    outer loop
      vertex 4.01 11.052 8.054
      vertex 3.958 11.102 7.534
      vertex 4.01 11.052 7.534
    endloop
  endfacet
  facet normal -0.693109 -0.720833 0
    outer loop
      vertex 3.958 11.102 6.294
      vertex 4.01 11.052 6.814
      vertex 3.958 11.102 6.814
    endloop
  endfacet
  facet normal -0.693109 -0.720833 -0
    outer loop
      vertex 4.01 11.052 6.814
      vertex 3.958 11.102 6.294
      vertex 4.01 11.052 6.294
    endloop
  endfacet
  facet normal -0.693109 -0.720833 0
    outer loop
      vertex 3.958 11.102 6.914
      vertex 4.01 11.052 7.434
      vertex 3.958 11.102 7.434
    endloop
  endfacet
  facet normal -0.693109 -0.720833 -0
    outer loop
      vertex 4.01 11.052 7.434
      vertex 3.958 11.102 6.914
      vertex 4.01 11.052 6.914
    endloop
  endfacet
  facet normal -0.693109 -0.720833 0
    outer loop
      vertex 3.958 11.102 5.672
      vertex 4.01 11.052 6.194
      vertex 3.958 11.102 6.194
    endloop
  endfacet
  facet normal -0.693109 -0.720833 -0
    outer loop
      vertex 4.01 11.052 6.194
      vertex 3.958 11.102 5.672
      vertex 4.01 11.052 5.672
    endloop
  endfacet
  facet normal -0.693109 -0.720833 0
    outer loop
      vertex 3.958 11.102 5.052
      vertex 4.01 11.052 5.574
      vertex 3.958 11.102 5.574
    endloop
  endfacet
  facet normal -0.693109 -0.720833 -0
    outer loop
      vertex 4.01 11.052 5.574
      vertex 3.958 11.102 5.052
      vertex 4.01 11.052 5.052
    endloop
  endfacet
  facet normal -0.562259 -0.58475 -0.58475
    outer loop
      vertex 4.01 11.102 5.002
      vertex 4.01 11.052 5.052
      vertex 3.958 11.102 5.052
    endloop
  endfacet
  facet normal 0.998908 -0.0239699 -0.0401128
    outer loop
      vertex 3.502 11.216 2.004
      vertex 3.502 11.052 2.102
      vertex 3.5 11.136 2.002
    endloop
  endfacet
  facet normal 0 0.707107 -0.707107
    outer loop
      vertex 4.98 11.65 5.002
      vertex 4.01 11.7 5.052
      vertex 4.98 11.7 5.052
    endloop
  endfacet
  facet normal 0 0.707107 -0.707107
    outer loop
      vertex 4.01 11.7 5.052
      vertex 4.98 11.65 5.002
      vertex 4.01 11.65 5.002
    endloop
  endfacet
  facet normal 0 0.707107 0.707107
    outer loop
      vertex 4.98 11.7 5.574
      vertex 4.01 11.65 5.624
      vertex 4.98 11.65 5.624
    endloop
  endfacet
  facet normal 0 0.707107 0.707107
    outer loop
      vertex 4.01 11.65 5.624
      vertex 4.98 11.7 5.574
      vertex 4.01 11.7 5.574
    endloop
  endfacet
  facet normal 0 -0.707107 0.707107
    outer loop
      vertex 4.01 11.052 5.574
      vertex 4.98 11.102 5.624
      vertex 4.01 11.102 5.624
    endloop
  endfacet
  facet normal 0 -0.707107 0.707107
    outer loop
      vertex 4.98 11.102 5.624
      vertex 4.01 11.052 5.574
      vertex 4.98 11.052 5.574
    endloop
  endfacet
  facet normal 0 -0.707107 -0.707107
    outer loop
      vertex 4.01 11.102 5.002
      vertex 4.98 11.052 5.052
      vertex 4.01 11.052 5.052
    endloop
  endfacet
  facet normal 0 -0.707107 -0.707107
    outer loop
      vertex 4.98 11.052 5.052
      vertex 4.01 11.102 5.002
      vertex 4.98 11.102 5.002
    endloop
  endfacet
  facet normal 0.707107 0 -0.707107
    outer loop
      vertex 5.03 11.102 5.052
      vertex 4.98 11.65 5.002
      vertex 5.03 11.65 5.052
    endloop
  endfacet
  facet normal 0.707107 0 -0.707107
    outer loop
      vertex 4.98 11.65 5.002
      vertex 5.03 11.102 5.052
      vertex 4.98 11.102 5.002
    endloop
  endfacet
  facet normal 0.57735 0.57735 -0.57735
    outer loop
      vertex 4.98 11.7 5.052
      vertex 5.03 11.65 5.052
      vertex 4.98 11.65 5.002
    endloop
  endfacet
  facet normal 0.707107 0.707107 0
    outer loop
      vertex 5.03 11.65 8.054
      vertex 4.98 11.7 7.534
      vertex 4.98 11.7 8.054
    endloop
  endfacet
  facet normal 0.707107 0.707107 0
    outer loop
      vertex 4.98 11.7 7.534
      vertex 5.03 11.65 8.054
      vertex 5.03 11.65 7.534
    endloop
  endfacet
  facet normal 0.707107 0.707107 0
    outer loop
      vertex 5.03 11.65 6.194
      vertex 4.98 11.7 5.672
      vertex 4.98 11.7 6.194
    endloop
  endfacet
  facet normal 0.707107 0.707107 0
    outer loop
      vertex 4.98 11.7 5.672
      vertex 5.03 11.65 6.194
      vertex 5.03 11.65 5.672
    endloop
  endfacet
  facet normal 0.707107 0.707107 0
    outer loop
      vertex 5.03 11.65 7.434
      vertex 4.98 11.7 6.914
      vertex 4.98 11.7 7.434
    endloop
  endfacet
  facet normal 0.707107 0.707107 0
    outer loop
      vertex 4.98 11.7 6.914
      vertex 5.03 11.65 7.434
      vertex 5.03 11.65 6.914
    endloop
  endfacet
  facet normal 0.707107 0.707107 0
    outer loop
      vertex 5.03 11.65 6.814
      vertex 4.98 11.7 6.294
      vertex 4.98 11.7 6.814
    endloop
  endfacet
  facet normal 0.707107 0.707107 0
    outer loop
      vertex 4.98 11.7 6.294
      vertex 5.03 11.65 6.814
      vertex 5.03 11.65 6.294
    endloop
  endfacet
  facet normal 0.707107 0.707107 0
    outer loop
      vertex 5.03 11.65 5.574
      vertex 4.98 11.7 5.052
      vertex 4.98 11.7 5.574
    endloop
  endfacet
  facet normal 0.707107 0.707107 0
    outer loop
      vertex 4.98 11.7 5.052
      vertex 5.03 11.65 5.574
      vertex 5.03 11.65 5.052
    endloop
  endfacet
  facet normal 0.57735 0.57735 0.57735
    outer loop
      vertex 5.03 11.65 5.574
      vertex 4.98 11.7 5.574
      vertex 4.98 11.65 5.624
    endloop
  endfacet
  facet normal 0.707107 -0 0.707107
    outer loop
      vertex 4.98 11.102 5.624
      vertex 5.03 11.65 5.574
      vertex 4.98 11.65 5.624
    endloop
  endfacet
  facet normal 0.707107 0 0.707107
    outer loop
      vertex 5.03 11.65 5.574
      vertex 4.98 11.102 5.624
      vertex 5.03 11.102 5.574
    endloop
  endfacet
  facet normal 0.57735 -0.57735 0.57735
    outer loop
      vertex 5.03 11.102 5.574
      vertex 4.98 11.102 5.624
      vertex 4.98 11.052 5.574
    endloop
  endfacet
  facet normal 0.57735 -0.57735 -0.57735
    outer loop
      vertex 4.98 11.102 5.002
      vertex 5.03 11.102 5.052
      vertex 4.98 11.052 5.052
    endloop
  endfacet
  facet normal -0.67828 0 -0.734803
    outer loop
      vertex 3.958 11.102 5.672
      vertex 4.01 11.65 5.624
      vertex 4.01 11.102 5.624
    endloop
  endfacet
  facet normal -0.67828 0 -0.734803
    outer loop
      vertex 4.01 11.65 5.624
      vertex 3.958 11.102 5.672
      vertex 3.958 11.65 5.672
    endloop
  endfacet
  facet normal -0.554256 0.576426 -0.600444
    outer loop
      vertex 4.01 11.7 5.672
      vertex 4.01 11.65 5.624
      vertex 3.958 11.65 5.672
    endloop
  endfacet
  facet normal -0.562259 0.58475 0.58475
    outer loop
      vertex 4.01 11.65 6.244
      vertex 4.01 11.7 6.194
      vertex 3.958 11.65 6.194
    endloop
  endfacet
  facet normal -0.693109 0 0.720833
    outer loop
      vertex 3.958 11.65 6.194
      vertex 4.01 11.102 6.244
      vertex 4.01 11.65 6.244
    endloop
  endfacet
  facet normal -0.693109 0 0.720833
    outer loop
      vertex 4.01 11.102 6.244
      vertex 3.958 11.65 6.194
      vertex 3.958 11.102 6.194
    endloop
  endfacet
  facet normal -0.562259 -0.58475 0.58475
    outer loop
      vertex 4.01 11.052 6.194
      vertex 4.01 11.102 6.244
      vertex 3.958 11.102 6.194
    endloop
  endfacet
  facet normal -0.554256 -0.576426 -0.600444
    outer loop
      vertex 4.01 11.102 5.624
      vertex 4.01 11.052 5.672
      vertex 3.958 11.102 5.672
    endloop
  endfacet
  facet normal 0 0.692532 -0.721387
    outer loop
      vertex 4.01 11.65 5.624
      vertex 4.98 11.7 5.672
      vertex 4.98 11.65 5.624
    endloop
  endfacet
  facet normal 0 0.692532 -0.721387
    outer loop
      vertex 4.98 11.7 5.672
      vertex 4.01 11.65 5.624
      vertex 4.01 11.7 5.672
    endloop
  endfacet
  facet normal 0 0.707107 0.707107
    outer loop
      vertex 4.98 11.7 6.194
      vertex 4.01 11.65 6.244
      vertex 4.98 11.65 6.244
    endloop
  endfacet
  facet normal 0 0.707107 0.707107
    outer loop
      vertex 4.01 11.65 6.244
      vertex 4.98 11.7 6.194
      vertex 4.01 11.7 6.194
    endloop
  endfacet
  facet normal 0 -0.707107 0.707107
    outer loop
      vertex 4.01 11.052 6.194
      vertex 4.98 11.102 6.244
      vertex 4.01 11.102 6.244
    endloop
  endfacet
  facet normal 0 -0.707107 0.707107
    outer loop
      vertex 4.98 11.102 6.244
      vertex 4.01 11.052 6.194
      vertex 4.98 11.052 6.194
    endloop
  endfacet
  facet normal 0 -0.692532 -0.721387
    outer loop
      vertex 4.01 11.052 5.672
      vertex 4.98 11.102 5.624
      vertex 4.98 11.052 5.672
    endloop
  endfacet
  facet normal -0 -0.692532 -0.721387
    outer loop
      vertex 4.98 11.102 5.624
      vertex 4.01 11.052 5.672
      vertex 4.01 11.102 5.624
    endloop
  endfacet
  facet normal 0.692532 0 -0.721387
    outer loop
      vertex 4.98 11.102 5.624
      vertex 5.03 11.65 5.672
      vertex 5.03 11.102 5.672
    endloop
  endfacet
  facet normal 0.692532 0 -0.721387
    outer loop
      vertex 5.03 11.65 5.672
      vertex 4.98 11.102 5.624
      vertex 4.98 11.65 5.624
    endloop
  endfacet
  facet normal 0.569335 0.569335 -0.593057
    outer loop
      vertex 4.98 11.7 5.672
      vertex 5.03 11.65 5.672
      vertex 4.98 11.65 5.624
    endloop
  endfacet
  facet normal 0.57735 0.57735 0.57735
    outer loop
      vertex 5.03 11.65 6.194
      vertex 4.98 11.7 6.194
      vertex 4.98 11.65 6.244
    endloop
  endfacet
  facet normal 0.707107 -0 0.707107
    outer loop
      vertex 4.98 11.102 6.244
      vertex 5.03 11.65 6.194
      vertex 4.98 11.65 6.244
    endloop
  endfacet
  facet normal 0.707107 0 0.707107
    outer loop
      vertex 5.03 11.65 6.194
      vertex 4.98 11.102 6.244
      vertex 5.03 11.102 6.194
    endloop
  endfacet
  facet normal 0.57735 -0.57735 0.57735
    outer loop
      vertex 5.03 11.102 6.194
      vertex 4.98 11.102 6.244
      vertex 4.98 11.052 6.194
    endloop
  endfacet
  facet normal 0.569335 -0.569335 -0.593057
    outer loop
      vertex 4.98 11.102 5.624
      vertex 5.03 11.102 5.672
      vertex 4.98 11.052 5.672
    endloop
  endfacet
  facet normal -0.693109 0 -0.720833
    outer loop
      vertex 3.958 11.102 6.294
      vertex 4.01 11.65 6.244
      vertex 4.01 11.102 6.244
    endloop
  endfacet
  facet normal -0.693109 0 -0.720833
    outer loop
      vertex 4.01 11.65 6.244
      vertex 3.958 11.102 6.294
      vertex 3.958 11.65 6.294
    endloop
  endfacet
  facet normal -0.562259 0.58475 -0.58475
    outer loop
      vertex 4.01 11.7 6.294
      vertex 4.01 11.65 6.244
      vertex 3.958 11.65 6.294
    endloop
  endfacet
  facet normal -0.562259 0.58475 0.58475
    outer loop
      vertex 4.01 11.65 6.864
      vertex 4.01 11.7 6.814
      vertex 3.958 11.65 6.814
    endloop
  endfacet
  facet normal -0.693109 0 0.720833
    outer loop
      vertex 3.958 11.65 6.814
      vertex 4.01 11.102 6.864
      vertex 4.01 11.65 6.864
    endloop
  endfacet
  facet normal -0.693109 0 0.720833
    outer loop
      vertex 4.01 11.102 6.864
      vertex 3.958 11.65 6.814
      vertex 3.958 11.102 6.814
    endloop
  endfacet
  facet normal -0.562259 -0.58475 0.58475
    outer loop
      vertex 4.01 11.052 6.814
      vertex 4.01 11.102 6.864
      vertex 3.958 11.102 6.814
    endloop
  endfacet
  facet normal -0.562259 -0.58475 -0.58475
    outer loop
      vertex 4.01 11.102 6.244
      vertex 4.01 11.052 6.294
      vertex 3.958 11.102 6.294
    endloop
  endfacet
  facet normal 0 0.707107 -0.707107
    outer loop
      vertex 4.98 11.65 6.244
      vertex 4.01 11.7 6.294
      vertex 4.98 11.7 6.294
    endloop
  endfacet
  facet normal 0 0.707107 -0.707107
    outer loop
      vertex 4.01 11.7 6.294
      vertex 4.98 11.65 6.244
      vertex 4.01 11.65 6.244
    endloop
  endfacet
  facet normal 0 0.707107 0.707107
    outer loop
      vertex 4.98 11.7 6.814
      vertex 4.01 11.65 6.864
      vertex 4.98 11.65 6.864
    endloop
  endfacet
  facet normal 0 0.707107 0.707107
    outer loop
      vertex 4.01 11.65 6.864
      vertex 4.98 11.7 6.814
      vertex 4.01 11.7 6.814
    endloop
  endfacet
  facet normal 0 -0.707107 0.707107
    outer loop
      vertex 4.01 11.052 6.814
      vertex 4.98 11.102 6.864
      vertex 4.01 11.102 6.864
    endloop
  endfacet
  facet normal 0 -0.707107 0.707107
    outer loop
      vertex 4.98 11.102 6.864
      vertex 4.01 11.052 6.814
      vertex 4.98 11.052 6.814
    endloop
  endfacet
  facet normal 0 -0.707107 -0.707107
    outer loop
      vertex 4.01 11.102 6.244
      vertex 4.98 11.052 6.294
      vertex 4.01 11.052 6.294
    endloop
  endfacet
  facet normal 0 -0.707107 -0.707107
    outer loop
      vertex 4.98 11.052 6.294
      vertex 4.01 11.102 6.244
      vertex 4.98 11.102 6.244
    endloop
  endfacet
  facet normal 0.707107 0 -0.707107
    outer loop
      vertex 5.03 11.102 6.294
      vertex 4.98 11.65 6.244
      vertex 5.03 11.65 6.294
    endloop
  endfacet
  facet normal 0.707107 0 -0.707107
    outer loop
      vertex 4.98 11.65 6.244
      vertex 5.03 11.102 6.294
      vertex 4.98 11.102 6.244
    endloop
  endfacet
  facet normal 0.57735 0.57735 -0.57735
    outer loop
      vertex 4.98 11.7 6.294
      vertex 5.03 11.65 6.294
      vertex 4.98 11.65 6.244
    endloop
  endfacet
  facet normal 0.57735 0.57735 0.57735
    outer loop
      vertex 5.03 11.65 6.814
      vertex 4.98 11.7 6.814
      vertex 4.98 11.65 6.864
    endloop
  endfacet
  facet normal 0.707107 -0 0.707107
    outer loop
      vertex 4.98 11.102 6.864
      vertex 5.03 11.65 6.814
      vertex 4.98 11.65 6.864
    endloop
  endfacet
  facet normal 0.707107 0 0.707107
    outer loop
      vertex 5.03 11.65 6.814
      vertex 4.98 11.102 6.864
      vertex 5.03 11.102 6.814
    endloop
  endfacet
  facet normal 0.57735 -0.57735 0.57735
    outer loop
      vertex 5.03 11.102 6.814
      vertex 4.98 11.102 6.864
      vertex 4.98 11.052 6.814
    endloop
  endfacet
  facet normal 0.57735 -0.57735 -0.57735
    outer loop
      vertex 4.98 11.102 6.244
      vertex 5.03 11.102 6.294
      vertex 4.98 11.052 6.294
    endloop
  endfacet
  facet normal -0.693109 0 -0.720833
    outer loop
      vertex 3.958 11.102 6.914
      vertex 4.01 11.65 6.864
      vertex 4.01 11.102 6.864
    endloop
  endfacet
  facet normal -0.693109 0 -0.720833
    outer loop
      vertex 4.01 11.65 6.864
      vertex 3.958 11.102 6.914
      vertex 3.958 11.65 6.914
    endloop
  endfacet
  facet normal -0.562259 0.58475 -0.58475
    outer loop
      vertex 4.01 11.7 6.914
      vertex 4.01 11.65 6.864
      vertex 3.958 11.65 6.914
    endloop
  endfacet
  facet normal -0.562259 0.58475 0.58475
    outer loop
      vertex 4.01 11.65 7.484
      vertex 4.01 11.7 7.434
      vertex 3.958 11.65 7.434
    endloop
  endfacet
  facet normal -0.693109 0 0.720833
    outer loop
      vertex 3.958 11.65 7.434
      vertex 4.01 11.102 7.484
      vertex 4.01 11.65 7.484
    endloop
  endfacet
  facet normal -0.693109 0 0.720833
    outer loop
      vertex 4.01 11.102 7.484
      vertex 3.958 11.65 7.434
      vertex 3.958 11.102 7.434
    endloop
  endfacet
  facet normal -0.562259 -0.58475 0.58475
    outer loop
      vertex 4.01 11.052 7.434
      vertex 4.01 11.102 7.484
      vertex 3.958 11.102 7.434
    endloop
  endfacet
  facet normal -0.562259 -0.58475 -0.58475
    outer loop
      vertex 4.01 11.102 6.864
      vertex 4.01 11.052 6.914
      vertex 3.958 11.102 6.914
    endloop
  endfacet
  facet normal 0 0.707107 -0.707107
    outer loop
      vertex 4.98 11.65 6.864
      vertex 4.01 11.7 6.914
      vertex 4.98 11.7 6.914
    endloop
  endfacet
  facet normal 0 0.707107 -0.707107
    outer loop
      vertex 4.01 11.7 6.914
      vertex 4.98 11.65 6.864
      vertex 4.01 11.65 6.864
    endloop
  endfacet
  facet normal 0 0.707107 0.707107
    outer loop
      vertex 4.98 11.7 7.434
      vertex 4.01 11.65 7.484
      vertex 4.98 11.65 7.484
    endloop
  endfacet
  facet normal 0 0.707107 0.707107
    outer loop
      vertex 4.01 11.65 7.484
      vertex 4.98 11.7 7.434
      vertex 4.01 11.7 7.434
    endloop
  endfacet
  facet normal 0 -0.707107 0.707107
    outer loop
      vertex 4.01 11.052 7.434
      vertex 4.98 11.102 7.484
      vertex 4.01 11.102 7.484
    endloop
  endfacet
  facet normal 0 -0.707107 0.707107
    outer loop
      vertex 4.98 11.102 7.484
      vertex 4.01 11.052 7.434
      vertex 4.98 11.052 7.434
    endloop
  endfacet
  facet normal 0 -0.707107 -0.707107
    outer loop
      vertex 4.01 11.102 6.864
      vertex 4.98 11.052 6.914
      vertex 4.01 11.052 6.914
    endloop
  endfacet
  facet normal 0 -0.707107 -0.707107
    outer loop
      vertex 4.98 11.052 6.914
      vertex 4.01 11.102 6.864
      vertex 4.98 11.102 6.864
    endloop
  endfacet
  facet normal 0.707107 0 -0.707107
    outer loop
      vertex 5.03 11.102 6.914
      vertex 4.98 11.65 6.864
      vertex 5.03 11.65 6.914
    endloop
  endfacet
  facet normal 0.707107 0 -0.707107
    outer loop
      vertex 4.98 11.65 6.864
      vertex 5.03 11.102 6.914
      vertex 4.98 11.102 6.864
    endloop
  endfacet
  facet normal 0.57735 0.57735 -0.57735
    outer loop
      vertex 4.98 11.7 6.914
      vertex 5.03 11.65 6.914
      vertex 4.98 11.65 6.864
    endloop
  endfacet
  facet normal 0.57735 0.57735 0.57735
    outer loop
      vertex 5.03 11.65 7.434
      vertex 4.98 11.7 7.434
      vertex 4.98 11.65 7.484
    endloop
  endfacet
  facet normal 0.707107 -0 0.707107
    outer loop
      vertex 4.98 11.102 7.484
      vertex 5.03 11.65 7.434
      vertex 4.98 11.65 7.484
    endloop
  endfacet
  facet normal 0.707107 0 0.707107
    outer loop
      vertex 5.03 11.65 7.434
      vertex 4.98 11.102 7.484
      vertex 5.03 11.102 7.434
    endloop
  endfacet
  facet normal 0.57735 -0.57735 0.57735
    outer loop
      vertex 5.03 11.102 7.434
      vertex 4.98 11.102 7.484
      vertex 4.98 11.052 7.434
    endloop
  endfacet
  facet normal 0.57735 -0.57735 -0.57735
    outer loop
      vertex 4.98 11.102 6.864
      vertex 5.03 11.102 6.914
      vertex 4.98 11.052 6.914
    endloop
  endfacet
  facet normal -0.693109 0 -0.720833
    outer loop
      vertex 3.958 11.102 7.534
      vertex 4.01 11.65 7.484
      vertex 4.01 11.102 7.484
    endloop
  endfacet
  facet normal -0.693109 0 -0.720833
    outer loop
      vertex 4.01 11.65 7.484
      vertex 3.958 11.102 7.534
      vertex 3.958 11.65 7.534
    endloop
  endfacet
  facet normal -0.562259 0.58475 -0.58475
    outer loop
      vertex 4.01 11.7 7.534
      vertex 4.01 11.65 7.484
      vertex 3.958 11.65 7.534
    endloop
  endfacet
  facet normal -0.562259 0.58475 0.58475
    outer loop
      vertex 4.01 11.65 8.104
      vertex 4.01 11.7 8.054
      vertex 3.958 11.65 8.054
    endloop
  endfacet
  facet normal -0.693109 0 0.720833
    outer loop
      vertex 3.958 11.65 8.054
      vertex 4.01 11.102 8.104
      vertex 4.01 11.65 8.104
    endloop
  endfacet
  facet normal -0.693109 0 0.720833
    outer loop
      vertex 4.01 11.102 8.104
      vertex 3.958 11.65 8.054
      vertex 3.958 11.102 8.054
    endloop
  endfacet
  facet normal -0.562259 -0.58475 0.58475
    outer loop
      vertex 4.01 11.052 8.054
      vertex 4.01 11.102 8.104
      vertex 3.958 11.102 8.054
    endloop
  endfacet
  facet normal -0.562259 -0.58475 -0.58475
    outer loop
      vertex 4.01 11.102 7.484
      vertex 4.01 11.052 7.534
      vertex 3.958 11.102 7.534
    endloop
  endfacet
  facet normal 0 0.707107 -0.707107
    outer loop
      vertex 4.98 11.65 7.484
      vertex 4.01 11.7 7.534
      vertex 4.98 11.7 7.534
    endloop
  endfacet
  facet normal 0 0.707107 -0.707107
    outer loop
      vertex 4.01 11.7 7.534
      vertex 4.98 11.65 7.484
      vertex 4.01 11.65 7.484
    endloop
  endfacet
  facet normal 0 0.707107 0.707107
    outer loop
      vertex 4.98 11.7 8.054
      vertex 4.01 11.65 8.104
      vertex 4.98 11.65 8.104
    endloop
  endfacet
  facet normal 0 0.707107 0.707107
    outer loop
      vertex 4.01 11.65 8.104
      vertex 4.98 11.7 8.054
      vertex 4.01 11.7 8.054
    endloop
  endfacet
  facet normal 0 -0.707107 0.707107
    outer loop
      vertex 4.01 11.052 8.054
      vertex 4.98 11.102 8.104
      vertex 4.01 11.102 8.104
    endloop
  endfacet
  facet normal 0 -0.707107 0.707107
    outer loop
      vertex 4.98 11.102 8.104
      vertex 4.01 11.052 8.054
      vertex 4.98 11.052 8.054
    endloop
  endfacet
  facet normal 0 -0.707107 -0.707107
    outer loop
      vertex 4.01 11.102 7.484
      vertex 4.98 11.052 7.534
      vertex 4.01 11.052 7.534
    endloop
  endfacet
  facet normal 0 -0.707107 -0.707107
    outer loop
      vertex 4.98 11.052 7.534
      vertex 4.01 11.102 7.484
      vertex 4.98 11.102 7.484
    endloop
  endfacet
  facet normal 0.707107 0 -0.707107
    outer loop
      vertex 5.03 11.102 7.534
      vertex 4.98 11.65 7.484
      vertex 5.03 11.65 7.534
    endloop
  endfacet
  facet normal 0.707107 0 -0.707107
    outer loop
      vertex 4.98 11.65 7.484
      vertex 5.03 11.102 7.534
      vertex 4.98 11.102 7.484
    endloop
  endfacet
  facet normal 0.57735 0.57735 -0.57735
    outer loop
      vertex 4.98 11.7 7.534
      vertex 5.03 11.65 7.534
      vertex 4.98 11.65 7.484
    endloop
  endfacet
  facet normal 0.57735 0.57735 0.57735
    outer loop
      vertex 5.03 11.65 8.054
      vertex 4.98 11.7 8.054
      vertex 4.98 11.65 8.104
    endloop
  endfacet
  facet normal 0.707107 -0 0.707107
    outer loop
      vertex 4.98 11.102 8.104
      vertex 5.03 11.65 8.054
      vertex 4.98 11.65 8.104
    endloop
  endfacet
  facet normal 0.707107 0 0.707107
    outer loop
      vertex 5.03 11.65 8.054
      vertex 4.98 11.102 8.104
      vertex 5.03 11.102 8.054
    endloop
  endfacet
  facet normal 0.57735 -0.57735 0.57735
    outer loop
      vertex 5.03 11.102 8.054
      vertex 4.98 11.102 8.104
      vertex 4.98 11.052 8.054
    endloop
  endfacet
  facet normal 0.57735 -0.57735 -0.57735
    outer loop
      vertex 4.98 11.102 7.484
      vertex 5.03 11.102 7.534
      vertex 4.98 11.052 7.534
    endloop
  endfacet
  facet normal 0 0 1
    outer loop
      vertex 5.036 11.7 3.128
      vertex 4.84 11.532 3.128
      vertex 5.036 11.052 3.128
    endloop
  endfacet
  facet normal -0 0 1
    outer loop
      vertex 3.956 11.7 3.128
      vertex 4.84 11.532 3.128
      vertex 5.036 11.7 3.128
    endloop
  endfacet
  facet normal 0 0 1
    outer loop
      vertex 3.956 11.052 3.128
      vertex 4.148 11.532 3.128
      vertex 3.956 11.7 3.128
    endloop
  endfacet
  facet normal 0 0 1
    outer loop
      vertex 4.84 11.532 3.128
      vertex 3.956 11.7 3.128
      vertex 4.148 11.532 3.128
    endloop
  endfacet
  facet normal -0 0 1
    outer loop
      vertex 4.84 11.212 3.128
      vertex 5.036 11.052 3.128
      vertex 4.84 11.532 3.128
    endloop
  endfacet
  facet normal 0 0 1
    outer loop
      vertex 3.956 11.052 3.128
      vertex 4.84 11.212 3.128
      vertex 4.148 11.212 3.128
    endloop
  endfacet
  facet normal 0 0 1
    outer loop
      vertex 4.84 11.212 3.128
      vertex 3.956 11.052 3.128
      vertex 5.036 11.052 3.128
    endloop
  endfacet
  facet normal 0 0 1
    outer loop
      vertex 4.148 11.532 3.128
      vertex 3.956 11.052 3.128
      vertex 4.148 11.212 3.128
    endloop
  endfacet
  facet normal 0.0552105 0.0966184 -0.993789
    outer loop
      vertex 4.22 11.532 3.132
      vertex 4.148 11.532 3.128
      vertex 4.01 11.652 3.132
    endloop
  endfacet
  facet normal -0.0289733 0 -0.99958
    outer loop
      vertex 4.01 11.102 3.132
      vertex 4.148 11.532 3.128
      vertex 4.148 11.212 3.128
    endloop
  endfacet
  facet normal -0.0289733 0 -0.99958
    outer loop
      vertex 4.148 11.532 3.128
      vertex 4.01 11.102 3.132
      vertex 4.01 11.652 3.132
    endloop
  endfacet
  facet normal -0 0 -1
    outer loop
      vertex 4.98 11.652 3.132
      vertex 4.22 11.532 3.132
      vertex 4.01 11.652 3.132
    endloop
  endfacet
  facet normal 0 -0 -1
    outer loop
      vertex 4.784 11.212 3.132
      vertex 4.98 11.102 3.132
      vertex 4.01 11.102 3.132
    endloop
  endfacet
  facet normal 0.00628303 -0.0442097 -0.999003
    outer loop
      vertex 4.148 11.212 3.128
      vertex 4.784 11.212 3.132
      vertex 4.01 11.102 3.132
    endloop
  endfacet
  facet normal -0.0064461 0.0408253 -0.999146
    outer loop
      vertex 4.98 11.652 3.132
      vertex 4.84 11.532 3.128
      vertex 4.22 11.532 3.132
    endloop
  endfacet
  facet normal -0.0706798 -0.125939 -0.989517
    outer loop
      vertex 4.84 11.212 3.128
      vertex 4.98 11.102 3.132
      vertex 4.784 11.212 3.132
    endloop
  endfacet
  facet normal 0 0 1
    outer loop
      vertex 4.15 11.212 0.427999
      vertex 4.148 11.212 0.427999
      vertex 4.15 11.2 0.427999
    endloop
  endfacet
  facet normal 0 0 1
    outer loop
      vertex 4.85 11.2 0.427999
      vertex 5.224 11.95 0.427999
      vertex 4.85 11.55 0.427999
    endloop
  endfacet
  facet normal -0 0 1
    outer loop
      vertex 3.798 11.95 0.427999
      vertex 4.85 11.55 0.427999
      vertex 5.224 11.95 0.427999
    endloop
  endfacet
  facet normal 0 0 1
    outer loop
      vertex 4.15 11.55 0.427999
      vertex 4.148 11.532 0.427999
      vertex 4.15 11.532 0.427999
    endloop
  endfacet
  facet normal 0 0 1
    outer loop
      vertex 4.148 11.532 0.427999
      vertex 3.798 11.95 0.427999
      vertex 4.148 11.212 0.427999
    endloop
  endfacet
  facet normal 0 0 1
    outer loop
      vertex 4.15 11.55 0.427999
      vertex 3.798 11.95 0.427999
      vertex 4.148 11.532 0.427999
    endloop
  endfacet
  facet normal 0 0 1
    outer loop
      vertex 4.85 11.55 0.427999
      vertex 3.798 11.95 0.427999
      vertex 4.15 11.55 0.427999
    endloop
  endfacet
  facet normal 0 0 1
    outer loop
      vertex 5.224 11.95 0.427999
      vertex 4.85 11.2 0.427999
      vertex 5.224 10.752 0.427999
    endloop
  endfacet
  facet normal 0 0 1
    outer loop
      vertex 3.798 10.752 0.427999
      vertex 4.85 11.2 0.427999
      vertex 4.15 11.2 0.427999
    endloop
  endfacet
  facet normal 0 0 1
    outer loop
      vertex 3.798 10.752 0.427999
      vertex 4.148 11.212 0.427999
      vertex 3.798 11.95 0.427999
    endloop
  endfacet
  facet normal 0 0 1
    outer loop
      vertex 4.85 11.2 0.427999
      vertex 3.798 10.752 0.427999
      vertex 5.224 10.752 0.427999
    endloop
  endfacet
  facet normal 0 0 1
    outer loop
      vertex 4.148 11.212 0.427999
      vertex 3.798 10.752 0.427999
      vertex 4.15 11.2 0.427999
    endloop
  endfacet
  facet normal 0 0 -1
    outer loop
      vertex 5.224 10.752 1.752
      vertex 4.84 11.212 1.752
      vertex 5.224 11.95 1.752
    endloop
  endfacet
  facet normal 0 0 -1
    outer loop
      vertex 3.798 10.752 1.752
      vertex 4.84 11.212 1.752
      vertex 5.224 10.752 1.752
    endloop
  endfacet
  facet normal 0 0 -1
    outer loop
      vertex 3.798 11.95 1.752
      vertex 4.148 11.212 1.752
      vertex 3.798 10.752 1.752
    endloop
  endfacet
  facet normal -0 0 -1
    outer loop
      vertex 4.84 11.212 1.752
      vertex 3.798 10.752 1.752
      vertex 4.148 11.212 1.752
    endloop
  endfacet
  facet normal 0 0 -1
    outer loop
      vertex 4.84 11.532 1.752
      vertex 5.224 11.95 1.752
      vertex 4.84 11.212 1.752
    endloop
  endfacet
  facet normal 0 0 -1
    outer loop
      vertex 3.798 11.95 1.752
      vertex 4.84 11.532 1.752
      vertex 4.148 11.532 1.752
    endloop
  endfacet
  facet normal 0 0 -1
    outer loop
      vertex 4.84 11.532 1.752
      vertex 3.798 11.95 1.752
      vertex 5.224 11.95 1.752
    endloop
  endfacet
  facet normal 0 0 -1
    outer loop
      vertex 4.148 11.212 1.752
      vertex 3.798 11.95 1.752
      vertex 4.148 11.532 1.752
    endloop
  endfacet
  facet normal 0 0 1
    outer loop
      vertex 4.98 11.65 8.104
      vertex 4.84 11.532 8.104
      vertex 4.98 11.102 8.104
    endloop
  endfacet
  facet normal 0 0 1
    outer loop
      vertex 4.98 11.65 8.104
      vertex 4.148 11.532 8.104
      vertex 4.84 11.532 8.104
    endloop
  endfacet
  facet normal 0 0 1
    outer loop
      vertex 4.01 11.102 8.104
      vertex 4.148 11.532 8.104
      vertex 4.01 11.65 8.104
    endloop
  endfacet
  facet normal -0 0 1
    outer loop
      vertex 4.01 11.65 8.104
      vertex 4.148 11.532 8.104
      vertex 4.98 11.65 8.104
    endloop
  endfacet
  facet normal -0 0 1
    outer loop
      vertex 4.84 11.212 8.104
      vertex 4.98 11.102 8.104
      vertex 4.84 11.532 8.104
    endloop
  endfacet
  facet normal -0 0 1
    outer loop
      vertex 4.148 11.212 8.104
      vertex 4.98 11.102 8.104
      vertex 4.84 11.212 8.104
    endloop
  endfacet
  facet normal 0 0 1
    outer loop
      vertex 4.148 11.212 8.104
      vertex 4.01 11.102 8.104
      vertex 4.98 11.102 8.104
    endloop
  endfacet
  facet normal 0 0 1
    outer loop
      vertex 4.148 11.532 8.104
      vertex 4.01 11.102 8.104
      vertex 4.148 11.212 8.104
    endloop
  endfacet
  facet normal -0 0 1
    outer loop
      vertex 4.148 11.532 0.278
      vertex 4.15 11.212 0.278
      vertex 4.15 11.532 0.278
    endloop
  endfacet
  facet normal 0 0 1
    outer loop
      vertex 4.15 11.212 0.278
      vertex 4.148 11.532 0.278
      vertex 4.148 11.212 0.278
    endloop
  endfacet
  facet normal 0 1 0
    outer loop
      vertex 4.84 11.212 8.104
      vertex 4.784 11.212 3.132
      vertex 4.148 11.212 8.104
    endloop
  endfacet
  facet normal -0 1 0
    outer loop
      vertex 4.784 11.212 3.132
      vertex 4.84 11.212 8.104
      vertex 4.84 11.212 3.128
    endloop
  endfacet
  facet normal 0 1 0
    outer loop
      vertex 4.148 11.212 8.104
      vertex 4.784 11.212 3.132
      vertex 4.148 11.212 3.128
    endloop
  endfacet
  facet normal 0 1 -0
    outer loop
      vertex 4.15 11.212 0.278
      vertex 4.148 11.212 0.427999
      vertex 4.15 11.212 0.427999
    endloop
  endfacet
  facet normal 0 1 0
    outer loop
      vertex 4.148 11.212 0.427999
      vertex 4.15 11.212 0.278
      vertex 4.148 11.212 0.278
    endloop
  endfacet
  facet normal 0 1 -0
    outer loop
      vertex 4.84 11.212 1.752
      vertex 4.148 11.212 3.128
      vertex 4.84 11.212 3.128
    endloop
  endfacet
  facet normal 0 1 0
    outer loop
      vertex 4.148 11.212 3.128
      vertex 4.84 11.212 1.752
      vertex 4.148 11.212 1.752
    endloop
  endfacet
  facet normal -1 0 0
    outer loop
      vertex 4.84 11.212 3.128
      vertex 4.84 11.532 3.128
      vertex 4.84 11.532 1.752
    endloop
  endfacet
  facet normal -1 0 0
    outer loop
      vertex 4.84 11.212 3.128
      vertex 4.84 11.532 1.752
      vertex 4.84 11.212 1.752
    endloop
  endfacet
  facet normal -1 0 0
    outer loop
      vertex 4.84 11.532 3.128
      vertex 4.84 11.212 3.128
      vertex 4.84 11.532 8.104
    endloop
  endfacet
  facet normal -1 -0 0
    outer loop
      vertex 4.84 11.532 8.104
      vertex 4.84 11.212 3.128
      vertex 4.84 11.212 8.104
    endloop
  endfacet
  facet normal 0 -1 0
    outer loop
      vertex 4.148 11.532 0.278
      vertex 4.15 11.532 0.427999
      vertex 4.148 11.532 0.427999
    endloop
  endfacet
  facet normal 0 -1 -0
    outer loop
      vertex 4.15 11.532 0.427999
      vertex 4.148 11.532 0.278
      vertex 4.15 11.532 0.278
    endloop
  endfacet
  facet normal 0 -1 0
    outer loop
      vertex 4.148 11.532 8.104
      vertex 4.22 11.532 3.132
      vertex 4.84 11.532 8.104
    endloop
  endfacet
  facet normal -0 -1 0
    outer loop
      vertex 4.22 11.532 3.132
      vertex 4.148 11.532 8.104
      vertex 4.148 11.532 3.128
    endloop
  endfacet
  facet normal 0 -1 -0
    outer loop
      vertex 4.84 11.532 8.104
      vertex 4.22 11.532 3.132
      vertex 4.84 11.532 3.128
    endloop
  endfacet
  facet normal 0 -1 0
    outer loop
      vertex 4.148 11.532 1.752
      vertex 4.84 11.532 3.128
      vertex 4.148 11.532 3.128
    endloop
  endfacet
  facet normal 0 -1 -0
    outer loop
      vertex 4.84 11.532 3.128
      vertex 4.148 11.532 1.752
      vertex 4.84 11.532 1.752
    endloop
  endfacet
  facet normal 1 0 0
    outer loop
      vertex 4.148 11.212 3.128
      vertex 4.148 11.532 3.128
      vertex 4.148 11.532 8.104
    endloop
  endfacet
  facet normal 1 0 0
    outer loop
      vertex 4.148 11.212 3.128
      vertex 4.148 11.532 8.104
      vertex 4.148 11.212 8.104
    endloop
  endfacet
  facet normal 1 0 0
    outer loop
      vertex 4.148 11.532 3.128
      vertex 4.148 11.212 3.128
      vertex 4.148 11.532 1.752
    endloop
  endfacet
  facet normal 1 0 0
    outer loop
      vertex 4.148 11.532 1.752
      vertex 4.148 11.212 3.128
      vertex 4.148 11.212 1.752
    endloop
  endfacet
  facet normal 1 -0 0
    outer loop
      vertex 4.148 11.212 0.427999
      vertex 4.148 11.532 0.278
      vertex 4.148 11.532 0.427999
    endloop
  endfacet
  facet normal 1 0 0
    outer loop
      vertex 4.148 11.532 0.278
      vertex 4.148 11.212 0.427999
      vertex 4.148 11.212 0.278
    endloop
  endfacet
endsolid OpenSCAD_Model
