solid OpenSCAD_Model
  facet normal 0.0377971 0.033395 0.998727
    outer loop
      vertex 32.8321 27.5856 25
      vertex 31.5976 30.3675 24.9537
      vertex 32.7661 27.6603 25
    endloop
  endfacet
  facet normal 3.16224e-05 0.207931 0.978144
    outer loop
      vertex -0.670948 32.9075 24.4138
      vertex -1.22875 32.3619 24.5298
      vertex -0.916804 30.6707 24.8893
    endloop
  endfacet
  facet normal 0.166508 0.0719388 0.983412
    outer loop
      vertex 32.4208 30.8849 24.8437
      vertex 32.358 30.8088 24.8599
      vertex 33.1429 27.0769 25
    endloop
  endfacet
  facet normal 0.256593 0.0860741 0.962679
    outer loop
      vertex 33.2111 26.8895 25
      vertex 32.5735 31.1367 24.7902
      vertex 33.1794 26.984 25
    endloop
  endfacet
  facet normal -0.0109164 -0.00192526 -0.999939
    outer loop
      vertex -1.96034 -0.396286 0
      vertex -1.97766 -0.29808 0
      vertex -0.0998745 27.8737 -0.0747414
    endloop
  endfacet
  facet normal 0.000458381 0.206543 0.978437
    outer loop
      vertex 32.0569 30.5536 24.9142
      vertex 31.5976 30.3675 24.9537
      vertex 31.7892 30.4225 24.942
    endloop
  endfacet
  facet normal 0.00319108 -0.0024204 -0.999992
    outer loop
      vertex 32.8636 -1.24698 0
      vertex 31.3 27.8772 -0.0754824
      vertex 32.9239 -1.16748 0
    endloop
  endfacet
  facet normal 0.0320935 0.030938 0.999006
    outer loop
      vertex 31.5976 30.3675 24.9537
      vertex 31.4992 30.3501 24.9574
      vertex 32.7661 27.6603 25
    endloop
  endfacet
  facet normal 0.00074669 0.202522 0.979277
    outer loop
      vertex 31.5976 30.3675 24.9537
      vertex 31.3 30.3362 24.9604
      vertex 31.3999 30.3397 24.9596
    endloop
  endfacet
  facet normal 0.0793201 0.0496779 0.995611
    outer loop
      vertex 31.9709 30.5037 24.9248
      vertex 31.8816 30.4599 24.9341
      vertex 33.0066 27.3429 25
    endloop
  endfacet
  facet normal -0.000417516 0.208092 0.978109
    outer loop
      vertex 32.6964 31.6079 24.69
      vertex 32.4208 30.8849 24.8437
      vertex 32.6117 31.227 24.771
    endloop
  endfacet
  facet normal 0.0128518 0.208666 0.977903
    outer loop
      vertex 32.6964 31.8033 24.6485
      vertex 32.6857 31.9005 24.6279
      vertex 32.7 31.7056 24.6693
    endloop
  endfacet
  facet normal 0.0651671 0.0468238 -0.996775
    outer loop
      vertex 32.9525 27.4266 0
      vertex 31.6944 27.8217 -0.0636921
      vertex 32.8943 27.5076 0
    endloop
  endfacet
  facet normal 1 -0 0
    outer loop
      vertex 33.3 0 25
      vertex 33.3 26.3 0
      vertex 33.3 26.3 25
    endloop
  endfacet
  facet normal 1 0 0
    outer loop
      vertex 33.3 26.3 0
      vertex 33.3 0 25
      vertex 33.3 0 0
    endloop
  endfacet
  facet normal -0.0403982 0 -0.999184
    outer loop
      vertex -0.297591 27.8459 -0.0688305
      vertex -2 0 0
      vertex -2 26.3 0
    endloop
  endfacet
  facet normal -0.246759 -0.969077 0
    outer loop
      vertex -0.541687 -1.92525 0
      vertex -0.445038 -1.94986 25
      vertex -0.541687 -1.92525 25
    endloop
  endfacet
  facet normal -0.246759 -0.969077 -0
    outer loop
      vertex -0.445038 -1.94986 25
      vertex -0.541687 -1.92525 0
      vertex -0.445038 -1.94986 0
    endloop
  endfacet
  facet normal -0.85965 0.503546 -0.0862718
    outer loop
      vertex -1.17775 32.4459 24.5119
      vertex -1.73206 27.3 0
      vertex -1.22875 32.3619 24.5298
    endloop
  endfacet
  facet normal 0.710623 0.125191 0.692345
    outer loop
      vertex 33.2776 26.5981 25
      vertex 32.7 31.7056 24.6693
      vertex 33.2603 26.6963 25
    endloop
  endfacet
  facet normal -0.821319 0.561787 -0.0991515
    outer loop
      vertex -1.12076 32.5262 24.4948
      vertex -1.62387 27.4675 0
      vertex -1.17775 32.4459 24.5119
    endloop
  endfacet
  facet normal 0.0746403 -0.997211 0
    outer loop
      vertex 31.3997 -1.99751 0
      vertex 31.4991 -1.99007 25
      vertex 31.3997 -1.99751 25
    endloop
  endfacet
  facet normal 0.0746403 -0.997211 0
    outer loop
      vertex 31.4991 -1.99007 25
      vertex 31.3997 -1.99751 0
      vertex 31.4991 -1.99007 0
    endloop
  endfacet
  facet normal -0.983849 0.178393 -0.014727
    outer loop
      vertex -1.368 31.9967 24.6074
      vertex -1.96962 26.6473 0
      vertex -1.38575 31.9005 24.6279
    endloop
  endfacet
  facet normal 0.00722034 0.0224189 0.999723
    outer loop
      vertex 31.3999 30.3397 24.9596
      vertex 31.3 30.3362 24.9604
      vertex 31.6944 28.4433 25
    endloop
  endfacet
  facet normal 0.00944908 0.0228559 0.999694
    outer loop
      vertex 31.8816 28.3735 25
      vertex 31.3999 30.3397 24.9596
      vertex 31.7892 28.4117 25
    endloop
  endfacet
  facet normal -0.979975 0.198202 -0.0191279
    outer loop
      vertex -1.94986 26.745 0
      vertex -1.96962 26.6473 0
      vertex -1.368 31.9967 24.6074
    endloop
  endfacet
  facet normal 0.0314068 0.030615 0.999038
    outer loop
      vertex 32.7661 27.6603 25
      vertex 31.4992 30.3501 24.9574
      vertex 32.6965 27.7317 25
    endloop
  endfacet
  facet normal 0.970043 0.12248 0.2098
    outer loop
      vertex 33.2901 26.4991 25
      vertex 32.6964 31.8033 24.6485
      vertex 33.2776 26.5981 25
    endloop
  endfacet
  facet normal 0.0261833 0.0282301 0.999258
    outer loop
      vertex 32.6965 27.7317 25
      vertex 31.4992 30.3501 24.9574
      vertex 32.6234 27.7995 25
    endloop
  endfacet
  facet normal 0.0240707 0.0273003 0.999337
    outer loop
      vertex 32.6234 27.7995 25
      vertex 31.4992 30.3501 24.9574
      vertex 32.2168 28.158 25
    endloop
  endfacet
  facet normal -0.00602305 0.207354 0.978247
    outer loop
      vertex 32.6857 31.9005 24.6279
      vertex 32.668 31.9967 24.6074
      vertex 32.7 31.7056 24.6693
    endloop
  endfacet
  facet normal 0.120298 0.0617087 0.990818
    outer loop
      vertex 33.1019 27.1678 25
      vertex 32.2168 30.6707 24.8893
      vertex 33.0564 27.2565 25
    endloop
  endfacet
  facet normal -0.00374662 0.22054 0.975371
    outer loop
      vertex 31.7892 30.4225 24.942
      vertex 31.5976 30.3675 24.9537
      vertex 31.6944 30.3917 24.9486
    endloop
  endfacet
  facet normal -0.000343561 0.208437 0.978036
    outer loop
      vertex 32.2168 30.6707 24.8893
      vertex 31.5976 30.3675 24.9537
      vertex 32.0569 30.5536 24.9142
    endloop
  endfacet
  facet normal 0.000776982 0.0215613 0.999767
    outer loop
      vertex 31.3 30.3362 24.9604
      vertex 31.3 28.5 25
      vertex 31.3999 28.4964 25
    endloop
  endfacet
  facet normal -0.00410254 -0.00236791 -0.999989
    outer loop
      vertex -1.70659 -1.04288 0
      vertex -1.75644 -0.956512 0
      vertex 0 27.8772 -0.0754824
    endloop
  endfacet
  facet normal -0.999298 0.037457 0
    outer loop
      vertex -2 26.3 0
      vertex -1.9944 26.4494 25
      vertex -1.9944 26.4494 0
    endloop
  endfacet
  facet normal -0.999298 0.037457 0
    outer loop
      vertex -1.9944 26.4494 25
      vertex -2 26.3 0
      vertex -2 26.3 25
    endloop
  endfacet
  facet normal 0 -1 0
    outer loop
      vertex 0 -2 0
      vertex 31.3 -2 25
      vertex 0 -2 25
    endloop
  endfacet
  facet normal 0 -1 -0
    outer loop
      vertex 31.3 -2 25
      vertex 0 -2 0
      vertex 31.3 -2 0
    endloop
  endfacet
  facet normal -0.21077 0.0795551 0.974293
    outer loop
      vertex -1.22875 31.0493 24.8088
      vertex -1.86174 27.0307 25
      vertex -1.17775 30.9652 24.8267
    endloop
  endfacet
  facet normal 0.011539 0.119165 -0.992807
    outer loop
      vertex 31.3999 27.8737 -0.0747414
      vertex 31.3 27.8772 -0.0754824
      vertex 31.3999 28.4964 0
    endloop
  endfacet
  facet normal 0.0560934 0.0411158 0.997579
    outer loop
      vertex 31.7892 30.4225 24.942
      vertex 31.6944 30.3917 24.9486
      vertex 32.8943 27.5076 25
    endloop
  endfacet
  facet normal -0.000250314 0.207881 0.978154
    outer loop
      vertex -1.22875 32.3619 24.5298
      vertex -1.39643 31.6079 24.69
      vertex -0.916804 30.6707 24.8893
    endloop
  endfacet
  facet normal -0.715777 -0.698329 0
    outer loop
      vertex -1.39647 -1.43173 0
      vertex -1.46611 -1.36035 25
      vertex -1.46611 -1.36035 0
    endloop
  endfacet
  facet normal -0.715777 -0.698329 0
    outer loop
      vertex -1.46611 -1.36035 25
      vertex -1.39647 -1.43173 0
      vertex -1.39647 -1.43173 25
    endloop
  endfacet
  facet normal 0.00909195 0.196087 0.980544
    outer loop
      vertex 32.2168 30.6707 24.8893
      vertex 32.0569 30.5536 24.9142
      vertex 32.139 30.6093 24.9023
    endloop
  endfacet
  facet normal -0.849813 0.519375 -0.0898172
    outer loop
      vertex -1.68005 27.3851 0
      vertex -1.73206 27.3 0
      vertex -1.17775 32.4459 24.5119
    endloop
  endfacet
  facet normal 0.000511547 0.207753 0.978181
    outer loop
      vertex 32.6964 31.6079 24.69
      vertex 32.2168 30.6707 24.8893
      vertex 32.4208 30.8849 24.8437
    endloop
  endfacet
  facet normal 0.0436095 0.0359689 0.998401
    outer loop
      vertex 31.6944 30.3917 24.9486
      vertex 31.5976 30.3675 24.9537
      vertex 32.8321 27.5856 25
    endloop
  endfacet
  facet normal -0.00576886 -0.00226317 -0.999981
    outer loop
      vertex -1.84296 -0.776871 0
      vertex -1.87938 -0.684036 0
      vertex 0 27.8772 -0.0754824
    endloop
  endfacet
  facet normal 0.314704 0.0933589 0.944587
    outer loop
      vertex 32.6433 31.3198 24.7513
      vertex 32.6117 31.227 24.771
      vertex 33.2111 26.8895 25
    endloop
  endfacet
  facet normal 0.14849 0.0682994 0.986552
    outer loop
      vertex 32.358 30.8088 24.8599
      vertex 32.2899 30.7373 24.8751
      vertex 33.1019 27.1678 25
    endloop
  endfacet
  facet normal -0.00911059 0.196062 0.980549
    outer loop
      vertex -0.756897 30.5536 24.9142
      vertex -0.916804 30.6707 24.8893
      vertex -0.838988 30.6093 24.9023
    endloop
  endfacet
  facet normal 0.091448 0.0536222 0.994365
    outer loop
      vertex 32.0569 30.5536 24.9142
      vertex 31.9709 30.5037 24.9248
      vertex 33.0066 27.3429 25
    endloop
  endfacet
  facet normal 0.93971 -0.341972 0
    outer loop
      vertex 33.1617 -0.730682 25
      vertex 33.1958 -0.636978 0
      vertex 33.1958 -0.636978 25
    endloop
  endfacet
  facet normal 0.93971 -0.341972 0
    outer loop
      vertex 33.1958 -0.636978 0
      vertex 33.1617 -0.730682 25
      vertex 33.1617 -0.730682 0
    endloop
  endfacet
  facet normal -0.839941 -0.542677 0
    outer loop
      vertex -1.65248 -1.12663 0
      vertex -1.70659 -1.04288 25
      vertex -1.70659 -1.04288 0
    endloop
  endfacet
  facet normal -0.839941 -0.542677 0
    outer loop
      vertex -1.70659 -1.04288 25
      vertex -1.65248 -1.12663 0
      vertex -1.65248 -1.12663 25
    endloop
  endfacet
  facet normal -0.947896 -0.318579 0
    outer loop
      vertex -1.87938 -0.684036 0
      vertex -1.91115 -0.589508 25
      vertex -1.91115 -0.589508 0
    endloop
  endfacet
  facet normal -0.947896 -0.318579 0
    outer loop
      vertex -1.91115 -0.589508 25
      vertex -1.87938 -0.684036 0
      vertex -1.87938 -0.684036 25
    endloop
  endfacet
  facet normal 0.000846259 -0.0025172 -0.999996
    outer loop
      vertex 31.8895 -1.91115 0
      vertex 31.3 27.8772 -0.0754824
      vertex 31.984 -1.87938 0
    endloop
  endfacet
  facet normal 0.0353955 0.982226 -0.184332
    outer loop
      vertex 31.3999 28.4964 0
      vertex 31.3 28.5 0
      vertex 31.3 33.075 24.3782
    endloop
  endfacet
  facet normal 0.999686 0.0250673 0
    outer loop
      vertex 33.3 26.3 25
      vertex 33.2975 26.3997 0
      vertex 33.2975 26.3997 25
    endloop
  endfacet
  facet normal 0.999686 0.0250673 0
    outer loop
      vertex 33.2975 26.3997 0
      vertex 33.3 26.3 25
      vertex 33.3 26.3 0
    endloop
  endfacet
  facet normal 0.0466447 0.0371961 0.998219
    outer loop
      vertex 32.8943 27.5076 25
      vertex 31.6944 30.3917 24.9486
      vertex 32.8321 27.5856 25
    endloop
  endfacet
  facet normal -0.930925 -0.36521 0
    outer loop
      vertex -1.84296 -0.776871 0
      vertex -1.87938 -0.684036 25
      vertex -1.87938 -0.684036 0
    endloop
  endfacet
  facet normal -0.930925 -0.36521 0
    outer loop
      vertex -1.87938 -0.684036 25
      vertex -1.84296 -0.776871 0
      vertex -1.84296 -0.776871 25
    endloop
  endfacet
  facet normal 0.00233241 0.0216456 0.999763
    outer loop
      vertex 31.4992 28.4857 25
      vertex 31.3 30.3362 24.9604
      vertex 31.3999 28.4964 25
    endloop
  endfacet
  facet normal 0.104819 0.0576114 0.992821
    outer loop
      vertex 32.139 30.6093 24.9023
      vertex 32.0569 30.5536 24.9142
      vertex 33.0564 27.2565 25
    endloop
  endfacet
  facet normal -0.13588 0.0654736 0.988559
    outer loop
      vertex -0.989949 30.7373 24.8751
      vertex -1.82301 27.1226 25
      vertex -1.77974 27.2124 25
    endloop
  endfacet
  facet normal 0.376441 0.910555 -0.170827
    outer loop
      vertex 31.8816 28.3735 0
      vertex 31.7892 28.4117 0
      vertex 31.7892 32.9887 24.3966
    endloop
  endfacet
  facet normal 0.00218272 -0.00247119 -0.999995
    outer loop
      vertex 32.5856 -1.53209 0
      vertex 31.3 27.8772 -0.0754824
      vertex 32.6603 -1.46611 0
    endloop
  endfacet
  facet normal 0.731546 0.670571 -0.123188
    outer loop
      vertex 32.7661 27.6603 0
      vertex 32.2899 32.6739 24.4635
      vertex 32.358 32.6024 24.4787
    endloop
  endfacet
  facet normal -0.272567 0.0882553 0.95808
    outer loop
      vertex -1.31173 31.227 24.771
      vertex -1.89586 26.937 25
      vertex -1.27348 31.1367 24.7902
    endloop
  endfacet
  facet normal -1 0 0
    outer loop
      vertex -2 0 0
      vertex -2 26.3 25
      vertex -2 26.3 0
    endloop
  endfacet
  facet normal -1 -0 0
    outer loop
      vertex -2 26.3 25
      vertex -2 0 0
      vertex -2 0 25
    endloop
  endfacet
  facet normal -0.781788 -0.623545 0
    outer loop
      vertex -1.53209 -1.28557 0
      vertex -1.59427 -1.20761 25
      vertex -1.59427 -1.20761 0
    endloop
  endfacet
  facet normal -0.781788 -0.623545 0
    outer loop
      vertex -1.59427 -1.20761 25
      vertex -1.53209 -1.28557 0
      vertex -1.53209 -1.28557 25
    endloop
  endfacet
  facet normal -0.0623585 0.0381112 -0.997326
    outer loop
      vertex -0.297591 27.8459 -0.0688305
      vertex -1.73206 27.3 0
      vertex -1.68005 27.3851 0
    endloop
  endfacet
  facet normal 0.992118 0.125267 -0.00312586
    outer loop
      vertex 33.2776 26.5981 0
      vertex 32.6857 31.9005 24.6279
      vertex 33.2901 26.4991 0
    endloop
  endfacet
  facet normal 0.370383 0.0994166 0.923543
    outer loop
      vertex 32.668 31.4145 24.7312
      vertex 32.6433 31.3198 24.7513
      vertex 33.2381 26.7935 25
    endloop
  endfacet
  facet normal -0.00456367 -0.00233982 -0.999987
    outer loop
      vertex -1.75644 -0.956512 0
      vertex -1.80194 -0.867767 0
      vertex 0 27.8772 -0.0754824
    endloop
  endfacet
  facet normal -0.105247 0.977384 -0.183422
    outer loop
      vertex -0.0998745 28.4964 0
      vertex -0.199241 28.4857 0
      vertex -0.0998745 33.0715 24.3789
    endloop
  endfacet
  facet normal 0.999299 -0.0374419 0
    outer loop
      vertex 33.2944 -0.14946 25
      vertex 33.3 0 0
      vertex 33.3 0 25
    endloop
  endfacet
  facet normal 0.999299 -0.0374419 0
    outer loop
      vertex 33.3 0 0
      vertex 33.2944 -0.14946 25
      vertex 33.2944 -0.14946 0
    endloop
  endfacet
  facet normal -0.000297989 0.20828 0.978069
    outer loop
      vertex 32.0569 30.5536 24.9142
      vertex 31.8816 30.4599 24.9341
      vertex 31.9709 30.5037 24.9248
    endloop
  endfacet
  facet normal 0.0021032 0.207124 0.978313
    outer loop
      vertex 32.6117 31.227 24.771
      vertex 32.5288 31.0493 24.8088
      vertex 32.5735 31.1367 24.7902
    endloop
  endfacet
  facet normal -0.00221322 0.20905 0.977902
    outer loop
      vertex 32.6117 31.227 24.771
      vertex 32.4208 30.8849 24.8437
      vertex 32.5288 31.0493 24.8088
    endloop
  endfacet
  facet normal -0.521482 -0.853262 0
    outer loop
      vertex -1.0851 -1.68005 0
      vertex -1 -1.73206 25
      vertex -1.0851 -1.68005 25
    endloop
  endfacet
  facet normal -0.521482 -0.853262 -0
    outer loop
      vertex -1 -1.73206 25
      vertex -1.0851 -1.68005 0
      vertex -1 -1.73206 0
    endloop
  endfacet
  facet normal 0 0.120318 -0.992735
    outer loop
      vertex 0 27.8772 -0.0754824
      vertex 31.3 28.5 0
      vertex 31.3 27.8772 -0.0754824
    endloop
  endfacet
  facet normal 0 0.120318 -0.992735
    outer loop
      vertex 31.3 28.5 0
      vertex 0 27.8772 -0.0754824
      vertex 0 28.5 0
    endloop
  endfacet
  facet normal 0.106597 0.977244 -0.18339
    outer loop
      vertex 31.4992 28.4857 0
      vertex 31.3999 33.0715 24.3789
      vertex 31.4992 33.0611 24.3812
    endloop
  endfacet
  facet normal 0.00563641 0.0220892 0.99974
    outer loop
      vertex 31.6944 28.4433 25
      vertex 31.3 30.3362 24.9604
      vertex 31.5976 28.468 25
    endloop
  endfacet
  facet normal 0.0213081 0.0263976 0.999424
    outer loop
      vertex 32.2168 28.158 25
      vertex 31.4992 30.3501 24.9574
      vertex 32.139 28.2208 25
    endloop
  endfacet
  facet normal 0.117464 0.0610242 0.9912
    outer loop
      vertex 32.2168 30.6707 24.8893
      vertex 32.139 30.6093 24.9023
      vertex 33.0564 27.2565 25
    endloop
  endfacet
  facet normal 0.00392436 0.0218168 0.999754
    outer loop
      vertex 31.5976 28.468 25
      vertex 31.3 30.3362 24.9604
      vertex 31.4992 28.4857 25
    endloop
  endfacet
  facet normal -0.74985 -0.661608 0
    outer loop
      vertex -1.46611 -1.36035 0
      vertex -1.53209 -1.28557 25
      vertex -1.53209 -1.28557 0
    endloop
  endfacet
  facet normal -0.74985 -0.661608 0
    outer loop
      vertex -1.53209 -1.28557 25
      vertex -1.46611 -1.36035 0
      vertex -1.46611 -1.36035 25
    endloop
  endfacet
  facet normal 0.0470847 0.00829496 -0.998856
    outer loop
      vertex 33.2776 26.5981 0
      vertex 31.5976 27.8459 -0.0688305
      vertex 33.2603 26.6963 0
    endloop
  endfacet
  facet normal -0.173772 0.0732336 0.982059
    outer loop
      vertex -1.12076 30.8849 24.8437
      vertex -1.86174 27.0307 25
      vertex -1.82301 27.1226 25
    endloop
  endfacet
  facet normal 0.510068 0.845401 -0.15852
    outer loop
      vertex 32.0569 28.2778 0
      vertex 31.9709 32.9075 24.4138
      vertex 32.0569 32.8576 24.4244
    endloop
  endfacet
  facet normal -0.974954 -0.222408 0
    outer loop
      vertex -1.93816 -0.493515 0
      vertex -1.96034 -0.396286 25
      vertex -1.96034 -0.396286 0
    endloop
  endfacet
  facet normal -0.974954 -0.222408 0
    outer loop
      vertex -1.96034 -0.396286 25
      vertex -1.93816 -0.493515 0
      vertex -1.93816 -0.493515 25
    endloop
  endfacet
  facet normal -0.999688 -0.0249707 0
    outer loop
      vertex -1.99751 -0.0996857 0
      vertex -2 0 25
      vertex -2 0 0
    endloop
  endfacet
  facet normal -0.999688 -0.0249707 0
    outer loop
      vertex -2 0 25
      vertex -1.99751 -0.0996857 0
      vertex -1.99751 -0.0996857 25
    endloop
  endfacet
  facet normal 0.969101 -0.246665 0
    outer loop
      vertex 33.2252 -0.541687 25
      vertex 33.2498 -0.445038 0
      vertex 33.2498 -0.445038 25
    endloop
  endfacet
  facet normal 0.969101 -0.246665 0
    outer loop
      vertex 33.2498 -0.445038 0
      vertex 33.2252 -0.541687 25
      vertex 33.2252 -0.541687 0
    endloop
  endfacet
  facet normal 0.0194376 0.0258366 0.999477
    outer loop
      vertex 31.4992 30.3501 24.9574
      vertex 31.3999 30.3397 24.9596
      vertex 32.139 28.2208 25
    endloop
  endfacet
  facet normal -0.06884 0.0638771 -0.995581
    outer loop
      vertex -0.394425 27.8217 -0.0636921
      vertex -1.49956 27.6234 0
      vertex -1.43173 27.6965 0
    endloop
  endfacet
  facet normal -0.938434 0.341722 -0.0506731
    outer loop
      vertex -1.86174 27.0307 0
      vertex -1.89586 26.937 0
      vertex -1.31173 32.1842 24.5676
    endloop
  endfacet
  facet normal 0.733233 -0.679978 0
    outer loop
      vertex 32.7317 -1.39647 25
      vertex 32.7995 -1.32336 0
      vertex 32.7995 -1.32336 25
    endloop
  endfacet
  facet normal 0.733233 -0.679978 0
    outer loop
      vertex 32.7995 -1.32336 0
      vertex 32.7317 -1.39647 25
      vertex 32.7317 -1.39647 0
    endloop
  endfacet
  facet normal 0.000189068 -0.00252599 -0.999997
    outer loop
      vertex 31.3997 -1.99751 0
      vertex 31.3 27.8772 -0.0754824
      vertex 31.4991 -1.99007 0
    endloop
  endfacet
  facet normal -0.727362 0.674924 -0.124186
    outer loop
      vertex -1.43173 27.6965 0
      vertex -1.49956 27.6234 0
      vertex -0.989949 32.6739 24.4635
    endloop
  endfacet
  facet normal 0.0490974 0.0112136 -0.998731
    outer loop
      vertex 33.2603 26.6963 0
      vertex 31.5976 27.8459 -0.0688305
      vertex 33.2381 26.7935 0
    endloop
  endfacet
  facet normal -0.000418846 0.207552 0.978224
    outer loop
      vertex 32.2899 32.6739 24.4635
      vertex 31.9709 32.9075 24.4138
      vertex 32.5288 32.3619 24.5298
    endloop
  endfacet
  facet normal -0.510291 0.84527 -0.158496
    outer loop
      vertex -0.670948 32.9075 24.4138
      vertex -0.756897 28.2778 0
      vertex -0.756897 32.8576 24.4244
    endloop
  endfacet
  facet normal 0.238853 0.0837262 0.96744
    outer loop
      vertex 32.5735 31.1367 24.7902
      vertex 32.5288 31.0493 24.8088
      vertex 33.1794 26.984 25
    endloop
  endfacet
  facet normal 0.0357036 0.982216 -0.184329
    outer loop
      vertex 31.3999 28.4964 0
      vertex 31.3 33.075 24.3782
      vertex 31.3999 33.0715 24.3789
    endloop
  endfacet
  facet normal 0.12438 -0.992235 0
    outer loop
      vertex 31.4991 -1.99007 0
      vertex 31.5981 -1.97766 25
      vertex 31.4991 -1.99007 25
    endloop
  endfacet
  facet normal 0.12438 -0.992235 0
    outer loop
      vertex 31.5981 -1.97766 25
      vertex 31.4991 -1.99007 0
      vertex 31.5981 -1.97766 0
    endloop
  endfacet
  facet normal -0.106527 0.977251 -0.183392
    outer loop
      vertex -0.0998745 33.0715 24.3789
      vertex -0.199241 28.4857 0
      vertex -0.199241 33.0611 24.3812
    endloop
  endfacet
  facet normal 0.955554 -0.294816 0
    outer loop
      vertex 33.1958 -0.636978 25
      vertex 33.2252 -0.541687 0
      vertex 33.2252 -0.541687 25
    endloop
  endfacet
  facet normal 0.955554 -0.294816 0
    outer loop
      vertex 33.2252 -0.541687 0
      vertex 33.1958 -0.636978 25
      vertex 33.1958 -0.636978 0
    endloop
  endfacet
  facet normal 5.66288e-05 0.208168 0.978093
    outer loop
      vertex 32.4208 30.8849 24.8437
      vertex 32.2168 30.6707 24.8893
      vertex 32.358 30.8088 24.8599
    endloop
  endfacet
  facet normal 0.881725 0.129093 0.453758
    outer loop
      vertex 33.2776 26.5981 25
      vertex 32.6964 31.8033 24.6485
      vertex 32.7 31.7056 24.6693
    endloop
  endfacet
  facet normal 0.00422062 0.204091 0.978943
    outer loop
      vertex 32.358 30.8088 24.8599
      vertex 32.2168 30.6707 24.8893
      vertex 32.2899 30.7373 24.8751
    endloop
  endfacet
  facet normal 0.133018 0.064865 0.988989
    outer loop
      vertex 32.2899 30.7373 24.8751
      vertex 32.2168 30.6707 24.8893
      vertex 33.1019 27.1678 25
    endloop
  endfacet
  facet normal 0.153718 0.0693339 0.985679
    outer loop
      vertex 33.1429 27.0769 25
      vertex 32.358 30.8088 24.8599
      vertex 33.1019 27.1678 25
    endloop
  endfacet
  facet normal -0.000277605 0.209495 0.97781
    outer loop
      vertex 31.5976 30.3675 24.9537
      vertex 31.3999 30.3397 24.9596
      vertex 31.4992 30.3501 24.9574
    endloop
  endfacet
  facet normal -0 0.207934 0.978143
    outer loop
      vertex -0.670948 32.9075 24.4138
      vertex 32.2168 30.6707 24.8893
      vertex 31.9709 32.9075 24.4138
    endloop
  endfacet
  facet normal 0 0.207934 0.978143
    outer loop
      vertex 32.2168 30.6707 24.8893
      vertex -0.670948 32.9075 24.4138
      vertex -0.916804 30.6707 24.8893
    endloop
  endfacet
  facet normal -0.00187432 0.2111 0.977463
    outer loop
      vertex 32.0569 30.5536 24.9142
      vertex 31.7892 30.4225 24.942
      vertex 31.8816 30.4599 24.9341
    endloop
  endfacet
  facet normal -0.811989 -0.583673 0
    outer loop
      vertex -1.59427 -1.20761 0
      vertex -1.65248 -1.12663 25
      vertex -1.65248 -1.12663 0
    endloop
  endfacet
  facet normal -0.811989 -0.583673 0
    outer loop
      vertex -1.65248 -1.12663 25
      vertex -1.59427 -1.20761 0
      vertex -1.59427 -1.20761 25
    endloop
  endfacet
  facet normal -0.79254 0.600237 -0.107683
    outer loop
      vertex -1.56366 27.547 0
      vertex -1.62387 27.4675 0
      vertex -1.12076 32.5262 24.4948
    endloop
  endfacet
  facet normal 0.974603 0.222595 -0.0244879
    outer loop
      vertex 33.2381 26.7935 0
      vertex 32.668 31.9967 24.6074
      vertex 33.2603 26.6963 0
    endloop
  endfacet
  facet normal -0.0374419 -0.999299 0
    outer loop
      vertex -0.14946 -1.9944 0
      vertex 0 -2 25
      vertex -0.14946 -1.9944 25
    endloop
  endfacet
  facet normal -0.0374419 -0.999299 -0
    outer loop
      vertex 0 -2 25
      vertex -0.14946 -1.9944 0
      vertex 0 -2 0
    endloop
  endfacet
  facet normal -0.0420144 0.0352503 0.998495
    outer loop
      vertex -0.297591 30.3675 24.9537
      vertex -1.56366 27.547 25
      vertex -1.49956 27.6234 25
    endloop
  endfacet
  facet normal 0.210771 0.0795544 0.974293
    outer loop
      vertex 32.5288 31.0493 24.8088
      vertex 32.4778 30.9652 24.8267
      vertex 33.1794 26.984 25
    endloop
  endfacet
  facet normal 0.0117187 0.0234112 0.999657
    outer loop
      vertex 31.9709 28.3288 25
      vertex 31.3999 30.3397 24.9596
      vertex 31.8816 28.3735 25
    endloop
  endfacet
  facet normal -0.00734345 -0.00215851 -0.999971
    outer loop
      vertex 0 27.8772 -0.0754824
      vertex -1.91115 -0.589508 0
      vertex -0.0998745 27.8737 -0.0747414
    endloop
  endfacet
  facet normal 0.694802 0.124478 0.708347
    outer loop
      vertex 32.7 31.7056 24.6693
      vertex 32.6964 31.6079 24.69
      vertex 33.2603 26.6963 25
    endloop
  endfacet
  facet normal 0.0584746 0.0420151 0.997404
    outer loop
      vertex 32.9525 27.4266 25
      vertex 31.7892 30.4225 24.942
      vertex 32.8943 27.5076 25
    endloop
  endfacet
  facet normal -0.68014 -0.733083 0
    outer loop
      vertex -1.39647 -1.43173 0
      vertex -1.32336 -1.49956 25
      vertex -1.39647 -1.43173 25
    endloop
  endfacet
  facet normal -0.68014 -0.733083 -0
    outer loop
      vertex -1.32336 -1.49956 25
      vertex -1.39647 -1.43173 0
      vertex -1.32336 -1.49956 0
    endloop
  endfacet
  facet normal -0.0107263 0.214385 0.97669
    outer loop
      vertex 32.5288 31.0493 24.8088
      vertex 32.4208 30.8849 24.8437
      vertex 32.4778 30.9652 24.8267
    endloop
  endfacet
  facet normal 0.499751 -0.866169 0
    outer loop
      vertex 32.2565 -1.75644 0
      vertex 32.3429 -1.70659 25
      vertex 32.2565 -1.75644 25
    endloop
  endfacet
  facet normal 0.499751 -0.866169 0
    outer loop
      vertex 32.3429 -1.70659 25
      vertex 32.2565 -1.75644 0
      vertex 32.3429 -1.70659 0
    endloop
  endfacet
  facet normal 0.623349 -0.781943 0
    outer loop
      vertex 32.5076 -1.59427 0
      vertex 32.5856 -1.53209 25
      vertex 32.5076 -1.59427 25
    endloop
  endfacet
  facet normal 0.623349 -0.781943 0
    outer loop
      vertex 32.5856 -1.53209 25
      vertex 32.5076 -1.59427 0
      vertex 32.5856 -1.53209 0
    endloop
  endfacet
  facet normal -0.243175 0.953344 -0.17889
    outer loop
      vertex -0.297591 28.468 0
      vertex -0.394425 28.4433 0
      vertex -0.297591 33.0437 24.3849
    endloop
  endfacet
  facet normal -0.403039 0.102573 0.909417
    outer loop
      vertex -1.368 31.4145 24.7312
      vertex -1.94986 26.745 25
      vertex -1.92525 26.8417 25
    endloop
  endfacet
  facet normal -0.96262 -0.270857 0
    outer loop
      vertex -1.91115 -0.589508 0
      vertex -1.93816 -0.493515 25
      vertex -1.93816 -0.493515 0
    endloop
  endfacet
  facet normal -0.96262 -0.270857 0
    outer loop
      vertex -1.93816 -0.493515 25
      vertex -1.91115 -0.589508 0
      vertex -1.91115 -0.589508 25
    endloop
  endfacet
  facet normal -0.0441551 0.00441106 -0.999015
    outer loop
      vertex -0.297591 27.8459 -0.0688305
      vertex -1.9944 26.4494 0
      vertex -1.98448 26.5487 0
    endloop
  endfacet
  facet normal 0.99506 -0.0992773 0
    outer loop
      vertex 33.2845 -0.248688 25
      vertex 33.2944 -0.14946 0
      vertex 33.2944 -0.14946 25
    endloop
  endfacet
  facet normal 0.99506 -0.0992773 0
    outer loop
      vertex 33.2944 -0.14946 0
      vertex 33.2845 -0.248688 25
      vertex 33.2845 -0.248688 0
    endloop
  endfacet
  facet normal -0.992225 -0.124457 0
    outer loop
      vertex -1.97766 -0.29808 0
      vertex -1.99007 -0.199142 25
      vertex -1.99007 -0.199142 0
    endloop
  endfacet
  facet normal -0.992225 -0.124457 0
    outer loop
      vertex -1.99007 -0.199142 25
      vertex -1.97766 -0.29808 0
      vertex -1.97766 -0.29808 25
    endloop
  endfacet
  facet normal 0.96206 0.270579 -0.035029
    outer loop
      vertex 33.2111 26.8895 0
      vertex 32.6433 32.0914 24.5873
      vertex 33.2381 26.7935 0
    endloop
  endfacet
  facet normal -0.314966 0.0933865 0.944497
    outer loop
      vertex -1.34329 31.3198 24.7513
      vertex -1.92525 26.8417 25
      vertex -1.31173 31.227 24.771
    endloop
  endfacet
  facet normal -0.778758 0.617352 -0.111412
    outer loop
      vertex -1.05805 32.6024 24.4787
      vertex -1.56366 27.547 0
      vertex -1.12076 32.5262 24.4948
    endloop
  endfacet
  facet normal -3.16168e-05 0.207931 0.978144
    outer loop
      vertex 32.5288 32.3619 24.5298
      vertex 31.9709 32.9075 24.4138
      vertex 32.2168 30.6707 24.8893
    endloop
  endfacet
  facet normal -0.433911 -0.900956 0
    outer loop
      vertex -0.912415 -1.77974 0
      vertex -0.822571 -1.82301 25
      vertex -0.912415 -1.77974 25
    endloop
  endfacet
  facet normal -0.433911 -0.900956 -0
    outer loop
      vertex -0.822571 -1.82301 25
      vertex -0.912415 -1.77974 0
      vertex -0.822571 -1.82301 0
    endloop
  endfacet
  facet normal -0.00251682 -0.00245547 -0.999994
    outer loop
      vertex -1.39647 -1.43173 0
      vertex -1.46611 -1.36035 0
      vertex 0 27.8772 -0.0754824
    endloop
  endfacet
  facet normal -0.132965 0.0648359 0.988998
    outer loop
      vertex -0.989949 30.7373 24.8751
      vertex -1.77974 27.2124 25
      vertex -0.916804 30.6707 24.8893
    endloop
  endfacet
  facet normal -0.00403286 0.206341 0.978472
    outer loop
      vertex 32.6117 32.1842 24.5676
      vertex 32.5735 32.2745 24.5484
      vertex 32.6433 32.0914 24.5873
    endloop
  endfacet
  facet normal 0.00825126 -0.00210019 -0.999964
    outer loop
      vertex 33.2252 -0.541687 0
      vertex 31.3999 27.8737 -0.0747414
      vertex 33.2498 -0.445038 0
    endloop
  endfacet
  facet normal 0.0737842 0.0476909 0.996133
    outer loop
      vertex 33.0066 27.3429 25
      vertex 31.8816 30.4599 24.9341
      vertex 32.9525 27.4266 25
    endloop
  endfacet
  facet normal -0.198144 -0.980173 0
    outer loop
      vertex -0.445038 -1.94986 0
      vertex -0.34729 -1.96962 25
      vertex -0.445038 -1.94986 25
    endloop
  endfacet
  facet normal -0.198144 -0.980173 -0
    outer loop
      vertex -0.34729 -1.96962 25
      vertex -0.445038 -1.94986 0
      vertex -0.34729 -1.96962 0
    endloop
  endfacet
  facet normal -0.00761082 -0.00214149 -0.999969
    outer loop
      vertex -1.91115 -0.589508 0
      vertex -1.93816 -0.493515 0
      vertex -0.0998745 27.8737 -0.0747414
    endloop
  endfacet
  facet normal 0.0946666 0.0545648 0.994013
    outer loop
      vertex 33.0564 27.2565 25
      vertex 32.0569 30.5536 24.9142
      vertex 33.0066 27.3429 25
    endloop
  endfacet
  facet normal 0.99724 0.0742412 0
    outer loop
      vertex 33.2975 26.3997 25
      vertex 33.2901 26.4991 0
      vertex 33.2901 26.4991 25
    endloop
  endfacet
  facet normal 0.99724 0.0742412 0
    outer loop
      vertex 33.2901 26.4991 0
      vertex 33.2975 26.3997 25
      vertex 33.2975 26.3997 0
    endloop
  endfacet
  facet normal -0.866089 -0.49989 0
    outer loop
      vertex -1.70659 -1.04288 0
      vertex -1.75644 -0.956512 25
      vertex -1.75644 -0.956512 0
    endloop
  endfacet
  facet normal -0.866089 -0.49989 0
    outer loop
      vertex -1.75644 -0.956512 25
      vertex -1.70659 -1.04288 0
      vertex -1.70659 -1.04288 25
    endloop
  endfacet
  facet normal 0.968722 0.246372 -0.0296518
    outer loop
      vertex 33.2381 26.7935 0
      vertex 32.6433 32.0914 24.5873
      vertex 32.668 31.9967 24.6074
    endloop
  endfacet
  facet normal 0.00389536 -0.00238025 -0.99999
    outer loop
      vertex 32.98 -1.0851 0
      vertex 31.3 27.8772 -0.0754824
      vertex 33.032 -1 0
    endloop
  endfacet
  facet normal -0.017462 0.0251486 0.999531
    outer loop
      vertex -0.0998745 30.3397 24.9596
      vertex -0.838988 28.2208 25
      vertex -0.756897 28.2778 25
    endloop
  endfacet
  facet normal -0.948648 0.313209 -0.0443405
    outer loop
      vertex -1.31173 32.1842 24.5676
      vertex -1.89586 26.937 0
      vertex -1.34329 32.0914 24.5873
    endloop
  endfacet
  facet normal 0.0668943 0.0452714 0.996732
    outer loop
      vertex 31.8816 30.4599 24.9341
      vertex 31.7892 30.4225 24.942
      vertex 32.9525 27.4266 25
    endloop
  endfacet
  facet normal 0.00615043 -0.00223821 -0.999979
    outer loop
      vertex 33.1617 -0.730682 0
      vertex 31.3 27.8772 -0.0754824
      vertex 33.1958 -0.636978 0
    endloop
  endfacet
  facet normal -0.010796 0.210306 0.977576
    outer loop
      vertex 32.6857 31.5107 24.7107
      vertex 32.6433 31.3198 24.7513
      vertex 32.668 31.4145 24.7312
    endloop
  endfacet
  facet normal 0.272827 0.0882802 0.958004
    outer loop
      vertex 32.6117 31.227 24.771
      vertex 32.5735 31.1367 24.7902
      vertex 33.2111 26.8895 25
    endloop
  endfacet
  facet normal -0.311263 0.934025 -0.175248
    outer loop
      vertex -0.394425 28.4433 0
      vertex -0.489249 28.4117 0
      vertex -0.394425 33.0195 24.39
    endloop
  endfacet
  facet normal 0.000250359 0.207881 0.978154
    outer loop
      vertex 32.5288 32.3619 24.5298
      vertex 32.2168 30.6707 24.8893
      vertex 32.6964 31.6079 24.69
    endloop
  endfacet
  facet normal 0.993622 0.112052 0.0126047
    outer loop
      vertex 33.2901 26.4991 25
      vertex 32.6857 31.9005 24.6279
      vertex 32.6964 31.8033 24.6485
    endloop
  endfacet
  facet normal 0.900838 -0.434156 0
    outer loop
      vertex 33.0797 -0.912415 25
      vertex 33.123 -0.822571 0
      vertex 33.123 -0.822571 25
    endloop
  endfacet
  facet normal 0.900838 -0.434156 0
    outer loop
      vertex 33.123 -0.822571 0
      vertex 33.0797 -0.912415 25
      vertex 33.0797 -0.912415 0
    endloop
  endfacet
  facet normal 0.993798 0.111203 -0
    outer loop
      vertex 33.2901 26.4991 0
      vertex 32.6857 31.9005 24.6279
      vertex 33.2901 26.4991 25
    endloop
  endfacet
  facet normal -0.00064195 -0.00252108 -0.999997
    outer loop
      vertex -0.445038 -1.94986 0
      vertex -0.541687 -1.92525 0
      vertex 0 27.8772 -0.0754824
    endloop
  endfacet
  facet normal -0.856765 0.129123 0.499281
    outer loop
      vertex -1.4 31.7056 24.6693
      vertex -1.98448 26.5487 25
      vertex -1.96962 26.6473 25
    endloop
  endfacet
  facet normal 0.796741 -0.604321 0
    outer loop
      vertex 32.8636 -1.24698 25
      vertex 32.9239 -1.16748 0
      vertex 32.9239 -1.16748 25
    endloop
  endfacet
  facet normal 0.796741 -0.604321 0
    outer loop
      vertex 32.9239 -1.16748 0
      vertex 32.8636 -1.24698 25
      vertex 32.8636 -1.24698 0
    endloop
  endfacet
  facet normal -0.012834 0.208661 0.977904
    outer loop
      vertex -1.39643 31.8033 24.6485
      vertex -1.4 31.7056 24.6693
      vertex -1.38575 31.9005 24.6279
    endloop
  endfacet
  facet normal -0.911483 -0.411338 0
    outer loop
      vertex -1.80194 -0.867767 0
      vertex -1.84296 -0.776871 25
      vertex -1.84296 -0.776871 0
    endloop
  endfacet
  facet normal -0.911483 -0.411338 0
    outer loop
      vertex -1.84296 -0.776871 25
      vertex -1.80194 -0.867767 0
      vertex -1.80194 -0.867767 25
    endloop
  endfacet
  facet normal 0.947104 0.317706 -0.0453631
    outer loop
      vertex 33.1794 26.984 0
      vertex 32.6117 32.1842 24.5676
      vertex 33.2111 26.8895 0
    endloop
  endfacet
  facet normal 0.00748673 0.0224602 0.99972
    outer loop
      vertex 31.7892 28.4117 25
      vertex 31.3999 30.3397 24.9596
      vertex 31.6944 28.4433 25
    endloop
  endfacet
  facet normal -0.000777181 0.0215613 0.999767
    outer loop
      vertex 0 30.3362 24.9604
      vertex -0.0998745 28.4964 25
      vertex 0 28.5 25
    endloop
  endfacet
  facet normal -0.00392642 0.0218171 0.999754
    outer loop
      vertex 0 30.3362 24.9604
      vertex -0.297591 28.468 25
      vertex -0.199241 28.4857 25
    endloop
  endfacet
  facet normal -0.894026 0.442073 -0.0727219
    outer loop
      vertex -1.22875 32.3619 24.5298
      vertex -1.77974 27.2124 0
      vertex -1.27348 32.2745 24.5484
    endloop
  endfacet
  facet normal -0.0074848 0.0224601 0.99972
    outer loop
      vertex -0.0998745 30.3397 24.9596
      vertex -0.489249 28.4117 25
      vertex -0.394425 28.4433 25
    endloop
  endfacet
  facet normal -0.177937 0.967162 -0.181483
    outer loop
      vertex -0.199241 33.0611 24.3812
      vertex -0.297591 28.468 0
      vertex -0.297591 33.0437 24.3849
    endloop
  endfacet
  facet normal 0.948529 0.313558 -0.0444344
    outer loop
      vertex 33.2111 26.8895 0
      vertex 32.6117 32.1842 24.5676
      vertex 32.6433 32.0914 24.5873
    endloop
  endfacet
  facet normal 0.00352668 -0.00240164 -0.999991
    outer loop
      vertex 32.9239 -1.16748 0
      vertex 31.3 27.8772 -0.0754824
      vertex 32.98 -1.0851 0
    endloop
  endfacet
  facet normal -0.997214 -0.0745983 0
    outer loop
      vertex -1.99007 -0.199142 0
      vertex -1.99751 -0.0996857 25
      vertex -1.99751 -0.0996857 0
    endloop
  endfacet
  facet normal -0.997214 -0.0745983 0
    outer loop
      vertex -1.99751 -0.0996857 25
      vertex -1.99007 -0.199142 0
      vertex -1.99007 -0.199142 25
    endloop
  endfacet
  facet normal 0.000119819 0.207802 0.978171
    outer loop
      vertex -1.368 31.9967 24.6074
      vertex -1.39643 31.6079 24.69
      vertex -1.22875 32.3619 24.5298
    endloop
  endfacet
  facet normal 0.0445565 0.107775 -0.993176
    outer loop
      vertex 31.8816 28.3735 0
      vertex 31.4992 27.8633 -0.0725203
      vertex 31.7892 28.4117 0
    endloop
  endfacet
  facet normal -0.294724 -0.955582 0
    outer loop
      vertex -0.636978 -1.89586 0
      vertex -0.541687 -1.92525 25
      vertex -0.636978 -1.89586 25
    endloop
  endfacet
  facet normal -0.294724 -0.955582 -0
    outer loop
      vertex -0.541687 -1.92525 25
      vertex -0.636978 -1.89586 0
      vertex -0.541687 -1.92525 0
    endloop
  endfacet
  facet normal -0.822186 0.560563 -0.0988873
    outer loop
      vertex -1.62387 27.4675 0
      vertex -1.68005 27.3851 0
      vertex -1.17775 32.4459 24.5119
    endloop
  endfacet
  facet normal 0.364989 -0.931012 0
    outer loop
      vertex 31.984 -1.87938 0
      vertex 32.0769 -1.84296 25
      vertex 31.984 -1.87938 25
    endloop
  endfacet
  facet normal 0.364989 -0.931012 0
    outer loop
      vertex 32.0769 -1.84296 25
      vertex 31.984 -1.87938 0
      vertex 32.0769 -1.84296 0
    endloop
  endfacet
  facet normal -0.954815 0.29446 -0.0402712
    outer loop
      vertex -1.89586 26.937 0
      vertex -1.92525 26.8417 0
      vertex -1.34329 32.0914 24.5873
    endloop
  endfacet
  facet normal -0.117435 0.0610314 0.991203
    outer loop
      vertex -0.916804 30.6707 24.8893
      vertex -1.77974 27.2124 25
      vertex -0.838988 30.6093 24.9023
    endloop
  endfacet
  facet normal 0.000985574 -0.002514 -0.999996
    outer loop
      vertex 31.984 -1.87938 0
      vertex 31.3 27.8772 -0.0754824
      vertex 32.0769 -1.84296 0
    endloop
  endfacet
  facet normal 0.0070587 -0.00217781 -0.999973
    outer loop
      vertex 33.1958 -0.636978 0
      vertex 31.3 27.8772 -0.0754824
      vertex 33.2252 -0.541687 0
    endloop
  endfacet
  facet normal 0.00482162 -0.00232376 -0.999986
    outer loop
      vertex 33.0797 -0.912415 0
      vertex 31.3 27.8772 -0.0754824
      vertex 33.123 -0.822571 0
    endloop
  endfacet
  facet normal -0.00207779 -0.00247585 -0.999995
    outer loop
      vertex -1.24698 -1.56366 0
      vertex -1.32336 -1.49956 0
      vertex 0 27.8772 -0.0754824
    endloop
  endfacet
  facet normal -0.0117086 0.0234087 0.999657
    outer loop
      vertex -0.0998745 30.3397 24.9596
      vertex -0.670948 28.3288 25
      vertex -0.58158 28.3735 25
    endloop
  endfacet
  facet normal 0.479728 0.109567 0.870549
    outer loop
      vertex 33.2603 26.6963 25
      vertex 32.6857 31.5107 24.7107
      vertex 33.2381 26.7935 25
    endloop
  endfacet
  facet normal 0.411323 -0.911489 0
    outer loop
      vertex 32.0769 -1.84296 0
      vertex 32.1678 -1.80194 25
      vertex 32.0769 -1.84296 25
    endloop
  endfacet
  facet normal 0.411323 -0.911489 0
    outer loop
      vertex 32.1678 -1.80194 25
      vertex 32.0769 -1.84296 0
      vertex 32.1678 -1.80194 0
    endloop
  endfacet
  facet normal -0.441177 0.882037 -0.165449
    outer loop
      vertex -0.58158 28.3735 0
      vertex -0.670948 28.3288 0
      vertex -0.58158 32.9512 24.4045
    endloop
  endfacet
  facet normal 0.980095 -0.19853 0
    outer loop
      vertex 33.2498 -0.445038 25
      vertex 33.2696 -0.34729 0
      vertex 33.2696 -0.34729 25
    endloop
  endfacet
  facet normal 0.980095 -0.19853 0
    outer loop
      vertex 33.2696 -0.34729 0
      vertex 33.2498 -0.445038 25
      vertex 33.2498 -0.445038 0
    endloop
  endfacet
  facet normal -0.642844 -0.765997 0
    outer loop
      vertex -1.32336 -1.49956 0
      vertex -1.24698 -1.56366 25
      vertex -1.32336 -1.49956 25
    endloop
  endfacet
  facet normal -0.642844 -0.765997 -0
    outer loop
      vertex -1.24698 -1.56366 25
      vertex -1.32336 -1.49956 0
      vertex -1.24698 -1.56366 0
    endloop
  endfacet
  facet normal 0.988774 -0.149416 0
    outer loop
      vertex 33.2696 -0.34729 25
      vertex 33.2845 -0.248688 0
      vertex 33.2845 -0.248688 25
    endloop
  endfacet
  facet normal 0.988774 -0.149416 0
    outer loop
      vertex 33.2845 -0.248688 0
      vertex 33.2696 -0.34729 25
      vertex 33.2696 -0.34729 0
    endloop
  endfacet
  facet normal 0.342675 0.0963773 0.934497
    outer loop
      vertex 33.2381 26.7935 25
      vertex 32.6433 31.3198 24.7513
      vertex 33.2111 26.8895 25
    endloop
  endfacet
  facet normal 0.00264115 -0.00244932 -0.999994
    outer loop
      vertex 32.7317 -1.39647 0
      vertex 31.3 27.8772 -0.0754824
      vertex 32.7995 -1.32336 0
    endloop
  endfacet
  facet normal 0.0703268 0.0797625 -0.99433
    outer loop
      vertex 32.6234 27.7995 0
      vertex 31.5976 27.8459 -0.0688305
      vertex 32.2168 28.158 0
    endloop
  endfacet
  facet normal -0.889859 -0.456235 0
    outer loop
      vertex -1.75644 -0.956512 0
      vertex -1.80194 -0.867767 25
      vertex -1.80194 -0.867767 0
    endloop
  endfacet
  facet normal -0.889859 -0.456235 0
    outer loop
      vertex -1.80194 -0.867767 25
      vertex -1.75644 -0.956512 0
      vertex -1.75644 -0.956512 25
    endloop
  endfacet
  facet normal 0.441447 0.881907 -0.165425
    outer loop
      vertex 31.9709 28.3288 0
      vertex 31.8816 28.3735 0
      vertex 31.8816 32.9512 24.4045
    endloop
  endfacet
  facet normal 0.00734157 -0.00215864 -0.999971
    outer loop
      vertex 33.2252 -0.541687 0
      vertex 31.3 27.8772 -0.0754824
      vertex 31.3999 27.8737 -0.0747414
    endloop
  endfacet
  facet normal -0.655694 0.742104 -0.139092
    outer loop
      vertex -0.916804 28.158 0
      vertex -1.36035 27.7661 0
      vertex -0.916804 32.7405 24.4493
    endloop
  endfacet
  facet normal -0.681277 0.719646 -0.134058
    outer loop
      vertex -0.916804 32.7405 24.4493
      vertex -1.36035 27.7661 0
      vertex -0.989949 32.6739 24.4635
    endloop
  endfacet
  facet normal 0.222471 -0.974939 0
    outer loop
      vertex 31.6963 -1.96034 0
      vertex 31.7935 -1.93816 25
      vertex 31.6963 -1.96034 25
    endloop
  endfacet
  facet normal 0.222471 -0.974939 0
    outer loop
      vertex 31.7935 -1.93816 25
      vertex 31.6963 -1.96034 0
      vertex 31.7935 -1.93816 0
    endloop
  endfacet
  facet normal -0.563418 -0.826172 0
    outer loop
      vertex -1.16748 -1.62387 0
      vertex -1.0851 -1.68005 25
      vertex -1.16748 -1.62387 25
    endloop
  endfacet
  facet normal -0.563418 -0.826172 -0
    outer loop
      vertex -1.0851 -1.68005 25
      vertex -1.16748 -1.62387 0
      vertex -1.0851 -1.68005 0
    endloop
  endfacet
  facet normal -0.00304461 -0.00242834 -0.999992
    outer loop
      vertex -1.53209 -1.28557 0
      vertex -1.59427 -1.20761 0
      vertex 0 27.8772 -0.0754824
    endloop
  endfacet
  facet normal -0.0222253 -0.00116351 -0.999752
    outer loop
      vertex -0.0998745 27.8737 -0.0747414
      vertex -1.99751 -0.0996857 0
      vertex -0.199241 27.8633 -0.0725203
    endloop
  endfacet
  facet normal 0.9216 -0.388141 0
    outer loop
      vertex 33.123 -0.822571 25
      vertex 33.1617 -0.730682 0
      vertex 33.1617 -0.730682 25
    endloop
  endfacet
  facet normal 0.9216 -0.388141 0
    outer loop
      vertex 33.1617 -0.730682 0
      vertex 33.123 -0.822571 25
      vertex 33.123 -0.822571 0
    endloop
  endfacet
  facet normal 0.654907 0.742776 -0.139217
    outer loop
      vertex 32.6234 27.7995 0
      vertex 32.2168 28.158 0
      vertex 32.2168 32.7405 24.4493
    endloop
  endfacet
  facet normal 0.447532 0.106859 0.887861
    outer loop
      vertex 32.6857 31.5107 24.7107
      vertex 32.668 31.4145 24.7312
      vertex 33.2381 26.7935 25
    endloop
  endfacet
  facet normal 0.550788 0.115409 0.826628
    outer loop
      vertex 32.6964 31.6079 24.69
      vertex 32.6857 31.5107 24.7107
      vertex 33.2603 26.6963 25
    endloop
  endfacet
  facet normal -0.695268 0.124574 0.707873
    outer loop
      vertex -1.4 31.7056 24.6693
      vertex -1.96962 26.6473 25
      vertex -1.39643 31.6079 24.69
    endloop
  endfacet
  facet normal -0.00268896 0.208574 0.978003
    outer loop
      vertex 32.6964 31.6079 24.69
      vertex 32.6117 31.227 24.771
      vertex 32.6857 31.5107 24.7107
    endloop
  endfacet
  facet normal -0.00324014 0.208712 0.977972
    outer loop
      vertex 32.6857 31.5107 24.7107
      vertex 32.6117 31.227 24.771
      vertex 32.6433 31.3198 24.7513
    endloop
  endfacet
  facet normal -0.000119842 0.207802 0.978171
    outer loop
      vertex 32.668 31.9967 24.6074
      vertex 32.5288 32.3619 24.5298
      vertex 32.6964 31.6079 24.69
    endloop
  endfacet
  facet normal -0.00512274 0.20745 0.978232
    outer loop
      vertex 32.7 31.7056 24.6693
      vertex 32.668 31.9967 24.6074
      vertex 32.6964 31.6079 24.69
    endloop
  endfacet
  facet normal -0.875483 0.476519 -0.0803696
    outer loop
      vertex -1.73206 27.3 0
      vertex -1.77974 27.2124 0
      vertex -1.22875 32.3619 24.5298
    endloop
  endfacet
  facet normal -0.984802 -0.173684 0
    outer loop
      vertex -1.96034 -0.396286 0
      vertex -1.97766 -0.29808 25
      vertex -1.97766 -0.29808 0
    endloop
  endfacet
  facet normal -0.984802 -0.173684 0
    outer loop
      vertex -1.97766 -0.29808 25
      vertex -1.96034 -0.396286 0
      vertex -1.96034 -0.396286 25
    endloop
  endfacet
  facet normal 0.000723439 0.209567 0.977794
    outer loop
      vertex 31.8816 32.9512 24.4045
      vertex 31.6944 33.0195 24.39
      vertex 31.9709 32.9075 24.4138
    endloop
  endfacet
  facet normal 0.698229 -0.715875 0
    outer loop
      vertex 32.6603 -1.46611 0
      vertex 32.7317 -1.39647 25
      vertex 32.6603 -1.46611 25
    endloop
  endfacet
  facet normal 0.698229 -0.715875 0
    outer loop
      vertex 32.7317 -1.39647 25
      vertex 32.6603 -1.46611 0
      vertex 32.7317 -1.39647 0
    endloop
  endfacet
  facet normal 0.00161271 -0.00249462 -0.999996
    outer loop
      vertex 32.3429 -1.70659 0
      vertex 31.3 27.8772 -0.0754824
      vertex 32.4266 -1.65248 0
    endloop
  endfacet
  facet normal -0.995047 0.0994045 0
    outer loop
      vertex -1.9944 26.4494 0
      vertex -1.98448 26.5487 25
      vertex -1.98448 26.5487 0
    endloop
  endfacet
  facet normal -0.995047 0.0994045 0
    outer loop
      vertex -1.98448 26.5487 25
      vertex -1.9944 26.4494 0
      vertex -1.9944 26.4494 25
    endloop
  endfacet
  facet normal 0.105317 0.977377 -0.183421
    outer loop
      vertex 31.4992 28.4857 0
      vertex 31.3999 28.4964 0
      vertex 31.3999 33.0715 24.3789
    endloop
  endfacet
  facet normal -0.388397 -0.921492 0
    outer loop
      vertex -0.822571 -1.82301 0
      vertex -0.730682 -1.86174 25
      vertex -0.822571 -1.82301 25
    endloop
  endfacet
  facet normal -0.388397 -0.921492 -0
    outer loop
      vertex -0.730682 -1.86174 25
      vertex -0.822571 -1.82301 0
      vertex -0.730682 -1.86174 0
    endloop
  endfacet
  facet normal 0.765997 -0.642844 0
    outer loop
      vertex 32.7995 -1.32336 25
      vertex 32.8636 -1.24698 0
      vertex 32.8636 -1.24698 25
    endloop
  endfacet
  facet normal 0.765997 -0.642844 0
    outer loop
      vertex 32.8636 -1.24698 0
      vertex 32.7995 -1.32336 25
      vertex 32.7995 -1.32336 0
    endloop
  endfacet
  facet normal 0.174092 0.967835 -0.181625
    outer loop
      vertex 31.5976 28.468 0
      vertex 31.4992 28.4857 0
      vertex 31.4992 33.0611 24.3812
    endloop
  endfacet
  facet normal -0.00474582 0.211331 0.977403
    outer loop
      vertex -1.12076 32.5262 24.4948
      vertex -1.22875 32.3619 24.5298
      vertex -0.989949 32.6739 24.4635
    endloop
  endfacet
  facet normal -0 0.0215613 0.999768
    outer loop
      vertex 0 30.3362 24.9604
      vertex 31.3 28.5 25
      vertex 31.3 30.3362 24.9604
    endloop
  endfacet
  facet normal 0 0.0215613 0.999768
    outer loop
      vertex 31.3 28.5 25
      vertex 0 30.3362 24.9604
      vertex 0 28.5 25
    endloop
  endfacet
  facet normal 0.00433574 0.120317 -0.992726
    outer loop
      vertex 31.3999 28.4964 0
      vertex 31.3 27.8772 -0.0754824
      vertex 31.3 28.5 0
    endloop
  endfacet
  facet normal 0.014321 0.0241491 0.999606
    outer loop
      vertex 32.0569 28.2778 25
      vertex 31.3999 30.3397 24.9596
      vertex 31.9709 28.3288 25
    endloop
  endfacet
  facet normal 0.0174594 0.0251476 0.999531
    outer loop
      vertex 32.139 28.2208 25
      vertex 31.3999 30.3397 24.9596
      vertex 32.0569 28.2778 25
    endloop
  endfacet
  facet normal 0 0.982842 -0.184448
    outer loop
      vertex 31.3 28.5 0
      vertex 0 33.075 24.3782
      vertex 31.3 33.075 24.3782
    endloop
  endfacet
  facet normal 0 0.982842 -0.184448
    outer loop
      vertex 0 33.075 24.3782
      vertex 31.3 28.5 0
      vertex 0 28.5 0
    endloop
  endfacet
  facet normal 0.542906 -0.839794 0
    outer loop
      vertex 32.3429 -1.70659 0
      vertex 32.4266 -1.65248 25
      vertex 32.3429 -1.70659 25
    endloop
  endfacet
  facet normal 0.542906 -0.839794 0
    outer loop
      vertex 32.4266 -1.65248 25
      vertex 32.3429 -1.70659 0
      vertex 32.4266 -1.65248 0
    endloop
  endfacet
  facet normal -0.00479029 0.215674 0.976454
    outer loop
      vertex -0.756897 32.8576 24.4244
      vertex -0.838988 32.8019 24.4363
      vertex -0.670948 32.9075 24.4138
    endloop
  endfacet
  facet normal 0.00290255 -0.00243589 -0.999993
    outer loop
      vertex 32.7995 -1.32336 0
      vertex 31.3 27.8772 -0.0754824
      vertex 32.8636 -1.24698 0
    endloop
  endfacet
  facet normal -0.149024 -0.988834 0
    outer loop
      vertex -0.34729 -1.96962 0
      vertex -0.248688 -1.98448 25
      vertex -0.34729 -1.96962 25
    endloop
  endfacet
  facet normal -0.149024 -0.988834 -0
    outer loop
      vertex -0.248688 -1.98448 25
      vertex -0.34729 -1.96962 0
      vertex -0.248688 -1.98448 0
    endloop
  endfacet
  facet normal 0.826546 -0.56287 0
    outer loop
      vertex 32.9239 -1.16748 25
      vertex 32.98 -1.0851 0
      vertex 32.98 -1.0851 25
    endloop
  endfacet
  facet normal 0.826546 -0.56287 0
    outer loop
      vertex 32.98 -1.0851 0
      vertex 32.9239 -1.16748 25
      vertex 32.9239 -1.16748 0
    endloop
  endfacet
  facet normal -0.603748 -0.797176 0
    outer loop
      vertex -1.24698 -1.56366 0
      vertex -1.16748 -1.62387 25
      vertex -1.24698 -1.56366 25
    endloop
  endfacet
  facet normal -0.603748 -0.797176 -0
    outer loop
      vertex -1.16748 -1.62387 25
      vertex -1.24698 -1.56366 0
      vertex -1.16748 -1.62387 0
    endloop
  endfacet
  facet normal 0.0668393 0.0533001 -0.996339
    outer loop
      vertex 32.8943 27.5076 0
      vertex 31.6944 27.8217 -0.0636921
      vertex 32.8321 27.5856 0
    endloop
  endfacet
  facet normal -0.00563434 0.0220889 0.99974
    outer loop
      vertex 0 30.3362 24.9604
      vertex -0.394425 28.4433 25
      vertex -0.297591 28.468 25
    endloop
  endfacet
  facet normal -0.238735 0.0837106 0.96747
    outer loop
      vertex -1.27348 31.1367 24.7902
      vertex -1.89586 26.937 25
      vertex -1.22875 31.0493 24.8088
    endloop
  endfacet
  facet normal 0.00326066 0.208717 0.977971
    outer loop
      vertex -1.31173 31.227 24.771
      vertex -1.38575 31.5107 24.7107
      vertex -1.34329 31.3198 24.7513
    endloop
  endfacet
  facet normal -0.00169903 -0.00249138 -0.999995
    outer loop
      vertex -1.0851 -1.68005 0
      vertex -1.16748 -1.62387 0
      vertex 0 27.8772 -0.0754824
    endloop
  endfacet
  facet normal -0.96868 0.246528 -0.029709
    outer loop
      vertex -1.92525 26.8417 0
      vertex -1.94986 26.745 0
      vertex -1.34329 32.0914 24.5873
    endloop
  endfacet
  facet normal -0.0994759 -0.99504 0
    outer loop
      vertex -0.248688 -1.98448 0
      vertex -0.14946 -1.9944 25
      vertex -0.248688 -1.98448 25
    endloop
  endfacet
  facet normal -0.0994759 -0.99504 -0
    outer loop
      vertex -0.14946 -1.9944 25
      vertex -0.248688 -1.98448 0
      vertex -0.14946 -1.9944 0
    endloop
  endfacet
  facet normal 0.662006 -0.749498 0
    outer loop
      vertex 32.5856 -1.53209 0
      vertex 32.6603 -1.46611 25
      vertex 32.5856 -1.53209 25
    endloop
  endfacet
  facet normal 0.662006 -0.749498 0
    outer loop
      vertex 32.6603 -1.46611 25
      vertex 32.5856 -1.53209 0
      vertex 32.6603 -1.46611 0
    endloop
  endfacet
  facet normal 0.0573195 0.0258537 -0.998021
    outer loop
      vertex 33.1429 27.0769 0
      vertex 31.5976 27.8459 -0.0688305
      vertex 33.1019 27.1678 0
    endloop
  endfacet
  facet normal -0.478128 -0.87829 0
    outer loop
      vertex -1 -1.73206 0
      vertex -0.912415 -1.77974 25
      vertex -1 -1.73206 25
    endloop
  endfacet
  facet normal -0.478128 -0.87829 -0
    outer loop
      vertex -0.912415 -1.77974 25
      vertex -1 -1.73206 0
      vertex -0.912415 -1.77974 0
    endloop
  endfacet
  facet normal 0.853307 -0.521409 0
    outer loop
      vertex 32.98 -1.0851 25
      vertex 33.032 -1 0
      vertex 33.032 -1 25
    endloop
  endfacet
  facet normal 0.853307 -0.521409 0
    outer loop
      vertex 33.032 -1 0
      vertex 32.98 -1.0851 25
      vertex 32.98 -1.0851 0
    endloop
  endfacet
  facet normal -0.0241415 0.027323 0.999335
    outer loop
      vertex -0.199241 30.3501 24.9574
      vertex -1.36035 27.7661 25
      vertex -0.916804 28.158 25
    endloop
  endfacet
  facet normal -0.0632611 0.0911081 -0.99383
    outer loop
      vertex -0.297591 27.8459 -0.0688305
      vertex -0.838988 28.2208 0
      vertex -0.756897 28.2778 0
    endloop
  endfacet
  facet normal -0.0374589 -0.000179987 -0.999298
    outer loop
      vertex -0.199241 27.8633 -0.0725203
      vertex -2 0 0
      vertex -0.297591 27.8459 -0.0688305
    endloop
  endfacet
  facet normal -0.0435967 0.035959 0.998402
    outer loop
      vertex -0.394425 30.3917 24.9486
      vertex -1.56366 27.547 25
      vertex -0.297591 30.3675 24.9537
    endloop
  endfacet
  facet normal -0.00233084 0.0216455 0.999763
    outer loop
      vertex 0 30.3362 24.9604
      vertex -0.199241 28.4857 25
      vertex -0.0998745 28.4964 25
    endloop
  endfacet
  facet normal 0.0413381 0.00103656 -0.999145
    outer loop
      vertex 33.3 26.3 0
      vertex 31.5976 27.8459 -0.0688305
      vertex 33.2975 26.3997 0
    endloop
  endfacet
  facet normal 0.000708989 -0.00251992 -0.999997
    outer loop
      vertex 31.7935 -1.93816 0
      vertex 31.3 27.8772 -0.0754824
      vertex 31.8895 -1.91115 0
    endloop
  endfacet
  facet normal -0.0339953 0.112725 -0.993044
    outer loop
      vertex -0.199241 27.8633 -0.0725203
      vertex -0.394425 28.4433 0
      vertex -0.0998745 27.8737 -0.0747414
    endloop
  endfacet
  facet normal 0 0 1
    outer loop
      vertex 30.9 25.9 25
      vertex 33.3 26.3 25
      vertex 33.2975 26.3997 25
    endloop
  endfacet
  facet normal 0 0 1
    outer loop
      vertex 33.3 26.3 25
      vertex 30.9 25.9 25
      vertex 33.3 0 25
    endloop
  endfacet
  facet normal 0 0 1
    outer loop
      vertex 30.9 25.9 25
      vertex 33.2975 26.3997 25
      vertex 33.2901 26.4991 25
    endloop
  endfacet
  facet normal 0 0 1
    outer loop
      vertex 33.3 0 25
      vertex 30.9 25.9 25
      vertex 30.9 0.4 25
    endloop
  endfacet
  facet normal 0 0 1
    outer loop
      vertex 30.9 25.9 25
      vertex 33.2901 26.4991 25
      vertex 33.2776 26.5981 25
    endloop
  endfacet
  facet normal 0 0 1
    outer loop
      vertex 33.3 0 25
      vertex 30.9 0.4 25
      vertex 33.2944 -0.14946 25
    endloop
  endfacet
  facet normal 0 0 1
    outer loop
      vertex 30.9 25.9 25
      vertex 33.2776 26.5981 25
      vertex 33.2603 26.6963 25
    endloop
  endfacet
  facet normal 0 0 1
    outer loop
      vertex 33.2944 -0.14946 25
      vertex 30.9 0.4 25
      vertex 33.2845 -0.248688 25
    endloop
  endfacet
  facet normal 0 0 1
    outer loop
      vertex 30.9 25.9 25
      vertex 33.2603 26.6963 25
      vertex 33.2381 26.7935 25
    endloop
  endfacet
  facet normal 0 0 1
    outer loop
      vertex 33.2845 -0.248688 25
      vertex 30.9 0.4 25
      vertex 33.2696 -0.34729 25
    endloop
  endfacet
  facet normal 0 0 1
    outer loop
      vertex 30.9 25.9 25
      vertex 33.2381 26.7935 25
      vertex 33.2111 26.8895 25
    endloop
  endfacet
  facet normal 0 0 1
    outer loop
      vertex 33.2696 -0.34729 25
      vertex 30.9 0.4 25
      vertex 33.2498 -0.445038 25
    endloop
  endfacet
  facet normal 0 0 1
    outer loop
      vertex 30.9 25.9 25
      vertex 33.2111 26.8895 25
      vertex 33.1794 26.984 25
    endloop
  endfacet
  facet normal 0 0 1
    outer loop
      vertex 33.2498 -0.445038 25
      vertex 30.9 0.4 25
      vertex 33.2252 -0.541687 25
    endloop
  endfacet
  facet normal 0 0 1
    outer loop
      vertex 30.9 25.9 25
      vertex 33.1794 26.984 25
      vertex 33.1429 27.0769 25
    endloop
  endfacet
  facet normal 0 0 1
    outer loop
      vertex 33.2252 -0.541687 25
      vertex 30.9 0.4 25
      vertex 33.1958 -0.636978 25
    endloop
  endfacet
  facet normal 0 0 1
    outer loop
      vertex 30.9 25.9 25
      vertex 33.1429 27.0769 25
      vertex 33.1019 27.1678 25
    endloop
  endfacet
  facet normal 0 0 1
    outer loop
      vertex 33.1958 -0.636978 25
      vertex 30.9 0.4 25
      vertex 33.1617 -0.730682 25
    endloop
  endfacet
  facet normal 0 0 1
    outer loop
      vertex 30.9 25.9 25
      vertex 33.1019 27.1678 25
      vertex 33.0564 27.2565 25
    endloop
  endfacet
  facet normal 0 0 1
    outer loop
      vertex 33.1617 -0.730682 25
      vertex 30.9 0.4 25
      vertex 33.123 -0.822571 25
    endloop
  endfacet
  facet normal 0 0 1
    outer loop
      vertex 30.9 25.9 25
      vertex 33.0564 27.2565 25
      vertex 33.0066 27.3429 25
    endloop
  endfacet
  facet normal 0 0 1
    outer loop
      vertex 33.123 -0.822571 25
      vertex 30.9 0.4 25
      vertex 33.0797 -0.912415 25
    endloop
  endfacet
  facet normal 0 0 1
    outer loop
      vertex 30.9 25.9 25
      vertex 33.0066 27.3429 25
      vertex 32.9525 27.4266 25
    endloop
  endfacet
  facet normal 0 0 1
    outer loop
      vertex 33.0797 -0.912415 25
      vertex 30.9 0.4 25
      vertex 33.032 -1 25
    endloop
  endfacet
  facet normal 0 0 1
    outer loop
      vertex 30.9 25.9 25
      vertex 32.9525 27.4266 25
      vertex 32.8943 27.5076 25
    endloop
  endfacet
  facet normal 0 0 1
    outer loop
      vertex 33.032 -1 25
      vertex 30.9 0.4 25
      vertex 32.98 -1.0851 25
    endloop
  endfacet
  facet normal 0 0 1
    outer loop
      vertex 30.9 25.9 25
      vertex 32.8943 27.5076 25
      vertex 32.8321 27.5856 25
    endloop
  endfacet
  facet normal 0 0 1
    outer loop
      vertex 32.98 -1.0851 25
      vertex 30.9 0.4 25
      vertex 32.9239 -1.16748 25
    endloop
  endfacet
  facet normal 0 0 1
    outer loop
      vertex 30.9 25.9 25
      vertex 32.8321 27.5856 25
      vertex 32.7661 27.6603 25
    endloop
  endfacet
  facet normal 0 0 1
    outer loop
      vertex 32.9239 -1.16748 25
      vertex 30.9 0.4 25
      vertex 32.8636 -1.24698 25
    endloop
  endfacet
  facet normal 0 0 1
    outer loop
      vertex 30.9 25.9 25
      vertex 32.7661 27.6603 25
      vertex 32.6965 27.7317 25
    endloop
  endfacet
  facet normal 0 0 1
    outer loop
      vertex 32.8636 -1.24698 25
      vertex 30.9 0.4 25
      vertex 32.7995 -1.32336 25
    endloop
  endfacet
  facet normal 0 0 1
    outer loop
      vertex 30.9 25.9 25
      vertex 32.6965 27.7317 25
      vertex 32.6234 27.7995 25
    endloop
  endfacet
  facet normal 0 0 1
    outer loop
      vertex 32.7995 -1.32336 25
      vertex 30.9 0.4 25
      vertex 32.7317 -1.39647 25
    endloop
  endfacet
  facet normal 0 0 1
    outer loop
      vertex 32.6603 -1.46611 25
      vertex 30.9 0.4 25
      vertex 32.5856 -1.53209 25
    endloop
  endfacet
  facet normal 0 0 1
    outer loop
      vertex 32.5856 -1.53209 25
      vertex 30.9 0.4 25
      vertex 32.5076 -1.59427 25
    endloop
  endfacet
  facet normal 0 0 1
    outer loop
      vertex 32.5076 -1.59427 25
      vertex 30.9 0.4 25
      vertex 32.4266 -1.65248 25
    endloop
  endfacet
  facet normal 0 0 1
    outer loop
      vertex 32.4266 -1.65248 25
      vertex 30.9 0.4 25
      vertex 32.3429 -1.70659 25
    endloop
  endfacet
  facet normal 0 0 1
    outer loop
      vertex 30.9 25.9 25
      vertex 32.6234 27.7995 25
      vertex 32.2168 28.158 25
    endloop
  endfacet
  facet normal 0 0 1
    outer loop
      vertex 32.7317 -1.39647 25
      vertex 30.9 0.4 25
      vertex 32.6603 -1.46611 25
    endloop
  endfacet
  facet normal 0 0 1
    outer loop
      vertex 30.9 25.9 25
      vertex 32.2168 28.158 25
      vertex 32.139 28.2208 25
    endloop
  endfacet
  facet normal 0 0 1
    outer loop
      vertex 32.3429 -1.70659 25
      vertex 30.9 0.4 25
      vertex 32.2565 -1.75644 25
    endloop
  endfacet
  facet normal 0 0 1
    outer loop
      vertex 30.9 25.9 25
      vertex 32.139 28.2208 25
      vertex 32.0569 28.2778 25
    endloop
  endfacet
  facet normal 0 0 1
    outer loop
      vertex 32.2565 -1.75644 25
      vertex 30.9 0.4 25
      vertex 32.1678 -1.80194 25
    endloop
  endfacet
  facet normal 0 0 1
    outer loop
      vertex 30.9 25.9 25
      vertex 32.0569 28.2778 25
      vertex 31.9709 28.3288 25
    endloop
  endfacet
  facet normal 0 0 1
    outer loop
      vertex 32.1678 -1.80194 25
      vertex 30.9 0.4 25
      vertex 32.0769 -1.84296 25
    endloop
  endfacet
  facet normal 0 0 1
    outer loop
      vertex 30.9 25.9 25
      vertex 31.9709 28.3288 25
      vertex 31.8816 28.3735 25
    endloop
  endfacet
  facet normal 0 0 1
    outer loop
      vertex 32.0769 -1.84296 25
      vertex 30.9 0.4 25
      vertex 31.984 -1.87938 25
    endloop
  endfacet
  facet normal 0 0 1
    outer loop
      vertex 30.9 25.9 25
      vertex 31.8816 28.3735 25
      vertex 31.7892 28.4117 25
    endloop
  endfacet
  facet normal 0 0 1
    outer loop
      vertex 31.984 -1.87938 25
      vertex 30.9 0.4 25
      vertex 31.8895 -1.91115 25
    endloop
  endfacet
  facet normal 0 0 1
    outer loop
      vertex 30.9 25.9 25
      vertex 31.7892 28.4117 25
      vertex 31.6944 28.4433 25
    endloop
  endfacet
  facet normal 0 0 1
    outer loop
      vertex 31.8895 -1.91115 25
      vertex 30.9 0.4 25
      vertex 31.7935 -1.93816 25
    endloop
  endfacet
  facet normal 0 0 1
    outer loop
      vertex 30.9 25.9 25
      vertex 31.6944 28.4433 25
      vertex 31.5976 28.468 25
    endloop
  endfacet
  facet normal 0 0 1
    outer loop
      vertex 30.9 25.9 25
      vertex 31.5976 28.468 25
      vertex 31.4992 28.4857 25
    endloop
  endfacet
  facet normal 0 0 1
    outer loop
      vertex 31.7935 -1.93816 25
      vertex 30.9 0.4 25
      vertex 31.6963 -1.96034 25
    endloop
  endfacet
  facet normal 0 0 1
    outer loop
      vertex 30.9 25.9 25
      vertex 31.4992 28.4857 25
      vertex 31.3999 28.4964 25
    endloop
  endfacet
  facet normal 0 0 1
    outer loop
      vertex 31.6963 -1.96034 25
      vertex 30.9 0.4 25
      vertex 31.5981 -1.97766 25
    endloop
  endfacet
  facet normal 0 0 1
    outer loop
      vertex 30.9 25.9 25
      vertex 31.3999 28.4964 25
      vertex 31.3 28.5 25
    endloop
  endfacet
  facet normal 0 0 1
    outer loop
      vertex 31.5981 -1.97766 25
      vertex 30.9 0.4 25
      vertex 31.4991 -1.99007 25
    endloop
  endfacet
  facet normal 0 0 1
    outer loop
      vertex 31.4991 -1.99007 25
      vertex 30.9 0.4 25
      vertex 31.3997 -1.99751 25
    endloop
  endfacet
  facet normal 0 0 1
    outer loop
      vertex 31.3 28.5 25
      vertex 0.4 25.9 25
      vertex 30.9 25.9 25
    endloop
  endfacet
  facet normal -0 0 1
    outer loop
      vertex -0.0998745 28.4964 25
      vertex 0.4 25.9 25
      vertex 0 28.5 25
    endloop
  endfacet
  facet normal -0 0 1
    outer loop
      vertex 0 28.5 25
      vertex 0.4 25.9 25
      vertex 31.3 28.5 25
    endloop
  endfacet
  facet normal 0 0 1
    outer loop
      vertex 31.3997 -1.99751 25
      vertex 30.9 0.4 25
      vertex 31.3 -2 25
    endloop
  endfacet
  facet normal 0 0 1
    outer loop
      vertex 30.9 -2 25
      vertex 31.3 -2 25
      vertex 30.9 0.4 25
    endloop
  endfacet
  facet normal 0 0 0
    outer loop
      vertex 0.4 -2 25
      vertex 31.3 -2 25
      vertex 30.9 -2 25
    endloop
  endfacet
  facet normal 0 0 1
    outer loop
      vertex 0.4 25.9 25
      vertex -2 26.3 25
      vertex 0.4 0.4 25
    endloop
  endfacet
  facet normal 0 0 -0
    outer loop
      vertex 0.4 -2 25
      vertex 0 -2 25
      vertex 31.3 -2 25
    endloop
  endfacet
  facet normal 0 0 1
    outer loop
      vertex -2 0 25
      vertex 0.4 0.4 25
      vertex -2 26.3 25
    endloop
  endfacet
  facet normal -0 0 1
    outer loop
      vertex -0.199241 28.4857 25
      vertex 0.4 25.9 25
      vertex -0.0998745 28.4964 25
    endloop
  endfacet
  facet normal 0 -0 1
    outer loop
      vertex -1.99751 -0.0996857 25
      vertex 0.4 0.4 25
      vertex -2 0 25
    endloop
  endfacet
  facet normal -0 0 1
    outer loop
      vertex -0.297591 28.468 25
      vertex 0.4 25.9 25
      vertex -0.199241 28.4857 25
    endloop
  endfacet
  facet normal 0 0 1
    outer loop
      vertex 0.4 0.4 25
      vertex 0 -2 25
      vertex 0.4 -2 25
    endloop
  endfacet
  facet normal -0 0 1
    outer loop
      vertex -0.394425 28.4433 25
      vertex 0.4 25.9 25
      vertex -0.297591 28.468 25
    endloop
  endfacet
  facet normal 0 0 1
    outer loop
      vertex 0.4 0.4 25
      vertex -0.14946 -1.9944 25
      vertex 0 -2 25
    endloop
  endfacet
  facet normal -0 0 1
    outer loop
      vertex -0.489249 28.4117 25
      vertex 0.4 25.9 25
      vertex -0.394425 28.4433 25
    endloop
  endfacet
  facet normal 0 0 1
    outer loop
      vertex 0.4 0.4 25
      vertex -0.248688 -1.98448 25
      vertex -0.14946 -1.9944 25
    endloop
  endfacet
  facet normal 0 0 1
    outer loop
      vertex 0.4 25.9 25
      vertex -0.489249 28.4117 25
      vertex -0.916804 28.158 25
    endloop
  endfacet
  facet normal 0 0 1
    outer loop
      vertex 0.4 0.4 25
      vertex -0.34729 -1.96962 25
      vertex -0.248688 -1.98448 25
    endloop
  endfacet
  facet normal 0 0 1
    outer loop
      vertex -0.916804 28.158 25
      vertex -0.489249 28.4117 25
      vertex -0.58158 28.3735 25
    endloop
  endfacet
  facet normal 0 0 1
    outer loop
      vertex 0.4 0.4 25
      vertex -0.445038 -1.94986 25
      vertex -0.34729 -1.96962 25
    endloop
  endfacet
  facet normal 0 0 1
    outer loop
      vertex -0.916804 28.158 25
      vertex -0.58158 28.3735 25
      vertex -0.670948 28.3288 25
    endloop
  endfacet
  facet normal 0 0 1
    outer loop
      vertex 0.4 0.4 25
      vertex -0.541687 -1.92525 25
      vertex -0.445038 -1.94986 25
    endloop
  endfacet
  facet normal 0 0 1
    outer loop
      vertex -0.916804 28.158 25
      vertex -0.670948 28.3288 25
      vertex -0.756897 28.2778 25
    endloop
  endfacet
  facet normal 0 0 1
    outer loop
      vertex 0.4 0.4 25
      vertex -0.636978 -1.89586 25
      vertex -0.541687 -1.92525 25
    endloop
  endfacet
  facet normal 0 0 1
    outer loop
      vertex -0.916804 28.158 25
      vertex -0.756897 28.2778 25
      vertex -0.838988 28.2208 25
    endloop
  endfacet
  facet normal 0 0 1
    outer loop
      vertex 0.4 0.4 25
      vertex -0.730682 -1.86174 25
      vertex -0.636978 -1.89586 25
    endloop
  endfacet
  facet normal 0 0 1
    outer loop
      vertex 0.4 25.9 25
      vertex -0.916804 28.158 25
      vertex -1.36035 27.7661 25
    endloop
  endfacet
  facet normal 0 0 1
    outer loop
      vertex 0.4 0.4 25
      vertex -0.822571 -1.82301 25
      vertex -0.730682 -1.86174 25
    endloop
  endfacet
  facet normal 0 0 1
    outer loop
      vertex 0.4 0.4 25
      vertex -1 -1.73206 25
      vertex -0.912415 -1.77974 25
    endloop
  endfacet
  facet normal 0 0 1
    outer loop
      vertex 0.4 0.4 25
      vertex -1.0851 -1.68005 25
      vertex -1 -1.73206 25
    endloop
  endfacet
  facet normal 0 0 1
    outer loop
      vertex 0.4 0.4 25
      vertex -1.16748 -1.62387 25
      vertex -1.0851 -1.68005 25
    endloop
  endfacet
  facet normal 0 0 1
    outer loop
      vertex 0.4 0.4 25
      vertex -1.24698 -1.56366 25
      vertex -1.16748 -1.62387 25
    endloop
  endfacet
  facet normal -0 0 1
    outer loop
      vertex -1.43173 27.6965 25
      vertex 0.4 25.9 25
      vertex -1.36035 27.7661 25
    endloop
  endfacet
  facet normal 0 0 1
    outer loop
      vertex 0.4 0.4 25
      vertex -0.912415 -1.77974 25
      vertex -0.822571 -1.82301 25
    endloop
  endfacet
  facet normal -0 0 1
    outer loop
      vertex -1.49956 27.6234 25
      vertex 0.4 25.9 25
      vertex -1.43173 27.6965 25
    endloop
  endfacet
  facet normal 0 0 1
    outer loop
      vertex 0.4 0.4 25
      vertex -1.32336 -1.49956 25
      vertex -1.24698 -1.56366 25
    endloop
  endfacet
  facet normal -0 0 1
    outer loop
      vertex -1.56366 27.547 25
      vertex 0.4 25.9 25
      vertex -1.49956 27.6234 25
    endloop
  endfacet
  facet normal 0 0 1
    outer loop
      vertex 0.4 0.4 25
      vertex -1.39647 -1.43173 25
      vertex -1.32336 -1.49956 25
    endloop
  endfacet
  facet normal -0 0 1
    outer loop
      vertex -1.62387 27.4675 25
      vertex 0.4 25.9 25
      vertex -1.56366 27.547 25
    endloop
  endfacet
  facet normal 0 0 1
    outer loop
      vertex 0.4 0.4 25
      vertex -1.46611 -1.36035 25
      vertex -1.39647 -1.43173 25
    endloop
  endfacet
  facet normal -0 0 1
    outer loop
      vertex -1.68005 27.3851 25
      vertex 0.4 25.9 25
      vertex -1.62387 27.4675 25
    endloop
  endfacet
  facet normal 0 0 1
    outer loop
      vertex 0.4 0.4 25
      vertex -1.53209 -1.28557 25
      vertex -1.46611 -1.36035 25
    endloop
  endfacet
  facet normal -0 0 1
    outer loop
      vertex -1.73206 27.3 25
      vertex 0.4 25.9 25
      vertex -1.68005 27.3851 25
    endloop
  endfacet
  facet normal 0 0 1
    outer loop
      vertex 0.4 0.4 25
      vertex -1.59427 -1.20761 25
      vertex -1.53209 -1.28557 25
    endloop
  endfacet
  facet normal -0 0 1
    outer loop
      vertex -1.77974 27.2124 25
      vertex 0.4 25.9 25
      vertex -1.73206 27.3 25
    endloop
  endfacet
  facet normal 0 0 1
    outer loop
      vertex 0.4 0.4 25
      vertex -1.65248 -1.12663 25
      vertex -1.59427 -1.20761 25
    endloop
  endfacet
  facet normal -0 0 1
    outer loop
      vertex -1.82301 27.1226 25
      vertex 0.4 25.9 25
      vertex -1.77974 27.2124 25
    endloop
  endfacet
  facet normal 0 0 1
    outer loop
      vertex 0.4 0.4 25
      vertex -1.70659 -1.04288 25
      vertex -1.65248 -1.12663 25
    endloop
  endfacet
  facet normal -0 0 1
    outer loop
      vertex -1.86174 27.0307 25
      vertex 0.4 25.9 25
      vertex -1.82301 27.1226 25
    endloop
  endfacet
  facet normal 0 0 1
    outer loop
      vertex 0.4 0.4 25
      vertex -1.75644 -0.956512 25
      vertex -1.70659 -1.04288 25
    endloop
  endfacet
  facet normal -0 0 1
    outer loop
      vertex -1.89586 26.937 25
      vertex 0.4 25.9 25
      vertex -1.86174 27.0307 25
    endloop
  endfacet
  facet normal 0 0 1
    outer loop
      vertex 0.4 0.4 25
      vertex -1.80194 -0.867767 25
      vertex -1.75644 -0.956512 25
    endloop
  endfacet
  facet normal -0 0 1
    outer loop
      vertex -1.92525 26.8417 25
      vertex 0.4 25.9 25
      vertex -1.89586 26.937 25
    endloop
  endfacet
  facet normal 0 0 1
    outer loop
      vertex 0.4 0.4 25
      vertex -1.84296 -0.776871 25
      vertex -1.80194 -0.867767 25
    endloop
  endfacet
  facet normal -0 0 1
    outer loop
      vertex -1.94986 26.745 25
      vertex 0.4 25.9 25
      vertex -1.92525 26.8417 25
    endloop
  endfacet
  facet normal 0 0 1
    outer loop
      vertex 0.4 0.4 25
      vertex -1.87938 -0.684036 25
      vertex -1.84296 -0.776871 25
    endloop
  endfacet
  facet normal -0 0 1
    outer loop
      vertex -1.96962 26.6473 25
      vertex 0.4 25.9 25
      vertex -1.94986 26.745 25
    endloop
  endfacet
  facet normal 0 0 1
    outer loop
      vertex 0.4 0.4 25
      vertex -1.91115 -0.589508 25
      vertex -1.87938 -0.684036 25
    endloop
  endfacet
  facet normal -0 0 1
    outer loop
      vertex -1.98448 26.5487 25
      vertex 0.4 25.9 25
      vertex -1.96962 26.6473 25
    endloop
  endfacet
  facet normal 0 0 1
    outer loop
      vertex 0.4 0.4 25
      vertex -1.93816 -0.493515 25
      vertex -1.91115 -0.589508 25
    endloop
  endfacet
  facet normal -0 0 1
    outer loop
      vertex -1.9944 26.4494 25
      vertex 0.4 25.9 25
      vertex -1.98448 26.5487 25
    endloop
  endfacet
  facet normal 0 0 1
    outer loop
      vertex 0.4 0.4 25
      vertex -1.96034 -0.396286 25
      vertex -1.93816 -0.493515 25
    endloop
  endfacet
  facet normal 0 0 1
    outer loop
      vertex 0.4 25.9 25
      vertex -1.9944 26.4494 25
      vertex -2 26.3 25
    endloop
  endfacet
  facet normal 0 0 1
    outer loop
      vertex 0.4 0.4 25
      vertex -1.97766 -0.29808 25
      vertex -1.96034 -0.396286 25
    endloop
  endfacet
  facet normal 0 0 1
    outer loop
      vertex 0.4 0.4 25
      vertex -1.99007 -0.199142 25
      vertex -1.97766 -0.29808 25
    endloop
  endfacet
  facet normal 0 0 1
    outer loop
      vertex 0.4 0.4 25
      vertex -1.99751 -0.0996857 25
      vertex -1.99007 -0.199142 25
    endloop
  endfacet
  facet normal -0.065694 0.0447899 0.996834
    outer loop
      vertex -0.489249 30.4225 24.942
      vertex -1.68005 27.3851 25
      vertex -1.62387 27.4675 25
    endloop
  endfacet
  facet normal 0.00112712 0.201894 0.979407
    outer loop
      vertex -0.297591 33.0437 24.3849
      vertex -0.394425 33.0195 24.39
      vertex -0.199241 33.0611 24.3812
    endloop
  endfacet
  facet normal 0.00128533 -0.00250569 -0.999996
    outer loop
      vertex 32.1678 -1.80194 0
      vertex 31.3 27.8772 -0.0754824
      vertex 32.2565 -1.75644 0
    endloop
  endfacet
  facet normal -0.223648 0.0814393 0.971262
    outer loop
      vertex -1.22875 31.0493 24.8088
      vertex -1.89586 26.937 25
      vertex -1.86174 27.0307 25
    endloop
  endfacet
  facet normal 0.185879 0.0754584 0.979671
    outer loop
      vertex 32.4778 30.9652 24.8267
      vertex 32.4208 30.8849 24.8437
      vertex 33.1429 27.0769 25
    endloop
  endfacet
  facet normal 0.196382 0.0771577 0.977487
    outer loop
      vertex 33.1794 26.984 25
      vertex 32.4778 30.9652 24.8267
      vertex 33.1429 27.0769 25
    endloop
  endfacet
  facet normal 0.984742 0.173483 -0.013684
    outer loop
      vertex 33.2603 26.6963 0
      vertex 32.6857 31.9005 24.6279
      vertex 33.2776 26.5981 0
    endloop
  endfacet
  facet normal 0.983937 0.177916 -0.0146396
    outer loop
      vertex 33.2603 26.6963 0
      vertex 32.668 31.9967 24.6074
      vertex 32.6857 31.9005 24.6279
    endloop
  endfacet
  facet normal -0.0033546 -0.00241135 -0.999991
    outer loop
      vertex -1.59427 -1.20761 0
      vertex -1.65248 -1.12663 0
      vertex 0 27.8772 -0.0754824
    endloop
  endfacet
  facet normal 0.909591 0.410267 -0.0657672
    outer loop
      vertex 33.1019 27.1678 0
      vertex 32.5735 32.2745 24.5484
      vertex 33.1429 27.0769 0
    endloop
  endfacet
  facet normal -0.0011242 0.201907 0.979404
    outer loop
      vertex 31.5976 33.0437 24.3849
      vertex 31.4992 33.0611 24.3812
      vertex 31.6944 33.0195 24.39
    endloop
  endfacet
  facet normal 0.743956 0.65731 -0.120304
    outer loop
      vertex 32.7661 27.6603 0
      vertex 32.358 32.6024 24.4787
      vertex 32.8321 27.5856 0
    endloop
  endfacet
  facet normal 0.311334 0.934003 -0.175243
    outer loop
      vertex 31.7892 28.4117 0
      vertex 31.6944 28.4433 0
      vertex 31.6944 33.0195 24.39
    endloop
  endfacet
  facet normal 0.627765 0.76508 -0.143398
    outer loop
      vertex 32.2168 28.158 0
      vertex 32.139 32.8019 24.4363
      vertex 32.2168 32.7405 24.4493
    endloop
  endfacet
  facet normal -0.000380468 -0.00252456 -0.999997
    outer loop
      vertex -0.248688 -1.98448 0
      vertex -0.34729 -1.96962 0
      vertex 0 27.8772 -0.0754824
    endloop
  endfacet
  facet normal 0.383027 0.907903 -0.170301
    outer loop
      vertex 31.8816 28.3735 0
      vertex 31.7892 32.9887 24.3966
      vertex 31.8816 32.9512 24.4045
    endloop
  endfacet
  facet normal 0.315226 0.932744 -0.17499
    outer loop
      vertex 31.7892 28.4117 0
      vertex 31.6944 33.0195 24.39
      vertex 31.7892 32.9887 24.3966
    endloop
  endfacet
  facet normal -0.563697 0.811833 -0.152226
    outer loop
      vertex -0.756897 28.2778 0
      vertex -0.838988 28.2208 0
      vertex -0.756897 32.8576 24.4244
    endloop
  endfacet
  facet normal -0 0.207859 0.978159
    outer loop
      vertex -0.394425 33.0195 24.39
      vertex 31.9709 32.9075 24.4138
      vertex 31.6944 33.0195 24.39
    endloop
  endfacet
  facet normal 0 0.207859 0.978159
    outer loop
      vertex 31.9709 32.9075 24.4138
      vertex -0.394425 33.0195 24.39
      vertex -0.670948 32.9075 24.4138
    endloop
  endfacet
  facet normal -0.00420145 0.204108 0.978939
    outer loop
      vertex -0.916804 30.6707 24.8893
      vertex -1.05805 30.8088 24.8599
      vertex -0.989949 30.7373 24.8751
    endloop
  endfacet
  facet normal -0.0357127 0.982216 -0.184329
    outer loop
      vertex 0 33.075 24.3782
      vertex -0.0998745 28.4964 0
      vertex -0.0998745 33.0715 24.3789
    endloop
  endfacet
  facet normal -0.9938 0.111181 0
    outer loop
      vertex -1.38575 31.9005 24.6279
      vertex -1.98448 26.5487 0
      vertex -1.98448 26.5487 25
    endloop
  endfacet
  facet normal -0.0019409 0.198233 0.980153
    outer loop
      vertex 31.4992 33.0611 24.3812
      vertex 31.3999 33.0715 24.3789
      vertex 31.6944 33.0195 24.39
    endloop
  endfacet
  facet normal 0.177849 0.967178 -0.181486
    outer loop
      vertex 31.5976 28.468 0
      vertex 31.4992 33.0611 24.3812
      vertex 31.5976 33.0437 24.3849
    endloop
  endfacet
  facet normal 0.456418 -0.889765 0
    outer loop
      vertex 32.1678 -1.80194 0
      vertex 32.2565 -1.75644 25
      vertex 32.1678 -1.80194 25
    endloop
  endfacet
  facet normal 0.456418 -0.889765 0
    outer loop
      vertex 32.2565 -1.75644 25
      vertex 32.1678 -1.80194 0
      vertex 32.2565 -1.75644 0
    endloop
  endfacet
  facet normal -0.988799 0.149022 -0.00834466
    outer loop
      vertex -1.96962 26.6473 0
      vertex -1.98448 26.5487 0
      vertex -1.38575 31.9005 24.6279
    endloop
  endfacet
  facet normal -0.00993968 0.198864 0.979977
    outer loop
      vertex 32.358 32.6024 24.4787
      vertex 32.2899 32.6739 24.4635
      vertex 32.4208 32.5262 24.4948
    endloop
  endfacet
  facet normal 0.00193819 0.198246 0.98015
    outer loop
      vertex -0.199241 33.0611 24.3812
      vertex -0.394425 33.0195 24.39
      vertex -0.0998745 33.0715 24.3789
    endloop
  endfacet
  facet normal -0.0212015 0.117806 -0.99281
    outer loop
      vertex -0.0998745 27.8737 -0.0747414
      vertex -0.297591 28.468 0
      vertex -0.199241 28.4857 0
    endloop
  endfacet
  facet normal -0.0445836 0.107761 -0.993177
    outer loop
      vertex -0.199241 27.8633 -0.0725203
      vertex -0.58158 28.3735 0
      vertex -0.489249 28.4117 0
    endloop
  endfacet
  facet normal 0.00246176 0.206947 0.978349
    outer loop
      vertex -1.27348 32.2745 24.5484
      vertex -1.368 31.9967 24.6074
      vertex -1.22875 32.3619 24.5298
    endloop
  endfacet
  facet normal -0.0372058 0.111646 -0.993051
    outer loop
      vertex -0.199241 27.8633 -0.0725203
      vertex -0.489249 28.4117 0
      vertex -0.394425 28.4433 0
    endloop
  endfacet
  facet normal -0.00899436 -0.00205181 -0.999957
    outer loop
      vertex -1.93816 -0.493515 0
      vertex -1.96034 -0.396286 0
      vertex -0.0998745 27.8737 -0.0747414
    endloop
  endfacet
  facet normal -0.50379 0.849024 -0.159231
    outer loop
      vertex -0.670948 28.3288 0
      vertex -0.756897 28.2778 0
      vertex -0.670948 32.9075 24.4138
    endloop
  endfacet
  facet normal 0.000575522 -0.00252213 -0.999997
    outer loop
      vertex 31.6963 -1.96034 0
      vertex 31.3 27.8772 -0.0754824
      vertex 31.7935 -1.93816 0
    endloop
  endfacet
  facet normal 0.00513348 0.207449 0.978232
    outer loop
      vertex -1.368 31.9967 24.6074
      vertex -1.4 31.7056 24.6693
      vertex -1.39643 31.6079 24.69
    endloop
  endfacet
  facet normal 0 0.209316 0.977848
    outer loop
      vertex 31.5976 30.3675 24.9537
      vertex 0 30.3362 24.9604
      vertex 31.3 30.3362 24.9604
    endloop
  endfacet
  facet normal 0 0.209316 0.977848
    outer loop
      vertex 0 30.3362 24.9604
      vertex 31.5976 30.3675 24.9537
      vertex -0.297591 30.3675 24.9537
    endloop
  endfacet
  facet normal -0.0669417 0.0452771 0.996729
    outer loop
      vertex -0.58158 30.4599 24.9341
      vertex -1.68005 27.3851 25
      vertex -0.489249 30.4225 24.942
    endloop
  endfacet
  facet normal 0 0.207766 0.978179
    outer loop
      vertex 32.2168 30.6707 24.8893
      vertex -0.297591 30.3675 24.9537
      vertex 31.5976 30.3675 24.9537
    endloop
  endfacet
  facet normal 0 0.207766 0.978179
    outer loop
      vertex -0.297591 30.3675 24.9537
      vertex 32.2168 30.6707 24.8893
      vertex -0.916804 30.6707 24.8893
    endloop
  endfacet
  facet normal -0.000746965 0.20252 0.979278
    outer loop
      vertex 0 30.3362 24.9604
      vertex -0.297591 30.3675 24.9537
      vertex -0.0998745 30.3397 24.9596
    endloop
  endfacet
  facet normal -0.000252491 -0.00252562 -0.999997
    outer loop
      vertex -0.14946 -1.9944 0
      vertex -0.248688 -1.98448 0
      vertex 0 27.8772 -0.0754824
    endloop
  endfacet
  facet normal -0.0698177 0.0716032 -0.994987
    outer loop
      vertex -0.297591 27.8459 -0.0688305
      vertex -1.43173 27.6965 0
      vertex -1.36035 27.7661 0
    endloop
  endfacet
  facet normal 0.00542631 -0.00228535 -0.999983
    outer loop
      vertex 33.123 -0.822571 0
      vertex 31.3 27.8772 -0.0754824
      vertex 33.1617 -0.730682 0
    endloop
  endfacet
  facet normal -0.342149 -0.939646 0
    outer loop
      vertex -0.730682 -1.86174 0
      vertex -0.636978 -1.89586 25
      vertex -0.730682 -1.86174 25
    endloop
  endfacet
  facet normal -0.342149 -0.939646 -0
    outer loop
      vertex -0.636978 -1.89586 25
      vertex -0.730682 -1.86174 0
      vertex -0.636978 -1.89586 0
    endloop
  endfacet
  facet normal -0.0354046 0.982226 -0.184332
    outer loop
      vertex 0 28.5 0
      vertex -0.0998745 28.4964 0
      vertex 0 33.075 24.3782
    endloop
  endfacet
  facet normal -0.0521468 0.0160818 -0.99851
    outer loop
      vertex -0.297591 27.8459 -0.0688305
      vertex -1.92525 26.8417 0
      vertex -1.89586 26.937 0
    endloop
  endfacet
  facet normal 0.00240043 -0.00246109 -0.999994
    outer loop
      vertex 32.6603 -1.46611 0
      vertex 31.3 27.8772 -0.0754824
      vertex 32.7317 -1.39647 0
    endloop
  endfacet
  facet normal 0.878206 -0.478283 0
    outer loop
      vertex 33.032 -1 25
      vertex 33.0797 -0.912415 0
      vertex 33.0797 -0.912415 25
    endloop
  endfacet
  facet normal 0.878206 -0.478283 0
    outer loop
      vertex 33.0797 -0.912415 0
      vertex 33.032 -1 25
      vertex 33.032 -1 0
    endloop
  endfacet
  facet normal -0.174178 0.96782 -0.181622
    outer loop
      vertex -0.199241 28.4857 0
      vertex -0.297591 28.468 0
      vertex -0.199241 33.0611 24.3812
    endloop
  endfacet
  facet normal -0.0562857 0.0237208 -0.998133
    outer loop
      vertex -0.297591 27.8459 -0.0688305
      vertex -1.86174 27.0307 0
      vertex -1.82301 27.1226 0
    endloop
  endfacet
  facet normal 0.0403984 0 -0.999184
    outer loop
      vertex 33.3 0 0
      vertex 31.5976 27.8459 -0.0688305
      vertex 33.3 26.3 0
    endloop
  endfacet
  facet normal -0.0680216 0.0842862 -0.994117
    outer loop
      vertex -0.297591 27.8459 -0.0688305
      vertex -0.916804 28.158 0
      vertex -0.838988 28.2208 0
    endloop
  endfacet
  facet normal -0.315154 0.932767 -0.174995
    outer loop
      vertex -0.394425 33.0195 24.39
      vertex -0.489249 28.4117 0
      vertex -0.489249 32.9887 24.3966
    endloop
  endfacet
  facet normal -0.019425 0.0258324 0.999478
    outer loop
      vertex -0.199241 30.3501 24.9574
      vertex -0.838988 28.2208 25
      vertex -0.0998745 30.3397 24.9596
    endloop
  endfacet
  facet normal -0.580666 0.117441 0.805627
    outer loop
      vertex -1.39643 31.6079 24.69
      vertex -1.96962 26.6473 25
      vertex -1.94986 26.745 25
    endloop
  endfacet
  facet normal 0.0513967 0.102678 -0.993386
    outer loop
      vertex 31.9709 28.3288 0
      vertex 31.4992 27.8633 -0.0725203
      vertex 31.8816 28.3735 0
    endloop
  endfacet
  facet normal 0.00432338 -0.00235457 -0.999988
    outer loop
      vertex 33.032 -1 0
      vertex 31.3 27.8772 -0.0754824
      vertex 33.0797 -0.912415 0
    endloop
  endfacet
  facet normal -0.00370161 -0.00239157 -0.99999
    outer loop
      vertex -1.65248 -1.12663 0
      vertex -1.70659 -1.04288 0
      vertex 0 27.8772 -0.0754824
    endloop
  endfacet
  facet normal -0.00164964 0.207212 0.978295
    outer loop
      vertex 32.6433 32.0914 24.5873
      vertex 32.5735 32.2745 24.5484
      vertex 32.668 31.9967 24.6074
    endloop
  endfacet
  facet normal 0.583578 -0.812057 0
    outer loop
      vertex 32.4266 -1.65248 0
      vertex 32.5076 -1.59427 25
      vertex 32.4266 -1.65248 25
    endloop
  endfacet
  facet normal 0.583578 -0.812057 0
    outer loop
      vertex 32.5076 -1.59427 25
      vertex 32.4266 -1.65248 0
      vertex 32.5076 -1.59427 0
    endloop
  endfacet
  facet normal -0.00945695 0.0228578 0.999694
    outer loop
      vertex -0.0998745 30.3397 24.9596
      vertex -0.58158 28.3735 25
      vertex -0.489249 28.4117 25
    endloop
  endfacet
  facet normal -0.37028 0.0994135 0.923585
    outer loop
      vertex -1.368 31.4145 24.7312
      vertex -1.92525 26.8417 25
      vertex -1.34329 31.3198 24.7513
    endloop
  endfacet
  facet normal -0.00152651 -0.00249772 -0.999996
    outer loop
      vertex -1 -1.73206 0
      vertex -1.0851 -1.68005 0
      vertex 0 27.8772 -0.0754824
    endloop
  endfacet
  facet normal 0.92381 0.378328 -0.058675
    outer loop
      vertex 33.1429 27.0769 0
      vertex 32.5735 32.2745 24.5484
      vertex 32.6117 32.1842 24.5676
    endloop
  endfacet
  facet normal 0.836083 0.540408 -0.0944675
    outer loop
      vertex 32.9525 27.4266 0
      vertex 32.4778 32.4459 24.5119
      vertex 33.0066 27.3429 0
    endloop
  endfacet
  facet normal -0.07038 0.079655 -0.994335
    outer loop
      vertex -0.297591 27.8459 -0.0688305
      vertex -1.36035 27.7661 0
      vertex -0.916804 28.158 0
    endloop
  endfacet
  facet normal 0.929289 0.365113 -0.0558095
    outer loop
      vertex 33.1429 27.0769 0
      vertex 32.6117 32.1842 24.5676
      vertex 33.1794 26.984 0
    endloop
  endfacet
  facet normal -0.000776805 -0.00251863 -0.999997
    outer loop
      vertex -0.541687 -1.92525 0
      vertex -0.636978 -1.89586 0
      vertex 0 27.8772 -0.0754824
    endloop
  endfacet
  facet normal 0.621526 0.76998 -0.144349
    outer loop
      vertex 32.2168 28.158 0
      vertex 32.139 28.2208 0
      vertex 32.139 32.8019 24.4363
    endloop
  endfacet
  facet normal -0.0513704 0.102704 -0.993385
    outer loop
      vertex -0.199241 27.8633 -0.0725203
      vertex -0.670948 28.3288 0
      vertex -0.58158 28.3735 0
    endloop
  endfacet
  facet normal 0.503567 0.849152 -0.159255
    outer loop
      vertex 32.0569 28.2778 0
      vertex 31.9709 28.3288 0
      vertex 31.9709 32.9075 24.4138
    endloop
  endfacet
  facet normal 0.447337 0.87904 -0.16486
    outer loop
      vertex 31.9709 28.3288 0
      vertex 31.8816 32.9512 24.4045
      vertex 31.9709 32.9075 24.4138
    endloop
  endfacet
  facet normal 0.00856136 0.217498 0.976023
    outer loop
      vertex 32.2168 32.7405 24.4493
      vertex 32.139 32.8019 24.4363
      vertex 32.2899 32.6739 24.4635
    endloop
  endfacet
  facet normal 0.00477379 0.215651 0.976459
    outer loop
      vertex 32.0569 32.8576 24.4244
      vertex 31.9709 32.9075 24.4138
      vertex 32.139 32.8019 24.4363
    endloop
  endfacet
  facet normal 0.00144277 -0.00250061 -0.999996
    outer loop
      vertex 32.2565 -1.75644 0
      vertex 31.3 27.8772 -0.0754824
      vertex 32.3429 -1.70659 0
    endloop
  endfacet
  facet normal -0.00578464 0.192471 0.981286
    outer loop
      vertex 31.7892 32.9887 24.3966
      vertex 31.6944 33.0195 24.39
      vertex 31.8816 32.9512 24.4045
    endloop
  endfacet
  facet normal 0.0451635 0.00570246 -0.998963
    outer loop
      vertex 33.2901 26.4991 0
      vertex 31.5976 27.8459 -0.0688305
      vertex 33.2776 26.5981 0
    endloop
  endfacet
  facet normal -0.000510041 -0.00252305 -0.999997
    outer loop
      vertex -0.34729 -1.96962 0
      vertex -0.445038 -1.94986 0
      vertex 0 27.8772 -0.0754824
    endloop
  endfacet
  facet normal 0.0249671 -0.999688 0
    outer loop
      vertex 31.3 -2 0
      vertex 31.3997 -1.99751 25
      vertex 31.3 -2 25
    endloop
  endfacet
  facet normal 0.0249671 -0.999688 0
    outer loop
      vertex 31.3997 -1.99751 25
      vertex 31.3 -2 0
      vertex 31.3997 -1.99751 0
    endloop
  endfacet
  facet normal 0.000418622 0.207552 0.978224
    outer loop
      vertex -0.989949 32.6739 24.4635
      vertex -1.22875 32.3619 24.5298
      vertex -0.670948 32.9075 24.4138
    endloop
  endfacet
  facet normal -0.923634 0.378744 -0.0587705
    outer loop
      vertex -1.27348 32.2745 24.5484
      vertex -1.86174 27.0307 0
      vertex -1.31173 32.1842 24.5676
    endloop
  endfacet
  facet normal -0.247401 0.952296 -0.178676
    outer loop
      vertex -0.297591 33.0437 24.3849
      vertex -0.394425 28.4433 0
      vertex -0.394425 33.0195 24.39
    endloop
  endfacet
  facet normal -0.00657579 -0.00221006 -0.999976
    outer loop
      vertex -1.87938 -0.684036 0
      vertex -1.91115 -0.589508 0
      vertex 0 27.8772 -0.0754824
    endloop
  endfacet
  facet normal 0.000445145 -0.00252386 -0.999997
    outer loop
      vertex 31.5981 -1.97766 0
      vertex 31.3 27.8772 -0.0754824
      vertex 31.6963 -1.96034 0
    endloop
  endfacet
  facet normal -0.0548299 0.0992247 -0.993553
    outer loop
      vertex -0.297591 27.8459 -0.0688305
      vertex -0.670948 28.3288 0
      vertex -0.199241 27.8633 -0.0725203
    endloop
  endfacet
  facet normal -0 0.196116 0.980581
    outer loop
      vertex 0 33.075 24.3782
      vertex 31.3999 33.0715 24.3789
      vertex 31.3 33.075 24.3782
    endloop
  endfacet
  facet normal 0 0.196116 0.980581
    outer loop
      vertex 31.3999 33.0715 24.3789
      vertex 0 33.075 24.3782
      vertex -0.0998745 33.0715 24.3789
    endloop
  endfacet
  facet normal -0 0.208758 0.977967
    outer loop
      vertex -0.0998745 33.0715 24.3789
      vertex 31.6944 33.0195 24.39
      vertex 31.3999 33.0715 24.3789
    endloop
  endfacet
  facet normal 0 0.208758 0.977967
    outer loop
      vertex 31.6944 33.0195 24.39
      vertex -0.0998745 33.0715 24.3789
      vertex -0.394425 33.0195 24.39
    endloop
  endfacet
  facet normal 0.247482 0.952276 -0.178672
    outer loop
      vertex 31.6944 28.4433 0
      vertex 31.5976 33.0437 24.3849
      vertex 31.6944 33.0195 24.39
    endloop
  endfacet
  facet normal 0.243255 0.953324 -0.178886
    outer loop
      vertex 31.6944 28.4433 0
      vertex 31.5976 28.468 0
      vertex 31.5976 33.0437 24.3849
    endloop
  endfacet
  facet normal 0.00197715 -0.00248018 -0.999995
    outer loop
      vertex 32.5076 -1.59427 0
      vertex 31.3 27.8772 -0.0754824
      vertex 32.5856 -1.53209 0
    endloop
  endfacet
  facet normal -0.0290337 -0.000725219 -0.999578
    outer loop
      vertex -1.99751 -0.0996857 0
      vertex -2 0 0
      vertex -0.199241 27.8633 -0.0725203
    endloop
  endfacet
  facet normal -0.0018814 -0.00248417 -0.999995
    outer loop
      vertex -1.16748 -1.62387 0
      vertex -1.24698 -1.56366 0
      vertex 0 27.8772 -0.0754824
    endloop
  endfacet
  facet normal -0.011542 0.119165 -0.992807
    outer loop
      vertex 0 27.8772 -0.0754824
      vertex -0.0998745 27.8737 -0.0747414
      vertex -0.0998745 28.4964 0
    endloop
  endfacet
  facet normal 0.00398529 0.206358 0.978468
    outer loop
      vertex -1.31173 32.1842 24.5676
      vertex -1.34329 32.0914 24.5873
      vertex -1.27348 32.2745 24.5484
    endloop
  endfacet
  facet normal 6.3097e-05 -0.00252641 -0.999997
    outer loop
      vertex 31.3997 -1.99751 0
      vertex 31.3 -2 0
      vertex 31.3 27.8772 -0.0754824
    endloop
  endfacet
  facet normal -0.376683 0.910458 -0.170809
    outer loop
      vertex -0.489249 28.4117 0
      vertex -0.58158 28.3735 0
      vertex -0.489249 32.9887 24.3966
    endloop
  endfacet
  facet normal 0.0632574 0.0911129 -0.993829
    outer loop
      vertex 32.139 28.2208 0
      vertex 31.5976 27.8459 -0.0688305
      vertex 32.0569 28.2778 0
    endloop
  endfacet
  facet normal -0.0642734 0.0438214 -0.99697
    outer loop
      vertex -0.394425 27.8217 -0.0636921
      vertex -1.68005 27.3851 0
      vertex -1.62387 27.4675 0
    endloop
  endfacet
  facet normal 0.00984779 0.198948 0.979961
    outer loop
      vertex -1.05805 32.6024 24.4787
      vertex -1.12076 32.5262 24.4948
      vertex -0.989949 32.6739 24.4635
    endloop
  endfacet
  facet normal 0.0372139 0.111642 -0.993051
    outer loop
      vertex 31.7892 28.4117 0
      vertex 31.4992 27.8633 -0.0725203
      vertex 31.6944 28.4433 0
    endloop
  endfacet
  facet normal -9.46602e-05 -0.00252641 -0.999997
    outer loop
      vertex 0 -2 0
      vertex -0.14946 -1.9944 0
      vertex 0 27.8772 -0.0754824
    endloop
  endfacet
  facet normal 0.0552695 0.0217151 -0.998235
    outer loop
      vertex 33.1794 26.984 0
      vertex 31.5976 27.8459 -0.0688305
      vertex 33.1429 27.0769 0
    endloop
  endfacet
  facet normal -0.993596 0.112127 0.0139402
    outer loop
      vertex -1.38575 31.9005 24.6279
      vertex -1.98448 26.5487 25
      vertex -1.39643 31.8033 24.6485
    endloop
  endfacet
  facet normal 0.00598107 0.207359 0.978247
    outer loop
      vertex -1.38575 31.9005 24.6279
      vertex -1.4 31.7056 24.6693
      vertex -1.368 31.9967 24.6074
    endloop
  endfacet
  facet normal -0.0321076 0.0309504 0.999005
    outer loop
      vertex -0.297591 30.3675 24.9537
      vertex -1.43173 27.6965 25
      vertex -0.199241 30.3501 24.9574
    endloop
  endfacet
  facet normal -0.0213017 0.0263952 0.999425
    outer loop
      vertex -0.199241 30.3501 24.9574
      vertex -0.916804 28.158 25
      vertex -0.838988 28.2208 25
    endloop
  endfacet
  facet normal -0.00276865 -0.00244284 -0.999993
    outer loop
      vertex -1.46611 -1.36035 0
      vertex -1.53209 -1.28557 0
      vertex 0 27.8772 -0.0754824
    endloop
  endfacet
  facet normal -0.00120789 -0.00250801 -0.999996
    outer loop
      vertex -0.822571 -1.82301 0
      vertex -0.912415 -1.77974 0
      vertex 0 27.8772 -0.0754824
    endloop
  endfacet
  facet normal -0.0143315 0.0241526 0.999606
    outer loop
      vertex -0.0998745 30.3397 24.9596
      vertex -0.756897 28.2778 25
      vertex -0.670948 28.3288 25
    endloop
  endfacet
  facet normal -0.0520596 0.0394278 0.997865
    outer loop
      vertex -0.394425 30.3917 24.9486
      vertex -1.62387 27.4675 25
      vertex -1.56366 27.547 25
    endloop
  endfacet
  facet normal -0.00136273 -0.00250325 -0.999996
    outer loop
      vertex -0.912415 -1.77974 0
      vertex -1 -1.73206 0
      vertex 0 27.8772 -0.0754824
    endloop
  endfacet
  facet normal -0.00105883 -0.00251214 -0.999996
    outer loop
      vertex -0.730682 -1.86174 0
      vertex -0.822571 -1.82301 0
      vertex 0 27.8772 -0.0754824
    endloop
  endfacet
  facet normal 0.057587 0.0971075 -0.993606
    outer loop
      vertex 32.0569 28.2778 0
      vertex 31.5976 27.8459 -0.0688305
      vertex 31.9709 28.3288 0
    endloop
  endfacet
  facet normal 0.070163 0.0756477 -0.994663
    outer loop
      vertex 32.6965 27.7317 0
      vertex 31.5976 27.8459 -0.0688305
      vertex 32.6234 27.7995 0
    endloop
  endfacet
  facet normal -0.0660361 0.050013 -0.996563
    outer loop
      vertex -0.394425 27.8217 -0.0636921
      vertex -1.62387 27.4675 0
      vertex -1.56366 27.547 0
    endloop
  endfacet
  facet normal -0.919806 0.38764 -0.0607624
    outer loop
      vertex -1.82301 27.1226 0
      vertex -1.86174 27.0307 0
      vertex -1.27348 32.2745 24.5484
    endloop
  endfacet
  facet normal 0.887216 0.455111 -0.0756398
    outer loop
      vertex 33.0564 27.2565 0
      vertex 32.5288 32.3619 24.5298
      vertex 33.1019 27.1678 0
    endloop
  endfacet
  facet normal 0.863251 0.497568 -0.0849919
    outer loop
      vertex 33.0066 27.3429 0
      vertex 32.5288 32.3619 24.5298
      vertex 33.0564 27.2565 0
    endloop
  endfacet
  facet normal -0.00510902 -0.00230562 -0.999984
    outer loop
      vertex -1.80194 -0.867767 0
      vertex -1.84296 -0.776871 0
      vertex 0 27.8772 -0.0754824
    endloop
  endfacet
  facet normal -0.00228824 -0.00246636 -0.999994
    outer loop
      vertex -1.32336 -1.49956 0
      vertex -1.39647 -1.43173 0
      vertex 0 27.8772 -0.0754824
    endloop
  endfacet
  facet normal 0.56989 0.807651 -0.151411
    outer loop
      vertex 32.139 28.2208 0
      vertex 32.0569 32.8576 24.4244
      vertex 32.139 32.8019 24.4363
    endloop
  endfacet
  facet normal 0.563655 0.811861 -0.152231
    outer loop
      vertex 32.139 28.2208 0
      vertex 32.0569 28.2778 0
      vertex 32.0569 32.8576 24.4244
    endloop
  endfacet
  facet normal 0.894146 0.441839 -0.0726676
    outer loop
      vertex 33.1019 27.1678 0
      vertex 32.5288 32.3619 24.5298
      vertex 32.5735 32.2745 24.5484
    endloop
  endfacet
  facet normal -0.00246566 0.206946 0.978349
    outer loop
      vertex 32.5735 32.2745 24.5484
      vertex 32.5288 32.3619 24.5298
      vertex 32.668 31.9967 24.6074
    endloop
  endfacet
  facet normal 0.673747 0.726415 -0.135598
    outer loop
      vertex 32.6234 27.7995 0
      vertex 32.2168 32.7405 24.4493
      vertex 32.6965 27.7317 0
    endloop
  endfacet
  facet normal -0.0418192 0.00156752 -0.999124
    outer loop
      vertex -0.297591 27.8459 -0.0688305
      vertex -2 26.3 0
      vertex -1.9944 26.4494 0
    endloop
  endfacet
  facet normal 0.0047346 0.211324 0.977405
    outer loop
      vertex 32.4208 32.5262 24.4948
      vertex 32.2899 32.6739 24.4635
      vertex 32.5288 32.3619 24.5298
    endloop
  endfacet
  facet normal 0.821272 0.561857 -0.0991465
    outer loop
      vertex 32.9525 27.4266 0
      vertex 32.4208 32.5262 24.4948
      vertex 32.4778 32.4459 24.5119
    endloop
  endfacet
  facet normal 0.80776 0.580391 -0.103298
    outer loop
      vertex 32.8943 27.5076 0
      vertex 32.4208 32.5262 24.4948
      vertex 32.9525 27.4266 0
    endloop
  endfacet
  facet normal -0.0013463 0.20634 0.978479
    outer loop
      vertex 32.139 32.8019 24.4363
      vertex 31.9709 32.9075 24.4138
      vertex 32.2899 32.6739 24.4635
    endloop
  endfacet
  facet normal -0.0576077 0.0970848 -0.993608
    outer loop
      vertex -0.297591 27.8459 -0.0688305
      vertex -0.756897 28.2778 0
      vertex -0.670948 28.3288 0
    endloop
  endfacet
  facet normal -0.0675825 0.0567021 -0.996101
    outer loop
      vertex -0.394425 27.8217 -0.0636921
      vertex -1.56366 27.547 0
      vertex -1.49956 27.6234 0
    endloop
  endfacet
  facet normal -0.000916013 -0.00251565 -0.999996
    outer loop
      vertex -0.636978 -1.89586 0
      vertex -0.730682 -1.86174 0
      vertex 0 27.8772 -0.0754824
    endloop
  endfacet
  facet normal -0.0500976 0.0127498 -0.998663
    outer loop
      vertex -0.297591 27.8459 -0.0688305
      vertex -1.94986 26.745 0
      vertex -1.92525 26.8417 0
    endloop
  endfacet
  facet normal 0.000316536 -0.00252514 -0.999997
    outer loop
      vertex 31.4991 -1.99007 0
      vertex 31.3 27.8772 -0.0754824
      vertex 31.5981 -1.97766 0
    endloop
  endfacet
  facet normal -0.692023 0.709722 -0.131905
    outer loop
      vertex -1.36035 27.7661 0
      vertex -1.43173 27.6965 0
      vertex -0.989949 32.6739 24.4635
    endloop
  endfacet
  facet normal -0.627687 0.765142 -0.14341
    outer loop
      vertex -0.838988 32.8019 24.4363
      vertex -0.916804 28.158 0
      vertex -0.916804 32.7405 24.4493
    endloop
  endfacet
  facet normal 0.173694 -0.9848 0
    outer loop
      vertex 31.5981 -1.97766 0
      vertex 31.6963 -1.96034 25
      vertex 31.5981 -1.97766 25
    endloop
  endfacet
  facet normal 0.173694 -0.9848 0
    outer loop
      vertex 31.6963 -1.96034 25
      vertex 31.5981 -1.97766 0
      vertex 31.6963 -1.96034 0
    endloop
  endfacet
  facet normal 0.0511214 0.0143779 -0.998589
    outer loop
      vertex 33.2381 26.7935 0
      vertex 31.5976 27.8459 -0.0688305
      vertex 33.2111 26.8895 0
    endloop
  endfacet
  facet normal -0.447065 0.879173 -0.164885
    outer loop
      vertex -0.58158 32.9512 24.4045
      vertex -0.670948 28.3288 0
      vertex -0.670948 32.9075 24.4138
    endloop
  endfacet
  facet normal -0.000725743 0.209573 0.977793
    outer loop
      vertex -0.58158 32.9512 24.4045
      vertex -0.670948 32.9075 24.4138
      vertex -0.394425 33.0195 24.39
    endloop
  endfacet
  facet normal 0.0098518 -0.0019956 -0.999949
    outer loop
      vertex 33.2498 -0.445038 0
      vertex 31.3999 27.8737 -0.0747414
      vertex 33.2696 -0.34729 0
    endloop
  endfacet
  facet normal 0.0680279 0.0842766 -0.994118
    outer loop
      vertex 32.2168 28.158 0
      vertex 31.5976 27.8459 -0.0688305
      vertex 32.139 28.2208 0
    endloop
  endfacet
  facet normal 0.0374396 -0.000181176 -0.999299
    outer loop
      vertex 33.3 0 0
      vertex 31.4992 27.8633 -0.0725203
      vertex 31.5976 27.8459 -0.0688305
    endloop
  endfacet
  facet normal 0.0548064 0.0992493 -0.993552
    outer loop
      vertex 31.5976 27.8459 -0.0688305
      vertex 31.4992 27.8633 -0.0725203
      vertex 31.9709 28.3288 0
    endloop
  endfacet
  facet normal 0.00165033 0.207212 0.978295
    outer loop
      vertex -1.34329 32.0914 24.5873
      vertex -1.368 31.9967 24.6074
      vertex -1.27348 32.2745 24.5484
    endloop
  endfacet
  facet normal -0.968698 0.246459 -0.0296936
    outer loop
      vertex -1.34329 32.0914 24.5873
      vertex -1.94986 26.745 0
      vertex -1.368 31.9967 24.6074
    endloop
  endfacet
  facet normal -0.898615 0.432996 -0.0707556
    outer loop
      vertex -1.77974 27.2124 0
      vertex -1.82301 27.1226 0
      vertex -1.27348 32.2745 24.5484
    endloop
  endfacet
  facet normal -0.0603757 0.032862 -0.997635
    outer loop
      vertex -0.297591 27.8459 -0.0688305
      vertex -1.77974 27.2124 0
      vertex -1.73206 27.3 0
    endloop
  endfacet
  facet normal -0.621448 0.770041 -0.14436
    outer loop
      vertex -0.838988 28.2208 0
      vertex -0.916804 28.158 0
      vertex -0.838988 32.8019 24.4363
    endloop
  endfacet
  facet normal -0.569932 0.807622 -0.151406
    outer loop
      vertex -0.756897 32.8576 24.4244
      vertex -0.838988 28.2208 0
      vertex -0.838988 32.8019 24.4363
    endloop
  endfacet
  facet normal 0.00178793 -0.00248793 -0.999995
    outer loop
      vertex 32.4266 -1.65248 0
      vertex 31.3 27.8772 -0.0754824
      vertex 32.5076 -1.59427 0
    endloop
  endfacet
  facet normal 0.00113274 -0.00251015 -0.999996
    outer loop
      vertex 32.0769 -1.84296 0
      vertex 31.3 27.8772 -0.0754824
      vertex 32.1678 -1.80194 0
    endloop
  endfacet
  facet normal -0.00137099 0.209212 0.977869
    outer loop
      vertex -1.17775 32.4459 24.5119
      vertex -1.22875 32.3619 24.5298
      vertex -1.12076 32.5262 24.4948
    endloop
  endfacet
  facet normal 0.0431883 0.00321523 -0.999062
    outer loop
      vertex 33.2975 26.3997 0
      vertex 31.5976 27.8459 -0.0688305
      vertex 33.2901 26.4991 0
    endloop
  endfacet
  facet normal 0.00134972 0.206335 0.97848
    outer loop
      vertex -0.838988 32.8019 24.4363
      vertex -0.989949 32.6739 24.4635
      vertex -0.670948 32.9075 24.4138
    endloop
  endfacet
  facet normal -0.00858232 0.217525 0.976017
    outer loop
      vertex -0.916804 32.7405 24.4493
      vertex -0.989949 32.6739 24.4635
      vertex -0.838988 32.8019 24.4363
    endloop
  endfacet
  facet normal 0.015933 -0.00158964 -0.999872
    outer loop
      vertex 33.2845 -0.248688 0
      vertex 31.3999 27.8737 -0.0747414
      vertex 33.2944 -0.14946 0
    endloop
  endfacet
  facet normal 0.0121834 -0.00184106 -0.999924
    outer loop
      vertex 33.2696 -0.34729 0
      vertex 31.3999 27.8737 -0.0747414
      vertex 33.2845 -0.248688 0
    endloop
  endfacet
  facet normal -0.881155 0.12904 0.454879
    outer loop
      vertex -1.39643 31.8033 24.6485
      vertex -1.98448 26.5487 25
      vertex -1.4 31.7056 24.6693
    endloop
  endfacet
  facet normal 0.270838 -0.962625 0
    outer loop
      vertex 31.7935 -1.93816 0
      vertex 31.8895 -1.91115 25
      vertex 31.7935 -1.93816 25
    endloop
  endfacet
  facet normal 0.270838 -0.962625 0
    outer loop
      vertex 31.8895 -1.91115 25
      vertex 31.7935 -1.93816 0
      vertex 31.8895 -1.91115 0
    endloop
  endfacet
  facet normal 0.318664 -0.947868 0
    outer loop
      vertex 31.8895 -1.91115 0
      vertex 31.984 -1.87938 25
      vertex 31.8895 -1.91115 25
    endloop
  endfacet
  facet normal 0.318664 -0.947868 0
    outer loop
      vertex 31.984 -1.87938 25
      vertex 31.8895 -1.91115 0
      vertex 31.984 -1.87938 0
    endloop
  endfacet
  facet normal 0.00034357 0.208437 0.978036
    outer loop
      vertex -0.297591 30.3675 24.9537
      vertex -0.916804 30.6707 24.8893
      vertex -0.756897 30.5536 24.9142
    endloop
  endfacet
  facet normal -0.00045792 0.206545 0.978437
    outer loop
      vertex -0.297591 30.3675 24.9537
      vertex -0.756897 30.5536 24.9142
      vertex -0.489249 30.4225 24.942
    endloop
  endfacet
  facet normal -0.185897 0.0754678 0.979667
    outer loop
      vertex -1.17775 30.9652 24.8267
      vertex -1.86174 27.0307 25
      vertex -1.12076 30.8849 24.8437
    endloop
  endfacet
  facet normal -0.551231 0.115411 0.826332
    outer loop
      vertex -1.39643 31.6079 24.69
      vertex -1.94986 26.745 25
      vertex -1.38575 31.5107 24.7107
    endloop
  endfacet
  facet normal 0.778319 0.617881 -0.111549
    outer loop
      vertex 32.8943 27.5076 0
      vertex 32.358 32.6024 24.4787
      vertex 32.4208 32.5262 24.4948
    endloop
  endfacet
  facet normal 0.776933 0.619554 -0.111927
    outer loop
      vertex 32.8321 27.5856 0
      vertex 32.358 32.6024 24.4787
      vertex 32.8943 27.5076 0
    endloop
  endfacet
  facet normal 0.00136933 0.209211 0.97787
    outer loop
      vertex 32.4778 32.4459 24.5119
      vertex 32.4208 32.5262 24.4948
      vertex 32.5288 32.3619 24.5298
    endloop
  endfacet
  facet normal 0.85965 0.503544 -0.0862846
    outer loop
      vertex 33.0066 27.3429 0
      vertex 32.4778 32.4459 24.5119
      vertex 32.5288 32.3619 24.5298
    endloop
  endfacet
  facet normal 0.025484 -0.000954842 -0.999675
    outer loop
      vertex 33.2944 -0.14946 0
      vertex 31.4992 27.8633 -0.0725203
      vertex 33.3 0 0
    endloop
  endfacet
  facet normal 0.0293703 0.115103 -0.992919
    outer loop
      vertex 31.6944 28.4433 0
      vertex 31.3999 27.8737 -0.0747414
      vertex 31.5976 28.468 0
    endloop
  endfacet
  facet normal -0.383272 0.907803 -0.170282
    outer loop
      vertex -0.489249 32.9887 24.3966
      vertex -0.58158 28.3735 0
      vertex -0.58158 32.9512 24.4045
    endloop
  endfacet
  facet normal 0.00575999 0.192539 0.981272
    outer loop
      vertex -0.489249 32.9887 24.3966
      vertex -0.58158 32.9512 24.4045
      vertex -0.394425 33.0195 24.39
    endloop
  endfacet
  facet normal -0.00433685 0.120317 -0.992726
    outer loop
      vertex 0 27.8772 -0.0754824
      vertex -0.0998745 28.4964 0
      vertex 0 28.5 0
    endloop
  endfacet
  facet normal 0 -0.00252641 -0.999997
    outer loop
      vertex 31.3 -2 0
      vertex 0.4 0.4 -0.00606341
      vertex 30.9 0.4 -0.00606341
    endloop
  endfacet
  facet normal 3.91167e-09 -0.00252641 -0.999997
    outer loop
      vertex 0 27.8772 -0.0754824
      vertex 0.4 0.4 -0.00606341
      vertex 0 -2 0
    endloop
  endfacet
  facet normal 0 -0.00252641 -0.999997
    outer loop
      vertex 0 -2 0
      vertex 0.4 0.4 -0.00606341
      vertex 31.3 -2 0
    endloop
  endfacet
  facet normal -3.91167e-09 -0.00252641 -0.999997
    outer loop
      vertex 30.9 0.4 -0.00606341
      vertex 31.3 27.8772 -0.0754824
      vertex 31.3 -2 0
    endloop
  endfacet
  facet normal -1.59816e-07 -0.00252641 -0.999997
    outer loop
      vertex 30.9 25.9 -0.0704871
      vertex 31.3 27.8772 -0.0754824
      vertex 30.9 0.4 -0.00606341
    endloop
  endfacet
  facet normal 0 -0.00252644 -0.999997
    outer loop
      vertex 0.4 25.9 -0.0704871
      vertex 31.3 27.8772 -0.0754824
      vertex 30.9 25.9 -0.0704871
    endloop
  endfacet
  facet normal 0 -0.00252644 -0.999997
    outer loop
      vertex 0.4 25.9 -0.0704871
      vertex 0 27.8772 -0.0754824
      vertex 31.3 27.8772 -0.0754824
    endloop
  endfacet
  facet normal 1.59816e-07 -0.00252641 -0.999997
    outer loop
      vertex 0.4 0.4 -0.00606341
      vertex 0 27.8772 -0.0754824
      vertex 0.4 25.9 -0.0704871
    endloop
  endfacet
  facet normal -0.731541 0.670574 -0.123201
    outer loop
      vertex -0.989949 32.6739 24.4635
      vertex -1.49956 27.6234 0
      vertex -1.05805 32.6024 24.4787
    endloop
  endfacet
  facet normal -0.760897 0.638397 -0.116127
    outer loop
      vertex -1.49956 27.6234 0
      vertex -1.56366 27.547 0
      vertex -1.05805 32.6024 24.4787
    endloop
  endfacet
  facet normal -0.0914894 0.0536431 0.99436
    outer loop
      vertex -0.756897 30.5536 24.9142
      vertex -1.73206 27.3 25
      vertex -0.670948 30.5037 24.9248
    endloop
  endfacet
  facet normal 0.0107392 0.214393 0.976689
    outer loop
      vertex -1.12076 30.8849 24.8437
      vertex -1.22875 31.0493 24.8088
      vertex -1.17775 30.9652 24.8267
    endloop
  endfacet
  facet normal -0.000511818 0.207753 0.978181
    outer loop
      vertex -0.916804 30.6707 24.8893
      vertex -1.39643 31.6079 24.69
      vertex -1.12076 30.8849 24.8437
    endloop
  endfacet
  facet normal 0.000417262 0.208092 0.978109
    outer loop
      vertex -1.12076 30.8849 24.8437
      vertex -1.39643 31.6079 24.69
      vertex -1.31173 31.227 24.771
    endloop
  endfacet
  facet normal 0.00188067 0.211112 0.97746
    outer loop
      vertex -0.489249 30.4225 24.942
      vertex -0.756897 30.5536 24.9142
      vertex -0.58158 30.4599 24.9341
    endloop
  endfacet
  facet normal -0.0792703 0.0496576 0.995616
    outer loop
      vertex -0.670948 30.5037 24.9248
      vertex -1.68005 27.3851 25
      vertex -0.58158 30.4599 24.9341
    endloop
  endfacet
  facet normal -0.00722217 0.0224194 0.999723
    outer loop
      vertex -0.0998745 30.3397 24.9596
      vertex -0.394425 28.4433 25
      vertex 0 30.3362 24.9604
    endloop
  endfacet
  facet normal 0.00374409 0.220535 0.975372
    outer loop
      vertex -0.297591 30.3675 24.9537
      vertex -0.489249 30.4225 24.942
      vertex -0.394425 30.3917 24.9486
    endloop
  endfacet
  facet normal 0.0531627 0.0178334 -0.998427
    outer loop
      vertex 33.2111 26.8895 0
      vertex 31.5976 27.8459 -0.0688305
      vertex 33.1794 26.984 0
    endloop
  endfacet
  facet normal 0.0613521 0.0353627 -0.99749
    outer loop
      vertex 33.0564 27.2565 0
      vertex 31.5976 27.8459 -0.0688305
      vertex 33.0066 27.3429 0
    endloop
  endfacet
  facet normal 0.71018 0.692276 -0.128052
    outer loop
      vertex 32.6965 27.7317 0
      vertex 32.2899 32.6739 24.4635
      vertex 32.7661 27.6603 0
    endloop
  endfacet
  facet normal 0.681502 0.719441 -0.134017
    outer loop
      vertex 32.6965 27.7317 0
      vertex 32.2168 32.7405 24.4493
      vertex 32.2899 32.6739 24.4635
    endloop
  endfacet
  facet normal -0.294809 0.0909176 0.951221
    outer loop
      vertex -1.31173 31.227 24.771
      vertex -1.92525 26.8417 25
      vertex -1.89586 26.937 25
    endloop
  endfacet
  facet normal 0.0108545 0.210321 0.977572
    outer loop
      vertex -1.34329 31.3198 24.7513
      vertex -1.38575 31.5107 24.7107
      vertex -1.368 31.4145 24.7312
    endloop
  endfacet
  facet normal -0.446889 0.106815 0.888189
    outer loop
      vertex -1.38575 31.5107 24.7107
      vertex -1.94986 26.745 25
      vertex -1.368 31.4145 24.7312
    endloop
  endfacet
  facet normal -0.0560801 0.0411131 0.997579
    outer loop
      vertex -0.489249 30.4225 24.942
      vertex -1.62387 27.4675 25
      vertex -0.394425 30.3917 24.9486
    endloop
  endfacet
  facet normal 0.00221917 0.209054 0.977902
    outer loop
      vertex -1.12076 30.8849 24.8437
      vertex -1.31173 31.227 24.771
      vertex -1.22875 31.0493 24.8088
    endloop
  endfacet
  facet normal -0.00210822 0.20712 0.978313
    outer loop
      vertex -1.22875 31.0493 24.8088
      vertex -1.31173 31.227 24.771
      vertex -1.27348 31.1367 24.7902
    endloop
  endfacet
  facet normal -0.0344037 0.0319235 0.998898
    outer loop
      vertex -0.297591 30.3675 24.9537
      vertex -1.49956 27.6234 25
      vertex -1.43173 27.6965 25
    endloop
  endfacet
  facet normal -0.0834451 0.0509986 0.995207
    outer loop
      vertex -0.670948 30.5037 24.9248
      vertex -1.73206 27.3 25
      vertex -1.68005 27.3851 25
    endloop
  endfacet
  facet normal -5.61969e-05 0.208168 0.978093
    outer loop
      vertex -0.916804 30.6707 24.8893
      vertex -1.12076 30.8849 24.8437
      vertex -1.05805 30.8088 24.8599
    endloop
  endfacet
  facet normal 0.000295576 0.208276 0.97807
    outer loop
      vertex -0.58158 30.4599 24.9341
      vertex -0.756897 30.5536 24.9142
      vertex -0.670948 30.5037 24.9248
    endloop
  endfacet
  facet normal -0.0285863 0.0293174 0.999161
    outer loop
      vertex -0.199241 30.3501 24.9574
      vertex -1.43173 27.6965 25
      vertex -1.36035 27.7661 25
    endloop
  endfacet
  facet normal 0.000276946 0.209491 0.977811
    outer loop
      vertex -0.0998745 30.3397 24.9596
      vertex -0.297591 30.3675 24.9537
      vertex -0.199241 30.3501 24.9574
    endloop
  endfacet
  facet normal 0.0593856 0.0304628 -0.99777
    outer loop
      vertex 33.1019 27.1678 0
      vertex 31.5976 27.8459 -0.0688305
      vertex 33.0564 27.2565 0
    endloop
  endfacet
  facet normal 0.062798 0.0394463 -0.997246
    outer loop
      vertex 33.0066 27.3429 0
      vertex 31.5976 27.8459 -0.0688305
      vertex 31.6944 27.8217 -0.0636921
    endloop
  endfacet
  facet normal 0.00268404 0.208573 0.978003
    outer loop
      vertex -1.31173 31.227 24.771
      vertex -1.39643 31.6079 24.69
      vertex -1.38575 31.5107 24.7107
    endloop
  endfacet
  facet normal -0.106783 0.0581211 0.992582
    outer loop
      vertex -0.838988 30.6093 24.9023
      vertex -1.77974 27.2124 25
      vertex -1.73206 27.3 25
    endloop
  endfacet
  facet normal -0.104836 0.0576027 0.99282
    outer loop
      vertex -0.838988 30.6093 24.9023
      vertex -1.73206 27.3 25
      vertex -0.756897 30.5536 24.9142
    endloop
  endfacet
  facet normal -0.166702 0.0719688 0.983377
    outer loop
      vertex -1.12076 30.8849 24.8437
      vertex -1.82301 27.1226 25
      vertex -1.05805 30.8088 24.8599
    endloop
  endfacet
  facet normal -0.148479 0.068308 0.986554
    outer loop
      vertex -1.05805 30.8088 24.8599
      vertex -1.82301 27.1226 25
      vertex -0.989949 30.7373 24.8751
    endloop
  endfacet
  facet normal 0.0693684 0.0676196 -0.995297
    outer loop
      vertex 32.7661 27.6603 0
      vertex 31.5976 27.8459 -0.0688305
      vertex 32.6965 27.7317 0
    endloop
  endfacet
  facet normal 0.0633381 0.040939 -0.997152
    outer loop
      vertex 33.0066 27.3429 0
      vertex 31.6944 27.8217 -0.0636921
      vertex 32.9525 27.4266 0
    endloop
  endfacet
  facet normal -0.0583618 0.0281216 -0.997899
    outer loop
      vertex -0.297591 27.8459 -0.0688305
      vertex -1.82301 27.1226 0
      vertex -1.77974 27.2124 0
    endloop
  endfacet
  facet normal -0.0542222 0.0197445 -0.998334
    outer loop
      vertex -0.297591 27.8459 -0.0688305
      vertex -1.89586 26.937 0
      vertex -1.86174 27.0307 0
    endloop
  endfacet
  facet normal 0.068746 0.0635863 -0.995606
    outer loop
      vertex 31.6944 27.8217 -0.0636921
      vertex 31.5976 27.8459 -0.0688305
      vertex 32.7661 27.6603 0
    endloop
  endfacet
  facet normal 0.0682676 0.0603168 -0.995842
    outer loop
      vertex 32.8321 27.5856 0
      vertex 31.6944 27.8217 -0.0636921
      vertex 32.7661 27.6603 0
    endloop
  endfacet
  facet normal 0.0222402 -0.00116292 -0.999752
    outer loop
      vertex 33.2944 -0.14946 0
      vertex 31.3999 27.8737 -0.0747414
      vertex 31.4992 27.8633 -0.0725203
    endloop
  endfacet
  facet normal 0.0340172 0.112717 -0.993045
    outer loop
      vertex 31.4992 27.8633 -0.0725203
      vertex 31.3999 27.8737 -0.0747414
      vertex 31.6944 28.4433 0
    endloop
  endfacet
  facet normal -0.0461018 0.006948 -0.998913
    outer loop
      vertex -0.297591 27.8459 -0.0688305
      vertex -1.98448 26.5487 0
      vertex -1.96962 26.6473 0
    endloop
  endfacet
  facet normal -0.0480884 0.00972596 -0.998796
    outer loop
      vertex -0.297591 27.8459 -0.0688305
      vertex -1.96962 26.6473 0
      vertex -1.94986 26.745 0
    endloop
  endfacet
  facet normal 0.0128403 0.119163 -0.992792
    outer loop
      vertex 31.4992 28.4857 0
      vertex 31.3999 27.8737 -0.0747414
      vertex 31.3999 28.4964 0
    endloop
  endfacet
  facet normal 0.0211914 0.11781 -0.99281
    outer loop
      vertex 31.5976 28.468 0
      vertex 31.3999 27.8737 -0.0747414
      vertex 31.4992 28.4857 0
    endloop
  endfacet
  facet normal -0.0688819 0.0642376 -0.995555
    outer loop
      vertex -0.394425 27.8217 -0.0636921
      vertex -1.43173 27.6965 0
      vertex -0.297591 27.8459 -0.0688305
    endloop
  endfacet
  facet normal -0.0627065 0.0391645 -0.997263
    outer loop
      vertex -0.297591 27.8459 -0.0688305
      vertex -1.68005 27.3851 0
      vertex -0.394425 27.8217 -0.0636921
    endloop
  endfacet
  facet normal -0.0293606 0.115105 -0.992919
    outer loop
      vertex -0.0998745 27.8737 -0.0747414
      vertex -0.394425 28.4433 0
      vertex -0.297591 28.468 0
    endloop
  endfacet
  facet normal -0.0128317 0.119163 -0.992792
    outer loop
      vertex -0.0998745 27.8737 -0.0747414
      vertex -0.199241 28.4857 0
      vertex -0.0998745 28.4964 0
    endloop
  endfacet
  facet normal -0.0138104 -0.00173227 -0.999903
    outer loop
      vertex -1.97766 -0.29808 0
      vertex -1.99007 -0.199142 0
      vertex -0.0998745 27.8737 -0.0747414
    endloop
  endfacet
  facet normal -0.0187278 -0.00140096 -0.999824
    outer loop
      vertex -1.99007 -0.199142 0
      vertex -1.99751 -0.0996857 0
      vertex -0.0998745 27.8737 -0.0747414
    endloop
  endfacet
  facet normal 1 -0 0
    outer loop
      vertex 0.4 0.4 25
      vertex 0.4 25.9 -0.0704871
      vertex 0.4 25.9 25
    endloop
  endfacet
  facet normal 1 0 0
    outer loop
      vertex 0.4 25.9 -0.0704871
      vertex 0.4 0.4 25
      vertex 0.4 0.4 -0.00606341
    endloop
  endfacet
  facet normal 0 -1 0
    outer loop
      vertex 0.4 25.9 -0.0704871
      vertex 30.9 25.9 25
      vertex 0.4 25.9 25
    endloop
  endfacet
  facet normal 0 -1 -0
    outer loop
      vertex 30.9 25.9 25
      vertex 0.4 25.9 -0.0704871
      vertex 30.9 25.9 -0.0704871
    endloop
  endfacet
  facet normal -1 0 0
    outer loop
      vertex 30.9 25.9 -0.0704871
      vertex 30.9 0.4 25
      vertex 30.9 25.9 25
    endloop
  endfacet
  facet normal -1 0 0
    outer loop
      vertex 30.9 0.4 -0.00606341
      vertex 30.9 0.4 25
      vertex 30.9 25.9 -0.0704871
    endloop
  endfacet
  facet normal 0 1 0
    outer loop
      vertex 15.9161 0.4 9.75232
      vertex 30.9 0.4 -0.00606341
      vertex 15.65 0.4 9.75
    endloop
  endfacet
  facet normal 0 1 0
    outer loop
      vertex 16.1822 0.4 9.75929
      vertex 30.9 0.4 -0.00606341
      vertex 15.9161 0.4 9.75232
    endloop
  endfacet
  facet normal 0 1 0
    outer loop
      vertex 16.4481 0.4 9.7709
      vertex 30.9 0.4 -0.00606341
      vertex 16.1822 0.4 9.75929
    endloop
  endfacet
  facet normal 0 1 0
    outer loop
      vertex 16.7138 0.4 9.78715
      vertex 30.9 0.4 -0.00606341
      vertex 16.4481 0.4 9.7709
    endloop
  endfacet
  facet normal 0 1 0
    outer loop
      vertex 16.9791 0.4 9.80803
      vertex 30.9 0.4 -0.00606341
      vertex 16.7138 0.4 9.78715
    endloop
  endfacet
  facet normal 0 1 0
    outer loop
      vertex 17.2441 0.4 9.83354
      vertex 30.9 0.4 -0.00606341
      vertex 16.9791 0.4 9.80803
    endloop
  endfacet
  facet normal 0 1 0
    outer loop
      vertex 17.5085 0.4 9.86367
      vertex 30.9 0.4 -0.00606341
      vertex 17.2441 0.4 9.83354
    endloop
  endfacet
  facet normal 0 1 0
    outer loop
      vertex 17.7724 0.4 9.89841
      vertex 30.9 0.4 -0.00606341
      vertex 17.5085 0.4 9.86367
    endloop
  endfacet
  facet normal 0 1 0
    outer loop
      vertex 18.0356 0.4 9.93775
      vertex 30.9 0.4 -0.00606341
      vertex 17.7724 0.4 9.89841
    endloop
  endfacet
  facet normal 0 1 0
    outer loop
      vertex 18.2981 0.4 9.98168
      vertex 30.9 0.4 -0.00606341
      vertex 18.0356 0.4 9.93775
    endloop
  endfacet
  facet normal 0 1 0
    outer loop
      vertex 18.5598 0.4 10.0302
      vertex 30.9 0.4 -0.00606341
      vertex 18.2981 0.4 9.98168
    endloop
  endfacet
  facet normal 0 1 0
    outer loop
      vertex 18.8207 0.4 10.0832
      vertex 30.9 0.4 -0.00606341
      vertex 18.5598 0.4 10.0302
    endloop
  endfacet
  facet normal 0 1 0
    outer loop
      vertex 19.0805 0.4 10.1409
      vertex 30.9 0.4 -0.00606341
      vertex 18.8207 0.4 10.0832
    endloop
  endfacet
  facet normal 0 1 0
    outer loop
      vertex 19.3393 0.4 10.203
      vertex 30.9 0.4 -0.00606341
      vertex 19.0805 0.4 10.1409
    endloop
  endfacet
  facet normal 0 1 0
    outer loop
      vertex 19.597 0.4 10.2696
      vertex 30.9 0.4 -0.00606341
      vertex 19.3393 0.4 10.203
    endloop
  endfacet
  facet normal 0 1 0
    outer loop
      vertex 19.8535 0.4 10.3408
      vertex 30.9 0.4 -0.00606341
      vertex 19.597 0.4 10.2696
    endloop
  endfacet
  facet normal 0 1 0
    outer loop
      vertex 20.1087 0.4 10.4164
      vertex 30.9 0.4 -0.00606341
      vertex 19.8535 0.4 10.3408
    endloop
  endfacet
  facet normal 0 1 0
    outer loop
      vertex 20.3625 0.4 10.4964
      vertex 30.9 0.4 -0.00606341
      vertex 20.1087 0.4 10.4164
    endloop
  endfacet
  facet normal 0 1 0
    outer loop
      vertex 20.6149 0.4 10.5808
      vertex 30.9 0.4 -0.00606341
      vertex 20.3625 0.4 10.4964
    endloop
  endfacet
  facet normal 0 1 0
    outer loop
      vertex 20.8658 0.4 10.6697
      vertex 30.9 0.4 -0.00606341
      vertex 20.6149 0.4 10.5808
    endloop
  endfacet
  facet normal 0 1 0
    outer loop
      vertex 21.1151 0.4 10.7629
      vertex 30.9 0.4 -0.00606341
      vertex 20.8658 0.4 10.6697
    endloop
  endfacet
  facet normal 0 1 0
    outer loop
      vertex 21.3628 0.4 10.8604
      vertex 30.9 0.4 -0.00606341
      vertex 21.1151 0.4 10.7629
    endloop
  endfacet
  facet normal 0 1 0
    outer loop
      vertex 21.6087 0.4 10.9623
      vertex 30.9 0.4 -0.00606341
      vertex 21.3628 0.4 10.8604
    endloop
  endfacet
  facet normal 0 1 0
    outer loop
      vertex 21.8527 0.4 11.0684
      vertex 30.9 0.4 -0.00606341
      vertex 21.6087 0.4 10.9623
    endloop
  endfacet
  facet normal 0 1 0
    outer loop
      vertex 22.0949 0.4 11.1788
      vertex 30.9 0.4 -0.00606341
      vertex 21.8527 0.4 11.0684
    endloop
  endfacet
  facet normal 0 1 0
    outer loop
      vertex 22.3352 0.4 11.2934
      vertex 30.9 0.4 -0.00606341
      vertex 22.0949 0.4 11.1788
    endloop
  endfacet
  facet normal 0 1 0
    outer loop
      vertex 22.5734 0.4 11.4122
      vertex 30.9 0.4 -0.00606341
      vertex 22.3352 0.4 11.2934
    endloop
  endfacet
  facet normal 0 1 0
    outer loop
      vertex 22.8094 0.4 11.535
      vertex 30.9 0.4 -0.00606341
      vertex 22.5734 0.4 11.4122
    endloop
  endfacet
  facet normal 0 1 0
    outer loop
      vertex 23.0433 0.4 11.6621
      vertex 30.9 0.4 -0.00606341
      vertex 22.8094 0.4 11.535
    endloop
  endfacet
  facet normal 0 1 0
    outer loop
      vertex 23.275 0.4 11.7931
      vertex 30.9 0.4 -0.00606341
      vertex 23.0433 0.4 11.6621
    endloop
  endfacet
  facet normal 0 1 0
    outer loop
      vertex 23.5043 0.4 11.9282
      vertex 30.9 0.4 -0.00606341
      vertex 23.275 0.4 11.7931
    endloop
  endfacet
  facet normal 0 1 0
    outer loop
      vertex 23.7313 0.4 12.0673
      vertex 30.9 0.4 -0.00606341
      vertex 23.5043 0.4 11.9282
    endloop
  endfacet
  facet normal 0 1 0
    outer loop
      vertex 23.9557 0.4 12.2103
      vertex 30.9 0.4 -0.00606341
      vertex 23.7313 0.4 12.0673
    endloop
  endfacet
  facet normal 0 1 0
    outer loop
      vertex 24.1777 0.4 12.3572
      vertex 30.9 0.4 -0.00606341
      vertex 23.9557 0.4 12.2103
    endloop
  endfacet
  facet normal 0 1 0
    outer loop
      vertex 24.397 0.4 12.5079
      vertex 30.9 0.4 -0.00606341
      vertex 24.1777 0.4 12.3572
    endloop
  endfacet
  facet normal 0 1 0
    outer loop
      vertex 24.6137 0.4 12.6625
      vertex 30.9 0.4 -0.00606341
      vertex 24.397 0.4 12.5079
    endloop
  endfacet
  facet normal 0 1 0
    outer loop
      vertex 24.8277 0.4 12.8208
      vertex 30.9 0.4 -0.00606341
      vertex 24.6137 0.4 12.6625
    endloop
  endfacet
  facet normal 0 1 0
    outer loop
      vertex 25.0388 0.4 12.9828
      vertex 30.9 0.4 -0.00606341
      vertex 24.8277 0.4 12.8208
    endloop
  endfacet
  facet normal 0 1 0
    outer loop
      vertex 25.2471 0.4 13.1485
      vertex 30.9 0.4 -0.00606341
      vertex 25.0388 0.4 12.9828
    endloop
  endfacet
  facet normal 0 1 0
    outer loop
      vertex 25.4525 0.4 13.3178
      vertex 30.9 0.4 -0.00606341
      vertex 25.2471 0.4 13.1485
    endloop
  endfacet
  facet normal 0 1 0
    outer loop
      vertex 25.6549 0.4 13.4907
      vertex 30.9 0.4 -0.00606341
      vertex 25.4525 0.4 13.3178
    endloop
  endfacet
  facet normal 0 1 0
    outer loop
      vertex 25.8542 0.4 13.667
      vertex 30.9 0.4 -0.00606341
      vertex 25.6549 0.4 13.4907
    endloop
  endfacet
  facet normal 0 1 0
    outer loop
      vertex 26.0505 0.4 13.8469
      vertex 30.9 0.4 -0.00606341
      vertex 25.8542 0.4 13.667
    endloop
  endfacet
  facet normal 0 1 0
    outer loop
      vertex 26.2435 0.4 14.0301
      vertex 30.9 0.4 -0.00606341
      vertex 26.0505 0.4 13.8469
    endloop
  endfacet
  facet normal 0 1 0
    outer loop
      vertex 26.4334 0.4 14.2166
      vertex 30.9 0.4 -0.00606341
      vertex 26.2435 0.4 14.0301
    endloop
  endfacet
  facet normal 0 1 0
    outer loop
      vertex 26.6199 0.4 14.4065
      vertex 30.9 0.4 -0.00606341
      vertex 26.4334 0.4 14.2166
    endloop
  endfacet
  facet normal 0 1 0
    outer loop
      vertex 26.8031 0.4 14.5995
      vertex 30.9 0.4 -0.00606341
      vertex 26.6199 0.4 14.4065
    endloop
  endfacet
  facet normal 0 1 0
    outer loop
      vertex 26.983 0.4 14.7958
      vertex 30.9 0.4 -0.00606341
      vertex 26.8031 0.4 14.5995
    endloop
  endfacet
  facet normal 0 1 0
    outer loop
      vertex 27.1593 0.4 14.9951
      vertex 30.9 0.4 -0.00606341
      vertex 26.983 0.4 14.7958
    endloop
  endfacet
  facet normal 0 1 0
    outer loop
      vertex 27.3322 0.4 15.1975
      vertex 30.9 0.4 -0.00606341
      vertex 27.1593 0.4 14.9951
    endloop
  endfacet
  facet normal 0 1 0
    outer loop
      vertex 27.5015 0.4 15.4029
      vertex 30.9 0.4 -0.00606341
      vertex 27.3322 0.4 15.1975
    endloop
  endfacet
  facet normal 0 1 0
    outer loop
      vertex 27.6672 0.4 15.6112
      vertex 30.9 0.4 -0.00606341
      vertex 27.5015 0.4 15.4029
    endloop
  endfacet
  facet normal 0 1 0
    outer loop
      vertex 27.8292 0.4 15.8223
      vertex 30.9 0.4 -0.00606341
      vertex 27.6672 0.4 15.6112
    endloop
  endfacet
  facet normal 0 1 0
    outer loop
      vertex 27.9875 0.4 16.0363
      vertex 30.9 0.4 -0.00606341
      vertex 27.8292 0.4 15.8223
    endloop
  endfacet
  facet normal 0 1 0
    outer loop
      vertex 28.1421 0.4 16.253
      vertex 30.9 0.4 -0.00606341
      vertex 27.9875 0.4 16.0363
    endloop
  endfacet
  facet normal 0 1 0
    outer loop
      vertex 28.2928 0.4 16.4723
      vertex 30.9 0.4 -0.00606341
      vertex 28.1421 0.4 16.253
    endloop
  endfacet
  facet normal 0 1 0
    outer loop
      vertex 28.4397 0.4 16.6943
      vertex 30.9 0.4 -0.00606341
      vertex 28.2928 0.4 16.4723
    endloop
  endfacet
  facet normal 0 1 0
    outer loop
      vertex 28.5827 0.4 16.9187
      vertex 30.9 0.4 -0.00606341
      vertex 28.4397 0.4 16.6943
    endloop
  endfacet
  facet normal 0 1 0
    outer loop
      vertex 28.7218 0.4 17.1457
      vertex 30.9 0.4 -0.00606341
      vertex 28.5827 0.4 16.9187
    endloop
  endfacet
  facet normal 0 1 0
    outer loop
      vertex 28.8569 0.4 17.375
      vertex 30.9 0.4 -0.00606341
      vertex 28.7218 0.4 17.1457
    endloop
  endfacet
  facet normal 0 1 0
    outer loop
      vertex 28.9879 0.4 17.6067
      vertex 30.9 0.4 -0.00606341
      vertex 28.8569 0.4 17.375
    endloop
  endfacet
  facet normal 0 1 0
    outer loop
      vertex 29.115 0.4 17.8406
      vertex 30.9 0.4 -0.00606341
      vertex 28.9879 0.4 17.6067
    endloop
  endfacet
  facet normal 0 1 0
    outer loop
      vertex 29.2378 0.4 18.0766
      vertex 30.9 0.4 -0.00606341
      vertex 29.115 0.4 17.8406
    endloop
  endfacet
  facet normal 0 1 0
    outer loop
      vertex 29.3566 0.4 18.3148
      vertex 30.9 0.4 -0.00606341
      vertex 29.2378 0.4 18.0766
    endloop
  endfacet
  facet normal 0 1 0
    outer loop
      vertex 29.4712 0.4 18.5551
      vertex 30.9 0.4 -0.00606341
      vertex 29.3566 0.4 18.3148
    endloop
  endfacet
  facet normal 0 1 0
    outer loop
      vertex 29.5816 0.4 18.7973
      vertex 30.9 0.4 -0.00606341
      vertex 29.4712 0.4 18.5551
    endloop
  endfacet
  facet normal 0 1 0
    outer loop
      vertex 29.6877 0.4 19.0414
      vertex 30.9 0.4 -0.00606341
      vertex 29.5816 0.4 18.7973
    endloop
  endfacet
  facet normal 0 1 0
    outer loop
      vertex 29.7896 0.4 19.2873
      vertex 30.9 0.4 -0.00606341
      vertex 29.6877 0.4 19.0414
    endloop
  endfacet
  facet normal 0 1 0
    outer loop
      vertex 29.8871 0.4 19.5349
      vertex 30.9 0.4 -0.00606341
      vertex 29.7896 0.4 19.2873
    endloop
  endfacet
  facet normal 0 1 0
    outer loop
      vertex 29.9803 0.4 19.7842
      vertex 30.9 0.4 -0.00606341
      vertex 29.8871 0.4 19.5349
    endloop
  endfacet
  facet normal 0 1 0
    outer loop
      vertex 30.0692 0.4 20.0351
      vertex 30.9 0.4 -0.00606341
      vertex 29.9803 0.4 19.7842
    endloop
  endfacet
  facet normal 0 1 0
    outer loop
      vertex 30.1536 0.4 20.2875
      vertex 30.9 0.4 -0.00606341
      vertex 30.0692 0.4 20.0351
    endloop
  endfacet
  facet normal 0 1 0
    outer loop
      vertex 30.2336 0.4 20.5413
      vertex 30.9 0.4 -0.00606341
      vertex 30.1536 0.4 20.2875
    endloop
  endfacet
  facet normal 0 1 0
    outer loop
      vertex 30.3092 0.4 20.7965
      vertex 30.9 0.4 -0.00606341
      vertex 30.2336 0.4 20.5413
    endloop
  endfacet
  facet normal 0 1 0
    outer loop
      vertex 30.3804 0.4 21.053
      vertex 30.9 0.4 -0.00606341
      vertex 30.3092 0.4 20.7965
    endloop
  endfacet
  facet normal 0 1 0
    outer loop
      vertex 30.447 0.4 21.3107
      vertex 30.9 0.4 -0.00606341
      vertex 30.3804 0.4 21.053
    endloop
  endfacet
  facet normal 0 1 0
    outer loop
      vertex 30.5091 0.4 21.5695
      vertex 30.9 0.4 -0.00606341
      vertex 30.447 0.4 21.3107
    endloop
  endfacet
  facet normal 0 1 0
    outer loop
      vertex 30.5668 0.4 21.8293
      vertex 30.9 0.4 -0.00606341
      vertex 30.5091 0.4 21.5695
    endloop
  endfacet
  facet normal 0 1 0
    outer loop
      vertex 30.6198 0.4 22.0902
      vertex 30.9 0.4 -0.00606341
      vertex 30.5668 0.4 21.8293
    endloop
  endfacet
  facet normal 0 1 0
    outer loop
      vertex 30.6683 0.4 22.3519
      vertex 30.9 0.4 -0.00606341
      vertex 30.6198 0.4 22.0902
    endloop
  endfacet
  facet normal 0 1 0
    outer loop
      vertex 30.7122 0.4 22.6144
      vertex 30.9 0.4 -0.00606341
      vertex 30.6683 0.4 22.3519
    endloop
  endfacet
  facet normal 0 1 0
    outer loop
      vertex 30.7516 0.4 22.8776
      vertex 30.9 0.4 -0.00606341
      vertex 30.7122 0.4 22.6144
    endloop
  endfacet
  facet normal 0 1 0
    outer loop
      vertex 30.7863 0.4 23.1415
      vertex 30.9 0.4 -0.00606341
      vertex 30.7516 0.4 22.8776
    endloop
  endfacet
  facet normal 0 1 0
    outer loop
      vertex 30.8165 0.4 23.4059
      vertex 30.9 0.4 -0.00606341
      vertex 30.7863 0.4 23.1415
    endloop
  endfacet
  facet normal 0 1 0
    outer loop
      vertex 30.842 0.4 23.6709
      vertex 30.9 0.4 -0.00606341
      vertex 30.8165 0.4 23.4059
    endloop
  endfacet
  facet normal 0 1 0
    outer loop
      vertex 30.8629 0.4 23.9362
      vertex 30.9 0.4 -0.00606341
      vertex 30.842 0.4 23.6709
    endloop
  endfacet
  facet normal 0 1 0
    outer loop
      vertex 30.8791 0.4 24.2019
      vertex 30.9 0.4 -0.00606341
      vertex 30.8629 0.4 23.9362
    endloop
  endfacet
  facet normal 0 1 0
    outer loop
      vertex 30.8907 0.4 24.4678
      vertex 30.9 0.4 -0.00606341
      vertex 30.8791 0.4 24.2019
    endloop
  endfacet
  facet normal 0 1 0
    outer loop
      vertex 30.8977 0.4 24.7339
      vertex 30.9 0.4 -0.00606341
      vertex 30.8907 0.4 24.4678
    endloop
  endfacet
  facet normal 0 1 -0
    outer loop
      vertex 30.9 0.4 -0.00606341
      vertex 30.8977 0.4 24.7339
      vertex 30.9 0.4 25
    endloop
  endfacet
  facet normal 0 1 0
    outer loop
      vertex 0.4 0.4 -0.00606341
      vertex 15.65 0.4 9.75
      vertex 30.9 0.4 -0.00606341
    endloop
  endfacet
  facet normal 0 1 0
    outer loop
      vertex 15.65 0.4 9.75
      vertex 0.4 0.4 -0.00606341
      vertex 15.3839 0.4 9.75232
    endloop
  endfacet
  facet normal 0 1 0
    outer loop
      vertex 15.3839 0.4 9.75232
      vertex 0.4 0.4 -0.00606341
      vertex 15.1178 0.4 9.75929
    endloop
  endfacet
  facet normal 0 1 0
    outer loop
      vertex 15.1178 0.4 9.75929
      vertex 0.4 0.4 -0.00606341
      vertex 14.8519 0.4 9.7709
    endloop
  endfacet
  facet normal 0 1 0
    outer loop
      vertex 14.8519 0.4 9.7709
      vertex 0.4 0.4 -0.00606341
      vertex 14.5862 0.4 9.78715
    endloop
  endfacet
  facet normal 0 1 0
    outer loop
      vertex 14.5862 0.4 9.78715
      vertex 0.4 0.4 -0.00606341
      vertex 14.3209 0.4 9.80803
    endloop
  endfacet
  facet normal 0 1 0
    outer loop
      vertex 14.3209 0.4 9.80803
      vertex 0.4 0.4 -0.00606341
      vertex 14.0559 0.4 9.83354
    endloop
  endfacet
  facet normal 0 1 0
    outer loop
      vertex 14.0559 0.4 9.83354
      vertex 0.4 0.4 -0.00606341
      vertex 13.7915 0.4 9.86367
    endloop
  endfacet
  facet normal 0 1 0
    outer loop
      vertex 13.7915 0.4 9.86367
      vertex 0.4 0.4 -0.00606341
      vertex 13.5276 0.4 9.89841
    endloop
  endfacet
  facet normal 0 1 0
    outer loop
      vertex 13.5276 0.4 9.89841
      vertex 0.4 0.4 -0.00606341
      vertex 13.2644 0.4 9.93775
    endloop
  endfacet
  facet normal 0 1 0
    outer loop
      vertex 13.2644 0.4 9.93775
      vertex 0.4 0.4 -0.00606341
      vertex 13.0019 0.4 9.98168
    endloop
  endfacet
  facet normal 0 1 0
    outer loop
      vertex 13.0019 0.4 9.98168
      vertex 0.4 0.4 -0.00606341
      vertex 12.7402 0.4 10.0302
    endloop
  endfacet
  facet normal 0 1 0
    outer loop
      vertex 12.7402 0.4 10.0302
      vertex 0.4 0.4 -0.00606341
      vertex 12.4793 0.4 10.0832
    endloop
  endfacet
  facet normal 0 1 0
    outer loop
      vertex 12.4793 0.4 10.0832
      vertex 0.4 0.4 -0.00606341
      vertex 12.2195 0.4 10.1409
    endloop
  endfacet
  facet normal 0 1 0
    outer loop
      vertex 12.2195 0.4 10.1409
      vertex 0.4 0.4 -0.00606341
      vertex 11.9607 0.4 10.203
    endloop
  endfacet
  facet normal 0 1 0
    outer loop
      vertex 11.9607 0.4 10.203
      vertex 0.4 0.4 -0.00606341
      vertex 11.703 0.4 10.2696
    endloop
  endfacet
  facet normal 0 1 0
    outer loop
      vertex 11.703 0.4 10.2696
      vertex 0.4 0.4 -0.00606341
      vertex 11.4465 0.4 10.3408
    endloop
  endfacet
  facet normal 0 1 0
    outer loop
      vertex 11.4465 0.4 10.3408
      vertex 0.4 0.4 -0.00606341
      vertex 11.1913 0.4 10.4164
    endloop
  endfacet
  facet normal 0 1 0
    outer loop
      vertex 11.1913 0.4 10.4164
      vertex 0.4 0.4 -0.00606341
      vertex 10.9375 0.4 10.4964
    endloop
  endfacet
  facet normal 0 1 0
    outer loop
      vertex 10.9375 0.4 10.4964
      vertex 0.4 0.4 -0.00606341
      vertex 10.6851 0.4 10.5808
    endloop
  endfacet
  facet normal 0 1 0
    outer loop
      vertex 10.6851 0.4 10.5808
      vertex 0.4 0.4 -0.00606341
      vertex 10.4342 0.4 10.6697
    endloop
  endfacet
  facet normal 0 1 0
    outer loop
      vertex 10.4342 0.4 10.6697
      vertex 0.4 0.4 -0.00606341
      vertex 10.1849 0.4 10.7629
    endloop
  endfacet
  facet normal 0 1 0
    outer loop
      vertex 10.1849 0.4 10.7629
      vertex 0.4 0.4 -0.00606341
      vertex 9.93725 0.4 10.8604
    endloop
  endfacet
  facet normal 0 1 0
    outer loop
      vertex 9.93725 0.4 10.8604
      vertex 0.4 0.4 -0.00606341
      vertex 9.69135 0.4 10.9623
    endloop
  endfacet
  facet normal 0 1 0
    outer loop
      vertex 9.69135 0.4 10.9623
      vertex 0.4 0.4 -0.00606341
      vertex 9.44727 0.4 11.0684
    endloop
  endfacet
  facet normal 0 1 0
    outer loop
      vertex 9.44727 0.4 11.0684
      vertex 0.4 0.4 -0.00606341
      vertex 9.20507 0.4 11.1788
    endloop
  endfacet
  facet normal 0 1 0
    outer loop
      vertex 9.20507 0.4 11.1788
      vertex 0.4 0.4 -0.00606341
      vertex 8.96484 0.4 11.2934
    endloop
  endfacet
  facet normal 0 1 0
    outer loop
      vertex 0.402323 0.4 24.7339
      vertex 0.4 0.4 -0.00606341
      vertex 0.4 0.4 25
    endloop
  endfacet
  facet normal 0 1 0
    outer loop
      vertex 0.409291 0.4 24.4678
      vertex 0.4 0.4 -0.00606341
      vertex 0.402323 0.4 24.7339
    endloop
  endfacet
  facet normal 0 1 0
    outer loop
      vertex 0.4209 0.4 24.2019
      vertex 0.4 0.4 -0.00606341
      vertex 0.409291 0.4 24.4678
    endloop
  endfacet
  facet normal 0 1 0
    outer loop
      vertex 0.437148 0.4 23.9362
      vertex 0.4 0.4 -0.00606341
      vertex 0.4209 0.4 24.2019
    endloop
  endfacet
  facet normal 0 1 0
    outer loop
      vertex 0.458031 0.4 23.6709
      vertex 0.4 0.4 -0.00606341
      vertex 0.437148 0.4 23.9362
    endloop
  endfacet
  facet normal 0 1 0
    outer loop
      vertex 0.483542 0.4 23.4059
      vertex 0.4 0.4 -0.00606341
      vertex 0.458031 0.4 23.6709
    endloop
  endfacet
  facet normal 0 1 0
    outer loop
      vertex 0.513671 0.4 23.1415
      vertex 0.4 0.4 -0.00606341
      vertex 0.483542 0.4 23.4059
    endloop
  endfacet
  facet normal 0 1 0
    outer loop
      vertex 0.548413 0.4 22.8776
      vertex 0.4 0.4 -0.00606341
      vertex 0.513671 0.4 23.1415
    endloop
  endfacet
  facet normal 0 1 0
    outer loop
      vertex 0.587754 0.4 22.6144
      vertex 0.4 0.4 -0.00606341
      vertex 0.548413 0.4 22.8776
    endloop
  endfacet
  facet normal 0 1 0
    outer loop
      vertex 0.631682 0.4 22.3519
      vertex 0.4 0.4 -0.00606341
      vertex 0.587754 0.4 22.6144
    endloop
  endfacet
  facet normal 0 1 0
    outer loop
      vertex 0.680186 0.4 22.0902
      vertex 0.4 0.4 -0.00606341
      vertex 0.631682 0.4 22.3519
    endloop
  endfacet
  facet normal 0 1 0
    outer loop
      vertex 0.733249 0.4 21.8293
      vertex 0.4 0.4 -0.00606341
      vertex 0.680186 0.4 22.0902
    endloop
  endfacet
  facet normal 0 1 0
    outer loop
      vertex 0.790857 0.4 21.5695
      vertex 0.4 0.4 -0.00606341
      vertex 0.733249 0.4 21.8293
    endloop
  endfacet
  facet normal 0 1 0
    outer loop
      vertex 0.852991 0.4 21.3107
      vertex 0.4 0.4 -0.00606341
      vertex 0.790857 0.4 21.5695
    endloop
  endfacet
  facet normal 0 1 0
    outer loop
      vertex 0.919631 0.4 21.053
      vertex 0.4 0.4 -0.00606341
      vertex 0.852991 0.4 21.3107
    endloop
  endfacet
  facet normal 0 1 0
    outer loop
      vertex 0.990759 0.4 20.7965
      vertex 0.4 0.4 -0.00606341
      vertex 0.919631 0.4 21.053
    endloop
  endfacet
  facet normal 0 1 0
    outer loop
      vertex 1.06635 0.4 20.5413
      vertex 0.4 0.4 -0.00606341
      vertex 0.990759 0.4 20.7965
    endloop
  endfacet
  facet normal 0 1 0
    outer loop
      vertex 1.14639 0.4 20.2875
      vertex 0.4 0.4 -0.00606341
      vertex 1.06635 0.4 20.5413
    endloop
  endfacet
  facet normal 0 1 0
    outer loop
      vertex 1.23084 0.4 20.0351
      vertex 0.4 0.4 -0.00606341
      vertex 1.14639 0.4 20.2875
    endloop
  endfacet
  facet normal 0 1 0
    outer loop
      vertex 1.31969 0.4 19.7842
      vertex 0.4 0.4 -0.00606341
      vertex 1.23084 0.4 20.0351
    endloop
  endfacet
  facet normal 0 1 0
    outer loop
      vertex 1.4129 0.4 19.5349
      vertex 0.4 0.4 -0.00606341
      vertex 1.31969 0.4 19.7842
    endloop
  endfacet
  facet normal 0 1 0
    outer loop
      vertex 1.51045 0.4 19.2873
      vertex 0.4 0.4 -0.00606341
      vertex 1.4129 0.4 19.5349
    endloop
  endfacet
  facet normal 0 1 0
    outer loop
      vertex 1.6123 0.4 19.0414
      vertex 0.4 0.4 -0.00606341
      vertex 1.51045 0.4 19.2873
    endloop
  endfacet
  facet normal 0 1 0
    outer loop
      vertex 1.71843 0.4 18.7973
      vertex 0.4 0.4 -0.00606341
      vertex 1.6123 0.4 19.0414
    endloop
  endfacet
  facet normal 0 1 0
    outer loop
      vertex 1.82881 0.4 18.5551
      vertex 0.4 0.4 -0.00606341
      vertex 1.71843 0.4 18.7973
    endloop
  endfacet
  facet normal 0 1 0
    outer loop
      vertex 1.94339 0.4 18.3148
      vertex 0.4 0.4 -0.00606341
      vertex 1.82881 0.4 18.5551
    endloop
  endfacet
  facet normal 0 1 0
    outer loop
      vertex 2.06215 0.4 18.0766
      vertex 0.4 0.4 -0.00606341
      vertex 1.94339 0.4 18.3148
    endloop
  endfacet
  facet normal 0 1 0
    outer loop
      vertex 2.18505 0.4 17.8406
      vertex 0.4 0.4 -0.00606341
      vertex 2.06215 0.4 18.0766
    endloop
  endfacet
  facet normal 0 1 0
    outer loop
      vertex 2.31205 0.4 17.6067
      vertex 0.4 0.4 -0.00606341
      vertex 2.18505 0.4 17.8406
    endloop
  endfacet
  facet normal 0 1 0
    outer loop
      vertex 2.44311 0.4 17.375
      vertex 0.4 0.4 -0.00606341
      vertex 2.31205 0.4 17.6067
    endloop
  endfacet
  facet normal 0 1 0
    outer loop
      vertex 2.5782 0.4 17.1457
      vertex 0.4 0.4 -0.00606341
      vertex 2.44311 0.4 17.375
    endloop
  endfacet
  facet normal 0 1 0
    outer loop
      vertex 2.71727 0.4 16.9187
      vertex 0.4 0.4 -0.00606341
      vertex 2.5782 0.4 17.1457
    endloop
  endfacet
  facet normal 0 1 0
    outer loop
      vertex 2.86027 0.4 16.6943
      vertex 0.4 0.4 -0.00606341
      vertex 2.71727 0.4 16.9187
    endloop
  endfacet
  facet normal 0 1 0
    outer loop
      vertex 3.00718 0.4 16.4723
      vertex 0.4 0.4 -0.00606341
      vertex 2.86027 0.4 16.6943
    endloop
  endfacet
  facet normal 0 1 0
    outer loop
      vertex 3.15793 0.4 16.253
      vertex 0.4 0.4 -0.00606341
      vertex 3.00718 0.4 16.4723
    endloop
  endfacet
  facet normal 0 1 0
    outer loop
      vertex 3.31249 0.4 16.0363
      vertex 0.4 0.4 -0.00606341
      vertex 3.15793 0.4 16.253
    endloop
  endfacet
  facet normal 0 1 0
    outer loop
      vertex 3.47081 0.4 15.8223
      vertex 0.4 0.4 -0.00606341
      vertex 3.31249 0.4 16.0363
    endloop
  endfacet
  facet normal 0 1 0
    outer loop
      vertex 3.63284 0.4 15.6112
      vertex 0.4 0.4 -0.00606341
      vertex 3.47081 0.4 15.8223
    endloop
  endfacet
  facet normal 0 1 0
    outer loop
      vertex 3.79852 0.4 15.4029
      vertex 0.4 0.4 -0.00606341
      vertex 3.63284 0.4 15.6112
    endloop
  endfacet
  facet normal 0 1 0
    outer loop
      vertex 3.96782 0.4 15.1975
      vertex 0.4 0.4 -0.00606341
      vertex 3.79852 0.4 15.4029
    endloop
  endfacet
  facet normal 0 1 0
    outer loop
      vertex 4.14068 0.4 14.9951
      vertex 0.4 0.4 -0.00606341
      vertex 3.96782 0.4 15.1975
    endloop
  endfacet
  facet normal 0 1 0
    outer loop
      vertex 4.31704 0.4 14.7958
      vertex 0.4 0.4 -0.00606341
      vertex 4.14068 0.4 14.9951
    endloop
  endfacet
  facet normal 0 1 0
    outer loop
      vertex 4.49686 0.4 14.5995
      vertex 0.4 0.4 -0.00606341
      vertex 4.31704 0.4 14.7958
    endloop
  endfacet
  facet normal 0 1 0
    outer loop
      vertex 4.68007 0.4 14.4065
      vertex 0.4 0.4 -0.00606341
      vertex 4.49686 0.4 14.5995
    endloop
  endfacet
  facet normal 0 1 0
    outer loop
      vertex 4.86662 0.4 14.2166
      vertex 0.4 0.4 -0.00606341
      vertex 4.68007 0.4 14.4065
    endloop
  endfacet
  facet normal 0 1 0
    outer loop
      vertex 5.05646 0.4 14.0301
      vertex 0.4 0.4 -0.00606341
      vertex 4.86662 0.4 14.2166
    endloop
  endfacet
  facet normal 0 1 0
    outer loop
      vertex 5.24953 0.4 13.8469
      vertex 0.4 0.4 -0.00606341
      vertex 5.05646 0.4 14.0301
    endloop
  endfacet
  facet normal 0 1 0
    outer loop
      vertex 5.44576 0.4 13.667
      vertex 0.4 0.4 -0.00606341
      vertex 5.24953 0.4 13.8469
    endloop
  endfacet
  facet normal 0 1 0
    outer loop
      vertex 5.6451 0.4 13.4907
      vertex 0.4 0.4 -0.00606341
      vertex 5.44576 0.4 13.667
    endloop
  endfacet
  facet normal 0 1 0
    outer loop
      vertex 5.84749 0.4 13.3178
      vertex 0.4 0.4 -0.00606341
      vertex 5.6451 0.4 13.4907
    endloop
  endfacet
  facet normal 0 1 0
    outer loop
      vertex 6.05286 0.4 13.1485
      vertex 0.4 0.4 -0.00606341
      vertex 5.84749 0.4 13.3178
    endloop
  endfacet
  facet normal 0 1 0
    outer loop
      vertex 6.26116 0.4 12.9828
      vertex 0.4 0.4 -0.00606341
      vertex 6.05286 0.4 13.1485
    endloop
  endfacet
  facet normal 0 1 0
    outer loop
      vertex 6.47232 0.4 12.8208
      vertex 0.4 0.4 -0.00606341
      vertex 6.26116 0.4 12.9828
    endloop
  endfacet
  facet normal 0 1 0
    outer loop
      vertex 6.68628 0.4 12.6625
      vertex 0.4 0.4 -0.00606341
      vertex 6.47232 0.4 12.8208
    endloop
  endfacet
  facet normal 0 1 0
    outer loop
      vertex 6.90296 0.4 12.5079
      vertex 0.4 0.4 -0.00606341
      vertex 6.68628 0.4 12.6625
    endloop
  endfacet
  facet normal 0 1 0
    outer loop
      vertex 7.12231 0.4 12.3572
      vertex 0.4 0.4 -0.00606341
      vertex 6.90296 0.4 12.5079
    endloop
  endfacet
  facet normal 0 1 0
    outer loop
      vertex 7.34425 0.4 12.2103
      vertex 0.4 0.4 -0.00606341
      vertex 7.12231 0.4 12.3572
    endloop
  endfacet
  facet normal 0 1 0
    outer loop
      vertex 7.56873 0.4 12.0673
      vertex 0.4 0.4 -0.00606341
      vertex 7.34425 0.4 12.2103
    endloop
  endfacet
  facet normal 0 1 0
    outer loop
      vertex 7.79567 0.4 11.9282
      vertex 0.4 0.4 -0.00606341
      vertex 7.56873 0.4 12.0673
    endloop
  endfacet
  facet normal 0 1 0
    outer loop
      vertex 8.025 0.4 11.7931
      vertex 0.4 0.4 -0.00606341
      vertex 7.79567 0.4 11.9282
    endloop
  endfacet
  facet normal 0 1 0
    outer loop
      vertex 8.25665 0.4 11.6621
      vertex 0.4 0.4 -0.00606341
      vertex 8.025 0.4 11.7931
    endloop
  endfacet
  facet normal 0 1 0
    outer loop
      vertex 8.49056 0.4 11.535
      vertex 0.4 0.4 -0.00606341
      vertex 8.25665 0.4 11.6621
    endloop
  endfacet
  facet normal 0 1 0
    outer loop
      vertex 8.72664 0.4 11.4122
      vertex 0.4 0.4 -0.00606341
      vertex 8.49056 0.4 11.535
    endloop
  endfacet
  facet normal 0 1 0
    outer loop
      vertex 8.96484 0.4 11.2934
      vertex 0.4 0.4 -0.00606341
      vertex 8.72664 0.4 11.4122
    endloop
  endfacet
  facet normal 0.999654 -0 0.0262968
    outer loop
      vertex 30.8907 -2 25.5322
      vertex 30.8977 0.4 25.2661
      vertex 30.8907 0.4 25.5322
    endloop
  endfacet
  facet normal 0.999654 0 0.0262968
    outer loop
      vertex 30.8977 0.4 25.2661
      vertex 30.8907 -2 25.5322
      vertex 30.8977 -2 25.2661
    endloop
  endfacet
  facet normal 0.999963 -0 0.00864304
    outer loop
      vertex 30.8977 -2 25.2661
      vertex 30.9 0.4 25
      vertex 30.8977 0.4 25.2661
    endloop
  endfacet
  facet normal 0.999963 0 0.00864304
    outer loop
      vertex 30.9 0.4 25
      vertex 30.8977 -2 25.2661
      vertex 30.9 -2 25
    endloop
  endfacet
  facet normal 0.99905 -0 0.043584
    outer loop
      vertex 30.8791 -2 25.7981
      vertex 30.8907 0.4 25.5322
      vertex 30.8791 0.4 25.7981
    endloop
  endfacet
  facet normal 0.99905 0 0.043584
    outer loop
      vertex 30.8907 0.4 25.5322
      vertex 30.8791 -2 25.7981
      vertex 30.8907 -2 25.5322
    endloop
  endfacet
  facet normal -0.095784 0 0.995402
    outer loop
      vertex 14.0559 0.4 40.1665
      vertex 14.3209 -2 40.192
      vertex 14.3209 0.4 40.192
    endloop
  endfacet
  facet normal -0.095784 0 0.995402
    outer loop
      vertex 14.3209 -2 40.192
      vertex 14.0559 0.4 40.1665
      vertex 14.0559 -2 40.1665
    endloop
  endfacet
  facet normal 0.991466 -0 0.130367
    outer loop
      vertex 30.7516 -2 27.1224
      vertex 30.7863 0.4 26.8585
      vertex 30.7516 0.4 27.1224
    endloop
  endfacet
  facet normal 0.991466 0 0.130367
    outer loop
      vertex 30.7863 0.4 26.8585
      vertex 30.7516 -2 27.1224
      vertex 30.7863 -2 26.8585
    endloop
  endfacet
  facet normal -0.999962 0 0.00872947
    outer loop
      vertex 0.4 -2 25
      vertex 0.402323 0.4 25.2661
      vertex 0.4 0.4 25
    endloop
  endfacet
  facet normal -0.999962 0 0.00872947
    outer loop
      vertex 0.402323 0.4 25.2661
      vertex 0.4 -2 25
      vertex 0.402323 -2 25.2661
    endloop
  endfacet
  facet normal 0.649522 0 0.760343
    outer loop
      vertex 25.4525 0.4 36.6822
      vertex 25.6549 -2 36.5093
      vertex 25.6549 0.4 36.5093
    endloop
  endfacet
  facet normal 0.649522 0 0.760343
    outer loop
      vertex 25.6549 -2 36.5093
      vertex 25.4525 0.4 36.6822
      vertex 25.4525 -2 36.6822
    endloop
  endfacet
  facet normal -0.267469 0 0.963566
    outer loop
      vertex 11.4465 0.4 39.6592
      vertex 11.703 -2 39.7304
      vertex 11.703 0.4 39.7304
    endloop
  endfacet
  facet normal -0.267469 0 0.963566
    outer loop
      vertex 11.703 -2 39.7304
      vertex 11.4465 0.4 39.6592
      vertex 11.4465 -2 39.6592
    endloop
  endfacet
  facet normal -0.522583 0 0.852588
    outer loop
      vertex 7.56873 0.4 37.9327
      vertex 7.79567 -2 38.0718
      vertex 7.79567 0.4 38.0718
    endloop
  endfacet
  facet normal -0.522583 0 0.852588
    outer loop
      vertex 7.79567 -2 38.0718
      vertex 7.56873 0.4 37.9327
      vertex 7.56873 -2 37.9327
    endloop
  endfacet
  facet normal 0.998146 -0 0.060858
    outer loop
      vertex 30.8629 -2 26.0638
      vertex 30.8791 0.4 25.7981
      vertex 30.8629 0.4 26.0638
    endloop
  endfacet
  facet normal 0.998146 0 0.060858
    outer loop
      vertex 30.8791 0.4 25.7981
      vertex 30.8629 -2 26.0638
      vertex 30.8791 -2 25.7981
    endloop
  endfacet
  facet normal -0.333979 0 0.94258
    outer loop
      vertex 10.4342 0.4 39.3303
      vertex 10.6851 -2 39.4192
      vertex 10.6851 0.4 39.4192
    endloop
  endfacet
  facet normal -0.333979 0 0.94258
    outer loop
      vertex 10.6851 -2 39.4192
      vertex 10.4342 0.4 39.3303
      vertex 10.4342 -2 39.3303
    endloop
  endfacet
  facet normal -0.580812 0 0.814038
    outer loop
      vertex 6.68628 0.4 37.3375
      vertex 6.90296 -2 37.4921
      vertex 6.90296 0.4 37.4921
    endloop
  endfacet
  facet normal -0.580812 0 0.814038
    outer loop
      vertex 6.90296 -2 37.4921
      vertex 6.68628 0.4 37.3375
      vertex 6.68628 -2 37.3375
    endloop
  endfacet
  facet normal 0.060858 0 0.998146
    outer loop
      vertex 16.4481 0.4 40.2291
      vertex 16.7138 -2 40.2129
      vertex 16.7138 0.4 40.2129
    endloop
  endfacet
  facet normal 0.060858 0 0.998146
    outer loop
      vertex 16.7138 -2 40.2129
      vertex 16.4481 0.4 40.2291
      vertex 16.4481 -2 40.2291
    endloop
  endfacet
  facet normal -0.430561 0 0.902562
    outer loop
      vertex 8.96484 0.4 38.7066
      vertex 9.20507 -2 38.8212
      vertex 9.20507 0.4 38.8212
    endloop
  endfacet
  facet normal -0.430561 0 0.902562
    outer loop
      vertex 9.20507 -2 38.8212
      vertex 8.96484 0.4 38.7066
      vertex 8.96484 -2 38.7066
    endloop
  endfacet
  facet normal 0.749004 -0 0.662566
    outer loop
      vertex 26.983 -2 35.2042
      vertex 27.1593 0.4 35.0049
      vertex 26.983 0.4 35.2042
    endloop
  endfacet
  facet normal 0.749004 0 0.662566
    outer loop
      vertex 27.1593 0.4 35.0049
      vertex 26.983 -2 35.2042
      vertex 27.1593 -2 35.0049
    endloop
  endfacet
  facet normal 0.833953 -0 0.551836
    outer loop
      vertex 28.2928 -2 33.5277
      vertex 28.4397 0.4 33.3057
      vertex 28.2928 0.4 33.5277
    endloop
  endfacet
  facet normal 0.833953 0 0.551836
    outer loop
      vertex 28.4397 0.4 33.3057
      vertex 28.2928 -2 33.5277
      vertex 28.4397 -2 33.3057
    endloop
  endfacet
  facet normal 0.930459 -0 0.366396
    outer loop
      vertex 29.7896 -2 30.7127
      vertex 29.8871 0.4 30.4651
      vertex 29.7896 0.4 30.7127
    endloop
  endfacet
  facet normal 0.930459 0 0.366396
    outer loop
      vertex 29.8871 0.4 30.4651
      vertex 29.7896 -2 30.7127
      vertex 29.8871 -2 30.4651
    endloop
  endfacet
  facet normal 0.522483 0 0.85265
    outer loop
      vertex 23.5043 0.4 38.0718
      vertex 23.7313 -2 37.9327
      vertex 23.7313 0.4 37.9327
    endloop
  endfacet
  facet normal 0.522483 0 0.85265
    outer loop
      vertex 23.7313 -2 37.9327
      vertex 23.5043 0.4 38.0718
      vertex 23.5043 -2 38.0718
    endloop
  endfacet
  facet normal -0.317129 0 0.948382
    outer loop
      vertex 10.6851 0.4 39.4192
      vertex 10.9375 -2 39.5036
      vertex 10.9375 0.4 39.5036
    endloop
  endfacet
  facet normal -0.317129 0 0.948382
    outer loop
      vertex 10.9375 -2 39.5036
      vertex 10.6851 0.4 39.4192
      vertex 10.6851 -2 39.4192
    endloop
  endfacet
  facet normal 0.636036 0 0.771659
    outer loop
      vertex 25.2471 0.4 36.8515
      vertex 25.4525 -2 36.6822
      vertex 25.4525 0.4 36.6822
    endloop
  endfacet
  facet normal 0.636036 0 0.771659
    outer loop
      vertex 25.4525 -2 36.6822
      vertex 25.2471 0.4 36.8515
      vertex 25.2471 -2 36.8515
    endloop
  endfacet
  facet normal -0.99357 0 0.11322
    outer loop
      vertex 0.483542 -2 26.5941
      vertex 0.513671 0.4 26.8585
      vertex 0.483542 0.4 26.5941
    endloop
  endfacet
  facet normal -0.99357 0 0.11322
    outer loop
      vertex 0.513671 0.4 26.8585
      vertex 0.483542 -2 26.5941
      vertex 0.513671 -2 26.8585
    endloop
  endfacet
  facet normal -0.963636 0 0.267218
    outer loop
      vertex 0.919631 -2 28.947
      vertex 0.990759 0.4 29.2035
      vertex 0.919631 0.4 28.947
    endloop
  endfacet
  facet normal -0.963636 0 0.267218
    outer loop
      vertex 0.990759 0.4 29.2035
      vertex 0.919631 -2 28.947
      vertex 0.990759 -2 29.2035
    endloop
  endfacet
  facet normal 0.99354 -0 0.113483
    outer loop
      vertex 30.7863 -2 26.8585
      vertex 30.8165 0.4 26.5941
      vertex 30.7863 0.4 26.8585
    endloop
  endfacet
  facet normal 0.99354 0 0.113483
    outer loop
      vertex 30.8165 0.4 26.5941
      vertex 30.7863 -2 26.8585
      vertex 30.8165 -2 26.5941
    endloop
  endfacet
  facet normal 0.887094 -0 0.461589
    outer loop
      vertex 29.115 -2 32.1594
      vertex 29.2378 0.4 31.9234
      vertex 29.115 0.4 32.1594
    endloop
  endfacet
  facet normal 0.887094 0 0.461589
    outer loop
      vertex 29.2378 0.4 31.9234
      vertex 29.115 -2 32.1594
      vertex 29.2378 -2 31.9234
    endloop
  endfacet
  facet normal -0.216811 0 0.976214
    outer loop
      vertex 12.2195 0.4 39.8591
      vertex 12.4793 -2 39.9168
      vertex 12.4793 0.4 39.9168
    endloop
  endfacet
  facet normal -0.216811 0 0.976214
    outer loop
      vertex 12.4793 -2 39.9168
      vertex 12.2195 0.4 39.8591
      vertex 12.2195 -2 39.8591
    endloop
  endfacet
  facet normal -0.113483 0 0.99354
    outer loop
      vertex 13.7915 0.4 40.1363
      vertex 14.0559 -2 40.1665
      vertex 14.0559 0.4 40.1665
    endloop
  endfacet
  facet normal -0.113483 0 0.99354
    outer loop
      vertex 14.0559 -2 40.1665
      vertex 13.7915 0.4 40.1363
      vertex 13.7915 -2 40.1363
    endloop
  endfacet
  facet normal 0.284037 0 0.958813
    outer loop
      vertex 19.8535 0.4 39.6592
      vertex 20.1087 -2 39.5836
      vertex 20.1087 0.4 39.5836
    endloop
  endfacet
  facet normal 0.284037 0 0.958813
    outer loop
      vertex 20.1087 -2 39.5836
      vertex 19.8535 0.4 39.6592
      vertex 19.8535 -2 39.6592
    endloop
  endfacet
  facet normal 0.963566 -0 0.267469
    outer loop
      vertex 30.3092 -2 29.2035
      vertex 30.3804 0.4 28.947
      vertex 30.3092 0.4 29.2035
    endloop
  endfacet
  facet normal 0.963566 0 0.267469
    outer loop
      vertex 30.3804 0.4 28.947
      vertex 30.3092 -2 29.2035
      vertex 30.3804 -2 28.947
    endloop
  endfacet
  facet normal -0.461466 0 0.887158
    outer loop
      vertex 8.49056 0.4 38.465
      vertex 8.72664 -2 38.5878
      vertex 8.72664 0.4 38.5878
    endloop
  endfacet
  facet normal -0.461466 0 0.887158
    outer loop
      vertex 8.72664 -2 38.5878
      vertex 8.49056 0.4 38.465
      vertex 8.49056 -2 38.465
    endloop
  endfacet
  facet normal 0.350176 0 0.936684
    outer loop
      vertex 20.8658 0.4 39.3303
      vertex 21.1151 -2 39.2371
      vertex 21.1151 0.4 39.2371
    endloop
  endfacet
  facet normal 0.350176 0 0.936684
    outer loop
      vertex 21.1151 -2 39.2371
      vertex 20.8658 0.4 39.3303
      vertex 20.8658 -2 39.3303
    endloop
  endfacet
  facet normal -0.968153 0 0.25036
    outer loop
      vertex 0.852991 -2 28.6893
      vertex 0.919631 0.4 28.947
      vertex 0.852991 0.4 28.6893
    endloop
  endfacet
  facet normal -0.968153 0 0.25036
    outer loop
      vertex 0.919631 0.4 28.947
      vertex 0.852991 -2 28.6893
      vertex 0.919631 -2 28.947
    endloop
  endfacet
  facet normal 0.824163 -0 0.566353
    outer loop
      vertex 28.1421 -2 33.747
      vertex 28.2928 0.4 33.5277
      vertex 28.1421 0.4 33.747
    endloop
  endfacet
  facet normal 0.824163 0 0.566353
    outer loop
      vertex 28.2928 0.4 33.5277
      vertex 28.1421 -2 33.747
      vertex 28.2928 -2 33.5277
    endloop
  endfacet
  facet normal 0.688453 0 0.725281
    outer loop
      vertex 26.0505 0.4 36.1531
      vertex 26.2435 -2 35.9699
      vertex 26.2435 0.4 35.9699
    endloop
  endfacet
  facet normal 0.688453 0 0.725281
    outer loop
      vertex 26.2435 -2 35.9699
      vertex 26.0505 0.4 36.1531
      vertex 26.0505 -2 36.1531
    endloop
  endfacet
  facet normal -0.622539 0 0.782589
    outer loop
      vertex 6.05286 0.4 36.8515
      vertex 6.26116 -2 37.0172
      vertex 6.26116 0.4 37.0172
    endloop
  endfacet
  facet normal -0.622539 0 0.782589
    outer loop
      vertex 6.26116 -2 37.0172
      vertex 6.05286 0.4 36.8515
      vertex 6.05286 -2 36.8515
    endloop
  endfacet
  facet normal -0.662491 0 0.74907
    outer loop
      vertex 5.44576 0.4 36.333
      vertex 5.6451 -2 36.5093
      vertex 5.6451 0.4 36.5093
    endloop
  endfacet
  facet normal -0.662491 0 0.74907
    outer loop
      vertex 5.6451 -2 36.5093
      vertex 5.44576 0.4 36.333
      vertex 5.44576 -2 36.333
    endloop
  endfacet
  facet normal -0.414765 0 0.909929
    outer loop
      vertex 9.20507 0.4 38.8212
      vertex 9.44727 -2 38.9316
      vertex 9.44727 0.4 38.9316
    endloop
  endfacet
  facet normal -0.414765 0 0.909929
    outer loop
      vertex 9.44727 -2 38.9316
      vertex 9.20507 0.4 38.8212
      vertex 9.20507 -2 38.8212
    endloop
  endfacet
  facet normal 0.986302 -0 0.164947
    outer loop
      vertex 30.6683 -2 27.6481
      vertex 30.7122 0.4 27.3856
      vertex 30.6683 0.4 27.6481
    endloop
  endfacet
  facet normal 0.986302 0 0.164947
    outer loop
      vertex 30.7122 0.4 27.3856
      vertex 30.6683 -2 27.6481
      vertex 30.7122 -2 27.3856
    endloop
  endfacet
  facet normal 0.700691 0 0.713465
    outer loop
      vertex 26.2435 0.4 35.9699
      vertex 26.4334 -2 35.7834
      vertex 26.4334 0.4 35.7834
    endloop
  endfacet
  facet normal 0.700691 0 0.713465
    outer loop
      vertex 26.4334 -2 35.7834
      vertex 26.2435 0.4 35.9699
      vertex 26.2435 -2 35.9699
    endloop
  endfacet
  facet normal 0.996911 -0 0.0785354
    outer loop
      vertex 30.842 -2 26.3291
      vertex 30.8629 0.4 26.0638
      vertex 30.842 0.4 26.3291
    endloop
  endfacet
  facet normal 0.996911 0 0.0785354
    outer loop
      vertex 30.8629 0.4 26.0638
      vertex 30.842 -2 26.3291
      vertex 30.8629 -2 26.0638
    endloop
  endfacet
  facet normal 0.80395 -0 0.594697
    outer loop
      vertex 27.8292 -2 34.1777
      vertex 27.9875 0.4 33.9637
      vertex 27.8292 0.4 34.1777
    endloop
  endfacet
  facet normal 0.80395 0 0.594697
    outer loop
      vertex 27.9875 0.4 33.9637
      vertex 27.8292 -2 34.1777
      vertex 27.9875 -2 33.9637
    endloop
  endfacet
  facet normal 0.878655 -0 0.477457
    outer loop
      vertex 28.9879 -2 32.3933
      vertex 29.115 0.4 32.1594
      vertex 28.9879 0.4 32.3933
    endloop
  endfacet
  facet normal 0.878655 0 0.477457
    outer loop
      vertex 29.115 0.4 32.1594
      vertex 28.9879 -2 32.3933
      vertex 29.115 -2 32.1594
    endloop
  endfacet
  facet normal -0.148046 0 0.98898
    outer loop
      vertex 13.2644 0.4 40.0622
      vertex 13.5276 -2 40.1016
      vertex 13.5276 0.4 40.1016
    endloop
  endfacet
  facet normal -0.148046 0 0.98898
    outer loop
      vertex 13.5276 -2 40.1016
      vertex 13.2644 0.4 40.0622
      vertex 13.2644 -2 40.0622
    endloop
  endfacet
  facet normal 0.199077 0 0.979984
    outer loop
      vertex 18.5598 0.4 39.9698
      vertex 18.8207 -2 39.9168
      vertex 18.8207 0.4 39.9168
    endloop
  endfacet
  facet normal 0.199077 0 0.979984
    outer loop
      vertex 18.8207 -2 39.9168
      vertex 18.5598 0.4 39.9698
      vertex 18.5598 -2 39.9698
    endloop
  endfacet
  facet normal 0.507628 0 0.861577
    outer loop
      vertex 23.275 0.4 38.2069
      vertex 23.5043 -2 38.0718
      vertex 23.5043 0.4 38.0718
    endloop
  endfacet
  facet normal 0.507628 0 0.861577
    outer loop
      vertex 23.5043 -2 38.0718
      vertex 23.275 0.4 38.2069
      vertex 23.275 -2 38.2069
    endloop
  endfacet
  facet normal 0.492453 0 0.870339
    outer loop
      vertex 23.0433 0.4 38.338
      vertex 23.275 -2 38.2069
      vertex 23.275 0.4 38.2069
    endloop
  endfacet
  facet normal 0.492453 0 0.870339
    outer loop
      vertex 23.275 -2 38.2069
      vertex 23.0433 0.4 38.338
      vertex 23.0433 -2 38.338
    endloop
  endfacet
  facet normal 0.793322 -0 0.608802
    outer loop
      vertex 27.6672 -2 34.3888
      vertex 27.8292 0.4 34.1777
      vertex 27.6672 0.4 34.3888
    endloop
  endfacet
  facet normal 0.793322 0 0.608802
    outer loop
      vertex 27.8292 0.4 34.1777
      vertex 27.6672 -2 34.3888
      vertex 27.8292 -2 34.1777
    endloop
  endfacet
  facet normal -0.537274 0 0.843408
    outer loop
      vertex 7.34425 0.4 37.7897
      vertex 7.56873 -2 37.9327
      vertex 7.56873 0.4 37.9327
    endloop
  endfacet
  facet normal -0.537274 0 0.843408
    outer loop
      vertex 7.56873 -2 37.9327
      vertex 7.34425 0.4 37.7897
      vertex 7.34425 -2 37.7897
    endloop
  endfacet
  facet normal 0.737232 -0 0.67564
    outer loop
      vertex 26.8031 -2 35.4005
      vertex 26.983 0.4 35.2042
      vertex 26.8031 0.4 35.4005
    endloop
  endfacet
  facet normal 0.737232 0 0.67564
    outer loop
      vertex 26.983 0.4 35.2042
      vertex 26.8031 -2 35.4005
      vertex 26.983 -2 35.2042
    endloop
  endfacet
  facet normal -0.909957 0 0.414703
    outer loop
      vertex 1.71843 -2 31.2027
      vertex 1.82881 0.4 31.4449
      vertex 1.71843 0.4 31.2027
    endloop
  endfacet
  facet normal -0.909957 0 0.414703
    outer loop
      vertex 1.82881 0.4 31.4449
      vertex 1.71843 -2 31.2027
      vertex 1.82881 -2 31.4449
    endloop
  endfacet
  facet normal -0.00864304 0 0.999963
    outer loop
      vertex 15.3839 0.4 40.2477
      vertex 15.65 -2 40.25
      vertex 15.65 0.4 40.25
    endloop
  endfacet
  facet normal -0.00864304 0 0.999963
    outer loop
      vertex 15.65 -2 40.25
      vertex 15.3839 0.4 40.2477
      vertex 15.3839 -2 40.2477
    endloop
  endfacet
  facet normal 0.979984 -0 0.199077
    outer loop
      vertex 30.5668 -2 28.1707
      vertex 30.6198 0.4 27.9098
      vertex 30.5668 0.4 28.1707
    endloop
  endfacet
  facet normal 0.979984 0 0.199077
    outer loop
      vertex 30.6198 0.4 27.9098
      vertex 30.5668 -2 28.1707
      vertex 30.6198 -2 27.9098
    endloop
  endfacet
  facet normal 0.90261 -0 0.430458
    outer loop
      vertex 29.3566 -2 31.6852
      vertex 29.4712 0.4 31.4449
      vertex 29.3566 0.4 31.6852
    endloop
  endfacet
  facet normal 0.90261 0 0.430458
    outer loop
      vertex 29.4712 0.4 31.4449
      vertex 29.3566 -2 31.6852
      vertex 29.4712 -2 31.4449
    endloop
  endfacet
  facet normal 0.333979 0 0.94258
    outer loop
      vertex 20.6149 0.4 39.4192
      vertex 20.8658 -2 39.3303
      vertex 20.8658 0.4 39.3303
    endloop
  endfacet
  facet normal 0.333979 0 0.94258
    outer loop
      vertex 20.8658 -2 39.3303
      vertex 20.6149 0.4 39.4192
      vertex 20.6149 -2 39.4192
    endloop
  endfacet
  facet normal -0.55194 0 0.833884
    outer loop
      vertex 7.12231 0.4 37.6428
      vertex 7.34425 -2 37.7897
      vertex 7.34425 0.4 37.7897
    endloop
  endfacet
  facet normal -0.55194 0 0.833884
    outer loop
      vertex 7.34425 -2 37.7897
      vertex 7.12231 0.4 37.6428
      vertex 7.12231 -2 37.6428
    endloop
  endfacet
  facet normal -0.983254 0 0.182238
    outer loop
      vertex 0.631682 -2 27.6481
      vertex 0.680186 0.4 27.9098
      vertex 0.631682 0.4 27.6481
    endloop
  endfacet
  facet normal -0.983254 0 0.182238
    outer loop
      vertex 0.680186 0.4 27.9098
      vertex 0.631682 -2 27.6481
      vertex 0.680186 -2 27.9098
    endloop
  endfacet
  facet normal -0.0785354 0 0.996911
    outer loop
      vertex 14.3209 0.4 40.192
      vertex 14.5862 -2 40.2129
      vertex 14.5862 0.4 40.2129
    endloop
  endfacet
  facet normal -0.0785354 0 0.996911
    outer loop
      vertex 14.5862 -2 40.2129
      vertex 14.3209 0.4 40.192
      vertex 14.3209 -2 40.192
    endloop
  endfacet
  facet normal 0.662566 0 0.749004
    outer loop
      vertex 25.6549 0.4 36.5093
      vertex 25.8542 -2 36.333
      vertex 25.8542 0.4 36.333
    endloop
  endfacet
  facet normal 0.662566 0 0.749004
    outer loop
      vertex 25.8542 -2 36.333
      vertex 25.6549 0.4 36.5093
      vertex 25.6549 -2 36.5093
    endloop
  endfacet
  facet normal 0.976214 -0 0.216811
    outer loop
      vertex 30.5091 -2 28.4305
      vertex 30.5668 0.4 28.1707
      vertex 30.5091 0.4 28.4305
    endloop
  endfacet
  facet normal 0.976214 0 0.216811
    outer loop
      vertex 30.5668 0.4 28.1707
      vertex 30.5091 -2 28.4305
      vertex 30.5668 -2 28.1707
    endloop
  endfacet
  facet normal 0.622539 0 0.782589
    outer loop
      vertex 25.0388 0.4 37.0172
      vertex 25.2471 -2 36.8515
      vertex 25.2471 0.4 36.8515
    endloop
  endfacet
  facet normal 0.622539 0 0.782589
    outer loop
      vertex 25.2471 -2 36.8515
      vertex 25.0388 0.4 37.0172
      vertex 25.0388 -2 37.0172
    endloop
  endfacet
  facet normal 0.968189 -0 0.250219
    outer loop
      vertex 30.3804 -2 28.947
      vertex 30.447 0.4 28.6893
      vertex 30.3804 0.4 28.947
    endloop
  endfacet
  facet normal 0.968189 0 0.250219
    outer loop
      vertex 30.447 0.4 28.6893
      vertex 30.3804 -2 28.947
      vertex 30.447 -2 28.6893
    endloop
  endfacet
  facet normal 0 -1 0
    outer loop
      vertex 15.6001 -2 32.0994
      vertex 15.65 -2 40.25
      vertex 15.3839 -2 40.2477
    endloop
  endfacet
  facet normal 0 -1 0
    outer loop
      vertex 15.6001 -2 32.0994
      vertex 15.3839 -2 40.2477
      vertex 15.1178 -2 40.2407
    endloop
  endfacet
  facet normal 0 -1 0
    outer loop
      vertex 15.6999 -2 32.0994
      vertex 15.65 -2 40.25
      vertex 15.6001 -2 32.0994
    endloop
  endfacet
  facet normal 0 -1 0
    outer loop
      vertex 15.5005 -2 32.0944
      vertex 15.1178 -2 40.2407
      vertex 14.8519 -2 40.2291
    endloop
  endfacet
  facet normal 0 -1 0
    outer loop
      vertex 15.65 -2 40.25
      vertex 15.6999 -2 32.0994
      vertex 15.9161 -2 40.2477
    endloop
  endfacet
  facet normal 0 -1 0
    outer loop
      vertex 15.4013 -2 32.0845
      vertex 14.8519 -2 40.2291
      vertex 14.5862 -2 40.2129
    endloop
  endfacet
  facet normal 0 -1 -0
    outer loop
      vertex 15.9161 -2 40.2477
      vertex 15.6999 -2 32.0994
      vertex 16.1822 -2 40.2407
    endloop
  endfacet
  facet normal 0 -1 0
    outer loop
      vertex 15.4013 -2 32.0845
      vertex 14.5862 -2 40.2129
      vertex 14.3209 -2 40.192
    endloop
  endfacet
  facet normal 0 -1 0
    outer loop
      vertex 15.7995 -2 32.0944
      vertex 16.1822 -2 40.2407
      vertex 15.6999 -2 32.0994
    endloop
  endfacet
  facet normal 0 -1 0
    outer loop
      vertex 15.3027 -2 32.0696
      vertex 14.3209 -2 40.192
      vertex 14.0559 -2 40.1665
    endloop
  endfacet
  facet normal 0 -1 -0
    outer loop
      vertex 16.1822 -2 40.2407
      vertex 15.7995 -2 32.0944
      vertex 16.4481 -2 40.2291
    endloop
  endfacet
  facet normal 0 -1 0
    outer loop
      vertex 15.205 -2 32.0499
      vertex 14.0559 -2 40.1665
      vertex 13.7915 -2 40.1363
    endloop
  endfacet
  facet normal 0 -1 0
    outer loop
      vertex 15.8987 -2 32.0845
      vertex 16.4481 -2 40.2291
      vertex 15.7995 -2 32.0944
    endloop
  endfacet
  facet normal 0 -1 0
    outer loop
      vertex 15.205 -2 32.0499
      vertex 13.7915 -2 40.1363
      vertex 13.5276 -2 40.1016
    endloop
  endfacet
  facet normal 0 -1 -0
    outer loop
      vertex 16.4481 -2 40.2291
      vertex 15.8987 -2 32.0845
      vertex 16.7138 -2 40.2129
    endloop
  endfacet
  facet normal 0 -1 0
    outer loop
      vertex 15.1083 -2 32.0252
      vertex 13.5276 -2 40.1016
      vertex 13.2644 -2 40.0622
    endloop
  endfacet
  facet normal 0 -1 -0
    outer loop
      vertex 16.7138 -2 40.2129
      vertex 15.8987 -2 32.0845
      vertex 16.9791 -2 40.192
    endloop
  endfacet
  facet normal 0 -1 0
    outer loop
      vertex 15.1083 -2 32.0252
      vertex 13.2644 -2 40.0622
      vertex 13.0019 -2 40.0183
    endloop
  endfacet
  facet normal 0 -1 0
    outer loop
      vertex 15.9973 -2 32.0696
      vertex 16.9791 -2 40.192
      vertex 15.8987 -2 32.0845
    endloop
  endfacet
  facet normal 0 -1 0
    outer loop
      vertex 15.013 -2 31.9959
      vertex 13.0019 -2 40.0183
      vertex 12.7402 -2 39.9698
    endloop
  endfacet
  facet normal 0 -1 -0
    outer loop
      vertex 16.9791 -2 40.192
      vertex 15.9973 -2 32.0696
      vertex 17.2441 -2 40.1665
    endloop
  endfacet
  facet normal 0 -1 0
    outer loop
      vertex 14.9193 -2 31.9617
      vertex 12.7402 -2 39.9698
      vertex 12.4793 -2 39.9168
    endloop
  endfacet
  facet normal 0 -1 0
    outer loop
      vertex 16.095 -2 32.0499
      vertex 17.2441 -2 40.1665
      vertex 15.9973 -2 32.0696
    endloop
  endfacet
  facet normal 0 -1 0
    outer loop
      vertex 14.9193 -2 31.9617
      vertex 12.4793 -2 39.9168
      vertex 12.2195 -2 39.8591
    endloop
  endfacet
  facet normal 0 -1 -0
    outer loop
      vertex 17.2441 -2 40.1665
      vertex 16.095 -2 32.0499
      vertex 17.5085 -2 40.1363
    endloop
  endfacet
  facet normal 0 -1 0
    outer loop
      vertex 14.8274 -2 31.923
      vertex 12.2195 -2 39.8591
      vertex 11.9607 -2 39.797
    endloop
  endfacet
  facet normal 0 -1 -0
    outer loop
      vertex 17.5085 -2 40.1363
      vertex 16.095 -2 32.0499
      vertex 17.7724 -2 40.1016
    endloop
  endfacet
  facet normal 0 -1 0
    outer loop
      vertex 14.7376 -2 31.8797
      vertex 11.9607 -2 39.797
      vertex 11.703 -2 39.7304
    endloop
  endfacet
  facet normal 0 -1 0
    outer loop
      vertex 16.1917 -2 32.0252
      vertex 17.7724 -2 40.1016
      vertex 16.095 -2 32.0499
    endloop
  endfacet
  facet normal 0 -1 0
    outer loop
      vertex 14.7376 -2 31.8797
      vertex 11.703 -2 39.7304
      vertex 11.4465 -2 39.6592
    endloop
  endfacet
  facet normal 0 -1 -0
    outer loop
      vertex 17.7724 -2 40.1016
      vertex 16.1917 -2 32.0252
      vertex 18.0356 -2 40.0622
    endloop
  endfacet
  facet normal 0 -1 0
    outer loop
      vertex 14.65 -2 31.8321
      vertex 11.4465 -2 39.6592
      vertex 11.1913 -2 39.5836
    endloop
  endfacet
  facet normal 0 -1 -0
    outer loop
      vertex 18.0356 -2 40.0622
      vertex 16.1917 -2 32.0252
      vertex 18.2981 -2 40.0183
    endloop
  endfacet
  facet normal 0 -1 0
    outer loop
      vertex 14.65 -2 31.8321
      vertex 11.1913 -2 39.5836
      vertex 10.9375 -2 39.5036
    endloop
  endfacet
  facet normal 0 -1 0
    outer loop
      vertex 16.287 -2 31.9959
      vertex 18.2981 -2 40.0183
      vertex 16.1917 -2 32.0252
    endloop
  endfacet
  facet normal 0 -1 0
    outer loop
      vertex 14.5649 -2 31.7801
      vertex 10.9375 -2 39.5036
      vertex 10.6851 -2 39.4192
    endloop
  endfacet
  facet normal 0 -1 -0
    outer loop
      vertex 18.2981 -2 40.0183
      vertex 16.287 -2 31.9959
      vertex 18.5598 -2 39.9698
    endloop
  endfacet
  facet normal 0 -1 0
    outer loop
      vertex 14.4825 -2 31.7239
      vertex 10.6851 -2 39.4192
      vertex 10.4342 -2 39.3303
    endloop
  endfacet
  facet normal 0 -1 0
    outer loop
      vertex 16.3807 -2 31.9617
      vertex 18.5598 -2 39.9698
      vertex 16.287 -2 31.9959
    endloop
  endfacet
  facet normal 0 -1 0
    outer loop
      vertex 14.4825 -2 31.7239
      vertex 10.4342 -2 39.3303
      vertex 10.1849 -2 39.2371
    endloop
  endfacet
  facet normal 0 -1 -0
    outer loop
      vertex 18.5598 -2 39.9698
      vertex 16.3807 -2 31.9617
      vertex 18.8207 -2 39.9168
    endloop
  endfacet
  facet normal 0 -1 0
    outer loop
      vertex 14.403 -2 31.6637
      vertex 10.1849 -2 39.2371
      vertex 9.93725 -2 39.1396
    endloop
  endfacet
  facet normal 0 -1 -0
    outer loop
      vertex 18.8207 -2 39.9168
      vertex 16.3807 -2 31.9617
      vertex 19.0805 -2 39.8591
    endloop
  endfacet
  facet normal 0 -1 0
    outer loop
      vertex 14.403 -2 31.6637
      vertex 9.93725 -2 39.1396
      vertex 9.69135 -2 39.0377
    endloop
  endfacet
  facet normal 0 -1 0
    outer loop
      vertex 16.4726 -2 31.923
      vertex 19.0805 -2 39.8591
      vertex 16.3807 -2 31.9617
    endloop
  endfacet
  facet normal 0 -1 0
    outer loop
      vertex 14.3266 -2 31.5996
      vertex 9.69135 -2 39.0377
      vertex 9.44727 -2 38.9316
    endloop
  endfacet
  facet normal 0 -1 -0
    outer loop
      vertex 19.0805 -2 39.8591
      vertex 16.4726 -2 31.923
      vertex 19.3393 -2 39.797
    endloop
  endfacet
  facet normal 0 -1 0
    outer loop
      vertex 14.2535 -2 31.5317
      vertex 9.44727 -2 38.9316
      vertex 9.20507 -2 38.8212
    endloop
  endfacet
  facet normal 0 -1 0
    outer loop
      vertex 16.5624 -2 31.8797
      vertex 19.3393 -2 39.797
      vertex 16.4726 -2 31.923
    endloop
  endfacet
  facet normal 0 -1 0
    outer loop
      vertex 14.2535 -2 31.5317
      vertex 9.20507 -2 38.8212
      vertex 8.96484 -2 38.7066
    endloop
  endfacet
  facet normal 0 -1 -0
    outer loop
      vertex 19.3393 -2 39.797
      vertex 16.5624 -2 31.8797
      vertex 19.597 -2 39.7304
    endloop
  endfacet
  facet normal 0 -1 0
    outer loop
      vertex 14.1839 -2 31.4603
      vertex 8.96484 -2 38.7066
      vertex 8.72664 -2 38.5878
    endloop
  endfacet
  facet normal 0 -1 -0
    outer loop
      vertex 19.597 -2 39.7304
      vertex 16.5624 -2 31.8797
      vertex 19.8535 -2 39.6592
    endloop
  endfacet
  facet normal 0 -1 0
    outer loop
      vertex 14.1839 -2 31.4603
      vertex 8.72664 -2 38.5878
      vertex 8.49056 -2 38.465
    endloop
  endfacet
  facet normal 0 -1 0
    outer loop
      vertex 16.65 -2 31.8321
      vertex 19.8535 -2 39.6592
      vertex 16.5624 -2 31.8797
    endloop
  endfacet
  facet normal 0 -1 0
    outer loop
      vertex 14.1179 -2 31.3856
      vertex 8.49056 -2 38.465
      vertex 8.25665 -2 38.338
    endloop
  endfacet
  facet normal 0 -1 -0
    outer loop
      vertex 19.8535 -2 39.6592
      vertex 16.65 -2 31.8321
      vertex 20.1087 -2 39.5836
    endloop
  endfacet
  facet normal 0 -1 0
    outer loop
      vertex 14.1179 -2 31.3856
      vertex 8.25665 -2 38.338
      vertex 8.025 -2 38.2069
    endloop
  endfacet
  facet normal 0 -1 -0
    outer loop
      vertex 20.1087 -2 39.5836
      vertex 16.65 -2 31.8321
      vertex 20.3625 -2 39.5036
    endloop
  endfacet
  facet normal 0 -1 0
    outer loop
      vertex 14.0557 -2 31.3076
      vertex 8.025 -2 38.2069
      vertex 7.79567 -2 38.0718
    endloop
  endfacet
  facet normal 0 -1 0
    outer loop
      vertex 16.7351 -2 31.7801
      vertex 20.3625 -2 39.5036
      vertex 16.65 -2 31.8321
    endloop
  endfacet
  facet normal 0 -1 0
    outer loop
      vertex 13.9975 -2 31.2266
      vertex 7.79567 -2 38.0718
      vertex 7.56873 -2 37.9327
    endloop
  endfacet
  facet normal 0 -1 -0
    outer loop
      vertex 20.3625 -2 39.5036
      vertex 16.7351 -2 31.7801
      vertex 20.6149 -2 39.4192
    endloop
  endfacet
  facet normal 0 -1 0
    outer loop
      vertex 13.9975 -2 31.2266
      vertex 7.56873 -2 37.9327
      vertex 7.34425 -2 37.7897
    endloop
  endfacet
  facet normal 0 -1 0
    outer loop
      vertex 16.8175 -2 31.7239
      vertex 20.6149 -2 39.4192
      vertex 16.7351 -2 31.7801
    endloop
  endfacet
  facet normal 0 -1 0
    outer loop
      vertex 13.9434 -2 31.1429
      vertex 7.34425 -2 37.7897
      vertex 7.12231 -2 37.6428
    endloop
  endfacet
  facet normal 0 -1 -0
    outer loop
      vertex 20.6149 -2 39.4192
      vertex 16.8175 -2 31.7239
      vertex 20.8658 -2 39.3303
    endloop
  endfacet
  facet normal 0 -1 0
    outer loop
      vertex 13.9434 -2 31.1429
      vertex 7.12231 -2 37.6428
      vertex 6.90296 -2 37.4921
    endloop
  endfacet
  facet normal 0 -1 -0
    outer loop
      vertex 20.8658 -2 39.3303
      vertex 16.8175 -2 31.7239
      vertex 21.1151 -2 39.2371
    endloop
  endfacet
  facet normal 0 -1 0
    outer loop
      vertex 13.8936 -2 31.0565
      vertex 6.90296 -2 37.4921
      vertex 6.68628 -2 37.3375
    endloop
  endfacet
  facet normal 0 -1 0
    outer loop
      vertex 16.897 -2 31.6637
      vertex 21.1151 -2 39.2371
      vertex 16.8175 -2 31.7239
    endloop
  endfacet
  facet normal 0 -1 0
    outer loop
      vertex 13.8936 -2 31.0565
      vertex 6.68628 -2 37.3375
      vertex 6.47232 -2 37.1792
    endloop
  endfacet
  facet normal 0 -1 -0
    outer loop
      vertex 21.1151 -2 39.2371
      vertex 16.897 -2 31.6637
      vertex 21.3628 -2 39.1396
    endloop
  endfacet
  facet normal 0 -1 0
    outer loop
      vertex 13.8481 -2 30.9678
      vertex 6.47232 -2 37.1792
      vertex 6.26116 -2 37.0172
    endloop
  endfacet
  facet normal 0 -1 -0
    outer loop
      vertex 21.3628 -2 39.1396
      vertex 16.897 -2 31.6637
      vertex 21.6087 -2 39.0377
    endloop
  endfacet
  facet normal 0 -1 0
    outer loop
      vertex 13.8481 -2 30.9678
      vertex 6.26116 -2 37.0172
      vertex 6.05286 -2 36.8515
    endloop
  endfacet
  facet normal 0 -1 0
    outer loop
      vertex 16.9734 -2 31.5996
      vertex 21.6087 -2 39.0377
      vertex 16.897 -2 31.6637
    endloop
  endfacet
  facet normal 0 -1 0
    outer loop
      vertex 13.807 -2 30.8769
      vertex 6.05286 -2 36.8515
      vertex 5.84749 -2 36.6822
    endloop
  endfacet
  facet normal 0 -1 -0
    outer loop
      vertex 21.6087 -2 39.0377
      vertex 16.9734 -2 31.5996
      vertex 21.8527 -2 38.9316
    endloop
  endfacet
  facet normal 0 -1 0
    outer loop
      vertex 13.807 -2 30.8769
      vertex 5.84749 -2 36.6822
      vertex 5.6451 -2 36.5093
    endloop
  endfacet
  facet normal 0 -1 0
    outer loop
      vertex 17.0465 -2 31.5317
      vertex 21.8527 -2 38.9316
      vertex 16.9734 -2 31.5996
    endloop
  endfacet
  facet normal 0 -1 0
    outer loop
      vertex 13.7706 -2 30.784
      vertex 5.6451 -2 36.5093
      vertex 5.44576 -2 36.333
    endloop
  endfacet
  facet normal 0 -1 -0
    outer loop
      vertex 21.8527 -2 38.9316
      vertex 17.0465 -2 31.5317
      vertex 22.0949 -2 38.8212
    endloop
  endfacet
  facet normal 0 -1 0
    outer loop
      vertex 13.7706 -2 30.784
      vertex 5.44576 -2 36.333
      vertex 5.24953 -2 36.1531
    endloop
  endfacet
  facet normal 0 -1 -0
    outer loop
      vertex 22.0949 -2 38.8212
      vertex 17.0465 -2 31.5317
      vertex 22.3352 -2 38.7066
    endloop
  endfacet
  facet normal 0 -1 0
    outer loop
      vertex 13.7389 -2 30.6895
      vertex 5.24953 -2 36.1531
      vertex 5.05646 -2 35.9699
    endloop
  endfacet
  facet normal 0 -1 0
    outer loop
      vertex 17.1161 -2 31.4603
      vertex 22.3352 -2 38.7066
      vertex 17.0465 -2 31.5317
    endloop
  endfacet
  facet normal 0 -1 0
    outer loop
      vertex 13.7389 -2 30.6895
      vertex 5.05646 -2 35.9699
      vertex 4.86662 -2 35.7834
    endloop
  endfacet
  facet normal 0 -1 -0
    outer loop
      vertex 22.3352 -2 38.7066
      vertex 17.1161 -2 31.4603
      vertex 22.5734 -2 38.5878
    endloop
  endfacet
  facet normal 0 -1 0
    outer loop
      vertex 13.7118 -2 30.5935
      vertex 4.86662 -2 35.7834
      vertex 4.68007 -2 35.5935
    endloop
  endfacet
  facet normal 0 -1 -0
    outer loop
      vertex 22.5734 -2 38.5878
      vertex 17.1161 -2 31.4603
      vertex 22.8094 -2 38.465
    endloop
  endfacet
  facet normal 0 -1 0
    outer loop
      vertex 13.7118 -2 30.5935
      vertex 4.68007 -2 35.5935
      vertex 4.49686 -2 35.4005
    endloop
  endfacet
  facet normal 0 -1 0
    outer loop
      vertex 17.1821 -2 31.3856
      vertex 22.8094 -2 38.465
      vertex 17.1161 -2 31.4603
    endloop
  endfacet
  facet normal 0 -1 0
    outer loop
      vertex 13.6897 -2 30.4963
      vertex 4.49686 -2 35.4005
      vertex 4.31704 -2 35.2042
    endloop
  endfacet
  facet normal 0 -1 -0
    outer loop
      vertex 22.8094 -2 38.465
      vertex 17.1821 -2 31.3856
      vertex 23.0433 -2 38.338
    endloop
  endfacet
  facet normal 0 -1 0
    outer loop
      vertex 13.6897 -2 30.4963
      vertex 4.31704 -2 35.2042
      vertex 4.14068 -2 35.0049
    endloop
  endfacet
  facet normal 0 -1 -0
    outer loop
      vertex 23.0433 -2 38.338
      vertex 17.1821 -2 31.3856
      vertex 23.275 -2 38.2069
    endloop
  endfacet
  facet normal 0 -1 0
    outer loop
      vertex 13.6723 -2 30.3981
      vertex 4.14068 -2 35.0049
      vertex 3.96782 -2 34.8025
    endloop
  endfacet
  facet normal 0 -1 0
    outer loop
      vertex 17.2443 -2 31.3076
      vertex 23.275 -2 38.2069
      vertex 17.1821 -2 31.3856
    endloop
  endfacet
  facet normal 0 -1 0
    outer loop
      vertex 13.6723 -2 30.3981
      vertex 3.96782 -2 34.8025
      vertex 3.79852 -2 34.5971
    endloop
  endfacet
  facet normal 0 -1 -0
    outer loop
      vertex 23.275 -2 38.2069
      vertex 17.2443 -2 31.3076
      vertex 23.5043 -2 38.0718
    endloop
  endfacet
  facet normal 0 -1 0
    outer loop
      vertex 13.6723 -2 30.3981
      vertex 3.79852 -2 34.5971
      vertex 3.63284 -2 34.3888
    endloop
  endfacet
  facet normal 0 -1 0
    outer loop
      vertex 17.3025 -2 31.2266
      vertex 23.5043 -2 38.0718
      vertex 17.2443 -2 31.3076
    endloop
  endfacet
  facet normal 0 -1 0
    outer loop
      vertex 13.6599 -2 30.2991
      vertex 3.63284 -2 34.3888
      vertex 3.47081 -2 34.1777
    endloop
  endfacet
  facet normal 0 -1 -0
    outer loop
      vertex 23.5043 -2 38.0718
      vertex 17.3025 -2 31.2266
      vertex 23.7313 -2 37.9327
    endloop
  endfacet
  facet normal 0 -1 0
    outer loop
      vertex 13.6599 -2 30.2991
      vertex 3.47081 -2 34.1777
      vertex 3.31249 -2 33.9637
    endloop
  endfacet
  facet normal 0 -1 -0
    outer loop
      vertex 23.7313 -2 37.9327
      vertex 17.3025 -2 31.2266
      vertex 23.9557 -2 37.7897
    endloop
  endfacet
  facet normal 0 -1 0
    outer loop
      vertex 13.6525 -2 30.1997
      vertex 3.31249 -2 33.9637
      vertex 3.15793 -2 33.747
    endloop
  endfacet
  facet normal 0 -1 0
    outer loop
      vertex 17.3566 -2 31.1429
      vertex 23.9557 -2 37.7897
      vertex 17.3025 -2 31.2266
    endloop
  endfacet
  facet normal 0 -1 0
    outer loop
      vertex 13.6525 -2 30.1997
      vertex 3.15793 -2 33.747
      vertex 3.00718 -2 33.5277
    endloop
  endfacet
  facet normal 0 -1 -0
    outer loop
      vertex 23.9557 -2 37.7897
      vertex 17.3566 -2 31.1429
      vertex 24.1777 -2 37.6428
    endloop
  endfacet
  facet normal 0 -1 0
    outer loop
      vertex 13.65 -2 30.1
      vertex 3.00718 -2 33.5277
      vertex 2.86027 -2 33.3057
    endloop
  endfacet
  facet normal 0 -1 -0
    outer loop
      vertex 24.1777 -2 37.6428
      vertex 17.3566 -2 31.1429
      vertex 24.397 -2 37.4921
    endloop
  endfacet
  facet normal 0 -1 0
    outer loop
      vertex 13.65 -2 30.1
      vertex 2.86027 -2 33.3057
      vertex 2.71727 -2 33.0813
    endloop
  endfacet
  facet normal 0 -1 0
    outer loop
      vertex 17.4064 -2 31.0565
      vertex 24.397 -2 37.4921
      vertex 17.3566 -2 31.1429
    endloop
  endfacet
  facet normal 0 -1 0
    outer loop
      vertex 13.65 -2 30.1
      vertex 2.71727 -2 33.0813
      vertex 2.5782 -2 32.8543
    endloop
  endfacet
  facet normal 0 -1 -0
    outer loop
      vertex 24.397 -2 37.4921
      vertex 17.4064 -2 31.0565
      vertex 24.6137 -2 37.3375
    endloop
  endfacet
  facet normal 0 -1 0
    outer loop
      vertex 13.6525 -2 30.0003
      vertex 2.5782 -2 32.8543
      vertex 2.44311 -2 32.625
    endloop
  endfacet
  facet normal 0 -1 -0
    outer loop
      vertex 24.6137 -2 37.3375
      vertex 17.4064 -2 31.0565
      vertex 24.8277 -2 37.1792
    endloop
  endfacet
  facet normal 0 -1 0
    outer loop
      vertex 13.6525 -2 30.0003
      vertex 2.44311 -2 32.625
      vertex 2.31205 -2 32.3933
    endloop
  endfacet
  facet normal 0 -1 0
    outer loop
      vertex 17.4519 -2 30.9678
      vertex 24.8277 -2 37.1792
      vertex 17.4064 -2 31.0565
    endloop
  endfacet
  facet normal 0 -1 0
    outer loop
      vertex 13.6599 -2 29.9009
      vertex 2.31205 -2 32.3933
      vertex 2.18505 -2 32.1594
    endloop
  endfacet
  facet normal 0 -1 -0
    outer loop
      vertex 24.8277 -2 37.1792
      vertex 17.4519 -2 30.9678
      vertex 25.0388 -2 37.0172
    endloop
  endfacet
  facet normal 0 -1 -0
    outer loop
      vertex 25.0388 -2 37.0172
      vertex 17.4519 -2 30.9678
      vertex 25.2471 -2 36.8515
    endloop
  endfacet
  facet normal 0 -1 0
    outer loop
      vertex 15.1178 -2 40.2407
      vertex 15.5005 -2 32.0944
      vertex 15.6001 -2 32.0994
    endloop
  endfacet
  facet normal 0 -1 0
    outer loop
      vertex 14.8519 -2 40.2291
      vertex 15.4013 -2 32.0845
      vertex 15.5005 -2 32.0944
    endloop
  endfacet
  facet normal 0 -1 0
    outer loop
      vertex 14.3209 -2 40.192
      vertex 15.3027 -2 32.0696
      vertex 15.4013 -2 32.0845
    endloop
  endfacet
  facet normal 0 -1 0
    outer loop
      vertex 14.0559 -2 40.1665
      vertex 15.205 -2 32.0499
      vertex 15.3027 -2 32.0696
    endloop
  endfacet
  facet normal 0 -1 0
    outer loop
      vertex 13.5276 -2 40.1016
      vertex 15.1083 -2 32.0252
      vertex 15.205 -2 32.0499
    endloop
  endfacet
  facet normal 0 -1 0
    outer loop
      vertex 13.0019 -2 40.0183
      vertex 15.013 -2 31.9959
      vertex 15.1083 -2 32.0252
    endloop
  endfacet
  facet normal 0 -1 0
    outer loop
      vertex 12.7402 -2 39.9698
      vertex 14.9193 -2 31.9617
      vertex 15.013 -2 31.9959
    endloop
  endfacet
  facet normal 0 -1 0
    outer loop
      vertex 13.6599 -2 29.9009
      vertex 2.18505 -2 32.1594
      vertex 2.06215 -2 31.9234
    endloop
  endfacet
  facet normal 0 -1 0
    outer loop
      vertex 12.2195 -2 39.8591
      vertex 14.8274 -2 31.923
      vertex 14.9193 -2 31.9617
    endloop
  endfacet
  facet normal 0 -1 0
    outer loop
      vertex 11.9607 -2 39.797
      vertex 14.7376 -2 31.8797
      vertex 14.8274 -2 31.923
    endloop
  endfacet
  facet normal 0 -1 0
    outer loop
      vertex 11.4465 -2 39.6592
      vertex 14.65 -2 31.8321
      vertex 14.7376 -2 31.8797
    endloop
  endfacet
  facet normal 0 -1 0
    outer loop
      vertex 10.9375 -2 39.5036
      vertex 14.5649 -2 31.7801
      vertex 14.65 -2 31.8321
    endloop
  endfacet
  facet normal 0 -1 0
    outer loop
      vertex 10.6851 -2 39.4192
      vertex 14.4825 -2 31.7239
      vertex 14.5649 -2 31.7801
    endloop
  endfacet
  facet normal 0 -1 0
    outer loop
      vertex 13.6599 -2 29.9009
      vertex 2.06215 -2 31.9234
      vertex 1.94339 -2 31.6852
    endloop
  endfacet
  facet normal 0 -1 0
    outer loop
      vertex 10.1849 -2 39.2371
      vertex 14.403 -2 31.6637
      vertex 14.4825 -2 31.7239
    endloop
  endfacet
  facet normal 0 -1 0
    outer loop
      vertex 9.69135 -2 39.0377
      vertex 14.3266 -2 31.5996
      vertex 14.403 -2 31.6637
    endloop
  endfacet
  facet normal 0 -1 0
    outer loop
      vertex 9.44727 -2 38.9316
      vertex 14.2535 -2 31.5317
      vertex 14.3266 -2 31.5996
    endloop
  endfacet
  facet normal 0 -1 0
    outer loop
      vertex 8.96484 -2 38.7066
      vertex 14.1839 -2 31.4603
      vertex 14.2535 -2 31.5317
    endloop
  endfacet
  facet normal 0 -1 0
    outer loop
      vertex 13.6723 -2 29.8019
      vertex 1.94339 -2 31.6852
      vertex 1.82881 -2 31.4449
    endloop
  endfacet
  facet normal 0 -1 0
    outer loop
      vertex 8.49056 -2 38.465
      vertex 14.1179 -2 31.3856
      vertex 14.1839 -2 31.4603
    endloop
  endfacet
  facet normal 0 -1 0
    outer loop
      vertex 8.025 -2 38.2069
      vertex 14.0557 -2 31.3076
      vertex 14.1179 -2 31.3856
    endloop
  endfacet
  facet normal 0 -1 0
    outer loop
      vertex 7.79567 -2 38.0718
      vertex 13.9975 -2 31.2266
      vertex 14.0557 -2 31.3076
    endloop
  endfacet
  facet normal 0 -1 0
    outer loop
      vertex 13.6723 -2 29.8019
      vertex 1.82881 -2 31.4449
      vertex 1.71843 -2 31.2027
    endloop
  endfacet
  facet normal 0 -1 0
    outer loop
      vertex 7.34425 -2 37.7897
      vertex 13.9434 -2 31.1429
      vertex 13.9975 -2 31.2266
    endloop
  endfacet
  facet normal 0 -1 0
    outer loop
      vertex 6.90296 -2 37.4921
      vertex 13.8936 -2 31.0565
      vertex 13.9434 -2 31.1429
    endloop
  endfacet
  facet normal 0 -1 0
    outer loop
      vertex 6.47232 -2 37.1792
      vertex 13.8481 -2 30.9678
      vertex 13.8936 -2 31.0565
    endloop
  endfacet
  facet normal 0 -1 0
    outer loop
      vertex 13.6897 -2 29.7037
      vertex 1.71843 -2 31.2027
      vertex 1.6123 -2 30.9586
    endloop
  endfacet
  facet normal 0 -1 0
    outer loop
      vertex 6.05286 -2 36.8515
      vertex 13.807 -2 30.8769
      vertex 13.8481 -2 30.9678
    endloop
  endfacet
  facet normal 0 -1 0
    outer loop
      vertex 5.6451 -2 36.5093
      vertex 13.7706 -2 30.784
      vertex 13.807 -2 30.8769
    endloop
  endfacet
  facet normal 0 -1 0
    outer loop
      vertex 13.6897 -2 29.7037
      vertex 1.6123 -2 30.9586
      vertex 1.51045 -2 30.7127
    endloop
  endfacet
  facet normal 0 -1 0
    outer loop
      vertex 5.24953 -2 36.1531
      vertex 13.7389 -2 30.6895
      vertex 13.7706 -2 30.784
    endloop
  endfacet
  facet normal 0 -1 0
    outer loop
      vertex 4.86662 -2 35.7834
      vertex 13.7118 -2 30.5935
      vertex 13.7389 -2 30.6895
    endloop
  endfacet
  facet normal 0 -1 0
    outer loop
      vertex 4.49686 -2 35.4005
      vertex 13.6897 -2 30.4963
      vertex 13.7118 -2 30.5935
    endloop
  endfacet
  facet normal 0 -1 0
    outer loop
      vertex 13.6897 -2 29.7037
      vertex 1.51045 -2 30.7127
      vertex 1.4129 -2 30.4651
    endloop
  endfacet
  facet normal 0 -1 0
    outer loop
      vertex 4.14068 -2 35.0049
      vertex 13.6723 -2 30.3981
      vertex 13.6897 -2 30.4963
    endloop
  endfacet
  facet normal 0 -1 0
    outer loop
      vertex 3.63284 -2 34.3888
      vertex 13.6599 -2 30.2991
      vertex 13.6723 -2 30.3981
    endloop
  endfacet
  facet normal 0 -1 0
    outer loop
      vertex 13.7118 -2 29.6065
      vertex 1.4129 -2 30.4651
      vertex 1.31969 -2 30.2158
    endloop
  endfacet
  facet normal 0 -1 0
    outer loop
      vertex 3.31249 -2 33.9637
      vertex 13.6525 -2 30.1997
      vertex 13.6599 -2 30.2991
    endloop
  endfacet
  facet normal 0 -1 0
    outer loop
      vertex 3.00718 -2 33.5277
      vertex 13.65 -2 30.1
      vertex 13.6525 -2 30.1997
    endloop
  endfacet
  facet normal 0 -1 0
    outer loop
      vertex 2.5782 -2 32.8543
      vertex 13.6525 -2 30.0003
      vertex 13.65 -2 30.1
    endloop
  endfacet
  facet normal 0 -1 0
    outer loop
      vertex 13.7118 -2 29.6065
      vertex 1.31969 -2 30.2158
      vertex 1.23084 -2 29.9649
    endloop
  endfacet
  facet normal 0 -1 0
    outer loop
      vertex 2.31205 -2 32.3933
      vertex 13.6599 -2 29.9009
      vertex 13.6525 -2 30.0003
    endloop
  endfacet
  facet normal 0 -1 0
    outer loop
      vertex 1.94339 -2 31.6852
      vertex 13.6723 -2 29.8019
      vertex 13.6599 -2 29.9009
    endloop
  endfacet
  facet normal 0 -1 0
    outer loop
      vertex 13.7118 -2 29.6065
      vertex 1.23084 -2 29.9649
      vertex 1.14639 -2 29.7125
    endloop
  endfacet
  facet normal 0 -1 0
    outer loop
      vertex 1.71843 -2 31.2027
      vertex 13.6897 -2 29.7037
      vertex 13.6723 -2 29.8019
    endloop
  endfacet
  facet normal 0 -1 0
    outer loop
      vertex 1.4129 -2 30.4651
      vertex 13.7118 -2 29.6065
      vertex 13.6897 -2 29.7037
    endloop
  endfacet
  facet normal 0 -1 0
    outer loop
      vertex 1.14639 -2 29.7125
      vertex 13.7389 -2 29.5105
      vertex 13.7118 -2 29.6065
    endloop
  endfacet
  facet normal 0 -1 0
    outer loop
      vertex 1.06635 -2 29.4587
      vertex 13.7389 -2 29.5105
      vertex 1.14639 -2 29.7125
    endloop
  endfacet
  facet normal 0 -1 0
    outer loop
      vertex 0.990759 -2 29.2035
      vertex 13.7389 -2 29.5105
      vertex 1.06635 -2 29.4587
    endloop
  endfacet
  facet normal 0 -1 -0
    outer loop
      vertex 13.7389 -2 29.5105
      vertex 0.990759 -2 29.2035
      vertex 13.7706 -2 29.416
    endloop
  endfacet
  facet normal 0 -1 0
    outer loop
      vertex 0.919631 -2 28.947
      vertex 13.7706 -2 29.416
      vertex 0.990759 -2 29.2035
    endloop
  endfacet
  facet normal 0 -1 0
    outer loop
      vertex 0.852991 -2 28.6893
      vertex 13.7706 -2 29.416
      vertex 0.919631 -2 28.947
    endloop
  endfacet
  facet normal 0 -1 0
    outer loop
      vertex 0.790857 -2 28.4305
      vertex 13.7706 -2 29.416
      vertex 0.852991 -2 28.6893
    endloop
  endfacet
  facet normal 0 -1 -0
    outer loop
      vertex 13.7706 -2 29.416
      vertex 0.790857 -2 28.4305
      vertex 13.807 -2 29.3231
    endloop
  endfacet
  facet normal 0 -1 0
    outer loop
      vertex 0.733249 -2 28.1707
      vertex 13.807 -2 29.3231
      vertex 0.790857 -2 28.4305
    endloop
  endfacet
  facet normal 0 -1 0
    outer loop
      vertex 0.680186 -2 27.9098
      vertex 13.807 -2 29.3231
      vertex 0.733249 -2 28.1707
    endloop
  endfacet
  facet normal 0 -1 0
    outer loop
      vertex 0.631682 -2 27.6481
      vertex 13.807 -2 29.3231
      vertex 0.680186 -2 27.9098
    endloop
  endfacet
  facet normal 0 -1 -0
    outer loop
      vertex 13.807 -2 29.3231
      vertex 0.631682 -2 27.6481
      vertex 13.8481 -2 29.2322
    endloop
  endfacet
  facet normal 0 -1 0
    outer loop
      vertex 0.587754 -2 27.3856
      vertex 13.8481 -2 29.2322
      vertex 0.631682 -2 27.6481
    endloop
  endfacet
  facet normal 0 -1 0
    outer loop
      vertex 0.548413 -2 27.1224
      vertex 13.8481 -2 29.2322
      vertex 0.587754 -2 27.3856
    endloop
  endfacet
  facet normal 0 -1 0
    outer loop
      vertex 0.513671 -2 26.8585
      vertex 13.8481 -2 29.2322
      vertex 0.548413 -2 27.1224
    endloop
  endfacet
  facet normal 0 -1 -0
    outer loop
      vertex 13.8481 -2 29.2322
      vertex 0.513671 -2 26.8585
      vertex 13.8936 -2 29.1435
    endloop
  endfacet
  facet normal 0 -1 0
    outer loop
      vertex 0.483542 -2 26.5941
      vertex 13.8936 -2 29.1435
      vertex 0.513671 -2 26.8585
    endloop
  endfacet
  facet normal 0 -1 0
    outer loop
      vertex 0.458031 -2 26.3291
      vertex 13.8936 -2 29.1435
      vertex 0.483542 -2 26.5941
    endloop
  endfacet
  facet normal 0 -1 0
    outer loop
      vertex 0.437148 -2 26.0638
      vertex 13.8936 -2 29.1435
      vertex 0.458031 -2 26.3291
    endloop
  endfacet
  facet normal 0 -1 -0
    outer loop
      vertex 13.8936 -2 29.1435
      vertex 0.437148 -2 26.0638
      vertex 13.9434 -2 29.0571
    endloop
  endfacet
  facet normal 0 -1 0
    outer loop
      vertex 0.4209 -2 25.7981
      vertex 13.9434 -2 29.0571
      vertex 0.437148 -2 26.0638
    endloop
  endfacet
  facet normal 0 -1 0
    outer loop
      vertex 0.409291 -2 25.5322
      vertex 13.9434 -2 29.0571
      vertex 0.4209 -2 25.7981
    endloop
  endfacet
  facet normal 0 -1 0
    outer loop
      vertex 0.402323 -2 25.2661
      vertex 13.9434 -2 29.0571
      vertex 0.409291 -2 25.5322
    endloop
  endfacet
  facet normal 0 -1 -0
    outer loop
      vertex 13.9434 -2 29.0571
      vertex 0.402323 -2 25.2661
      vertex 13.9975 -2 28.9734
    endloop
  endfacet
  facet normal 0 -1 0
    outer loop
      vertex 0.4 -2 25
      vertex 13.9975 -2 28.9734
      vertex 0.402323 -2 25.2661
    endloop
  endfacet
  facet normal 0 -1 -0
    outer loop
      vertex 13.9975 -2 28.9734
      vertex 0.4 -2 25
      vertex 14.0557 -2 28.8924
    endloop
  endfacet
  facet normal 0 -1 -0
    outer loop
      vertex 14.0557 -2 28.8924
      vertex 0.4 -2 25
      vertex 14.1179 -2 28.8144
    endloop
  endfacet
  facet normal 0 -1 -0
    outer loop
      vertex 14.1179 -2 28.8144
      vertex 0.4 -2 25
      vertex 14.1839 -2 28.7397
    endloop
  endfacet
  facet normal 0 -1 -0
    outer loop
      vertex 14.1839 -2 28.7397
      vertex 0.4 -2 25
      vertex 14.2535 -2 28.6683
    endloop
  endfacet
  facet normal 0 -1 -0
    outer loop
      vertex 14.2535 -2 28.6683
      vertex 0.4 -2 25
      vertex 14.3266 -2 28.6004
    endloop
  endfacet
  facet normal 0 -1 -0
    outer loop
      vertex 14.3266 -2 28.6004
      vertex 0.4 -2 25
      vertex 14.403 -2 28.5363
    endloop
  endfacet
  facet normal 0 -1 -0
    outer loop
      vertex 14.403 -2 28.5363
      vertex 0.4 -2 25
      vertex 14.4825 -2 28.4761
    endloop
  endfacet
  facet normal 0 -1 -0
    outer loop
      vertex 14.5649 -2 28.4199
      vertex 0.4 -2 25
      vertex 14.65 -2 28.3679
    endloop
  endfacet
  facet normal 0 -1 -0
    outer loop
      vertex 14.4825 -2 28.4761
      vertex 0.4 -2 25
      vertex 14.5649 -2 28.4199
    endloop
  endfacet
  facet normal 0 -1 0
    outer loop
      vertex 17.493 -2 30.8769
      vertex 25.2471 -2 36.8515
      vertex 17.4519 -2 30.9678
    endloop
  endfacet
  facet normal 0 -1 -0
    outer loop
      vertex 25.2471 -2 36.8515
      vertex 17.493 -2 30.8769
      vertex 25.4525 -2 36.6822
    endloop
  endfacet
  facet normal 0 -1 -0
    outer loop
      vertex 25.4525 -2 36.6822
      vertex 17.493 -2 30.8769
      vertex 25.6549 -2 36.5093
    endloop
  endfacet
  facet normal 0 -1 0
    outer loop
      vertex 17.5294 -2 30.784
      vertex 25.6549 -2 36.5093
      vertex 17.493 -2 30.8769
    endloop
  endfacet
  facet normal 0 -1 -0
    outer loop
      vertex 25.6549 -2 36.5093
      vertex 17.5294 -2 30.784
      vertex 25.8542 -2 36.333
    endloop
  endfacet
  facet normal 0 -1 -0
    outer loop
      vertex 25.8542 -2 36.333
      vertex 17.5294 -2 30.784
      vertex 26.0505 -2 36.1531
    endloop
  endfacet
  facet normal 0 -1 0
    outer loop
      vertex 17.5611 -2 30.6895
      vertex 26.0505 -2 36.1531
      vertex 17.5294 -2 30.784
    endloop
  endfacet
  facet normal 0 -1 -0
    outer loop
      vertex 26.0505 -2 36.1531
      vertex 17.5611 -2 30.6895
      vertex 26.2435 -2 35.9699
    endloop
  endfacet
  facet normal 0 -1 -0
    outer loop
      vertex 26.2435 -2 35.9699
      vertex 17.5611 -2 30.6895
      vertex 26.4334 -2 35.7834
    endloop
  endfacet
  facet normal 0 -1 0
    outer loop
      vertex 17.5882 -2 30.5935
      vertex 26.4334 -2 35.7834
      vertex 17.5611 -2 30.6895
    endloop
  endfacet
  facet normal 0 -1 -0
    outer loop
      vertex 26.4334 -2 35.7834
      vertex 17.5882 -2 30.5935
      vertex 26.6199 -2 35.5935
    endloop
  endfacet
  facet normal 0 -1 -0
    outer loop
      vertex 26.6199 -2 35.5935
      vertex 17.5882 -2 30.5935
      vertex 26.8031 -2 35.4005
    endloop
  endfacet
  facet normal 0 -1 0
    outer loop
      vertex 17.6103 -2 30.4963
      vertex 26.8031 -2 35.4005
      vertex 17.5882 -2 30.5935
    endloop
  endfacet
  facet normal 0 -1 -0
    outer loop
      vertex 26.8031 -2 35.4005
      vertex 17.6103 -2 30.4963
      vertex 26.983 -2 35.2042
    endloop
  endfacet
  facet normal 0 -1 -0
    outer loop
      vertex 26.983 -2 35.2042
      vertex 17.6103 -2 30.4963
      vertex 27.1593 -2 35.0049
    endloop
  endfacet
  facet normal 0 -1 0
    outer loop
      vertex 17.6277 -2 30.3981
      vertex 27.1593 -2 35.0049
      vertex 17.6103 -2 30.4963
    endloop
  endfacet
  facet normal 0 -1 -0
    outer loop
      vertex 27.1593 -2 35.0049
      vertex 17.6277 -2 30.3981
      vertex 27.3322 -2 34.8025
    endloop
  endfacet
  facet normal 0 -1 -0
    outer loop
      vertex 27.3322 -2 34.8025
      vertex 17.6277 -2 30.3981
      vertex 27.5015 -2 34.5971
    endloop
  endfacet
  facet normal 0 -1 -0
    outer loop
      vertex 27.5015 -2 34.5971
      vertex 17.6277 -2 30.3981
      vertex 27.6672 -2 34.3888
    endloop
  endfacet
  facet normal 0 -1 0
    outer loop
      vertex 17.6401 -2 30.2991
      vertex 27.6672 -2 34.3888
      vertex 17.6277 -2 30.3981
    endloop
  endfacet
  facet normal 0 -1 -0
    outer loop
      vertex 27.6672 -2 34.3888
      vertex 17.6401 -2 30.2991
      vertex 27.8292 -2 34.1777
    endloop
  endfacet
  facet normal 0 -1 -0
    outer loop
      vertex 27.8292 -2 34.1777
      vertex 17.6401 -2 30.2991
      vertex 27.9875 -2 33.9637
    endloop
  endfacet
  facet normal 0 -1 0
    outer loop
      vertex 17.6475 -2 30.1997
      vertex 27.9875 -2 33.9637
      vertex 17.6401 -2 30.2991
    endloop
  endfacet
  facet normal 0 -1 -0
    outer loop
      vertex 27.9875 -2 33.9637
      vertex 17.6475 -2 30.1997
      vertex 28.1421 -2 33.747
    endloop
  endfacet
  facet normal 0 -1 -0
    outer loop
      vertex 28.1421 -2 33.747
      vertex 17.6475 -2 30.1997
      vertex 28.2928 -2 33.5277
    endloop
  endfacet
  facet normal 0 -1 0
    outer loop
      vertex 17.65 -2 30.1
      vertex 28.2928 -2 33.5277
      vertex 17.6475 -2 30.1997
    endloop
  endfacet
  facet normal 0 -1 -0
    outer loop
      vertex 28.2928 -2 33.5277
      vertex 17.65 -2 30.1
      vertex 28.4397 -2 33.3057
    endloop
  endfacet
  facet normal 0 -1 -0
    outer loop
      vertex 28.4397 -2 33.3057
      vertex 17.65 -2 30.1
      vertex 28.5827 -2 33.0813
    endloop
  endfacet
  facet normal 0 -1 -0
    outer loop
      vertex 28.5827 -2 33.0813
      vertex 17.65 -2 30.1
      vertex 28.7218 -2 32.8543
    endloop
  endfacet
  facet normal 0 -1 0
    outer loop
      vertex 17.6475 -2 30.0003
      vertex 28.7218 -2 32.8543
      vertex 17.65 -2 30.1
    endloop
  endfacet
  facet normal 0 -1 -0
    outer loop
      vertex 28.7218 -2 32.8543
      vertex 17.6475 -2 30.0003
      vertex 28.8569 -2 32.625
    endloop
  endfacet
  facet normal 0 -1 -0
    outer loop
      vertex 28.8569 -2 32.625
      vertex 17.6475 -2 30.0003
      vertex 28.9879 -2 32.3933
    endloop
  endfacet
  facet normal 0 -1 0
    outer loop
      vertex 17.6401 -2 29.9009
      vertex 28.9879 -2 32.3933
      vertex 17.6475 -2 30.0003
    endloop
  endfacet
  facet normal 0 -1 -0
    outer loop
      vertex 28.9879 -2 32.3933
      vertex 17.6401 -2 29.9009
      vertex 29.115 -2 32.1594
    endloop
  endfacet
  facet normal 0 -1 -0
    outer loop
      vertex 29.115 -2 32.1594
      vertex 17.6401 -2 29.9009
      vertex 29.2378 -2 31.9234
    endloop
  endfacet
  facet normal 0 -1 -0
    outer loop
      vertex 29.2378 -2 31.9234
      vertex 17.6401 -2 29.9009
      vertex 29.3566 -2 31.6852
    endloop
  endfacet
  facet normal 0 -1 0
    outer loop
      vertex 17.6277 -2 29.8019
      vertex 29.3566 -2 31.6852
      vertex 17.6401 -2 29.9009
    endloop
  endfacet
  facet normal 0 -1 -0
    outer loop
      vertex 29.3566 -2 31.6852
      vertex 17.6277 -2 29.8019
      vertex 29.4712 -2 31.4449
    endloop
  endfacet
  facet normal 0 -1 -0
    outer loop
      vertex 29.4712 -2 31.4449
      vertex 17.6277 -2 29.8019
      vertex 29.5816 -2 31.2027
    endloop
  endfacet
  facet normal 0 -1 0
    outer loop
      vertex 17.6103 -2 29.7037
      vertex 29.5816 -2 31.2027
      vertex 17.6277 -2 29.8019
    endloop
  endfacet
  facet normal 0 -1 -0
    outer loop
      vertex 29.5816 -2 31.2027
      vertex 17.6103 -2 29.7037
      vertex 29.6877 -2 30.9586
    endloop
  endfacet
  facet normal 0 -1 -0
    outer loop
      vertex 29.6877 -2 30.9586
      vertex 17.6103 -2 29.7037
      vertex 29.7896 -2 30.7127
    endloop
  endfacet
  facet normal 0 -1 -0
    outer loop
      vertex 29.7896 -2 30.7127
      vertex 17.6103 -2 29.7037
      vertex 29.8871 -2 30.4651
    endloop
  endfacet
  facet normal 0 -1 0
    outer loop
      vertex 17.5882 -2 29.6065
      vertex 29.8871 -2 30.4651
      vertex 17.6103 -2 29.7037
    endloop
  endfacet
  facet normal 0 -1 -0
    outer loop
      vertex 29.8871 -2 30.4651
      vertex 17.5882 -2 29.6065
      vertex 29.9803 -2 30.2158
    endloop
  endfacet
  facet normal 0 -1 -0
    outer loop
      vertex 29.9803 -2 30.2158
      vertex 17.5882 -2 29.6065
      vertex 30.0692 -2 29.9649
    endloop
  endfacet
  facet normal 0 -1 -0
    outer loop
      vertex 30.0692 -2 29.9649
      vertex 17.5882 -2 29.6065
      vertex 30.1536 -2 29.7125
    endloop
  endfacet
  facet normal 0 -1 0
    outer loop
      vertex 17.5611 -2 29.5105
      vertex 30.1536 -2 29.7125
      vertex 17.5882 -2 29.6065
    endloop
  endfacet
  facet normal 0 -1 0
    outer loop
      vertex 17.5611 -2 29.5105
      vertex 30.2336 -2 29.4587
      vertex 30.1536 -2 29.7125
    endloop
  endfacet
  facet normal 0 -1 0
    outer loop
      vertex 30.3092 -2 29.2035
      vertex 17.5611 -2 29.5105
      vertex 17.5294 -2 29.416
    endloop
  endfacet
  facet normal 0 -1 0
    outer loop
      vertex 30.5091 -2 28.4305
      vertex 17.5294 -2 29.416
      vertex 17.493 -2 29.3231
    endloop
  endfacet
  facet normal 0 -1 0
    outer loop
      vertex 30.6683 -2 27.6481
      vertex 17.493 -2 29.3231
      vertex 17.4519 -2 29.2322
    endloop
  endfacet
  facet normal 0 -1 0
    outer loop
      vertex 17.5611 -2 29.5105
      vertex 30.3092 -2 29.2035
      vertex 30.2336 -2 29.4587
    endloop
  endfacet
  facet normal 0 -1 0
    outer loop
      vertex 30.7863 -2 26.8585
      vertex 17.4519 -2 29.2322
      vertex 17.4064 -2 29.1435
    endloop
  endfacet
  facet normal 0 -1 0
    outer loop
      vertex 30.8629 -2 26.0638
      vertex 17.4064 -2 29.1435
      vertex 17.3566 -2 29.0571
    endloop
  endfacet
  facet normal 0 -1 0
    outer loop
      vertex 30.8977 -2 25.2661
      vertex 17.3566 -2 29.0571
      vertex 17.3025 -2 28.9734
    endloop
  endfacet
  facet normal 0 -1 0
    outer loop
      vertex 17.5294 -2 29.416
      vertex 30.3804 -2 28.947
      vertex 30.3092 -2 29.2035
    endloop
  endfacet
  facet normal 0 -1 0
    outer loop
      vertex 30.9 -2 25
      vertex 17.3025 -2 28.9734
      vertex 17.2443 -2 28.8924
    endloop
  endfacet
  facet normal 0 -1 0
    outer loop
      vertex 30.9 -2 25
      vertex 17.2443 -2 28.8924
      vertex 17.1821 -2 28.8144
    endloop
  endfacet
  facet normal 0 -1 0
    outer loop
      vertex 30.9 -2 25
      vertex 17.1821 -2 28.8144
      vertex 17.1161 -2 28.7397
    endloop
  endfacet
  facet normal 0 -1 0
    outer loop
      vertex 17.5294 -2 29.416
      vertex 30.447 -2 28.6893
      vertex 30.3804 -2 28.947
    endloop
  endfacet
  facet normal 0 -1 0
    outer loop
      vertex 30.9 -2 25
      vertex 17.1161 -2 28.7397
      vertex 17.0465 -2 28.6683
    endloop
  endfacet
  facet normal 0 -1 0
    outer loop
      vertex 30.9 -2 25
      vertex 17.0465 -2 28.6683
      vertex 16.9734 -2 28.6004
    endloop
  endfacet
  facet normal 0 -1 0
    outer loop
      vertex 30.9 -2 25
      vertex 16.9734 -2 28.6004
      vertex 16.897 -2 28.5363
    endloop
  endfacet
  facet normal 0 -1 0
    outer loop
      vertex 30.9 -2 25
      vertex 16.897 -2 28.5363
      vertex 16.8175 -2 28.4761
    endloop
  endfacet
  facet normal 0 -1 0
    outer loop
      vertex 17.5294 -2 29.416
      vertex 30.5091 -2 28.4305
      vertex 30.447 -2 28.6893
    endloop
  endfacet
  facet normal 0 -1 0
    outer loop
      vertex 30.9 -2 25
      vertex 16.8175 -2 28.4761
      vertex 16.7351 -2 28.4199
    endloop
  endfacet
  facet normal 0 -1 0
    outer loop
      vertex 30.9 -2 25
      vertex 16.7351 -2 28.4199
      vertex 16.65 -2 28.3679
    endloop
  endfacet
  facet normal 0 -1 0
    outer loop
      vertex 30.9 -2 25
      vertex 16.65 -2 28.3679
      vertex 16.5624 -2 28.3203
    endloop
  endfacet
  facet normal 0 -1 0
    outer loop
      vertex 30.9 -2 25
      vertex 16.5624 -2 28.3203
      vertex 16.4726 -2 28.277
    endloop
  endfacet
  facet normal 0 -1 0
    outer loop
      vertex 30.9 -2 25
      vertex 16.4726 -2 28.277
      vertex 16.3807 -2 28.2383
    endloop
  endfacet
  facet normal 0 -1 0
    outer loop
      vertex 30.9 -2 25
      vertex 16.3807 -2 28.2383
      vertex 16.287 -2 28.2041
    endloop
  endfacet
  facet normal 0 -1 0
    outer loop
      vertex 30.9 -2 25
      vertex 16.287 -2 28.2041
      vertex 16.1917 -2 28.1748
    endloop
  endfacet
  facet normal 0 -1 0
    outer loop
      vertex 17.493 -2 29.3231
      vertex 30.5668 -2 28.1707
      vertex 30.5091 -2 28.4305
    endloop
  endfacet
  facet normal 0 -1 0
    outer loop
      vertex 30.9 -2 25
      vertex 16.1917 -2 28.1748
      vertex 16.095 -2 28.1501
    endloop
  endfacet
  facet normal 0 -1 0
    outer loop
      vertex 30.9 -2 25
      vertex 16.095 -2 28.1501
      vertex 15.9973 -2 28.1304
    endloop
  endfacet
  facet normal 0 -1 0
    outer loop
      vertex 30.9 -2 25
      vertex 15.9973 -2 28.1304
      vertex 15.8987 -2 28.1155
    endloop
  endfacet
  facet normal 0 -1 0
    outer loop
      vertex 30.9 -2 25
      vertex 15.8987 -2 28.1155
      vertex 15.7995 -2 28.1056
    endloop
  endfacet
  facet normal 0 -1 0
    outer loop
      vertex 30.9 -2 25
      vertex 15.7995 -2 28.1056
      vertex 15.6999 -2 28.1006
    endloop
  endfacet
  facet normal 0 -1 -0
    outer loop
      vertex 14.65 -2 28.3679
      vertex 0.4 -2 25
      vertex 14.7376 -2 28.3203
    endloop
  endfacet
  facet normal 0 -1 0
    outer loop
      vertex 17.493 -2 29.3231
      vertex 30.6198 -2 27.9098
      vertex 30.5668 -2 28.1707
    endloop
  endfacet
  facet normal 0 -1 -0
    outer loop
      vertex 14.7376 -2 28.3203
      vertex 0.4 -2 25
      vertex 14.8274 -2 28.277
    endloop
  endfacet
  facet normal 0 -1 0
    outer loop
      vertex 17.493 -2 29.3231
      vertex 30.6683 -2 27.6481
      vertex 30.6198 -2 27.9098
    endloop
  endfacet
  facet normal 0 -1 -0
    outer loop
      vertex 14.8274 -2 28.277
      vertex 0.4 -2 25
      vertex 14.9193 -2 28.2383
    endloop
  endfacet
  facet normal 0 -1 0
    outer loop
      vertex 17.4519 -2 29.2322
      vertex 30.7122 -2 27.3856
      vertex 30.6683 -2 27.6481
    endloop
  endfacet
  facet normal 0 -1 -0
    outer loop
      vertex 14.9193 -2 28.2383
      vertex 0.4 -2 25
      vertex 15.013 -2 28.2041
    endloop
  endfacet
  facet normal 0 -1 0
    outer loop
      vertex 17.4519 -2 29.2322
      vertex 30.7516 -2 27.1224
      vertex 30.7122 -2 27.3856
    endloop
  endfacet
  facet normal 0 -1 -0
    outer loop
      vertex 15.013 -2 28.2041
      vertex 0.4 -2 25
      vertex 15.1083 -2 28.1748
    endloop
  endfacet
  facet normal 0 -1 0
    outer loop
      vertex 17.4519 -2 29.2322
      vertex 30.7863 -2 26.8585
      vertex 30.7516 -2 27.1224
    endloop
  endfacet
  facet normal 0 -1 -0
    outer loop
      vertex 15.1083 -2 28.1748
      vertex 0.4 -2 25
      vertex 15.205 -2 28.1501
    endloop
  endfacet
  facet normal 0 -1 0
    outer loop
      vertex 17.4064 -2 29.1435
      vertex 30.8165 -2 26.5941
      vertex 30.7863 -2 26.8585
    endloop
  endfacet
  facet normal 0 -1 -0
    outer loop
      vertex 15.205 -2 28.1501
      vertex 0.4 -2 25
      vertex 15.3027 -2 28.1304
    endloop
  endfacet
  facet normal 0 -1 0
    outer loop
      vertex 17.4064 -2 29.1435
      vertex 30.842 -2 26.3291
      vertex 30.8165 -2 26.5941
    endloop
  endfacet
  facet normal 0 -1 -0
    outer loop
      vertex 15.3027 -2 28.1304
      vertex 0.4 -2 25
      vertex 15.4013 -2 28.1155
    endloop
  endfacet
  facet normal 0 -1 0
    outer loop
      vertex 17.4064 -2 29.1435
      vertex 30.8629 -2 26.0638
      vertex 30.842 -2 26.3291
    endloop
  endfacet
  facet normal 0 -1 -0
    outer loop
      vertex 15.4013 -2 28.1155
      vertex 0.4 -2 25
      vertex 15.5005 -2 28.1056
    endloop
  endfacet
  facet normal 0 -1 0
    outer loop
      vertex 17.3566 -2 29.0571
      vertex 30.8791 -2 25.7981
      vertex 30.8629 -2 26.0638
    endloop
  endfacet
  facet normal 0 -1 -0
    outer loop
      vertex 15.5005 -2 28.1056
      vertex 0.4 -2 25
      vertex 15.6001 -2 28.1006
    endloop
  endfacet
  facet normal 0 -1 0
    outer loop
      vertex 17.3566 -2 29.0571
      vertex 30.8907 -2 25.5322
      vertex 30.8791 -2 25.7981
    endloop
  endfacet
  facet normal 0 -1 -0
    outer loop
      vertex 15.6001 -2 28.1006
      vertex 0.4 -2 25
      vertex 15.6999 -2 28.1006
    endloop
  endfacet
  facet normal 0 -1 0
    outer loop
      vertex 17.3566 -2 29.0571
      vertex 30.8977 -2 25.2661
      vertex 30.8907 -2 25.5322
    endloop
  endfacet
  facet normal 0 -1 0
    outer loop
      vertex 30.9 -2 25
      vertex 15.6999 -2 28.1006
      vertex 0.4 -2 25
    endloop
  endfacet
  facet normal 0 -1 0
    outer loop
      vertex 17.3025 -2 28.9734
      vertex 30.9 -2 25
      vertex 30.8977 -2 25.2661
    endloop
  endfacet
  facet normal 0.972398 -0 0.23333
    outer loop
      vertex 30.447 -2 28.6893
      vertex 30.5091 0.4 28.4305
      vertex 30.447 0.4 28.6893
    endloop
  endfacet
  facet normal 0.972398 0 0.23333
    outer loop
      vertex 30.5091 0.4 28.4305
      vertex 30.447 -2 28.6893
      vertex 30.5091 -2 28.4305
    endloop
  endfacet
  facet normal 0.894878 -0 0.446312
    outer loop
      vertex 29.2378 -2 31.9234
      vertex 29.3566 0.4 31.6852
      vertex 29.2378 0.4 31.9234
    endloop
  endfacet
  facet normal 0.894878 0 0.446312
    outer loop
      vertex 29.3566 0.4 31.6852
      vertex 29.2378 -2 31.9234
      vertex 29.3566 -2 31.6852
    endloop
  endfacet
  facet normal 0.580776 0 0.814063
    outer loop
      vertex 24.397 0.4 37.4921
      vertex 24.6137 -2 37.3375
      vertex 24.6137 0.4 37.3375
    endloop
  endfacet
  facet normal 0.580776 0 0.814063
    outer loop
      vertex 24.6137 -2 37.3375
      vertex 24.397 0.4 37.4921
      vertex 24.397 -2 37.4921
    endloop
  endfacet
  facet normal 0.398767 0 0.917052
    outer loop
      vertex 21.6087 0.4 39.0377
      vertex 21.8527 -2 38.9316
      vertex 21.8527 0.4 38.9316
    endloop
  endfacet
  facet normal 0.398767 0 0.917052
    outer loop
      vertex 21.8527 -2 38.9316
      vertex 21.6087 0.4 39.0377
      vertex 21.6087 -2 39.0377
    endloop
  endfacet
  facet normal 0.148046 0 0.98898
    outer loop
      vertex 17.7724 0.4 40.1016
      vertex 18.0356 -2 40.0622
      vertex 18.0356 0.4 40.0622
    endloop
  endfacet
  facet normal 0.148046 0 0.98898
    outer loop
      vertex 18.0356 -2 40.0622
      vertex 17.7724 0.4 40.1016
      vertex 17.7724 -2 40.1016
    endloop
  endfacet
  facet normal 0.843321 -0 0.53741
    outer loop
      vertex 28.4397 -2 33.3057
      vertex 28.5827 0.4 33.0813
      vertex 28.4397 0.4 33.3057
    endloop
  endfacet
  facet normal 0.843321 0 0.53741
    outer loop
      vertex 28.5827 0.4 33.0813
      vertex 28.4397 -2 33.3057
      vertex 28.5827 -2 33.0813
    endloop
  endfacet
  facet normal 0.477166 0 0.878813
    outer loop
      vertex 22.8094 0.4 38.465
      vertex 23.0433 -2 38.338
      vertex 23.0433 0.4 38.338
    endloop
  endfacet
  facet normal 0.477166 0 0.878813
    outer loop
      vertex 23.0433 -2 38.338
      vertex 22.8094 0.4 38.465
      vertex 22.8094 -2 38.465
    endloop
  endfacet
  facet normal 0.8705 -0 0.492169
    outer loop
      vertex 28.8569 -2 32.625
      vertex 28.9879 0.4 32.3933
      vertex 28.8569 0.4 32.625
    endloop
  endfacet
  facet normal 0.8705 0 0.492169
    outer loop
      vertex 28.9879 0.4 32.3933
      vertex 28.8569 -2 32.625
      vertex 28.9879 -2 32.3933
    endloop
  endfacet
  facet normal -0.398657 0 0.9171
    outer loop
      vertex 9.44727 0.4 38.9316
      vertex 9.69135 -2 39.0377
      vertex 9.69135 0.4 39.0377
    endloop
  endfacet
  facet normal -0.398657 0 0.9171
    outer loop
      vertex 9.69135 -2 39.0377
      vertex 9.44727 0.4 38.9316
      vertex 9.44727 -2 38.9316
    endloop
  endfacet
  facet normal 0.382827 0 0.92382
    outer loop
      vertex 21.3628 0.4 39.1396
      vertex 21.6087 -2 39.0377
      vertex 21.6087 0.4 39.0377
    endloop
  endfacet
  facet normal 0.382827 0 0.92382
    outer loop
      vertex 21.6087 -2 39.0377
      vertex 21.3628 0.4 39.1396
      vertex 21.3628 -2 39.1396
    endloop
  endfacet
  facet normal 0.98898 -0 0.148046
    outer loop
      vertex 30.7122 -2 27.3856
      vertex 30.7516 0.4 27.1224
      vertex 30.7122 0.4 27.3856
    endloop
  endfacet
  facet normal 0.98898 0 0.148046
    outer loop
      vertex 30.7516 0.4 27.1224
      vertex 30.7122 -2 27.3856
      vertex 30.7516 -2 27.1224
    endloop
  endfacet
  facet normal -0.492534 0 0.870293
    outer loop
      vertex 8.025 0.4 38.2069
      vertex 8.25665 -2 38.338
      vertex 8.25665 0.4 38.338
    endloop
  endfacet
  facet normal -0.492534 0 0.870293
    outer loop
      vertex 8.25665 -2 38.338
      vertex 8.025 0.4 38.2069
      vertex 8.025 -2 38.2069
    endloop
  endfacet
  facet normal -0.700804 0 0.713354
    outer loop
      vertex 4.86662 0.4 35.7834
      vertex 5.05646 -2 35.9699
      vertex 5.05646 0.4 35.9699
    endloop
  endfacet
  facet normal -0.700804 0 0.713354
    outer loop
      vertex 5.05646 -2 35.9699
      vertex 4.86662 0.4 35.7834
      vertex 4.86662 -2 35.7834
    endloop
  endfacet
  facet normal 0.113483 0 0.99354
    outer loop
      vertex 17.2441 0.4 40.1665
      vertex 17.5085 -2 40.1363
      vertex 17.5085 0.4 40.1363
    endloop
  endfacet
  facet normal 0.113483 0 0.99354
    outer loop
      vertex 17.5085 -2 40.1363
      vertex 17.2441 0.4 40.1665
      vertex 17.2441 -2 40.1665
    endloop
  endfacet
  facet normal -0.164947 0 0.986302
    outer loop
      vertex 13.0019 0.4 40.0183
      vertex 13.2644 -2 40.0622
      vertex 13.2644 0.4 40.0622
    endloop
  endfacet
  facet normal -0.164947 0 0.986302
    outer loop
      vertex 13.2644 -2 40.0622
      vertex 13.0019 0.4 40.0183
      vertex 13.0019 -2 40.0183
    endloop
  endfacet
  facet normal -0.382827 0 0.92382
    outer loop
      vertex 9.69135 0.4 39.0377
      vertex 9.93725 -2 39.1396
      vertex 9.93725 0.4 39.1396
    endloop
  endfacet
  facet normal -0.382827 0 0.92382
    outer loop
      vertex 9.93725 -2 39.1396
      vertex 9.69135 0.4 39.0377
      vertex 9.69135 -2 39.0377
    endloop
  endfacet
  facet normal -0.043584 0 0.99905
    outer loop
      vertex 14.8519 0.4 40.2291
      vertex 15.1178 -2 40.2407
      vertex 15.1178 0.4 40.2407
    endloop
  endfacet
  facet normal -0.043584 0 0.99905
    outer loop
      vertex 15.1178 -2 40.2407
      vertex 14.8519 0.4 40.2291
      vertex 14.8519 -2 40.2291
    endloop
  endfacet
  facet normal 0.300628 0 0.953742
    outer loop
      vertex 20.1087 0.4 39.5836
      vertex 20.3625 -2 39.5036
      vertex 20.3625 0.4 39.5036
    endloop
  endfacet
  facet normal 0.300628 0 0.953742
    outer loop
      vertex 20.3625 -2 39.5036
      vertex 20.1087 0.4 39.5836
      vertex 20.1087 -2 39.5836
    endloop
  endfacet
  facet normal -0.814134 0 0.580677
    outer loop
      vertex 3.15793 -2 33.747
      vertex 3.31249 0.4 33.9637
      vertex 3.15793 0.4 33.747
    endloop
  endfacet
  facet normal -0.814134 0 0.580677
    outer loop
      vertex 3.31249 0.4 33.9637
      vertex 3.15793 -2 33.747
      vertex 3.31249 -2 33.9637
    endloop
  endfacet
  facet normal 0.00864304 0 0.999963
    outer loop
      vertex 15.65 0.4 40.25
      vertex 15.9161 -2 40.2477
      vertex 15.9161 0.4 40.2477
    endloop
  endfacet
  facet normal 0.00864304 0 0.999963
    outer loop
      vertex 15.9161 -2 40.2477
      vertex 15.65 0.4 40.25
      vertex 15.65 -2 40.25
    endloop
  endfacet
  facet normal -0.608693 0 0.793406
    outer loop
      vertex 6.26116 0.4 37.0172
      vertex 6.47232 -2 37.1792
      vertex 6.47232 0.4 37.1792
    endloop
  endfacet
  facet normal -0.608693 0 0.793406
    outer loop
      vertex 6.47232 -2 37.1792
      vertex 6.26116 0.4 37.0172
      vertex 6.26116 -2 37.0172
    endloop
  endfacet
  facet normal 0.182224 0 0.983257
    outer loop
      vertex 18.2981 0.4 40.0183
      vertex 18.5598 -2 39.9698
      vertex 18.5598 0.4 39.9698
    endloop
  endfacet
  facet normal 0.182224 0 0.983257
    outer loop
      vertex 18.5598 -2 39.9698
      vertex 18.2981 0.4 40.0183
      vertex 18.2981 -2 40.0183
    endloop
  endfacet
  facet normal 0.725281 -0 0.688453
    outer loop
      vertex 26.6199 -2 35.5935
      vertex 26.8031 0.4 35.4005
      vertex 26.6199 0.4 35.5935
    endloop
  endfacet
  facet normal 0.725281 0 0.688453
    outer loop
      vertex 26.8031 0.4 35.4005
      vertex 26.6199 -2 35.5935
      vertex 26.8031 -2 35.4005
    endloop
  endfacet
  facet normal 0.995402 -0 0.095784
    outer loop
      vertex 30.8165 -2 26.5941
      vertex 30.842 0.4 26.3291
      vertex 30.8165 0.4 26.5941
    endloop
  endfacet
  facet normal 0.995402 0 0.095784
    outer loop
      vertex 30.842 0.4 26.3291
      vertex 30.8165 -2 26.5941
      vertex 30.842 -2 26.3291
    endloop
  endfacet
  facet normal -0.675771 0 0.737112
    outer loop
      vertex 5.24953 0.4 36.1531
      vertex 5.44576 -2 36.333
      vertex 5.44576 0.4 36.333
    endloop
  endfacet
  facet normal -0.675771 0 0.737112
    outer loop
      vertex 5.44576 -2 36.333
      vertex 5.24953 0.4 36.1531
      vertex 5.24953 -2 36.1531
    endloop
  endfacet
  facet normal -0.250219 0 0.968189
    outer loop
      vertex 11.703 0.4 39.7304
      vertex 11.9607 -2 39.797
      vertex 11.9607 0.4 39.797
    endloop
  endfacet
  facet normal -0.250219 0 0.968189
    outer loop
      vertex 11.9607 -2 39.797
      vertex 11.703 0.4 39.7304
      vertex 11.703 -2 39.7304
    endloop
  endfacet
  facet normal 0.909929 -0 0.414765
    outer loop
      vertex 29.4712 -2 31.4449
      vertex 29.5816 0.4 31.2027
      vertex 29.4712 0.4 31.4449
    endloop
  endfacet
  facet normal 0.909929 0 0.414765
    outer loop
      vertex 29.5816 0.4 31.2027
      vertex 29.4712 -2 31.4449
      vertex 29.5816 -2 31.2027
    endloop
  endfacet
  facet normal -0.725262 0 0.688473
    outer loop
      vertex 4.49686 -2 35.4005
      vertex 4.68007 0.4 35.5935
      vertex 4.49686 0.4 35.4005
    endloop
  endfacet
  facet normal -0.725262 0 0.688473
    outer loop
      vertex 4.68007 0.4 35.5935
      vertex 4.49686 -2 35.4005
      vertex 4.68007 -2 35.5935
    endloop
  endfacet
  facet normal 0.958813 -0 0.284037
    outer loop
      vertex 30.2336 -2 29.4587
      vertex 30.3092 0.4 29.2035
      vertex 30.2336 0.4 29.4587
    endloop
  endfacet
  facet normal 0.958813 0 0.284037
    outer loop
      vertex 30.3092 0.4 29.2035
      vertex 30.2336 -2 29.4587
      vertex 30.3092 -2 29.2035
    endloop
  endfacet
  facet normal -0.748892 0 0.662692
    outer loop
      vertex 4.14068 -2 35.0049
      vertex 4.31704 0.4 35.2042
      vertex 4.14068 0.4 35.0049
    endloop
  endfacet
  facet normal -0.748892 0 0.662692
    outer loop
      vertex 4.31704 0.4 35.2042
      vertex 4.14068 -2 35.0049
      vertex 4.31704 -2 35.2042
    endloop
  endfacet
  facet normal 0.861577 -0 0.507628
    outer loop
      vertex 28.7218 -2 32.8543
      vertex 28.8569 0.4 32.625
      vertex 28.7218 0.4 32.8543
    endloop
  endfacet
  facet normal 0.861577 0 0.507628
    outer loop
      vertex 28.8569 0.4 32.625
      vertex 28.7218 -2 32.8543
      vertex 28.8569 -2 32.625
    endloop
  endfacet
  facet normal 0.85265 -0 0.522483
    outer loop
      vertex 28.5827 -2 33.0813
      vertex 28.7218 0.4 32.8543
      vertex 28.5827 0.4 33.0813
    endloop
  endfacet
  facet normal 0.85265 0 0.522483
    outer loop
      vertex 28.7218 0.4 32.8543
      vertex 28.5827 -2 33.0813
      vertex 28.7218 -2 32.8543
    endloop
  endfacet
  facet normal 0.0785354 0 0.996911
    outer loop
      vertex 16.7138 0.4 40.2129
      vertex 16.9791 -2 40.192
      vertex 16.9791 0.4 40.192
    endloop
  endfacet
  facet normal 0.0785354 0 0.996911
    outer loop
      vertex 16.9791 -2 40.192
      vertex 16.7138 0.4 40.2129
      vertex 16.7138 -2 40.2129
    endloop
  endfacet
  facet normal -0.594769 0 0.803897
    outer loop
      vertex 6.47232 0.4 37.1792
      vertex 6.68628 -2 37.3375
      vertex 6.68628 0.4 37.3375
    endloop
  endfacet
  facet normal -0.594769 0 0.803897
    outer loop
      vertex 6.68628 -2 37.3375
      vertex 6.47232 0.4 37.1792
      vertex 6.47232 -2 37.1792
    endloop
  endfacet
  facet normal -0.979938 0 0.199304
    outer loop
      vertex 0.680186 -2 27.9098
      vertex 0.733249 0.4 28.1707
      vertex 0.680186 0.4 27.9098
    endloop
  endfacet
  facet normal -0.979938 0 0.199304
    outer loop
      vertex 0.733249 0.4 28.1707
      vertex 0.680186 -2 27.9098
      vertex 0.733249 -2 28.1707
    endloop
  endfacet
  facet normal -0.0262968 0 0.999654
    outer loop
      vertex 15.1178 0.4 40.2407
      vertex 15.3839 -2 40.2477
      vertex 15.3839 0.4 40.2477
    endloop
  endfacet
  facet normal -0.0262968 0 0.999654
    outer loop
      vertex 15.3839 -2 40.2477
      vertex 15.1178 0.4 40.2407
      vertex 15.1178 -2 40.2407
    endloop
  endfacet
  facet normal -0.199077 0 0.979984
    outer loop
      vertex 12.4793 0.4 39.9168
      vertex 12.7402 -2 39.9698
      vertex 12.7402 0.4 39.9698
    endloop
  endfacet
  facet normal -0.199077 0 0.979984
    outer loop
      vertex 12.7402 -2 39.9698
      vertex 12.4793 0.4 39.9168
      vertex 12.4793 -2 39.9168
    endloop
  endfacet
  facet normal -0.976287 0 0.216482
    outer loop
      vertex 0.733249 -2 28.1707
      vertex 0.790857 0.4 28.4305
      vertex 0.733249 0.4 28.1707
    endloop
  endfacet
  facet normal -0.976287 0 0.216482
    outer loop
      vertex 0.790857 0.4 28.4305
      vertex 0.733249 -2 28.1707
      vertex 0.790857 -2 28.4305
    endloop
  endfacet
  facet normal 0.917112 -0 0.39863
    outer loop
      vertex 29.5816 -2 31.2027
      vertex 29.6877 0.4 30.9586
      vertex 29.5816 0.4 31.2027
    endloop
  endfacet
  facet normal 0.917112 0 0.39863
    outer loop
      vertex 29.6877 0.4 30.9586
      vertex 29.5816 -2 31.2027
      vertex 29.6877 -2 30.9586
    endloop
  endfacet
  facet normal 0.594697 0 0.80395
    outer loop
      vertex 24.6137 0.4 37.3375
      vertex 24.8277 -2 37.1792
      vertex 24.8277 0.4 37.1792
    endloop
  endfacet
  facet normal 0.594697 0 0.80395
    outer loop
      vertex 24.8277 -2 37.1792
      vertex 24.6137 0.4 37.3375
      vertex 24.6137 -2 37.3375
    endloop
  endfacet
  facet normal -0.284037 0 0.958813
    outer loop
      vertex 11.1913 0.4 39.5836
      vertex 11.4465 -2 39.6592
      vertex 11.4465 0.4 39.6592
    endloop
  endfacet
  facet normal -0.284037 0 0.958813
    outer loop
      vertex 11.4465 -2 39.6592
      vertex 11.1913 0.4 39.5836
      vertex 11.1913 -2 39.5836
    endloop
  endfacet
  facet normal 0.566353 0 0.824163
    outer loop
      vertex 24.1777 0.4 37.6428
      vertex 24.397 -2 37.4921
      vertex 24.397 0.4 37.4921
    endloop
  endfacet
  facet normal 0.566353 0 0.824163
    outer loop
      vertex 24.397 -2 37.4921
      vertex 24.1777 0.4 37.6428
      vertex 24.1777 -2 37.6428
    endloop
  endfacet
  facet normal 0.814063 -0 0.580776
    outer loop
      vertex 27.9875 -2 33.9637
      vertex 28.1421 0.4 33.747
      vertex 27.9875 0.4 33.9637
    endloop
  endfacet
  facet normal 0.814063 0 0.580776
    outer loop
      vertex 28.1421 0.4 33.747
      vertex 27.9875 -2 33.9637
      vertex 28.1421 -2 33.747
    endloop
  endfacet
  facet normal 0.760343 -0 0.649522
    outer loop
      vertex 27.1593 -2 35.0049
      vertex 27.3322 0.4 34.8025
      vertex 27.1593 0.4 35.0049
    endloop
  endfacet
  facet normal 0.760343 0 0.649522
    outer loop
      vertex 27.3322 0.4 34.8025
      vertex 27.1593 -2 35.0049
      vertex 27.3322 -2 34.8025
    endloop
  endfacet
  facet normal -0.999657 0 0.0261767
    outer loop
      vertex 0.402323 -2 25.2661
      vertex 0.409291 0.4 25.5322
      vertex 0.402323 0.4 25.2661
    endloop
  endfacet
  facet normal -0.999657 0 0.0261767
    outer loop
      vertex 0.409291 0.4 25.5322
      vertex 0.402323 -2 25.2661
      vertex 0.409291 -2 25.5322
    endloop
  endfacet
  facet normal -0.972369 0 0.233451
    outer loop
      vertex 0.790857 -2 28.4305
      vertex 0.852991 0.4 28.6893
      vertex 0.790857 0.4 28.4305
    endloop
  endfacet
  facet normal -0.972369 0 0.233451
    outer loop
      vertex 0.852991 0.4 28.6893
      vertex 0.790857 -2 28.4305
      vertex 0.852991 -2 28.6893
    endloop
  endfacet
  facet normal -0.688322 0 0.725405
    outer loop
      vertex 5.05646 0.4 35.9699
      vertex 5.24953 -2 36.1531
      vertex 5.24953 0.4 36.1531
    endloop
  endfacet
  facet normal -0.688322 0 0.725405
    outer loop
      vertex 5.24953 -2 36.1531
      vertex 5.05646 0.4 35.9699
      vertex 5.05646 -2 35.9699
    endloop
  endfacet
  facet normal -0.923886 0 0.382667
    outer loop
      vertex 1.51045 -2 30.7127
      vertex 1.6123 0.4 30.9586
      vertex 1.51045 0.4 30.7127
    endloop
  endfacet
  facet normal -0.923886 0 0.382667
    outer loop
      vertex 1.6123 0.4 30.9586
      vertex 1.51045 -2 30.7127
      vertex 1.6123 -2 30.9586
    endloop
  endfacet
  facet normal 0.608802 0 0.793322
    outer loop
      vertex 24.8277 0.4 37.1792
      vertex 25.0388 -2 37.0172
      vertex 25.0388 0.4 37.0172
    endloop
  endfacet
  facet normal 0.608802 0 0.793322
    outer loop
      vertex 25.0388 -2 37.0172
      vertex 24.8277 0.4 37.1792
      vertex 24.8277 -2 37.1792
    endloop
  endfacet
  facet normal 0.953742 -0 0.300628
    outer loop
      vertex 30.1536 -2 29.7125
      vertex 30.2336 0.4 29.4587
      vertex 30.1536 0.4 29.7125
    endloop
  endfacet
  facet normal 0.953742 0 0.300628
    outer loop
      vertex 30.2336 0.4 29.4587
      vertex 30.1536 -2 29.7125
      vertex 30.2336 -2 29.4587
    endloop
  endfacet
  facet normal 0.92382 -0 0.382827
    outer loop
      vertex 29.6877 -2 30.9586
      vertex 29.7896 0.4 30.7127
      vertex 29.6877 0.4 30.9586
    endloop
  endfacet
  facet normal 0.92382 0 0.382827
    outer loop
      vertex 29.7896 0.4 30.7127
      vertex 29.6877 -2 30.9586
      vertex 29.7896 -2 30.7127
    endloop
  endfacet
  facet normal 0.551836 0 0.833953
    outer loop
      vertex 23.9557 0.4 37.7897
      vertex 24.1777 -2 37.6428
      vertex 24.1777 0.4 37.6428
    endloop
  endfacet
  facet normal 0.551836 0 0.833953
    outer loop
      vertex 24.1777 -2 37.6428
      vertex 23.9557 0.4 37.7897
      vertex 23.9557 -2 37.7897
    endloop
  endfacet
  facet normal 0.936684 -0 0.350176
    outer loop
      vertex 29.8871 -2 30.4651
      vertex 29.9803 0.4 30.2158
      vertex 29.8871 0.4 30.4651
    endloop
  endfacet
  facet normal 0.936684 0 0.350176
    outer loop
      vertex 29.9803 0.4 30.2158
      vertex 29.8871 -2 30.4651
      vertex 29.9803 -2 30.2158
    endloop
  endfacet
  facet normal -0.507578 0 0.861606
    outer loop
      vertex 7.79567 0.4 38.0718
      vertex 8.025 -2 38.2069
      vertex 8.025 0.4 38.2069
    endloop
  endfacet
  facet normal -0.507578 0 0.861606
    outer loop
      vertex 8.025 -2 38.2069
      vertex 7.79567 0.4 38.0718
      vertex 7.79567 -2 38.0718
    endloop
  endfacet
  facet normal 0.983257 -0 0.182224
    outer loop
      vertex 30.6198 -2 27.9098
      vertex 30.6683 0.4 27.6481
      vertex 30.6198 0.4 27.9098
    endloop
  endfacet
  facet normal 0.983257 0 0.182224
    outer loop
      vertex 30.6683 0.4 27.6481
      vertex 30.6198 -2 27.9098
      vertex 30.6683 -2 27.6481
    endloop
  endfacet
  facet normal -0.917071 0 0.398725
    outer loop
      vertex 1.6123 -2 30.9586
      vertex 1.71843 0.4 31.2027
      vertex 1.6123 0.4 30.9586
    endloop
  endfacet
  facet normal -0.917071 0 0.398725
    outer loop
      vertex 1.71843 0.4 31.2027
      vertex 1.6123 -2 30.9586
      vertex 1.71843 -2 31.2027
    endloop
  endfacet
  facet normal 0.67564 0 0.737232
    outer loop
      vertex 25.8542 0.4 36.333
      vertex 26.0505 -2 36.1531
      vertex 26.0505 0.4 36.1531
    endloop
  endfacet
  facet normal 0.67564 0 0.737232
    outer loop
      vertex 26.0505 -2 36.1531
      vertex 25.8542 0.4 36.333
      vertex 25.8542 -2 36.333
    endloop
  endfacet
  facet normal 0.430458 0 0.90261
    outer loop
      vertex 22.0949 0.4 38.8212
      vertex 22.3352 -2 38.7066
      vertex 22.3352 0.4 38.7066
    endloop
  endfacet
  facet normal 0.430458 0 0.90261
    outer loop
      vertex 22.3352 -2 38.7066
      vertex 22.0949 0.4 38.8212
      vertex 22.0949 -2 38.8212
    endloop
  endfacet
  facet normal 0.461589 0 0.887094
    outer loop
      vertex 22.5734 0.4 38.5878
      vertex 22.8094 -2 38.465
      vertex 22.8094 0.4 38.465
    endloop
  endfacet
  facet normal 0.461589 0 0.887094
    outer loop
      vertex 22.8094 -2 38.465
      vertex 22.5734 0.4 38.5878
      vertex 22.5734 -2 38.5878
    endloop
  endfacet
  facet normal -0.771659 0 0.636036
    outer loop
      vertex 3.79852 -2 34.5971
      vertex 3.96782 0.4 34.8025
      vertex 3.79852 0.4 34.5971
    endloop
  endfacet
  facet normal -0.771659 0 0.636036
    outer loop
      vertex 3.96782 0.4 34.8025
      vertex 3.79852 -2 34.5971
      vertex 3.96782 -2 34.8025
    endloop
  endfacet
  facet normal -0.930395 0 0.366559
    outer loop
      vertex 1.4129 -2 30.4651
      vertex 1.51045 0.4 30.7127
      vertex 1.4129 0.4 30.4651
    endloop
  endfacet
  facet normal -0.930395 0 0.366559
    outer loop
      vertex 1.51045 0.4 30.7127
      vertex 1.4129 -2 30.4651
      vertex 1.51045 -2 30.7127
    endloop
  endfacet
  facet normal -0.182224 0 0.983257
    outer loop
      vertex 12.7402 0.4 39.9698
      vertex 13.0019 -2 40.0183
      vertex 13.0019 0.4 40.0183
    endloop
  endfacet
  facet normal -0.182224 0 0.983257
    outer loop
      vertex 13.0019 -2 40.0183
      vertex 12.7402 0.4 39.9698
      vertex 12.7402 -2 39.9698
    endloop
  endfacet
  facet normal -0.995398 0 0.0958249
    outer loop
      vertex 0.458031 -2 26.3291
      vertex 0.483542 0.4 26.5941
      vertex 0.458031 0.4 26.3291
    endloop
  endfacet
  facet normal -0.995398 0 0.0958249
    outer loop
      vertex 0.483542 0.4 26.5941
      vertex 0.458031 -2 26.3291
      vertex 0.483542 -2 26.5941
    endloop
  endfacet
  facet normal 0.446312 0 0.894878
    outer loop
      vertex 22.3352 0.4 38.7066
      vertex 22.5734 -2 38.5878
      vertex 22.5734 0.4 38.5878
    endloop
  endfacet
  facet normal 0.446312 0 0.894878
    outer loop
      vertex 22.5734 -2 38.5878
      vertex 22.3352 0.4 38.7066
      vertex 22.3352 -2 38.7066
    endloop
  endfacet
  facet normal -0.88694 0 0.461885
    outer loop
      vertex 2.06215 -2 31.9234
      vertex 2.18505 0.4 32.1594
      vertex 2.06215 0.4 31.9234
    endloop
  endfacet
  facet normal -0.88694 0 0.461885
    outer loop
      vertex 2.18505 0.4 32.1594
      vertex 2.06215 -2 31.9234
      vertex 2.18505 -2 32.1594
    endloop
  endfacet
  facet normal -0.94264 0 0.333812
    outer loop
      vertex 1.23084 -2 29.9649
      vertex 1.31969 0.4 30.2158
      vertex 1.23084 0.4 29.9649
    endloop
  endfacet
  facet normal -0.94264 0 0.333812
    outer loop
      vertex 1.31969 0.4 30.2158
      vertex 1.23084 -2 29.9649
      vertex 1.31969 -2 30.2158
    endloop
  endfacet
  facet normal 0.53741 0 0.843321
    outer loop
      vertex 23.7313 0.4 37.9327
      vertex 23.9557 -2 37.7897
      vertex 23.9557 0.4 37.7897
    endloop
  endfacet
  facet normal 0.53741 0 0.843321
    outer loop
      vertex 23.9557 -2 37.7897
      vertex 23.7313 0.4 37.9327
      vertex 23.7313 -2 37.9327
    endloop
  endfacet
  facet normal -0.366332 0 0.930484
    outer loop
      vertex 9.93725 0.4 39.1396
      vertex 10.1849 -2 39.2371
      vertex 10.1849 0.4 39.2371
    endloop
  endfacet
  facet normal -0.366332 0 0.930484
    outer loop
      vertex 10.1849 -2 39.2371
      vertex 9.93725 0.4 39.1396
      vertex 9.93725 -2 39.1396
    endloop
  endfacet
  facet normal -0.566266 0 0.824223
    outer loop
      vertex 6.90296 0.4 37.4921
      vertex 7.12231 -2 37.6428
      vertex 7.12231 0.4 37.6428
    endloop
  endfacet
  facet normal -0.566266 0 0.824223
    outer loop
      vertex 7.12231 -2 37.6428
      vertex 6.90296 0.4 37.4921
      vertex 6.90296 -2 37.4921
    endloop
  endfacet
  facet normal -0.824075 0 0.566481
    outer loop
      vertex 3.00718 -2 33.5277
      vertex 3.15793 0.4 33.747
      vertex 3.00718 0.4 33.5277
    endloop
  endfacet
  facet normal -0.824075 0 0.566481
    outer loop
      vertex 3.15793 0.4 33.747
      vertex 3.00718 -2 33.5277
      vertex 3.15793 -2 33.747
    endloop
  endfacet
  facet normal 0.94258 -0 0.333979
    outer loop
      vertex 29.9803 -2 30.2158
      vertex 30.0692 0.4 29.9649
      vertex 29.9803 0.4 30.2158
    endloop
  endfacet
  facet normal 0.94258 0 0.333979
    outer loop
      vertex 30.0692 0.4 29.9649
      vertex 29.9803 -2 30.2158
      vertex 30.0692 -2 29.9649
    endloop
  endfacet
  facet normal -0.986285 0 0.16505
    outer loop
      vertex 0.587754 -2 27.3856
      vertex 0.631682 0.4 27.6481
      vertex 0.587754 0.4 27.3856
    endloop
  endfacet
  facet normal -0.986285 0 0.16505
    outer loop
      vertex 0.631682 0.4 27.6481
      vertex 0.587754 -2 27.3856
      vertex 0.631682 -2 27.6481
    endloop
  endfacet
  facet normal 0.317129 0 0.948382
    outer loop
      vertex 20.3625 0.4 39.5036
      vertex 20.6149 -2 39.4192
      vertex 20.6149 0.4 39.4192
    endloop
  endfacet
  facet normal 0.317129 0 0.948382
    outer loop
      vertex 20.6149 -2 39.4192
      vertex 20.3625 0.4 39.5036
      vertex 20.3625 -2 39.5036
    endloop
  endfacet
  facet normal -0.060858 0 0.998146
    outer loop
      vertex 14.5862 0.4 40.2129
      vertex 14.8519 -2 40.2291
      vertex 14.8519 0.4 40.2291
    endloop
  endfacet
  facet normal -0.060858 0 0.998146
    outer loop
      vertex 14.8519 -2 40.2291
      vertex 14.5862 0.4 40.2129
      vertex 14.5862 -2 40.2129
    endloop
  endfacet
  facet normal 0.130367 0 0.991466
    outer loop
      vertex 17.5085 0.4 40.1363
      vertex 17.7724 -2 40.1016
      vertex 17.7724 0.4 40.1016
    endloop
  endfacet
  facet normal 0.130367 0 0.991466
    outer loop
      vertex 17.7724 -2 40.1016
      vertex 17.5085 0.4 40.1363
      vertex 17.5085 -2 40.1363
    endloop
  endfacet
  facet normal -0.953698 0 0.300764
    outer loop
      vertex 1.06635 -2 29.4587
      vertex 1.14639 0.4 29.7125
      vertex 1.06635 0.4 29.4587
    endloop
  endfacet
  facet normal -0.953698 0 0.300764
    outer loop
      vertex 1.14639 0.4 29.7125
      vertex 1.06635 -2 29.4587
      vertex 1.14639 -2 29.7125
    endloop
  endfacet
  facet normal -0.936672 0 0.350209
    outer loop
      vertex 1.31969 -2 30.2158
      vertex 1.4129 0.4 30.4651
      vertex 1.31969 0.4 30.2158
    endloop
  endfacet
  facet normal -0.936672 0 0.350209
    outer loop
      vertex 1.4129 0.4 30.4651
      vertex 1.31969 -2 30.2158
      vertex 1.4129 -2 30.4651
    endloop
  endfacet
  facet normal -0.713371 0 0.700787
    outer loop
      vertex 4.68007 -2 35.5935
      vertex 4.86662 0.4 35.7834
      vertex 4.68007 0.4 35.5935
    endloop
  endfacet
  facet normal -0.713371 0 0.700787
    outer loop
      vertex 4.86662 0.4 35.7834
      vertex 4.68007 -2 35.5935
      vertex 4.86662 -2 35.7834
    endloop
  endfacet
  facet normal -0.300628 0 0.953742
    outer loop
      vertex 10.9375 0.4 39.5036
      vertex 11.1913 -2 39.5836
      vertex 11.1913 0.4 39.5836
    endloop
  endfacet
  facet normal -0.300628 0 0.953742
    outer loop
      vertex 11.1913 -2 39.5836
      vertex 10.9375 0.4 39.5036
      vertex 10.9375 -2 39.5036
    endloop
  endfacet
  facet normal 0.414765 0 0.909929
    outer loop
      vertex 21.8527 0.4 38.9316
      vertex 22.0949 -2 38.8212
      vertex 22.0949 0.4 38.8212
    endloop
  endfacet
  facet normal 0.414765 0 0.909929
    outer loop
      vertex 22.0949 -2 38.8212
      vertex 21.8527 0.4 38.9316
      vertex 21.8527 -2 38.9316
    endloop
  endfacet
  facet normal 0.0262968 0 0.999654
    outer loop
      vertex 15.9161 0.4 40.2477
      vertex 16.1822 -2 40.2407
      vertex 16.1822 0.4 40.2407
    endloop
  endfacet
  facet normal 0.0262968 0 0.999654
    outer loop
      vertex 16.1822 -2 40.2407
      vertex 15.9161 0.4 40.2477
      vertex 15.9161 -2 40.2477
    endloop
  endfacet
  facet normal 0.267469 0 0.963566
    outer loop
      vertex 19.597 0.4 39.7304
      vertex 19.8535 -2 39.6592
      vertex 19.8535 0.4 39.6592
    endloop
  endfacet
  facet normal 0.267469 0 0.963566
    outer loop
      vertex 19.8535 -2 39.6592
      vertex 19.597 0.4 39.7304
      vertex 19.597 -2 39.7304
    endloop
  endfacet
  facet normal -0.948326 0 0.317298
    outer loop
      vertex 1.14639 -2 29.7125
      vertex 1.23084 0.4 29.9649
      vertex 1.14639 0.4 29.7125
    endloop
  endfacet
  facet normal -0.948326 0 0.317298
    outer loop
      vertex 1.23084 0.4 29.9649
      vertex 1.14639 -2 29.7125
      vertex 1.23084 -2 29.9649
    endloop
  endfacet
  facet normal 0.250219 0 0.968189
    outer loop
      vertex 19.3393 0.4 39.797
      vertex 19.597 -2 39.7304
      vertex 19.597 0.4 39.7304
    endloop
  endfacet
  facet normal 0.250219 0 0.968189
    outer loop
      vertex 19.597 -2 39.7304
      vertex 19.3393 0.4 39.797
      vertex 19.3393 -2 39.797
    endloop
  endfacet
  facet normal -0.782625 0 0.622493
    outer loop
      vertex 3.63284 -2 34.3888
      vertex 3.79852 0.4 34.5971
      vertex 3.63284 0.4 34.3888
    endloop
  endfacet
  facet normal -0.782625 0 0.622493
    outer loop
      vertex 3.79852 0.4 34.5971
      vertex 3.63284 -2 34.3888
      vertex 3.79852 -2 34.5971
    endloop
  endfacet
  facet normal 0.948382 -0 0.317129
    outer loop
      vertex 30.0692 -2 29.9649
      vertex 30.1536 0.4 29.7125
      vertex 30.0692 0.4 29.9649
    endloop
  endfacet
  facet normal 0.948382 0 0.317129
    outer loop
      vertex 30.1536 0.4 29.7125
      vertex 30.0692 -2 29.9649
      vertex 30.1536 -2 29.7125
    endloop
  endfacet
  facet normal 0.216811 0 0.976214
    outer loop
      vertex 18.8207 0.4 39.9168
      vertex 19.0805 -2 39.8591
      vertex 19.0805 0.4 39.8591
    endloop
  endfacet
  facet normal 0.216811 0 0.976214
    outer loop
      vertex 19.0805 -2 39.8591
      vertex 18.8207 0.4 39.9168
      vertex 18.8207 -2 39.9168
    endloop
  endfacet
  facet normal -0.793268 0 0.608873
    outer loop
      vertex 3.47081 -2 34.1777
      vertex 3.63284 0.4 34.3888
      vertex 3.47081 0.4 34.1777
    endloop
  endfacet
  facet normal -0.793268 0 0.608873
    outer loop
      vertex 3.63284 0.4 34.3888
      vertex 3.47081 -2 34.1777
      vertex 3.63284 -2 34.3888
    endloop
  endfacet
  facet normal 0.713465 -0 0.700691
    outer loop
      vertex 26.4334 -2 35.7834
      vertex 26.6199 0.4 35.5935
      vertex 26.4334 0.4 35.7834
    endloop
  endfacet
  facet normal 0.713465 0 0.700691
    outer loop
      vertex 26.6199 0.4 35.5935
      vertex 26.4334 -2 35.7834
      vertex 26.6199 -2 35.5935
    endloop
  endfacet
  facet normal 0.366268 0 0.930509
    outer loop
      vertex 21.1151 0.4 39.2371
      vertex 21.3628 -2 39.1396
      vertex 21.3628 0.4 39.1396
    endloop
  endfacet
  facet normal 0.366268 0 0.930509
    outer loop
      vertex 21.3628 -2 39.1396
      vertex 21.1151 0.4 39.2371
      vertex 21.1151 -2 39.2371
    endloop
  endfacet
  facet normal -0.737382 0 0.675476
    outer loop
      vertex 4.31704 -2 35.2042
      vertex 4.49686 0.4 35.4005
      vertex 4.31704 0.4 35.2042
    endloop
  endfacet
  facet normal -0.737382 0 0.675476
    outer loop
      vertex 4.49686 0.4 35.4005
      vertex 4.31704 -2 35.2042
      vertex 4.49686 -2 35.4005
    endloop
  endfacet
  facet normal 0.771659 -0 0.636036
    outer loop
      vertex 27.3322 -2 34.8025
      vertex 27.5015 0.4 34.5971
      vertex 27.3322 0.4 34.8025
    endloop
  endfacet
  facet normal 0.771659 0 0.636036
    outer loop
      vertex 27.5015 0.4 34.5971
      vertex 27.3322 -2 34.8025
      vertex 27.5015 -2 34.5971
    endloop
  endfacet
  facet normal 0 1 -0
    outer loop
      vertex 15.6999 0.4 32.0994
      vertex 15.65 0.4 40.25
      vertex 15.9161 0.4 40.2477
    endloop
  endfacet
  facet normal 0 1 0
    outer loop
      vertex 15.6999 0.4 32.0994
      vertex 15.9161 0.4 40.2477
      vertex 16.1822 0.4 40.2407
    endloop
  endfacet
  facet normal 0 1 0
    outer loop
      vertex 15.6001 0.4 32.0994
      vertex 15.65 0.4 40.25
      vertex 15.6999 0.4 32.0994
    endloop
  endfacet
  facet normal 0 1 0
    outer loop
      vertex 15.7995 0.4 32.0944
      vertex 16.1822 0.4 40.2407
      vertex 16.4481 0.4 40.2291
    endloop
  endfacet
  facet normal 0 1 0
    outer loop
      vertex 15.65 0.4 40.25
      vertex 15.6001 0.4 32.0994
      vertex 15.3839 0.4 40.2477
    endloop
  endfacet
  facet normal 0 1 0
    outer loop
      vertex 15.8987 0.4 32.0845
      vertex 16.4481 0.4 40.2291
      vertex 16.7138 0.4 40.2129
    endloop
  endfacet
  facet normal 0 1 0
    outer loop
      vertex 15.3839 0.4 40.2477
      vertex 15.6001 0.4 32.0994
      vertex 15.1178 0.4 40.2407
    endloop
  endfacet
  facet normal 0 1 0
    outer loop
      vertex 15.8987 0.4 32.0845
      vertex 16.7138 0.4 40.2129
      vertex 16.9791 0.4 40.192
    endloop
  endfacet
  facet normal 0 1 -0
    outer loop
      vertex 15.5005 0.4 32.0944
      vertex 15.1178 0.4 40.2407
      vertex 15.6001 0.4 32.0994
    endloop
  endfacet
  facet normal 0 1 0
    outer loop
      vertex 15.9973 0.4 32.0696
      vertex 16.9791 0.4 40.192
      vertex 17.2441 0.4 40.1665
    endloop
  endfacet
  facet normal 0 1 0
    outer loop
      vertex 15.1178 0.4 40.2407
      vertex 15.5005 0.4 32.0944
      vertex 14.8519 0.4 40.2291
    endloop
  endfacet
  facet normal 0 1 0
    outer loop
      vertex 16.095 0.4 32.0499
      vertex 17.2441 0.4 40.1665
      vertex 17.5085 0.4 40.1363
    endloop
  endfacet
  facet normal 0 1 -0
    outer loop
      vertex 15.4013 0.4 32.0845
      vertex 14.8519 0.4 40.2291
      vertex 15.5005 0.4 32.0944
    endloop
  endfacet
  facet normal 0 1 0
    outer loop
      vertex 16.095 0.4 32.0499
      vertex 17.5085 0.4 40.1363
      vertex 17.7724 0.4 40.1016
    endloop
  endfacet
  facet normal 0 1 0
    outer loop
      vertex 14.8519 0.4 40.2291
      vertex 15.4013 0.4 32.0845
      vertex 14.5862 0.4 40.2129
    endloop
  endfacet
  facet normal 0 1 0
    outer loop
      vertex 16.1917 0.4 32.0252
      vertex 17.7724 0.4 40.1016
      vertex 18.0356 0.4 40.0622
    endloop
  endfacet
  facet normal 0 1 0
    outer loop
      vertex 14.5862 0.4 40.2129
      vertex 15.4013 0.4 32.0845
      vertex 14.3209 0.4 40.192
    endloop
  endfacet
  facet normal 0 1 0
    outer loop
      vertex 16.1917 0.4 32.0252
      vertex 18.0356 0.4 40.0622
      vertex 18.2981 0.4 40.0183
    endloop
  endfacet
  facet normal 0 1 -0
    outer loop
      vertex 15.3027 0.4 32.0696
      vertex 14.3209 0.4 40.192
      vertex 15.4013 0.4 32.0845
    endloop
  endfacet
  facet normal 0 1 0
    outer loop
      vertex 16.287 0.4 31.9959
      vertex 18.2981 0.4 40.0183
      vertex 18.5598 0.4 39.9698
    endloop
  endfacet
  facet normal 0 1 0
    outer loop
      vertex 14.3209 0.4 40.192
      vertex 15.3027 0.4 32.0696
      vertex 14.0559 0.4 40.1665
    endloop
  endfacet
  facet normal 0 1 0
    outer loop
      vertex 16.3807 0.4 31.9617
      vertex 18.5598 0.4 39.9698
      vertex 18.8207 0.4 39.9168
    endloop
  endfacet
  facet normal 0 1 -0
    outer loop
      vertex 15.205 0.4 32.0499
      vertex 14.0559 0.4 40.1665
      vertex 15.3027 0.4 32.0696
    endloop
  endfacet
  facet normal 0 1 0
    outer loop
      vertex 16.3807 0.4 31.9617
      vertex 18.8207 0.4 39.9168
      vertex 19.0805 0.4 39.8591
    endloop
  endfacet
  facet normal 0 1 0
    outer loop
      vertex 14.0559 0.4 40.1665
      vertex 15.205 0.4 32.0499
      vertex 13.7915 0.4 40.1363
    endloop
  endfacet
  facet normal 0 1 0
    outer loop
      vertex 16.4726 0.4 31.923
      vertex 19.0805 0.4 39.8591
      vertex 19.3393 0.4 39.797
    endloop
  endfacet
  facet normal 0 1 0
    outer loop
      vertex 13.7915 0.4 40.1363
      vertex 15.205 0.4 32.0499
      vertex 13.5276 0.4 40.1016
    endloop
  endfacet
  facet normal 0 1 0
    outer loop
      vertex 16.5624 0.4 31.8797
      vertex 19.3393 0.4 39.797
      vertex 19.597 0.4 39.7304
    endloop
  endfacet
  facet normal 0 1 -0
    outer loop
      vertex 15.1083 0.4 32.0252
      vertex 13.5276 0.4 40.1016
      vertex 15.205 0.4 32.0499
    endloop
  endfacet
  facet normal 0 1 0
    outer loop
      vertex 16.5624 0.4 31.8797
      vertex 19.597 0.4 39.7304
      vertex 19.8535 0.4 39.6592
    endloop
  endfacet
  facet normal 0 1 0
    outer loop
      vertex 13.5276 0.4 40.1016
      vertex 15.1083 0.4 32.0252
      vertex 13.2644 0.4 40.0622
    endloop
  endfacet
  facet normal 0 1 0
    outer loop
      vertex 16.65 0.4 31.8321
      vertex 19.8535 0.4 39.6592
      vertex 20.1087 0.4 39.5836
    endloop
  endfacet
  facet normal 0 1 0
    outer loop
      vertex 13.2644 0.4 40.0622
      vertex 15.1083 0.4 32.0252
      vertex 13.0019 0.4 40.0183
    endloop
  endfacet
  facet normal 0 1 0
    outer loop
      vertex 16.65 0.4 31.8321
      vertex 20.1087 0.4 39.5836
      vertex 20.3625 0.4 39.5036
    endloop
  endfacet
  facet normal 0 1 -0
    outer loop
      vertex 15.013 0.4 31.9959
      vertex 13.0019 0.4 40.0183
      vertex 15.1083 0.4 32.0252
    endloop
  endfacet
  facet normal 0 1 0
    outer loop
      vertex 16.7351 0.4 31.7801
      vertex 20.3625 0.4 39.5036
      vertex 20.6149 0.4 39.4192
    endloop
  endfacet
  facet normal 0 1 0
    outer loop
      vertex 13.0019 0.4 40.0183
      vertex 15.013 0.4 31.9959
      vertex 12.7402 0.4 39.9698
    endloop
  endfacet
  facet normal 0 1 0
    outer loop
      vertex 16.8175 0.4 31.7239
      vertex 20.6149 0.4 39.4192
      vertex 20.8658 0.4 39.3303
    endloop
  endfacet
  facet normal 0 1 -0
    outer loop
      vertex 14.9193 0.4 31.9617
      vertex 12.7402 0.4 39.9698
      vertex 15.013 0.4 31.9959
    endloop
  endfacet
  facet normal 0 1 0
    outer loop
      vertex 16.8175 0.4 31.7239
      vertex 20.8658 0.4 39.3303
      vertex 21.1151 0.4 39.2371
    endloop
  endfacet
  facet normal 0 1 0
    outer loop
      vertex 12.7402 0.4 39.9698
      vertex 14.9193 0.4 31.9617
      vertex 12.4793 0.4 39.9168
    endloop
  endfacet
  facet normal 0 1 0
    outer loop
      vertex 16.897 0.4 31.6637
      vertex 21.1151 0.4 39.2371
      vertex 21.3628 0.4 39.1396
    endloop
  endfacet
  facet normal 0 1 0
    outer loop
      vertex 12.4793 0.4 39.9168
      vertex 14.9193 0.4 31.9617
      vertex 12.2195 0.4 39.8591
    endloop
  endfacet
  facet normal 0 1 0
    outer loop
      vertex 16.897 0.4 31.6637
      vertex 21.3628 0.4 39.1396
      vertex 21.6087 0.4 39.0377
    endloop
  endfacet
  facet normal 0 1 -0
    outer loop
      vertex 14.8274 0.4 31.923
      vertex 12.2195 0.4 39.8591
      vertex 14.9193 0.4 31.9617
    endloop
  endfacet
  facet normal 0 1 0
    outer loop
      vertex 16.9734 0.4 31.5996
      vertex 21.6087 0.4 39.0377
      vertex 21.8527 0.4 38.9316
    endloop
  endfacet
  facet normal 0 1 0
    outer loop
      vertex 12.2195 0.4 39.8591
      vertex 14.8274 0.4 31.923
      vertex 11.9607 0.4 39.797
    endloop
  endfacet
  facet normal 0 1 0
    outer loop
      vertex 17.0465 0.4 31.5317
      vertex 21.8527 0.4 38.9316
      vertex 22.0949 0.4 38.8212
    endloop
  endfacet
  facet normal 0 1 -0
    outer loop
      vertex 14.7376 0.4 31.8797
      vertex 11.9607 0.4 39.797
      vertex 14.8274 0.4 31.923
    endloop
  endfacet
  facet normal 0 1 0
    outer loop
      vertex 17.0465 0.4 31.5317
      vertex 22.0949 0.4 38.8212
      vertex 22.3352 0.4 38.7066
    endloop
  endfacet
  facet normal 0 1 0
    outer loop
      vertex 11.9607 0.4 39.797
      vertex 14.7376 0.4 31.8797
      vertex 11.703 0.4 39.7304
    endloop
  endfacet
  facet normal 0 1 0
    outer loop
      vertex 17.1161 0.4 31.4603
      vertex 22.3352 0.4 38.7066
      vertex 22.5734 0.4 38.5878
    endloop
  endfacet
  facet normal 0 1 0
    outer loop
      vertex 11.703 0.4 39.7304
      vertex 14.7376 0.4 31.8797
      vertex 11.4465 0.4 39.6592
    endloop
  endfacet
  facet normal 0 1 0
    outer loop
      vertex 17.1161 0.4 31.4603
      vertex 22.5734 0.4 38.5878
      vertex 22.8094 0.4 38.465
    endloop
  endfacet
  facet normal 0 1 -0
    outer loop
      vertex 14.65 0.4 31.8321
      vertex 11.4465 0.4 39.6592
      vertex 14.7376 0.4 31.8797
    endloop
  endfacet
  facet normal 0 1 0
    outer loop
      vertex 17.1821 0.4 31.3856
      vertex 22.8094 0.4 38.465
      vertex 23.0433 0.4 38.338
    endloop
  endfacet
  facet normal 0 1 0
    outer loop
      vertex 11.4465 0.4 39.6592
      vertex 14.65 0.4 31.8321
      vertex 11.1913 0.4 39.5836
    endloop
  endfacet
  facet normal 0 1 0
    outer loop
      vertex 17.1821 0.4 31.3856
      vertex 23.0433 0.4 38.338
      vertex 23.275 0.4 38.2069
    endloop
  endfacet
  facet normal 0 1 0
    outer loop
      vertex 11.1913 0.4 39.5836
      vertex 14.65 0.4 31.8321
      vertex 10.9375 0.4 39.5036
    endloop
  endfacet
  facet normal 0 1 0
    outer loop
      vertex 17.2443 0.4 31.3076
      vertex 23.275 0.4 38.2069
      vertex 23.5043 0.4 38.0718
    endloop
  endfacet
  facet normal 0 1 -0
    outer loop
      vertex 14.5649 0.4 31.7801
      vertex 10.9375 0.4 39.5036
      vertex 14.65 0.4 31.8321
    endloop
  endfacet
  facet normal 0 1 0
    outer loop
      vertex 17.3025 0.4 31.2266
      vertex 23.5043 0.4 38.0718
      vertex 23.7313 0.4 37.9327
    endloop
  endfacet
  facet normal 0 1 0
    outer loop
      vertex 10.9375 0.4 39.5036
      vertex 14.5649 0.4 31.7801
      vertex 10.6851 0.4 39.4192
    endloop
  endfacet
  facet normal 0 1 0
    outer loop
      vertex 17.3025 0.4 31.2266
      vertex 23.7313 0.4 37.9327
      vertex 23.9557 0.4 37.7897
    endloop
  endfacet
  facet normal 0 1 -0
    outer loop
      vertex 14.4825 0.4 31.7239
      vertex 10.6851 0.4 39.4192
      vertex 14.5649 0.4 31.7801
    endloop
  endfacet
  facet normal 0 1 0
    outer loop
      vertex 17.3566 0.4 31.1429
      vertex 23.9557 0.4 37.7897
      vertex 24.1777 0.4 37.6428
    endloop
  endfacet
  facet normal 0 1 0
    outer loop
      vertex 10.6851 0.4 39.4192
      vertex 14.4825 0.4 31.7239
      vertex 10.4342 0.4 39.3303
    endloop
  endfacet
  facet normal 0 1 0
    outer loop
      vertex 17.3566 0.4 31.1429
      vertex 24.1777 0.4 37.6428
      vertex 24.397 0.4 37.4921
    endloop
  endfacet
  facet normal 0 1 0
    outer loop
      vertex 10.4342 0.4 39.3303
      vertex 14.4825 0.4 31.7239
      vertex 10.1849 0.4 39.2371
    endloop
  endfacet
  facet normal 0 1 0
    outer loop
      vertex 17.4064 0.4 31.0565
      vertex 24.397 0.4 37.4921
      vertex 24.6137 0.4 37.3375
    endloop
  endfacet
  facet normal 0 1 -0
    outer loop
      vertex 14.403 0.4 31.6637
      vertex 10.1849 0.4 39.2371
      vertex 14.4825 0.4 31.7239
    endloop
  endfacet
  facet normal 0 1 0
    outer loop
      vertex 17.4064 0.4 31.0565
      vertex 24.6137 0.4 37.3375
      vertex 24.8277 0.4 37.1792
    endloop
  endfacet
  facet normal 0 1 0
    outer loop
      vertex 10.1849 0.4 39.2371
      vertex 14.403 0.4 31.6637
      vertex 9.93725 0.4 39.1396
    endloop
  endfacet
  facet normal 0 1 0
    outer loop
      vertex 17.4519 0.4 30.9678
      vertex 24.8277 0.4 37.1792
      vertex 25.0388 0.4 37.0172
    endloop
  endfacet
  facet normal 0 1 0
    outer loop
      vertex 9.93725 0.4 39.1396
      vertex 14.403 0.4 31.6637
      vertex 9.69135 0.4 39.0377
    endloop
  endfacet
  facet normal 0 1 0
    outer loop
      vertex 17.4519 0.4 30.9678
      vertex 25.0388 0.4 37.0172
      vertex 25.2471 0.4 36.8515
    endloop
  endfacet
  facet normal 0 1 -0
    outer loop
      vertex 14.3266 0.4 31.5996
      vertex 9.69135 0.4 39.0377
      vertex 14.403 0.4 31.6637
    endloop
  endfacet
  facet normal 0 1 0
    outer loop
      vertex 17.493 0.4 30.8769
      vertex 25.2471 0.4 36.8515
      vertex 25.4525 0.4 36.6822
    endloop
  endfacet
  facet normal 0 1 0
    outer loop
      vertex 9.69135 0.4 39.0377
      vertex 14.3266 0.4 31.5996
      vertex 9.44727 0.4 38.9316
    endloop
  endfacet
  facet normal 0 1 0
    outer loop
      vertex 17.493 0.4 30.8769
      vertex 25.4525 0.4 36.6822
      vertex 25.6549 0.4 36.5093
    endloop
  endfacet
  facet normal 0 1 -0
    outer loop
      vertex 14.2535 0.4 31.5317
      vertex 9.44727 0.4 38.9316
      vertex 14.3266 0.4 31.5996
    endloop
  endfacet
  facet normal 0 1 0
    outer loop
      vertex 17.5294 0.4 30.784
      vertex 25.6549 0.4 36.5093
      vertex 25.8542 0.4 36.333
    endloop
  endfacet
  facet normal 0 1 0
    outer loop
      vertex 9.44727 0.4 38.9316
      vertex 14.2535 0.4 31.5317
      vertex 9.20507 0.4 38.8212
    endloop
  endfacet
  facet normal 0 1 0
    outer loop
      vertex 17.5294 0.4 30.784
      vertex 25.8542 0.4 36.333
      vertex 26.0505 0.4 36.1531
    endloop
  endfacet
  facet normal 0 1 0
    outer loop
      vertex 9.20507 0.4 38.8212
      vertex 14.2535 0.4 31.5317
      vertex 8.96484 0.4 38.7066
    endloop
  endfacet
  facet normal 0 1 0
    outer loop
      vertex 17.5611 0.4 30.6895
      vertex 26.0505 0.4 36.1531
      vertex 26.2435 0.4 35.9699
    endloop
  endfacet
  facet normal 0 1 -0
    outer loop
      vertex 14.1839 0.4 31.4603
      vertex 8.96484 0.4 38.7066
      vertex 14.2535 0.4 31.5317
    endloop
  endfacet
  facet normal 0 1 0
    outer loop
      vertex 17.5611 0.4 30.6895
      vertex 26.2435 0.4 35.9699
      vertex 26.4334 0.4 35.7834
    endloop
  endfacet
  facet normal 0 1 0
    outer loop
      vertex 8.96484 0.4 38.7066
      vertex 14.1839 0.4 31.4603
      vertex 8.72664 0.4 38.5878
    endloop
  endfacet
  facet normal 0 1 0
    outer loop
      vertex 17.5882 0.4 30.5935
      vertex 26.4334 0.4 35.7834
      vertex 26.6199 0.4 35.5935
    endloop
  endfacet
  facet normal 0 1 0
    outer loop
      vertex 8.72664 0.4 38.5878
      vertex 14.1839 0.4 31.4603
      vertex 8.49056 0.4 38.465
    endloop
  endfacet
  facet normal 0 1 0
    outer loop
      vertex 17.5882 0.4 30.5935
      vertex 26.6199 0.4 35.5935
      vertex 26.8031 0.4 35.4005
    endloop
  endfacet
  facet normal 0 1 -0
    outer loop
      vertex 14.1179 0.4 31.3856
      vertex 8.49056 0.4 38.465
      vertex 14.1839 0.4 31.4603
    endloop
  endfacet
  facet normal 0 1 0
    outer loop
      vertex 17.6103 0.4 30.4963
      vertex 26.8031 0.4 35.4005
      vertex 26.983 0.4 35.2042
    endloop
  endfacet
  facet normal 0 1 0
    outer loop
      vertex 8.49056 0.4 38.465
      vertex 14.1179 0.4 31.3856
      vertex 8.25665 0.4 38.338
    endloop
  endfacet
  facet normal 0 1 0
    outer loop
      vertex 17.6103 0.4 30.4963
      vertex 26.983 0.4 35.2042
      vertex 27.1593 0.4 35.0049
    endloop
  endfacet
  facet normal 0 1 0
    outer loop
      vertex 8.25665 0.4 38.338
      vertex 14.1179 0.4 31.3856
      vertex 8.025 0.4 38.2069
    endloop
  endfacet
  facet normal 0 1 0
    outer loop
      vertex 17.6277 0.4 30.3981
      vertex 27.1593 0.4 35.0049
      vertex 27.3322 0.4 34.8025
    endloop
  endfacet
  facet normal 0 1 -0
    outer loop
      vertex 14.0557 0.4 31.3076
      vertex 8.025 0.4 38.2069
      vertex 14.1179 0.4 31.3856
    endloop
  endfacet
  facet normal 0 1 0
    outer loop
      vertex 17.6277 0.4 30.3981
      vertex 27.3322 0.4 34.8025
      vertex 27.5015 0.4 34.5971
    endloop
  endfacet
  facet normal 0 1 0
    outer loop
      vertex 8.025 0.4 38.2069
      vertex 14.0557 0.4 31.3076
      vertex 7.79567 0.4 38.0718
    endloop
  endfacet
  facet normal 0 1 0
    outer loop
      vertex 17.6277 0.4 30.3981
      vertex 27.5015 0.4 34.5971
      vertex 27.6672 0.4 34.3888
    endloop
  endfacet
  facet normal 0 1 -0
    outer loop
      vertex 13.9975 0.4 31.2266
      vertex 7.79567 0.4 38.0718
      vertex 14.0557 0.4 31.3076
    endloop
  endfacet
  facet normal 0 1 0
    outer loop
      vertex 17.6401 0.4 30.2991
      vertex 27.6672 0.4 34.3888
      vertex 27.8292 0.4 34.1777
    endloop
  endfacet
  facet normal 0 1 0
    outer loop
      vertex 7.79567 0.4 38.0718
      vertex 13.9975 0.4 31.2266
      vertex 7.56873 0.4 37.9327
    endloop
  endfacet
  facet normal 0 1 0
    outer loop
      vertex 17.6401 0.4 30.2991
      vertex 27.8292 0.4 34.1777
      vertex 27.9875 0.4 33.9637
    endloop
  endfacet
  facet normal 0 1 0
    outer loop
      vertex 7.56873 0.4 37.9327
      vertex 13.9975 0.4 31.2266
      vertex 7.34425 0.4 37.7897
    endloop
  endfacet
  facet normal 0 1 0
    outer loop
      vertex 17.6475 0.4 30.1997
      vertex 27.9875 0.4 33.9637
      vertex 28.1421 0.4 33.747
    endloop
  endfacet
  facet normal 0 1 -0
    outer loop
      vertex 13.9434 0.4 31.1429
      vertex 7.34425 0.4 37.7897
      vertex 13.9975 0.4 31.2266
    endloop
  endfacet
  facet normal 0 1 0
    outer loop
      vertex 17.6475 0.4 30.1997
      vertex 28.1421 0.4 33.747
      vertex 28.2928 0.4 33.5277
    endloop
  endfacet
  facet normal 0 1 0
    outer loop
      vertex 7.34425 0.4 37.7897
      vertex 13.9434 0.4 31.1429
      vertex 7.12231 0.4 37.6428
    endloop
  endfacet
  facet normal 0 1 0
    outer loop
      vertex 17.65 0.4 30.1
      vertex 28.2928 0.4 33.5277
      vertex 28.4397 0.4 33.3057
    endloop
  endfacet
  facet normal 0 1 0
    outer loop
      vertex 7.12231 0.4 37.6428
      vertex 13.9434 0.4 31.1429
      vertex 6.90296 0.4 37.4921
    endloop
  endfacet
  facet normal 0 1 0
    outer loop
      vertex 17.65 0.4 30.1
      vertex 28.4397 0.4 33.3057
      vertex 28.5827 0.4 33.0813
    endloop
  endfacet
  facet normal 0 1 -0
    outer loop
      vertex 13.8936 0.4 31.0565
      vertex 6.90296 0.4 37.4921
      vertex 13.9434 0.4 31.1429
    endloop
  endfacet
  facet normal 0 1 0
    outer loop
      vertex 17.65 0.4 30.1
      vertex 28.5827 0.4 33.0813
      vertex 28.7218 0.4 32.8543
    endloop
  endfacet
  facet normal 0 1 0
    outer loop
      vertex 6.90296 0.4 37.4921
      vertex 13.8936 0.4 31.0565
      vertex 6.68628 0.4 37.3375
    endloop
  endfacet
  facet normal 0 1 0
    outer loop
      vertex 17.6475 0.4 30.0003
      vertex 28.7218 0.4 32.8543
      vertex 28.8569 0.4 32.625
    endloop
  endfacet
  facet normal 0 1 0
    outer loop
      vertex 6.68628 0.4 37.3375
      vertex 13.8936 0.4 31.0565
      vertex 6.47232 0.4 37.1792
    endloop
  endfacet
  facet normal 0 1 0
    outer loop
      vertex 17.6475 0.4 30.0003
      vertex 28.8569 0.4 32.625
      vertex 28.9879 0.4 32.3933
    endloop
  endfacet
  facet normal 0 1 -0
    outer loop
      vertex 13.8481 0.4 30.9678
      vertex 6.47232 0.4 37.1792
      vertex 13.8936 0.4 31.0565
    endloop
  endfacet
  facet normal 0 1 0
    outer loop
      vertex 17.6401 0.4 29.9009
      vertex 28.9879 0.4 32.3933
      vertex 29.115 0.4 32.1594
    endloop
  endfacet
  facet normal 0 1 0
    outer loop
      vertex 6.47232 0.4 37.1792
      vertex 13.8481 0.4 30.9678
      vertex 6.26116 0.4 37.0172
    endloop
  endfacet
  facet normal 0 1 0
    outer loop
      vertex 6.26116 0.4 37.0172
      vertex 13.8481 0.4 30.9678
      vertex 6.05286 0.4 36.8515
    endloop
  endfacet
  facet normal 0 1 0
    outer loop
      vertex 16.1822 0.4 40.2407
      vertex 15.7995 0.4 32.0944
      vertex 15.6999 0.4 32.0994
    endloop
  endfacet
  facet normal 0 1 0
    outer loop
      vertex 16.4481 0.4 40.2291
      vertex 15.8987 0.4 32.0845
      vertex 15.7995 0.4 32.0944
    endloop
  endfacet
  facet normal 0 1 0
    outer loop
      vertex 16.9791 0.4 40.192
      vertex 15.9973 0.4 32.0696
      vertex 15.8987 0.4 32.0845
    endloop
  endfacet
  facet normal 0 1 0
    outer loop
      vertex 17.2441 0.4 40.1665
      vertex 16.095 0.4 32.0499
      vertex 15.9973 0.4 32.0696
    endloop
  endfacet
  facet normal 0 1 0
    outer loop
      vertex 17.7724 0.4 40.1016
      vertex 16.1917 0.4 32.0252
      vertex 16.095 0.4 32.0499
    endloop
  endfacet
  facet normal 0 1 0
    outer loop
      vertex 18.2981 0.4 40.0183
      vertex 16.287 0.4 31.9959
      vertex 16.1917 0.4 32.0252
    endloop
  endfacet
  facet normal 0 1 0
    outer loop
      vertex 18.5598 0.4 39.9698
      vertex 16.3807 0.4 31.9617
      vertex 16.287 0.4 31.9959
    endloop
  endfacet
  facet normal 0 1 0
    outer loop
      vertex 17.6401 0.4 29.9009
      vertex 29.115 0.4 32.1594
      vertex 29.2378 0.4 31.9234
    endloop
  endfacet
  facet normal 0 1 0
    outer loop
      vertex 19.0805 0.4 39.8591
      vertex 16.4726 0.4 31.923
      vertex 16.3807 0.4 31.9617
    endloop
  endfacet
  facet normal 0 1 0
    outer loop
      vertex 19.3393 0.4 39.797
      vertex 16.5624 0.4 31.8797
      vertex 16.4726 0.4 31.923
    endloop
  endfacet
  facet normal 0 1 0
    outer loop
      vertex 19.8535 0.4 39.6592
      vertex 16.65 0.4 31.8321
      vertex 16.5624 0.4 31.8797
    endloop
  endfacet
  facet normal 0 1 0
    outer loop
      vertex 20.3625 0.4 39.5036
      vertex 16.7351 0.4 31.7801
      vertex 16.65 0.4 31.8321
    endloop
  endfacet
  facet normal 0 1 0
    outer loop
      vertex 20.6149 0.4 39.4192
      vertex 16.8175 0.4 31.7239
      vertex 16.7351 0.4 31.7801
    endloop
  endfacet
  facet normal 0 1 0
    outer loop
      vertex 17.6401 0.4 29.9009
      vertex 29.2378 0.4 31.9234
      vertex 29.3566 0.4 31.6852
    endloop
  endfacet
  facet normal 0 1 0
    outer loop
      vertex 21.1151 0.4 39.2371
      vertex 16.897 0.4 31.6637
      vertex 16.8175 0.4 31.7239
    endloop
  endfacet
  facet normal 0 1 0
    outer loop
      vertex 21.6087 0.4 39.0377
      vertex 16.9734 0.4 31.5996
      vertex 16.897 0.4 31.6637
    endloop
  endfacet
  facet normal 0 1 0
    outer loop
      vertex 21.8527 0.4 38.9316
      vertex 17.0465 0.4 31.5317
      vertex 16.9734 0.4 31.5996
    endloop
  endfacet
  facet normal 0 1 0
    outer loop
      vertex 22.3352 0.4 38.7066
      vertex 17.1161 0.4 31.4603
      vertex 17.0465 0.4 31.5317
    endloop
  endfacet
  facet normal 0 1 0
    outer loop
      vertex 17.6277 0.4 29.8019
      vertex 29.3566 0.4 31.6852
      vertex 29.4712 0.4 31.4449
    endloop
  endfacet
  facet normal 0 1 0
    outer loop
      vertex 22.8094 0.4 38.465
      vertex 17.1821 0.4 31.3856
      vertex 17.1161 0.4 31.4603
    endloop
  endfacet
  facet normal 0 1 0
    outer loop
      vertex 23.275 0.4 38.2069
      vertex 17.2443 0.4 31.3076
      vertex 17.1821 0.4 31.3856
    endloop
  endfacet
  facet normal 0 1 0
    outer loop
      vertex 23.5043 0.4 38.0718
      vertex 17.3025 0.4 31.2266
      vertex 17.2443 0.4 31.3076
    endloop
  endfacet
  facet normal 0 1 0
    outer loop
      vertex 17.6277 0.4 29.8019
      vertex 29.4712 0.4 31.4449
      vertex 29.5816 0.4 31.2027
    endloop
  endfacet
  facet normal 0 1 0
    outer loop
      vertex 23.9557 0.4 37.7897
      vertex 17.3566 0.4 31.1429
      vertex 17.3025 0.4 31.2266
    endloop
  endfacet
  facet normal 0 1 0
    outer loop
      vertex 24.397 0.4 37.4921
      vertex 17.4064 0.4 31.0565
      vertex 17.3566 0.4 31.1429
    endloop
  endfacet
  facet normal 0 1 0
    outer loop
      vertex 24.8277 0.4 37.1792
      vertex 17.4519 0.4 30.9678
      vertex 17.4064 0.4 31.0565
    endloop
  endfacet
  facet normal 0 1 0
    outer loop
      vertex 17.6103 0.4 29.7037
      vertex 29.5816 0.4 31.2027
      vertex 29.6877 0.4 30.9586
    endloop
  endfacet
  facet normal 0 1 0
    outer loop
      vertex 25.2471 0.4 36.8515
      vertex 17.493 0.4 30.8769
      vertex 17.4519 0.4 30.9678
    endloop
  endfacet
  facet normal 0 1 0
    outer loop
      vertex 25.6549 0.4 36.5093
      vertex 17.5294 0.4 30.784
      vertex 17.493 0.4 30.8769
    endloop
  endfacet
  facet normal 0 1 0
    outer loop
      vertex 17.6103 0.4 29.7037
      vertex 29.6877 0.4 30.9586
      vertex 29.7896 0.4 30.7127
    endloop
  endfacet
  facet normal 0 1 0
    outer loop
      vertex 26.0505 0.4 36.1531
      vertex 17.5611 0.4 30.6895
      vertex 17.5294 0.4 30.784
    endloop
  endfacet
  facet normal 0 1 0
    outer loop
      vertex 26.4334 0.4 35.7834
      vertex 17.5882 0.4 30.5935
      vertex 17.5611 0.4 30.6895
    endloop
  endfacet
  facet normal 0 1 0
    outer loop
      vertex 26.8031 0.4 35.4005
      vertex 17.6103 0.4 30.4963
      vertex 17.5882 0.4 30.5935
    endloop
  endfacet
  facet normal 0 1 0
    outer loop
      vertex 17.6103 0.4 29.7037
      vertex 29.7896 0.4 30.7127
      vertex 29.8871 0.4 30.4651
    endloop
  endfacet
  facet normal 0 1 0
    outer loop
      vertex 27.1593 0.4 35.0049
      vertex 17.6277 0.4 30.3981
      vertex 17.6103 0.4 30.4963
    endloop
  endfacet
  facet normal 0 1 0
    outer loop
      vertex 27.6672 0.4 34.3888
      vertex 17.6401 0.4 30.2991
      vertex 17.6277 0.4 30.3981
    endloop
  endfacet
  facet normal 0 1 0
    outer loop
      vertex 17.5882 0.4 29.6065
      vertex 29.8871 0.4 30.4651
      vertex 29.9803 0.4 30.2158
    endloop
  endfacet
  facet normal 0 1 0
    outer loop
      vertex 27.9875 0.4 33.9637
      vertex 17.6475 0.4 30.1997
      vertex 17.6401 0.4 30.2991
    endloop
  endfacet
  facet normal 0 1 0
    outer loop
      vertex 28.2928 0.4 33.5277
      vertex 17.65 0.4 30.1
      vertex 17.6475 0.4 30.1997
    endloop
  endfacet
  facet normal 0 1 0
    outer loop
      vertex 28.7218 0.4 32.8543
      vertex 17.6475 0.4 30.0003
      vertex 17.65 0.4 30.1
    endloop
  endfacet
  facet normal 0 1 0
    outer loop
      vertex 17.5882 0.4 29.6065
      vertex 29.9803 0.4 30.2158
      vertex 30.0692 0.4 29.9649
    endloop
  endfacet
  facet normal 0 1 0
    outer loop
      vertex 28.9879 0.4 32.3933
      vertex 17.6401 0.4 29.9009
      vertex 17.6475 0.4 30.0003
    endloop
  endfacet
  facet normal 0 1 0
    outer loop
      vertex 29.3566 0.4 31.6852
      vertex 17.6277 0.4 29.8019
      vertex 17.6401 0.4 29.9009
    endloop
  endfacet
  facet normal 0 1 0
    outer loop
      vertex 17.5882 0.4 29.6065
      vertex 30.0692 0.4 29.9649
      vertex 30.1536 0.4 29.7125
    endloop
  endfacet
  facet normal 0 1 0
    outer loop
      vertex 29.5816 0.4 31.2027
      vertex 17.6103 0.4 29.7037
      vertex 17.6277 0.4 29.8019
    endloop
  endfacet
  facet normal 0 1 0
    outer loop
      vertex 29.8871 0.4 30.4651
      vertex 17.5882 0.4 29.6065
      vertex 17.6103 0.4 29.7037
    endloop
  endfacet
  facet normal 0 1 0
    outer loop
      vertex 30.1536 0.4 29.7125
      vertex 17.5611 0.4 29.5105
      vertex 17.5882 0.4 29.6065
    endloop
  endfacet
  facet normal 0 1 0
    outer loop
      vertex 30.2336 0.4 29.4587
      vertex 17.5611 0.4 29.5105
      vertex 30.1536 0.4 29.7125
    endloop
  endfacet
  facet normal 0 1 0
    outer loop
      vertex 30.3092 0.4 29.2035
      vertex 17.5611 0.4 29.5105
      vertex 30.2336 0.4 29.4587
    endloop
  endfacet
  facet normal 0 1 0
    outer loop
      vertex 17.5611 0.4 29.5105
      vertex 30.3092 0.4 29.2035
      vertex 17.5294 0.4 29.416
    endloop
  endfacet
  facet normal 0 1 0
    outer loop
      vertex 30.3804 0.4 28.947
      vertex 17.5294 0.4 29.416
      vertex 30.3092 0.4 29.2035
    endloop
  endfacet
  facet normal 0 1 0
    outer loop
      vertex 30.447 0.4 28.6893
      vertex 17.5294 0.4 29.416
      vertex 30.3804 0.4 28.947
    endloop
  endfacet
  facet normal 0 1 0
    outer loop
      vertex 30.5091 0.4 28.4305
      vertex 17.5294 0.4 29.416
      vertex 30.447 0.4 28.6893
    endloop
  endfacet
  facet normal 0 1 0
    outer loop
      vertex 17.5294 0.4 29.416
      vertex 30.5091 0.4 28.4305
      vertex 17.493 0.4 29.3231
    endloop
  endfacet
  facet normal 0 1 0
    outer loop
      vertex 30.5668 0.4 28.1707
      vertex 17.493 0.4 29.3231
      vertex 30.5091 0.4 28.4305
    endloop
  endfacet
  facet normal 0 1 0
    outer loop
      vertex 30.6198 0.4 27.9098
      vertex 17.493 0.4 29.3231
      vertex 30.5668 0.4 28.1707
    endloop
  endfacet
  facet normal 0 1 0
    outer loop
      vertex 30.6683 0.4 27.6481
      vertex 17.493 0.4 29.3231
      vertex 30.6198 0.4 27.9098
    endloop
  endfacet
  facet normal 0 1 0
    outer loop
      vertex 17.493 0.4 29.3231
      vertex 30.6683 0.4 27.6481
      vertex 17.4519 0.4 29.2322
    endloop
  endfacet
  facet normal 0 1 0
    outer loop
      vertex 30.7122 0.4 27.3856
      vertex 17.4519 0.4 29.2322
      vertex 30.6683 0.4 27.6481
    endloop
  endfacet
  facet normal 0 1 0
    outer loop
      vertex 30.7516 0.4 27.1224
      vertex 17.4519 0.4 29.2322
      vertex 30.7122 0.4 27.3856
    endloop
  endfacet
  facet normal 0 1 0
    outer loop
      vertex 30.7863 0.4 26.8585
      vertex 17.4519 0.4 29.2322
      vertex 30.7516 0.4 27.1224
    endloop
  endfacet
  facet normal 0 1 0
    outer loop
      vertex 17.4519 0.4 29.2322
      vertex 30.7863 0.4 26.8585
      vertex 17.4064 0.4 29.1435
    endloop
  endfacet
  facet normal 0 1 0
    outer loop
      vertex 30.8165 0.4 26.5941
      vertex 17.4064 0.4 29.1435
      vertex 30.7863 0.4 26.8585
    endloop
  endfacet
  facet normal 0 1 0
    outer loop
      vertex 30.842 0.4 26.3291
      vertex 17.4064 0.4 29.1435
      vertex 30.8165 0.4 26.5941
    endloop
  endfacet
  facet normal 0 1 0
    outer loop
      vertex 30.8629 0.4 26.0638
      vertex 17.4064 0.4 29.1435
      vertex 30.842 0.4 26.3291
    endloop
  endfacet
  facet normal 0 1 0
    outer loop
      vertex 17.4064 0.4 29.1435
      vertex 30.8629 0.4 26.0638
      vertex 17.3566 0.4 29.0571
    endloop
  endfacet
  facet normal 0 1 0
    outer loop
      vertex 30.8791 0.4 25.7981
      vertex 17.3566 0.4 29.0571
      vertex 30.8629 0.4 26.0638
    endloop
  endfacet
  facet normal 0 1 0
    outer loop
      vertex 30.8907 0.4 25.5322
      vertex 17.3566 0.4 29.0571
      vertex 30.8791 0.4 25.7981
    endloop
  endfacet
  facet normal 0 1 0
    outer loop
      vertex 30.8977 0.4 25.2661
      vertex 17.3566 0.4 29.0571
      vertex 30.8907 0.4 25.5322
    endloop
  endfacet
  facet normal 0 1 0
    outer loop
      vertex 17.3566 0.4 29.0571
      vertex 30.8977 0.4 25.2661
      vertex 17.3025 0.4 28.9734
    endloop
  endfacet
  facet normal 0 1 0
    outer loop
      vertex 30.9 0.4 25
      vertex 17.3025 0.4 28.9734
      vertex 30.8977 0.4 25.2661
    endloop
  endfacet
  facet normal 0 1 -0
    outer loop
      vertex 30.8977 0.4 24.7339
      vertex 17.3025 0.4 28.9734
      vertex 30.9 0.4 25
    endloop
  endfacet
  facet normal 0 1 -0
    outer loop
      vertex 30.8907 0.4 24.4678
      vertex 17.3025 0.4 28.9734
      vertex 30.8977 0.4 24.7339
    endloop
  endfacet
  facet normal 0 1 -0
    outer loop
      vertex 30.8791 0.4 24.2019
      vertex 17.3025 0.4 28.9734
      vertex 30.8907 0.4 24.4678
    endloop
  endfacet
  facet normal 0 1 0
    outer loop
      vertex 17.3025 0.4 28.9734
      vertex 30.8791 0.4 24.2019
      vertex 17.2443 0.4 28.8924
    endloop
  endfacet
  facet normal 0 1 -0
    outer loop
      vertex 30.8629 0.4 23.9362
      vertex 17.2443 0.4 28.8924
      vertex 30.8791 0.4 24.2019
    endloop
  endfacet
  facet normal 0 1 -0
    outer loop
      vertex 30.842 0.4 23.6709
      vertex 17.2443 0.4 28.8924
      vertex 30.8629 0.4 23.9362
    endloop
  endfacet
  facet normal 0 1 0
    outer loop
      vertex 17.2443 0.4 28.8924
      vertex 30.8165 0.4 23.4059
      vertex 17.1821 0.4 28.8144
    endloop
  endfacet
  facet normal 0 1 -0
    outer loop
      vertex 30.8165 0.4 23.4059
      vertex 17.2443 0.4 28.8924
      vertex 30.842 0.4 23.6709
    endloop
  endfacet
  facet normal 0 1 -0
    outer loop
      vertex 13.807 0.4 30.8769
      vertex 6.05286 0.4 36.8515
      vertex 13.8481 0.4 30.9678
    endloop
  endfacet
  facet normal 0 1 0
    outer loop
      vertex 6.05286 0.4 36.8515
      vertex 13.807 0.4 30.8769
      vertex 5.84749 0.4 36.6822
    endloop
  endfacet
  facet normal 0 1 0
    outer loop
      vertex 5.84749 0.4 36.6822
      vertex 13.807 0.4 30.8769
      vertex 5.6451 0.4 36.5093
    endloop
  endfacet
  facet normal 0 1 -0
    outer loop
      vertex 13.7706 0.4 30.784
      vertex 5.6451 0.4 36.5093
      vertex 13.807 0.4 30.8769
    endloop
  endfacet
  facet normal 0 1 0
    outer loop
      vertex 5.6451 0.4 36.5093
      vertex 13.7706 0.4 30.784
      vertex 5.44576 0.4 36.333
    endloop
  endfacet
  facet normal 0 1 0
    outer loop
      vertex 5.44576 0.4 36.333
      vertex 13.7706 0.4 30.784
      vertex 5.24953 0.4 36.1531
    endloop
  endfacet
  facet normal 0 1 -0
    outer loop
      vertex 13.7389 0.4 30.6895
      vertex 5.24953 0.4 36.1531
      vertex 13.7706 0.4 30.784
    endloop
  endfacet
  facet normal 0 1 0
    outer loop
      vertex 5.24953 0.4 36.1531
      vertex 13.7389 0.4 30.6895
      vertex 5.05646 0.4 35.9699
    endloop
  endfacet
  facet normal 0 1 0
    outer loop
      vertex 5.05646 0.4 35.9699
      vertex 13.7389 0.4 30.6895
      vertex 4.86662 0.4 35.7834
    endloop
  endfacet
  facet normal 0 1 -0
    outer loop
      vertex 13.7118 0.4 30.5935
      vertex 4.86662 0.4 35.7834
      vertex 13.7389 0.4 30.6895
    endloop
  endfacet
  facet normal 0 1 0
    outer loop
      vertex 4.86662 0.4 35.7834
      vertex 13.7118 0.4 30.5935
      vertex 4.68007 0.4 35.5935
    endloop
  endfacet
  facet normal 0 1 0
    outer loop
      vertex 4.68007 0.4 35.5935
      vertex 13.7118 0.4 30.5935
      vertex 4.49686 0.4 35.4005
    endloop
  endfacet
  facet normal 0 1 -0
    outer loop
      vertex 13.6897 0.4 30.4963
      vertex 4.49686 0.4 35.4005
      vertex 13.7118 0.4 30.5935
    endloop
  endfacet
  facet normal 0 1 0
    outer loop
      vertex 4.49686 0.4 35.4005
      vertex 13.6897 0.4 30.4963
      vertex 4.31704 0.4 35.2042
    endloop
  endfacet
  facet normal 0 1 0
    outer loop
      vertex 4.31704 0.4 35.2042
      vertex 13.6897 0.4 30.4963
      vertex 4.14068 0.4 35.0049
    endloop
  endfacet
  facet normal 0 1 -0
    outer loop
      vertex 13.6723 0.4 30.3981
      vertex 4.14068 0.4 35.0049
      vertex 13.6897 0.4 30.4963
    endloop
  endfacet
  facet normal 0 1 0
    outer loop
      vertex 4.14068 0.4 35.0049
      vertex 13.6723 0.4 30.3981
      vertex 3.96782 0.4 34.8025
    endloop
  endfacet
  facet normal 0 1 0
    outer loop
      vertex 3.96782 0.4 34.8025
      vertex 13.6723 0.4 30.3981
      vertex 3.79852 0.4 34.5971
    endloop
  endfacet
  facet normal 0 1 0
    outer loop
      vertex 3.79852 0.4 34.5971
      vertex 13.6723 0.4 30.3981
      vertex 3.63284 0.4 34.3888
    endloop
  endfacet
  facet normal 0 1 -0
    outer loop
      vertex 13.6599 0.4 30.2991
      vertex 3.63284 0.4 34.3888
      vertex 13.6723 0.4 30.3981
    endloop
  endfacet
  facet normal 0 1 0
    outer loop
      vertex 3.63284 0.4 34.3888
      vertex 13.6599 0.4 30.2991
      vertex 3.47081 0.4 34.1777
    endloop
  endfacet
  facet normal 0 1 0
    outer loop
      vertex 3.47081 0.4 34.1777
      vertex 13.6599 0.4 30.2991
      vertex 3.31249 0.4 33.9637
    endloop
  endfacet
  facet normal 0 1 -0
    outer loop
      vertex 13.6525 0.4 30.1997
      vertex 3.31249 0.4 33.9637
      vertex 13.6599 0.4 30.2991
    endloop
  endfacet
  facet normal 0 1 0
    outer loop
      vertex 3.31249 0.4 33.9637
      vertex 13.6525 0.4 30.1997
      vertex 3.15793 0.4 33.747
    endloop
  endfacet
  facet normal 0 1 0
    outer loop
      vertex 3.15793 0.4 33.747
      vertex 13.6525 0.4 30.1997
      vertex 3.00718 0.4 33.5277
    endloop
  endfacet
  facet normal 0 1 -0
    outer loop
      vertex 13.65 0.4 30.1
      vertex 3.00718 0.4 33.5277
      vertex 13.6525 0.4 30.1997
    endloop
  endfacet
  facet normal 0 1 0
    outer loop
      vertex 3.00718 0.4 33.5277
      vertex 13.65 0.4 30.1
      vertex 2.86027 0.4 33.3057
    endloop
  endfacet
  facet normal 0 1 0
    outer loop
      vertex 2.86027 0.4 33.3057
      vertex 13.65 0.4 30.1
      vertex 2.71727 0.4 33.0813
    endloop
  endfacet
  facet normal 0 1 0
    outer loop
      vertex 2.71727 0.4 33.0813
      vertex 13.65 0.4 30.1
      vertex 2.5782 0.4 32.8543
    endloop
  endfacet
  facet normal 0 1 0
    outer loop
      vertex 13.6525 0.4 30.0003
      vertex 2.5782 0.4 32.8543
      vertex 13.65 0.4 30.1
    endloop
  endfacet
  facet normal 0 1 0
    outer loop
      vertex 2.5782 0.4 32.8543
      vertex 13.6525 0.4 30.0003
      vertex 2.44311 0.4 32.625
    endloop
  endfacet
  facet normal 0 1 0
    outer loop
      vertex 2.44311 0.4 32.625
      vertex 13.6525 0.4 30.0003
      vertex 2.31205 0.4 32.3933
    endloop
  endfacet
  facet normal 0 1 0
    outer loop
      vertex 13.6599 0.4 29.9009
      vertex 2.31205 0.4 32.3933
      vertex 13.6525 0.4 30.0003
    endloop
  endfacet
  facet normal 0 1 0
    outer loop
      vertex 2.31205 0.4 32.3933
      vertex 13.6599 0.4 29.9009
      vertex 2.18505 0.4 32.1594
    endloop
  endfacet
  facet normal 0 1 0
    outer loop
      vertex 2.18505 0.4 32.1594
      vertex 13.6599 0.4 29.9009
      vertex 2.06215 0.4 31.9234
    endloop
  endfacet
  facet normal 0 1 0
    outer loop
      vertex 2.06215 0.4 31.9234
      vertex 13.6599 0.4 29.9009
      vertex 1.94339 0.4 31.6852
    endloop
  endfacet
  facet normal 0 1 0
    outer loop
      vertex 13.6723 0.4 29.8019
      vertex 1.94339 0.4 31.6852
      vertex 13.6599 0.4 29.9009
    endloop
  endfacet
  facet normal 0 1 0
    outer loop
      vertex 1.94339 0.4 31.6852
      vertex 13.6723 0.4 29.8019
      vertex 1.82881 0.4 31.4449
    endloop
  endfacet
  facet normal 0 1 0
    outer loop
      vertex 1.82881 0.4 31.4449
      vertex 13.6723 0.4 29.8019
      vertex 1.71843 0.4 31.2027
    endloop
  endfacet
  facet normal 0 1 0
    outer loop
      vertex 13.6897 0.4 29.7037
      vertex 1.71843 0.4 31.2027
      vertex 13.6723 0.4 29.8019
    endloop
  endfacet
  facet normal 0 1 0
    outer loop
      vertex 1.71843 0.4 31.2027
      vertex 13.6897 0.4 29.7037
      vertex 1.6123 0.4 30.9586
    endloop
  endfacet
  facet normal 0 1 0
    outer loop
      vertex 1.6123 0.4 30.9586
      vertex 13.6897 0.4 29.7037
      vertex 1.51045 0.4 30.7127
    endloop
  endfacet
  facet normal 0 1 0
    outer loop
      vertex 1.51045 0.4 30.7127
      vertex 13.6897 0.4 29.7037
      vertex 1.4129 0.4 30.4651
    endloop
  endfacet
  facet normal 0 1 0
    outer loop
      vertex 13.7118 0.4 29.6065
      vertex 1.4129 0.4 30.4651
      vertex 13.6897 0.4 29.7037
    endloop
  endfacet
  facet normal 0 1 0
    outer loop
      vertex 1.4129 0.4 30.4651
      vertex 13.7118 0.4 29.6065
      vertex 1.31969 0.4 30.2158
    endloop
  endfacet
  facet normal 0 1 0
    outer loop
      vertex 1.31969 0.4 30.2158
      vertex 13.7118 0.4 29.6065
      vertex 1.23084 0.4 29.9649
    endloop
  endfacet
  facet normal 0 1 0
    outer loop
      vertex 1.23084 0.4 29.9649
      vertex 13.7118 0.4 29.6065
      vertex 1.14639 0.4 29.7125
    endloop
  endfacet
  facet normal 0 1 0
    outer loop
      vertex 13.7389 0.4 29.5105
      vertex 1.14639 0.4 29.7125
      vertex 13.7118 0.4 29.6065
    endloop
  endfacet
  facet normal 0 1 0
    outer loop
      vertex 13.7389 0.4 29.5105
      vertex 1.06635 0.4 29.4587
      vertex 1.14639 0.4 29.7125
    endloop
  endfacet
  facet normal 0 1 0
    outer loop
      vertex 0.990759 0.4 29.2035
      vertex 13.7389 0.4 29.5105
      vertex 13.7706 0.4 29.416
    endloop
  endfacet
  facet normal 0 1 0
    outer loop
      vertex 0.790857 0.4 28.4305
      vertex 13.7706 0.4 29.416
      vertex 13.807 0.4 29.3231
    endloop
  endfacet
  facet normal 0 1 0
    outer loop
      vertex 0.631682 0.4 27.6481
      vertex 13.807 0.4 29.3231
      vertex 13.8481 0.4 29.2322
    endloop
  endfacet
  facet normal 0 1 0
    outer loop
      vertex 13.7389 0.4 29.5105
      vertex 0.990759 0.4 29.2035
      vertex 1.06635 0.4 29.4587
    endloop
  endfacet
  facet normal 0 1 0
    outer loop
      vertex 0.513671 0.4 26.8585
      vertex 13.8481 0.4 29.2322
      vertex 13.8936 0.4 29.1435
    endloop
  endfacet
  facet normal 0 1 0
    outer loop
      vertex 0.437148 0.4 26.0638
      vertex 13.8936 0.4 29.1435
      vertex 13.9434 0.4 29.0571
    endloop
  endfacet
  facet normal 0 1 0
    outer loop
      vertex 0.402323 0.4 25.2661
      vertex 13.9434 0.4 29.0571
      vertex 13.9975 0.4 28.9734
    endloop
  endfacet
  facet normal 0 1 0
    outer loop
      vertex 13.7706 0.4 29.416
      vertex 0.919631 0.4 28.947
      vertex 0.990759 0.4 29.2035
    endloop
  endfacet
  facet normal 0 1 0
    outer loop
      vertex 0.4209 0.4 24.2019
      vertex 13.9975 0.4 28.9734
      vertex 14.0557 0.4 28.8924
    endloop
  endfacet
  facet normal 0 1 0
    outer loop
      vertex 0.483542 0.4 23.4059
      vertex 14.0557 0.4 28.8924
      vertex 14.1179 0.4 28.8144
    endloop
  endfacet
  facet normal 0 1 0
    outer loop
      vertex 0.631682 0.4 22.3519
      vertex 14.1179 0.4 28.8144
      vertex 14.1839 0.4 28.7397
    endloop
  endfacet
  facet normal 0 1 0
    outer loop
      vertex 13.7706 0.4 29.416
      vertex 0.852991 0.4 28.6893
      vertex 0.919631 0.4 28.947
    endloop
  endfacet
  facet normal 0 1 0
    outer loop
      vertex 0.852991 0.4 21.3107
      vertex 14.1839 0.4 28.7397
      vertex 14.2535 0.4 28.6683
    endloop
  endfacet
  facet normal 0 1 0
    outer loop
      vertex 1.14639 0.4 20.2875
      vertex 14.2535 0.4 28.6683
      vertex 14.3266 0.4 28.6004
    endloop
  endfacet
  facet normal 0 1 0
    outer loop
      vertex 1.51045 0.4 19.2873
      vertex 14.3266 0.4 28.6004
      vertex 14.403 0.4 28.5363
    endloop
  endfacet
  facet normal 0 1 0
    outer loop
      vertex 1.94339 0.4 18.3148
      vertex 14.403 0.4 28.5363
      vertex 14.4825 0.4 28.4761
    endloop
  endfacet
  facet normal 0 1 0
    outer loop
      vertex 13.7706 0.4 29.416
      vertex 0.790857 0.4 28.4305
      vertex 0.852991 0.4 28.6893
    endloop
  endfacet
  facet normal 0 1 0
    outer loop
      vertex 2.44311 0.4 17.375
      vertex 14.4825 0.4 28.4761
      vertex 14.5649 0.4 28.4199
    endloop
  endfacet
  facet normal 0 1 0
    outer loop
      vertex 3.15793 0.4 16.253
      vertex 14.5649 0.4 28.4199
      vertex 14.65 0.4 28.3679
    endloop
  endfacet
  facet normal 0 1 0
    outer loop
      vertex 3.79852 0.4 15.4029
      vertex 14.65 0.4 28.3679
      vertex 14.7376 0.4 28.3203
    endloop
  endfacet
  facet normal 0 1 0
    outer loop
      vertex 4.68007 0.4 14.4065
      vertex 14.7376 0.4 28.3203
      vertex 14.8274 0.4 28.277
    endloop
  endfacet
  facet normal 0 1 0
    outer loop
      vertex 5.44576 0.4 13.667
      vertex 14.8274 0.4 28.277
      vertex 14.9193 0.4 28.2383
    endloop
  endfacet
  facet normal 0 1 0
    outer loop
      vertex 6.47232 0.4 12.8208
      vertex 14.9193 0.4 28.2383
      vertex 15.013 0.4 28.2041
    endloop
  endfacet
  facet normal 0 1 0
    outer loop
      vertex 7.56873 0.4 12.0673
      vertex 15.013 0.4 28.2041
      vertex 15.1083 0.4 28.1748
    endloop
  endfacet
  facet normal 0 1 0
    outer loop
      vertex 13.807 0.4 29.3231
      vertex 0.733249 0.4 28.1707
      vertex 0.790857 0.4 28.4305
    endloop
  endfacet
  facet normal 0 1 0
    outer loop
      vertex 8.72664 0.4 11.4122
      vertex 15.1083 0.4 28.1748
      vertex 15.205 0.4 28.1501
    endloop
  endfacet
  facet normal 0 1 0
    outer loop
      vertex 9.93725 0.4 10.8604
      vertex 15.205 0.4 28.1501
      vertex 15.3027 0.4 28.1304
    endloop
  endfacet
  facet normal 0 1 0
    outer loop
      vertex 11.1913 0.4 10.4164
      vertex 15.3027 0.4 28.1304
      vertex 15.4013 0.4 28.1155
    endloop
  endfacet
  facet normal 0 1 0
    outer loop
      vertex 12.7402 0.4 10.0302
      vertex 15.4013 0.4 28.1155
      vertex 15.5005 0.4 28.1056
    endloop
  endfacet
  facet normal 0 1 0
    outer loop
      vertex 14.0559 0.4 9.83354
      vertex 15.5005 0.4 28.1056
      vertex 15.6001 0.4 28.1006
    endloop
  endfacet
  facet normal 0 1 -0
    outer loop
      vertex 30.7863 0.4 23.1415
      vertex 17.1821 0.4 28.8144
      vertex 30.8165 0.4 23.4059
    endloop
  endfacet
  facet normal 0 1 0
    outer loop
      vertex 13.807 0.4 29.3231
      vertex 0.680186 0.4 27.9098
      vertex 0.733249 0.4 28.1707
    endloop
  endfacet
  facet normal 0 1 -0
    outer loop
      vertex 30.7516 0.4 22.8776
      vertex 17.1821 0.4 28.8144
      vertex 30.7863 0.4 23.1415
    endloop
  endfacet
  facet normal 0 1 0
    outer loop
      vertex 13.807 0.4 29.3231
      vertex 0.631682 0.4 27.6481
      vertex 0.680186 0.4 27.9098
    endloop
  endfacet
  facet normal 0 1 -0
    outer loop
      vertex 30.7122 0.4 22.6144
      vertex 17.1821 0.4 28.8144
      vertex 30.7516 0.4 22.8776
    endloop
  endfacet
  facet normal 0 1 0
    outer loop
      vertex 13.8481 0.4 29.2322
      vertex 0.587754 0.4 27.3856
      vertex 0.631682 0.4 27.6481
    endloop
  endfacet
  facet normal 0 1 -0
    outer loop
      vertex 30.6683 0.4 22.3519
      vertex 17.1821 0.4 28.8144
      vertex 30.7122 0.4 22.6144
    endloop
  endfacet
  facet normal 0 1 0
    outer loop
      vertex 13.8481 0.4 29.2322
      vertex 0.548413 0.4 27.1224
      vertex 0.587754 0.4 27.3856
    endloop
  endfacet
  facet normal 0 1 0
    outer loop
      vertex 17.1821 0.4 28.8144
      vertex 30.6683 0.4 22.3519
      vertex 17.1161 0.4 28.7397
    endloop
  endfacet
  facet normal 0 1 0
    outer loop
      vertex 13.8481 0.4 29.2322
      vertex 0.513671 0.4 26.8585
      vertex 0.548413 0.4 27.1224
    endloop
  endfacet
  facet normal 0 1 -0
    outer loop
      vertex 30.6198 0.4 22.0902
      vertex 17.1161 0.4 28.7397
      vertex 30.6683 0.4 22.3519
    endloop
  endfacet
  facet normal 0 1 0
    outer loop
      vertex 13.8936 0.4 29.1435
      vertex 0.483542 0.4 26.5941
      vertex 0.513671 0.4 26.8585
    endloop
  endfacet
  facet normal 0 1 -0
    outer loop
      vertex 30.5668 0.4 21.8293
      vertex 17.1161 0.4 28.7397
      vertex 30.6198 0.4 22.0902
    endloop
  endfacet
  facet normal 0 1 0
    outer loop
      vertex 13.8936 0.4 29.1435
      vertex 0.458031 0.4 26.3291
      vertex 0.483542 0.4 26.5941
    endloop
  endfacet
  facet normal 0 1 -0
    outer loop
      vertex 30.5091 0.4 21.5695
      vertex 17.1161 0.4 28.7397
      vertex 30.5668 0.4 21.8293
    endloop
  endfacet
  facet normal 0 1 0
    outer loop
      vertex 13.8936 0.4 29.1435
      vertex 0.437148 0.4 26.0638
      vertex 0.458031 0.4 26.3291
    endloop
  endfacet
  facet normal 0 1 -0
    outer loop
      vertex 30.447 0.4 21.3107
      vertex 17.1161 0.4 28.7397
      vertex 30.5091 0.4 21.5695
    endloop
  endfacet
  facet normal 0 1 0
    outer loop
      vertex 13.9434 0.4 29.0571
      vertex 0.4209 0.4 25.7981
      vertex 0.437148 0.4 26.0638
    endloop
  endfacet
  facet normal 0 1 0
    outer loop
      vertex 17.1161 0.4 28.7397
      vertex 30.447 0.4 21.3107
      vertex 17.0465 0.4 28.6683
    endloop
  endfacet
  facet normal 0 1 0
    outer loop
      vertex 13.9434 0.4 29.0571
      vertex 0.409291 0.4 25.5322
      vertex 0.4209 0.4 25.7981
    endloop
  endfacet
  facet normal 0 1 -0
    outer loop
      vertex 30.3804 0.4 21.053
      vertex 17.0465 0.4 28.6683
      vertex 30.447 0.4 21.3107
    endloop
  endfacet
  facet normal 0 1 0
    outer loop
      vertex 13.9434 0.4 29.0571
      vertex 0.402323 0.4 25.2661
      vertex 0.409291 0.4 25.5322
    endloop
  endfacet
  facet normal 0 1 -0
    outer loop
      vertex 30.3092 0.4 20.7965
      vertex 17.0465 0.4 28.6683
      vertex 30.3804 0.4 21.053
    endloop
  endfacet
  facet normal 0 1 0
    outer loop
      vertex 13.9975 0.4 28.9734
      vertex 0.4 0.4 25
      vertex 0.402323 0.4 25.2661
    endloop
  endfacet
  facet normal 0 1 -0
    outer loop
      vertex 30.2336 0.4 20.5413
      vertex 17.0465 0.4 28.6683
      vertex 30.3092 0.4 20.7965
    endloop
  endfacet
  facet normal 0 1 -0
    outer loop
      vertex 30.1536 0.4 20.2875
      vertex 17.0465 0.4 28.6683
      vertex 30.2336 0.4 20.5413
    endloop
  endfacet
  facet normal 0 1 0
    outer loop
      vertex 13.9975 0.4 28.9734
      vertex 0.402323 0.4 24.7339
      vertex 0.4 0.4 25
    endloop
  endfacet
  facet normal 0 1 0
    outer loop
      vertex 17.0465 0.4 28.6683
      vertex 30.1536 0.4 20.2875
      vertex 16.9734 0.4 28.6004
    endloop
  endfacet
  facet normal 0 1 0
    outer loop
      vertex 13.9975 0.4 28.9734
      vertex 0.409291 0.4 24.4678
      vertex 0.402323 0.4 24.7339
    endloop
  endfacet
  facet normal 0 1 -0
    outer loop
      vertex 30.0692 0.4 20.0351
      vertex 16.9734 0.4 28.6004
      vertex 30.1536 0.4 20.2875
    endloop
  endfacet
  facet normal 0 1 0
    outer loop
      vertex 13.9975 0.4 28.9734
      vertex 0.4209 0.4 24.2019
      vertex 0.409291 0.4 24.4678
    endloop
  endfacet
  facet normal 0 1 -0
    outer loop
      vertex 29.9803 0.4 19.7842
      vertex 16.9734 0.4 28.6004
      vertex 30.0692 0.4 20.0351
    endloop
  endfacet
  facet normal 0 1 0
    outer loop
      vertex 14.0557 0.4 28.8924
      vertex 0.437148 0.4 23.9362
      vertex 0.4209 0.4 24.2019
    endloop
  endfacet
  facet normal 0 1 -0
    outer loop
      vertex 29.8871 0.4 19.5349
      vertex 16.9734 0.4 28.6004
      vertex 29.9803 0.4 19.7842
    endloop
  endfacet
  facet normal 0 1 0
    outer loop
      vertex 14.0557 0.4 28.8924
      vertex 0.458031 0.4 23.6709
      vertex 0.437148 0.4 23.9362
    endloop
  endfacet
  facet normal 0 1 -0
    outer loop
      vertex 29.7896 0.4 19.2873
      vertex 16.9734 0.4 28.6004
      vertex 29.8871 0.4 19.5349
    endloop
  endfacet
  facet normal 0 1 0
    outer loop
      vertex 14.0557 0.4 28.8924
      vertex 0.483542 0.4 23.4059
      vertex 0.458031 0.4 23.6709
    endloop
  endfacet
  facet normal 0 1 0
    outer loop
      vertex 16.9734 0.4 28.6004
      vertex 29.7896 0.4 19.2873
      vertex 16.897 0.4 28.5363
    endloop
  endfacet
  facet normal 0 1 0
    outer loop
      vertex 14.1179 0.4 28.8144
      vertex 0.513671 0.4 23.1415
      vertex 0.483542 0.4 23.4059
    endloop
  endfacet
  facet normal 0 1 -0
    outer loop
      vertex 29.6877 0.4 19.0414
      vertex 16.897 0.4 28.5363
      vertex 29.7896 0.4 19.2873
    endloop
  endfacet
  facet normal 0 1 0
    outer loop
      vertex 14.1179 0.4 28.8144
      vertex 0.548413 0.4 22.8776
      vertex 0.513671 0.4 23.1415
    endloop
  endfacet
  facet normal 0 1 -0
    outer loop
      vertex 29.5816 0.4 18.7973
      vertex 16.897 0.4 28.5363
      vertex 29.6877 0.4 19.0414
    endloop
  endfacet
  facet normal 0 1 0
    outer loop
      vertex 14.1179 0.4 28.8144
      vertex 0.587754 0.4 22.6144
      vertex 0.548413 0.4 22.8776
    endloop
  endfacet
  facet normal 0 1 -0
    outer loop
      vertex 29.4712 0.4 18.5551
      vertex 16.897 0.4 28.5363
      vertex 29.5816 0.4 18.7973
    endloop
  endfacet
  facet normal 0 1 0
    outer loop
      vertex 14.1179 0.4 28.8144
      vertex 0.631682 0.4 22.3519
      vertex 0.587754 0.4 22.6144
    endloop
  endfacet
  facet normal 0 1 -0
    outer loop
      vertex 29.3566 0.4 18.3148
      vertex 16.897 0.4 28.5363
      vertex 29.4712 0.4 18.5551
    endloop
  endfacet
  facet normal 0 1 0
    outer loop
      vertex 14.1839 0.4 28.7397
      vertex 0.680186 0.4 22.0902
      vertex 0.631682 0.4 22.3519
    endloop
  endfacet
  facet normal 0 1 0
    outer loop
      vertex 16.897 0.4 28.5363
      vertex 29.3566 0.4 18.3148
      vertex 16.8175 0.4 28.4761
    endloop
  endfacet
  facet normal 0 1 0
    outer loop
      vertex 14.1839 0.4 28.7397
      vertex 0.733249 0.4 21.8293
      vertex 0.680186 0.4 22.0902
    endloop
  endfacet
  facet normal 0 1 -0
    outer loop
      vertex 29.2378 0.4 18.0766
      vertex 16.8175 0.4 28.4761
      vertex 29.3566 0.4 18.3148
    endloop
  endfacet
  facet normal 0 1 0
    outer loop
      vertex 14.1839 0.4 28.7397
      vertex 0.790857 0.4 21.5695
      vertex 0.733249 0.4 21.8293
    endloop
  endfacet
  facet normal 0 1 -0
    outer loop
      vertex 29.115 0.4 17.8406
      vertex 16.8175 0.4 28.4761
      vertex 29.2378 0.4 18.0766
    endloop
  endfacet
  facet normal 0 1 0
    outer loop
      vertex 14.1839 0.4 28.7397
      vertex 0.852991 0.4 21.3107
      vertex 0.790857 0.4 21.5695
    endloop
  endfacet
  facet normal 0 1 -0
    outer loop
      vertex 28.9879 0.4 17.6067
      vertex 16.8175 0.4 28.4761
      vertex 29.115 0.4 17.8406
    endloop
  endfacet
  facet normal 0 1 0
    outer loop
      vertex 14.2535 0.4 28.6683
      vertex 0.919631 0.4 21.053
      vertex 0.852991 0.4 21.3107
    endloop
  endfacet
  facet normal 0 1 -0
    outer loop
      vertex 28.8569 0.4 17.375
      vertex 16.8175 0.4 28.4761
      vertex 28.9879 0.4 17.6067
    endloop
  endfacet
  facet normal 0 1 0
    outer loop
      vertex 14.2535 0.4 28.6683
      vertex 0.990759 0.4 20.7965
      vertex 0.919631 0.4 21.053
    endloop
  endfacet
  facet normal 0 1 0
    outer loop
      vertex 16.8175 0.4 28.4761
      vertex 28.8569 0.4 17.375
      vertex 16.7351 0.4 28.4199
    endloop
  endfacet
  facet normal 0 1 0
    outer loop
      vertex 14.2535 0.4 28.6683
      vertex 1.06635 0.4 20.5413
      vertex 0.990759 0.4 20.7965
    endloop
  endfacet
  facet normal 0 1 -0
    outer loop
      vertex 28.7218 0.4 17.1457
      vertex 16.7351 0.4 28.4199
      vertex 28.8569 0.4 17.375
    endloop
  endfacet
  facet normal 0 1 0
    outer loop
      vertex 14.2535 0.4 28.6683
      vertex 1.14639 0.4 20.2875
      vertex 1.06635 0.4 20.5413
    endloop
  endfacet
  facet normal 0 1 -0
    outer loop
      vertex 28.5827 0.4 16.9187
      vertex 16.7351 0.4 28.4199
      vertex 28.7218 0.4 17.1457
    endloop
  endfacet
  facet normal 0 1 0
    outer loop
      vertex 14.3266 0.4 28.6004
      vertex 1.23084 0.4 20.0351
      vertex 1.14639 0.4 20.2875
    endloop
  endfacet
  facet normal 0 1 -0
    outer loop
      vertex 28.4397 0.4 16.6943
      vertex 16.7351 0.4 28.4199
      vertex 28.5827 0.4 16.9187
    endloop
  endfacet
  facet normal 0 1 0
    outer loop
      vertex 14.3266 0.4 28.6004
      vertex 1.31969 0.4 19.7842
      vertex 1.23084 0.4 20.0351
    endloop
  endfacet
  facet normal 0 1 -0
    outer loop
      vertex 28.2928 0.4 16.4723
      vertex 16.7351 0.4 28.4199
      vertex 28.4397 0.4 16.6943
    endloop
  endfacet
  facet normal 0 1 0
    outer loop
      vertex 14.3266 0.4 28.6004
      vertex 1.4129 0.4 19.5349
      vertex 1.31969 0.4 19.7842
    endloop
  endfacet
  facet normal 0 1 -0
    outer loop
      vertex 28.1421 0.4 16.253
      vertex 16.7351 0.4 28.4199
      vertex 28.2928 0.4 16.4723
    endloop
  endfacet
  facet normal 0 1 0
    outer loop
      vertex 14.3266 0.4 28.6004
      vertex 1.51045 0.4 19.2873
      vertex 1.4129 0.4 19.5349
    endloop
  endfacet
  facet normal 0 1 0
    outer loop
      vertex 16.7351 0.4 28.4199
      vertex 28.1421 0.4 16.253
      vertex 16.65 0.4 28.3679
    endloop
  endfacet
  facet normal 0 1 0
    outer loop
      vertex 14.403 0.4 28.5363
      vertex 1.6123 0.4 19.0414
      vertex 1.51045 0.4 19.2873
    endloop
  endfacet
  facet normal 0 1 -0
    outer loop
      vertex 27.9875 0.4 16.0363
      vertex 16.65 0.4 28.3679
      vertex 28.1421 0.4 16.253
    endloop
  endfacet
  facet normal 0 1 0
    outer loop
      vertex 14.403 0.4 28.5363
      vertex 1.71843 0.4 18.7973
      vertex 1.6123 0.4 19.0414
    endloop
  endfacet
  facet normal 0 1 -0
    outer loop
      vertex 27.8292 0.4 15.8223
      vertex 16.65 0.4 28.3679
      vertex 27.9875 0.4 16.0363
    endloop
  endfacet
  facet normal 0 1 0
    outer loop
      vertex 14.403 0.4 28.5363
      vertex 1.82881 0.4 18.5551
      vertex 1.71843 0.4 18.7973
    endloop
  endfacet
  facet normal 0 1 -0
    outer loop
      vertex 27.6672 0.4 15.6112
      vertex 16.65 0.4 28.3679
      vertex 27.8292 0.4 15.8223
    endloop
  endfacet
  facet normal 0 1 0
    outer loop
      vertex 14.403 0.4 28.5363
      vertex 1.94339 0.4 18.3148
      vertex 1.82881 0.4 18.5551
    endloop
  endfacet
  facet normal 0 1 -0
    outer loop
      vertex 27.5015 0.4 15.4029
      vertex 16.65 0.4 28.3679
      vertex 27.6672 0.4 15.6112
    endloop
  endfacet
  facet normal 0 1 0
    outer loop
      vertex 14.4825 0.4 28.4761
      vertex 2.06215 0.4 18.0766
      vertex 1.94339 0.4 18.3148
    endloop
  endfacet
  facet normal 0 1 0
    outer loop
      vertex 16.65 0.4 28.3679
      vertex 27.5015 0.4 15.4029
      vertex 16.5624 0.4 28.3203
    endloop
  endfacet
  facet normal 0 1 0
    outer loop
      vertex 14.4825 0.4 28.4761
      vertex 2.18505 0.4 17.8406
      vertex 2.06215 0.4 18.0766
    endloop
  endfacet
  facet normal 0 1 -0
    outer loop
      vertex 27.3322 0.4 15.1975
      vertex 16.5624 0.4 28.3203
      vertex 27.5015 0.4 15.4029
    endloop
  endfacet
  facet normal 0 1 0
    outer loop
      vertex 14.4825 0.4 28.4761
      vertex 2.31205 0.4 17.6067
      vertex 2.18505 0.4 17.8406
    endloop
  endfacet
  facet normal 0 1 -0
    outer loop
      vertex 27.1593 0.4 14.9951
      vertex 16.5624 0.4 28.3203
      vertex 27.3322 0.4 15.1975
    endloop
  endfacet
  facet normal 0 1 0
    outer loop
      vertex 14.4825 0.4 28.4761
      vertex 2.44311 0.4 17.375
      vertex 2.31205 0.4 17.6067
    endloop
  endfacet
  facet normal 0 1 -0
    outer loop
      vertex 26.983 0.4 14.7958
      vertex 16.5624 0.4 28.3203
      vertex 27.1593 0.4 14.9951
    endloop
  endfacet
  facet normal 0 1 0
    outer loop
      vertex 14.5649 0.4 28.4199
      vertex 2.5782 0.4 17.1457
      vertex 2.44311 0.4 17.375
    endloop
  endfacet
  facet normal 0 1 -0
    outer loop
      vertex 26.8031 0.4 14.5995
      vertex 16.5624 0.4 28.3203
      vertex 26.983 0.4 14.7958
    endloop
  endfacet
  facet normal 0 1 0
    outer loop
      vertex 14.5649 0.4 28.4199
      vertex 2.71727 0.4 16.9187
      vertex 2.5782 0.4 17.1457
    endloop
  endfacet
  facet normal 0 1 -0
    outer loop
      vertex 26.6199 0.4 14.4065
      vertex 16.5624 0.4 28.3203
      vertex 26.8031 0.4 14.5995
    endloop
  endfacet
  facet normal 0 1 0
    outer loop
      vertex 14.5649 0.4 28.4199
      vertex 2.86027 0.4 16.6943
      vertex 2.71727 0.4 16.9187
    endloop
  endfacet
  facet normal 0 1 0
    outer loop
      vertex 16.5624 0.4 28.3203
      vertex 26.6199 0.4 14.4065
      vertex 16.4726 0.4 28.277
    endloop
  endfacet
  facet normal 0 1 0
    outer loop
      vertex 14.5649 0.4 28.4199
      vertex 3.00718 0.4 16.4723
      vertex 2.86027 0.4 16.6943
    endloop
  endfacet
  facet normal 0 1 -0
    outer loop
      vertex 26.4334 0.4 14.2166
      vertex 16.4726 0.4 28.277
      vertex 26.6199 0.4 14.4065
    endloop
  endfacet
  facet normal 0 1 0
    outer loop
      vertex 14.5649 0.4 28.4199
      vertex 3.15793 0.4 16.253
      vertex 3.00718 0.4 16.4723
    endloop
  endfacet
  facet normal 0 1 -0
    outer loop
      vertex 26.2435 0.4 14.0301
      vertex 16.4726 0.4 28.277
      vertex 26.4334 0.4 14.2166
    endloop
  endfacet
  facet normal 0 1 0
    outer loop
      vertex 14.65 0.4 28.3679
      vertex 3.31249 0.4 16.0363
      vertex 3.15793 0.4 16.253
    endloop
  endfacet
  facet normal 0 1 -0
    outer loop
      vertex 26.0505 0.4 13.8469
      vertex 16.4726 0.4 28.277
      vertex 26.2435 0.4 14.0301
    endloop
  endfacet
  facet normal 0 1 0
    outer loop
      vertex 14.65 0.4 28.3679
      vertex 3.47081 0.4 15.8223
      vertex 3.31249 0.4 16.0363
    endloop
  endfacet
  facet normal 0 1 -0
    outer loop
      vertex 25.8542 0.4 13.667
      vertex 16.4726 0.4 28.277
      vertex 26.0505 0.4 13.8469
    endloop
  endfacet
  facet normal 0 1 0
    outer loop
      vertex 14.65 0.4 28.3679
      vertex 3.63284 0.4 15.6112
      vertex 3.47081 0.4 15.8223
    endloop
  endfacet
  facet normal 0 1 0
    outer loop
      vertex 16.4726 0.4 28.277
      vertex 25.8542 0.4 13.667
      vertex 16.3807 0.4 28.2383
    endloop
  endfacet
  facet normal 0 1 0
    outer loop
      vertex 14.65 0.4 28.3679
      vertex 3.79852 0.4 15.4029
      vertex 3.63284 0.4 15.6112
    endloop
  endfacet
  facet normal 0 1 -0
    outer loop
      vertex 25.6549 0.4 13.4907
      vertex 16.3807 0.4 28.2383
      vertex 25.8542 0.4 13.667
    endloop
  endfacet
  facet normal 0 1 0
    outer loop
      vertex 14.7376 0.4 28.3203
      vertex 3.96782 0.4 15.1975
      vertex 3.79852 0.4 15.4029
    endloop
  endfacet
  facet normal 0 1 -0
    outer loop
      vertex 25.4525 0.4 13.3178
      vertex 16.3807 0.4 28.2383
      vertex 25.6549 0.4 13.4907
    endloop
  endfacet
  facet normal 0 1 0
    outer loop
      vertex 14.7376 0.4 28.3203
      vertex 4.14068 0.4 14.9951
      vertex 3.96782 0.4 15.1975
    endloop
  endfacet
  facet normal 0 1 -0
    outer loop
      vertex 25.2471 0.4 13.1485
      vertex 16.3807 0.4 28.2383
      vertex 25.4525 0.4 13.3178
    endloop
  endfacet
  facet normal 0 1 0
    outer loop
      vertex 14.7376 0.4 28.3203
      vertex 4.31704 0.4 14.7958
      vertex 4.14068 0.4 14.9951
    endloop
  endfacet
  facet normal 0 1 -0
    outer loop
      vertex 25.0388 0.4 12.9828
      vertex 16.3807 0.4 28.2383
      vertex 25.2471 0.4 13.1485
    endloop
  endfacet
  facet normal 0 1 0
    outer loop
      vertex 14.7376 0.4 28.3203
      vertex 4.49686 0.4 14.5995
      vertex 4.31704 0.4 14.7958
    endloop
  endfacet
  facet normal 0 1 -0
    outer loop
      vertex 24.8277 0.4 12.8208
      vertex 16.3807 0.4 28.2383
      vertex 25.0388 0.4 12.9828
    endloop
  endfacet
  facet normal 0 1 0
    outer loop
      vertex 14.7376 0.4 28.3203
      vertex 4.68007 0.4 14.4065
      vertex 4.49686 0.4 14.5995
    endloop
  endfacet
  facet normal 0 1 0
    outer loop
      vertex 16.3807 0.4 28.2383
      vertex 24.8277 0.4 12.8208
      vertex 16.287 0.4 28.2041
    endloop
  endfacet
  facet normal 0 1 0
    outer loop
      vertex 14.8274 0.4 28.277
      vertex 4.86662 0.4 14.2166
      vertex 4.68007 0.4 14.4065
    endloop
  endfacet
  facet normal 0 1 -0
    outer loop
      vertex 24.6137 0.4 12.6625
      vertex 16.287 0.4 28.2041
      vertex 24.8277 0.4 12.8208
    endloop
  endfacet
  facet normal 0 1 0
    outer loop
      vertex 14.8274 0.4 28.277
      vertex 5.05646 0.4 14.0301
      vertex 4.86662 0.4 14.2166
    endloop
  endfacet
  facet normal 0 1 -0
    outer loop
      vertex 24.397 0.4 12.5079
      vertex 16.287 0.4 28.2041
      vertex 24.6137 0.4 12.6625
    endloop
  endfacet
  facet normal 0 1 0
    outer loop
      vertex 14.8274 0.4 28.277
      vertex 5.24953 0.4 13.8469
      vertex 5.05646 0.4 14.0301
    endloop
  endfacet
  facet normal 0 1 -0
    outer loop
      vertex 24.1777 0.4 12.3572
      vertex 16.287 0.4 28.2041
      vertex 24.397 0.4 12.5079
    endloop
  endfacet
  facet normal 0 1 0
    outer loop
      vertex 14.8274 0.4 28.277
      vertex 5.44576 0.4 13.667
      vertex 5.24953 0.4 13.8469
    endloop
  endfacet
  facet normal 0 1 -0
    outer loop
      vertex 23.9557 0.4 12.2103
      vertex 16.287 0.4 28.2041
      vertex 24.1777 0.4 12.3572
    endloop
  endfacet
  facet normal 0 1 0
    outer loop
      vertex 14.9193 0.4 28.2383
      vertex 5.6451 0.4 13.4907
      vertex 5.44576 0.4 13.667
    endloop
  endfacet
  facet normal 0 1 -0
    outer loop
      vertex 23.7313 0.4 12.0673
      vertex 16.287 0.4 28.2041
      vertex 23.9557 0.4 12.2103
    endloop
  endfacet
  facet normal 0 1 0
    outer loop
      vertex 14.9193 0.4 28.2383
      vertex 5.84749 0.4 13.3178
      vertex 5.6451 0.4 13.4907
    endloop
  endfacet
  facet normal 0 1 0
    outer loop
      vertex 16.287 0.4 28.2041
      vertex 23.7313 0.4 12.0673
      vertex 16.1917 0.4 28.1748
    endloop
  endfacet
  facet normal 0 1 0
    outer loop
      vertex 14.9193 0.4 28.2383
      vertex 6.05286 0.4 13.1485
      vertex 5.84749 0.4 13.3178
    endloop
  endfacet
  facet normal 0 1 -0
    outer loop
      vertex 23.5043 0.4 11.9282
      vertex 16.1917 0.4 28.1748
      vertex 23.7313 0.4 12.0673
    endloop
  endfacet
  facet normal 0 1 0
    outer loop
      vertex 14.9193 0.4 28.2383
      vertex 6.26116 0.4 12.9828
      vertex 6.05286 0.4 13.1485
    endloop
  endfacet
  facet normal 0 1 -0
    outer loop
      vertex 23.275 0.4 11.7931
      vertex 16.1917 0.4 28.1748
      vertex 23.5043 0.4 11.9282
    endloop
  endfacet
  facet normal 0 1 0
    outer loop
      vertex 14.9193 0.4 28.2383
      vertex 6.47232 0.4 12.8208
      vertex 6.26116 0.4 12.9828
    endloop
  endfacet
  facet normal 0 1 -0
    outer loop
      vertex 23.0433 0.4 11.6621
      vertex 16.1917 0.4 28.1748
      vertex 23.275 0.4 11.7931
    endloop
  endfacet
  facet normal 0 1 0
    outer loop
      vertex 15.013 0.4 28.2041
      vertex 6.68628 0.4 12.6625
      vertex 6.47232 0.4 12.8208
    endloop
  endfacet
  facet normal 0 1 -0
    outer loop
      vertex 22.8094 0.4 11.535
      vertex 16.1917 0.4 28.1748
      vertex 23.0433 0.4 11.6621
    endloop
  endfacet
  facet normal 0 1 0
    outer loop
      vertex 15.013 0.4 28.2041
      vertex 6.90296 0.4 12.5079
      vertex 6.68628 0.4 12.6625
    endloop
  endfacet
  facet normal 0 1 -0
    outer loop
      vertex 22.5734 0.4 11.4122
      vertex 16.1917 0.4 28.1748
      vertex 22.8094 0.4 11.535
    endloop
  endfacet
  facet normal 0 1 0
    outer loop
      vertex 15.013 0.4 28.2041
      vertex 7.12231 0.4 12.3572
      vertex 6.90296 0.4 12.5079
    endloop
  endfacet
  facet normal 0 1 0
    outer loop
      vertex 16.1917 0.4 28.1748
      vertex 22.5734 0.4 11.4122
      vertex 16.095 0.4 28.1501
    endloop
  endfacet
  facet normal 0 1 0
    outer loop
      vertex 15.013 0.4 28.2041
      vertex 7.34425 0.4 12.2103
      vertex 7.12231 0.4 12.3572
    endloop
  endfacet
  facet normal 0 1 -0
    outer loop
      vertex 22.3352 0.4 11.2934
      vertex 16.095 0.4 28.1501
      vertex 22.5734 0.4 11.4122
    endloop
  endfacet
  facet normal 0 1 0
    outer loop
      vertex 15.013 0.4 28.2041
      vertex 7.56873 0.4 12.0673
      vertex 7.34425 0.4 12.2103
    endloop
  endfacet
  facet normal 0 1 -0
    outer loop
      vertex 22.0949 0.4 11.1788
      vertex 16.095 0.4 28.1501
      vertex 22.3352 0.4 11.2934
    endloop
  endfacet
  facet normal 0 1 0
    outer loop
      vertex 15.1083 0.4 28.1748
      vertex 7.79567 0.4 11.9282
      vertex 7.56873 0.4 12.0673
    endloop
  endfacet
  facet normal 0 1 -0
    outer loop
      vertex 21.8527 0.4 11.0684
      vertex 16.095 0.4 28.1501
      vertex 22.0949 0.4 11.1788
    endloop
  endfacet
  facet normal 0 1 0
    outer loop
      vertex 15.1083 0.4 28.1748
      vertex 8.025 0.4 11.7931
      vertex 7.79567 0.4 11.9282
    endloop
  endfacet
  facet normal 0 1 -0
    outer loop
      vertex 21.6087 0.4 10.9623
      vertex 16.095 0.4 28.1501
      vertex 21.8527 0.4 11.0684
    endloop
  endfacet
  facet normal 0 1 0
    outer loop
      vertex 15.1083 0.4 28.1748
      vertex 8.25665 0.4 11.6621
      vertex 8.025 0.4 11.7931
    endloop
  endfacet
  facet normal 0 1 -0
    outer loop
      vertex 21.3628 0.4 10.8604
      vertex 16.095 0.4 28.1501
      vertex 21.6087 0.4 10.9623
    endloop
  endfacet
  facet normal 0 1 0
    outer loop
      vertex 15.1083 0.4 28.1748
      vertex 8.49056 0.4 11.535
      vertex 8.25665 0.4 11.6621
    endloop
  endfacet
  facet normal 0 1 0
    outer loop
      vertex 16.095 0.4 28.1501
      vertex 21.3628 0.4 10.8604
      vertex 15.9973 0.4 28.1304
    endloop
  endfacet
  facet normal 0 1 0
    outer loop
      vertex 15.1083 0.4 28.1748
      vertex 8.72664 0.4 11.4122
      vertex 8.49056 0.4 11.535
    endloop
  endfacet
  facet normal 0 1 -0
    outer loop
      vertex 21.1151 0.4 10.7629
      vertex 15.9973 0.4 28.1304
      vertex 21.3628 0.4 10.8604
    endloop
  endfacet
  facet normal 0 1 0
    outer loop
      vertex 15.205 0.4 28.1501
      vertex 8.96484 0.4 11.2934
      vertex 8.72664 0.4 11.4122
    endloop
  endfacet
  facet normal 0 1 -0
    outer loop
      vertex 20.8658 0.4 10.6697
      vertex 15.9973 0.4 28.1304
      vertex 21.1151 0.4 10.7629
    endloop
  endfacet
  facet normal 0 1 0
    outer loop
      vertex 15.205 0.4 28.1501
      vertex 9.20507 0.4 11.1788
      vertex 8.96484 0.4 11.2934
    endloop
  endfacet
  facet normal 0 1 -0
    outer loop
      vertex 20.6149 0.4 10.5808
      vertex 15.9973 0.4 28.1304
      vertex 20.8658 0.4 10.6697
    endloop
  endfacet
  facet normal 0 1 0
    outer loop
      vertex 15.205 0.4 28.1501
      vertex 9.44727 0.4 11.0684
      vertex 9.20507 0.4 11.1788
    endloop
  endfacet
  facet normal 0 1 -0
    outer loop
      vertex 20.3625 0.4 10.4964
      vertex 15.9973 0.4 28.1304
      vertex 20.6149 0.4 10.5808
    endloop
  endfacet
  facet normal 0 1 0
    outer loop
      vertex 15.205 0.4 28.1501
      vertex 9.69135 0.4 10.9623
      vertex 9.44727 0.4 11.0684
    endloop
  endfacet
  facet normal 0 1 -0
    outer loop
      vertex 20.1087 0.4 10.4164
      vertex 15.9973 0.4 28.1304
      vertex 20.3625 0.4 10.4964
    endloop
  endfacet
  facet normal 0 1 0
    outer loop
      vertex 15.205 0.4 28.1501
      vertex 9.93725 0.4 10.8604
      vertex 9.69135 0.4 10.9623
    endloop
  endfacet
  facet normal 0 1 0
    outer loop
      vertex 15.9973 0.4 28.1304
      vertex 20.1087 0.4 10.4164
      vertex 15.8987 0.4 28.1155
    endloop
  endfacet
  facet normal 0 1 0
    outer loop
      vertex 15.3027 0.4 28.1304
      vertex 10.1849 0.4 10.7629
      vertex 9.93725 0.4 10.8604
    endloop
  endfacet
  facet normal 0 1 -0
    outer loop
      vertex 19.8535 0.4 10.3408
      vertex 15.8987 0.4 28.1155
      vertex 20.1087 0.4 10.4164
    endloop
  endfacet
  facet normal 0 1 0
    outer loop
      vertex 15.3027 0.4 28.1304
      vertex 10.4342 0.4 10.6697
      vertex 10.1849 0.4 10.7629
    endloop
  endfacet
  facet normal 0 1 -0
    outer loop
      vertex 19.597 0.4 10.2696
      vertex 15.8987 0.4 28.1155
      vertex 19.8535 0.4 10.3408
    endloop
  endfacet
  facet normal 0 1 0
    outer loop
      vertex 15.3027 0.4 28.1304
      vertex 10.6851 0.4 10.5808
      vertex 10.4342 0.4 10.6697
    endloop
  endfacet
  facet normal 0 1 -0
    outer loop
      vertex 19.3393 0.4 10.203
      vertex 15.8987 0.4 28.1155
      vertex 19.597 0.4 10.2696
    endloop
  endfacet
  facet normal 0 1 0
    outer loop
      vertex 15.3027 0.4 28.1304
      vertex 10.9375 0.4 10.4964
      vertex 10.6851 0.4 10.5808
    endloop
  endfacet
  facet normal 0 1 -0
    outer loop
      vertex 19.0805 0.4 10.1409
      vertex 15.8987 0.4 28.1155
      vertex 19.3393 0.4 10.203
    endloop
  endfacet
  facet normal 0 1 0
    outer loop
      vertex 15.3027 0.4 28.1304
      vertex 11.1913 0.4 10.4164
      vertex 10.9375 0.4 10.4964
    endloop
  endfacet
  facet normal 0 1 -0
    outer loop
      vertex 18.8207 0.4 10.0832
      vertex 15.8987 0.4 28.1155
      vertex 19.0805 0.4 10.1409
    endloop
  endfacet
  facet normal 0 1 0
    outer loop
      vertex 15.4013 0.4 28.1155
      vertex 11.4465 0.4 10.3408
      vertex 11.1913 0.4 10.4164
    endloop
  endfacet
  facet normal 0 1 -0
    outer loop
      vertex 18.5598 0.4 10.0302
      vertex 15.8987 0.4 28.1155
      vertex 18.8207 0.4 10.0832
    endloop
  endfacet
  facet normal 0 1 0
    outer loop
      vertex 15.4013 0.4 28.1155
      vertex 11.703 0.4 10.2696
      vertex 11.4465 0.4 10.3408
    endloop
  endfacet
  facet normal 0 1 0
    outer loop
      vertex 15.8987 0.4 28.1155
      vertex 18.5598 0.4 10.0302
      vertex 15.7995 0.4 28.1056
    endloop
  endfacet
  facet normal 0 1 0
    outer loop
      vertex 15.4013 0.4 28.1155
      vertex 11.9607 0.4 10.203
      vertex 11.703 0.4 10.2696
    endloop
  endfacet
  facet normal 0 1 -0
    outer loop
      vertex 18.2981 0.4 9.98168
      vertex 15.7995 0.4 28.1056
      vertex 18.5598 0.4 10.0302
    endloop
  endfacet
  facet normal 0 1 0
    outer loop
      vertex 15.4013 0.4 28.1155
      vertex 12.2195 0.4 10.1409
      vertex 11.9607 0.4 10.203
    endloop
  endfacet
  facet normal 0 1 -0
    outer loop
      vertex 18.0356 0.4 9.93775
      vertex 15.7995 0.4 28.1056
      vertex 18.2981 0.4 9.98168
    endloop
  endfacet
  facet normal 0 1 0
    outer loop
      vertex 15.4013 0.4 28.1155
      vertex 12.4793 0.4 10.0832
      vertex 12.2195 0.4 10.1409
    endloop
  endfacet
  facet normal 0 1 -0
    outer loop
      vertex 17.7724 0.4 9.89841
      vertex 15.7995 0.4 28.1056
      vertex 18.0356 0.4 9.93775
    endloop
  endfacet
  facet normal 0 1 0
    outer loop
      vertex 15.4013 0.4 28.1155
      vertex 12.7402 0.4 10.0302
      vertex 12.4793 0.4 10.0832
    endloop
  endfacet
  facet normal 0 1 -0
    outer loop
      vertex 17.5085 0.4 9.86367
      vertex 15.7995 0.4 28.1056
      vertex 17.7724 0.4 9.89841
    endloop
  endfacet
  facet normal 0 1 0
    outer loop
      vertex 15.5005 0.4 28.1056
      vertex 13.0019 0.4 9.98168
      vertex 12.7402 0.4 10.0302
    endloop
  endfacet
  facet normal 0 1 -0
    outer loop
      vertex 17.2441 0.4 9.83354
      vertex 15.7995 0.4 28.1056
      vertex 17.5085 0.4 9.86367
    endloop
  endfacet
  facet normal 0 1 0
    outer loop
      vertex 15.5005 0.4 28.1056
      vertex 13.2644 0.4 9.93775
      vertex 13.0019 0.4 9.98168
    endloop
  endfacet
  facet normal 0 1 0
    outer loop
      vertex 15.7995 0.4 28.1056
      vertex 17.2441 0.4 9.83354
      vertex 15.6999 0.4 28.1006
    endloop
  endfacet
  facet normal 0 1 0
    outer loop
      vertex 15.5005 0.4 28.1056
      vertex 13.5276 0.4 9.89841
      vertex 13.2644 0.4 9.93775
    endloop
  endfacet
  facet normal 0 1 -0
    outer loop
      vertex 16.9791 0.4 9.80803
      vertex 15.6999 0.4 28.1006
      vertex 17.2441 0.4 9.83354
    endloop
  endfacet
  facet normal 0 1 0
    outer loop
      vertex 15.5005 0.4 28.1056
      vertex 13.7915 0.4 9.86367
      vertex 13.5276 0.4 9.89841
    endloop
  endfacet
  facet normal 0 1 -0
    outer loop
      vertex 16.7138 0.4 9.78715
      vertex 15.6999 0.4 28.1006
      vertex 16.9791 0.4 9.80803
    endloop
  endfacet
  facet normal 0 1 0
    outer loop
      vertex 15.5005 0.4 28.1056
      vertex 14.0559 0.4 9.83354
      vertex 13.7915 0.4 9.86367
    endloop
  endfacet
  facet normal 0 1 -0
    outer loop
      vertex 16.4481 0.4 9.7709
      vertex 15.6999 0.4 28.1006
      vertex 16.7138 0.4 9.78715
    endloop
  endfacet
  facet normal 0 1 0
    outer loop
      vertex 15.6001 0.4 28.1006
      vertex 14.3209 0.4 9.80803
      vertex 14.0559 0.4 9.83354
    endloop
  endfacet
  facet normal 0 1 -0
    outer loop
      vertex 16.1822 0.4 9.75929
      vertex 15.6999 0.4 28.1006
      vertex 16.4481 0.4 9.7709
    endloop
  endfacet
  facet normal 0 1 0
    outer loop
      vertex 15.6001 0.4 28.1006
      vertex 14.5862 0.4 9.78715
      vertex 14.3209 0.4 9.80803
    endloop
  endfacet
  facet normal 0 1 -0
    outer loop
      vertex 15.9161 0.4 9.75232
      vertex 15.6999 0.4 28.1006
      vertex 16.1822 0.4 9.75929
    endloop
  endfacet
  facet normal 0 1 0
    outer loop
      vertex 15.6001 0.4 28.1006
      vertex 14.8519 0.4 9.7709
      vertex 14.5862 0.4 9.78715
    endloop
  endfacet
  facet normal 0 1 0
    outer loop
      vertex 15.6999 0.4 28.1006
      vertex 15.9161 0.4 9.75232
      vertex 15.6001 0.4 28.1006
    endloop
  endfacet
  facet normal 0 1 0
    outer loop
      vertex 15.6001 0.4 28.1006
      vertex 15.1178 0.4 9.75929
      vertex 14.8519 0.4 9.7709
    endloop
  endfacet
  facet normal 0 1 -0
    outer loop
      vertex 15.65 0.4 9.75
      vertex 15.6001 0.4 28.1006
      vertex 15.9161 0.4 9.75232
    endloop
  endfacet
  facet normal 0 1 0
    outer loop
      vertex 15.6001 0.4 28.1006
      vertex 15.3839 0.4 9.75232
      vertex 15.1178 0.4 9.75929
    endloop
  endfacet
  facet normal 0 1 0
    outer loop
      vertex 15.6001 0.4 28.1006
      vertex 15.65 0.4 9.75
      vertex 15.3839 0.4 9.75232
    endloop
  endfacet
  facet normal -0.649541 0 0.760327
    outer loop
      vertex 5.6451 0.4 36.5093
      vertex 5.84749 -2 36.6822
      vertex 5.84749 0.4 36.6822
    endloop
  endfacet
  facet normal -0.649541 0 0.760327
    outer loop
      vertex 5.84749 -2 36.6822
      vertex 5.6451 0.4 36.5093
      vertex 5.6451 -2 36.5093
    endloop
  endfacet
  facet normal 0.043584 0 0.99905
    outer loop
      vertex 16.1822 0.4 40.2407
      vertex 16.4481 -2 40.2291
      vertex 16.4481 0.4 40.2291
    endloop
  endfacet
  facet normal 0.043584 0 0.99905
    outer loop
      vertex 16.4481 -2 40.2291
      vertex 16.1822 0.4 40.2407
      vertex 16.1822 -2 40.2407
    endloop
  endfacet
  facet normal -0.477151 0 0.878821
    outer loop
      vertex 8.25665 0.4 38.338
      vertex 8.49056 -2 38.465
      vertex 8.49056 0.4 38.465
    endloop
  endfacet
  facet normal -0.477151 0 0.878821
    outer loop
      vertex 8.49056 -2 38.465
      vertex 8.25665 0.4 38.338
      vertex 8.25665 -2 38.338
    endloop
  endfacet
  facet normal -0.958822 0 0.284006
    outer loop
      vertex 0.990759 -2 29.2035
      vertex 1.06635 0.4 29.4587
      vertex 0.990759 0.4 29.2035
    endloop
  endfacet
  facet normal -0.958822 0 0.284006
    outer loop
      vertex 1.06635 0.4 29.4587
      vertex 0.990759 -2 29.2035
      vertex 1.06635 -2 29.4587
    endloop
  endfacet
  facet normal -0.999048 0 0.0436177
    outer loop
      vertex 0.409291 -2 25.5322
      vertex 0.4209 0.4 25.7981
      vertex 0.409291 0.4 25.5322
    endloop
  endfacet
  facet normal -0.999048 0 0.0436177
    outer loop
      vertex 0.4209 0.4 25.7981
      vertex 0.409291 -2 25.5322
      vertex 0.4209 -2 25.7981
    endloop
  endfacet
  facet normal -0.446312 0 0.894878
    outer loop
      vertex 8.72664 0.4 38.5878
      vertex 8.96484 -2 38.7066
      vertex 8.96484 0.4 38.7066
    endloop
  endfacet
  facet normal -0.446312 0 0.894878
    outer loop
      vertex 8.96484 -2 38.7066
      vertex 8.72664 0.4 38.5878
      vertex 8.72664 -2 38.5878
    endloop
  endfacet
  facet normal -0.760417 0 0.649435
    outer loop
      vertex 3.96782 -2 34.8025
      vertex 4.14068 0.4 35.0049
      vertex 3.96782 0.4 34.8025
    endloop
  endfacet
  facet normal -0.760417 0 0.649435
    outer loop
      vertex 4.14068 0.4 35.0049
      vertex 3.96782 -2 34.8025
      vertex 4.14068 -2 35.0049
    endloop
  endfacet
  facet normal 0.164947 0 0.986302
    outer loop
      vertex 18.0356 0.4 40.0622
      vertex 18.2981 -2 40.0183
      vertex 18.2981 0.4 40.0183
    endloop
  endfacet
  facet normal 0.164947 0 0.986302
    outer loop
      vertex 18.2981 -2 40.0183
      vertex 18.0356 0.4 40.0622
      vertex 18.0356 -2 40.0622
    endloop
  endfacet
  facet normal -0.130367 0 0.991466
    outer loop
      vertex 13.5276 0.4 40.1016
      vertex 13.7915 -2 40.1363
      vertex 13.7915 0.4 40.1363
    endloop
  endfacet
  facet normal -0.130367 0 0.991466
    outer loop
      vertex 13.7915 -2 40.1363
      vertex 13.5276 0.4 40.1016
      vertex 13.5276 -2 40.1016
    endloop
  endfacet
  facet normal -0.989013 0 0.14783
    outer loop
      vertex 0.548413 -2 27.1224
      vertex 0.587754 0.4 27.3856
      vertex 0.548413 0.4 27.1224
    endloop
  endfacet
  facet normal -0.989013 0 0.14783
    outer loop
      vertex 0.587754 0.4 27.3856
      vertex 0.548413 -2 27.1224
      vertex 0.587754 -2 27.3856
    endloop
  endfacet
  facet normal -0.998135 0 0.0610377
    outer loop
      vertex 0.4209 -2 25.7981
      vertex 0.437148 0.4 26.0638
      vertex 0.4209 0.4 25.7981
    endloop
  endfacet
  facet normal -0.998135 0 0.0610377
    outer loop
      vertex 0.437148 0.4 26.0638
      vertex 0.4209 -2 25.7981
      vertex 0.437148 -2 26.0638
    endloop
  endfacet
  facet normal -0.996916 0 0.0784719
    outer loop
      vertex 0.437148 -2 26.0638
      vertex 0.458031 0.4 26.3291
      vertex 0.437148 0.4 26.0638
    endloop
  endfacet
  facet normal -0.996916 0 0.0784719
    outer loop
      vertex 0.458031 0.4 26.3291
      vertex 0.437148 -2 26.0638
      vertex 0.458031 -2 26.3291
    endloop
  endfacet
  facet normal -0.8527 0 0.522401
    outer loop
      vertex 2.5782 -2 32.8543
      vertex 2.71727 0.4 33.0813
      vertex 2.5782 0.4 32.8543
    endloop
  endfacet
  facet normal -0.8527 0 0.522401
    outer loop
      vertex 2.71727 0.4 33.0813
      vertex 2.5782 -2 32.8543
      vertex 2.71727 -2 33.0813
    endloop
  endfacet
  facet normal -0.350176 0 0.936684
    outer loop
      vertex 10.1849 0.4 39.2371
      vertex 10.4342 -2 39.3303
      vertex 10.4342 0.4 39.3303
    endloop
  endfacet
  facet normal -0.350176 0 0.936684
    outer loop
      vertex 10.4342 -2 39.3303
      vertex 10.1849 0.4 39.2371
      vertex 10.1849 -2 39.2371
    endloop
  endfacet
  facet normal -0.803914 0 0.594746
    outer loop
      vertex 3.31249 -2 33.9637
      vertex 3.47081 0.4 34.1777
      vertex 3.31249 0.4 33.9637
    endloop
  endfacet
  facet normal -0.803914 0 0.594746
    outer loop
      vertex 3.47081 0.4 34.1777
      vertex 3.31249 -2 33.9637
      vertex 3.47081 -2 34.1777
    endloop
  endfacet
  facet normal 0.095784 0 0.995402
    outer loop
      vertex 16.9791 0.4 40.192
      vertex 17.2441 -2 40.1665
      vertex 17.2441 0.4 40.1665
    endloop
  endfacet
  facet normal 0.095784 0 0.995402
    outer loop
      vertex 17.2441 -2 40.1665
      vertex 16.9791 0.4 40.192
      vertex 16.9791 -2 40.192
    endloop
  endfacet
  facet normal -0.870403 0 0.492339
    outer loop
      vertex 2.31205 -2 32.3933
      vertex 2.44311 0.4 32.625
      vertex 2.31205 0.4 32.3933
    endloop
  endfacet
  facet normal -0.870403 0 0.492339
    outer loop
      vertex 2.44311 0.4 32.625
      vertex 2.31205 -2 32.3933
      vertex 2.44311 -2 32.625
    endloop
  endfacet
  facet normal -0.843321 0 0.53741
    outer loop
      vertex 2.71727 -2 33.0813
      vertex 2.86027 0.4 33.3057
      vertex 2.71727 0.4 33.0813
    endloop
  endfacet
  facet normal -0.843321 0 0.53741
    outer loop
      vertex 2.86027 0.4 33.3057
      vertex 2.71727 -2 33.0813
      vertex 2.86027 -2 33.3057
    endloop
  endfacet
  facet normal -0.90264 0 0.430397
    outer loop
      vertex 1.82881 -2 31.4449
      vertex 1.94339 0.4 31.6852
      vertex 1.82881 0.4 31.4449
    endloop
  endfacet
  facet normal -0.90264 0 0.430397
    outer loop
      vertex 1.94339 0.4 31.6852
      vertex 1.82881 -2 31.4449
      vertex 1.94339 -2 31.6852
    endloop
  endfacet
  facet normal -0.991445 0 0.130522
    outer loop
      vertex 0.513671 -2 26.8585
      vertex 0.548413 0.4 27.1224
      vertex 0.513671 0.4 26.8585
    endloop
  endfacet
  facet normal -0.991445 0 0.130522
    outer loop
      vertex 0.548413 0.4 27.1224
      vertex 0.513671 -2 26.8585
      vertex 0.548413 -2 27.1224
    endloop
  endfacet
  facet normal 0.782589 -0 0.622539
    outer loop
      vertex 27.5015 -2 34.5971
      vertex 27.6672 0.4 34.3888
      vertex 27.5015 0.4 34.5971
    endloop
  endfacet
  facet normal 0.782589 0 0.622539
    outer loop
      vertex 27.6672 0.4 34.3888
      vertex 27.5015 -2 34.5971
      vertex 27.6672 -2 34.3888
    endloop
  endfacet
  facet normal -0.894938 0 0.446191
    outer loop
      vertex 1.94339 -2 31.6852
      vertex 2.06215 0.4 31.9234
      vertex 1.94339 0.4 31.6852
    endloop
  endfacet
  facet normal -0.894938 0 0.446191
    outer loop
      vertex 2.06215 0.4 31.9234
      vertex 1.94339 -2 31.6852
      vertex 2.06215 -2 31.9234
    endloop
  endfacet
  facet normal -0.636092 0 0.771613
    outer loop
      vertex 5.84749 0.4 36.6822
      vertex 6.05286 -2 36.8515
      vertex 6.05286 0.4 36.8515
    endloop
  endfacet
  facet normal -0.636092 0 0.771613
    outer loop
      vertex 6.05286 -2 36.8515
      vertex 5.84749 0.4 36.6822
      vertex 5.84749 -2 36.6822
    endloop
  endfacet
  facet normal -0.23333 0 0.972398
    outer loop
      vertex 11.9607 0.4 39.797
      vertex 12.2195 -2 39.8591
      vertex 12.2195 0.4 39.8591
    endloop
  endfacet
  facet normal -0.23333 0 0.972398
    outer loop
      vertex 12.2195 -2 39.8591
      vertex 11.9607 0.4 39.797
      vertex 11.9607 -2 39.797
    endloop
  endfacet
  facet normal -0.861593 0 0.5076
    outer loop
      vertex 2.44311 -2 32.625
      vertex 2.5782 0.4 32.8543
      vertex 2.44311 0.4 32.625
    endloop
  endfacet
  facet normal -0.861593 0 0.5076
    outer loop
      vertex 2.5782 0.4 32.8543
      vertex 2.44311 -2 32.625
      vertex 2.5782 -2 32.8543
    endloop
  endfacet
  facet normal -0.833935 0 0.551862
    outer loop
      vertex 2.86027 -2 33.3057
      vertex 3.00718 0.4 33.5277
      vertex 2.86027 0.4 33.3057
    endloop
  endfacet
  facet normal -0.833935 0 0.551862
    outer loop
      vertex 3.00718 0.4 33.5277
      vertex 2.86027 -2 33.3057
      vertex 3.00718 -2 33.5277
    endloop
  endfacet
  facet normal 0.23333 0 0.972398
    outer loop
      vertex 19.0805 0.4 39.8591
      vertex 19.3393 -2 39.797
      vertex 19.3393 0.4 39.797
    endloop
  endfacet
  facet normal 0.23333 0 0.972398
    outer loop
      vertex 19.3393 -2 39.797
      vertex 19.0805 0.4 39.8591
      vertex 19.0805 -2 39.8591
    endloop
  endfacet
  facet normal -0.878813 0 0.477166
    outer loop
      vertex 2.18505 -2 32.1594
      vertex 2.31205 0.4 32.3933
      vertex 2.18505 0.4 32.1594
    endloop
  endfacet
  facet normal -0.878813 0 0.477166
    outer loop
      vertex 2.31205 0.4 32.3933
      vertex 2.18505 -2 32.1594
      vertex 2.31205 -2 32.3933
    endloop
  endfacet
  facet normal -0.992247 0 0.124281
    outer loop
      vertex 17.6277 -2 29.8019
      vertex 17.6401 0.4 29.9009
      vertex 17.6277 0.4 29.8019
    endloop
  endfacet
  facet normal -0.992247 0 0.124281
    outer loop
      vertex 17.6401 0.4 29.9009
      vertex 17.6277 -2 29.8019
      vertex 17.6401 -2 29.9009
    endloop
  endfacet
  facet normal -0.99724 0 -0.0742412
    outer loop
      vertex 17.6475 -2 30.1997
      vertex 17.6401 0.4 30.2991
      vertex 17.6475 0.4 30.1997
    endloop
  endfacet
  facet normal -0.99724 -0 -0.0742412
    outer loop
      vertex 17.6401 0.4 30.2991
      vertex 17.6475 -2 30.1997
      vertex 17.6401 -2 30.2991
    endloop
  endfacet
  facet normal -0.999686 0 -0.0250673
    outer loop
      vertex 17.65 -2 30.1
      vertex 17.6475 0.4 30.1997
      vertex 17.65 0.4 30.1
    endloop
  endfacet
  facet normal -0.999686 -0 -0.0250673
    outer loop
      vertex 17.6475 0.4 30.1997
      vertex 17.65 -2 30.1
      vertex 17.6475 -2 30.1997
    endloop
  endfacet
  facet normal -0.992247 0 -0.124281
    outer loop
      vertex 17.6401 -2 30.2991
      vertex 17.6277 0.4 30.3981
      vertex 17.6401 0.4 30.2991
    endloop
  endfacet
  facet normal -0.992247 -0 -0.124281
    outer loop
      vertex 17.6277 0.4 30.3981
      vertex 17.6401 -2 30.2991
      vertex 17.6277 -2 30.3981
    endloop
  endfacet
  facet normal -0.642745 0 -0.76608
    outer loop
      vertex 16.897 -2 31.6637
      vertex 16.9734 0.4 31.5996
      vertex 16.9734 -2 31.5996
    endloop
  endfacet
  facet normal -0.642745 0 -0.76608
    outer loop
      vertex 16.9734 0.4 31.5996
      vertex 16.897 -2 31.6637
      vertex 16.897 0.4 31.6637
    endloop
  endfacet
  facet normal 0.962389 -0 0.271674
    outer loop
      vertex 13.7118 -2 29.6065
      vertex 13.7389 0.4 29.5105
      vertex 13.7118 0.4 29.6065
    endloop
  endfacet
  facet normal 0.962389 0 0.271674
    outer loop
      vertex 13.7389 0.4 29.5105
      vertex 13.7118 -2 29.6065
      vertex 13.7389 -2 29.5105
    endloop
  endfacet
  facet normal -0.388102 0 0.921616
    outer loop
      vertex 16.3807 0.4 28.2383
      vertex 16.4726 -2 28.277
      vertex 16.4726 0.4 28.277
    endloop
  endfacet
  facet normal -0.388102 0 0.921616
    outer loop
      vertex 16.4726 -2 28.277
      vertex 16.3807 0.4 28.2383
      vertex 16.3807 -2 28.2383
    endloop
  endfacet
  facet normal -0.149419 0 0.988774
    outer loop
      vertex 15.8987 0.4 28.1155
      vertex 15.9973 -2 28.1304
      vertex 15.9973 0.4 28.1304
    endloop
  endfacet
  facet normal -0.149419 0 0.988774
    outer loop
      vertex 15.9973 -2 28.1304
      vertex 15.8987 0.4 28.1155
      vertex 15.8987 -2 28.1155
    endloop
  endfacet
  facet normal 0.716075 0 -0.698023
    outer loop
      vertex 14.2535 -2 31.5317
      vertex 14.1839 0.4 31.4603
      vertex 14.2535 0.4 31.5317
    endloop
  endfacet
  facet normal 0.716075 0 -0.698023
    outer loop
      vertex 14.1839 0.4 31.4603
      vertex 14.2535 -2 31.5317
      vertex 14.1839 -2 31.4603
    endloop
  endfacet
  facet normal -0.477446 0 0.878661
    outer loop
      vertex 16.5624 0.4 28.3203
      vertex 16.65 -2 28.3679
      vertex 16.65 0.4 28.3679
    endloop
  endfacet
  facet normal -0.477446 0 0.878661
    outer loop
      vertex 16.65 -2 28.3679
      vertex 16.5624 0.4 28.3203
      vertex 16.5624 -2 28.3203
    endloop
  endfacet
  facet normal 0.889765 -0 0.456418
    outer loop
      vertex 13.8481 -2 29.2322
      vertex 13.8936 0.4 29.1435
      vertex 13.8481 0.4 29.2322
    endloop
  endfacet
  facet normal 0.889765 0 0.456418
    outer loop
      vertex 13.8936 0.4 29.1435
      vertex 13.8481 -2 29.2322
      vertex 13.8936 -2 29.1435
    endloop
  endfacet
  facet normal 0.149419 0 -0.988774
    outer loop
      vertex 15.3027 -2 32.0696
      vertex 15.4013 0.4 32.0845
      vertex 15.4013 -2 32.0845
    endloop
  endfacet
  facet normal 0.149419 0 -0.988774
    outer loop
      vertex 15.4013 0.4 32.0845
      vertex 15.3027 -2 32.0696
      vertex 15.3027 0.4 32.0696
    endloop
  endfacet
  facet normal 0.992247 0 -0.124281
    outer loop
      vertex 13.6723 -2 30.3981
      vertex 13.6599 0.4 30.2991
      vertex 13.6723 0.4 30.3981
    endloop
  endfacet
  facet normal 0.992247 0 -0.124281
    outer loop
      vertex 13.6599 0.4 30.2991
      vertex 13.6723 -2 30.3981
      vertex 13.6599 -2 30.2991
    endloop
  endfacet
  facet normal -0.563461 0 -0.826142
    outer loop
      vertex 16.7351 -2 31.7801
      vertex 16.8175 0.4 31.7239
      vertex 16.8175 -2 31.7239
    endloop
  endfacet
  facet normal -0.563461 0 -0.826142
    outer loop
      vertex 16.8175 0.4 31.7239
      vertex 16.7351 -2 31.7801
      vertex 16.7351 0.4 31.7801
    endloop
  endfacet
  facet normal -0.749399 0 0.662119
    outer loop
      vertex 17.1161 -2 28.7397
      vertex 17.1821 0.4 28.8144
      vertex 17.1161 0.4 28.7397
    endloop
  endfacet
  facet normal -0.749399 0 0.662119
    outer loop
      vertex 17.1821 0.4 28.8144
      vertex 17.1161 -2 28.7397
      vertex 17.1821 -2 28.8144
    endloop
  endfacet
  facet normal 0.781846 -0 0.623472
    outer loop
      vertex 14.0557 -2 28.8924
      vertex 14.1179 0.4 28.8144
      vertex 14.0557 0.4 28.8924
    endloop
  endfacet
  facet normal 0.781846 0 0.623472
    outer loop
      vertex 14.1179 0.4 28.8144
      vertex 14.0557 -2 28.8924
      vertex 14.1179 -2 28.8144
    endloop
  endfacet
  facet normal 0.992247 -0 0.124281
    outer loop
      vertex 13.6599 -2 29.9009
      vertex 13.6723 0.4 29.8019
      vertex 13.6599 0.4 29.9009
    endloop
  endfacet
  facet normal 0.992247 0 0.124281
    outer loop
      vertex 13.6723 0.4 29.8019
      vertex 13.6599 -2 29.9009
      vertex 13.6723 -2 29.8019
    endloop
  endfacet
  facet normal 0.434328 0 0.900755
    outer loop
      vertex 14.7376 0.4 28.3203
      vertex 14.8274 -2 28.277
      vertex 14.8274 0.4 28.277
    endloop
  endfacet
  facet normal 0.434328 0 0.900755
    outer loop
      vertex 14.8274 -2 28.277
      vertex 14.7376 0.4 28.3203
      vertex 14.7376 -2 28.3203
    endloop
  endfacet
  facet normal 0.19766 0 -0.980271
    outer loop
      vertex 15.205 -2 32.0499
      vertex 15.3027 0.4 32.0696
      vertex 15.3027 -2 32.0696
    endloop
  endfacet
  facet normal 0.19766 0 -0.980271
    outer loop
      vertex 15.3027 0.4 32.0696
      vertex 15.205 -2 32.0499
      vertex 15.205 0.4 32.0499
    endloop
  endfacet
  facet normal -0.434328 0 0.900755
    outer loop
      vertex 16.4726 0.4 28.277
      vertex 16.5624 -2 28.3203
      vertex 16.5624 0.4 28.3203
    endloop
  endfacet
  facet normal -0.434328 0 0.900755
    outer loop
      vertex 16.5624 -2 28.3203
      vertex 16.4726 0.4 28.277
      vertex 16.4726 -2 28.277
    endloop
  endfacet
  facet normal -0.149419 0 -0.988774
    outer loop
      vertex 15.8987 -2 32.0845
      vertex 15.9973 0.4 32.0696
      vertex 15.9973 -2 32.0696
    endloop
  endfacet
  facet normal -0.149419 0 -0.988774
    outer loop
      vertex 15.9973 0.4 32.0696
      vertex 15.8987 -2 32.0845
      vertex 15.8987 0.4 32.0845
    endloop
  endfacet
  facet normal -0.889765 0 -0.456418
    outer loop
      vertex 17.4519 -2 30.9678
      vertex 17.4064 0.4 31.0565
      vertex 17.4519 0.4 30.9678
    endloop
  endfacet
  facet normal -0.889765 -0 -0.456418
    outer loop
      vertex 17.4064 0.4 31.0565
      vertex 17.4519 -2 30.9678
      vertex 17.4064 -2 31.0565
    endloop
  endfacet
  facet normal 0.812104 0 -0.583512
    outer loop
      vertex 14.0557 -2 31.3076
      vertex 13.9975 0.4 31.2266
      vertex 14.0557 0.4 31.3076
    endloop
  endfacet
  facet normal 0.812104 0 -0.583512
    outer loop
      vertex 13.9975 0.4 31.2266
      vertex 14.0557 -2 31.3076
      vertex 13.9975 -2 31.2266
    endloop
  endfacet
  facet normal 0.889765 0 -0.456418
    outer loop
      vertex 13.8936 -2 31.0565
      vertex 13.8481 0.4 30.9678
      vertex 13.8936 0.4 31.0565
    endloop
  endfacet
  facet normal 0.889765 0 -0.456418
    outer loop
      vertex 13.8481 0.4 30.9678
      vertex 13.8936 -2 31.0565
      vertex 13.8481 -2 30.9678
    endloop
  endfacet
  facet normal 0.0993051 0 0.995057
    outer loop
      vertex 15.4013 0.4 28.1155
      vertex 15.5005 -2 28.1056
      vertex 15.5005 0.4 28.1056
    endloop
  endfacet
  facet normal 0.0993051 0 0.995057
    outer loop
      vertex 15.5005 -2 28.1056
      vertex 15.4013 0.4 28.1155
      vertex 15.4013 -2 28.1155
    endloop
  endfacet
  facet normal 0.0993051 0 -0.995057
    outer loop
      vertex 15.4013 -2 32.0845
      vertex 15.5005 0.4 32.0944
      vertex 15.5005 -2 32.0944
    endloop
  endfacet
  facet normal 0.0993051 0 -0.995057
    outer loop
      vertex 15.5005 0.4 32.0944
      vertex 15.4013 -2 32.0845
      vertex 15.4013 0.4 32.0845
    endloop
  endfacet
  facet normal -0.642745 0 0.76608
    outer loop
      vertex 16.897 0.4 28.5363
      vertex 16.9734 -2 28.6004
      vertex 16.9734 0.4 28.6004
    endloop
  endfacet
  facet normal -0.642745 0 0.76608
    outer loop
      vertex 16.9734 -2 28.6004
      vertex 16.897 0.4 28.5363
      vertex 16.897 -2 28.5363
    endloop
  endfacet
  facet normal -0.19766 0 -0.980271
    outer loop
      vertex 15.9973 -2 32.0696
      vertex 16.095 0.4 32.0499
      vertex 16.095 -2 32.0499
    endloop
  endfacet
  facet normal -0.19766 0 -0.980271
    outer loop
      vertex 16.095 0.4 32.0499
      vertex 15.9973 -2 32.0696
      vertex 15.9973 0.4 32.0696
    endloop
  endfacet
  facet normal -0.999686 0 0.0250673
    outer loop
      vertex 17.6475 -2 30.0003
      vertex 17.65 0.4 30.1
      vertex 17.6475 0.4 30.0003
    endloop
  endfacet
  facet normal -0.999686 0 0.0250673
    outer loop
      vertex 17.65 0.4 30.1
      vertex 17.6475 -2 30.0003
      vertex 17.65 -2 30.1
    endloop
  endfacet
  facet normal 0.975113 0 -0.221708
    outer loop
      vertex 13.7118 -2 30.5935
      vertex 13.6897 0.4 30.4963
      vertex 13.7118 0.4 30.5935
    endloop
  endfacet
  facet normal 0.975113 0 -0.221708
    outer loop
      vertex 13.6897 0.4 30.4963
      vertex 13.7118 -2 30.5935
      vertex 13.6897 -2 30.4963
    endloop
  endfacet
  facet normal -0.93108 0 -0.364815
    outer loop
      vertex 17.5294 -2 30.784
      vertex 17.493 0.4 30.8769
      vertex 17.5294 0.4 30.784
    endloop
  endfacet
  facet normal -0.93108 -0 -0.364815
    outer loop
      vertex 17.493 0.4 30.8769
      vertex 17.5294 -2 30.784
      vertex 17.493 -2 30.8769
    endloop
  endfacet
  facet normal 0.388102 0 -0.921616
    outer loop
      vertex 14.8274 -2 31.923
      vertex 14.9193 0.4 31.9617
      vertex 14.9193 -2 31.9617
    endloop
  endfacet
  facet normal 0.388102 0 -0.921616
    outer loop
      vertex 14.9193 0.4 31.9617
      vertex 14.8274 -2 31.923
      vertex 14.8274 0.4 31.923
    endloop
  endfacet
  facet normal -0.19766 0 0.980271
    outer loop
      vertex 15.9973 0.4 28.1304
      vertex 16.095 -2 28.1501
      vertex 16.095 0.4 28.1501
    endloop
  endfacet
  facet normal -0.19766 0 0.980271
    outer loop
      vertex 16.095 -2 28.1501
      vertex 15.9973 0.4 28.1304
      vertex 15.9973 -2 28.1304
    endloop
  endfacet
  facet normal -0.94808 0 -0.318033
    outer loop
      vertex 17.5611 -2 30.6895
      vertex 17.5294 0.4 30.784
      vertex 17.5611 0.4 30.6895
    endloop
  endfacet
  facet normal -0.94808 -0 -0.318033
    outer loop
      vertex 17.5294 0.4 30.784
      vertex 17.5611 -2 30.6895
      vertex 17.5294 -2 30.784
    endloop
  endfacet
  facet normal 0 0 -1
    outer loop
      vertex 15.6001 -2 32.0994
      vertex 15.6999 0.4 32.0994
      vertex 15.6999 -2 32.0994
    endloop
  endfacet
  facet normal -0 0 -1
    outer loop
      vertex 15.6999 0.4 32.0994
      vertex 15.6001 -2 32.0994
      vertex 15.6001 0.4 32.0994
    endloop
  endfacet
  facet normal 0.781846 0 -0.623472
    outer loop
      vertex 14.1179 -2 31.3856
      vertex 14.0557 0.4 31.3076
      vertex 14.1179 0.4 31.3856
    endloop
  endfacet
  facet normal 0.781846 0 -0.623472
    outer loop
      vertex 14.0557 0.4 31.3076
      vertex 14.1179 -2 31.3856
      vertex 14.0557 -2 31.3076
    endloop
  endfacet
  facet normal -0.749399 0 -0.662119
    outer loop
      vertex 17.1821 -2 31.3856
      vertex 17.1161 0.4 31.4603
      vertex 17.1821 0.4 31.3856
    endloop
  endfacet
  facet normal -0.749399 -0 -0.662119
    outer loop
      vertex 17.1161 0.4 31.4603
      vertex 17.1821 -2 31.3856
      vertex 17.1161 -2 31.4603
    endloop
  endfacet
  facet normal -0.521409 0 0.853307
    outer loop
      vertex 16.65 0.4 28.3679
      vertex 16.7351 -2 28.4199
      vertex 16.7351 0.4 28.4199
    endloop
  endfacet
  facet normal -0.521409 0 0.853307
    outer loop
      vertex 16.7351 -2 28.4199
      vertex 16.65 0.4 28.3679
      vertex 16.65 -2 28.3679
    endloop
  endfacet
  facet normal 0.603684 0 -0.797224
    outer loop
      vertex 14.403 -2 31.6637
      vertex 14.4825 0.4 31.7239
      vertex 14.4825 -2 31.7239
    endloop
  endfacet
  facet normal 0.603684 0 -0.797224
    outer loop
      vertex 14.4825 0.4 31.7239
      vertex 14.403 -2 31.6637
      vertex 14.403 0.4 31.6637
    endloop
  endfacet
  facet normal -0.247483 0 0.968892
    outer loop
      vertex 16.095 0.4 28.1501
      vertex 16.1917 -2 28.1748
      vertex 16.1917 0.4 28.1748
    endloop
  endfacet
  facet normal -0.247483 0 0.968892
    outer loop
      vertex 16.1917 -2 28.1748
      vertex 16.095 0.4 28.1501
      vertex 16.095 -2 28.1501
    endloop
  endfacet
  facet normal -0.247483 0 -0.968892
    outer loop
      vertex 16.095 -2 32.0499
      vertex 16.1917 0.4 32.0252
      vertex 16.1917 -2 32.0252
    endloop
  endfacet
  facet normal -0.247483 0 -0.968892
    outer loop
      vertex 16.1917 0.4 32.0252
      vertex 16.095 -2 32.0499
      vertex 16.095 0.4 32.0499
    endloop
  endfacet
  facet normal -0.984662 0 -0.174472
    outer loop
      vertex 17.6277 -2 30.3981
      vertex 17.6103 0.4 30.4963
      vertex 17.6277 0.4 30.3981
    endloop
  endfacet
  facet normal -0.984662 -0 -0.174472
    outer loop
      vertex 17.6103 0.4 30.4963
      vertex 17.6277 -2 30.3981
      vertex 17.6103 -2 30.4963
    endloop
  endfacet
  facet normal -0.388102 0 -0.921616
    outer loop
      vertex 16.3807 -2 31.9617
      vertex 16.4726 0.4 31.923
      vertex 16.4726 -2 31.923
    endloop
  endfacet
  facet normal -0.388102 0 -0.921616
    outer loop
      vertex 16.4726 0.4 31.923
      vertex 16.3807 -2 31.9617
      vertex 16.3807 0.4 31.9617
    endloop
  endfacet
  facet normal 0.999686 -0 0.0250673
    outer loop
      vertex 13.65 -2 30.1
      vertex 13.6525 0.4 30.0003
      vertex 13.65 0.4 30.1
    endloop
  endfacet
  facet normal 0.999686 0 0.0250673
    outer loop
      vertex 13.6525 0.4 30.0003
      vertex 13.65 -2 30.1
      vertex 13.6525 -2 30.0003
    endloop
  endfacet
  facet normal -0.781846 0 0.623472
    outer loop
      vertex 17.1821 -2 28.8144
      vertex 17.2443 0.4 28.8924
      vertex 17.1821 0.4 28.8144
    endloop
  endfacet
  facet normal -0.781846 0 0.623472
    outer loop
      vertex 17.2443 0.4 28.8924
      vertex 17.1821 -2 28.8144
      vertex 17.2443 -2 28.8924
    endloop
  endfacet
  facet normal -0.911189 0 0.41199
    outer loop
      vertex 17.4519 -2 29.2322
      vertex 17.493 0.4 29.3231
      vertex 17.4519 0.4 29.2322
    endloop
  endfacet
  facet normal -0.911189 0 0.41199
    outer loop
      vertex 17.493 0.4 29.3231
      vertex 17.4519 -2 29.2322
      vertex 17.493 -2 29.3231
    endloop
  endfacet
  facet normal -0.866386 0 -0.499375
    outer loop
      vertex 17.4064 -2 31.0565
      vertex 17.3566 0.4 31.1429
      vertex 17.4064 0.4 31.0565
    endloop
  endfacet
  facet normal -0.866386 -0 -0.499375
    outer loop
      vertex 17.3566 0.4 31.1429
      vertex 17.4064 -2 31.0565
      vertex 17.3566 -2 31.1429
    endloop
  endfacet
  facet normal 0.866386 -0 0.499375
    outer loop
      vertex 13.8936 -2 29.1435
      vertex 13.9434 0.4 29.0571
      vertex 13.8936 0.4 29.1435
    endloop
  endfacet
  facet normal 0.866386 0 0.499375
    outer loop
      vertex 13.9434 0.4 29.0571
      vertex 13.8936 -2 29.1435
      vertex 13.9434 -2 29.0571
    endloop
  endfacet
  facet normal 0.642745 0 -0.76608
    outer loop
      vertex 14.3266 -2 31.5996
      vertex 14.403 0.4 31.6637
      vertex 14.403 -2 31.6637
    endloop
  endfacet
  facet normal 0.642745 0 -0.76608
    outer loop
      vertex 14.403 0.4 31.6637
      vertex 14.3266 -2 31.5996
      vertex 14.3266 0.4 31.5996
    endloop
  endfacet
  facet normal -0.0993051 0 -0.995057
    outer loop
      vertex 15.7995 -2 32.0944
      vertex 15.8987 0.4 32.0845
      vertex 15.8987 -2 32.0845
    endloop
  endfacet
  facet normal -0.0993051 0 -0.995057
    outer loop
      vertex 15.8987 0.4 32.0845
      vertex 15.7995 -2 32.0944
      vertex 15.7995 0.4 32.0944
    endloop
  endfacet
  facet normal -0.975113 0 -0.221708
    outer loop
      vertex 17.6103 -2 30.4963
      vertex 17.5882 0.4 30.5935
      vertex 17.6103 0.4 30.4963
    endloop
  endfacet
  facet normal -0.975113 -0 -0.221708
    outer loop
      vertex 17.5882 0.4 30.5935
      vertex 17.6103 -2 30.4963
      vertex 17.5882 -2 30.5935
    endloop
  endfacet
  facet normal -0.434328 0 -0.900755
    outer loop
      vertex 16.4726 -2 31.923
      vertex 16.5624 0.4 31.8797
      vertex 16.5624 -2 31.8797
    endloop
  endfacet
  facet normal -0.434328 0 -0.900755
    outer loop
      vertex 16.5624 0.4 31.8797
      vertex 16.4726 -2 31.923
      vertex 16.4726 0.4 31.923
    endloop
  endfacet
  facet normal -0.866386 0 0.499375
    outer loop
      vertex 17.3566 -2 29.0571
      vertex 17.4064 0.4 29.1435
      vertex 17.3566 0.4 29.0571
    endloop
  endfacet
  facet normal -0.866386 0 0.499375
    outer loop
      vertex 17.4064 0.4 29.1435
      vertex 17.3566 -2 29.0571
      vertex 17.4064 -2 29.1435
    endloop
  endfacet
  facet normal 0.247483 0 0.968892
    outer loop
      vertex 15.1083 0.4 28.1748
      vertex 15.205 -2 28.1501
      vertex 15.205 0.4 28.1501
    endloop
  endfacet
  facet normal 0.247483 0 0.968892
    outer loop
      vertex 15.205 -2 28.1501
      vertex 15.1083 0.4 28.1748
      vertex 15.1083 -2 28.1748
    endloop
  endfacet
  facet normal -0.962389 0 -0.271674
    outer loop
      vertex 17.5882 -2 30.5935
      vertex 17.5611 0.4 30.6895
      vertex 17.5882 0.4 30.5935
    endloop
  endfacet
  facet normal -0.962389 -0 -0.271674
    outer loop
      vertex 17.5611 0.4 30.6895
      vertex 17.5882 -2 30.5935
      vertex 17.5611 -2 30.6895
    endloop
  endfacet
  facet normal -0.521409 0 -0.853307
    outer loop
      vertex 16.65 -2 31.8321
      vertex 16.7351 0.4 31.7801
      vertex 16.7351 -2 31.7801
    endloop
  endfacet
  facet normal -0.521409 0 -0.853307
    outer loop
      vertex 16.7351 0.4 31.7801
      vertex 16.65 -2 31.8321
      vertex 16.65 0.4 31.8321
    endloop
  endfacet
  facet normal 0.984662 0 -0.174472
    outer loop
      vertex 13.6897 -2 30.4963
      vertex 13.6723 0.4 30.3981
      vertex 13.6897 0.4 30.4963
    endloop
  endfacet
  facet normal 0.984662 0 -0.174472
    outer loop
      vertex 13.6723 0.4 30.3981
      vertex 13.6897 -2 30.4963
      vertex 13.6723 -2 30.3981
    endloop
  endfacet
  facet normal 0.247483 0 -0.968892
    outer loop
      vertex 15.1083 -2 32.0252
      vertex 15.205 0.4 32.0499
      vertex 15.205 -2 32.0499
    endloop
  endfacet
  facet normal 0.247483 0 -0.968892
    outer loop
      vertex 15.205 0.4 32.0499
      vertex 15.1083 -2 32.0252
      vertex 15.1083 0.4 32.0252
    endloop
  endfacet
  facet normal 0.149419 0 0.988774
    outer loop
      vertex 15.3027 0.4 28.1304
      vertex 15.4013 -2 28.1155
      vertex 15.4013 0.4 28.1155
    endloop
  endfacet
  facet normal 0.149419 0 0.988774
    outer loop
      vertex 15.4013 -2 28.1155
      vertex 15.3027 0.4 28.1304
      vertex 15.3027 -2 28.1304
    endloop
  endfacet
  facet normal -0.293874 0 -0.955844
    outer loop
      vertex 16.1917 -2 32.0252
      vertex 16.287 0.4 31.9959
      vertex 16.287 -2 31.9959
    endloop
  endfacet
  facet normal -0.293874 0 -0.955844
    outer loop
      vertex 16.287 0.4 31.9959
      vertex 16.1917 -2 32.0252
      vertex 16.1917 0.4 32.0252
    endloop
  endfacet
  facet normal 0.563461 0 -0.826142
    outer loop
      vertex 14.4825 -2 31.7239
      vertex 14.5649 0.4 31.7801
      vertex 14.5649 -2 31.7801
    endloop
  endfacet
  facet normal 0.563461 0 -0.826142
    outer loop
      vertex 14.5649 0.4 31.7801
      vertex 14.4825 -2 31.7239
      vertex 14.4825 0.4 31.7239
    endloop
  endfacet
  facet normal -0.0501377 0 -0.998742
    outer loop
      vertex 15.6999 -2 32.0994
      vertex 15.7995 0.4 32.0944
      vertex 15.7995 -2 32.0944
    endloop
  endfacet
  facet normal -0.0501377 0 -0.998742
    outer loop
      vertex 15.7995 0.4 32.0944
      vertex 15.6999 -2 32.0994
      vertex 15.6999 0.4 32.0994
    endloop
  endfacet
  facet normal -0 0 1
    outer loop
      vertex 15.6001 0.4 28.1006
      vertex 15.6999 -2 28.1006
      vertex 15.6999 0.4 28.1006
    endloop
  endfacet
  facet normal 0 0 1
    outer loop
      vertex 15.6999 -2 28.1006
      vertex 15.6001 0.4 28.1006
      vertex 15.6001 -2 28.1006
    endloop
  endfacet
  facet normal 0.477446 0 -0.878661
    outer loop
      vertex 14.65 -2 31.8321
      vertex 14.7376 0.4 31.8797
      vertex 14.7376 -2 31.8797
    endloop
  endfacet
  facet normal 0.477446 0 -0.878661
    outer loop
      vertex 14.7376 0.4 31.8797
      vertex 14.65 -2 31.8321
      vertex 14.65 0.4 31.8321
    endloop
  endfacet
  facet normal 0.477446 0 0.878661
    outer loop
      vertex 14.65 0.4 28.3679
      vertex 14.7376 -2 28.3203
      vertex 14.7376 0.4 28.3203
    endloop
  endfacet
  facet normal 0.477446 0 0.878661
    outer loop
      vertex 14.7376 -2 28.3203
      vertex 14.65 0.4 28.3679
      vertex 14.65 -2 28.3679
    endloop
  endfacet
  facet normal -0.911189 0 -0.41199
    outer loop
      vertex 17.493 -2 30.8769
      vertex 17.4519 0.4 30.9678
      vertex 17.493 0.4 30.8769
    endloop
  endfacet
  facet normal -0.911189 -0 -0.41199
    outer loop
      vertex 17.4519 0.4 30.9678
      vertex 17.493 -2 30.8769
      vertex 17.4519 -2 30.9678
    endloop
  endfacet
  facet normal 0.749399 -0 0.662119
    outer loop
      vertex 14.1179 -2 28.8144
      vertex 14.1839 0.4 28.7397
      vertex 14.1179 0.4 28.8144
    endloop
  endfacet
  facet normal 0.749399 0 0.662119
    outer loop
      vertex 14.1839 0.4 28.7397
      vertex 14.1179 -2 28.8144
      vertex 14.1839 -2 28.7397
    endloop
  endfacet
  facet normal -0.984662 0 0.174472
    outer loop
      vertex 17.6103 -2 29.7037
      vertex 17.6277 0.4 29.8019
      vertex 17.6103 0.4 29.7037
    endloop
  endfacet
  facet normal -0.984662 0 0.174472
    outer loop
      vertex 17.6277 0.4 29.8019
      vertex 17.6103 -2 29.7037
      vertex 17.6277 -2 29.8019
    endloop
  endfacet
  facet normal -0.0501377 0 0.998742
    outer loop
      vertex 15.6999 0.4 28.1006
      vertex 15.7995 -2 28.1056
      vertex 15.7995 0.4 28.1056
    endloop
  endfacet
  facet normal -0.0501377 0 0.998742
    outer loop
      vertex 15.7995 -2 28.1056
      vertex 15.6999 0.4 28.1006
      vertex 15.6999 -2 28.1006
    endloop
  endfacet
  facet normal -0.0993051 0 0.995057
    outer loop
      vertex 15.7995 0.4 28.1056
      vertex 15.8987 -2 28.1155
      vertex 15.8987 0.4 28.1155
    endloop
  endfacet
  facet normal -0.0993051 0 0.995057
    outer loop
      vertex 15.8987 -2 28.1155
      vertex 15.7995 0.4 28.1056
      vertex 15.7995 -2 28.1056
    endloop
  endfacet
  facet normal 0.716075 -0 0.698023
    outer loop
      vertex 14.1839 -2 28.7397
      vertex 14.2535 0.4 28.6683
      vertex 14.1839 0.4 28.7397
    endloop
  endfacet
  facet normal 0.716075 0 0.698023
    outer loop
      vertex 14.2535 0.4 28.6683
      vertex 14.1839 -2 28.7397
      vertex 14.2535 -2 28.6683
    endloop
  endfacet
  facet normal 0.911189 -0 0.41199
    outer loop
      vertex 13.807 -2 29.3231
      vertex 13.8481 0.4 29.2322
      vertex 13.807 0.4 29.3231
    endloop
  endfacet
  facet normal 0.911189 0 0.41199
    outer loop
      vertex 13.8481 0.4 29.2322
      vertex 13.807 -2 29.3231
      vertex 13.8481 -2 29.2322
    endloop
  endfacet
  facet normal -0.781846 0 -0.623472
    outer loop
      vertex 17.2443 -2 31.3076
      vertex 17.1821 0.4 31.3856
      vertex 17.2443 0.4 31.3076
    endloop
  endfacet
  facet normal -0.781846 -0 -0.623472
    outer loop
      vertex 17.1821 0.4 31.3856
      vertex 17.2443 -2 31.3076
      vertex 17.1821 -2 31.3856
    endloop
  endfacet
  facet normal -0.716075 0 -0.698023
    outer loop
      vertex 17.1161 -2 31.4603
      vertex 17.0465 0.4 31.5317
      vertex 17.1161 0.4 31.4603
    endloop
  endfacet
  facet normal -0.716075 -0 -0.698023
    outer loop
      vertex 17.0465 0.4 31.5317
      vertex 17.1161 -2 31.4603
      vertex 17.0465 -2 31.5317
    endloop
  endfacet
  facet normal 0.812104 -0 0.583512
    outer loop
      vertex 13.9975 -2 28.9734
      vertex 14.0557 0.4 28.8924
      vertex 13.9975 0.4 28.9734
    endloop
  endfacet
  facet normal 0.812104 0 0.583512
    outer loop
      vertex 14.0557 0.4 28.8924
      vertex 13.9975 -2 28.9734
      vertex 14.0557 -2 28.8924
    endloop
  endfacet
  facet normal -0.34287 0 0.939383
    outer loop
      vertex 16.287 0.4 28.2041
      vertex 16.3807 -2 28.2383
      vertex 16.3807 0.4 28.2383
    endloop
  endfacet
  facet normal -0.34287 0 0.939383
    outer loop
      vertex 16.3807 -2 28.2383
      vertex 16.287 0.4 28.2041
      vertex 16.287 -2 28.2041
    endloop
  endfacet
  facet normal 0.34287 0 -0.939383
    outer loop
      vertex 14.9193 -2 31.9617
      vertex 15.013 0.4 31.9959
      vertex 15.013 -2 31.9959
    endloop
  endfacet
  facet normal 0.34287 0 -0.939383
    outer loop
      vertex 15.013 0.4 31.9959
      vertex 14.9193 -2 31.9617
      vertex 14.9193 0.4 31.9617
    endloop
  endfacet
  facet normal -0.839839 0 -0.542835
    outer loop
      vertex 17.3566 -2 31.1429
      vertex 17.3025 0.4 31.2266
      vertex 17.3566 0.4 31.1429
    endloop
  endfacet
  facet normal -0.839839 -0 -0.542835
    outer loop
      vertex 17.3025 0.4 31.2266
      vertex 17.3566 -2 31.1429
      vertex 17.3025 -2 31.2266
    endloop
  endfacet
  facet normal 0.563461 0 0.826142
    outer loop
      vertex 14.4825 0.4 28.4761
      vertex 14.5649 -2 28.4199
      vertex 14.5649 0.4 28.4199
    endloop
  endfacet
  facet normal 0.563461 0 0.826142
    outer loop
      vertex 14.5649 -2 28.4199
      vertex 14.4825 0.4 28.4761
      vertex 14.4825 -2 28.4761
    endloop
  endfacet
  facet normal 0.93108 -0 0.364815
    outer loop
      vertex 13.7706 -2 29.416
      vertex 13.807 0.4 29.3231
      vertex 13.7706 0.4 29.416
    endloop
  endfacet
  facet normal 0.93108 0 0.364815
    outer loop
      vertex 13.807 0.4 29.3231
      vertex 13.7706 -2 29.416
      vertex 13.807 -2 29.3231
    endloop
  endfacet
  facet normal -0.716075 0 0.698023
    outer loop
      vertex 17.0465 -2 28.6683
      vertex 17.1161 0.4 28.7397
      vertex 17.0465 0.4 28.6683
    endloop
  endfacet
  facet normal -0.716075 0 0.698023
    outer loop
      vertex 17.1161 0.4 28.7397
      vertex 17.0465 -2 28.6683
      vertex 17.1161 -2 28.7397
    endloop
  endfacet
  facet normal 0.293874 0 0.955844
    outer loop
      vertex 15.013 0.4 28.2041
      vertex 15.1083 -2 28.1748
      vertex 15.1083 0.4 28.1748
    endloop
  endfacet
  facet normal 0.293874 0 0.955844
    outer loop
      vertex 15.1083 -2 28.1748
      vertex 15.013 0.4 28.2041
      vertex 15.013 -2 28.2041
    endloop
  endfacet
  facet normal -0.603684 0 -0.797224
    outer loop
      vertex 16.8175 -2 31.7239
      vertex 16.897 0.4 31.6637
      vertex 16.897 -2 31.6637
    endloop
  endfacet
  facet normal -0.603684 0 -0.797224
    outer loop
      vertex 16.897 0.4 31.6637
      vertex 16.8175 -2 31.7239
      vertex 16.8175 0.4 31.7239
    endloop
  endfacet
  facet normal -0.99724 0 0.0742412
    outer loop
      vertex 17.6401 -2 29.9009
      vertex 17.6475 0.4 30.0003
      vertex 17.6401 0.4 29.9009
    endloop
  endfacet
  facet normal -0.99724 0 0.0742412
    outer loop
      vertex 17.6475 0.4 30.0003
      vertex 17.6401 -2 29.9009
      vertex 17.6475 -2 30.0003
    endloop
  endfacet
  facet normal -0.563461 0 0.826142
    outer loop
      vertex 16.7351 0.4 28.4199
      vertex 16.8175 -2 28.4761
      vertex 16.8175 0.4 28.4761
    endloop
  endfacet
  facet normal -0.563461 0 0.826142
    outer loop
      vertex 16.8175 -2 28.4761
      vertex 16.7351 0.4 28.4199
      vertex 16.7351 -2 28.4199
    endloop
  endfacet
  facet normal 0.99724 -0 0.0742412
    outer loop
      vertex 13.6525 -2 30.0003
      vertex 13.6599 0.4 29.9009
      vertex 13.6525 0.4 30.0003
    endloop
  endfacet
  facet normal 0.99724 0 0.0742412
    outer loop
      vertex 13.6599 0.4 29.9009
      vertex 13.6525 -2 30.0003
      vertex 13.6599 -2 29.9009
    endloop
  endfacet
  facet normal -0.680566 0 -0.732686
    outer loop
      vertex 16.9734 -2 31.5996
      vertex 17.0465 0.4 31.5317
      vertex 17.0465 -2 31.5317
    endloop
  endfacet
  facet normal -0.680566 0 -0.732686
    outer loop
      vertex 17.0465 0.4 31.5317
      vertex 16.9734 -2 31.5996
      vertex 16.9734 0.4 31.5996
    endloop
  endfacet
  facet normal 0.434328 0 -0.900755
    outer loop
      vertex 14.7376 -2 31.8797
      vertex 14.8274 0.4 31.923
      vertex 14.8274 -2 31.923
    endloop
  endfacet
  facet normal 0.434328 0 -0.900755
    outer loop
      vertex 14.8274 0.4 31.923
      vertex 14.7376 -2 31.8797
      vertex 14.7376 0.4 31.8797
    endloop
  endfacet
  facet normal 0.19766 0 0.980271
    outer loop
      vertex 15.205 0.4 28.1501
      vertex 15.3027 -2 28.1304
      vertex 15.3027 0.4 28.1304
    endloop
  endfacet
  facet normal 0.19766 0 0.980271
    outer loop
      vertex 15.3027 -2 28.1304
      vertex 15.205 0.4 28.1501
      vertex 15.205 -2 28.1501
    endloop
  endfacet
  facet normal 0.521409 0 -0.853307
    outer loop
      vertex 14.5649 -2 31.7801
      vertex 14.65 0.4 31.8321
      vertex 14.65 -2 31.8321
    endloop
  endfacet
  facet normal 0.521409 0 -0.853307
    outer loop
      vertex 14.65 0.4 31.8321
      vertex 14.5649 -2 31.7801
      vertex 14.5649 0.4 31.7801
    endloop
  endfacet
  facet normal 0.680566 0 -0.732686
    outer loop
      vertex 14.2535 -2 31.5317
      vertex 14.3266 0.4 31.5996
      vertex 14.3266 -2 31.5996
    endloop
  endfacet
  facet normal 0.680566 0 -0.732686
    outer loop
      vertex 14.3266 0.4 31.5996
      vertex 14.2535 -2 31.5317
      vertex 14.2535 0.4 31.5317
    endloop
  endfacet
  facet normal 0.0501377 0 -0.998742
    outer loop
      vertex 15.5005 -2 32.0944
      vertex 15.6001 0.4 32.0994
      vertex 15.6001 -2 32.0994
    endloop
  endfacet
  facet normal 0.0501377 0 -0.998742
    outer loop
      vertex 15.6001 0.4 32.0994
      vertex 15.5005 -2 32.0944
      vertex 15.5005 0.4 32.0944
    endloop
  endfacet
  facet normal 0.603684 0 0.797224
    outer loop
      vertex 14.403 0.4 28.5363
      vertex 14.4825 -2 28.4761
      vertex 14.4825 0.4 28.4761
    endloop
  endfacet
  facet normal 0.603684 0 0.797224
    outer loop
      vertex 14.4825 -2 28.4761
      vertex 14.403 0.4 28.5363
      vertex 14.403 -2 28.5363
    endloop
  endfacet
  facet normal 0.0501377 0 0.998742
    outer loop
      vertex 15.5005 0.4 28.1056
      vertex 15.6001 -2 28.1006
      vertex 15.6001 0.4 28.1006
    endloop
  endfacet
  facet normal 0.0501377 0 0.998742
    outer loop
      vertex 15.6001 -2 28.1006
      vertex 15.5005 0.4 28.1056
      vertex 15.5005 -2 28.1056
    endloop
  endfacet
  facet normal -0.680566 0 0.732686
    outer loop
      vertex 16.9734 0.4 28.6004
      vertex 17.0465 -2 28.6683
      vertex 17.0465 0.4 28.6683
    endloop
  endfacet
  facet normal -0.680566 0 0.732686
    outer loop
      vertex 17.0465 -2 28.6683
      vertex 16.9734 0.4 28.6004
      vertex 16.9734 -2 28.6004
    endloop
  endfacet
  facet normal 0.839839 -0 0.542835
    outer loop
      vertex 13.9434 -2 29.0571
      vertex 13.9975 0.4 28.9734
      vertex 13.9434 0.4 29.0571
    endloop
  endfacet
  facet normal 0.839839 0 0.542835
    outer loop
      vertex 13.9975 0.4 28.9734
      vertex 13.9434 -2 29.0571
      vertex 13.9975 -2 28.9734
    endloop
  endfacet
  facet normal -0.94808 0 0.318033
    outer loop
      vertex 17.5294 -2 29.416
      vertex 17.5611 0.4 29.5105
      vertex 17.5294 0.4 29.416
    endloop
  endfacet
  facet normal -0.94808 0 0.318033
    outer loop
      vertex 17.5611 0.4 29.5105
      vertex 17.5294 -2 29.416
      vertex 17.5611 -2 29.5105
    endloop
  endfacet
  facet normal 0.94808 -0 0.318033
    outer loop
      vertex 13.7389 -2 29.5105
      vertex 13.7706 0.4 29.416
      vertex 13.7389 0.4 29.5105
    endloop
  endfacet
  facet normal 0.94808 0 0.318033
    outer loop
      vertex 13.7706 0.4 29.416
      vertex 13.7389 -2 29.5105
      vertex 13.7706 -2 29.416
    endloop
  endfacet
  facet normal 0.94808 0 -0.318033
    outer loop
      vertex 13.7706 -2 30.784
      vertex 13.7389 0.4 30.6895
      vertex 13.7706 0.4 30.784
    endloop
  endfacet
  facet normal 0.94808 0 -0.318033
    outer loop
      vertex 13.7389 0.4 30.6895
      vertex 13.7706 -2 30.784
      vertex 13.7389 -2 30.6895
    endloop
  endfacet
  facet normal -0.34287 0 -0.939383
    outer loop
      vertex 16.287 -2 31.9959
      vertex 16.3807 0.4 31.9617
      vertex 16.3807 -2 31.9617
    endloop
  endfacet
  facet normal -0.34287 0 -0.939383
    outer loop
      vertex 16.3807 0.4 31.9617
      vertex 16.287 -2 31.9959
      vertex 16.287 0.4 31.9959
    endloop
  endfacet
  facet normal -0.889765 0 0.456418
    outer loop
      vertex 17.4064 -2 29.1435
      vertex 17.4519 0.4 29.2322
      vertex 17.4064 0.4 29.1435
    endloop
  endfacet
  facet normal -0.889765 0 0.456418
    outer loop
      vertex 17.4519 0.4 29.2322
      vertex 17.4064 -2 29.1435
      vertex 17.4519 -2 29.2322
    endloop
  endfacet
  facet normal 0.388102 0 0.921616
    outer loop
      vertex 14.8274 0.4 28.277
      vertex 14.9193 -2 28.2383
      vertex 14.9193 0.4 28.2383
    endloop
  endfacet
  facet normal 0.388102 0 0.921616
    outer loop
      vertex 14.9193 -2 28.2383
      vertex 14.8274 0.4 28.277
      vertex 14.8274 -2 28.277
    endloop
  endfacet
  facet normal 0.999686 0 -0.0250673
    outer loop
      vertex 13.6525 -2 30.1997
      vertex 13.65 0.4 30.1
      vertex 13.6525 0.4 30.1997
    endloop
  endfacet
  facet normal 0.999686 0 -0.0250673
    outer loop
      vertex 13.65 0.4 30.1
      vertex 13.6525 -2 30.1997
      vertex 13.65 -2 30.1
    endloop
  endfacet
  facet normal -0.975113 0 0.221708
    outer loop
      vertex 17.5882 -2 29.6065
      vertex 17.6103 0.4 29.7037
      vertex 17.5882 0.4 29.6065
    endloop
  endfacet
  facet normal -0.975113 0 0.221708
    outer loop
      vertex 17.6103 0.4 29.7037
      vertex 17.5882 -2 29.6065
      vertex 17.6103 -2 29.7037
    endloop
  endfacet
  facet normal -0.293874 0 0.955844
    outer loop
      vertex 16.1917 0.4 28.1748
      vertex 16.287 -2 28.2041
      vertex 16.287 0.4 28.2041
    endloop
  endfacet
  facet normal -0.293874 0 0.955844
    outer loop
      vertex 16.287 -2 28.2041
      vertex 16.1917 0.4 28.1748
      vertex 16.1917 -2 28.1748
    endloop
  endfacet
  facet normal -0.477446 0 -0.878661
    outer loop
      vertex 16.5624 -2 31.8797
      vertex 16.65 0.4 31.8321
      vertex 16.65 -2 31.8321
    endloop
  endfacet
  facet normal -0.477446 0 -0.878661
    outer loop
      vertex 16.65 0.4 31.8321
      vertex 16.5624 -2 31.8797
      vertex 16.5624 0.4 31.8797
    endloop
  endfacet
  facet normal -0.962389 0 0.271674
    outer loop
      vertex 17.5611 -2 29.5105
      vertex 17.5882 0.4 29.6065
      vertex 17.5611 0.4 29.5105
    endloop
  endfacet
  facet normal -0.962389 0 0.271674
    outer loop
      vertex 17.5882 0.4 29.6065
      vertex 17.5611 -2 29.5105
      vertex 17.5882 -2 29.6065
    endloop
  endfacet
  facet normal 0.962389 0 -0.271674
    outer loop
      vertex 13.7389 -2 30.6895
      vertex 13.7118 0.4 30.5935
      vertex 13.7389 0.4 30.6895
    endloop
  endfacet
  facet normal 0.962389 0 -0.271674
    outer loop
      vertex 13.7118 0.4 30.5935
      vertex 13.7389 -2 30.6895
      vertex 13.7118 -2 30.5935
    endloop
  endfacet
  facet normal 0.99724 0 -0.0742412
    outer loop
      vertex 13.6599 -2 30.2991
      vertex 13.6525 0.4 30.1997
      vertex 13.6599 0.4 30.2991
    endloop
  endfacet
  facet normal 0.99724 0 -0.0742412
    outer loop
      vertex 13.6525 0.4 30.1997
      vertex 13.6599 -2 30.2991
      vertex 13.6525 -2 30.1997
    endloop
  endfacet
  facet normal 0.293874 0 -0.955844
    outer loop
      vertex 15.013 -2 31.9959
      vertex 15.1083 0.4 32.0252
      vertex 15.1083 -2 32.0252
    endloop
  endfacet
  facet normal 0.293874 0 -0.955844
    outer loop
      vertex 15.1083 0.4 32.0252
      vertex 15.013 -2 31.9959
      vertex 15.013 0.4 31.9959
    endloop
  endfacet
  facet normal 0.93108 0 -0.364815
    outer loop
      vertex 13.807 -2 30.8769
      vertex 13.7706 0.4 30.784
      vertex 13.807 0.4 30.8769
    endloop
  endfacet
  facet normal 0.93108 0 -0.364815
    outer loop
      vertex 13.7706 0.4 30.784
      vertex 13.807 -2 30.8769
      vertex 13.7706 -2 30.784
    endloop
  endfacet
  facet normal -0.812104 0 0.583512
    outer loop
      vertex 17.2443 -2 28.8924
      vertex 17.3025 0.4 28.9734
      vertex 17.2443 0.4 28.8924
    endloop
  endfacet
  facet normal -0.812104 0 0.583512
    outer loop
      vertex 17.3025 0.4 28.9734
      vertex 17.2443 -2 28.8924
      vertex 17.3025 -2 28.9734
    endloop
  endfacet
  facet normal -0.93108 0 0.364815
    outer loop
      vertex 17.493 -2 29.3231
      vertex 17.5294 0.4 29.416
      vertex 17.493 0.4 29.3231
    endloop
  endfacet
  facet normal -0.93108 0 0.364815
    outer loop
      vertex 17.5294 0.4 29.416
      vertex 17.493 -2 29.3231
      vertex 17.5294 -2 29.416
    endloop
  endfacet
  facet normal -0.839839 0 0.542835
    outer loop
      vertex 17.3025 -2 28.9734
      vertex 17.3566 0.4 29.0571
      vertex 17.3025 0.4 28.9734
    endloop
  endfacet
  facet normal -0.839839 0 0.542835
    outer loop
      vertex 17.3566 0.4 29.0571
      vertex 17.3025 -2 28.9734
      vertex 17.3566 -2 29.0571
    endloop
  endfacet
  facet normal 0.521409 0 0.853307
    outer loop
      vertex 14.5649 0.4 28.4199
      vertex 14.65 -2 28.3679
      vertex 14.65 0.4 28.3679
    endloop
  endfacet
  facet normal 0.521409 0 0.853307
    outer loop
      vertex 14.65 -2 28.3679
      vertex 14.5649 0.4 28.4199
      vertex 14.5649 -2 28.4199
    endloop
  endfacet
  facet normal -0.603684 0 0.797224
    outer loop
      vertex 16.8175 0.4 28.4761
      vertex 16.897 -2 28.5363
      vertex 16.897 0.4 28.5363
    endloop
  endfacet
  facet normal -0.603684 0 0.797224
    outer loop
      vertex 16.897 -2 28.5363
      vertex 16.8175 0.4 28.4761
      vertex 16.8175 -2 28.4761
    endloop
  endfacet
  facet normal 0.839839 0 -0.542835
    outer loop
      vertex 13.9975 -2 31.2266
      vertex 13.9434 0.4 31.1429
      vertex 13.9975 0.4 31.2266
    endloop
  endfacet
  facet normal 0.839839 0 -0.542835
    outer loop
      vertex 13.9434 0.4 31.1429
      vertex 13.9975 -2 31.2266
      vertex 13.9434 -2 31.1429
    endloop
  endfacet
  facet normal -0.812104 0 -0.583512
    outer loop
      vertex 17.3025 -2 31.2266
      vertex 17.2443 0.4 31.3076
      vertex 17.3025 0.4 31.2266
    endloop
  endfacet
  facet normal -0.812104 -0 -0.583512
    outer loop
      vertex 17.2443 0.4 31.3076
      vertex 17.3025 -2 31.2266
      vertex 17.2443 -2 31.3076
    endloop
  endfacet
  facet normal 0.749399 0 -0.662119
    outer loop
      vertex 14.1839 -2 31.4603
      vertex 14.1179 0.4 31.3856
      vertex 14.1839 0.4 31.4603
    endloop
  endfacet
  facet normal 0.749399 0 -0.662119
    outer loop
      vertex 14.1179 0.4 31.3856
      vertex 14.1839 -2 31.4603
      vertex 14.1179 -2 31.3856
    endloop
  endfacet
  facet normal 0.975113 -0 0.221708
    outer loop
      vertex 13.6897 -2 29.7037
      vertex 13.7118 0.4 29.6065
      vertex 13.6897 0.4 29.7037
    endloop
  endfacet
  facet normal 0.975113 0 0.221708
    outer loop
      vertex 13.7118 0.4 29.6065
      vertex 13.6897 -2 29.7037
      vertex 13.7118 -2 29.6065
    endloop
  endfacet
  facet normal 0.911189 0 -0.41199
    outer loop
      vertex 13.8481 -2 30.9678
      vertex 13.807 0.4 30.8769
      vertex 13.8481 0.4 30.9678
    endloop
  endfacet
  facet normal 0.911189 0 -0.41199
    outer loop
      vertex 13.807 0.4 30.8769
      vertex 13.8481 -2 30.9678
      vertex 13.807 -2 30.8769
    endloop
  endfacet
  facet normal 0.866386 0 -0.499375
    outer loop
      vertex 13.9434 -2 31.1429
      vertex 13.8936 0.4 31.0565
      vertex 13.9434 0.4 31.1429
    endloop
  endfacet
  facet normal 0.866386 0 -0.499375
    outer loop
      vertex 13.8936 0.4 31.0565
      vertex 13.9434 -2 31.1429
      vertex 13.8936 -2 31.0565
    endloop
  endfacet
  facet normal 0.642745 0 0.76608
    outer loop
      vertex 14.3266 0.4 28.6004
      vertex 14.403 -2 28.5363
      vertex 14.403 0.4 28.5363
    endloop
  endfacet
  facet normal 0.642745 0 0.76608
    outer loop
      vertex 14.403 -2 28.5363
      vertex 14.3266 0.4 28.6004
      vertex 14.3266 -2 28.6004
    endloop
  endfacet
  facet normal 0.680566 0 0.732686
    outer loop
      vertex 14.2535 0.4 28.6683
      vertex 14.3266 -2 28.6004
      vertex 14.3266 0.4 28.6004
    endloop
  endfacet
  facet normal 0.680566 0 0.732686
    outer loop
      vertex 14.3266 -2 28.6004
      vertex 14.2535 0.4 28.6683
      vertex 14.2535 -2 28.6683
    endloop
  endfacet
  facet normal 0.984662 -0 0.174472
    outer loop
      vertex 13.6723 -2 29.8019
      vertex 13.6897 0.4 29.7037
      vertex 13.6723 0.4 29.8019
    endloop
  endfacet
  facet normal 0.984662 0 0.174472
    outer loop
      vertex 13.6897 0.4 29.7037
      vertex 13.6723 -2 29.8019
      vertex 13.6897 -2 29.7037
    endloop
  endfacet
  facet normal 0.34287 0 0.939383
    outer loop
      vertex 14.9193 0.4 28.2383
      vertex 15.013 -2 28.2041
      vertex 15.013 0.4 28.2041
    endloop
  endfacet
  facet normal 0.34287 0 0.939383
    outer loop
      vertex 15.013 -2 28.2041
      vertex 14.9193 0.4 28.2383
      vertex 14.9193 -2 28.2383
    endloop
  endfacet
endsolid OpenSCAD_Model
