solid OpenSCAD_Model
  facet normal 0 -0.831498 -0.555528
    outer loop
      vertex 42.15 54.9597 13.7567
      vertex 46.75 54.4178 14.5678
      vertex 42.15 54.4178 14.5678
    endloop
  endfacet
  facet normal 0 -0.831498 -0.555528
    outer loop
      vertex 46.75 54.4178 14.5678
      vertex 42.15 54.9597 13.7567
      vertex 46.75 54.9597 13.7567
    endloop
  endfacet
  facet normal 0 -0.555528 0.831498
    outer loop
      vertex 42.15 54.4178 11.0322
      vertex 46.75 53.6067 10.4903
      vertex 46.75 54.4178 11.0322
    endloop
  endfacet
  facet normal 0 -0.555528 0.831498
    outer loop
      vertex 46.75 53.6067 10.4903
      vertex 42.15 54.4178 11.0322
      vertex 42.15 53.6067 10.4903
    endloop
  endfacet
  facet normal 0 -0.195091 0.980785
    outer loop
      vertex 42.15 53.6067 10.4903
      vertex 46.75 52.65 10.3
      vertex 46.75 53.6067 10.4903
    endloop
  endfacet
  facet normal 0 -0.195091 0.980785
    outer loop
      vertex 46.75 52.65 10.3
      vertex 42.15 53.6067 10.4903
      vertex 42.15 52.65 10.3
    endloop
  endfacet
  facet normal 0 -0.555528 -0.831498
    outer loop
      vertex 42.15 53.6067 15.1097
      vertex 46.75 54.4178 14.5678
      vertex 46.75 53.6067 15.1097
    endloop
  endfacet
  facet normal -0 -0.555528 -0.831498
    outer loop
      vertex 46.75 54.4178 14.5678
      vertex 42.15 53.6067 15.1097
      vertex 42.15 54.4178 14.5678
    endloop
  endfacet
  facet normal 0 0.980785 -0.195091
    outer loop
      vertex 46.75 50.15 12.8
      vertex 42.15 50.3403 13.7567
      vertex 46.75 50.3403 13.7567
    endloop
  endfacet
  facet normal 0 0.980785 -0.195091
    outer loop
      vertex 42.15 50.3403 13.7567
      vertex 46.75 50.15 12.8
      vertex 42.15 50.15 12.8
    endloop
  endfacet
  facet normal 0 0.980785 0.195091
    outer loop
      vertex 46.75 50.3403 11.8433
      vertex 42.15 50.15 12.8
      vertex 46.75 50.15 12.8
    endloop
  endfacet
  facet normal 0 0.980785 0.195091
    outer loop
      vertex 42.15 50.15 12.8
      vertex 46.75 50.3403 11.8433
      vertex 42.15 50.3403 11.8433
    endloop
  endfacet
  facet normal 0 0.831498 0.555528
    outer loop
      vertex 46.75 50.8822 11.0322
      vertex 42.15 50.3403 11.8433
      vertex 46.75 50.3403 11.8433
    endloop
  endfacet
  facet normal 0 0.831498 0.555528
    outer loop
      vertex 42.15 50.3403 11.8433
      vertex 46.75 50.8822 11.0322
      vertex 42.15 50.8822 11.0322
    endloop
  endfacet
  facet normal -0 0.555528 0.831498
    outer loop
      vertex 42.15 51.6933 10.4903
      vertex 46.75 50.8822 11.0322
      vertex 46.75 51.6933 10.4903
    endloop
  endfacet
  facet normal 0 0.555528 0.831498
    outer loop
      vertex 46.75 50.8822 11.0322
      vertex 42.15 51.6933 10.4903
      vertex 42.15 50.8822 11.0322
    endloop
  endfacet
  facet normal 0 -0.195091 -0.980785
    outer loop
      vertex 42.15 52.65 15.3
      vertex 46.75 53.6067 15.1097
      vertex 46.75 52.65 15.3
    endloop
  endfacet
  facet normal -0 -0.195091 -0.980785
    outer loop
      vertex 46.75 53.6067 15.1097
      vertex 42.15 52.65 15.3
      vertex 42.15 53.6067 15.1097
    endloop
  endfacet
  facet normal -0 0.195091 0.980785
    outer loop
      vertex 42.15 52.65 10.3
      vertex 46.75 51.6933 10.4903
      vertex 46.75 52.65 10.3
    endloop
  endfacet
  facet normal 0 0.195091 0.980785
    outer loop
      vertex 46.75 51.6933 10.4903
      vertex 42.15 52.65 10.3
      vertex 42.15 51.6933 10.4903
    endloop
  endfacet
  facet normal 0 -0.980785 -0.195091
    outer loop
      vertex 42.15 55.15 12.8
      vertex 46.75 54.9597 13.7567
      vertex 42.15 54.9597 13.7567
    endloop
  endfacet
  facet normal 0 -0.980785 -0.195091
    outer loop
      vertex 46.75 54.9597 13.7567
      vertex 42.15 55.15 12.8
      vertex 46.75 55.15 12.8
    endloop
  endfacet
  facet normal 0 -0.980785 0.195091
    outer loop
      vertex 42.15 54.9597 11.8433
      vertex 46.75 55.15 12.8
      vertex 42.15 55.15 12.8
    endloop
  endfacet
  facet normal 0 -0.980785 0.195091
    outer loop
      vertex 46.75 55.15 12.8
      vertex 42.15 54.9597 11.8433
      vertex 46.75 54.9597 11.8433
    endloop
  endfacet
  facet normal 0 0.555528 -0.831498
    outer loop
      vertex 42.15 50.8822 14.5678
      vertex 46.75 51.6933 15.1097
      vertex 46.75 50.8822 14.5678
    endloop
  endfacet
  facet normal 0 0.555528 -0.831498
    outer loop
      vertex 46.75 51.6933 15.1097
      vertex 42.15 50.8822 14.5678
      vertex 42.15 51.6933 15.1097
    endloop
  endfacet
  facet normal 0 -0.831498 0.555528
    outer loop
      vertex 42.15 54.4178 11.0322
      vertex 46.75 54.9597 11.8433
      vertex 42.15 54.9597 11.8433
    endloop
  endfacet
  facet normal 0 -0.831498 0.555528
    outer loop
      vertex 46.75 54.9597 11.8433
      vertex 42.15 54.4178 11.0322
      vertex 46.75 54.4178 11.0322
    endloop
  endfacet
  facet normal 0 0.195091 -0.980785
    outer loop
      vertex 42.15 51.6933 15.1097
      vertex 46.75 52.65 15.3
      vertex 46.75 51.6933 15.1097
    endloop
  endfacet
  facet normal 0 0.195091 -0.980785
    outer loop
      vertex 46.75 52.65 15.3
      vertex 42.15 51.6933 15.1097
      vertex 42.15 52.65 15.3
    endloop
  endfacet
  facet normal 0 0.831498 -0.555528
    outer loop
      vertex 46.75 50.3403 13.7567
      vertex 42.15 50.8822 14.5678
      vertex 46.75 50.8822 14.5678
    endloop
  endfacet
  facet normal 0 0.831498 -0.555528
    outer loop
      vertex 42.15 50.8822 14.5678
      vertex 46.75 50.3403 13.7567
      vertex 42.15 50.3403 13.7567
    endloop
  endfacet
  facet normal 0 0.991442 0.130546
    outer loop
      vertex 49.15 48.9795 11.8165
      vertex 46.75 48.85 12.8
      vertex 49.15 48.85 12.8
    endloop
  endfacet
  facet normal 0 0.991442 0.130546
    outer loop
      vertex 46.75 48.85 12.8
      vertex 49.15 48.9795 11.8165
      vertex 46.75 48.9795 11.8165
    endloop
  endfacet
  facet normal 0 -0.60877 0.793347
    outer loop
      vertex 46.75 55.337 10.113
      vertex 49.15 54.55 9.5091
      vertex 49.15 55.337 10.113
    endloop
  endfacet
  facet normal 0 -0.60877 0.793347
    outer loop
      vertex 49.15 54.55 9.5091
      vertex 46.75 55.337 10.113
      vertex 46.75 54.55 9.5091
    endloop
  endfacet
  facet normal 0 -0.382678 0.923882
    outer loop
      vertex 46.75 54.55 9.5091
      vertex 49.15 53.6335 9.12948
      vertex 49.15 54.55 9.5091
    endloop
  endfacet
  facet normal 0 -0.382678 0.923882
    outer loop
      vertex 49.15 53.6335 9.12948
      vertex 46.75 54.55 9.5091
      vertex 46.75 53.6335 9.12948
    endloop
  endfacet
  facet normal 0 0.923889 0.38266
    outer loop
      vertex 49.15 49.3591 10.9
      vertex 46.75 48.9795 11.8165
      vertex 49.15 48.9795 11.8165
    endloop
  endfacet
  facet normal 0 0.923889 0.38266
    outer loop
      vertex 46.75 48.9795 11.8165
      vertex 49.15 49.3591 10.9
      vertex 46.75 49.3591 10.9
    endloop
  endfacet
  facet normal 0 -0.923889 -0.38266
    outer loop
      vertex 46.75 56.3205 13.7835
      vertex 49.15 55.9409 14.7
      vertex 46.75 55.9409 14.7
    endloop
  endfacet
  facet normal 0 -0.923889 -0.38266
    outer loop
      vertex 49.15 55.9409 14.7
      vertex 46.75 56.3205 13.7835
      vertex 49.15 56.3205 13.7835
    endloop
  endfacet
  facet normal -0 0.130526 0.991445
    outer loop
      vertex 46.75 52.65 9
      vertex 49.15 51.6665 9.12948
      vertex 49.15 52.65 9
    endloop
  endfacet
  facet normal 0 0.130526 0.991445
    outer loop
      vertex 49.15 51.6665 9.12948
      vertex 46.75 52.65 9
      vertex 46.75 51.6665 9.12948
    endloop
  endfacet
  facet normal 0 -0.991442 0.130546
    outer loop
      vertex 46.75 56.3205 11.8165
      vertex 49.15 56.45 12.8
      vertex 46.75 56.45 12.8
    endloop
  endfacet
  facet normal 0 -0.991442 0.130546
    outer loop
      vertex 49.15 56.45 12.8
      vertex 46.75 56.3205 11.8165
      vertex 49.15 56.3205 11.8165
    endloop
  endfacet
  facet normal 0 -0.130526 0.991445
    outer loop
      vertex 46.75 53.6335 9.12948
      vertex 49.15 52.65 9
      vertex 49.15 53.6335 9.12948
    endloop
  endfacet
  facet normal 0 -0.130526 0.991445
    outer loop
      vertex 49.15 52.65 9
      vertex 46.75 53.6335 9.12948
      vertex 46.75 52.65 9
    endloop
  endfacet
  facet normal 0 -0.60877 -0.793347
    outer loop
      vertex 46.75 54.55 16.0909
      vertex 49.15 55.337 15.487
      vertex 49.15 54.55 16.0909
    endloop
  endfacet
  facet normal -0 -0.60877 -0.793347
    outer loop
      vertex 49.15 55.337 15.487
      vertex 46.75 54.55 16.0909
      vertex 46.75 55.337 15.487
    endloop
  endfacet
  facet normal 0 -0.793347 0.60877
    outer loop
      vertex 46.75 55.337 10.113
      vertex 49.15 55.9409 10.9
      vertex 46.75 55.9409 10.9
    endloop
  endfacet
  facet normal 0 -0.793347 0.60877
    outer loop
      vertex 49.15 55.9409 10.9
      vertex 46.75 55.337 10.113
      vertex 49.15 55.337 10.113
    endloop
  endfacet
  facet normal 1 0 0
    outer loop
      vertex 46.75 55.15 12.8
      vertex 46.75 56.45 12.8
      vertex 46.75 56.3205 13.7835
    endloop
  endfacet
  facet normal 1 0 0
    outer loop
      vertex 46.75 54.9597 13.7567
      vertex 46.75 56.3205 13.7835
      vertex 46.75 55.9409 14.7
    endloop
  endfacet
  facet normal 1 0 0
    outer loop
      vertex 46.75 56.45 12.8
      vertex 46.75 55.15 12.8
      vertex 46.75 56.3205 11.8165
    endloop
  endfacet
  facet normal 1 0 0
    outer loop
      vertex 46.75 54.4178 14.5678
      vertex 46.75 55.9409 14.7
      vertex 46.75 55.337 15.487
    endloop
  endfacet
  facet normal 1 -0 0
    outer loop
      vertex 46.75 54.9597 11.8433
      vertex 46.75 56.3205 11.8165
      vertex 46.75 55.15 12.8
    endloop
  endfacet
  facet normal 1 0 0
    outer loop
      vertex 46.75 56.3205 11.8165
      vertex 46.75 54.9597 11.8433
      vertex 46.75 55.9409 10.9
    endloop
  endfacet
  facet normal 1 0 0
    outer loop
      vertex 46.75 56.3205 13.7835
      vertex 46.75 54.9597 13.7567
      vertex 46.75 55.15 12.8
    endloop
  endfacet
  facet normal 1 0 0
    outer loop
      vertex 46.75 54.4178 14.5678
      vertex 46.75 55.337 15.487
      vertex 46.75 54.55 16.0909
    endloop
  endfacet
  facet normal 1 0 0
    outer loop
      vertex 46.75 55.9409 14.7
      vertex 46.75 54.4178 14.5678
      vertex 46.75 54.9597 13.7567
    endloop
  endfacet
  facet normal 1 0 0
    outer loop
      vertex 46.75 53.6067 15.1097
      vertex 46.75 54.55 16.0909
      vertex 46.75 53.6335 16.4705
    endloop
  endfacet
  facet normal 1 0 0
    outer loop
      vertex 46.75 54.55 16.0909
      vertex 46.75 53.6067 15.1097
      vertex 46.75 54.4178 14.5678
    endloop
  endfacet
  facet normal 1 0 0
    outer loop
      vertex 46.75 52.65 15.3
      vertex 46.75 53.6335 16.4705
      vertex 46.75 52.65 16.6
    endloop
  endfacet
  facet normal 1 0 0
    outer loop
      vertex 46.75 53.6335 16.4705
      vertex 46.75 52.65 15.3
      vertex 46.75 53.6067 15.1097
    endloop
  endfacet
  facet normal 1 -0 0
    outer loop
      vertex 46.75 51.6665 16.4705
      vertex 46.75 52.65 15.3
      vertex 46.75 52.65 16.6
    endloop
  endfacet
  facet normal 1 0 0
    outer loop
      vertex 46.75 52.65 15.3
      vertex 46.75 51.6665 16.4705
      vertex 46.75 51.6933 15.1097
    endloop
  endfacet
  facet normal 1 -0 0
    outer loop
      vertex 46.75 50.75 16.0909
      vertex 46.75 51.6933 15.1097
      vertex 46.75 51.6665 16.4705
    endloop
  endfacet
  facet normal 1 0 0
    outer loop
      vertex 46.75 51.6933 15.1097
      vertex 46.75 50.75 16.0909
      vertex 46.75 50.8822 14.5678
    endloop
  endfacet
  facet normal 1 -0 0
    outer loop
      vertex 46.75 49.963 15.487
      vertex 46.75 50.8822 14.5678
      vertex 46.75 50.75 16.0909
    endloop
  endfacet
  facet normal 1 -0 0
    outer loop
      vertex 46.75 49.3591 14.7
      vertex 46.75 50.8822 14.5678
      vertex 46.75 49.963 15.487
    endloop
  endfacet
  facet normal 1 0 0
    outer loop
      vertex 46.75 50.8822 14.5678
      vertex 46.75 49.3591 14.7
      vertex 46.75 50.3403 13.7567
    endloop
  endfacet
  facet normal 1 -0 0
    outer loop
      vertex 46.75 54.4178 11.0322
      vertex 46.75 55.9409 10.9
      vertex 46.75 54.9597 11.8433
    endloop
  endfacet
  facet normal 1 0 0
    outer loop
      vertex 46.75 55.9409 10.9
      vertex 46.75 54.4178 11.0322
      vertex 46.75 55.337 10.113
    endloop
  endfacet
  facet normal 1 0 0
    outer loop
      vertex 46.75 55.337 10.113
      vertex 46.75 54.4178 11.0322
      vertex 46.75 54.55 9.5091
    endloop
  endfacet
  facet normal 1 -0 0
    outer loop
      vertex 46.75 53.6067 10.4903
      vertex 46.75 54.55 9.5091
      vertex 46.75 54.4178 11.0322
    endloop
  endfacet
  facet normal 1 0 0
    outer loop
      vertex 46.75 54.55 9.5091
      vertex 46.75 53.6067 10.4903
      vertex 46.75 53.6335 9.12948
    endloop
  endfacet
  facet normal 1 -0 0
    outer loop
      vertex 46.75 52.65 10.3
      vertex 46.75 53.6335 9.12948
      vertex 46.75 53.6067 10.4903
    endloop
  endfacet
  facet normal 1 0 0
    outer loop
      vertex 46.75 52.65 10.3
      vertex 46.75 52.65 9
      vertex 46.75 53.6335 9.12948
    endloop
  endfacet
  facet normal 1 0 0
    outer loop
      vertex 46.75 51.6665 9.12948
      vertex 46.75 52.65 10.3
      vertex 46.75 51.6933 10.4903
    endloop
  endfacet
  facet normal 1 0 0
    outer loop
      vertex 46.75 52.65 10.3
      vertex 46.75 51.6665 9.12948
      vertex 46.75 52.65 9
    endloop
  endfacet
  facet normal 1 0 0
    outer loop
      vertex 46.75 50.75 9.5091
      vertex 46.75 51.6933 10.4903
      vertex 46.75 50.8822 11.0322
    endloop
  endfacet
  facet normal 1 0 0
    outer loop
      vertex 46.75 51.6933 10.4903
      vertex 46.75 50.75 9.5091
      vertex 46.75 51.6665 9.12948
    endloop
  endfacet
  facet normal 1 0 0
    outer loop
      vertex 46.75 49.3591 10.9
      vertex 46.75 50.8822 11.0322
      vertex 46.75 50.3403 11.8433
    endloop
  endfacet
  facet normal 1 0 0
    outer loop
      vertex 46.75 48.9795 11.8165
      vertex 46.75 50.3403 11.8433
      vertex 46.75 50.15 12.8
    endloop
  endfacet
  facet normal 1 0 0
    outer loop
      vertex 46.75 50.8822 11.0322
      vertex 46.75 49.963 10.113
      vertex 46.75 50.75 9.5091
    endloop
  endfacet
  facet normal 1 -0 0
    outer loop
      vertex 46.75 48.9795 13.7835
      vertex 46.75 50.3403 13.7567
      vertex 46.75 49.3591 14.7
    endloop
  endfacet
  facet normal 1 0 0
    outer loop
      vertex 46.75 50.3403 13.7567
      vertex 46.75 48.9795 13.7835
      vertex 46.75 50.15 12.8
    endloop
  endfacet
  facet normal 1 0 0
    outer loop
      vertex 46.75 50.8822 11.0322
      vertex 46.75 49.3591 10.9
      vertex 46.75 49.963 10.113
    endloop
  endfacet
  facet normal 1 0 0
    outer loop
      vertex 46.75 48.85 12.8
      vertex 46.75 50.15 12.8
      vertex 46.75 48.9795 13.7835
    endloop
  endfacet
  facet normal 1 0 0
    outer loop
      vertex 46.75 50.3403 11.8433
      vertex 46.75 48.9795 11.8165
      vertex 46.75 49.3591 10.9
    endloop
  endfacet
  facet normal 1 0 0
    outer loop
      vertex 46.75 50.15 12.8
      vertex 46.75 48.85 12.8
      vertex 46.75 48.9795 11.8165
    endloop
  endfacet
  facet normal 0 0.793347 0.60877
    outer loop
      vertex 49.15 49.963 10.113
      vertex 46.75 49.3591 10.9
      vertex 49.15 49.3591 10.9
    endloop
  endfacet
  facet normal 0 0.793347 0.60877
    outer loop
      vertex 46.75 49.3591 10.9
      vertex 49.15 49.963 10.113
      vertex 46.75 49.963 10.113
    endloop
  endfacet
  facet normal -0 0.60877 0.793347
    outer loop
      vertex 46.75 50.75 9.5091
      vertex 49.15 49.963 10.113
      vertex 49.15 50.75 9.5091
    endloop
  endfacet
  facet normal 0 0.60877 0.793347
    outer loop
      vertex 49.15 49.963 10.113
      vertex 46.75 50.75 9.5091
      vertex 46.75 49.963 10.113
    endloop
  endfacet
  facet normal 0 0.130546 -0.991442
    outer loop
      vertex 46.75 51.6665 16.4705
      vertex 49.15 52.65 16.6
      vertex 49.15 51.6665 16.4705
    endloop
  endfacet
  facet normal 0 0.130546 -0.991442
    outer loop
      vertex 49.15 52.65 16.6
      vertex 46.75 51.6665 16.4705
      vertex 46.75 52.65 16.6
    endloop
  endfacet
  facet normal 0 -0.793347 -0.60877
    outer loop
      vertex 46.75 55.9409 14.7
      vertex 49.15 55.337 15.487
      vertex 46.75 55.337 15.487
    endloop
  endfacet
  facet normal 0 -0.793347 -0.60877
    outer loop
      vertex 49.15 55.337 15.487
      vertex 46.75 55.9409 14.7
      vertex 49.15 55.9409 14.7
    endloop
  endfacet
  facet normal 0 -0.923889 0.38266
    outer loop
      vertex 46.75 55.9409 10.9
      vertex 49.15 56.3205 11.8165
      vertex 46.75 56.3205 11.8165
    endloop
  endfacet
  facet normal 0 -0.923889 0.38266
    outer loop
      vertex 49.15 56.3205 11.8165
      vertex 46.75 55.9409 10.9
      vertex 49.15 55.9409 10.9
    endloop
  endfacet
  facet normal 0 -0.38266 -0.923889
    outer loop
      vertex 46.75 53.6335 16.4705
      vertex 49.15 54.55 16.0909
      vertex 49.15 53.6335 16.4705
    endloop
  endfacet
  facet normal -0 -0.38266 -0.923889
    outer loop
      vertex 49.15 54.55 16.0909
      vertex 46.75 53.6335 16.4705
      vertex 46.75 54.55 16.0909
    endloop
  endfacet
  facet normal 0 0.793347 -0.60877
    outer loop
      vertex 49.15 49.3591 14.7
      vertex 46.75 49.963 15.487
      vertex 49.15 49.963 15.487
    endloop
  endfacet
  facet normal 0 0.793347 -0.60877
    outer loop
      vertex 46.75 49.963 15.487
      vertex 49.15 49.3591 14.7
      vertex 46.75 49.3591 14.7
    endloop
  endfacet
  facet normal 0 0.923889 -0.38266
    outer loop
      vertex 49.15 48.9795 13.7835
      vertex 46.75 49.3591 14.7
      vertex 49.15 49.3591 14.7
    endloop
  endfacet
  facet normal 0 0.923889 -0.38266
    outer loop
      vertex 46.75 49.3591 14.7
      vertex 49.15 48.9795 13.7835
      vertex 46.75 48.9795 13.7835
    endloop
  endfacet
  facet normal -0 0.382678 0.923882
    outer loop
      vertex 46.75 51.6665 9.12948
      vertex 49.15 50.75 9.5091
      vertex 49.15 51.6665 9.12948
    endloop
  endfacet
  facet normal 0 0.382678 0.923882
    outer loop
      vertex 49.15 50.75 9.5091
      vertex 46.75 51.6665 9.12948
      vertex 46.75 50.75 9.5091
    endloop
  endfacet
  facet normal 0 -0.130546 -0.991442
    outer loop
      vertex 46.75 52.65 16.6
      vertex 49.15 53.6335 16.4705
      vertex 49.15 52.65 16.6
    endloop
  endfacet
  facet normal -0 -0.130546 -0.991442
    outer loop
      vertex 49.15 53.6335 16.4705
      vertex 46.75 52.65 16.6
      vertex 46.75 53.6335 16.4705
    endloop
  endfacet
  facet normal 0 0.991442 -0.130546
    outer loop
      vertex 49.15 48.85 12.8
      vertex 46.75 48.9795 13.7835
      vertex 49.15 48.9795 13.7835
    endloop
  endfacet
  facet normal 0 0.991442 -0.130546
    outer loop
      vertex 46.75 48.9795 13.7835
      vertex 49.15 48.85 12.8
      vertex 46.75 48.85 12.8
    endloop
  endfacet
  facet normal 0 0.60877 -0.793347
    outer loop
      vertex 46.75 49.963 15.487
      vertex 49.15 50.75 16.0909
      vertex 49.15 49.963 15.487
    endloop
  endfacet
  facet normal 0 0.60877 -0.793347
    outer loop
      vertex 49.15 50.75 16.0909
      vertex 46.75 49.963 15.487
      vertex 46.75 50.75 16.0909
    endloop
  endfacet
  facet normal 0 0.38266 -0.923889
    outer loop
      vertex 46.75 50.75 16.0909
      vertex 49.15 51.6665 16.4705
      vertex 49.15 50.75 16.0909
    endloop
  endfacet
  facet normal 0 0.38266 -0.923889
    outer loop
      vertex 49.15 51.6665 16.4705
      vertex 46.75 50.75 16.0909
      vertex 46.75 51.6665 16.4705
    endloop
  endfacet
  facet normal 0 -0.991442 -0.130546
    outer loop
      vertex 46.75 56.45 12.8
      vertex 49.15 56.3205 13.7835
      vertex 46.75 56.3205 13.7835
    endloop
  endfacet
  facet normal 0 -0.991442 -0.130546
    outer loop
      vertex 49.15 56.3205 13.7835
      vertex 46.75 56.45 12.8
      vertex 49.15 56.45 12.8
    endloop
  endfacet
  facet normal 0 -0.831498 -0.555528
    outer loop
      vertex -3 54.9597 13.7567
      vertex 0 54.4178 14.5678
      vertex -3 54.4178 14.5678
    endloop
  endfacet
  facet normal 0 -0.831498 -0.555528
    outer loop
      vertex 0 54.4178 14.5678
      vertex -3 54.9597 13.7567
      vertex 0 54.9597 13.7567
    endloop
  endfacet
  facet normal 0 -0.555528 0.831498
    outer loop
      vertex -3 54.4178 11.0322
      vertex 0 53.6067 10.4903
      vertex 0 54.4178 11.0322
    endloop
  endfacet
  facet normal 0 -0.555528 0.831498
    outer loop
      vertex 0 53.6067 10.4903
      vertex -3 54.4178 11.0322
      vertex -3 53.6067 10.4903
    endloop
  endfacet
  facet normal 0 -0.195091 0.980785
    outer loop
      vertex -3 53.6067 10.4903
      vertex 0 52.65 10.3
      vertex 0 53.6067 10.4903
    endloop
  endfacet
  facet normal 0 -0.195091 0.980785
    outer loop
      vertex 0 52.65 10.3
      vertex -3 53.6067 10.4903
      vertex -3 52.65 10.3
    endloop
  endfacet
  facet normal 0 -0.555528 -0.831498
    outer loop
      vertex -3 53.6067 15.1097
      vertex 0 54.4178 14.5678
      vertex 0 53.6067 15.1097
    endloop
  endfacet
  facet normal -0 -0.555528 -0.831498
    outer loop
      vertex 0 54.4178 14.5678
      vertex -3 53.6067 15.1097
      vertex -3 54.4178 14.5678
    endloop
  endfacet
  facet normal 0 0.980785 -0.195091
    outer loop
      vertex 0 50.15 12.8
      vertex -3 50.3403 13.7567
      vertex 0 50.3403 13.7567
    endloop
  endfacet
  facet normal 0 0.980785 -0.195091
    outer loop
      vertex -3 50.3403 13.7567
      vertex 0 50.15 12.8
      vertex -3 50.15 12.8
    endloop
  endfacet
  facet normal 0 0.980785 0.195091
    outer loop
      vertex 0 50.3403 11.8433
      vertex -3 50.15 12.8
      vertex 0 50.15 12.8
    endloop
  endfacet
  facet normal 0 0.980785 0.195091
    outer loop
      vertex -3 50.15 12.8
      vertex 0 50.3403 11.8433
      vertex -3 50.3403 11.8433
    endloop
  endfacet
  facet normal 0 0.831498 0.555528
    outer loop
      vertex 0 50.8822 11.0322
      vertex -3 50.3403 11.8433
      vertex 0 50.3403 11.8433
    endloop
  endfacet
  facet normal 0 0.831498 0.555528
    outer loop
      vertex -3 50.3403 11.8433
      vertex 0 50.8822 11.0322
      vertex -3 50.8822 11.0322
    endloop
  endfacet
  facet normal -0 0.555528 0.831498
    outer loop
      vertex -3 51.6933 10.4903
      vertex 0 50.8822 11.0322
      vertex 0 51.6933 10.4903
    endloop
  endfacet
  facet normal 0 0.555528 0.831498
    outer loop
      vertex 0 50.8822 11.0322
      vertex -3 51.6933 10.4903
      vertex -3 50.8822 11.0322
    endloop
  endfacet
  facet normal 0 -0.195091 -0.980785
    outer loop
      vertex -3 52.65 15.3
      vertex 0 53.6067 15.1097
      vertex 0 52.65 15.3
    endloop
  endfacet
  facet normal -0 -0.195091 -0.980785
    outer loop
      vertex 0 53.6067 15.1097
      vertex -3 52.65 15.3
      vertex -3 53.6067 15.1097
    endloop
  endfacet
  facet normal -0 0.195091 0.980785
    outer loop
      vertex -3 52.65 10.3
      vertex 0 51.6933 10.4903
      vertex 0 52.65 10.3
    endloop
  endfacet
  facet normal 0 0.195091 0.980785
    outer loop
      vertex 0 51.6933 10.4903
      vertex -3 52.65 10.3
      vertex -3 51.6933 10.4903
    endloop
  endfacet
  facet normal 0 -0.980785 -0.195091
    outer loop
      vertex -3 55.15 12.8
      vertex 0 54.9597 13.7567
      vertex -3 54.9597 13.7567
    endloop
  endfacet
  facet normal 0 -0.980785 -0.195091
    outer loop
      vertex 0 54.9597 13.7567
      vertex -3 55.15 12.8
      vertex 0 55.15 12.8
    endloop
  endfacet
  facet normal 0 -0.980785 0.195091
    outer loop
      vertex -3 54.9597 11.8433
      vertex 0 55.15 12.8
      vertex -3 55.15 12.8
    endloop
  endfacet
  facet normal 0 -0.980785 0.195091
    outer loop
      vertex 0 55.15 12.8
      vertex -3 54.9597 11.8433
      vertex 0 54.9597 11.8433
    endloop
  endfacet
  facet normal 0 -0.831498 0.555528
    outer loop
      vertex -3 54.4178 11.0322
      vertex 0 54.9597 11.8433
      vertex -3 54.9597 11.8433
    endloop
  endfacet
  facet normal 0 -0.831498 0.555528
    outer loop
      vertex 0 54.9597 11.8433
      vertex -3 54.4178 11.0322
      vertex 0 54.4178 11.0322
    endloop
  endfacet
  facet normal 0 0.555528 -0.831498
    outer loop
      vertex -3 50.8822 14.5678
      vertex 0 51.6933 15.1097
      vertex 0 50.8822 14.5678
    endloop
  endfacet
  facet normal 0 0.555528 -0.831498
    outer loop
      vertex 0 51.6933 15.1097
      vertex -3 50.8822 14.5678
      vertex -3 51.6933 15.1097
    endloop
  endfacet
  facet normal 0 0.195091 -0.980785
    outer loop
      vertex -3 51.6933 15.1097
      vertex 0 52.65 15.3
      vertex 0 51.6933 15.1097
    endloop
  endfacet
  facet normal 0 0.195091 -0.980785
    outer loop
      vertex 0 52.65 15.3
      vertex -3 51.6933 15.1097
      vertex -3 52.65 15.3
    endloop
  endfacet
  facet normal 0 0.831498 -0.555528
    outer loop
      vertex 0 50.3403 13.7567
      vertex -3 50.8822 14.5678
      vertex 0 50.8822 14.5678
    endloop
  endfacet
  facet normal 0 0.831498 -0.555528
    outer loop
      vertex -3 50.8822 14.5678
      vertex 0 50.3403 13.7567
      vertex -3 50.3403 13.7567
    endloop
  endfacet
  facet normal 0 -0.382678 0.923882
    outer loop
      vertex -7 54.55 9.5091
      vertex -3 53.6335 9.12948
      vertex -3 54.55 9.5091
    endloop
  endfacet
  facet normal 0 -0.382678 0.923882
    outer loop
      vertex -3 53.6335 9.12948
      vertex -7 54.55 9.5091
      vertex -7 53.6335 9.12948
    endloop
  endfacet
  facet normal 0 -0.130526 0.991445
    outer loop
      vertex -7 53.6335 9.12948
      vertex -3 52.65 9
      vertex -3 53.6335 9.12948
    endloop
  endfacet
  facet normal 0 -0.130526 0.991445
    outer loop
      vertex -3 52.65 9
      vertex -7 53.6335 9.12948
      vertex -7 52.65 9
    endloop
  endfacet
  facet normal 0 -0.991442 -0.130546
    outer loop
      vertex -7 56.45 12.8
      vertex -3 56.3205 13.7835
      vertex -7 56.3205 13.7835
    endloop
  endfacet
  facet normal 0 -0.991442 -0.130546
    outer loop
      vertex -3 56.3205 13.7835
      vertex -7 56.45 12.8
      vertex -3 56.45 12.8
    endloop
  endfacet
  facet normal -0 0.130526 0.991445
    outer loop
      vertex -7 52.65 9
      vertex -3 51.6665 9.12948
      vertex -3 52.65 9
    endloop
  endfacet
  facet normal 0 0.130526 0.991445
    outer loop
      vertex -3 51.6665 9.12948
      vertex -7 52.65 9
      vertex -7 51.6665 9.12948
    endloop
  endfacet
  facet normal 0 0.923889 0.38266
    outer loop
      vertex -3 49.3591 10.9
      vertex -7 48.9795 11.8165
      vertex -3 48.9795 11.8165
    endloop
  endfacet
  facet normal 0 0.923889 0.38266
    outer loop
      vertex -7 48.9795 11.8165
      vertex -3 49.3591 10.9
      vertex -7 49.3591 10.9
    endloop
  endfacet
  facet normal 0 0.38266 -0.923889
    outer loop
      vertex -7 50.75 16.0909
      vertex -3 51.6665 16.4705
      vertex -3 50.75 16.0909
    endloop
  endfacet
  facet normal 0 0.38266 -0.923889
    outer loop
      vertex -3 51.6665 16.4705
      vertex -7 50.75 16.0909
      vertex -7 51.6665 16.4705
    endloop
  endfacet
  facet normal 0 -0.793347 -0.60877
    outer loop
      vertex -7 55.9409 14.7
      vertex -3 55.337 15.487
      vertex -7 55.337 15.487
    endloop
  endfacet
  facet normal 0 -0.793347 -0.60877
    outer loop
      vertex -3 55.337 15.487
      vertex -7 55.9409 14.7
      vertex -3 55.9409 14.7
    endloop
  endfacet
  facet normal 0 0.793347 0.60877
    outer loop
      vertex -3 49.963 10.113
      vertex -7 49.3591 10.9
      vertex -3 49.3591 10.9
    endloop
  endfacet
  facet normal 0 0.793347 0.60877
    outer loop
      vertex -7 49.3591 10.9
      vertex -3 49.963 10.113
      vertex -7 49.963 10.113
    endloop
  endfacet
  facet normal 0 -0.38266 -0.923889
    outer loop
      vertex -7 53.6335 16.4705
      vertex -3 54.55 16.0909
      vertex -3 53.6335 16.4705
    endloop
  endfacet
  facet normal -0 -0.38266 -0.923889
    outer loop
      vertex -3 54.55 16.0909
      vertex -7 53.6335 16.4705
      vertex -7 54.55 16.0909
    endloop
  endfacet
  facet normal 0 -0.130546 -0.991442
    outer loop
      vertex -7 52.65 16.6
      vertex -3 53.6335 16.4705
      vertex -3 52.65 16.6
    endloop
  endfacet
  facet normal -0 -0.130546 -0.991442
    outer loop
      vertex -3 53.6335 16.4705
      vertex -7 52.65 16.6
      vertex -7 53.6335 16.4705
    endloop
  endfacet
  facet normal 0 -0.923889 0.38266
    outer loop
      vertex -7 55.9409 10.9
      vertex -3 56.3205 11.8165
      vertex -7 56.3205 11.8165
    endloop
  endfacet
  facet normal 0 -0.923889 0.38266
    outer loop
      vertex -3 56.3205 11.8165
      vertex -7 55.9409 10.9
      vertex -3 55.9409 10.9
    endloop
  endfacet
  facet normal 0 -0.60877 -0.793347
    outer loop
      vertex -7 54.55 16.0909
      vertex -3 55.337 15.487
      vertex -3 54.55 16.0909
    endloop
  endfacet
  facet normal -0 -0.60877 -0.793347
    outer loop
      vertex -3 55.337 15.487
      vertex -7 54.55 16.0909
      vertex -7 55.337 15.487
    endloop
  endfacet
  facet normal -0 0.60877 0.793347
    outer loop
      vertex -7 50.75 9.5091
      vertex -3 49.963 10.113
      vertex -3 50.75 9.5091
    endloop
  endfacet
  facet normal 0 0.60877 0.793347
    outer loop
      vertex -3 49.963 10.113
      vertex -7 50.75 9.5091
      vertex -7 49.963 10.113
    endloop
  endfacet
  facet normal -0 0.382678 0.923882
    outer loop
      vertex -7 51.6665 9.12948
      vertex -3 50.75 9.5091
      vertex -3 51.6665 9.12948
    endloop
  endfacet
  facet normal 0 0.382678 0.923882
    outer loop
      vertex -3 50.75 9.5091
      vertex -7 51.6665 9.12948
      vertex -7 50.75 9.5091
    endloop
  endfacet
  facet normal 0 0.793347 -0.60877
    outer loop
      vertex -3 49.3591 14.7
      vertex -7 49.963 15.487
      vertex -3 49.963 15.487
    endloop
  endfacet
  facet normal 0 0.793347 -0.60877
    outer loop
      vertex -7 49.963 15.487
      vertex -3 49.3591 14.7
      vertex -7 49.3591 14.7
    endloop
  endfacet
  facet normal 0 -0.923889 -0.38266
    outer loop
      vertex -7 56.3205 13.7835
      vertex -3 55.9409 14.7
      vertex -7 55.9409 14.7
    endloop
  endfacet
  facet normal 0 -0.923889 -0.38266
    outer loop
      vertex -3 55.9409 14.7
      vertex -7 56.3205 13.7835
      vertex -3 56.3205 13.7835
    endloop
  endfacet
  facet normal 0 0.991442 -0.130546
    outer loop
      vertex -3 48.85 12.8
      vertex -7 48.9795 13.7835
      vertex -3 48.9795 13.7835
    endloop
  endfacet
  facet normal 0 0.991442 -0.130546
    outer loop
      vertex -7 48.9795 13.7835
      vertex -3 48.85 12.8
      vertex -7 48.85 12.8
    endloop
  endfacet
  facet normal 0 0.991442 0.130546
    outer loop
      vertex -3 48.9795 11.8165
      vertex -7 48.85 12.8
      vertex -3 48.85 12.8
    endloop
  endfacet
  facet normal 0 0.991442 0.130546
    outer loop
      vertex -7 48.85 12.8
      vertex -3 48.9795 11.8165
      vertex -7 48.9795 11.8165
    endloop
  endfacet
  facet normal 0 0.130546 -0.991442
    outer loop
      vertex -7 51.6665 16.4705
      vertex -3 52.65 16.6
      vertex -3 51.6665 16.4705
    endloop
  endfacet
  facet normal 0 0.130546 -0.991442
    outer loop
      vertex -3 52.65 16.6
      vertex -7 51.6665 16.4705
      vertex -7 52.65 16.6
    endloop
  endfacet
  facet normal 0 -0.60877 0.793347
    outer loop
      vertex -7 55.337 10.113
      vertex -3 54.55 9.5091
      vertex -3 55.337 10.113
    endloop
  endfacet
  facet normal 0 -0.60877 0.793347
    outer loop
      vertex -3 54.55 9.5091
      vertex -7 55.337 10.113
      vertex -7 54.55 9.5091
    endloop
  endfacet
  facet normal 0 -0.991442 0.130546
    outer loop
      vertex -7 56.3205 11.8165
      vertex -3 56.45 12.8
      vertex -7 56.45 12.8
    endloop
  endfacet
  facet normal 0 -0.991442 0.130546
    outer loop
      vertex -3 56.45 12.8
      vertex -7 56.3205 11.8165
      vertex -3 56.3205 11.8165
    endloop
  endfacet
  facet normal 0 -0.793347 0.60877
    outer loop
      vertex -7 55.337 10.113
      vertex -3 55.9409 10.9
      vertex -7 55.9409 10.9
    endloop
  endfacet
  facet normal 0 -0.793347 0.60877
    outer loop
      vertex -3 55.9409 10.9
      vertex -7 55.337 10.113
      vertex -3 55.337 10.113
    endloop
  endfacet
  facet normal -1 0 0
    outer loop
      vertex -3 55.15 12.8
      vertex -3 56.45 12.8
      vertex -3 56.3205 11.8165
    endloop
  endfacet
  facet normal -1 0 0
    outer loop
      vertex -3 54.9597 11.8433
      vertex -3 56.3205 11.8165
      vertex -3 55.9409 10.9
    endloop
  endfacet
  facet normal -1 0 0
    outer loop
      vertex -3 56.45 12.8
      vertex -3 55.15 12.8
      vertex -3 56.3205 13.7835
    endloop
  endfacet
  facet normal -1 0 0
    outer loop
      vertex -3 54.4178 11.0322
      vertex -3 55.9409 10.9
      vertex -3 55.337 10.113
    endloop
  endfacet
  facet normal -1 0 0
    outer loop
      vertex -3 54.9597 13.7567
      vertex -3 56.3205 13.7835
      vertex -3 55.15 12.8
    endloop
  endfacet
  facet normal -1 -0 0
    outer loop
      vertex -3 56.3205 13.7835
      vertex -3 54.9597 13.7567
      vertex -3 55.9409 14.7
    endloop
  endfacet
  facet normal -1 0 0
    outer loop
      vertex -3 56.3205 11.8165
      vertex -3 54.9597 11.8433
      vertex -3 55.15 12.8
    endloop
  endfacet
  facet normal -1 0 0
    outer loop
      vertex -3 54.4178 11.0322
      vertex -3 55.337 10.113
      vertex -3 54.55 9.5091
    endloop
  endfacet
  facet normal -1 0 0
    outer loop
      vertex -3 55.9409 10.9
      vertex -3 54.4178 11.0322
      vertex -3 54.9597 11.8433
    endloop
  endfacet
  facet normal -1 0 0
    outer loop
      vertex -3 53.6067 10.4903
      vertex -3 54.55 9.5091
      vertex -3 53.6335 9.12948
    endloop
  endfacet
  facet normal -1 0 0
    outer loop
      vertex -3 54.55 9.5091
      vertex -3 53.6067 10.4903
      vertex -3 54.4178 11.0322
    endloop
  endfacet
  facet normal -1 0 0
    outer loop
      vertex -3 52.65 10.3
      vertex -3 53.6335 9.12948
      vertex -3 52.65 9
    endloop
  endfacet
  facet normal -1 0 0
    outer loop
      vertex -3 53.6335 9.12948
      vertex -3 52.65 10.3
      vertex -3 53.6067 10.4903
    endloop
  endfacet
  facet normal -1 0 0
    outer loop
      vertex -3 51.6665 9.12948
      vertex -3 52.65 10.3
      vertex -3 52.65 9
    endloop
  endfacet
  facet normal -1 -0 0
    outer loop
      vertex -3 52.65 10.3
      vertex -3 51.6665 9.12948
      vertex -3 51.6933 10.4903
    endloop
  endfacet
  facet normal -1 0 0
    outer loop
      vertex -3 50.75 9.5091
      vertex -3 51.6933 10.4903
      vertex -3 51.6665 9.12948
    endloop
  endfacet
  facet normal -1 -0 0
    outer loop
      vertex -3 51.6933 10.4903
      vertex -3 50.75 9.5091
      vertex -3 50.8822 11.0322
    endloop
  endfacet
  facet normal -1 0 0
    outer loop
      vertex -3 49.963 10.113
      vertex -3 50.8822 11.0322
      vertex -3 50.75 9.5091
    endloop
  endfacet
  facet normal -1 0 0
    outer loop
      vertex -3 49.3591 10.9
      vertex -3 50.8822 11.0322
      vertex -3 49.963 10.113
    endloop
  endfacet
  facet normal -1 -0 0
    outer loop
      vertex -3 50.8822 11.0322
      vertex -3 49.3591 10.9
      vertex -3 50.3403 11.8433
    endloop
  endfacet
  facet normal -1 0 0
    outer loop
      vertex -3 54.4178 14.5678
      vertex -3 55.9409 14.7
      vertex -3 54.9597 13.7567
    endloop
  endfacet
  facet normal -1 -0 0
    outer loop
      vertex -3 55.9409 14.7
      vertex -3 54.4178 14.5678
      vertex -3 55.337 15.487
    endloop
  endfacet
  facet normal -1 -0 0
    outer loop
      vertex -3 55.337 15.487
      vertex -3 54.4178 14.5678
      vertex -3 54.55 16.0909
    endloop
  endfacet
  facet normal -1 0 0
    outer loop
      vertex -3 53.6067 15.1097
      vertex -3 54.55 16.0909
      vertex -3 54.4178 14.5678
    endloop
  endfacet
  facet normal -1 -0 0
    outer loop
      vertex -3 54.55 16.0909
      vertex -3 53.6067 15.1097
      vertex -3 53.6335 16.4705
    endloop
  endfacet
  facet normal -1 0 0
    outer loop
      vertex -3 52.65 15.3
      vertex -3 53.6335 16.4705
      vertex -3 53.6067 15.1097
    endloop
  endfacet
  facet normal -1 0 0
    outer loop
      vertex -3 52.65 15.3
      vertex -3 52.65 16.6
      vertex -3 53.6335 16.4705
    endloop
  endfacet
  facet normal -1 0 0
    outer loop
      vertex -3 51.6665 16.4705
      vertex -3 52.65 15.3
      vertex -3 51.6933 15.1097
    endloop
  endfacet
  facet normal -1 0 0
    outer loop
      vertex -3 52.65 15.3
      vertex -3 51.6665 16.4705
      vertex -3 52.65 16.6
    endloop
  endfacet
  facet normal -1 0 0
    outer loop
      vertex -3 50.75 16.0909
      vertex -3 51.6933 15.1097
      vertex -3 50.8822 14.5678
    endloop
  endfacet
  facet normal -1 0 0
    outer loop
      vertex -3 51.6933 15.1097
      vertex -3 50.75 16.0909
      vertex -3 51.6665 16.4705
    endloop
  endfacet
  facet normal -1 0 0
    outer loop
      vertex -3 49.3591 14.7
      vertex -3 50.8822 14.5678
      vertex -3 50.3403 13.7567
    endloop
  endfacet
  facet normal -1 0 0
    outer loop
      vertex -3 48.9795 13.7835
      vertex -3 50.3403 13.7567
      vertex -3 50.15 12.8
    endloop
  endfacet
  facet normal -1 0 0
    outer loop
      vertex -3 50.8822 14.5678
      vertex -3 49.963 15.487
      vertex -3 50.75 16.0909
    endloop
  endfacet
  facet normal -1 0 0
    outer loop
      vertex -3 48.9795 11.8165
      vertex -3 50.3403 11.8433
      vertex -3 49.3591 10.9
    endloop
  endfacet
  facet normal -1 -0 0
    outer loop
      vertex -3 50.3403 11.8433
      vertex -3 48.9795 11.8165
      vertex -3 50.15 12.8
    endloop
  endfacet
  facet normal -1 0 0
    outer loop
      vertex -3 50.8822 14.5678
      vertex -3 49.3591 14.7
      vertex -3 49.963 15.487
    endloop
  endfacet
  facet normal -1 0 0
    outer loop
      vertex -3 48.85 12.8
      vertex -3 50.15 12.8
      vertex -3 48.9795 11.8165
    endloop
  endfacet
  facet normal -1 0 0
    outer loop
      vertex -3 50.3403 13.7567
      vertex -3 48.9795 13.7835
      vertex -3 49.3591 14.7
    endloop
  endfacet
  facet normal -1 0 0
    outer loop
      vertex -3 50.15 12.8
      vertex -3 48.85 12.8
      vertex -3 48.9795 13.7835
    endloop
  endfacet
  facet normal 0 0.923889 -0.38266
    outer loop
      vertex -3 48.9795 13.7835
      vertex -7 49.3591 14.7
      vertex -3 49.3591 14.7
    endloop
  endfacet
  facet normal 0 0.923889 -0.38266
    outer loop
      vertex -7 49.3591 14.7
      vertex -3 48.9795 13.7835
      vertex -7 48.9795 13.7835
    endloop
  endfacet
  facet normal 0 0.60877 -0.793347
    outer loop
      vertex -7 49.963 15.487
      vertex -3 50.75 16.0909
      vertex -3 49.963 15.487
    endloop
  endfacet
  facet normal 0 0.60877 -0.793347
    outer loop
      vertex -3 50.75 16.0909
      vertex -7 49.963 15.487
      vertex -7 50.75 16.0909
    endloop
  endfacet
  facet normal 0 1 -0
    outer loop
      vertex 0 8.00061 11.225
      vertex -4.7 8.00061 14.775
      vertex 0 8.00061 14.775
    endloop
  endfacet
  facet normal 0 1 0
    outer loop
      vertex -4.7 8.00061 14.775
      vertex 0 8.00061 11.225
      vertex -4.7 8.00061 11.225
    endloop
  endfacet
  facet normal -0 0.5 0.866025
    outer loop
      vertex -4.7 11.075 9.45
      vertex 0 8.00061 11.225
      vertex 0 11.075 9.45
    endloop
  endfacet
  facet normal 0 0.5 0.866025
    outer loop
      vertex 0 8.00061 11.225
      vertex -4.7 11.075 9.45
      vertex -4.7 8.00061 11.225
    endloop
  endfacet
  facet normal 0 -1 0
    outer loop
      vertex -4.7 14.1494 11.225
      vertex 0 14.1494 14.775
      vertex -4.7 14.1494 14.775
    endloop
  endfacet
  facet normal 0 -1 -0
    outer loop
      vertex 0 14.1494 14.775
      vertex -4.7 14.1494 11.225
      vertex 0 14.1494 11.225
    endloop
  endfacet
  facet normal 0 -0.499999 0.866026
    outer loop
      vertex -4.7 14.1494 11.225
      vertex 0 11.075 9.45
      vertex 0 14.1494 11.225
    endloop
  endfacet
  facet normal 0 -0.499999 0.866026
    outer loop
      vertex 0 11.075 9.45
      vertex -4.7 14.1494 11.225
      vertex -4.7 11.075 9.45
    endloop
  endfacet
  facet normal 0 -0.499999 -0.866026
    outer loop
      vertex -4.7 11.075 16.55
      vertex 0 14.1494 14.775
      vertex 0 11.075 16.55
    endloop
  endfacet
  facet normal -0 -0.499999 -0.866026
    outer loop
      vertex 0 14.1494 14.775
      vertex -4.7 11.075 16.55
      vertex -4.7 14.1494 14.775
    endloop
  endfacet
  facet normal 0 0.5 -0.866025
    outer loop
      vertex -4.7 8.00061 14.775
      vertex 0 11.075 16.55
      vertex 0 8.00061 14.775
    endloop
  endfacet
  facet normal 0 0.5 -0.866025
    outer loop
      vertex 0 11.075 16.55
      vertex -4.7 8.00061 14.775
      vertex -4.7 11.075 16.55
    endloop
  endfacet
  facet normal 1 0 0
    outer loop
      vertex -4.7 14.1494 14.775
      vertex -4.7 12.975 13
      vertex -4.7 14.1494 11.225
    endloop
  endfacet
  facet normal 1 0 0
    outer loop
      vertex -4.7 14.1494 14.775
      vertex -4.7 12.7204 13.95
      vertex -4.7 12.975 13
    endloop
  endfacet
  facet normal 1 0 0
    outer loop
      vertex -4.7 14.1494 14.775
      vertex -4.7 12.025 14.6454
      vertex -4.7 12.7204 13.95
    endloop
  endfacet
  facet normal 1 0 0
    outer loop
      vertex -4.7 11.075 16.55
      vertex -4.7 12.025 14.6454
      vertex -4.7 14.1494 14.775
    endloop
  endfacet
  facet normal 1 0 0
    outer loop
      vertex -4.7 11.075 16.55
      vertex -4.7 11.075 14.9
      vertex -4.7 12.025 14.6454
    endloop
  endfacet
  facet normal 1 0 0
    outer loop
      vertex -4.7 11.075 16.55
      vertex -4.7 10.125 14.6454
      vertex -4.7 11.075 14.9
    endloop
  endfacet
  facet normal 1 -0 0
    outer loop
      vertex -4.7 8.00061 14.775
      vertex -4.7 10.125 14.6454
      vertex -4.7 11.075 16.55
    endloop
  endfacet
  facet normal 1 0 0
    outer loop
      vertex -4.7 9.42955 13.95
      vertex -4.7 8.00061 14.775
      vertex -4.7 9.175 13
    endloop
  endfacet
  facet normal 1 0 0
    outer loop
      vertex -4.7 10.125 14.6454
      vertex -4.7 8.00061 14.775
      vertex -4.7 9.42955 13.95
    endloop
  endfacet
  facet normal 1 -0 0
    outer loop
      vertex -4.7 12.7204 12.05
      vertex -4.7 14.1494 11.225
      vertex -4.7 12.975 13
    endloop
  endfacet
  facet normal 1 -0 0
    outer loop
      vertex -4.7 12.025 11.3546
      vertex -4.7 14.1494 11.225
      vertex -4.7 12.7204 12.05
    endloop
  endfacet
  facet normal 1 0 0
    outer loop
      vertex -4.7 11.075 9.45
      vertex -4.7 12.025 11.3546
      vertex -4.7 11.075 11.1
    endloop
  endfacet
  facet normal 1 0 0
    outer loop
      vertex -4.7 12.025 11.3546
      vertex -4.7 11.075 9.45
      vertex -4.7 14.1494 11.225
    endloop
  endfacet
  facet normal 1 0 0
    outer loop
      vertex -4.7 10.125 11.3546
      vertex -4.7 11.075 9.45
      vertex -4.7 11.075 11.1
    endloop
  endfacet
  facet normal 1 0 0
    outer loop
      vertex -4.7 8.00061 11.225
      vertex -4.7 10.125 11.3546
      vertex -4.7 9.42955 12.05
    endloop
  endfacet
  facet normal 1 0 0
    outer loop
      vertex -4.7 8.00061 11.225
      vertex -4.7 9.175 13
      vertex -4.7 8.00061 14.775
    endloop
  endfacet
  facet normal 1 0 0
    outer loop
      vertex -4.7 10.125 11.3546
      vertex -4.7 8.00061 11.225
      vertex -4.7 11.075 9.45
    endloop
  endfacet
  facet normal 1 0 0
    outer loop
      vertex -4.7 9.175 13
      vertex -4.7 8.00061 11.225
      vertex -4.7 9.42955 12.05
    endloop
  endfacet
  facet normal 0 -0.707107 0.707107
    outer loop
      vertex -7 12.025 11.3546
      vertex -4.7 12.7204 12.05
      vertex -7 12.7204 12.05
    endloop
  endfacet
  facet normal 0 -0.707107 0.707107
    outer loop
      vertex -4.7 12.7204 12.05
      vertex -7 12.025 11.3546
      vertex -4.7 12.025 11.3546
    endloop
  endfacet
  facet normal 0 -0.258865 0.965914
    outer loop
      vertex -7 12.025 11.3546
      vertex -4.7 11.075 11.1
      vertex -4.7 12.025 11.3546
    endloop
  endfacet
  facet normal 0 -0.258865 0.965914
    outer loop
      vertex -4.7 11.075 11.1
      vertex -7 12.025 11.3546
      vertex -7 11.075 11.1
    endloop
  endfacet
  facet normal 0 -0.965914 0.258865
    outer loop
      vertex -7 12.7204 12.05
      vertex -4.7 12.975 13
      vertex -7 12.975 13
    endloop
  endfacet
  facet normal 0 -0.965914 0.258865
    outer loop
      vertex -4.7 12.975 13
      vertex -7 12.7204 12.05
      vertex -4.7 12.7204 12.05
    endloop
  endfacet
  facet normal 0 0.258865 -0.965914
    outer loop
      vertex -7 10.125 14.6454
      vertex -4.7 11.075 14.9
      vertex -4.7 10.125 14.6454
    endloop
  endfacet
  facet normal 0 0.258865 -0.965914
    outer loop
      vertex -4.7 11.075 14.9
      vertex -7 10.125 14.6454
      vertex -7 11.075 14.9
    endloop
  endfacet
  facet normal -0 0.258865 0.965914
    outer loop
      vertex -7 11.075 11.1
      vertex -4.7 10.125 11.3546
      vertex -4.7 11.075 11.1
    endloop
  endfacet
  facet normal 0 0.258865 0.965914
    outer loop
      vertex -4.7 10.125 11.3546
      vertex -7 11.075 11.1
      vertex -7 10.125 11.3546
    endloop
  endfacet
  facet normal 0 -0.965914 -0.258865
    outer loop
      vertex -7 12.975 13
      vertex -4.7 12.7204 13.95
      vertex -7 12.7204 13.95
    endloop
  endfacet
  facet normal 0 -0.965914 -0.258865
    outer loop
      vertex -4.7 12.7204 13.95
      vertex -7 12.975 13
      vertex -4.7 12.975 13
    endloop
  endfacet
  facet normal 0 0.965926 0.258817
    outer loop
      vertex -4.7 9.42955 12.05
      vertex -7 9.175 13
      vertex -4.7 9.175 13
    endloop
  endfacet
  facet normal 0 0.965926 0.258817
    outer loop
      vertex -7 9.175 13
      vertex -4.7 9.42955 12.05
      vertex -7 9.42955 12.05
    endloop
  endfacet
  facet normal 0 -0.707107 -0.707107
    outer loop
      vertex -7 12.7204 13.95
      vertex -4.7 12.025 14.6454
      vertex -7 12.025 14.6454
    endloop
  endfacet
  facet normal 0 -0.707107 -0.707107
    outer loop
      vertex -4.7 12.025 14.6454
      vertex -7 12.7204 13.95
      vertex -4.7 12.7204 13.95
    endloop
  endfacet
  facet normal 0 0.707081 0.707132
    outer loop
      vertex -4.7 10.125 11.3546
      vertex -7 9.42955 12.05
      vertex -4.7 9.42955 12.05
    endloop
  endfacet
  facet normal 0 0.707081 0.707132
    outer loop
      vertex -7 9.42955 12.05
      vertex -4.7 10.125 11.3546
      vertex -7 10.125 11.3546
    endloop
  endfacet
  facet normal 0 0.965926 -0.258817
    outer loop
      vertex -4.7 9.175 13
      vertex -7 9.42955 13.95
      vertex -4.7 9.42955 13.95
    endloop
  endfacet
  facet normal 0 0.965926 -0.258817
    outer loop
      vertex -7 9.42955 13.95
      vertex -4.7 9.175 13
      vertex -7 9.175 13
    endloop
  endfacet
  facet normal 0 0.707081 -0.707132
    outer loop
      vertex -4.7 9.42955 13.95
      vertex -7 10.125 14.6454
      vertex -4.7 10.125 14.6454
    endloop
  endfacet
  facet normal 0 0.707081 -0.707132
    outer loop
      vertex -7 10.125 14.6454
      vertex -4.7 9.42955 13.95
      vertex -7 9.42955 13.95
    endloop
  endfacet
  facet normal 0 -0.258865 -0.965914
    outer loop
      vertex -7 11.075 14.9
      vertex -4.7 12.025 14.6454
      vertex -4.7 11.075 14.9
    endloop
  endfacet
  facet normal -0 -0.258865 -0.965914
    outer loop
      vertex -4.7 12.025 14.6454
      vertex -7 11.075 14.9
      vertex -7 12.025 14.6454
    endloop
  endfacet
  facet normal 0 1 -0
    outer loop
      vertex 0 28.0006 11.225
      vertex -4.7 28.0006 14.775
      vertex 0 28.0006 14.775
    endloop
  endfacet
  facet normal 0 1 0
    outer loop
      vertex -4.7 28.0006 14.775
      vertex 0 28.0006 11.225
      vertex -4.7 28.0006 11.225
    endloop
  endfacet
  facet normal -0 0.499999 0.866026
    outer loop
      vertex -4.7 31.075 9.45
      vertex 0 28.0006 11.225
      vertex 0 31.075 9.45
    endloop
  endfacet
  facet normal 0 0.499999 0.866026
    outer loop
      vertex 0 28.0006 11.225
      vertex -4.7 31.075 9.45
      vertex -4.7 28.0006 11.225
    endloop
  endfacet
  facet normal 0 -1 0
    outer loop
      vertex -4.7 34.1494 11.225
      vertex 0 34.1494 14.775
      vertex -4.7 34.1494 14.775
    endloop
  endfacet
  facet normal 0 -1 -0
    outer loop
      vertex 0 34.1494 14.775
      vertex -4.7 34.1494 11.225
      vertex 0 34.1494 11.225
    endloop
  endfacet
  facet normal 0 -0.499999 0.866026
    outer loop
      vertex -4.7 34.1494 11.225
      vertex 0 31.075 9.45
      vertex 0 34.1494 11.225
    endloop
  endfacet
  facet normal 0 -0.499999 0.866026
    outer loop
      vertex 0 31.075 9.45
      vertex -4.7 34.1494 11.225
      vertex -4.7 31.075 9.45
    endloop
  endfacet
  facet normal 0 -0.499999 -0.866026
    outer loop
      vertex -4.7 31.075 16.55
      vertex 0 34.1494 14.775
      vertex 0 31.075 16.55
    endloop
  endfacet
  facet normal -0 -0.499999 -0.866026
    outer loop
      vertex 0 34.1494 14.775
      vertex -4.7 31.075 16.55
      vertex -4.7 34.1494 14.775
    endloop
  endfacet
  facet normal 0 0.499999 -0.866026
    outer loop
      vertex -4.7 28.0006 14.775
      vertex 0 31.075 16.55
      vertex 0 28.0006 14.775
    endloop
  endfacet
  facet normal 0 0.499999 -0.866026
    outer loop
      vertex 0 31.075 16.55
      vertex -4.7 28.0006 14.775
      vertex -4.7 31.075 16.55
    endloop
  endfacet
  facet normal 1 0 0
    outer loop
      vertex -4.7 34.1494 14.775
      vertex -4.7 32.975 13
      vertex -4.7 34.1494 11.225
    endloop
  endfacet
  facet normal 1 0 0
    outer loop
      vertex -4.7 34.1494 14.775
      vertex -4.7 32.7204 13.95
      vertex -4.7 32.975 13
    endloop
  endfacet
  facet normal 1 0 0
    outer loop
      vertex -4.7 34.1494 14.775
      vertex -4.7 32.025 14.6454
      vertex -4.7 32.7204 13.95
    endloop
  endfacet
  facet normal 1 0 0
    outer loop
      vertex -4.7 31.075 16.55
      vertex -4.7 32.025 14.6454
      vertex -4.7 34.1494 14.775
    endloop
  endfacet
  facet normal 1 0 0
    outer loop
      vertex -4.7 31.075 16.55
      vertex -4.7 31.075 14.9
      vertex -4.7 32.025 14.6454
    endloop
  endfacet
  facet normal 1 0 0
    outer loop
      vertex -4.7 31.075 16.55
      vertex -4.7 30.125 14.6454
      vertex -4.7 31.075 14.9
    endloop
  endfacet
  facet normal 1 -0 0
    outer loop
      vertex -4.7 28.0006 14.775
      vertex -4.7 30.125 14.6454
      vertex -4.7 31.075 16.55
    endloop
  endfacet
  facet normal 1 0 0
    outer loop
      vertex -4.7 29.4296 13.95
      vertex -4.7 28.0006 14.775
      vertex -4.7 29.175 13
    endloop
  endfacet
  facet normal 1 0 0
    outer loop
      vertex -4.7 30.125 14.6454
      vertex -4.7 28.0006 14.775
      vertex -4.7 29.4296 13.95
    endloop
  endfacet
  facet normal 1 -0 0
    outer loop
      vertex -4.7 32.7204 12.05
      vertex -4.7 34.1494 11.225
      vertex -4.7 32.975 13
    endloop
  endfacet
  facet normal 1 -0 0
    outer loop
      vertex -4.7 32.025 11.3546
      vertex -4.7 34.1494 11.225
      vertex -4.7 32.7204 12.05
    endloop
  endfacet
  facet normal 1 0 0
    outer loop
      vertex -4.7 31.075 9.45
      vertex -4.7 32.025 11.3546
      vertex -4.7 31.075 11.1
    endloop
  endfacet
  facet normal 1 0 0
    outer loop
      vertex -4.7 32.025 11.3546
      vertex -4.7 31.075 9.45
      vertex -4.7 34.1494 11.225
    endloop
  endfacet
  facet normal 1 0 0
    outer loop
      vertex -4.7 30.125 11.3546
      vertex -4.7 31.075 9.45
      vertex -4.7 31.075 11.1
    endloop
  endfacet
  facet normal 1 0 0
    outer loop
      vertex -4.7 28.0006 11.225
      vertex -4.7 30.125 11.3546
      vertex -4.7 29.4296 12.05
    endloop
  endfacet
  facet normal 1 0 0
    outer loop
      vertex -4.7 28.0006 11.225
      vertex -4.7 29.175 13
      vertex -4.7 28.0006 14.775
    endloop
  endfacet
  facet normal 1 0 0
    outer loop
      vertex -4.7 30.125 11.3546
      vertex -4.7 28.0006 11.225
      vertex -4.7 31.075 9.45
    endloop
  endfacet
  facet normal 1 0 0
    outer loop
      vertex -4.7 29.175 13
      vertex -4.7 28.0006 11.225
      vertex -4.7 29.4296 12.05
    endloop
  endfacet
  facet normal 0 -0.707107 0.707107
    outer loop
      vertex -7 32.025 11.3546
      vertex -4.7 32.7204 12.05
      vertex -7 32.7204 12.05
    endloop
  endfacet
  facet normal 0 -0.707107 0.707107
    outer loop
      vertex -4.7 32.7204 12.05
      vertex -7 32.025 11.3546
      vertex -4.7 32.025 11.3546
    endloop
  endfacet
  facet normal 0 -0.258865 0.965914
    outer loop
      vertex -7 32.025 11.3546
      vertex -4.7 31.075 11.1
      vertex -4.7 32.025 11.3546
    endloop
  endfacet
  facet normal 0 -0.258865 0.965914
    outer loop
      vertex -4.7 31.075 11.1
      vertex -7 32.025 11.3546
      vertex -7 31.075 11.1
    endloop
  endfacet
  facet normal 0 -0.965914 0.258865
    outer loop
      vertex -7 32.7204 12.05
      vertex -4.7 32.975 13
      vertex -7 32.975 13
    endloop
  endfacet
  facet normal 0 -0.965914 0.258865
    outer loop
      vertex -4.7 32.975 13
      vertex -7 32.7204 12.05
      vertex -4.7 32.7204 12.05
    endloop
  endfacet
  facet normal 0 0.258865 -0.965914
    outer loop
      vertex -7 30.125 14.6454
      vertex -4.7 31.075 14.9
      vertex -4.7 30.125 14.6454
    endloop
  endfacet
  facet normal 0 0.258865 -0.965914
    outer loop
      vertex -4.7 31.075 14.9
      vertex -7 30.125 14.6454
      vertex -7 31.075 14.9
    endloop
  endfacet
  facet normal -0 0.258865 0.965914
    outer loop
      vertex -7 31.075 11.1
      vertex -4.7 30.125 11.3546
      vertex -4.7 31.075 11.1
    endloop
  endfacet
  facet normal 0 0.258865 0.965914
    outer loop
      vertex -4.7 30.125 11.3546
      vertex -7 31.075 11.1
      vertex -7 30.125 11.3546
    endloop
  endfacet
  facet normal 0 -0.965914 -0.258865
    outer loop
      vertex -7 32.975 13
      vertex -4.7 32.7204 13.95
      vertex -7 32.7204 13.95
    endloop
  endfacet
  facet normal 0 -0.965914 -0.258865
    outer loop
      vertex -4.7 32.7204 13.95
      vertex -7 32.975 13
      vertex -4.7 32.975 13
    endloop
  endfacet
  facet normal 0 0.965914 0.258865
    outer loop
      vertex -4.7 29.4296 12.05
      vertex -7 29.175 13
      vertex -4.7 29.175 13
    endloop
  endfacet
  facet normal 0 0.965914 0.258865
    outer loop
      vertex -7 29.175 13
      vertex -4.7 29.4296 12.05
      vertex -7 29.4296 12.05
    endloop
  endfacet
  facet normal 0 -0.707107 -0.707107
    outer loop
      vertex -7 32.7204 13.95
      vertex -4.7 32.025 14.6454
      vertex -7 32.025 14.6454
    endloop
  endfacet
  facet normal 0 -0.707107 -0.707107
    outer loop
      vertex -4.7 32.025 14.6454
      vertex -7 32.7204 13.95
      vertex -4.7 32.7204 13.95
    endloop
  endfacet
  facet normal 0 0.707107 0.707107
    outer loop
      vertex -4.7 30.125 11.3546
      vertex -7 29.4296 12.05
      vertex -4.7 29.4296 12.05
    endloop
  endfacet
  facet normal 0 0.707107 0.707107
    outer loop
      vertex -7 29.4296 12.05
      vertex -4.7 30.125 11.3546
      vertex -7 30.125 11.3546
    endloop
  endfacet
  facet normal 0 0.965914 -0.258865
    outer loop
      vertex -4.7 29.175 13
      vertex -7 29.4296 13.95
      vertex -4.7 29.4296 13.95
    endloop
  endfacet
  facet normal 0 0.965914 -0.258865
    outer loop
      vertex -7 29.4296 13.95
      vertex -4.7 29.175 13
      vertex -7 29.175 13
    endloop
  endfacet
  facet normal 0 0.707107 -0.707107
    outer loop
      vertex -4.7 29.4296 13.95
      vertex -7 30.125 14.6454
      vertex -4.7 30.125 14.6454
    endloop
  endfacet
  facet normal 0 0.707107 -0.707107
    outer loop
      vertex -7 30.125 14.6454
      vertex -4.7 29.4296 13.95
      vertex -7 29.4296 13.95
    endloop
  endfacet
  facet normal 0 -0.258865 -0.965914
    outer loop
      vertex -7 31.075 14.9
      vertex -4.7 32.025 14.6454
      vertex -4.7 31.075 14.9
    endloop
  endfacet
  facet normal -0 -0.258865 -0.965914
    outer loop
      vertex -4.7 32.025 14.6454
      vertex -7 31.075 14.9
      vertex -7 32.025 14.6454
    endloop
  endfacet
  facet normal 0 1 -0
    outer loop
      vertex 46.85 8.00061 11.225
      vertex 42.15 8.00061 14.775
      vertex 46.85 8.00061 14.775
    endloop
  endfacet
  facet normal 0 1 0
    outer loop
      vertex 42.15 8.00061 14.775
      vertex 46.85 8.00061 11.225
      vertex 42.15 8.00061 11.225
    endloop
  endfacet
  facet normal 0 0.5 -0.866025
    outer loop
      vertex 42.15 8.00061 14.775
      vertex 46.85 11.075 16.55
      vertex 46.85 8.00061 14.775
    endloop
  endfacet
  facet normal 0 0.5 -0.866025
    outer loop
      vertex 46.85 11.075 16.55
      vertex 42.15 8.00061 14.775
      vertex 42.15 11.075 16.55
    endloop
  endfacet
  facet normal 0 -1 0
    outer loop
      vertex 42.15 14.1494 11.225
      vertex 46.85 14.1494 14.775
      vertex 42.15 14.1494 14.775
    endloop
  endfacet
  facet normal 0 -1 -0
    outer loop
      vertex 46.85 14.1494 14.775
      vertex 42.15 14.1494 11.225
      vertex 46.85 14.1494 11.225
    endloop
  endfacet
  facet normal 0 -0.499999 -0.866026
    outer loop
      vertex 42.15 11.075 16.55
      vertex 46.85 14.1494 14.775
      vertex 46.85 11.075 16.55
    endloop
  endfacet
  facet normal -0 -0.499999 -0.866026
    outer loop
      vertex 46.85 14.1494 14.775
      vertex 42.15 11.075 16.55
      vertex 42.15 14.1494 14.775
    endloop
  endfacet
  facet normal 0 -0.499999 0.866026
    outer loop
      vertex 42.15 14.1494 11.225
      vertex 46.85 11.075 9.45
      vertex 46.85 14.1494 11.225
    endloop
  endfacet
  facet normal 0 -0.499999 0.866026
    outer loop
      vertex 46.85 11.075 9.45
      vertex 42.15 14.1494 11.225
      vertex 42.15 11.075 9.45
    endloop
  endfacet
  facet normal -0 0.5 0.866025
    outer loop
      vertex 42.15 11.075 9.45
      vertex 46.85 8.00061 11.225
      vertex 46.85 11.075 9.45
    endloop
  endfacet
  facet normal 0 0.5 0.866025
    outer loop
      vertex 46.85 8.00061 11.225
      vertex 42.15 11.075 9.45
      vertex 42.15 8.00061 11.225
    endloop
  endfacet
  facet normal -1 0 0
    outer loop
      vertex 46.85 14.1494 11.225
      vertex 46.85 12.975 13
      vertex 46.85 14.1494 14.775
    endloop
  endfacet
  facet normal -1 0 0
    outer loop
      vertex 46.85 14.1494 11.225
      vertex 46.85 12.7204 12.05
      vertex 46.85 12.975 13
    endloop
  endfacet
  facet normal -1 0 0
    outer loop
      vertex 46.85 14.1494 11.225
      vertex 46.85 12.025 11.3546
      vertex 46.85 12.7204 12.05
    endloop
  endfacet
  facet normal -1 0 0
    outer loop
      vertex 46.85 11.075 9.45
      vertex 46.85 12.025 11.3546
      vertex 46.85 14.1494 11.225
    endloop
  endfacet
  facet normal -1 0 0
    outer loop
      vertex 46.85 11.075 9.45
      vertex 46.85 11.075 11.1
      vertex 46.85 12.025 11.3546
    endloop
  endfacet
  facet normal -1 0 0
    outer loop
      vertex 46.85 11.075 9.45
      vertex 46.85 10.125 11.3546
      vertex 46.85 11.075 11.1
    endloop
  endfacet
  facet normal -1 0 0
    outer loop
      vertex 46.85 8.00061 11.225
      vertex 46.85 10.125 11.3546
      vertex 46.85 11.075 9.45
    endloop
  endfacet
  facet normal -1 -0 0
    outer loop
      vertex 46.85 9.42955 12.05
      vertex 46.85 8.00061 11.225
      vertex 46.85 9.175 13
    endloop
  endfacet
  facet normal -1 -0 0
    outer loop
      vertex 46.85 10.125 11.3546
      vertex 46.85 8.00061 11.225
      vertex 46.85 9.42955 12.05
    endloop
  endfacet
  facet normal -1 0 0
    outer loop
      vertex 46.85 12.7204 13.95
      vertex 46.85 14.1494 14.775
      vertex 46.85 12.975 13
    endloop
  endfacet
  facet normal -1 0 0
    outer loop
      vertex 46.85 12.025 14.6454
      vertex 46.85 14.1494 14.775
      vertex 46.85 12.7204 13.95
    endloop
  endfacet
  facet normal -1 0 0
    outer loop
      vertex 46.85 11.075 16.55
      vertex 46.85 12.025 14.6454
      vertex 46.85 11.075 14.9
    endloop
  endfacet
  facet normal -1 0 0
    outer loop
      vertex 46.85 12.025 14.6454
      vertex 46.85 11.075 16.55
      vertex 46.85 14.1494 14.775
    endloop
  endfacet
  facet normal -1 0 0
    outer loop
      vertex 46.85 10.125 14.6454
      vertex 46.85 11.075 16.55
      vertex 46.85 11.075 14.9
    endloop
  endfacet
  facet normal -1 0 0
    outer loop
      vertex 46.85 8.00061 14.775
      vertex 46.85 10.125 14.6454
      vertex 46.85 9.42955 13.95
    endloop
  endfacet
  facet normal -1 0 0
    outer loop
      vertex 46.85 8.00061 14.775
      vertex 46.85 9.175 13
      vertex 46.85 8.00061 11.225
    endloop
  endfacet
  facet normal -1 0 0
    outer loop
      vertex 46.85 10.125 14.6454
      vertex 46.85 8.00061 14.775
      vertex 46.85 11.075 16.55
    endloop
  endfacet
  facet normal -1 0 0
    outer loop
      vertex 46.85 9.175 13
      vertex 46.85 8.00061 14.775
      vertex 46.85 9.42955 13.95
    endloop
  endfacet
  facet normal -0 0.258865 0.965914
    outer loop
      vertex 46.85 11.075 11.1
      vertex 49.15 10.125 11.3546
      vertex 49.15 11.075 11.1
    endloop
  endfacet
  facet normal 0 0.258865 0.965914
    outer loop
      vertex 49.15 10.125 11.3546
      vertex 46.85 11.075 11.1
      vertex 46.85 10.125 11.3546
    endloop
  endfacet
  facet normal 0 -0.707107 -0.707107
    outer loop
      vertex 46.85 12.7204 13.95
      vertex 49.15 12.025 14.6454
      vertex 46.85 12.025 14.6454
    endloop
  endfacet
  facet normal 0 -0.707107 -0.707107
    outer loop
      vertex 49.15 12.025 14.6454
      vertex 46.85 12.7204 13.95
      vertex 49.15 12.7204 13.95
    endloop
  endfacet
  facet normal 0 -0.258865 -0.965914
    outer loop
      vertex 46.85 11.075 14.9
      vertex 49.15 12.025 14.6454
      vertex 49.15 11.075 14.9
    endloop
  endfacet
  facet normal -0 -0.258865 -0.965914
    outer loop
      vertex 49.15 12.025 14.6454
      vertex 46.85 11.075 14.9
      vertex 46.85 12.025 14.6454
    endloop
  endfacet
  facet normal 0 -0.965914 -0.258865
    outer loop
      vertex 46.85 12.975 13
      vertex 49.15 12.7204 13.95
      vertex 46.85 12.7204 13.95
    endloop
  endfacet
  facet normal 0 -0.965914 -0.258865
    outer loop
      vertex 49.15 12.7204 13.95
      vertex 46.85 12.975 13
      vertex 49.15 12.975 13
    endloop
  endfacet
  facet normal 0 0.965926 -0.258817
    outer loop
      vertex 49.15 9.175 13
      vertex 46.85 9.42955 13.95
      vertex 49.15 9.42955 13.95
    endloop
  endfacet
  facet normal 0 0.965926 -0.258817
    outer loop
      vertex 46.85 9.42955 13.95
      vertex 49.15 9.175 13
      vertex 46.85 9.175 13
    endloop
  endfacet
  facet normal 0 0.258865 -0.965914
    outer loop
      vertex 46.85 10.125 14.6454
      vertex 49.15 11.075 14.9
      vertex 49.15 10.125 14.6454
    endloop
  endfacet
  facet normal 0 0.258865 -0.965914
    outer loop
      vertex 49.15 11.075 14.9
      vertex 46.85 10.125 14.6454
      vertex 46.85 11.075 14.9
    endloop
  endfacet
  facet normal 0 -0.707107 0.707107
    outer loop
      vertex 46.85 12.025 11.3546
      vertex 49.15 12.7204 12.05
      vertex 46.85 12.7204 12.05
    endloop
  endfacet
  facet normal 0 -0.707107 0.707107
    outer loop
      vertex 49.15 12.7204 12.05
      vertex 46.85 12.025 11.3546
      vertex 49.15 12.025 11.3546
    endloop
  endfacet
  facet normal 0 -0.965914 0.258865
    outer loop
      vertex 46.85 12.7204 12.05
      vertex 49.15 12.975 13
      vertex 46.85 12.975 13
    endloop
  endfacet
  facet normal 0 -0.965914 0.258865
    outer loop
      vertex 49.15 12.975 13
      vertex 46.85 12.7204 12.05
      vertex 49.15 12.7204 12.05
    endloop
  endfacet
  facet normal 0 -0.258865 0.965914
    outer loop
      vertex 46.85 12.025 11.3546
      vertex 49.15 11.075 11.1
      vertex 49.15 12.025 11.3546
    endloop
  endfacet
  facet normal 0 -0.258865 0.965914
    outer loop
      vertex 49.15 11.075 11.1
      vertex 46.85 12.025 11.3546
      vertex 46.85 11.075 11.1
    endloop
  endfacet
  facet normal 0 0.707081 -0.707132
    outer loop
      vertex 49.15 9.42955 13.95
      vertex 46.85 10.125 14.6454
      vertex 49.15 10.125 14.6454
    endloop
  endfacet
  facet normal 0 0.707081 -0.707132
    outer loop
      vertex 46.85 10.125 14.6454
      vertex 49.15 9.42955 13.95
      vertex 46.85 9.42955 13.95
    endloop
  endfacet
  facet normal 0 0.707081 0.707132
    outer loop
      vertex 49.15 10.125 11.3546
      vertex 46.85 9.42955 12.05
      vertex 49.15 9.42955 12.05
    endloop
  endfacet
  facet normal 0 0.707081 0.707132
    outer loop
      vertex 46.85 9.42955 12.05
      vertex 49.15 10.125 11.3546
      vertex 46.85 10.125 11.3546
    endloop
  endfacet
  facet normal 0 0.965926 0.258817
    outer loop
      vertex 49.15 9.42955 12.05
      vertex 46.85 9.175 13
      vertex 49.15 9.175 13
    endloop
  endfacet
  facet normal 0 0.965926 0.258817
    outer loop
      vertex 46.85 9.175 13
      vertex 49.15 9.42955 12.05
      vertex 46.85 9.42955 12.05
    endloop
  endfacet
  facet normal 0 1 -0
    outer loop
      vertex 46.85 28.0006 11.225
      vertex 42.15 28.0006 14.775
      vertex 46.85 28.0006 14.775
    endloop
  endfacet
  facet normal 0 1 0
    outer loop
      vertex 42.15 28.0006 14.775
      vertex 46.85 28.0006 11.225
      vertex 42.15 28.0006 11.225
    endloop
  endfacet
  facet normal 0 0.499999 -0.866026
    outer loop
      vertex 42.15 28.0006 14.775
      vertex 46.85 31.075 16.55
      vertex 46.85 28.0006 14.775
    endloop
  endfacet
  facet normal 0 0.499999 -0.866026
    outer loop
      vertex 46.85 31.075 16.55
      vertex 42.15 28.0006 14.775
      vertex 42.15 31.075 16.55
    endloop
  endfacet
  facet normal 0 -1 0
    outer loop
      vertex 42.15 34.1494 11.225
      vertex 46.85 34.1494 14.775
      vertex 42.15 34.1494 14.775
    endloop
  endfacet
  facet normal 0 -1 -0
    outer loop
      vertex 46.85 34.1494 14.775
      vertex 42.15 34.1494 11.225
      vertex 46.85 34.1494 11.225
    endloop
  endfacet
  facet normal 0 -0.499999 -0.866026
    outer loop
      vertex 42.15 31.075 16.55
      vertex 46.85 34.1494 14.775
      vertex 46.85 31.075 16.55
    endloop
  endfacet
  facet normal -0 -0.499999 -0.866026
    outer loop
      vertex 46.85 34.1494 14.775
      vertex 42.15 31.075 16.55
      vertex 42.15 34.1494 14.775
    endloop
  endfacet
  facet normal 0 -0.499999 0.866026
    outer loop
      vertex 42.15 34.1494 11.225
      vertex 46.85 31.075 9.45
      vertex 46.85 34.1494 11.225
    endloop
  endfacet
  facet normal 0 -0.499999 0.866026
    outer loop
      vertex 46.85 31.075 9.45
      vertex 42.15 34.1494 11.225
      vertex 42.15 31.075 9.45
    endloop
  endfacet
  facet normal -0 0.499999 0.866026
    outer loop
      vertex 42.15 31.075 9.45
      vertex 46.85 28.0006 11.225
      vertex 46.85 31.075 9.45
    endloop
  endfacet
  facet normal 0 0.499999 0.866026
    outer loop
      vertex 46.85 28.0006 11.225
      vertex 42.15 31.075 9.45
      vertex 42.15 28.0006 11.225
    endloop
  endfacet
  facet normal -1 0 0
    outer loop
      vertex 46.85 34.1494 11.225
      vertex 46.85 32.975 13
      vertex 46.85 34.1494 14.775
    endloop
  endfacet
  facet normal -1 0 0
    outer loop
      vertex 46.85 34.1494 11.225
      vertex 46.85 32.7204 12.05
      vertex 46.85 32.975 13
    endloop
  endfacet
  facet normal -1 0 0
    outer loop
      vertex 46.85 34.1494 11.225
      vertex 46.85 32.025 11.3546
      vertex 46.85 32.7204 12.05
    endloop
  endfacet
  facet normal -1 0 0
    outer loop
      vertex 46.85 31.075 9.45
      vertex 46.85 32.025 11.3546
      vertex 46.85 34.1494 11.225
    endloop
  endfacet
  facet normal -1 0 0
    outer loop
      vertex 46.85 31.075 9.45
      vertex 46.85 31.075 11.1
      vertex 46.85 32.025 11.3546
    endloop
  endfacet
  facet normal -1 0 0
    outer loop
      vertex 46.85 31.075 9.45
      vertex 46.85 30.125 11.3546
      vertex 46.85 31.075 11.1
    endloop
  endfacet
  facet normal -1 0 0
    outer loop
      vertex 46.85 28.0006 11.225
      vertex 46.85 30.125 11.3546
      vertex 46.85 31.075 9.45
    endloop
  endfacet
  facet normal -1 -0 0
    outer loop
      vertex 46.85 29.4296 12.05
      vertex 46.85 28.0006 11.225
      vertex 46.85 29.175 13
    endloop
  endfacet
  facet normal -1 -0 0
    outer loop
      vertex 46.85 30.125 11.3546
      vertex 46.85 28.0006 11.225
      vertex 46.85 29.4296 12.05
    endloop
  endfacet
  facet normal -1 0 0
    outer loop
      vertex 46.85 32.7204 13.95
      vertex 46.85 34.1494 14.775
      vertex 46.85 32.975 13
    endloop
  endfacet
  facet normal -1 0 0
    outer loop
      vertex 46.85 32.025 14.6454
      vertex 46.85 34.1494 14.775
      vertex 46.85 32.7204 13.95
    endloop
  endfacet
  facet normal -1 0 0
    outer loop
      vertex 46.85 31.075 16.55
      vertex 46.85 32.025 14.6454
      vertex 46.85 31.075 14.9
    endloop
  endfacet
  facet normal -1 0 0
    outer loop
      vertex 46.85 32.025 14.6454
      vertex 46.85 31.075 16.55
      vertex 46.85 34.1494 14.775
    endloop
  endfacet
  facet normal -1 0 0
    outer loop
      vertex 46.85 30.125 14.6454
      vertex 46.85 31.075 16.55
      vertex 46.85 31.075 14.9
    endloop
  endfacet
  facet normal -1 0 0
    outer loop
      vertex 46.85 28.0006 14.775
      vertex 46.85 30.125 14.6454
      vertex 46.85 29.4296 13.95
    endloop
  endfacet
  facet normal -1 0 0
    outer loop
      vertex 46.85 28.0006 14.775
      vertex 46.85 29.175 13
      vertex 46.85 28.0006 11.225
    endloop
  endfacet
  facet normal -1 0 0
    outer loop
      vertex 46.85 30.125 14.6454
      vertex 46.85 28.0006 14.775
      vertex 46.85 31.075 16.55
    endloop
  endfacet
  facet normal -1 0 0
    outer loop
      vertex 46.85 29.175 13
      vertex 46.85 28.0006 14.775
      vertex 46.85 29.4296 13.95
    endloop
  endfacet
  facet normal -0 0.258865 0.965914
    outer loop
      vertex 46.85 31.075 11.1
      vertex 49.15 30.125 11.3546
      vertex 49.15 31.075 11.1
    endloop
  endfacet
  facet normal 0 0.258865 0.965914
    outer loop
      vertex 49.15 30.125 11.3546
      vertex 46.85 31.075 11.1
      vertex 46.85 30.125 11.3546
    endloop
  endfacet
  facet normal 0 -0.707107 -0.707107
    outer loop
      vertex 46.85 32.7204 13.95
      vertex 49.15 32.025 14.6454
      vertex 46.85 32.025 14.6454
    endloop
  endfacet
  facet normal 0 -0.707107 -0.707107
    outer loop
      vertex 49.15 32.025 14.6454
      vertex 46.85 32.7204 13.95
      vertex 49.15 32.7204 13.95
    endloop
  endfacet
  facet normal 0 -0.258865 -0.965914
    outer loop
      vertex 46.85 31.075 14.9
      vertex 49.15 32.025 14.6454
      vertex 49.15 31.075 14.9
    endloop
  endfacet
  facet normal -0 -0.258865 -0.965914
    outer loop
      vertex 49.15 32.025 14.6454
      vertex 46.85 31.075 14.9
      vertex 46.85 32.025 14.6454
    endloop
  endfacet
  facet normal 0 -0.965914 -0.258865
    outer loop
      vertex 46.85 32.975 13
      vertex 49.15 32.7204 13.95
      vertex 46.85 32.7204 13.95
    endloop
  endfacet
  facet normal 0 -0.965914 -0.258865
    outer loop
      vertex 49.15 32.7204 13.95
      vertex 46.85 32.975 13
      vertex 49.15 32.975 13
    endloop
  endfacet
  facet normal 0 0.965914 -0.258865
    outer loop
      vertex 49.15 29.175 13
      vertex 46.85 29.4296 13.95
      vertex 49.15 29.4296 13.95
    endloop
  endfacet
  facet normal 0 0.965914 -0.258865
    outer loop
      vertex 46.85 29.4296 13.95
      vertex 49.15 29.175 13
      vertex 46.85 29.175 13
    endloop
  endfacet
  facet normal 0 0.258865 -0.965914
    outer loop
      vertex 46.85 30.125 14.6454
      vertex 49.15 31.075 14.9
      vertex 49.15 30.125 14.6454
    endloop
  endfacet
  facet normal 0 0.258865 -0.965914
    outer loop
      vertex 49.15 31.075 14.9
      vertex 46.85 30.125 14.6454
      vertex 46.85 31.075 14.9
    endloop
  endfacet
  facet normal 0 -0.707107 0.707107
    outer loop
      vertex 46.85 32.025 11.3546
      vertex 49.15 32.7204 12.05
      vertex 46.85 32.7204 12.05
    endloop
  endfacet
  facet normal 0 -0.707107 0.707107
    outer loop
      vertex 49.15 32.7204 12.05
      vertex 46.85 32.025 11.3546
      vertex 49.15 32.025 11.3546
    endloop
  endfacet
  facet normal 0 -0.965914 0.258865
    outer loop
      vertex 46.85 32.7204 12.05
      vertex 49.15 32.975 13
      vertex 46.85 32.975 13
    endloop
  endfacet
  facet normal 0 -0.965914 0.258865
    outer loop
      vertex 49.15 32.975 13
      vertex 46.85 32.7204 12.05
      vertex 49.15 32.7204 12.05
    endloop
  endfacet
  facet normal 0 -0.258865 0.965914
    outer loop
      vertex 46.85 32.025 11.3546
      vertex 49.15 31.075 11.1
      vertex 49.15 32.025 11.3546
    endloop
  endfacet
  facet normal 0 -0.258865 0.965914
    outer loop
      vertex 49.15 31.075 11.1
      vertex 46.85 32.025 11.3546
      vertex 46.85 31.075 11.1
    endloop
  endfacet
  facet normal 0 0.707107 -0.707107
    outer loop
      vertex 49.15 29.4296 13.95
      vertex 46.85 30.125 14.6454
      vertex 49.15 30.125 14.6454
    endloop
  endfacet
  facet normal 0 0.707107 -0.707107
    outer loop
      vertex 46.85 30.125 14.6454
      vertex 49.15 29.4296 13.95
      vertex 46.85 29.4296 13.95
    endloop
  endfacet
  facet normal 0 0.707107 0.707107
    outer loop
      vertex 49.15 30.125 11.3546
      vertex 46.85 29.4296 12.05
      vertex 49.15 29.4296 12.05
    endloop
  endfacet
  facet normal 0 0.707107 0.707107
    outer loop
      vertex 46.85 29.4296 12.05
      vertex 49.15 30.125 11.3546
      vertex 46.85 30.125 11.3546
    endloop
  endfacet
  facet normal 0 0.965914 0.258865
    outer loop
      vertex 49.15 29.4296 12.05
      vertex 46.85 29.175 13
      vertex 49.15 29.175 13
    endloop
  endfacet
  facet normal 0 0.965914 0.258865
    outer loop
      vertex 46.85 29.175 13
      vertex 49.15 29.4296 12.05
      vertex 46.85 29.4296 12.05
    endloop
  endfacet
  facet normal -1 0 0
    outer loop
      vertex 14.1494 -4.7 11.225
      vertex 14.1494 0 14.775
      vertex 14.1494 0 11.225
    endloop
  endfacet
  facet normal -1 -0 0
    outer loop
      vertex 14.1494 0 14.775
      vertex 14.1494 -4.7 11.225
      vertex 14.1494 -4.7 14.775
    endloop
  endfacet
  facet normal -0.499999 0 -0.866026
    outer loop
      vertex 11.075 -4.7 16.55
      vertex 14.1494 0 14.775
      vertex 14.1494 -4.7 14.775
    endloop
  endfacet
  facet normal -0.499999 0 -0.866026
    outer loop
      vertex 14.1494 0 14.775
      vertex 11.075 -4.7 16.55
      vertex 11.075 0 16.55
    endloop
  endfacet
  facet normal 1 -0 0
    outer loop
      vertex 8.00061 -4.7 14.775
      vertex 8.00061 0 11.225
      vertex 8.00061 0 14.775
    endloop
  endfacet
  facet normal 1 0 0
    outer loop
      vertex 8.00061 0 11.225
      vertex 8.00061 -4.7 14.775
      vertex 8.00061 -4.7 11.225
    endloop
  endfacet
  facet normal 0.5 0 -0.866025
    outer loop
      vertex 8.00061 -4.7 14.775
      vertex 11.075 0 16.55
      vertex 11.075 -4.7 16.55
    endloop
  endfacet
  facet normal 0.5 0 -0.866025
    outer loop
      vertex 11.075 0 16.55
      vertex 8.00061 -4.7 14.775
      vertex 8.00061 0 14.775
    endloop
  endfacet
  facet normal 0.5 0 0.866025
    outer loop
      vertex 8.00061 0 11.225
      vertex 11.075 -4.7 9.45
      vertex 11.075 0 9.45
    endloop
  endfacet
  facet normal 0.5 0 0.866025
    outer loop
      vertex 11.075 -4.7 9.45
      vertex 8.00061 0 11.225
      vertex 8.00061 -4.7 11.225
    endloop
  endfacet
  facet normal -0.499999 0 0.866026
    outer loop
      vertex 11.075 0 9.45
      vertex 14.1494 -4.7 11.225
      vertex 14.1494 0 11.225
    endloop
  endfacet
  facet normal -0.499999 0 0.866026
    outer loop
      vertex 14.1494 -4.7 11.225
      vertex 11.075 0 9.45
      vertex 11.075 -4.7 9.45
    endloop
  endfacet
  facet normal 0 1 -0
    outer loop
      vertex 12.025 -4.7 14.6454
      vertex 11.075 -4.7 16.55
      vertex 14.1494 -4.7 14.775
    endloop
  endfacet
  facet normal 0 1 0
    outer loop
      vertex 11.075 -4.7 16.55
      vertex 12.025 -4.7 14.6454
      vertex 11.075 -4.7 14.9
    endloop
  endfacet
  facet normal 0 1 0
    outer loop
      vertex 14.1494 -4.7 14.775
      vertex 12.7204 -4.7 13.95
      vertex 12.025 -4.7 14.6454
    endloop
  endfacet
  facet normal 0 1 0
    outer loop
      vertex 14.1494 -4.7 14.775
      vertex 12.975 -4.7 13
      vertex 12.7204 -4.7 13.95
    endloop
  endfacet
  facet normal 0 1 -0
    outer loop
      vertex 14.1494 -4.7 11.225
      vertex 12.975 -4.7 13
      vertex 14.1494 -4.7 14.775
    endloop
  endfacet
  facet normal 0 1 0
    outer loop
      vertex 12.975 -4.7 13
      vertex 14.1494 -4.7 11.225
      vertex 12.7204 -4.7 12.05
    endloop
  endfacet
  facet normal 0 1 0
    outer loop
      vertex 14.1494 -4.7 11.225
      vertex 12.025 -4.7 11.3546
      vertex 12.7204 -4.7 12.05
    endloop
  endfacet
  facet normal 0 1 0
    outer loop
      vertex 11.075 -4.7 9.45
      vertex 12.025 -4.7 11.3546
      vertex 14.1494 -4.7 11.225
    endloop
  endfacet
  facet normal 0 1 0
    outer loop
      vertex 12.025 -4.7 11.3546
      vertex 11.075 -4.7 9.45
      vertex 11.075 -4.7 11.1
    endloop
  endfacet
  facet normal 0 1 0
    outer loop
      vertex 10.125 -4.7 14.6454
      vertex 11.075 -4.7 16.55
      vertex 11.075 -4.7 14.9
    endloop
  endfacet
  facet normal 0 1 0
    outer loop
      vertex 11.075 -4.7 16.55
      vertex 10.125 -4.7 14.6454
      vertex 8.00061 -4.7 14.775
    endloop
  endfacet
  facet normal 0 1 -0
    outer loop
      vertex 9.42955 -4.7 13.95
      vertex 8.00061 -4.7 14.775
      vertex 10.125 -4.7 14.6454
    endloop
  endfacet
  facet normal 0 1 -0
    outer loop
      vertex 9.175 -4.7 13
      vertex 8.00061 -4.7 14.775
      vertex 9.42955 -4.7 13.95
    endloop
  endfacet
  facet normal 0 1 0
    outer loop
      vertex 8.00061 -4.7 11.225
      vertex 9.175 -4.7 13
      vertex 9.42955 -4.7 12.05
    endloop
  endfacet
  facet normal 0 1 0
    outer loop
      vertex 9.175 -4.7 13
      vertex 8.00061 -4.7 11.225
      vertex 8.00061 -4.7 14.775
    endloop
  endfacet
  facet normal 0 1 0
    outer loop
      vertex 10.125 -4.7 11.3546
      vertex 8.00061 -4.7 11.225
      vertex 9.42955 -4.7 12.05
    endloop
  endfacet
  facet normal 0 1 -0
    outer loop
      vertex 11.075 -4.7 9.45
      vertex 10.125 -4.7 11.3546
      vertex 11.075 -4.7 11.1
    endloop
  endfacet
  facet normal 0 1 0
    outer loop
      vertex 10.125 -4.7 11.3546
      vertex 11.075 -4.7 9.45
      vertex 8.00061 -4.7 11.225
    endloop
  endfacet
  facet normal 0.707081 0 -0.707132
    outer loop
      vertex 10.125 -7 14.6454
      vertex 9.42955 -4.7 13.95
      vertex 10.125 -4.7 14.6454
    endloop
  endfacet
  facet normal 0.707081 0 -0.707132
    outer loop
      vertex 9.42955 -4.7 13.95
      vertex 10.125 -7 14.6454
      vertex 9.42955 -7 13.95
    endloop
  endfacet
  facet normal 0.258865 0 -0.965914
    outer loop
      vertex 10.125 -7 14.6454
      vertex 11.075 -4.7 14.9
      vertex 11.075 -7 14.9
    endloop
  endfacet
  facet normal 0.258865 0 -0.965914
    outer loop
      vertex 11.075 -4.7 14.9
      vertex 10.125 -7 14.6454
      vertex 10.125 -4.7 14.6454
    endloop
  endfacet
  facet normal 0.965926 0 -0.258817
    outer loop
      vertex 9.42955 -7 13.95
      vertex 9.175 -4.7 13
      vertex 9.42955 -4.7 13.95
    endloop
  endfacet
  facet normal 0.965926 0 -0.258817
    outer loop
      vertex 9.175 -4.7 13
      vertex 9.42955 -7 13.95
      vertex 9.175 -7 13
    endloop
  endfacet
  facet normal -0.258865 0 0.965914
    outer loop
      vertex 11.075 -4.7 11.1
      vertex 12.025 -7 11.3546
      vertex 12.025 -4.7 11.3546
    endloop
  endfacet
  facet normal -0.258865 0 0.965914
    outer loop
      vertex 12.025 -7 11.3546
      vertex 11.075 -4.7 11.1
      vertex 11.075 -7 11.1
    endloop
  endfacet
  facet normal -0.258865 0 -0.965914
    outer loop
      vertex 11.075 -7 14.9
      vertex 12.025 -4.7 14.6454
      vertex 12.025 -7 14.6454
    endloop
  endfacet
  facet normal -0.258865 0 -0.965914
    outer loop
      vertex 12.025 -4.7 14.6454
      vertex 11.075 -7 14.9
      vertex 11.075 -4.7 14.9
    endloop
  endfacet
  facet normal 0.965926 -0 0.258817
    outer loop
      vertex 9.175 -7 13
      vertex 9.42955 -4.7 12.05
      vertex 9.175 -4.7 13
    endloop
  endfacet
  facet normal 0.965926 0 0.258817
    outer loop
      vertex 9.42955 -4.7 12.05
      vertex 9.175 -7 13
      vertex 9.42955 -7 12.05
    endloop
  endfacet
  facet normal -0.965914 0 -0.258865
    outer loop
      vertex 12.975 -7 13
      vertex 12.7204 -4.7 13.95
      vertex 12.975 -4.7 13
    endloop
  endfacet
  facet normal -0.965914 -0 -0.258865
    outer loop
      vertex 12.7204 -4.7 13.95
      vertex 12.975 -7 13
      vertex 12.7204 -7 13.95
    endloop
  endfacet
  facet normal 0.258865 0 0.965914
    outer loop
      vertex 10.125 -4.7 11.3546
      vertex 11.075 -7 11.1
      vertex 11.075 -4.7 11.1
    endloop
  endfacet
  facet normal 0.258865 0 0.965914
    outer loop
      vertex 11.075 -7 11.1
      vertex 10.125 -4.7 11.3546
      vertex 10.125 -7 11.3546
    endloop
  endfacet
  facet normal 0.707081 -0 0.707132
    outer loop
      vertex 9.42955 -7 12.05
      vertex 10.125 -4.7 11.3546
      vertex 9.42955 -4.7 12.05
    endloop
  endfacet
  facet normal 0.707081 0 0.707132
    outer loop
      vertex 10.125 -4.7 11.3546
      vertex 9.42955 -7 12.05
      vertex 10.125 -7 11.3546
    endloop
  endfacet
  facet normal -0.707107 0 -0.707107
    outer loop
      vertex 12.7204 -7 13.95
      vertex 12.025 -4.7 14.6454
      vertex 12.7204 -4.7 13.95
    endloop
  endfacet
  facet normal -0.707107 -0 -0.707107
    outer loop
      vertex 12.025 -4.7 14.6454
      vertex 12.7204 -7 13.95
      vertex 12.025 -7 14.6454
    endloop
  endfacet
  facet normal -0.965914 0 0.258865
    outer loop
      vertex 12.7204 -7 12.05
      vertex 12.975 -4.7 13
      vertex 12.7204 -4.7 12.05
    endloop
  endfacet
  facet normal -0.965914 0 0.258865
    outer loop
      vertex 12.975 -4.7 13
      vertex 12.7204 -7 12.05
      vertex 12.975 -7 13
    endloop
  endfacet
  facet normal -0.707107 0 0.707107
    outer loop
      vertex 12.025 -7 11.3546
      vertex 12.7204 -4.7 12.05
      vertex 12.025 -4.7 11.3546
    endloop
  endfacet
  facet normal -0.707107 0 0.707107
    outer loop
      vertex 12.7204 -4.7 12.05
      vertex 12.025 -7 11.3546
      vertex 12.7204 -7 12.05
    endloop
  endfacet
  facet normal -1 0 0
    outer loop
      vertex 34.1494 -4.7 11.225
      vertex 34.1494 0 14.775
      vertex 34.1494 0 11.225
    endloop
  endfacet
  facet normal -1 -0 0
    outer loop
      vertex 34.1494 0 14.775
      vertex 34.1494 -4.7 11.225
      vertex 34.1494 -4.7 14.775
    endloop
  endfacet
  facet normal -0.499999 0 -0.866026
    outer loop
      vertex 31.075 -4.7 16.55
      vertex 34.1494 0 14.775
      vertex 34.1494 -4.7 14.775
    endloop
  endfacet
  facet normal -0.499999 0 -0.866026
    outer loop
      vertex 34.1494 0 14.775
      vertex 31.075 -4.7 16.55
      vertex 31.075 0 16.55
    endloop
  endfacet
  facet normal 1 -0 0
    outer loop
      vertex 28.0006 -4.7 14.775
      vertex 28.0006 0 11.225
      vertex 28.0006 0 14.775
    endloop
  endfacet
  facet normal 1 0 0
    outer loop
      vertex 28.0006 0 11.225
      vertex 28.0006 -4.7 14.775
      vertex 28.0006 -4.7 11.225
    endloop
  endfacet
  facet normal 0.499999 0 -0.866026
    outer loop
      vertex 28.0006 -4.7 14.775
      vertex 31.075 0 16.55
      vertex 31.075 -4.7 16.55
    endloop
  endfacet
  facet normal 0.499999 0 -0.866026
    outer loop
      vertex 31.075 0 16.55
      vertex 28.0006 -4.7 14.775
      vertex 28.0006 0 14.775
    endloop
  endfacet
  facet normal 0.499999 0 0.866026
    outer loop
      vertex 28.0006 0 11.225
      vertex 31.075 -4.7 9.45
      vertex 31.075 0 9.45
    endloop
  endfacet
  facet normal 0.499999 0 0.866026
    outer loop
      vertex 31.075 -4.7 9.45
      vertex 28.0006 0 11.225
      vertex 28.0006 -4.7 11.225
    endloop
  endfacet
  facet normal -0.499999 0 0.866026
    outer loop
      vertex 31.075 0 9.45
      vertex 34.1494 -4.7 11.225
      vertex 34.1494 0 11.225
    endloop
  endfacet
  facet normal -0.499999 0 0.866026
    outer loop
      vertex 34.1494 -4.7 11.225
      vertex 31.075 0 9.45
      vertex 31.075 -4.7 9.45
    endloop
  endfacet
  facet normal 0 1 -0
    outer loop
      vertex 32.025 -4.7 14.6454
      vertex 31.075 -4.7 16.55
      vertex 34.1494 -4.7 14.775
    endloop
  endfacet
  facet normal 0 1 0
    outer loop
      vertex 31.075 -4.7 16.55
      vertex 32.025 -4.7 14.6454
      vertex 31.075 -4.7 14.9
    endloop
  endfacet
  facet normal 0 1 0
    outer loop
      vertex 34.1494 -4.7 14.775
      vertex 32.7204 -4.7 13.95
      vertex 32.025 -4.7 14.6454
    endloop
  endfacet
  facet normal 0 1 0
    outer loop
      vertex 34.1494 -4.7 14.775
      vertex 32.975 -4.7 13
      vertex 32.7204 -4.7 13.95
    endloop
  endfacet
  facet normal 0 1 -0
    outer loop
      vertex 34.1494 -4.7 11.225
      vertex 32.975 -4.7 13
      vertex 34.1494 -4.7 14.775
    endloop
  endfacet
  facet normal 0 1 0
    outer loop
      vertex 32.975 -4.7 13
      vertex 34.1494 -4.7 11.225
      vertex 32.7204 -4.7 12.05
    endloop
  endfacet
  facet normal 0 1 0
    outer loop
      vertex 34.1494 -4.7 11.225
      vertex 32.025 -4.7 11.3546
      vertex 32.7204 -4.7 12.05
    endloop
  endfacet
  facet normal 0 1 0
    outer loop
      vertex 31.075 -4.7 9.45
      vertex 32.025 -4.7 11.3546
      vertex 34.1494 -4.7 11.225
    endloop
  endfacet
  facet normal 0 1 0
    outer loop
      vertex 32.025 -4.7 11.3546
      vertex 31.075 -4.7 9.45
      vertex 31.075 -4.7 11.1
    endloop
  endfacet
  facet normal 0 1 0
    outer loop
      vertex 30.125 -4.7 14.6454
      vertex 31.075 -4.7 16.55
      vertex 31.075 -4.7 14.9
    endloop
  endfacet
  facet normal 0 1 0
    outer loop
      vertex 31.075 -4.7 16.55
      vertex 30.125 -4.7 14.6454
      vertex 28.0006 -4.7 14.775
    endloop
  endfacet
  facet normal 0 1 -0
    outer loop
      vertex 29.4296 -4.7 13.95
      vertex 28.0006 -4.7 14.775
      vertex 30.125 -4.7 14.6454
    endloop
  endfacet
  facet normal 0 1 -0
    outer loop
      vertex 29.175 -4.7 13
      vertex 28.0006 -4.7 14.775
      vertex 29.4296 -4.7 13.95
    endloop
  endfacet
  facet normal 0 1 0
    outer loop
      vertex 28.0006 -4.7 11.225
      vertex 29.175 -4.7 13
      vertex 29.4296 -4.7 12.05
    endloop
  endfacet
  facet normal 0 1 0
    outer loop
      vertex 29.175 -4.7 13
      vertex 28.0006 -4.7 11.225
      vertex 28.0006 -4.7 14.775
    endloop
  endfacet
  facet normal 0 1 0
    outer loop
      vertex 30.125 -4.7 11.3546
      vertex 28.0006 -4.7 11.225
      vertex 29.4296 -4.7 12.05
    endloop
  endfacet
  facet normal 0 1 -0
    outer loop
      vertex 31.075 -4.7 9.45
      vertex 30.125 -4.7 11.3546
      vertex 31.075 -4.7 11.1
    endloop
  endfacet
  facet normal 0 1 0
    outer loop
      vertex 30.125 -4.7 11.3546
      vertex 31.075 -4.7 9.45
      vertex 28.0006 -4.7 11.225
    endloop
  endfacet
  facet normal 0.707107 0 -0.707107
    outer loop
      vertex 30.125 -7 14.6454
      vertex 29.4296 -4.7 13.95
      vertex 30.125 -4.7 14.6454
    endloop
  endfacet
  facet normal 0.707107 0 -0.707107
    outer loop
      vertex 29.4296 -4.7 13.95
      vertex 30.125 -7 14.6454
      vertex 29.4296 -7 13.95
    endloop
  endfacet
  facet normal 0.258865 0 -0.965914
    outer loop
      vertex 30.125 -7 14.6454
      vertex 31.075 -4.7 14.9
      vertex 31.075 -7 14.9
    endloop
  endfacet
  facet normal 0.258865 0 -0.965914
    outer loop
      vertex 31.075 -4.7 14.9
      vertex 30.125 -7 14.6454
      vertex 30.125 -4.7 14.6454
    endloop
  endfacet
  facet normal 0.965914 0 -0.258865
    outer loop
      vertex 29.4296 -7 13.95
      vertex 29.175 -4.7 13
      vertex 29.4296 -4.7 13.95
    endloop
  endfacet
  facet normal 0.965914 0 -0.258865
    outer loop
      vertex 29.175 -4.7 13
      vertex 29.4296 -7 13.95
      vertex 29.175 -7 13
    endloop
  endfacet
  facet normal -0.258865 0 0.965914
    outer loop
      vertex 31.075 -4.7 11.1
      vertex 32.025 -7 11.3546
      vertex 32.025 -4.7 11.3546
    endloop
  endfacet
  facet normal -0.258865 0 0.965914
    outer loop
      vertex 32.025 -7 11.3546
      vertex 31.075 -4.7 11.1
      vertex 31.075 -7 11.1
    endloop
  endfacet
  facet normal -0.258865 0 -0.965914
    outer loop
      vertex 31.075 -7 14.9
      vertex 32.025 -4.7 14.6454
      vertex 32.025 -7 14.6454
    endloop
  endfacet
  facet normal -0.258865 0 -0.965914
    outer loop
      vertex 32.025 -4.7 14.6454
      vertex 31.075 -7 14.9
      vertex 31.075 -4.7 14.9
    endloop
  endfacet
  facet normal 0.965914 -0 0.258865
    outer loop
      vertex 29.175 -7 13
      vertex 29.4296 -4.7 12.05
      vertex 29.175 -4.7 13
    endloop
  endfacet
  facet normal 0.965914 0 0.258865
    outer loop
      vertex 29.4296 -4.7 12.05
      vertex 29.175 -7 13
      vertex 29.4296 -7 12.05
    endloop
  endfacet
  facet normal -0.965914 0 -0.258865
    outer loop
      vertex 32.975 -7 13
      vertex 32.7204 -4.7 13.95
      vertex 32.975 -4.7 13
    endloop
  endfacet
  facet normal -0.965914 -0 -0.258865
    outer loop
      vertex 32.7204 -4.7 13.95
      vertex 32.975 -7 13
      vertex 32.7204 -7 13.95
    endloop
  endfacet
  facet normal 0.258865 0 0.965914
    outer loop
      vertex 30.125 -4.7 11.3546
      vertex 31.075 -7 11.1
      vertex 31.075 -4.7 11.1
    endloop
  endfacet
  facet normal 0.258865 0 0.965914
    outer loop
      vertex 31.075 -7 11.1
      vertex 30.125 -4.7 11.3546
      vertex 30.125 -7 11.3546
    endloop
  endfacet
  facet normal 0.707107 -0 0.707107
    outer loop
      vertex 29.4296 -7 12.05
      vertex 30.125 -4.7 11.3546
      vertex 29.4296 -4.7 12.05
    endloop
  endfacet
  facet normal 0.707107 0 0.707107
    outer loop
      vertex 30.125 -4.7 11.3546
      vertex 29.4296 -7 12.05
      vertex 30.125 -7 11.3546
    endloop
  endfacet
  facet normal -0.707107 0 -0.707107
    outer loop
      vertex 32.7204 -7 13.95
      vertex 32.025 -4.7 14.6454
      vertex 32.7204 -4.7 13.95
    endloop
  endfacet
  facet normal -0.707107 -0 -0.707107
    outer loop
      vertex 32.025 -4.7 14.6454
      vertex 32.7204 -7 13.95
      vertex 32.025 -7 14.6454
    endloop
  endfacet
  facet normal -0.965914 0 0.258865
    outer loop
      vertex 32.7204 -7 12.05
      vertex 32.975 -4.7 13
      vertex 32.7204 -4.7 12.05
    endloop
  endfacet
  facet normal -0.965914 0 0.258865
    outer loop
      vertex 32.975 -4.7 13
      vertex 32.7204 -7 12.05
      vertex 32.975 -7 13
    endloop
  endfacet
  facet normal -0.707107 0 0.707107
    outer loop
      vertex 32.025 -7 11.3546
      vertex 32.7204 -4.7 12.05
      vertex 32.025 -4.7 11.3546
    endloop
  endfacet
  facet normal -0.707107 0 0.707107
    outer loop
      vertex 32.7204 -4.7 12.05
      vertex 32.025 -7 11.3546
      vertex 32.7204 -7 12.05
    endloop
  endfacet
  facet normal 1 -0 0
    outer loop
      vertex 12.0006 41.75 14.775
      vertex 12.0006 46.45 11.225
      vertex 12.0006 46.45 14.775
    endloop
  endfacet
  facet normal 1 0 0
    outer loop
      vertex 12.0006 46.45 11.225
      vertex 12.0006 41.75 14.775
      vertex 12.0006 41.75 11.225
    endloop
  endfacet
  facet normal 0.499999 0 0.866026
    outer loop
      vertex 12.0006 46.45 11.225
      vertex 15.075 41.75 9.45
      vertex 15.075 46.45 9.45
    endloop
  endfacet
  facet normal 0.499999 0 0.866026
    outer loop
      vertex 15.075 41.75 9.45
      vertex 12.0006 46.45 11.225
      vertex 12.0006 41.75 11.225
    endloop
  endfacet
  facet normal -1 0 0
    outer loop
      vertex 18.1494 41.75 11.225
      vertex 18.1494 46.45 14.775
      vertex 18.1494 46.45 11.225
    endloop
  endfacet
  facet normal -1 -0 0
    outer loop
      vertex 18.1494 46.45 14.775
      vertex 18.1494 41.75 11.225
      vertex 18.1494 41.75 14.775
    endloop
  endfacet
  facet normal -0.499999 0 0.866026
    outer loop
      vertex 15.075 46.45 9.45
      vertex 18.1494 41.75 11.225
      vertex 18.1494 46.45 11.225
    endloop
  endfacet
  facet normal -0.499999 0 0.866026
    outer loop
      vertex 18.1494 41.75 11.225
      vertex 15.075 46.45 9.45
      vertex 15.075 41.75 9.45
    endloop
  endfacet
  facet normal -0.499999 0 -0.866026
    outer loop
      vertex 15.075 41.75 16.55
      vertex 18.1494 46.45 14.775
      vertex 18.1494 41.75 14.775
    endloop
  endfacet
  facet normal -0.499999 0 -0.866026
    outer loop
      vertex 18.1494 46.45 14.775
      vertex 15.075 41.75 16.55
      vertex 15.075 46.45 16.55
    endloop
  endfacet
  facet normal 0.499999 0 -0.866026
    outer loop
      vertex 12.0006 41.75 14.775
      vertex 15.075 46.45 16.55
      vertex 15.075 41.75 16.55
    endloop
  endfacet
  facet normal 0.499999 0 -0.866026
    outer loop
      vertex 15.075 46.45 16.55
      vertex 12.0006 41.75 14.775
      vertex 12.0006 46.45 14.775
    endloop
  endfacet
  facet normal 0 -1 0
    outer loop
      vertex 14.125 46.45 14.6454
      vertex 15.075 46.45 16.55
      vertex 12.0006 46.45 14.775
    endloop
  endfacet
  facet normal 0 -1 -0
    outer loop
      vertex 15.075 46.45 16.55
      vertex 14.125 46.45 14.6454
      vertex 15.075 46.45 14.9
    endloop
  endfacet
  facet normal 0 -1 0
    outer loop
      vertex 12.0006 46.45 14.775
      vertex 13.4296 46.45 13.95
      vertex 14.125 46.45 14.6454
    endloop
  endfacet
  facet normal 0 -1 0
    outer loop
      vertex 12.0006 46.45 14.775
      vertex 13.175 46.45 13
      vertex 13.4296 46.45 13.95
    endloop
  endfacet
  facet normal 0 -1 0
    outer loop
      vertex 12.0006 46.45 11.225
      vertex 13.175 46.45 13
      vertex 12.0006 46.45 14.775
    endloop
  endfacet
  facet normal 0 -1 -0
    outer loop
      vertex 13.175 46.45 13
      vertex 12.0006 46.45 11.225
      vertex 13.4296 46.45 12.05
    endloop
  endfacet
  facet normal 0 -1 0
    outer loop
      vertex 12.0006 46.45 11.225
      vertex 14.125 46.45 11.3546
      vertex 13.4296 46.45 12.05
    endloop
  endfacet
  facet normal 0 -1 0
    outer loop
      vertex 15.075 46.45 9.45
      vertex 14.125 46.45 11.3546
      vertex 12.0006 46.45 11.225
    endloop
  endfacet
  facet normal 0 -1 0
    outer loop
      vertex 14.125 46.45 11.3546
      vertex 15.075 46.45 9.45
      vertex 15.075 46.45 11.1
    endloop
  endfacet
  facet normal 0 -1 0
    outer loop
      vertex 16.025 46.45 14.6454
      vertex 15.075 46.45 16.55
      vertex 15.075 46.45 14.9
    endloop
  endfacet
  facet normal 0 -1 0
    outer loop
      vertex 15.075 46.45 16.55
      vertex 16.025 46.45 14.6454
      vertex 18.1494 46.45 14.775
    endloop
  endfacet
  facet normal 0 -1 0
    outer loop
      vertex 16.7204 46.45 13.95
      vertex 18.1494 46.45 14.775
      vertex 16.025 46.45 14.6454
    endloop
  endfacet
  facet normal 0 -1 0
    outer loop
      vertex 16.975 46.45 13
      vertex 18.1494 46.45 14.775
      vertex 16.7204 46.45 13.95
    endloop
  endfacet
  facet normal 0 -1 0
    outer loop
      vertex 18.1494 46.45 11.225
      vertex 16.975 46.45 13
      vertex 16.7204 46.45 12.05
    endloop
  endfacet
  facet normal 0 -1 0
    outer loop
      vertex 16.975 46.45 13
      vertex 18.1494 46.45 11.225
      vertex 18.1494 46.45 14.775
    endloop
  endfacet
  facet normal 0 -1 0
    outer loop
      vertex 16.025 46.45 11.3546
      vertex 18.1494 46.45 11.225
      vertex 16.7204 46.45 12.05
    endloop
  endfacet
  facet normal 0 -1 0
    outer loop
      vertex 15.075 46.45 9.45
      vertex 16.025 46.45 11.3546
      vertex 15.075 46.45 11.1
    endloop
  endfacet
  facet normal 0 -1 -0
    outer loop
      vertex 16.025 46.45 11.3546
      vertex 15.075 46.45 9.45
      vertex 18.1494 46.45 11.225
    endloop
  endfacet
  facet normal -0.707107 0 0.707107
    outer loop
      vertex 16.025 46.45 11.3546
      vertex 16.7204 49.15 12.05
      vertex 16.025 49.15 11.3546
    endloop
  endfacet
  facet normal -0.707107 0 0.707107
    outer loop
      vertex 16.7204 49.15 12.05
      vertex 16.025 46.45 11.3546
      vertex 16.7204 46.45 12.05
    endloop
  endfacet
  facet normal -0.258865 0 0.965914
    outer loop
      vertex 15.075 49.15 11.1
      vertex 16.025 46.45 11.3546
      vertex 16.025 49.15 11.3546
    endloop
  endfacet
  facet normal -0.258865 0 0.965914
    outer loop
      vertex 16.025 46.45 11.3546
      vertex 15.075 49.15 11.1
      vertex 15.075 46.45 11.1
    endloop
  endfacet
  facet normal -0.965914 0 0.258865
    outer loop
      vertex 16.7204 46.45 12.05
      vertex 16.975 49.15 13
      vertex 16.7204 49.15 12.05
    endloop
  endfacet
  facet normal -0.965914 0 0.258865
    outer loop
      vertex 16.975 49.15 13
      vertex 16.7204 46.45 12.05
      vertex 16.975 46.45 13
    endloop
  endfacet
  facet normal 0.258865 0 -0.965914
    outer loop
      vertex 14.125 46.45 14.6454
      vertex 15.075 49.15 14.9
      vertex 15.075 46.45 14.9
    endloop
  endfacet
  facet normal 0.258865 0 -0.965914
    outer loop
      vertex 15.075 49.15 14.9
      vertex 14.125 46.45 14.6454
      vertex 14.125 49.15 14.6454
    endloop
  endfacet
  facet normal 0.258865 0 0.965914
    outer loop
      vertex 14.125 49.15 11.3546
      vertex 15.075 46.45 11.1
      vertex 15.075 49.15 11.1
    endloop
  endfacet
  facet normal 0.258865 0 0.965914
    outer loop
      vertex 15.075 46.45 11.1
      vertex 14.125 49.15 11.3546
      vertex 14.125 46.45 11.3546
    endloop
  endfacet
  facet normal -0.965914 0 -0.258865
    outer loop
      vertex 16.975 46.45 13
      vertex 16.7204 49.15 13.95
      vertex 16.975 49.15 13
    endloop
  endfacet
  facet normal -0.965914 -0 -0.258865
    outer loop
      vertex 16.7204 49.15 13.95
      vertex 16.975 46.45 13
      vertex 16.7204 46.45 13.95
    endloop
  endfacet
  facet normal 0.965914 -0 0.258865
    outer loop
      vertex 13.175 46.45 13
      vertex 13.4296 49.15 12.05
      vertex 13.175 49.15 13
    endloop
  endfacet
  facet normal 0.965914 0 0.258865
    outer loop
      vertex 13.4296 49.15 12.05
      vertex 13.175 46.45 13
      vertex 13.4296 46.45 12.05
    endloop
  endfacet
  facet normal -0.707107 0 -0.707107
    outer loop
      vertex 16.7204 46.45 13.95
      vertex 16.025 49.15 14.6454
      vertex 16.7204 49.15 13.95
    endloop
  endfacet
  facet normal -0.707107 -0 -0.707107
    outer loop
      vertex 16.025 49.15 14.6454
      vertex 16.7204 46.45 13.95
      vertex 16.025 46.45 14.6454
    endloop
  endfacet
  facet normal 0.707107 -0 0.707107
    outer loop
      vertex 13.4296 46.45 12.05
      vertex 14.125 49.15 11.3546
      vertex 13.4296 49.15 12.05
    endloop
  endfacet
  facet normal 0.707107 0 0.707107
    outer loop
      vertex 14.125 49.15 11.3546
      vertex 13.4296 46.45 12.05
      vertex 14.125 46.45 11.3546
    endloop
  endfacet
  facet normal 0.965914 0 -0.258865
    outer loop
      vertex 13.4296 46.45 13.95
      vertex 13.175 49.15 13
      vertex 13.4296 49.15 13.95
    endloop
  endfacet
  facet normal 0.965914 0 -0.258865
    outer loop
      vertex 13.175 49.15 13
      vertex 13.4296 46.45 13.95
      vertex 13.175 46.45 13
    endloop
  endfacet
  facet normal 0.707107 0 -0.707107
    outer loop
      vertex 14.125 46.45 14.6454
      vertex 13.4296 49.15 13.95
      vertex 14.125 49.15 14.6454
    endloop
  endfacet
  facet normal 0.707107 0 -0.707107
    outer loop
      vertex 13.4296 49.15 13.95
      vertex 14.125 46.45 14.6454
      vertex 13.4296 46.45 13.95
    endloop
  endfacet
  facet normal -0.258865 0 -0.965914
    outer loop
      vertex 15.075 46.45 14.9
      vertex 16.025 49.15 14.6454
      vertex 16.025 46.45 14.6454
    endloop
  endfacet
  facet normal -0.258865 0 -0.965914
    outer loop
      vertex 16.025 49.15 14.6454
      vertex 15.075 46.45 14.9
      vertex 15.075 49.15 14.9
    endloop
  endfacet
  facet normal 1 -0 0
    outer loop
      vertex 24.0006 41.75 14.775
      vertex 24.0006 46.45 11.225
      vertex 24.0006 46.45 14.775
    endloop
  endfacet
  facet normal 1 0 0
    outer loop
      vertex 24.0006 46.45 11.225
      vertex 24.0006 41.75 14.775
      vertex 24.0006 41.75 11.225
    endloop
  endfacet
  facet normal 0.499999 0 0.866026
    outer loop
      vertex 24.0006 46.45 11.225
      vertex 27.075 41.75 9.45
      vertex 27.075 46.45 9.45
    endloop
  endfacet
  facet normal 0.499999 0 0.866026
    outer loop
      vertex 27.075 41.75 9.45
      vertex 24.0006 46.45 11.225
      vertex 24.0006 41.75 11.225
    endloop
  endfacet
  facet normal -1 0 0
    outer loop
      vertex 30.1494 41.75 11.225
      vertex 30.1494 46.45 14.775
      vertex 30.1494 46.45 11.225
    endloop
  endfacet
  facet normal -1 -0 0
    outer loop
      vertex 30.1494 46.45 14.775
      vertex 30.1494 41.75 11.225
      vertex 30.1494 41.75 14.775
    endloop
  endfacet
  facet normal -0.499999 0 0.866026
    outer loop
      vertex 27.075 46.45 9.45
      vertex 30.1494 41.75 11.225
      vertex 30.1494 46.45 11.225
    endloop
  endfacet
  facet normal -0.499999 0 0.866026
    outer loop
      vertex 30.1494 41.75 11.225
      vertex 27.075 46.45 9.45
      vertex 27.075 41.75 9.45
    endloop
  endfacet
  facet normal -0.499999 0 -0.866026
    outer loop
      vertex 27.075 41.75 16.55
      vertex 30.1494 46.45 14.775
      vertex 30.1494 41.75 14.775
    endloop
  endfacet
  facet normal -0.499999 0 -0.866026
    outer loop
      vertex 30.1494 46.45 14.775
      vertex 27.075 41.75 16.55
      vertex 27.075 46.45 16.55
    endloop
  endfacet
  facet normal 0.499999 0 -0.866026
    outer loop
      vertex 24.0006 41.75 14.775
      vertex 27.075 46.45 16.55
      vertex 27.075 41.75 16.55
    endloop
  endfacet
  facet normal 0.499999 0 -0.866026
    outer loop
      vertex 27.075 46.45 16.55
      vertex 24.0006 41.75 14.775
      vertex 24.0006 46.45 14.775
    endloop
  endfacet
  facet normal 0 -1 0
    outer loop
      vertex 26.125 46.45 14.6454
      vertex 27.075 46.45 16.55
      vertex 24.0006 46.45 14.775
    endloop
  endfacet
  facet normal 0 -1 -0
    outer loop
      vertex 27.075 46.45 16.55
      vertex 26.125 46.45 14.6454
      vertex 27.075 46.45 14.9
    endloop
  endfacet
  facet normal 0 -1 0
    outer loop
      vertex 24.0006 46.45 14.775
      vertex 25.4296 46.45 13.95
      vertex 26.125 46.45 14.6454
    endloop
  endfacet
  facet normal 0 -1 0
    outer loop
      vertex 24.0006 46.45 14.775
      vertex 25.175 46.45 13
      vertex 25.4296 46.45 13.95
    endloop
  endfacet
  facet normal 0 -1 0
    outer loop
      vertex 24.0006 46.45 11.225
      vertex 25.175 46.45 13
      vertex 24.0006 46.45 14.775
    endloop
  endfacet
  facet normal 0 -1 -0
    outer loop
      vertex 25.175 46.45 13
      vertex 24.0006 46.45 11.225
      vertex 25.4296 46.45 12.05
    endloop
  endfacet
  facet normal 0 -1 0
    outer loop
      vertex 24.0006 46.45 11.225
      vertex 26.125 46.45 11.3546
      vertex 25.4296 46.45 12.05
    endloop
  endfacet
  facet normal 0 -1 0
    outer loop
      vertex 27.075 46.45 9.45
      vertex 26.125 46.45 11.3546
      vertex 24.0006 46.45 11.225
    endloop
  endfacet
  facet normal 0 -1 0
    outer loop
      vertex 26.125 46.45 11.3546
      vertex 27.075 46.45 9.45
      vertex 27.075 46.45 11.1
    endloop
  endfacet
  facet normal 0 -1 0
    outer loop
      vertex 28.025 46.45 14.6454
      vertex 27.075 46.45 16.55
      vertex 27.075 46.45 14.9
    endloop
  endfacet
  facet normal 0 -1 0
    outer loop
      vertex 27.075 46.45 16.55
      vertex 28.025 46.45 14.6454
      vertex 30.1494 46.45 14.775
    endloop
  endfacet
  facet normal 0 -1 0
    outer loop
      vertex 28.7204 46.45 13.95
      vertex 30.1494 46.45 14.775
      vertex 28.025 46.45 14.6454
    endloop
  endfacet
  facet normal 0 -1 0
    outer loop
      vertex 28.975 46.45 13
      vertex 30.1494 46.45 14.775
      vertex 28.7204 46.45 13.95
    endloop
  endfacet
  facet normal 0 -1 0
    outer loop
      vertex 30.1494 46.45 11.225
      vertex 28.975 46.45 13
      vertex 28.7204 46.45 12.05
    endloop
  endfacet
  facet normal 0 -1 0
    outer loop
      vertex 28.975 46.45 13
      vertex 30.1494 46.45 11.225
      vertex 30.1494 46.45 14.775
    endloop
  endfacet
  facet normal 0 -1 0
    outer loop
      vertex 28.025 46.45 11.3546
      vertex 30.1494 46.45 11.225
      vertex 28.7204 46.45 12.05
    endloop
  endfacet
  facet normal 0 -1 0
    outer loop
      vertex 27.075 46.45 9.45
      vertex 28.025 46.45 11.3546
      vertex 27.075 46.45 11.1
    endloop
  endfacet
  facet normal 0 -1 -0
    outer loop
      vertex 28.025 46.45 11.3546
      vertex 27.075 46.45 9.45
      vertex 30.1494 46.45 11.225
    endloop
  endfacet
  facet normal -0.707107 0 0.707107
    outer loop
      vertex 28.025 46.45 11.3546
      vertex 28.7204 49.15 12.05
      vertex 28.025 49.15 11.3546
    endloop
  endfacet
  facet normal -0.707107 0 0.707107
    outer loop
      vertex 28.7204 49.15 12.05
      vertex 28.025 46.45 11.3546
      vertex 28.7204 46.45 12.05
    endloop
  endfacet
  facet normal -0.258865 0 0.965914
    outer loop
      vertex 27.075 49.15 11.1
      vertex 28.025 46.45 11.3546
      vertex 28.025 49.15 11.3546
    endloop
  endfacet
  facet normal -0.258865 0 0.965914
    outer loop
      vertex 28.025 46.45 11.3546
      vertex 27.075 49.15 11.1
      vertex 27.075 46.45 11.1
    endloop
  endfacet
  facet normal -0.965914 0 0.258865
    outer loop
      vertex 28.7204 46.45 12.05
      vertex 28.975 49.15 13
      vertex 28.7204 49.15 12.05
    endloop
  endfacet
  facet normal -0.965914 0 0.258865
    outer loop
      vertex 28.975 49.15 13
      vertex 28.7204 46.45 12.05
      vertex 28.975 46.45 13
    endloop
  endfacet
  facet normal 0.258865 0 -0.965914
    outer loop
      vertex 26.125 46.45 14.6454
      vertex 27.075 49.15 14.9
      vertex 27.075 46.45 14.9
    endloop
  endfacet
  facet normal 0.258865 0 -0.965914
    outer loop
      vertex 27.075 49.15 14.9
      vertex 26.125 46.45 14.6454
      vertex 26.125 49.15 14.6454
    endloop
  endfacet
  facet normal 0.258865 0 0.965914
    outer loop
      vertex 26.125 49.15 11.3546
      vertex 27.075 46.45 11.1
      vertex 27.075 49.15 11.1
    endloop
  endfacet
  facet normal 0.258865 0 0.965914
    outer loop
      vertex 27.075 46.45 11.1
      vertex 26.125 49.15 11.3546
      vertex 26.125 46.45 11.3546
    endloop
  endfacet
  facet normal -0.965914 0 -0.258865
    outer loop
      vertex 28.975 46.45 13
      vertex 28.7204 49.15 13.95
      vertex 28.975 49.15 13
    endloop
  endfacet
  facet normal -0.965914 -0 -0.258865
    outer loop
      vertex 28.7204 49.15 13.95
      vertex 28.975 46.45 13
      vertex 28.7204 46.45 13.95
    endloop
  endfacet
  facet normal 0.965914 -0 0.258865
    outer loop
      vertex 25.175 46.45 13
      vertex 25.4296 49.15 12.05
      vertex 25.175 49.15 13
    endloop
  endfacet
  facet normal 0.965914 0 0.258865
    outer loop
      vertex 25.4296 49.15 12.05
      vertex 25.175 46.45 13
      vertex 25.4296 46.45 12.05
    endloop
  endfacet
  facet normal -0.707107 0 -0.707107
    outer loop
      vertex 28.7204 46.45 13.95
      vertex 28.025 49.15 14.6454
      vertex 28.7204 49.15 13.95
    endloop
  endfacet
  facet normal -0.707107 -0 -0.707107
    outer loop
      vertex 28.025 49.15 14.6454
      vertex 28.7204 46.45 13.95
      vertex 28.025 46.45 14.6454
    endloop
  endfacet
  facet normal 0.707107 -0 0.707107
    outer loop
      vertex 25.4296 46.45 12.05
      vertex 26.125 49.15 11.3546
      vertex 25.4296 49.15 12.05
    endloop
  endfacet
  facet normal 0.707107 0 0.707107
    outer loop
      vertex 26.125 49.15 11.3546
      vertex 25.4296 46.45 12.05
      vertex 26.125 46.45 11.3546
    endloop
  endfacet
  facet normal 0.965914 0 -0.258865
    outer loop
      vertex 25.4296 46.45 13.95
      vertex 25.175 49.15 13
      vertex 25.4296 49.15 13.95
    endloop
  endfacet
  facet normal 0.965914 0 -0.258865
    outer loop
      vertex 25.175 49.15 13
      vertex 25.4296 46.45 13.95
      vertex 25.175 46.45 13
    endloop
  endfacet
  facet normal 0.707107 0 -0.707107
    outer loop
      vertex 26.125 46.45 14.6454
      vertex 25.4296 49.15 13.95
      vertex 26.125 49.15 14.6454
    endloop
  endfacet
  facet normal 0.707107 0 -0.707107
    outer loop
      vertex 25.4296 49.15 13.95
      vertex 26.125 46.45 14.6454
      vertex 25.4296 46.45 13.95
    endloop
  endfacet
  facet normal -0.258865 0 -0.965914
    outer loop
      vertex 27.075 46.45 14.9
      vertex 28.025 49.15 14.6454
      vertex 28.025 46.45 14.6454
    endloop
  endfacet
  facet normal -0.258865 0 -0.965914
    outer loop
      vertex 28.025 49.15 14.6454
      vertex 27.075 46.45 14.9
      vertex 27.075 49.15 14.9
    endloop
  endfacet
  facet normal -0.707107 -0.707107 0
    outer loop
      vertex -5.05786 -7 0
      vertex -7 -5.05786 26
      vertex -7 -5.05786 0
    endloop
  endfacet
  facet normal -0.707107 -0.707107 0
    outer loop
      vertex -7 -5.05786 26
      vertex -5.05786 -7 0
      vertex -5.05786 -7 26
    endloop
  endfacet
  facet normal 0.707107 -0.707107 0
    outer loop
      vertex 47.15 -7 26
      vertex 49.15 -5 0
      vertex 49.15 -5 26
    endloop
  endfacet
  facet normal 0.707107 -0.707107 0
    outer loop
      vertex 49.15 -5 0
      vertex 47.15 -7 26
      vertex 47.15 -7 0
    endloop
  endfacet
  facet normal 0.707107 0.707107 0
    outer loop
      vertex 49.15 57.1079 26
      vertex 47.1079 59.15 0
      vertex 47.1079 59.15 26
    endloop
  endfacet
  facet normal 0.707107 0.707107 0
    outer loop
      vertex 47.1079 59.15 0
      vertex 49.15 57.1079 26
      vertex 49.15 57.1079 0
    endloop
  endfacet
  facet normal -0.707107 0.707107 0
    outer loop
      vertex -7 57.15 0
      vertex -5 59.15 26
      vertex -5 59.15 0
    endloop
  endfacet
  facet normal -0.707107 0.707107 0
    outer loop
      vertex -5 59.15 26
      vertex -7 57.15 0
      vertex -7 57.15 26
    endloop
  endfacet
  facet normal -1 0 0
    outer loop
      vertex 42.15 59.15 0
      vertex 42.15 55.15 12.8
      vertex 42.15 59.15 26
    endloop
  endfacet
  facet normal -1 0 0
    outer loop
      vertex 42.15 59.15 0
      vertex 42.15 54.9597 11.8433
      vertex 42.15 55.15 12.8
    endloop
  endfacet
  facet normal -1 0 0
    outer loop
      vertex 42.15 59.15 0
      vertex 42.15 54.4178 11.0322
      vertex 42.15 54.9597 11.8433
    endloop
  endfacet
  facet normal -1 0 0
    outer loop
      vertex 42.15 59.15 0
      vertex 42.15 53.6067 10.4903
      vertex 42.15 54.4178 11.0322
    endloop
  endfacet
  facet normal -1 0 0
    outer loop
      vertex 42.15 59.15 0
      vertex 42.15 52.65 10.3
      vertex 42.15 53.6067 10.4903
    endloop
  endfacet
  facet normal -1 0 0
    outer loop
      vertex 42.15 59.15 0
      vertex 42.15 51.6933 10.4903
      vertex 42.15 52.65 10.3
    endloop
  endfacet
  facet normal -1 0 0
    outer loop
      vertex 42.15 34.1494 11.225
      vertex 42.15 51.6933 10.4903
      vertex 42.15 59.15 0
    endloop
  endfacet
  facet normal -1 -0 0
    outer loop
      vertex 42.15 50.3403 11.8433
      vertex 42.15 34.1494 11.225
      vertex 42.15 50.15 12.8
    endloop
  endfacet
  facet normal -1 0 0
    outer loop
      vertex 42.15 50.8822 11.0322
      vertex 42.15 34.1494 11.225
      vertex 42.15 50.3403 11.8433
    endloop
  endfacet
  facet normal -1 0 0
    outer loop
      vertex 42.15 51.6933 10.4903
      vertex 42.15 34.1494 11.225
      vertex 42.15 50.8822 11.0322
    endloop
  endfacet
  facet normal -1 0 0
    outer loop
      vertex 42.15 59.15 0
      vertex 42.15 31.075 9.45
      vertex 42.15 34.1494 11.225
    endloop
  endfacet
  facet normal -1 0 0
    outer loop
      vertex 42.15 28.0006 11.225
      vertex 42.15 14.1494 11.225
      vertex 42.15 28.0006 14.775
    endloop
  endfacet
  facet normal -1 0 0
    outer loop
      vertex 42.15 4.9 0
      vertex 42.15 28.0006 11.225
      vertex 42.15 31.075 9.45
    endloop
  endfacet
  facet normal -1 0 0
    outer loop
      vertex 42.15 4.9 0
      vertex 42.15 31.075 9.45
      vertex 42.15 59.15 0
    endloop
  endfacet
  facet normal -1 -0 0
    outer loop
      vertex 42.15 28.0006 11.225
      vertex 42.15 4.9 0
      vertex 42.15 14.1494 11.225
    endloop
  endfacet
  facet normal -1 -0 0
    outer loop
      vertex 42.15 8.00061 11.225
      vertex 42.15 4.9 0
      vertex 42.15 8.00061 14.775
    endloop
  endfacet
  facet normal -1 -0 0
    outer loop
      vertex 42.15 11.075 9.45
      vertex 42.15 4.9 0
      vertex 42.15 8.00061 11.225
    endloop
  endfacet
  facet normal -1 0 0
    outer loop
      vertex 42.15 14.1494 11.225
      vertex 42.15 4.9 0
      vertex 42.15 11.075 9.45
    endloop
  endfacet
  facet normal -1 0 0
    outer loop
      vertex 42.15 54.9597 13.7567
      vertex 42.15 59.15 26
      vertex 42.15 55.15 12.8
    endloop
  endfacet
  facet normal -1 0 0
    outer loop
      vertex 42.15 54.4178 14.5678
      vertex 42.15 59.15 26
      vertex 42.15 54.9597 13.7567
    endloop
  endfacet
  facet normal -1 0 0
    outer loop
      vertex 42.15 53.6067 15.1097
      vertex 42.15 59.15 26
      vertex 42.15 54.4178 14.5678
    endloop
  endfacet
  facet normal -1 0 0
    outer loop
      vertex 42.15 52.65 15.3
      vertex 42.15 59.15 26
      vertex 42.15 53.6067 15.1097
    endloop
  endfacet
  facet normal -1 0 0
    outer loop
      vertex 42.15 51.6933 15.1097
      vertex 42.15 59.15 26
      vertex 42.15 52.65 15.3
    endloop
  endfacet
  facet normal -1 0 0
    outer loop
      vertex 42.15 34.1494 14.775
      vertex 42.15 51.6933 15.1097
      vertex 42.15 50.8822 14.5678
    endloop
  endfacet
  facet normal -1 0 0
    outer loop
      vertex 42.15 34.1494 14.775
      vertex 42.15 50.15 12.8
      vertex 42.15 34.1494 11.225
    endloop
  endfacet
  facet normal -1 0 0
    outer loop
      vertex 42.15 50.15 12.8
      vertex 42.15 34.1494 14.775
      vertex 42.15 50.3403 13.7567
    endloop
  endfacet
  facet normal -1 0 0
    outer loop
      vertex 42.15 50.3403 13.7567
      vertex 42.15 34.1494 14.775
      vertex 42.15 50.8822 14.5678
    endloop
  endfacet
  facet normal -1 -0 0
    outer loop
      vertex 42.15 51.6933 15.1097
      vertex 42.15 34.1494 14.775
      vertex 42.15 59.15 26
    endloop
  endfacet
  facet normal -1 0 0
    outer loop
      vertex 42.15 31.075 16.55
      vertex 42.15 59.15 26
      vertex 42.15 34.1494 14.775
    endloop
  endfacet
  facet normal -1 0 0
    outer loop
      vertex 42.15 14.1494 14.775
      vertex 42.15 28.0006 14.775
      vertex 42.15 14.1494 11.225
    endloop
  endfacet
  facet normal -1 0 0
    outer loop
      vertex 42.15 4.9 26
      vertex 42.15 28.0006 14.775
      vertex 42.15 14.1494 14.775
    endloop
  endfacet
  facet normal -1 0 0
    outer loop
      vertex 42.15 28.0006 14.775
      vertex 42.15 4.9 26
      vertex 42.15 31.075 16.55
    endloop
  endfacet
  facet normal -1 0 0
    outer loop
      vertex 42.15 4.9 26
      vertex 42.15 14.1494 14.775
      vertex 42.15 11.075 16.55
    endloop
  endfacet
  facet normal -1 0 0
    outer loop
      vertex 42.15 31.075 16.55
      vertex 42.15 4.9 26
      vertex 42.15 59.15 26
    endloop
  endfacet
  facet normal -1 0 0
    outer loop
      vertex 42.15 8.00061 14.775
      vertex 42.15 4.9 26
      vertex 42.15 11.075 16.55
    endloop
  endfacet
  facet normal -1 0 0
    outer loop
      vertex 42.15 4.9 26
      vertex 42.15 8.00061 14.775
      vertex 42.15 4.9 0
    endloop
  endfacet
  facet normal 1 0 0
    outer loop
      vertex 0 59.15 26
      vertex 0 55.15 12.8
      vertex 0 59.15 0
    endloop
  endfacet
  facet normal 1 0 0
    outer loop
      vertex 0 59.15 26
      vertex 0 54.9597 13.7567
      vertex 0 55.15 12.8
    endloop
  endfacet
  facet normal 1 0 0
    outer loop
      vertex 0 59.15 26
      vertex 0 54.4178 14.5678
      vertex 0 54.9597 13.7567
    endloop
  endfacet
  facet normal 1 0 0
    outer loop
      vertex 0 59.15 26
      vertex 0 53.6067 15.1097
      vertex 0 54.4178 14.5678
    endloop
  endfacet
  facet normal 1 0 0
    outer loop
      vertex 0 59.15 26
      vertex 0 52.65 15.3
      vertex 0 53.6067 15.1097
    endloop
  endfacet
  facet normal 1 0 0
    outer loop
      vertex 0 59.15 26
      vertex 0 51.6933 15.1097
      vertex 0 52.65 15.3
    endloop
  endfacet
  facet normal 1 0 0
    outer loop
      vertex 0 34.1494 14.775
      vertex 0 51.6933 15.1097
      vertex 0 59.15 26
    endloop
  endfacet
  facet normal 1 0 0
    outer loop
      vertex 0 50.3403 13.7567
      vertex 0 34.1494 14.775
      vertex 0 50.15 12.8
    endloop
  endfacet
  facet normal 1 0 0
    outer loop
      vertex 0 50.8822 14.5678
      vertex 0 34.1494 14.775
      vertex 0 50.3403 13.7567
    endloop
  endfacet
  facet normal 1 0 0
    outer loop
      vertex 0 51.6933 15.1097
      vertex 0 34.1494 14.775
      vertex 0 50.8822 14.5678
    endloop
  endfacet
  facet normal 1 0 0
    outer loop
      vertex 0 59.15 26
      vertex 0 31.075 16.55
      vertex 0 34.1494 14.775
    endloop
  endfacet
  facet normal 1 0 0
    outer loop
      vertex 0 28.0006 14.775
      vertex 0 14.1494 14.775
      vertex 0 28.0006 11.225
    endloop
  endfacet
  facet normal 1 0 0
    outer loop
      vertex 0 4.9 26
      vertex 0 28.0006 14.775
      vertex 0 31.075 16.55
    endloop
  endfacet
  facet normal 1 -0 0
    outer loop
      vertex 0 4.9 26
      vertex 0 31.075 16.55
      vertex 0 59.15 26
    endloop
  endfacet
  facet normal 1 0 0
    outer loop
      vertex 0 28.0006 14.775
      vertex 0 4.9 26
      vertex 0 14.1494 14.775
    endloop
  endfacet
  facet normal 1 0 0
    outer loop
      vertex 0 8.00061 14.775
      vertex 0 4.9 26
      vertex 0 8.00061 11.225
    endloop
  endfacet
  facet normal 1 0 0
    outer loop
      vertex 0 11.075 16.55
      vertex 0 4.9 26
      vertex 0 8.00061 14.775
    endloop
  endfacet
  facet normal 1 0 0
    outer loop
      vertex 0 14.1494 14.775
      vertex 0 4.9 26
      vertex 0 11.075 16.55
    endloop
  endfacet
  facet normal 1 -0 0
    outer loop
      vertex 0 54.9597 11.8433
      vertex 0 59.15 0
      vertex 0 55.15 12.8
    endloop
  endfacet
  facet normal 1 -0 0
    outer loop
      vertex 0 54.4178 11.0322
      vertex 0 59.15 0
      vertex 0 54.9597 11.8433
    endloop
  endfacet
  facet normal 1 -0 0
    outer loop
      vertex 0 53.6067 10.4903
      vertex 0 59.15 0
      vertex 0 54.4178 11.0322
    endloop
  endfacet
  facet normal 1 -0 0
    outer loop
      vertex 0 52.65 10.3
      vertex 0 59.15 0
      vertex 0 53.6067 10.4903
    endloop
  endfacet
  facet normal 1 0 0
    outer loop
      vertex 0 51.6933 10.4903
      vertex 0 59.15 0
      vertex 0 52.65 10.3
    endloop
  endfacet
  facet normal 1 0 0
    outer loop
      vertex 0 34.1494 11.225
      vertex 0 51.6933 10.4903
      vertex 0 50.8822 11.0322
    endloop
  endfacet
  facet normal 1 0 0
    outer loop
      vertex 0 34.1494 11.225
      vertex 0 50.15 12.8
      vertex 0 34.1494 14.775
    endloop
  endfacet
  facet normal 1 0 0
    outer loop
      vertex 0 50.15 12.8
      vertex 0 34.1494 11.225
      vertex 0 50.3403 11.8433
    endloop
  endfacet
  facet normal 1 0 0
    outer loop
      vertex 0 50.3403 11.8433
      vertex 0 34.1494 11.225
      vertex 0 50.8822 11.0322
    endloop
  endfacet
  facet normal 1 0 0
    outer loop
      vertex 0 51.6933 10.4903
      vertex 0 34.1494 11.225
      vertex 0 59.15 0
    endloop
  endfacet
  facet normal 1 -0 0
    outer loop
      vertex 0 31.075 9.45
      vertex 0 59.15 0
      vertex 0 34.1494 11.225
    endloop
  endfacet
  facet normal 1 0 0
    outer loop
      vertex 0 14.1494 11.225
      vertex 0 28.0006 11.225
      vertex 0 14.1494 14.775
    endloop
  endfacet
  facet normal 1 0 0
    outer loop
      vertex 0 4.9 0
      vertex 0 28.0006 11.225
      vertex 0 14.1494 11.225
    endloop
  endfacet
  facet normal 1 0 0
    outer loop
      vertex 0 28.0006 11.225
      vertex 0 4.9 0
      vertex 0 31.075 9.45
    endloop
  endfacet
  facet normal 1 0 0
    outer loop
      vertex 0 4.9 0
      vertex 0 14.1494 11.225
      vertex 0 11.075 9.45
    endloop
  endfacet
  facet normal 1 0 0
    outer loop
      vertex 0 31.075 9.45
      vertex 0 4.9 0
      vertex 0 59.15 0
    endloop
  endfacet
  facet normal 1 0 0
    outer loop
      vertex 0 8.00061 11.225
      vertex 0 4.9 0
      vertex 0 11.075 9.45
    endloop
  endfacet
  facet normal 1 0 0
    outer loop
      vertex 0 4.9 0
      vertex 0 8.00061 11.225
      vertex 0 4.9 26
    endloop
  endfacet
  facet normal 0 1 -0
    outer loop
      vertex 14.1494 0 14.775
      vertex 4.99949 0 26
      vertex 28.0006 0 14.775
    endloop
  endfacet
  facet normal 0 1 0
    outer loop
      vertex 4.99949 0 26
      vertex 14.1494 0 14.775
      vertex 11.075 0 16.55
    endloop
  endfacet
  facet normal 0 1 -0
    outer loop
      vertex 28.0006 0 11.225
      vertex 14.1494 0 14.775
      vertex 28.0006 0 14.775
    endloop
  endfacet
  facet normal 0 1 0
    outer loop
      vertex 28.0006 0 11.225
      vertex 14.1494 0 11.225
      vertex 14.1494 0 14.775
    endloop
  endfacet
  facet normal 0 1 0
    outer loop
      vertex 37.25 0 0
      vertex 28.0006 0 11.225
      vertex 31.075 0 9.45
    endloop
  endfacet
  facet normal 0 1 0
    outer loop
      vertex 28.0006 0 11.225
      vertex 37.25 0 0
      vertex 14.1494 0 11.225
    endloop
  endfacet
  facet normal 0 1 0
    outer loop
      vertex 28.0006 0 14.775
      vertex 37.25 0 26
      vertex 31.075 0 16.55
    endloop
  endfacet
  facet normal 0 1 0
    outer loop
      vertex 37.25 0 26
      vertex 34.1494 0 14.775
      vertex 31.075 0 16.55
    endloop
  endfacet
  facet normal 0 1 0
    outer loop
      vertex 37.25 0 26
      vertex 34.1494 0 11.225
      vertex 34.1494 0 14.775
    endloop
  endfacet
  facet normal 0 1 0
    outer loop
      vertex 4.99949 0 0
      vertex 14.1494 0 11.225
      vertex 37.25 0 0
    endloop
  endfacet
  facet normal 0 1 0
    outer loop
      vertex 34.1494 0 11.225
      vertex 37.25 0 0
      vertex 31.075 0 9.45
    endloop
  endfacet
  facet normal 0 1 -0
    outer loop
      vertex 37.25 0 0
      vertex 34.1494 0 11.225
      vertex 37.25 0 26
    endloop
  endfacet
  facet normal 0 1 0
    outer loop
      vertex 37.25 0 26
      vertex 28.0006 0 14.775
      vertex 4.99949 0 26
    endloop
  endfacet
  facet normal 0 1 -0
    outer loop
      vertex 8.00061 0 14.775
      vertex 4.99949 0 26
      vertex 11.075 0 16.55
    endloop
  endfacet
  facet normal 0 1 -0
    outer loop
      vertex 8.00061 0 11.225
      vertex 4.99949 0 26
      vertex 8.00061 0 14.775
    endloop
  endfacet
  facet normal 0 1 0
    outer loop
      vertex 8.00061 0 11.225
      vertex 4.99949 0 0
      vertex 4.99949 0 26
    endloop
  endfacet
  facet normal 0 1 0
    outer loop
      vertex 11.075 0 9.45
      vertex 4.99949 0 0
      vertex 8.00061 0 11.225
    endloop
  endfacet
  facet normal 0 1 0
    outer loop
      vertex 14.1494 0 11.225
      vertex 4.99949 0 0
      vertex 11.075 0 9.45
    endloop
  endfacet
  facet normal 1 0 0
    outer loop
      vertex 49.15 57.1079 26
      vertex 49.15 56.45 12.8
      vertex 49.15 57.1079 0
    endloop
  endfacet
  facet normal 1 0 0
    outer loop
      vertex 49.15 57.1079 26
      vertex 49.15 56.3205 13.7835
      vertex 49.15 56.45 12.8
    endloop
  endfacet
  facet normal 1 0 0
    outer loop
      vertex 49.15 57.1079 26
      vertex 49.15 55.9409 14.7
      vertex 49.15 56.3205 13.7835
    endloop
  endfacet
  facet normal 1 0 0
    outer loop
      vertex 49.15 57.1079 26
      vertex 49.15 55.337 15.487
      vertex 49.15 55.9409 14.7
    endloop
  endfacet
  facet normal 1 0 0
    outer loop
      vertex 49.15 57.1079 26
      vertex 49.15 54.55 16.0909
      vertex 49.15 55.337 15.487
    endloop
  endfacet
  facet normal 1 0 0
    outer loop
      vertex 49.15 57.1079 26
      vertex 49.15 53.6335 16.4705
      vertex 49.15 54.55 16.0909
    endloop
  endfacet
  facet normal 1 0 0
    outer loop
      vertex 49.15 57.1079 26
      vertex 49.15 52.65 16.6
      vertex 49.15 53.6335 16.4705
    endloop
  endfacet
  facet normal 1 0 0
    outer loop
      vertex 49.15 57.1079 26
      vertex 49.15 51.6665 16.4705
      vertex 49.15 52.65 16.6
    endloop
  endfacet
  facet normal 1 0 0
    outer loop
      vertex 49.15 57.1079 26
      vertex 49.15 50.75 16.0909
      vertex 49.15 51.6665 16.4705
    endloop
  endfacet
  facet normal 1 0 0
    outer loop
      vertex 49.15 32.025 14.6454
      vertex 49.15 50.75 16.0909
      vertex 49.15 57.1079 26
    endloop
  endfacet
  facet normal 1 0 0
    outer loop
      vertex 49.15 50.75 16.0909
      vertex 49.15 32.025 14.6454
      vertex 49.15 49.963 15.487
    endloop
  endfacet
  facet normal 1 0 0
    outer loop
      vertex 49.15 48.9795 13.7835
      vertex 49.15 32.975 13
      vertex 49.15 48.85 12.8
    endloop
  endfacet
  facet normal 1 -0 0
    outer loop
      vertex 49.15 32.7204 13.95
      vertex 49.15 48.9795 13.7835
      vertex 49.15 49.3591 14.7
    endloop
  endfacet
  facet normal 1 0 -0
    outer loop
      vertex 49.15 32.7204 13.95
      vertex 49.15 49.963 15.487
      vertex 49.15 32.025 14.6454
    endloop
  endfacet
  facet normal 1 0 0
    outer loop
      vertex 49.15 48.9795 13.7835
      vertex 49.15 32.7204 13.95
      vertex 49.15 32.975 13
    endloop
  endfacet
  facet normal 1 0 0
    outer loop
      vertex 49.15 49.963 15.487
      vertex 49.15 32.7204 13.95
      vertex 49.15 49.3591 14.7
    endloop
  endfacet
  facet normal 1 0 0
    outer loop
      vertex 49.15 57.1079 26
      vertex 49.15 31.075 14.9
      vertex 49.15 32.025 14.6454
    endloop
  endfacet
  facet normal 1 -0 0
    outer loop
      vertex 49.15 -5 26
      vertex 49.15 31.075 14.9
      vertex 49.15 57.1079 26
    endloop
  endfacet
  facet normal 1 0 0
    outer loop
      vertex 49.15 29.4296 13.95
      vertex 49.15 12.975 13
      vertex 49.15 29.175 13
    endloop
  endfacet
  facet normal 1 0 0
    outer loop
      vertex 49.15 12.7204 13.95
      vertex 49.15 29.4296 13.95
      vertex 49.15 30.125 14.6454
    endloop
  endfacet
  facet normal 1 0 0
    outer loop
      vertex 49.15 31.075 14.9
      vertex 49.15 -5 26
      vertex 49.15 30.125 14.6454
    endloop
  endfacet
  facet normal 1 0 0
    outer loop
      vertex 49.15 29.4296 13.95
      vertex 49.15 12.7204 13.95
      vertex 49.15 12.975 13
    endloop
  endfacet
  facet normal 1 0 0
    outer loop
      vertex 49.15 30.125 14.6454
      vertex 49.15 12.025 14.6454
      vertex 49.15 12.7204 13.95
    endloop
  endfacet
  facet normal 1 0 0
    outer loop
      vertex 49.15 30.125 14.6454
      vertex 49.15 -5 26
      vertex 49.15 12.025 14.6454
    endloop
  endfacet
  facet normal 1 0 0
    outer loop
      vertex 49.15 9.42955 13.95
      vertex 49.15 -5 26
      vertex 49.15 9.175 13
    endloop
  endfacet
  facet normal 1 0 0
    outer loop
      vertex 49.15 10.125 14.6454
      vertex 49.15 -5 26
      vertex 49.15 9.42955 13.95
    endloop
  endfacet
  facet normal 1 0 0
    outer loop
      vertex 49.15 11.075 14.9
      vertex 49.15 -5 26
      vertex 49.15 10.125 14.6454
    endloop
  endfacet
  facet normal 1 0 0
    outer loop
      vertex 49.15 12.025 14.6454
      vertex 49.15 -5 26
      vertex 49.15 11.075 14.9
    endloop
  endfacet
  facet normal 1 -0 0
    outer loop
      vertex 49.15 56.3205 11.8165
      vertex 49.15 57.1079 0
      vertex 49.15 56.45 12.8
    endloop
  endfacet
  facet normal 1 -0 0
    outer loop
      vertex 49.15 55.9409 10.9
      vertex 49.15 57.1079 0
      vertex 49.15 56.3205 11.8165
    endloop
  endfacet
  facet normal 1 -0 0
    outer loop
      vertex 49.15 55.337 10.113
      vertex 49.15 57.1079 0
      vertex 49.15 55.9409 10.9
    endloop
  endfacet
  facet normal 1 -0 0
    outer loop
      vertex 49.15 54.55 9.5091
      vertex 49.15 57.1079 0
      vertex 49.15 55.337 10.113
    endloop
  endfacet
  facet normal 1 -0 0
    outer loop
      vertex 49.15 53.6335 9.12948
      vertex 49.15 57.1079 0
      vertex 49.15 54.55 9.5091
    endloop
  endfacet
  facet normal 1 -0 0
    outer loop
      vertex 49.15 52.65 9
      vertex 49.15 57.1079 0
      vertex 49.15 53.6335 9.12948
    endloop
  endfacet
  facet normal 1 0 0
    outer loop
      vertex 49.15 51.6665 9.12948
      vertex 49.15 57.1079 0
      vertex 49.15 52.65 9
    endloop
  endfacet
  facet normal 1 0 0
    outer loop
      vertex 49.15 50.75 9.5091
      vertex 49.15 57.1079 0
      vertex 49.15 51.6665 9.12948
    endloop
  endfacet
  facet normal 1 0 0
    outer loop
      vertex 49.15 32.025 11.3546
      vertex 49.15 50.75 9.5091
      vertex 49.15 49.963 10.113
    endloop
  endfacet
  facet normal 1 0 0
    outer loop
      vertex 49.15 32.025 11.3546
      vertex 49.15 49.963 10.113
      vertex 49.15 49.3591 10.9
    endloop
  endfacet
  facet normal 1 0 0
    outer loop
      vertex 49.15 32.975 13
      vertex 49.15 48.9795 11.8165
      vertex 49.15 48.85 12.8
    endloop
  endfacet
  facet normal 1 -0 0
    outer loop
      vertex 49.15 32.7204 12.05
      vertex 49.15 48.9795 11.8165
      vertex 49.15 32.975 13
    endloop
  endfacet
  facet normal 1 0 0
    outer loop
      vertex 49.15 48.9795 11.8165
      vertex 49.15 32.7204 12.05
      vertex 49.15 49.3591 10.9
    endloop
  endfacet
  facet normal 1 -0 0
    outer loop
      vertex 49.15 32.025 11.3546
      vertex 49.15 49.3591 10.9
      vertex 49.15 32.7204 12.05
    endloop
  endfacet
  facet normal 1 0 0
    outer loop
      vertex 49.15 50.75 9.5091
      vertex 49.15 32.025 11.3546
      vertex 49.15 57.1079 0
    endloop
  endfacet
  facet normal 1 -0 0
    outer loop
      vertex 49.15 31.075 11.1
      vertex 49.15 57.1079 0
      vertex 49.15 32.025 11.3546
    endloop
  endfacet
  facet normal 1 0 0
    outer loop
      vertex 49.15 -5 0
      vertex 49.15 31.075 11.1
      vertex 49.15 30.125 11.3546
    endloop
  endfacet
  facet normal 1 -0 0
    outer loop
      vertex 49.15 12.975 13
      vertex 49.15 29.4296 12.05
      vertex 49.15 29.175 13
    endloop
  endfacet
  facet normal 1 0 0
    outer loop
      vertex 49.15 12.7204 12.05
      vertex 49.15 29.4296 12.05
      vertex 49.15 12.975 13
    endloop
  endfacet
  facet normal 1 0 0
    outer loop
      vertex 49.15 29.4296 12.05
      vertex 49.15 12.7204 12.05
      vertex 49.15 30.125 11.3546
    endloop
  endfacet
  facet normal 1 0 0
    outer loop
      vertex 49.15 12.025 11.3546
      vertex 49.15 30.125 11.3546
      vertex 49.15 12.7204 12.05
    endloop
  endfacet
  facet normal 1 0 0
    outer loop
      vertex 49.15 -5 0
      vertex 49.15 30.125 11.3546
      vertex 49.15 12.025 11.3546
    endloop
  endfacet
  facet normal 1 0 0
    outer loop
      vertex 49.15 -5 0
      vertex 49.15 12.025 11.3546
      vertex 49.15 11.075 11.1
    endloop
  endfacet
  facet normal 1 0 0
    outer loop
      vertex 49.15 -5 0
      vertex 49.15 9.175 13
      vertex 49.15 -5 26
    endloop
  endfacet
  facet normal 1 0 0
    outer loop
      vertex 49.15 9.175 13
      vertex 49.15 -5 0
      vertex 49.15 9.42955 12.05
    endloop
  endfacet
  facet normal 1 0 0
    outer loop
      vertex 49.15 31.075 11.1
      vertex 49.15 -5 0
      vertex 49.15 57.1079 0
    endloop
  endfacet
  facet normal 1 0 0
    outer loop
      vertex 49.15 10.125 11.3546
      vertex 49.15 -5 0
      vertex 49.15 11.075 11.1
    endloop
  endfacet
  facet normal 1 0 0
    outer loop
      vertex 49.15 9.42955 12.05
      vertex 49.15 -5 0
      vertex 49.15 10.125 11.3546
    endloop
  endfacet
  facet normal 0 0 1
    outer loop
      vertex -7 57.15 26
      vertex 0 59.15 26
      vertex -5 59.15 26
    endloop
  endfacet
  facet normal -0 0 1
    outer loop
      vertex 42.15 4.9 26
      vertex 49.15 -5 26
      vertex 49.15 57.1079 26
    endloop
  endfacet
  facet normal -0 0 1
    outer loop
      vertex 42.15 59.15 26
      vertex 49.15 57.1079 26
      vertex 47.1079 59.15 26
    endloop
  endfacet
  facet normal 0 0 1
    outer loop
      vertex 49.15 57.1079 26
      vertex 42.15 59.15 26
      vertex 42.15 4.9 26
    endloop
  endfacet
  facet normal 0 0 1
    outer loop
      vertex 49.15 -5 26
      vertex 42.15 4.9 26
      vertex 47.15 -7 26
    endloop
  endfacet
  facet normal -0 0 1
    outer loop
      vertex 37.25 0 26
      vertex 47.15 -7 26
      vertex 42.15 4.9 26
    endloop
  endfacet
  facet normal -0 0 1
    outer loop
      vertex 4.99949 0 26
      vertex 47.15 -7 26
      vertex 37.25 0 26
    endloop
  endfacet
  facet normal -0 0 1
    outer loop
      vertex 0 4.9 26
      vertex 4.99949 0 26
      vertex 0.0497475 4.94975 26
    endloop
  endfacet
  facet normal 0 0 1
    outer loop
      vertex 4.99949 0 26
      vertex -5.05786 -7 26
      vertex 47.15 -7 26
    endloop
  endfacet
  facet normal 0 0 1
    outer loop
      vertex 0 4.9 26
      vertex -5.05786 -7 26
      vertex 4.99949 0 26
    endloop
  endfacet
  facet normal 0 0 1
    outer loop
      vertex 0 59.15 26
      vertex -7 57.15 26
      vertex 0 4.9 26
    endloop
  endfacet
  facet normal 0 0 1
    outer loop
      vertex -7 -5.05786 26
      vertex 0 4.9 26
      vertex -7 57.15 26
    endloop
  endfacet
  facet normal 0 0 1
    outer loop
      vertex 0 4.9 26
      vertex -7 -5.05786 26
      vertex -5.05786 -7 26
    endloop
  endfacet
  facet normal 0 0 -1
    outer loop
      vertex 42.15 4.9 0
      vertex 49.15 -5 0
      vertex 47.15 -7 0
    endloop
  endfacet
  facet normal 0 0 -1
    outer loop
      vertex 49.15 -5 0
      vertex 42.15 4.9 0
      vertex 49.15 57.1079 0
    endloop
  endfacet
  facet normal 0 0 -1
    outer loop
      vertex 42.15 59.15 0
      vertex 49.15 57.1079 0
      vertex 42.15 4.9 0
    endloop
  endfacet
  facet normal 0 0 -1
    outer loop
      vertex 47.15 -7 0
      vertex 37.25 0 0
      vertex 42.15 4.9 0
    endloop
  endfacet
  facet normal 0 0 -1
    outer loop
      vertex 47.15 -7 0
      vertex 4.99949 0 0
      vertex 37.25 0 0
    endloop
  endfacet
  facet normal 0 0 -1
    outer loop
      vertex 4.99949 0 0
      vertex 0 4.9 0
      vertex 0.0497475 4.94975 0
    endloop
  endfacet
  facet normal 0 0 -1
    outer loop
      vertex -7 57.15 0
      vertex 0 59.15 0
      vertex 0 4.9 0
    endloop
  endfacet
  facet normal 0 0 -1
    outer loop
      vertex -5.05786 -7 0
      vertex 4.99949 0 0
      vertex 47.15 -7 0
    endloop
  endfacet
  facet normal 0 0 -1
    outer loop
      vertex -5.05786 -7 0
      vertex 0 4.9 0
      vertex 4.99949 0 0
    endloop
  endfacet
  facet normal 0 0 -1
    outer loop
      vertex -7 -5.05786 0
      vertex 0 4.9 0
      vertex -5.05786 -7 0
    endloop
  endfacet
  facet normal 0 0 -1
    outer loop
      vertex -7 57.15 0
      vertex 0 4.9 0
      vertex -7 -5.05786 0
    endloop
  endfacet
  facet normal -0 0 -1
    outer loop
      vertex 0 59.15 0
      vertex -7 57.15 0
      vertex -5 59.15 0
    endloop
  endfacet
  facet normal 0 0 -1
    outer loop
      vertex 49.15 57.1079 0
      vertex 42.15 59.15 0
      vertex 47.1079 59.15 0
    endloop
  endfacet
  facet normal -1 0 0
    outer loop
      vertex -7 57.15 0
      vertex -7 56.45 12.8
      vertex -7 57.15 26
    endloop
  endfacet
  facet normal -1 0 0
    outer loop
      vertex -7 57.15 0
      vertex -7 56.3205 11.8165
      vertex -7 56.45 12.8
    endloop
  endfacet
  facet normal -1 0 0
    outer loop
      vertex -7 57.15 0
      vertex -7 55.9409 10.9
      vertex -7 56.3205 11.8165
    endloop
  endfacet
  facet normal -1 0 0
    outer loop
      vertex -7 57.15 0
      vertex -7 55.337 10.113
      vertex -7 55.9409 10.9
    endloop
  endfacet
  facet normal -1 0 0
    outer loop
      vertex -7 57.15 0
      vertex -7 54.55 9.5091
      vertex -7 55.337 10.113
    endloop
  endfacet
  facet normal -1 0 0
    outer loop
      vertex -7 57.15 0
      vertex -7 53.6335 9.12948
      vertex -7 54.55 9.5091
    endloop
  endfacet
  facet normal -1 0 0
    outer loop
      vertex -7 57.15 0
      vertex -7 52.65 9
      vertex -7 53.6335 9.12948
    endloop
  endfacet
  facet normal -1 0 0
    outer loop
      vertex -7 57.15 0
      vertex -7 51.6665 9.12948
      vertex -7 52.65 9
    endloop
  endfacet
  facet normal -1 0 0
    outer loop
      vertex -7 57.15 0
      vertex -7 50.75 9.5091
      vertex -7 51.6665 9.12948
    endloop
  endfacet
  facet normal -1 0 0
    outer loop
      vertex -7 32.025 11.3546
      vertex -7 50.75 9.5091
      vertex -7 57.15 0
    endloop
  endfacet
  facet normal -1 0 0
    outer loop
      vertex -7 50.75 9.5091
      vertex -7 32.025 11.3546
      vertex -7 49.963 10.113
    endloop
  endfacet
  facet normal -1 0 0
    outer loop
      vertex -7 48.9795 11.8165
      vertex -7 32.975 13
      vertex -7 48.85 12.8
    endloop
  endfacet
  facet normal -1 0 0
    outer loop
      vertex -7 32.7204 12.05
      vertex -7 48.9795 11.8165
      vertex -7 49.3591 10.9
    endloop
  endfacet
  facet normal -1 0 0
    outer loop
      vertex -7 49.963 10.113
      vertex -7 32.025 11.3546
      vertex -7 49.3591 10.9
    endloop
  endfacet
  facet normal -1 0 0
    outer loop
      vertex -7 48.9795 11.8165
      vertex -7 32.7204 12.05
      vertex -7 32.975 13
    endloop
  endfacet
  facet normal -1 0 0
    outer loop
      vertex -7 49.3591 10.9
      vertex -7 32.025 11.3546
      vertex -7 32.7204 12.05
    endloop
  endfacet
  facet normal -1 0 0
    outer loop
      vertex -7 57.15 0
      vertex -7 31.075 11.1
      vertex -7 32.025 11.3546
    endloop
  endfacet
  facet normal -1 0 0
    outer loop
      vertex -7 -5.05786 0
      vertex -7 31.075 11.1
      vertex -7 57.15 0
    endloop
  endfacet
  facet normal -1 0 0
    outer loop
      vertex -7 29.4296 12.05
      vertex -7 12.975 13
      vertex -7 29.175 13
    endloop
  endfacet
  facet normal -1 0 0
    outer loop
      vertex -7 12.7204 12.05
      vertex -7 29.4296 12.05
      vertex -7 30.125 11.3546
    endloop
  endfacet
  facet normal -1 -0 0
    outer loop
      vertex -7 31.075 11.1
      vertex -7 -5.05786 0
      vertex -7 30.125 11.3546
    endloop
  endfacet
  facet normal -1 0 0
    outer loop
      vertex -7 29.4296 12.05
      vertex -7 12.7204 12.05
      vertex -7 12.975 13
    endloop
  endfacet
  facet normal -1 0 0
    outer loop
      vertex -7 30.125 11.3546
      vertex -7 12.025 11.3546
      vertex -7 12.7204 12.05
    endloop
  endfacet
  facet normal -1 -0 0
    outer loop
      vertex -7 30.125 11.3546
      vertex -7 -5.05786 0
      vertex -7 12.025 11.3546
    endloop
  endfacet
  facet normal -1 -0 0
    outer loop
      vertex -7 9.42955 12.05
      vertex -7 -5.05786 0
      vertex -7 9.175 13
    endloop
  endfacet
  facet normal -1 -0 0
    outer loop
      vertex -7 10.125 11.3546
      vertex -7 -5.05786 0
      vertex -7 9.42955 12.05
    endloop
  endfacet
  facet normal -1 -0 0
    outer loop
      vertex -7 11.075 11.1
      vertex -7 -5.05786 0
      vertex -7 10.125 11.3546
    endloop
  endfacet
  facet normal -1 0 0
    outer loop
      vertex -7 12.025 11.3546
      vertex -7 -5.05786 0
      vertex -7 11.075 11.1
    endloop
  endfacet
  facet normal -1 0 0
    outer loop
      vertex -7 56.3205 13.7835
      vertex -7 57.15 26
      vertex -7 56.45 12.8
    endloop
  endfacet
  facet normal -1 0 0
    outer loop
      vertex -7 55.9409 14.7
      vertex -7 57.15 26
      vertex -7 56.3205 13.7835
    endloop
  endfacet
  facet normal -1 0 0
    outer loop
      vertex -7 55.337 15.487
      vertex -7 57.15 26
      vertex -7 55.9409 14.7
    endloop
  endfacet
  facet normal -1 0 0
    outer loop
      vertex -7 54.55 16.0909
      vertex -7 57.15 26
      vertex -7 55.337 15.487
    endloop
  endfacet
  facet normal -1 0 0
    outer loop
      vertex -7 53.6335 16.4705
      vertex -7 57.15 26
      vertex -7 54.55 16.0909
    endloop
  endfacet
  facet normal -1 0 0
    outer loop
      vertex -7 52.65 16.6
      vertex -7 57.15 26
      vertex -7 53.6335 16.4705
    endloop
  endfacet
  facet normal -1 0 0
    outer loop
      vertex -7 51.6665 16.4705
      vertex -7 57.15 26
      vertex -7 52.65 16.6
    endloop
  endfacet
  facet normal -1 0 0
    outer loop
      vertex -7 50.75 16.0909
      vertex -7 57.15 26
      vertex -7 51.6665 16.4705
    endloop
  endfacet
  facet normal -1 0 0
    outer loop
      vertex -7 32.025 14.6454
      vertex -7 50.75 16.0909
      vertex -7 49.963 15.487
    endloop
  endfacet
  facet normal -1 0 0
    outer loop
      vertex -7 32.7204 13.95
      vertex -7 49.963 15.487
      vertex -7 49.3591 14.7
    endloop
  endfacet
  facet normal -1 0 0
    outer loop
      vertex -7 32.975 13
      vertex -7 48.9795 13.7835
      vertex -7 48.85 12.8
    endloop
  endfacet
  facet normal -1 0 0
    outer loop
      vertex -7 32.7204 13.95
      vertex -7 48.9795 13.7835
      vertex -7 32.975 13
    endloop
  endfacet
  facet normal -1 0 0
    outer loop
      vertex -7 48.9795 13.7835
      vertex -7 32.7204 13.95
      vertex -7 49.3591 14.7
    endloop
  endfacet
  facet normal -1 0 0
    outer loop
      vertex -7 49.963 15.487
      vertex -7 32.7204 13.95
      vertex -7 32.025 14.6454
    endloop
  endfacet
  facet normal -1 -0 0
    outer loop
      vertex -7 50.75 16.0909
      vertex -7 32.025 14.6454
      vertex -7 57.15 26
    endloop
  endfacet
  facet normal -1 0 0
    outer loop
      vertex -7 31.075 14.9
      vertex -7 57.15 26
      vertex -7 32.025 14.6454
    endloop
  endfacet
  facet normal -1 0 0
    outer loop
      vertex -7 -5.05786 26
      vertex -7 31.075 14.9
      vertex -7 30.125 14.6454
    endloop
  endfacet
  facet normal -1 0 0
    outer loop
      vertex -7 12.975 13
      vertex -7 29.4296 13.95
      vertex -7 29.175 13
    endloop
  endfacet
  facet normal -1 0 0
    outer loop
      vertex -7 12.7204 13.95
      vertex -7 29.4296 13.95
      vertex -7 12.975 13
    endloop
  endfacet
  facet normal -1 0 0
    outer loop
      vertex -7 29.4296 13.95
      vertex -7 12.7204 13.95
      vertex -7 30.125 14.6454
    endloop
  endfacet
  facet normal -1 0 0
    outer loop
      vertex -7 12.025 14.6454
      vertex -7 30.125 14.6454
      vertex -7 12.7204 13.95
    endloop
  endfacet
  facet normal -1 0 0
    outer loop
      vertex -7 -5.05786 26
      vertex -7 30.125 14.6454
      vertex -7 12.025 14.6454
    endloop
  endfacet
  facet normal -1 0 0
    outer loop
      vertex -7 -5.05786 26
      vertex -7 12.025 14.6454
      vertex -7 11.075 14.9
    endloop
  endfacet
  facet normal -1 0 0
    outer loop
      vertex -7 -5.05786 26
      vertex -7 9.175 13
      vertex -7 -5.05786 0
    endloop
  endfacet
  facet normal -1 0 0
    outer loop
      vertex -7 9.175 13
      vertex -7 -5.05786 26
      vertex -7 9.42955 13.95
    endloop
  endfacet
  facet normal -1 0 0
    outer loop
      vertex -7 31.075 14.9
      vertex -7 -5.05786 26
      vertex -7 57.15 26
    endloop
  endfacet
  facet normal -1 0 0
    outer loop
      vertex -7 10.125 14.6454
      vertex -7 -5.05786 26
      vertex -7 11.075 14.9
    endloop
  endfacet
  facet normal -1 0 0
    outer loop
      vertex -7 9.42955 13.95
      vertex -7 -5.05786 26
      vertex -7 10.125 14.6454
    endloop
  endfacet
  facet normal 0 1 -0
    outer loop
      vertex 0 59.15 0
      vertex -5 59.15 26
      vertex 0 59.15 26
    endloop
  endfacet
  facet normal 0 1 0
    outer loop
      vertex -5 59.15 26
      vertex 0 59.15 0
      vertex -5 59.15 0
    endloop
  endfacet
  facet normal 0 1 -0
    outer loop
      vertex 47.1079 59.15 0
      vertex 42.15 59.15 26
      vertex 47.1079 59.15 26
    endloop
  endfacet
  facet normal 0 1 0
    outer loop
      vertex 42.15 59.15 26
      vertex 47.1079 59.15 0
      vertex 42.15 59.15 0
    endloop
  endfacet
  facet normal 0 -1 0
    outer loop
      vertex 30.125 -7 14.6454
      vertex 47.15 -7 26
      vertex 12.025 -7 14.6454
    endloop
  endfacet
  facet normal 0 -1 0
    outer loop
      vertex 47.15 -7 26
      vertex 30.125 -7 14.6454
      vertex 31.075 -7 14.9
    endloop
  endfacet
  facet normal 0 -1 0
    outer loop
      vertex 12.7204 -7 13.95
      vertex 30.125 -7 14.6454
      vertex 12.025 -7 14.6454
    endloop
  endfacet
  facet normal 0 -1 0
    outer loop
      vertex 12.7204 -7 13.95
      vertex 29.4296 -7 13.95
      vertex 30.125 -7 14.6454
    endloop
  endfacet
  facet normal 0 -1 0
    outer loop
      vertex 12.975 -7 13
      vertex 29.4296 -7 13.95
      vertex 12.7204 -7 13.95
    endloop
  endfacet
  facet normal 0 -1 0
    outer loop
      vertex 12.975 -7 13
      vertex 29.175 -7 13
      vertex 29.4296 -7 13.95
    endloop
  endfacet
  facet normal 0 -1 0
    outer loop
      vertex 12.7204 -7 12.05
      vertex 29.175 -7 13
      vertex 12.975 -7 13
    endloop
  endfacet
  facet normal 0 -1 0
    outer loop
      vertex 12.7204 -7 12.05
      vertex 29.4296 -7 12.05
      vertex 29.175 -7 13
    endloop
  endfacet
  facet normal 0 -1 0
    outer loop
      vertex 12.025 -7 11.3546
      vertex 29.4296 -7 12.05
      vertex 12.7204 -7 12.05
    endloop
  endfacet
  facet normal 0 -1 0
    outer loop
      vertex 12.025 -7 11.3546
      vertex 30.125 -7 11.3546
      vertex 29.4296 -7 12.05
    endloop
  endfacet
  facet normal 0 -1 0
    outer loop
      vertex -5.05786 -7 0
      vertex 12.025 -7 11.3546
      vertex 11.075 -7 11.1
    endloop
  endfacet
  facet normal 0 -1 -0
    outer loop
      vertex 12.025 -7 11.3546
      vertex -5.05786 -7 0
      vertex 30.125 -7 11.3546
    endloop
  endfacet
  facet normal 0 -1 0
    outer loop
      vertex 12.025 -7 14.6454
      vertex -5.05786 -7 26
      vertex 11.075 -7 14.9
    endloop
  endfacet
  facet normal 0 -1 0
    outer loop
      vertex -5.05786 -7 26
      vertex 10.125 -7 14.6454
      vertex 11.075 -7 14.9
    endloop
  endfacet
  facet normal 0 -1 0
    outer loop
      vertex -5.05786 -7 26
      vertex 9.42955 -7 13.95
      vertex 10.125 -7 14.6454
    endloop
  endfacet
  facet normal 0 -1 0
    outer loop
      vertex -5.05786 -7 26
      vertex 9.175 -7 13
      vertex 9.42955 -7 13.95
    endloop
  endfacet
  facet normal 0 -1 0
    outer loop
      vertex -5.05786 -7 0
      vertex 9.175 -7 13
      vertex -5.05786 -7 26
    endloop
  endfacet
  facet normal 0 -1 -0
    outer loop
      vertex 9.175 -7 13
      vertex -5.05786 -7 0
      vertex 9.42955 -7 12.05
    endloop
  endfacet
  facet normal 0 -1 0
    outer loop
      vertex 47.15 -7 0
      vertex 30.125 -7 11.3546
      vertex -5.05786 -7 0
    endloop
  endfacet
  facet normal 0 -1 -0
    outer loop
      vertex 10.125 -7 11.3546
      vertex -5.05786 -7 0
      vertex 11.075 -7 11.1
    endloop
  endfacet
  facet normal 0 -1 -0
    outer loop
      vertex 9.42955 -7 12.05
      vertex -5.05786 -7 0
      vertex 10.125 -7 11.3546
    endloop
  endfacet
  facet normal 0 -1 0
    outer loop
      vertex -5.05786 -7 26
      vertex 12.025 -7 14.6454
      vertex 47.15 -7 26
    endloop
  endfacet
  facet normal 0 -1 0
    outer loop
      vertex 32.025 -7 14.6454
      vertex 47.15 -7 26
      vertex 31.075 -7 14.9
    endloop
  endfacet
  facet normal 0 -1 0
    outer loop
      vertex 32.7204 -7 13.95
      vertex 47.15 -7 26
      vertex 32.025 -7 14.6454
    endloop
  endfacet
  facet normal 0 -1 0
    outer loop
      vertex 32.975 -7 13
      vertex 47.15 -7 26
      vertex 32.7204 -7 13.95
    endloop
  endfacet
  facet normal 0 -1 0
    outer loop
      vertex 47.15 -7 0
      vertex 32.975 -7 13
      vertex 32.7204 -7 12.05
    endloop
  endfacet
  facet normal 0 -1 0
    outer loop
      vertex 47.15 -7 0
      vertex 32.7204 -7 12.05
      vertex 32.025 -7 11.3546
    endloop
  endfacet
  facet normal 0 -1 0
    outer loop
      vertex 30.125 -7 11.3546
      vertex 47.15 -7 0
      vertex 31.075 -7 11.1
    endloop
  endfacet
  facet normal 0 -1 0
    outer loop
      vertex 32.975 -7 13
      vertex 47.15 -7 0
      vertex 47.15 -7 26
    endloop
  endfacet
  facet normal 0 -1 0
    outer loop
      vertex 31.075 -7 11.1
      vertex 47.15 -7 0
      vertex 32.025 -7 11.3546
    endloop
  endfacet
  facet normal -0.707125 0.707089 0
    outer loop
      vertex 0 4.9 0
      vertex 0.0497475 4.94975 26
      vertex 0.0497475 4.94975 0
    endloop
  endfacet
  facet normal -0.707125 0.707089 0
    outer loop
      vertex 0.0497475 4.94975 26
      vertex 0 4.9 0
      vertex 0 4.9 26
    endloop
  endfacet
  facet normal 0.707107 0.707106 0
    outer loop
      vertex 4.99949 0 26
      vertex 0.0497475 4.94975 0
      vertex 0.0497475 4.94975 26
    endloop
  endfacet
  facet normal 0.707107 0.707106 0
    outer loop
      vertex 0.0497475 4.94975 0
      vertex 4.99949 0 26
      vertex 4.99949 0 0
    endloop
  endfacet
  facet normal -0.707107 0.707107 0
    outer loop
      vertex 42.15 4.9 0
      vertex 37.25 0 26
      vertex 42.15 4.9 26
    endloop
  endfacet
  facet normal -0.707107 0.707107 0
    outer loop
      vertex 37.25 0 26
      vertex 42.15 4.9 0
      vertex 37.25 0 0
    endloop
  endfacet
  facet normal 0 1 -0
    outer loop
      vertex 37.75 49.1426 10.775
      vertex 33.15 49.1426 14.825
      vertex 37.75 49.1426 14.825
    endloop
  endfacet
  facet normal 0 1 0
    outer loop
      vertex 33.15 49.1426 14.825
      vertex 37.75 49.1426 10.775
      vertex 33.15 49.1426 10.775
    endloop
  endfacet
  facet normal -0 0.5 0.866025
    outer loop
      vertex 35.1707 52.65 8.75
      vertex 37.75 49.1426 10.775
      vertex 37.75 52.65 8.75
    endloop
  endfacet
  facet normal -5.20316e-06 0.499997 0.866027
    outer loop
      vertex 33.15 49.15 10.7707
      vertex 37.75 49.1426 10.775
      vertex 35.1707 52.65 8.75
    endloop
  endfacet
  facet normal 0 0.502417 0.864625
    outer loop
      vertex 37.75 49.1426 10.775
      vertex 33.15 49.15 10.7707
      vertex 33.15 49.1426 10.775
    endloop
  endfacet
  facet normal 0 -1 0
    outer loop
      vertex 37.1957 56.1574 10.775
      vertex 37.75 56.1574 14.825
      vertex 37.1957 56.1574 14.825
    endloop
  endfacet
  facet normal 0 -1 -0
    outer loop
      vertex 37.75 56.1574 14.825
      vertex 37.1957 56.1574 10.775
      vertex 37.75 56.1574 10.775
    endloop
  endfacet
  facet normal 0 -0.5 0.866025
    outer loop
      vertex 37.1957 56.1574 10.775
      vertex 37.75 52.65 8.75
      vertex 37.75 56.1574 10.775
    endloop
  endfacet
  facet normal 0 -0.5 0.866025
    outer loop
      vertex 37.75 52.65 8.75
      vertex 37.1957 56.1574 10.775
      vertex 35.1707 52.65 8.75
    endloop
  endfacet
  facet normal 0 -0.5 -0.866025
    outer loop
      vertex 37.75 52.65 16.85
      vertex 37.1957 56.1574 14.825
      vertex 37.75 56.1574 14.825
    endloop
  endfacet
  facet normal 0 -0.5 -0.866025
    outer loop
      vertex 37.1957 56.1574 14.825
      vertex 37.75 52.65 16.85
      vertex 35.1707 52.65 16.85
    endloop
  endfacet
  facet normal 0 0.5 -0.866025
    outer loop
      vertex 37.75 49.1426 14.825
      vertex 35.1707 52.65 16.85
      vertex 37.75 52.65 16.85
    endloop
  endfacet
  facet normal 0 0.502417 -0.864625
    outer loop
      vertex 33.15 49.15 14.8293
      vertex 37.75 49.1426 14.825
      vertex 33.15 49.1426 14.825
    endloop
  endfacet
  facet normal -5.20316e-06 0.499997 -0.866027
    outer loop
      vertex 37.75 49.1426 14.825
      vertex 33.15 49.15 14.8293
      vertex 35.1707 52.65 16.85
    endloop
  endfacet
  facet normal -1 0 0
    outer loop
      vertex 37.75 56.1574 10.775
      vertex 37.75 55.15 12.8
      vertex 37.75 56.1574 14.825
    endloop
  endfacet
  facet normal -1 0 0
    outer loop
      vertex 37.75 56.1574 10.775
      vertex 37.75 54.9597 11.8433
      vertex 37.75 55.15 12.8
    endloop
  endfacet
  facet normal -1 0 0
    outer loop
      vertex 37.75 56.1574 10.775
      vertex 37.75 54.4178 11.0322
      vertex 37.75 54.9597 11.8433
    endloop
  endfacet
  facet normal -1 -0 0
    outer loop
      vertex 37.75 56.1574 10.775
      vertex 37.75 53.6067 10.4903
      vertex 37.75 54.4178 11.0322
    endloop
  endfacet
  facet normal -1 0 0
    outer loop
      vertex 37.75 52.65 8.75
      vertex 37.75 53.6067 10.4903
      vertex 37.75 56.1574 10.775
    endloop
  endfacet
  facet normal -1 0 0
    outer loop
      vertex 37.75 52.65 8.75
      vertex 37.75 52.65 10.3
      vertex 37.75 53.6067 10.4903
    endloop
  endfacet
  facet normal -1 0 0
    outer loop
      vertex 37.75 52.65 8.75
      vertex 37.75 51.6933 10.4903
      vertex 37.75 52.65 10.3
    endloop
  endfacet
  facet normal -1 0 0
    outer loop
      vertex 37.75 49.1426 10.775
      vertex 37.75 51.6933 10.4903
      vertex 37.75 52.65 8.75
    endloop
  endfacet
  facet normal -1 -0 0
    outer loop
      vertex 37.75 50.3403 11.8433
      vertex 37.75 49.1426 10.775
      vertex 37.75 50.15 12.8
    endloop
  endfacet
  facet normal -1 -0 0
    outer loop
      vertex 37.75 50.8822 11.0322
      vertex 37.75 49.1426 10.775
      vertex 37.75 50.3403 11.8433
    endloop
  endfacet
  facet normal -1 0 0
    outer loop
      vertex 37.75 51.6933 10.4903
      vertex 37.75 49.1426 10.775
      vertex 37.75 50.8822 11.0322
    endloop
  endfacet
  facet normal -1 0 0
    outer loop
      vertex 37.75 54.9597 13.7567
      vertex 37.75 56.1574 14.825
      vertex 37.75 55.15 12.8
    endloop
  endfacet
  facet normal -1 0 0
    outer loop
      vertex 37.75 54.4178 14.5678
      vertex 37.75 56.1574 14.825
      vertex 37.75 54.9597 13.7567
    endloop
  endfacet
  facet normal -1 0 0
    outer loop
      vertex 37.75 53.6067 15.1097
      vertex 37.75 56.1574 14.825
      vertex 37.75 54.4178 14.5678
    endloop
  endfacet
  facet normal -1 0 0
    outer loop
      vertex 37.75 52.65 16.85
      vertex 37.75 53.6067 15.1097
      vertex 37.75 52.65 15.3
    endloop
  endfacet
  facet normal -1 0 0
    outer loop
      vertex 37.75 53.6067 15.1097
      vertex 37.75 52.65 16.85
      vertex 37.75 56.1574 14.825
    endloop
  endfacet
  facet normal -1 0 0
    outer loop
      vertex 37.75 51.6933 15.1097
      vertex 37.75 52.65 16.85
      vertex 37.75 52.65 15.3
    endloop
  endfacet
  facet normal -1 0 0
    outer loop
      vertex 37.75 49.1426 14.825
      vertex 37.75 51.6933 15.1097
      vertex 37.75 50.8822 14.5678
    endloop
  endfacet
  facet normal -1 0 0
    outer loop
      vertex 37.75 49.1426 14.825
      vertex 37.75 50.15 12.8
      vertex 37.75 49.1426 10.775
    endloop
  endfacet
  facet normal -1 -0 0
    outer loop
      vertex 37.75 51.6933 15.1097
      vertex 37.75 49.1426 14.825
      vertex 37.75 52.65 16.85
    endloop
  endfacet
  facet normal -1 0 0
    outer loop
      vertex 37.75 50.3403 13.7567
      vertex 37.75 49.1426 14.825
      vertex 37.75 50.8822 14.5678
    endloop
  endfacet
  facet normal -1 0 0
    outer loop
      vertex 37.75 50.15 12.8
      vertex 37.75 49.1426 14.825
      vertex 37.75 50.3403 13.7567
    endloop
  endfacet
  facet normal 1 -0 0
    outer loop
      vertex 33.15 49.1426 14.825
      vertex 33.15 49.15 10.7707
      vertex 33.15 49.15 14.8293
    endloop
  endfacet
  facet normal 1 0 0
    outer loop
      vertex 33.15 49.15 10.7707
      vertex 33.15 49.1426 14.825
      vertex 33.15 49.1426 10.775
    endloop
  endfacet
  facet normal 0 -0.831498 -0.555528
    outer loop
      vertex 37.75 54.9597 13.7567
      vertex 41.15 54.4178 14.5678
      vertex 37.75 54.4178 14.5678
    endloop
  endfacet
  facet normal 0 -0.831498 -0.555528
    outer loop
      vertex 41.15 54.4178 14.5678
      vertex 37.75 54.9597 13.7567
      vertex 41.15 54.9597 13.7567
    endloop
  endfacet
  facet normal 0 -0.555528 0.831498
    outer loop
      vertex 37.75 54.4178 11.0322
      vertex 41.15 53.6067 10.4903
      vertex 41.15 54.4178 11.0322
    endloop
  endfacet
  facet normal 0 -0.555528 0.831498
    outer loop
      vertex 41.15 53.6067 10.4903
      vertex 37.75 54.4178 11.0322
      vertex 37.75 53.6067 10.4903
    endloop
  endfacet
  facet normal 0 -0.195091 0.980785
    outer loop
      vertex 37.75 53.6067 10.4903
      vertex 41.15 52.65 10.3
      vertex 41.15 53.6067 10.4903
    endloop
  endfacet
  facet normal 0 -0.195091 0.980785
    outer loop
      vertex 41.15 52.65 10.3
      vertex 37.75 53.6067 10.4903
      vertex 37.75 52.65 10.3
    endloop
  endfacet
  facet normal 0 -0.555528 -0.831498
    outer loop
      vertex 37.75 53.6067 15.1097
      vertex 41.15 54.4178 14.5678
      vertex 41.15 53.6067 15.1097
    endloop
  endfacet
  facet normal -0 -0.555528 -0.831498
    outer loop
      vertex 41.15 54.4178 14.5678
      vertex 37.75 53.6067 15.1097
      vertex 37.75 54.4178 14.5678
    endloop
  endfacet
  facet normal 0 0.980785 -0.195091
    outer loop
      vertex 41.15 50.15 12.8
      vertex 37.75 50.3403 13.7567
      vertex 41.15 50.3403 13.7567
    endloop
  endfacet
  facet normal 0 0.980785 -0.195091
    outer loop
      vertex 37.75 50.3403 13.7567
      vertex 41.15 50.15 12.8
      vertex 37.75 50.15 12.8
    endloop
  endfacet
  facet normal 0 0.980785 0.195091
    outer loop
      vertex 41.15 50.3403 11.8433
      vertex 37.75 50.15 12.8
      vertex 41.15 50.15 12.8
    endloop
  endfacet
  facet normal 0 0.980785 0.195091
    outer loop
      vertex 37.75 50.15 12.8
      vertex 41.15 50.3403 11.8433
      vertex 37.75 50.3403 11.8433
    endloop
  endfacet
  facet normal 0 0.831498 0.555528
    outer loop
      vertex 41.15 50.8822 11.0322
      vertex 37.75 50.3403 11.8433
      vertex 41.15 50.3403 11.8433
    endloop
  endfacet
  facet normal 0 0.831498 0.555528
    outer loop
      vertex 37.75 50.3403 11.8433
      vertex 41.15 50.8822 11.0322
      vertex 37.75 50.8822 11.0322
    endloop
  endfacet
  facet normal -0 0.555528 0.831498
    outer loop
      vertex 37.75 51.6933 10.4903
      vertex 41.15 50.8822 11.0322
      vertex 41.15 51.6933 10.4903
    endloop
  endfacet
  facet normal 0 0.555528 0.831498
    outer loop
      vertex 41.15 50.8822 11.0322
      vertex 37.75 51.6933 10.4903
      vertex 37.75 50.8822 11.0322
    endloop
  endfacet
  facet normal 0 -0.195091 -0.980785
    outer loop
      vertex 37.75 52.65 15.3
      vertex 41.15 53.6067 15.1097
      vertex 41.15 52.65 15.3
    endloop
  endfacet
  facet normal -0 -0.195091 -0.980785
    outer loop
      vertex 41.15 53.6067 15.1097
      vertex 37.75 52.65 15.3
      vertex 37.75 53.6067 15.1097
    endloop
  endfacet
  facet normal -0 0.195091 0.980785
    outer loop
      vertex 37.75 52.65 10.3
      vertex 41.15 51.6933 10.4903
      vertex 41.15 52.65 10.3
    endloop
  endfacet
  facet normal 0 0.195091 0.980785
    outer loop
      vertex 41.15 51.6933 10.4903
      vertex 37.75 52.65 10.3
      vertex 37.75 51.6933 10.4903
    endloop
  endfacet
  facet normal 0 -0.980785 -0.195091
    outer loop
      vertex 37.75 55.15 12.8
      vertex 41.15 54.9597 13.7567
      vertex 37.75 54.9597 13.7567
    endloop
  endfacet
  facet normal 0 -0.980785 -0.195091
    outer loop
      vertex 41.15 54.9597 13.7567
      vertex 37.75 55.15 12.8
      vertex 41.15 55.15 12.8
    endloop
  endfacet
  facet normal 0 -0.980785 0.195091
    outer loop
      vertex 37.75 54.9597 11.8433
      vertex 41.15 55.15 12.8
      vertex 37.75 55.15 12.8
    endloop
  endfacet
  facet normal 0 -0.980785 0.195091
    outer loop
      vertex 41.15 55.15 12.8
      vertex 37.75 54.9597 11.8433
      vertex 41.15 54.9597 11.8433
    endloop
  endfacet
  facet normal 0 -0.831498 0.555528
    outer loop
      vertex 37.75 54.4178 11.0322
      vertex 41.15 54.9597 11.8433
      vertex 37.75 54.9597 11.8433
    endloop
  endfacet
  facet normal 0 -0.831498 0.555528
    outer loop
      vertex 41.15 54.9597 11.8433
      vertex 37.75 54.4178 11.0322
      vertex 41.15 54.4178 11.0322
    endloop
  endfacet
  facet normal 0 0.555528 -0.831498
    outer loop
      vertex 37.75 50.8822 14.5678
      vertex 41.15 51.6933 15.1097
      vertex 41.15 50.8822 14.5678
    endloop
  endfacet
  facet normal 0 0.555528 -0.831498
    outer loop
      vertex 41.15 51.6933 15.1097
      vertex 37.75 50.8822 14.5678
      vertex 37.75 51.6933 15.1097
    endloop
  endfacet
  facet normal 0 0.195091 -0.980785
    outer loop
      vertex 37.75 51.6933 15.1097
      vertex 41.15 52.65 15.3
      vertex 41.15 51.6933 15.1097
    endloop
  endfacet
  facet normal 0 0.195091 -0.980785
    outer loop
      vertex 41.15 52.65 15.3
      vertex 37.75 51.6933 15.1097
      vertex 37.75 52.65 15.3
    endloop
  endfacet
  facet normal 0 0.831498 -0.555528
    outer loop
      vertex 41.15 50.3403 13.7567
      vertex 37.75 50.8822 14.5678
      vertex 41.15 50.8822 14.5678
    endloop
  endfacet
  facet normal 0 0.831498 -0.555528
    outer loop
      vertex 37.75 50.8822 14.5678
      vertex 41.15 50.3403 13.7567
      vertex 37.75 50.3403 13.7567
    endloop
  endfacet
  facet normal 0 1 -0
    outer loop
      vertex 9 49.1426 10.775
      vertex 4.4 49.1426 14.825
      vertex 9 49.1426 14.825
    endloop
  endfacet
  facet normal 0 1 0
    outer loop
      vertex 4.4 49.1426 14.825
      vertex 9 49.1426 10.775
      vertex 4.4 49.1426 10.775
    endloop
  endfacet
  facet normal 5.20316e-06 0.499997 0.866027
    outer loop
      vertex 4.4 49.1426 10.775
      vertex 9 49.15 10.7707
      vertex 6.97927 52.65 8.75
    endloop
  endfacet
  facet normal 0 0.5 0.866025
    outer loop
      vertex 4.4 49.1426 10.775
      vertex 6.97927 52.65 8.75
      vertex 4.4 52.65 8.75
    endloop
  endfacet
  facet normal 0 0.502417 0.864625
    outer loop
      vertex 9 49.15 10.7707
      vertex 4.4 49.1426 10.775
      vertex 9 49.1426 10.775
    endloop
  endfacet
  facet normal 0 -1 0
    outer loop
      vertex 4.4 56.1574 10.775
      vertex 4.95427 56.1574 14.825
      vertex 4.4 56.1574 14.825
    endloop
  endfacet
  facet normal 0 -1 -0
    outer loop
      vertex 4.95427 56.1574 14.825
      vertex 4.4 56.1574 10.775
      vertex 4.95427 56.1574 10.775
    endloop
  endfacet
  facet normal 0 -0.5 0.866025
    outer loop
      vertex 4.4 52.65 8.75
      vertex 4.95427 56.1574 10.775
      vertex 4.4 56.1574 10.775
    endloop
  endfacet
  facet normal 0 -0.5 0.866025
    outer loop
      vertex 4.95427 56.1574 10.775
      vertex 4.4 52.65 8.75
      vertex 6.97927 52.65 8.75
    endloop
  endfacet
  facet normal 0 -0.5 -0.866025
    outer loop
      vertex 4.4 52.65 16.85
      vertex 4.95427 56.1574 14.825
      vertex 6.97927 52.65 16.85
    endloop
  endfacet
  facet normal -0 -0.5 -0.866025
    outer loop
      vertex 4.95427 56.1574 14.825
      vertex 4.4 52.65 16.85
      vertex 4.4 56.1574 14.825
    endloop
  endfacet
  facet normal 0 0.502417 -0.864625
    outer loop
      vertex 4.4 49.1426 14.825
      vertex 9 49.15 14.8293
      vertex 9 49.1426 14.825
    endloop
  endfacet
  facet normal 5.20316e-06 0.499997 -0.866027
    outer loop
      vertex 9 49.15 14.8293
      vertex 4.4 49.1426 14.825
      vertex 6.97927 52.65 16.85
    endloop
  endfacet
  facet normal 0 0.5 -0.866025
    outer loop
      vertex 6.97927 52.65 16.85
      vertex 4.4 49.1426 14.825
      vertex 4.4 52.65 16.85
    endloop
  endfacet
  facet normal -1 0 0
    outer loop
      vertex 9 49.1426 10.775
      vertex 9 49.15 14.8293
      vertex 9 49.15 10.7707
    endloop
  endfacet
  facet normal -1 0 0
    outer loop
      vertex 9 49.15 14.8293
      vertex 9 49.1426 10.775
      vertex 9 49.1426 14.825
    endloop
  endfacet
  facet normal 1 0 0
    outer loop
      vertex 4.4 56.1574 14.825
      vertex 4.4 55.15 12.8
      vertex 4.4 56.1574 10.775
    endloop
  endfacet
  facet normal 1 0 0
    outer loop
      vertex 4.4 56.1574 14.825
      vertex 4.4 54.9597 13.7567
      vertex 4.4 55.15 12.8
    endloop
  endfacet
  facet normal 1 0 0
    outer loop
      vertex 4.4 56.1574 14.825
      vertex 4.4 54.4178 14.5678
      vertex 4.4 54.9597 13.7567
    endloop
  endfacet
  facet normal 1 0 0
    outer loop
      vertex 4.4 56.1574 14.825
      vertex 4.4 53.6067 15.1097
      vertex 4.4 54.4178 14.5678
    endloop
  endfacet
  facet normal 1 0 0
    outer loop
      vertex 4.4 52.65 16.85
      vertex 4.4 53.6067 15.1097
      vertex 4.4 56.1574 14.825
    endloop
  endfacet
  facet normal 1 0 0
    outer loop
      vertex 4.4 52.65 16.85
      vertex 4.4 52.65 15.3
      vertex 4.4 53.6067 15.1097
    endloop
  endfacet
  facet normal 1 0 0
    outer loop
      vertex 4.4 52.65 16.85
      vertex 4.4 51.6933 15.1097
      vertex 4.4 52.65 15.3
    endloop
  endfacet
  facet normal 1 0 0
    outer loop
      vertex 4.4 49.1426 14.825
      vertex 4.4 51.6933 15.1097
      vertex 4.4 52.65 16.85
    endloop
  endfacet
  facet normal 1 0 0
    outer loop
      vertex 4.4 50.3403 13.7567
      vertex 4.4 49.1426 14.825
      vertex 4.4 50.15 12.8
    endloop
  endfacet
  facet normal 1 0 0
    outer loop
      vertex 4.4 50.8822 14.5678
      vertex 4.4 49.1426 14.825
      vertex 4.4 50.3403 13.7567
    endloop
  endfacet
  facet normal 1 0 0
    outer loop
      vertex 4.4 51.6933 15.1097
      vertex 4.4 49.1426 14.825
      vertex 4.4 50.8822 14.5678
    endloop
  endfacet
  facet normal 1 -0 0
    outer loop
      vertex 4.4 54.9597 11.8433
      vertex 4.4 56.1574 10.775
      vertex 4.4 55.15 12.8
    endloop
  endfacet
  facet normal 1 -0 0
    outer loop
      vertex 4.4 54.4178 11.0322
      vertex 4.4 56.1574 10.775
      vertex 4.4 54.9597 11.8433
    endloop
  endfacet
  facet normal 1 0 0
    outer loop
      vertex 4.4 53.6067 10.4903
      vertex 4.4 56.1574 10.775
      vertex 4.4 54.4178 11.0322
    endloop
  endfacet
  facet normal 1 0 0
    outer loop
      vertex 4.4 52.65 8.75
      vertex 4.4 53.6067 10.4903
      vertex 4.4 52.65 10.3
    endloop
  endfacet
  facet normal 1 -0 0
    outer loop
      vertex 4.4 53.6067 10.4903
      vertex 4.4 52.65 8.75
      vertex 4.4 56.1574 10.775
    endloop
  endfacet
  facet normal 1 0 0
    outer loop
      vertex 4.4 51.6933 10.4903
      vertex 4.4 52.65 8.75
      vertex 4.4 52.65 10.3
    endloop
  endfacet
  facet normal 1 -0 0
    outer loop
      vertex 4.4 49.1426 10.775
      vertex 4.4 51.6933 10.4903
      vertex 4.4 50.8822 11.0322
    endloop
  endfacet
  facet normal 1 0 0
    outer loop
      vertex 4.4 49.1426 10.775
      vertex 4.4 50.15 12.8
      vertex 4.4 49.1426 14.825
    endloop
  endfacet
  facet normal 1 0 0
    outer loop
      vertex 4.4 51.6933 10.4903
      vertex 4.4 49.1426 10.775
      vertex 4.4 52.65 8.75
    endloop
  endfacet
  facet normal 1 0 0
    outer loop
      vertex 4.4 50.3403 11.8433
      vertex 4.4 49.1426 10.775
      vertex 4.4 50.8822 11.0322
    endloop
  endfacet
  facet normal 1 0 0
    outer loop
      vertex 4.4 50.15 12.8
      vertex 4.4 49.1426 10.775
      vertex 4.4 50.3403 11.8433
    endloop
  endfacet
  facet normal 0 -0.831498 -0.555528
    outer loop
      vertex 1 54.9597 13.7567
      vertex 4.4 54.4178 14.5678
      vertex 1 54.4178 14.5678
    endloop
  endfacet
  facet normal 0 -0.831498 -0.555528
    outer loop
      vertex 4.4 54.4178 14.5678
      vertex 1 54.9597 13.7567
      vertex 4.4 54.9597 13.7567
    endloop
  endfacet
  facet normal 0 -0.555528 0.831498
    outer loop
      vertex 1 54.4178 11.0322
      vertex 4.4 53.6067 10.4903
      vertex 4.4 54.4178 11.0322
    endloop
  endfacet
  facet normal 0 -0.555528 0.831498
    outer loop
      vertex 4.4 53.6067 10.4903
      vertex 1 54.4178 11.0322
      vertex 1 53.6067 10.4903
    endloop
  endfacet
  facet normal 0 -0.195091 0.980785
    outer loop
      vertex 1 53.6067 10.4903
      vertex 4.4 52.65 10.3
      vertex 4.4 53.6067 10.4903
    endloop
  endfacet
  facet normal 0 -0.195091 0.980785
    outer loop
      vertex 4.4 52.65 10.3
      vertex 1 53.6067 10.4903
      vertex 1 52.65 10.3
    endloop
  endfacet
  facet normal 0 -0.555528 -0.831498
    outer loop
      vertex 1 53.6067 15.1097
      vertex 4.4 54.4178 14.5678
      vertex 4.4 53.6067 15.1097
    endloop
  endfacet
  facet normal -0 -0.555528 -0.831498
    outer loop
      vertex 4.4 54.4178 14.5678
      vertex 1 53.6067 15.1097
      vertex 1 54.4178 14.5678
    endloop
  endfacet
  facet normal 0 0.980785 -0.195091
    outer loop
      vertex 4.4 50.15 12.8
      vertex 1 50.3403 13.7567
      vertex 4.4 50.3403 13.7567
    endloop
  endfacet
  facet normal 0 0.980785 -0.195091
    outer loop
      vertex 1 50.3403 13.7567
      vertex 4.4 50.15 12.8
      vertex 1 50.15 12.8
    endloop
  endfacet
  facet normal 0 0.980785 0.195091
    outer loop
      vertex 4.4 50.3403 11.8433
      vertex 1 50.15 12.8
      vertex 4.4 50.15 12.8
    endloop
  endfacet
  facet normal 0 0.980785 0.195091
    outer loop
      vertex 1 50.15 12.8
      vertex 4.4 50.3403 11.8433
      vertex 1 50.3403 11.8433
    endloop
  endfacet
  facet normal 0 0.831498 0.555528
    outer loop
      vertex 4.4 50.8822 11.0322
      vertex 1 50.3403 11.8433
      vertex 4.4 50.3403 11.8433
    endloop
  endfacet
  facet normal 0 0.831498 0.555528
    outer loop
      vertex 1 50.3403 11.8433
      vertex 4.4 50.8822 11.0322
      vertex 1 50.8822 11.0322
    endloop
  endfacet
  facet normal -0 0.555528 0.831498
    outer loop
      vertex 1 51.6933 10.4903
      vertex 4.4 50.8822 11.0322
      vertex 4.4 51.6933 10.4903
    endloop
  endfacet
  facet normal 0 0.555528 0.831498
    outer loop
      vertex 4.4 50.8822 11.0322
      vertex 1 51.6933 10.4903
      vertex 1 50.8822 11.0322
    endloop
  endfacet
  facet normal 0 -0.195091 -0.980785
    outer loop
      vertex 1 52.65 15.3
      vertex 4.4 53.6067 15.1097
      vertex 4.4 52.65 15.3
    endloop
  endfacet
  facet normal -0 -0.195091 -0.980785
    outer loop
      vertex 4.4 53.6067 15.1097
      vertex 1 52.65 15.3
      vertex 1 53.6067 15.1097
    endloop
  endfacet
  facet normal -0 0.195091 0.980785
    outer loop
      vertex 1 52.65 10.3
      vertex 4.4 51.6933 10.4903
      vertex 4.4 52.65 10.3
    endloop
  endfacet
  facet normal 0 0.195091 0.980785
    outer loop
      vertex 4.4 51.6933 10.4903
      vertex 1 52.65 10.3
      vertex 1 51.6933 10.4903
    endloop
  endfacet
  facet normal 0 -0.980785 -0.195091
    outer loop
      vertex 1 55.15 12.8
      vertex 4.4 54.9597 13.7567
      vertex 1 54.9597 13.7567
    endloop
  endfacet
  facet normal 0 -0.980785 -0.195091
    outer loop
      vertex 4.4 54.9597 13.7567
      vertex 1 55.15 12.8
      vertex 4.4 55.15 12.8
    endloop
  endfacet
  facet normal 0 -0.980785 0.195091
    outer loop
      vertex 1 54.9597 11.8433
      vertex 4.4 55.15 12.8
      vertex 1 55.15 12.8
    endloop
  endfacet
  facet normal 0 -0.980785 0.195091
    outer loop
      vertex 4.4 55.15 12.8
      vertex 1 54.9597 11.8433
      vertex 4.4 54.9597 11.8433
    endloop
  endfacet
  facet normal 0 -0.831498 0.555528
    outer loop
      vertex 1 54.4178 11.0322
      vertex 4.4 54.9597 11.8433
      vertex 1 54.9597 11.8433
    endloop
  endfacet
  facet normal 0 -0.831498 0.555528
    outer loop
      vertex 4.4 54.9597 11.8433
      vertex 1 54.4178 11.0322
      vertex 4.4 54.4178 11.0322
    endloop
  endfacet
  facet normal 0 0.555528 -0.831498
    outer loop
      vertex 1 50.8822 14.5678
      vertex 4.4 51.6933 15.1097
      vertex 4.4 50.8822 14.5678
    endloop
  endfacet
  facet normal 0 0.555528 -0.831498
    outer loop
      vertex 4.4 51.6933 15.1097
      vertex 1 50.8822 14.5678
      vertex 1 51.6933 15.1097
    endloop
  endfacet
  facet normal 0 0.195091 -0.980785
    outer loop
      vertex 1 51.6933 15.1097
      vertex 4.4 52.65 15.3
      vertex 4.4 51.6933 15.1097
    endloop
  endfacet
  facet normal 0 0.195091 -0.980785
    outer loop
      vertex 4.4 52.65 15.3
      vertex 1 51.6933 15.1097
      vertex 1 52.65 15.3
    endloop
  endfacet
  facet normal 0 0.831498 -0.555528
    outer loop
      vertex 4.4 50.3403 13.7567
      vertex 1 50.8822 14.5678
      vertex 4.4 50.8822 14.5678
    endloop
  endfacet
  facet normal 0 0.831498 -0.555528
    outer loop
      vertex 1 50.8822 14.5678
      vertex 4.4 50.3403 13.7567
      vertex 1 50.3403 13.7567
    endloop
  endfacet
  facet normal 0 1 -0
    outer loop
      vertex 16.025 49.15 14.6454
      vertex 9 49.15 26
      vertex 26.125 49.15 14.6454
    endloop
  endfacet
  facet normal 0 1 0
    outer loop
      vertex 9 49.15 26
      vertex 16.025 49.15 14.6454
      vertex 15.075 49.15 14.9
    endloop
  endfacet
  facet normal 0 1 -0
    outer loop
      vertex 25.4296 49.15 13.95
      vertex 16.025 49.15 14.6454
      vertex 26.125 49.15 14.6454
    endloop
  endfacet
  facet normal 0 1 0
    outer loop
      vertex 25.4296 49.15 13.95
      vertex 16.7204 49.15 13.95
      vertex 16.025 49.15 14.6454
    endloop
  endfacet
  facet normal 0 1 -0
    outer loop
      vertex 25.175 49.15 13
      vertex 16.7204 49.15 13.95
      vertex 25.4296 49.15 13.95
    endloop
  endfacet
  facet normal 0 1 0
    outer loop
      vertex 25.175 49.15 13
      vertex 16.975 49.15 13
      vertex 16.7204 49.15 13.95
    endloop
  endfacet
  facet normal 0 1 0
    outer loop
      vertex 25.4296 49.15 12.05
      vertex 16.975 49.15 13
      vertex 25.175 49.15 13
    endloop
  endfacet
  facet normal 0 1 0
    outer loop
      vertex 25.4296 49.15 12.05
      vertex 16.7204 49.15 12.05
      vertex 16.975 49.15 13
    endloop
  endfacet
  facet normal 0 1 0
    outer loop
      vertex 26.125 49.15 11.3546
      vertex 16.7204 49.15 12.05
      vertex 25.4296 49.15 12.05
    endloop
  endfacet
  facet normal 0 1 0
    outer loop
      vertex 26.125 49.15 11.3546
      vertex 16.025 49.15 11.3546
      vertex 16.7204 49.15 12.05
    endloop
  endfacet
  facet normal 0 1 0
    outer loop
      vertex 33.15 49.15 0
      vertex 26.125 49.15 11.3546
      vertex 27.075 49.15 11.1
    endloop
  endfacet
  facet normal 0 1 0
    outer loop
      vertex 26.125 49.15 11.3546
      vertex 33.15 49.15 0
      vertex 16.025 49.15 11.3546
    endloop
  endfacet
  facet normal 0 1 0
    outer loop
      vertex 26.125 49.15 14.6454
      vertex 33.15 49.15 26
      vertex 27.075 49.15 14.9
    endloop
  endfacet
  facet normal 0 1 0
    outer loop
      vertex 33.15 49.15 26
      vertex 28.025 49.15 14.6454
      vertex 27.075 49.15 14.9
    endloop
  endfacet
  facet normal 0 1 0
    outer loop
      vertex 33.15 49.15 26
      vertex 28.7204 49.15 13.95
      vertex 28.025 49.15 14.6454
    endloop
  endfacet
  facet normal 0 1 0
    outer loop
      vertex 33.15 49.15 26
      vertex 28.975 49.15 13
      vertex 28.7204 49.15 13.95
    endloop
  endfacet
  facet normal 0 1 -0
    outer loop
      vertex 33.15 49.15 0
      vertex 28.975 49.15 13
      vertex 33.15 49.15 26
    endloop
  endfacet
  facet normal 0 1 0
    outer loop
      vertex 9 49.15 0
      vertex 16.025 49.15 11.3546
      vertex 33.15 49.15 0
    endloop
  endfacet
  facet normal 0 1 0
    outer loop
      vertex 28.025 49.15 11.3546
      vertex 33.15 49.15 0
      vertex 27.075 49.15 11.1
    endloop
  endfacet
  facet normal 0 1 0
    outer loop
      vertex 28.7204 49.15 12.05
      vertex 33.15 49.15 0
      vertex 28.025 49.15 11.3546
    endloop
  endfacet
  facet normal 0 1 0
    outer loop
      vertex 28.975 49.15 13
      vertex 33.15 49.15 0
      vertex 28.7204 49.15 12.05
    endloop
  endfacet
  facet normal 0 1 0
    outer loop
      vertex 33.15 49.15 26
      vertex 26.125 49.15 14.6454
      vertex 9 49.15 26
    endloop
  endfacet
  facet normal 0 1 -0
    outer loop
      vertex 14.125 49.15 14.6454
      vertex 9 49.15 26
      vertex 15.075 49.15 14.9
    endloop
  endfacet
  facet normal 0 1 -0
    outer loop
      vertex 13.4296 49.15 13.95
      vertex 9 49.15 26
      vertex 14.125 49.15 14.6454
    endloop
  endfacet
  facet normal 0 1 -0
    outer loop
      vertex 13.175 49.15 13
      vertex 9 49.15 26
      vertex 13.4296 49.15 13.95
    endloop
  endfacet
  facet normal 0 1 0
    outer loop
      vertex 9 49.15 0
      vertex 13.175 49.15 13
      vertex 13.4296 49.15 12.05
    endloop
  endfacet
  facet normal 0 1 0
    outer loop
      vertex 16.025 49.15 11.3546
      vertex 9 49.15 0
      vertex 15.075 49.15 11.1
    endloop
  endfacet
  facet normal 0 1 0
    outer loop
      vertex 13.175 49.15 13
      vertex 9 49.15 0
      vertex 9 49.15 26
    endloop
  endfacet
  facet normal 0 1 0
    outer loop
      vertex 14.125 49.15 11.3546
      vertex 9 49.15 0
      vertex 13.4296 49.15 12.05
    endloop
  endfacet
  facet normal 0 1 0
    outer loop
      vertex 15.075 49.15 11.1
      vertex 9 49.15 0
      vertex 14.125 49.15 11.3546
    endloop
  endfacet
  facet normal 0.866026 0.499998 0
    outer loop
      vertex 3.2265 59.15 26
      vertex 4.95427 56.1574 14.825
      vertex 3.2265 59.15 0
    endloop
  endfacet
  facet normal 0.866025 0.5 -6.60247e-07
    outer loop
      vertex 3.2265 59.15 26
      vertex 6.97927 52.65 16.85
      vertex 4.95427 56.1574 14.825
    endloop
  endfacet
  facet normal 0.866026 0.5 -4.73238e-07
    outer loop
      vertex 9 49.15 26
      vertex 6.97927 52.65 16.85
      vertex 3.2265 59.15 26
    endloop
  endfacet
  facet normal 0.866025 0.500001 0
    outer loop
      vertex 6.97927 52.65 16.85
      vertex 9 49.15 26
      vertex 9 49.15 14.8293
    endloop
  endfacet
  facet normal 0.866026 0.499998 -0
    outer loop
      vertex 4.95427 56.1574 10.775
      vertex 3.2265 59.15 0
      vertex 4.95427 56.1574 14.825
    endloop
  endfacet
  facet normal 0.866025 0.5 6.8137e-07
    outer loop
      vertex 6.97927 52.65 8.75
      vertex 3.2265 59.15 0
      vertex 4.95427 56.1574 10.775
    endloop
  endfacet
  facet normal 0.866025 0.500001 -0
    outer loop
      vertex 9 49.15 0
      vertex 6.97927 52.65 8.75
      vertex 9 49.15 10.7707
    endloop
  endfacet
  facet normal 0.866026 0.5 4.94872e-07
    outer loop
      vertex 6.97927 52.65 8.75
      vertex 9 49.15 0
      vertex 3.2265 59.15 0
    endloop
  endfacet
  facet normal -0 0 0
    outer loop
      vertex 9 49.15 14.8293
      vertex 9 49.15 26
      vertex 9 49.15 0
    endloop
  endfacet
  facet normal -0 0 0
    outer loop
      vertex 9 49.15 10.7707
      vertex 9 49.15 14.8293
      vertex 9 49.15 0
    endloop
  endfacet
  facet normal -0.866023 0.500005 0
    outer loop
      vertex 38.9235 59.15 0
      vertex 37.1957 56.1574 10.775
      vertex 38.9235 59.15 26
    endloop
  endfacet
  facet normal -0.866025 0.500001 -1.39663e-06
    outer loop
      vertex 38.9235 59.15 0
      vertex 35.1707 52.65 8.75
      vertex 37.1957 56.1574 10.775
    endloop
  endfacet
  facet normal -0.866026 0.5 -2.47436e-06
    outer loop
      vertex 33.15 49.15 0
      vertex 35.1707 52.65 8.75
      vertex 38.9235 59.15 0
    endloop
  endfacet
  facet normal -0.866028 0.499995 0
    outer loop
      vertex 35.1707 52.65 8.75
      vertex 33.15 49.15 0
      vertex 33.15 49.15 10.7707
    endloop
  endfacet
  facet normal -0.866023 0.500005 0
    outer loop
      vertex 37.1957 56.1574 14.825
      vertex 38.9235 59.15 26
      vertex 37.1957 56.1574 10.775
    endloop
  endfacet
  facet normal -0.866025 0.500001 1.35333e-06
    outer loop
      vertex 35.1707 52.65 16.85
      vertex 38.9235 59.15 26
      vertex 37.1957 56.1574 14.825
    endloop
  endfacet
  facet normal -0.866028 0.499995 0
    outer loop
      vertex 33.15 49.15 26
      vertex 35.1707 52.65 16.85
      vertex 33.15 49.15 14.8293
    endloop
  endfacet
  facet normal -0.866026 0.5 2.36619e-06
    outer loop
      vertex 35.1707 52.65 16.85
      vertex 33.15 49.15 26
      vertex 38.9235 59.15 26
    endloop
  endfacet
  facet normal 0 -0 0
    outer loop
      vertex 33.15 49.15 10.7707
      vertex 33.15 49.15 0
      vertex 33.15 49.15 26
    endloop
  endfacet
  facet normal 0 -0 0
    outer loop
      vertex 33.15 49.15 14.8293
      vertex 33.15 49.15 10.7707
      vertex 33.15 49.15 26
    endloop
  endfacet
  facet normal 1 -0 0
    outer loop
      vertex 41.15 38.25 26
      vertex 41.15 41.75 0
      vertex 41.15 41.75 26
    endloop
  endfacet
  facet normal 1 0 0
    outer loop
      vertex 41.15 41.75 0
      vertex 41.15 38.25 26
      vertex 41.15 38.25 0
    endloop
  endfacet
  facet normal 1 0 0
    outer loop
      vertex 41.15 59.15 26
      vertex 41.15 55.15 12.8
      vertex 41.15 59.15 0
    endloop
  endfacet
  facet normal 1 0 0
    outer loop
      vertex 41.15 59.15 26
      vertex 41.15 54.9597 13.7567
      vertex 41.15 55.15 12.8
    endloop
  endfacet
  facet normal 1 0 0
    outer loop
      vertex 41.15 59.15 26
      vertex 41.15 54.4178 14.5678
      vertex 41.15 54.9597 13.7567
    endloop
  endfacet
  facet normal 1 0 0
    outer loop
      vertex 41.15 59.15 26
      vertex 41.15 53.6067 15.1097
      vertex 41.15 54.4178 14.5678
    endloop
  endfacet
  facet normal 1 0 0
    outer loop
      vertex 41.15 59.15 26
      vertex 41.15 52.65 15.3
      vertex 41.15 53.6067 15.1097
    endloop
  endfacet
  facet normal 1 0 0
    outer loop
      vertex 41.15 59.15 26
      vertex 41.15 51.6933 15.1097
      vertex 41.15 52.65 15.3
    endloop
  endfacet
  facet normal 1 -0 0
    outer loop
      vertex 41.15 41.75 26
      vertex 41.15 51.6933 15.1097
      vertex 41.15 59.15 26
    endloop
  endfacet
  facet normal 1 0 0
    outer loop
      vertex 41.15 50.3403 13.7567
      vertex 41.15 41.75 26
      vertex 41.15 50.15 12.8
    endloop
  endfacet
  facet normal 1 0 0
    outer loop
      vertex 41.15 50.8822 14.5678
      vertex 41.15 41.75 26
      vertex 41.15 50.3403 13.7567
    endloop
  endfacet
  facet normal 1 0 0
    outer loop
      vertex 41.15 51.6933 15.1097
      vertex 41.15 41.75 26
      vertex 41.15 50.8822 14.5678
    endloop
  endfacet
  facet normal 1 -0 0
    outer loop
      vertex 41.15 54.9597 11.8433
      vertex 41.15 59.15 0
      vertex 41.15 55.15 12.8
    endloop
  endfacet
  facet normal 1 -0 0
    outer loop
      vertex 41.15 54.4178 11.0322
      vertex 41.15 59.15 0
      vertex 41.15 54.9597 11.8433
    endloop
  endfacet
  facet normal 1 -0 0
    outer loop
      vertex 41.15 53.6067 10.4903
      vertex 41.15 59.15 0
      vertex 41.15 54.4178 11.0322
    endloop
  endfacet
  facet normal 1 -0 0
    outer loop
      vertex 41.15 52.65 10.3
      vertex 41.15 59.15 0
      vertex 41.15 53.6067 10.4903
    endloop
  endfacet
  facet normal 1 0 0
    outer loop
      vertex 41.15 51.6933 10.4903
      vertex 41.15 59.15 0
      vertex 41.15 52.65 10.3
    endloop
  endfacet
  facet normal 1 0 0
    outer loop
      vertex 41.15 41.75 0
      vertex 41.15 51.6933 10.4903
      vertex 41.15 50.8822 11.0322
    endloop
  endfacet
  facet normal 1 0 0
    outer loop
      vertex 41.15 41.75 0
      vertex 41.15 50.15 12.8
      vertex 41.15 41.75 26
    endloop
  endfacet
  facet normal 1 0 0
    outer loop
      vertex 41.15 51.6933 10.4903
      vertex 41.15 41.75 0
      vertex 41.15 59.15 0
    endloop
  endfacet
  facet normal 1 0 0
    outer loop
      vertex 41.15 50.3403 11.8433
      vertex 41.15 41.75 0
      vertex 41.15 50.8822 11.0322
    endloop
  endfacet
  facet normal 1 0 0
    outer loop
      vertex 41.15 50.15 12.8
      vertex 41.15 41.75 0
      vertex 41.15 50.3403 11.8433
    endloop
  endfacet
  facet normal -0 0 1
    outer loop
      vertex 33.15 49.15 26
      vertex 41.15 41.75 26
      vertex 41.15 59.15 26
    endloop
  endfacet
  facet normal 0 0 1
    outer loop
      vertex 33.15 49.15 26
      vertex 41.15 59.15 26
      vertex 38.9235 59.15 26
    endloop
  endfacet
  facet normal 0 0 1
    outer loop
      vertex 41.15 41.75 26
      vertex 37.65 41.75 26
      vertex 41.15 38.25 26
    endloop
  endfacet
  facet normal 0 0 1
    outer loop
      vertex 41.15 41.75 26
      vertex 33.15 49.15 26
      vertex 37.65 41.75 26
    endloop
  endfacet
  facet normal -0 0 1
    outer loop
      vertex 9 49.15 26
      vertex 37.65 41.75 26
      vertex 33.15 49.15 26
    endloop
  endfacet
  facet normal 0 0 1
    outer loop
      vertex 9 49.15 26
      vertex 4.5 41.75 26
      vertex 37.65 41.75 26
    endloop
  endfacet
  facet normal -0 0 1
    outer loop
      vertex 1 59.15 26
      vertex 9 49.15 26
      vertex 3.2265 59.15 26
    endloop
  endfacet
  facet normal 0 0 1
    outer loop
      vertex 9 49.15 26
      vertex 1 59.15 26
      vertex 1 41.75 26
    endloop
  endfacet
  facet normal 0 0 1
    outer loop
      vertex 9 49.15 26
      vertex 1 41.75 26
      vertex 4.5 41.75 26
    endloop
  endfacet
  facet normal 0 0 1
    outer loop
      vertex 4.5 41.75 26
      vertex 1 41.75 26
      vertex 1 38.25 26
    endloop
  endfacet
  facet normal 0 0 -1
    outer loop
      vertex 37.65 41.75 0
      vertex 41.15 41.75 0
      vertex 41.15 38.25 0
    endloop
  endfacet
  facet normal 0 0 -1
    outer loop
      vertex 33.15 49.15 0
      vertex 41.15 41.75 0
      vertex 37.65 41.75 0
    endloop
  endfacet
  facet normal 0 0 -1
    outer loop
      vertex 41.15 41.75 0
      vertex 33.15 49.15 0
      vertex 41.15 59.15 0
    endloop
  endfacet
  facet normal -0 0 -1
    outer loop
      vertex 41.15 59.15 0
      vertex 33.15 49.15 0
      vertex 38.9235 59.15 0
    endloop
  endfacet
  facet normal 0 0 -1
    outer loop
      vertex 37.65 41.75 0
      vertex 9 49.15 0
      vertex 33.15 49.15 0
    endloop
  endfacet
  facet normal 0 0 -1
    outer loop
      vertex 4.5 41.75 0
      vertex 9 49.15 0
      vertex 37.65 41.75 0
    endloop
  endfacet
  facet normal 0 0 -1
    outer loop
      vertex 1 41.75 0
      vertex 9 49.15 0
      vertex 4.5 41.75 0
    endloop
  endfacet
  facet normal 0 0 -1
    outer loop
      vertex 1 41.75 0
      vertex 4.5 41.75 0
      vertex 1 38.25 0
    endloop
  endfacet
  facet normal 0 0 -1
    outer loop
      vertex 1 59.15 0
      vertex 9 49.15 0
      vertex 1 41.75 0
    endloop
  endfacet
  facet normal 0 0 -1
    outer loop
      vertex 9 49.15 0
      vertex 1 59.15 0
      vertex 3.2265 59.15 0
    endloop
  endfacet
  facet normal -1 0 0
    outer loop
      vertex 1 38.25 0
      vertex 1 41.75 26
      vertex 1 41.75 0
    endloop
  endfacet
  facet normal -1 -0 0
    outer loop
      vertex 1 41.75 26
      vertex 1 38.25 0
      vertex 1 38.25 26
    endloop
  endfacet
  facet normal -1 0 0
    outer loop
      vertex 1 59.15 0
      vertex 1 55.15 12.8
      vertex 1 59.15 26
    endloop
  endfacet
  facet normal -1 0 0
    outer loop
      vertex 1 59.15 0
      vertex 1 54.9597 11.8433
      vertex 1 55.15 12.8
    endloop
  endfacet
  facet normal -1 0 0
    outer loop
      vertex 1 59.15 0
      vertex 1 54.4178 11.0322
      vertex 1 54.9597 11.8433
    endloop
  endfacet
  facet normal -1 0 0
    outer loop
      vertex 1 59.15 0
      vertex 1 53.6067 10.4903
      vertex 1 54.4178 11.0322
    endloop
  endfacet
  facet normal -1 0 0
    outer loop
      vertex 1 59.15 0
      vertex 1 52.65 10.3
      vertex 1 53.6067 10.4903
    endloop
  endfacet
  facet normal -1 0 0
    outer loop
      vertex 1 59.15 0
      vertex 1 51.6933 10.4903
      vertex 1 52.65 10.3
    endloop
  endfacet
  facet normal -1 0 0
    outer loop
      vertex 1 41.75 0
      vertex 1 51.6933 10.4903
      vertex 1 59.15 0
    endloop
  endfacet
  facet normal -1 -0 0
    outer loop
      vertex 1 50.3403 11.8433
      vertex 1 41.75 0
      vertex 1 50.15 12.8
    endloop
  endfacet
  facet normal -1 -0 0
    outer loop
      vertex 1 50.8822 11.0322
      vertex 1 41.75 0
      vertex 1 50.3403 11.8433
    endloop
  endfacet
  facet normal -1 -0 0
    outer loop
      vertex 1 51.6933 10.4903
      vertex 1 41.75 0
      vertex 1 50.8822 11.0322
    endloop
  endfacet
  facet normal -1 0 0
    outer loop
      vertex 1 54.9597 13.7567
      vertex 1 59.15 26
      vertex 1 55.15 12.8
    endloop
  endfacet
  facet normal -1 0 0
    outer loop
      vertex 1 54.4178 14.5678
      vertex 1 59.15 26
      vertex 1 54.9597 13.7567
    endloop
  endfacet
  facet normal -1 0 0
    outer loop
      vertex 1 53.6067 15.1097
      vertex 1 59.15 26
      vertex 1 54.4178 14.5678
    endloop
  endfacet
  facet normal -1 0 0
    outer loop
      vertex 1 52.65 15.3
      vertex 1 59.15 26
      vertex 1 53.6067 15.1097
    endloop
  endfacet
  facet normal -1 0 0
    outer loop
      vertex 1 51.6933 15.1097
      vertex 1 59.15 26
      vertex 1 52.65 15.3
    endloop
  endfacet
  facet normal -1 0 0
    outer loop
      vertex 1 41.75 26
      vertex 1 51.6933 15.1097
      vertex 1 50.8822 14.5678
    endloop
  endfacet
  facet normal -1 0 0
    outer loop
      vertex 1 41.75 26
      vertex 1 50.15 12.8
      vertex 1 41.75 0
    endloop
  endfacet
  facet normal -1 0 0
    outer loop
      vertex 1 51.6933 15.1097
      vertex 1 41.75 26
      vertex 1 59.15 26
    endloop
  endfacet
  facet normal -1 0 0
    outer loop
      vertex 1 50.3403 13.7567
      vertex 1 41.75 26
      vertex 1 50.8822 14.5678
    endloop
  endfacet
  facet normal -1 0 0
    outer loop
      vertex 1 50.15 12.8
      vertex 1 41.75 26
      vertex 1 50.3403 13.7567
    endloop
  endfacet
  facet normal 0 1 -0
    outer loop
      vertex 3.2265 59.15 0
      vertex 1 59.15 26
      vertex 3.2265 59.15 26
    endloop
  endfacet
  facet normal 0 1 0
    outer loop
      vertex 1 59.15 26
      vertex 3.2265 59.15 0
      vertex 1 59.15 0
    endloop
  endfacet
  facet normal 0 1 -0
    outer loop
      vertex 41.15 59.15 0
      vertex 38.9235 59.15 26
      vertex 41.15 59.15 26
    endloop
  endfacet
  facet normal 0 1 0
    outer loop
      vertex 38.9235 59.15 26
      vertex 41.15 59.15 0
      vertex 38.9235 59.15 0
    endloop
  endfacet
  facet normal 0 -1 0
    outer loop
      vertex 18.1494 41.75 14.775
      vertex 27.075 41.75 16.55
      vertex 15.075 41.75 16.55
    endloop
  endfacet
  facet normal 0 -1 0
    outer loop
      vertex 18.1494 41.75 14.775
      vertex 24.0006 41.75 14.775
      vertex 27.075 41.75 16.55
    endloop
  endfacet
  facet normal 0 -1 0
    outer loop
      vertex 18.1494 41.75 11.225
      vertex 24.0006 41.75 14.775
      vertex 18.1494 41.75 14.775
    endloop
  endfacet
  facet normal 0 -1 0
    outer loop
      vertex 18.1494 41.75 11.225
      vertex 24.0006 41.75 11.225
      vertex 24.0006 41.75 14.775
    endloop
  endfacet
  facet normal 0 -1 0
    outer loop
      vertex 15.075 41.75 9.45
      vertex 24.0006 41.75 11.225
      vertex 18.1494 41.75 11.225
    endloop
  endfacet
  facet normal 0 -1 -0
    outer loop
      vertex 24.0006 41.75 11.225
      vertex 15.075 41.75 9.45
      vertex 27.075 41.75 9.45
    endloop
  endfacet
  facet normal 0 -1 0
    outer loop
      vertex 4.5 41.75 26
      vertex 15.075 41.75 16.55
      vertex 37.65 41.75 26
    endloop
  endfacet
  facet normal 0 -1 0
    outer loop
      vertex 4.5 41.75 26
      vertex 12.0006 41.75 14.775
      vertex 15.075 41.75 16.55
    endloop
  endfacet
  facet normal 0 -1 0
    outer loop
      vertex 4.5 41.75 26
      vertex 12.0006 41.75 11.225
      vertex 12.0006 41.75 14.775
    endloop
  endfacet
  facet normal 0 -1 -0
    outer loop
      vertex 15.075 41.75 9.45
      vertex 4.5 41.75 0
      vertex 27.075 41.75 9.45
    endloop
  endfacet
  facet normal 0 -1 -0
    outer loop
      vertex 12.0006 41.75 11.225
      vertex 4.5 41.75 0
      vertex 15.075 41.75 9.45
    endloop
  endfacet
  facet normal 0 -1 0
    outer loop
      vertex 4.5 41.75 0
      vertex 12.0006 41.75 11.225
      vertex 4.5 41.75 26
    endloop
  endfacet
  facet normal 0 -1 0
    outer loop
      vertex 27.075 41.75 16.55
      vertex 37.65 41.75 26
      vertex 15.075 41.75 16.55
    endloop
  endfacet
  facet normal 0 -1 0
    outer loop
      vertex 30.1494 41.75 14.775
      vertex 37.65 41.75 26
      vertex 27.075 41.75 16.55
    endloop
  endfacet
  facet normal 0 -1 0
    outer loop
      vertex 30.1494 41.75 11.225
      vertex 37.65 41.75 26
      vertex 30.1494 41.75 14.775
    endloop
  endfacet
  facet normal 0 -1 0
    outer loop
      vertex 30.1494 41.75 11.225
      vertex 37.65 41.75 0
      vertex 37.65 41.75 26
    endloop
  endfacet
  facet normal 0 -1 0
    outer loop
      vertex 27.075 41.75 9.45
      vertex 37.65 41.75 0
      vertex 30.1494 41.75 11.225
    endloop
  endfacet
  facet normal 0 -1 0
    outer loop
      vertex 37.65 41.75 0
      vertex 27.075 41.75 9.45
      vertex 4.5 41.75 0
    endloop
  endfacet
  facet normal -0.707107 -0.707107 0
    outer loop
      vertex 41.15 38.25 0
      vertex 37.65 41.75 26
      vertex 37.65 41.75 0
    endloop
  endfacet
  facet normal -0.707107 -0.707107 0
    outer loop
      vertex 37.65 41.75 26
      vertex 41.15 38.25 0
      vertex 41.15 38.25 26
    endloop
  endfacet
  facet normal 0.707107 -0.707107 0
    outer loop
      vertex 1 38.25 26
      vertex 4.5 41.75 0
      vertex 4.5 41.75 26
    endloop
  endfacet
  facet normal 0.707107 -0.707107 0
    outer loop
      vertex 4.5 41.75 0
      vertex 1 38.25 26
      vertex 1 38.25 0
    endloop
  endfacet
endsolid OpenSCAD_Model
