solid Untitled-5e31b08f
facet normal 0.653281482438175 -0.653281482438172 0.382683432365141
  outer loop
    vertex 2.01054149099221 7.55448803429947 1.10310312922335
    vertex 3.23744875075138 8.90519942459452 1.31445000000001
    vertex 1.92299875075139 7.59074942459453 1.31445000000001
  endloop
endfacet
facet normal 0.653281482438175 -0.653281482438172 0.382683432365141
  outer loop
    vertex 3.23744875075138 8.90519942459452 1.31445000000001
    vertex 2.01054149099221 7.55448803429947 1.10310312922335
    vertex 3.3249914909922 8.86893803429947 1.10310312922335
  endloop
endfacet
facet normal 0.560985526796908 -0.560985526796906 0.608761429008765
  outer loop
    vertex 3.23744875075138 8.90519942459452 1.31445000000001
    vertex 1.78373836176884 7.64843296641245 1.49593767235379
    vertex 1.92299875075139 7.59074942459453 1.31445000000001
  endloop
endfacet
facet normal 0.560985526796908 -0.560985526796906 0.608761429008765
  outer loop
    vertex 1.78373836176884 7.64843296641245 1.49593767235379
    vertex 3.23744875075138 8.90519942459452 1.31445000000001
    vertex 3.09818836176883 8.96288296641244 1.49593767235379
  endloop
endfacet
facet normal -0.130526192220095 3.57755373059383e-016 0.991444861373805
  outer loop
    vertex 2.47855068941507 56.2479252953982 1.75259999999998
    vertex 2.25174756019173 9.31349022617163 1.7227408015771
    vertex 2.47855068941507 9.21954529405867 1.7526
  endloop
endfacet
facet normal -0.130526192220095 3.57755373059383e-016 0.991444861373805
  outer loop
    vertex 2.25174756019173 9.31349022617163 1.7227408015771
    vertex 2.47855068941507 56.2479252953982 1.75259999999998
    vertex 2.25174756019173 56.1539803632852 1.72274080157708
  endloop
endfacet
facet normal -0.923879532511289 1.38091962774171e-016 0.382683432365084
  outer loop
    vertex 1.63210988783797 55.897318035639 1.1031031292233
    vertex 1.71965262807877 9.53389116352281 1.31444999999998
    vertex 1.71965262807877 55.933579425934 1.31444999999996
  endloop
endfacet
facet normal -0.923879532511289 1.38091962774171e-016 0.382683432365084
  outer loop
    vertex 1.71965262807877 9.53389116352281 1.31444999999998
    vertex 1.63210988783797 55.897318035639 1.1031031292233
    vertex 1.63210988783797 9.57015255381786 1.10310312922332
  endloop
endfacet
facet normal -0.793353340291254 -2.19722106424868e-016 -0.608761429008696
  outer loop
    vertex 1.85891301706131 55.9912629677519 0.256662327646187
    vertex 1.71965262807879 9.5338911635228 0.43814999999998
    vertex 1.71965262807879 55.933579425934 0.438149999999963
  endloop
endfacet
facet normal -0.793353340291254 -2.19722106424868e-016 -0.608761429008696
  outer loop
    vertex 1.71965262807879 9.5338911635228 0.43814999999998
    vertex 1.85891301706131 55.9912629677519 0.256662327646187
    vertex 1.85891301706131 9.47620762170489 0.256662327646203
  endloop
endfacet
facet normal 0.430459334576875 -0.430459334576874 0.79335334029124
  outer loop
    vertex 3.09818836176883 8.96288296641244 1.49593767235379
    vertex 1.60225068941507 7.7236076217049 1.6351980613363
    vertex 1.78373836176884 7.64843296641245 1.49593767235379
  endloop
endfacet
facet normal 0.430459334576875 -0.430459334576874 0.79335334029124
  outer loop
    vertex 1.60225068941507 7.7236076217049 1.6351980613363
    vertex 3.09818836176883 8.96288296641244 1.49593767235379
    vertex 2.91670068941507 9.0380576217049 1.6351980613363
  endloop
endfacet
facet normal 0.430459334576892 -0.430459334576892 -0.793353340291222
  outer loop
    vertex 1.60225068941511 7.72360762170489 0.117401938663694
    vertex 3.09818836176887 8.96288296641243 0.256662327646237
    vertex 1.78373836176887 7.64843296641244 0.256662327646237
  endloop
endfacet
facet normal 0.430459334576892 -0.430459334576892 -0.793353340291222
  outer loop
    vertex 3.09818836176887 8.96288296641243 0.256662327646237
    vertex 1.60225068941511 7.72360762170489 0.117401938663694
    vertex 2.9167006894151 9.03805762170489 0.117401938663693
  endloop
endfacet
facet normal 0.270598050073104 -0.270598050073103 0.923879532511284
  outer loop
    vertex 2.91670068941507 9.0380576217049 1.6351980613363
    vertex 1.39090381863842 7.81115036194571 1.72274080157711
    vertex 1.60225068941507 7.7236076217049 1.6351980613363
  endloop
endfacet
facet normal 0.270598050073104 -0.270598050073103 0.923879532511284
  outer loop
    vertex 1.39090381863842 7.81115036194571 1.72274080157711
    vertex 2.91670068941507 9.0380576217049 1.6351980613363
    vertex 2.70535381863841 9.1256003619457 1.72274080157711
  endloop
endfacet
facet normal 0.0922959556412341 -0.0922959556412336 0.991444861373815
  outer loop
    vertex 2.70535381863841 9.1256003619457 1.72274080157711
    vertex 1.16410068941507 7.90509529405868 1.7526
    vertex 1.39090381863842 7.81115036194571 1.72274080157711
  endloop
endfacet
facet normal 0.0922959556412341 -0.0922959556412336 0.991444861373815
  outer loop
    vertex 1.16410068941507 7.90509529405868 1.7526
    vertex 2.70535381863841 9.1256003619457 1.72274080157711
    vertex 2.47855068941507 9.21954529405867 1.7526
  endloop
endfacet
facet normal -0.0922959556412754 0.0922959556412757 0.991444861373807
  outer loop
    vertex 2.47855068941507 9.21954529405867 1.7526
    vertex 0.937297560191733 7.99904022617164 1.7227408015771
    vertex 1.16410068941507 7.90509529405868 1.7526
  endloop
endfacet
facet normal -0.0922959556412754 0.0922959556412757 0.991444861373807
  outer loop
    vertex 0.937297560191733 7.99904022617164 1.7227408015771
    vertex 2.47855068941507 9.21954529405867 1.7526
    vertex 2.25174756019173 9.31349022617163 1.7227408015771
  endloop
endfacet
facet normal 0.991444861373814 4.71315024317872e-017 0.130526192220024
  outer loop
    vertex 3.35485068941508 8.85656994935112 0.876300000000013
    vertex 3.3249914909922 56.5985325551574 1.10310312922334
    vertex 3.3249914909922 8.86893803429947 1.10310312922335
  endloop
endfacet
facet normal 0.991444861373814 4.71315024317872e-017 0.130526192220024
  outer loop
    vertex 3.3249914909922 56.5985325551574 1.10310312922334
    vertex 3.35485068941508 8.85656994935112 0.876300000000013
    vertex 3.35485068941508 56.6109006401057 0.876299999999996
  endloop
endfacet
facet normal 0.608761429008668 2.863093916586e-016 0.793353340291275
  outer loop
    vertex 3.09818836176883 56.5045876230444 1.49593767235377
    vertex 2.91670068941507 9.0380576217049 1.6351980613363
    vertex 3.09818836176883 8.96288296641244 1.49593767235379
  endloop
endfacet
facet normal 0.608761429008668 2.863093916586e-016 0.793353340291275
  outer loop
    vertex 2.91670068941507 9.0380576217049 1.6351980613363
    vertex 3.09818836176883 56.5045876230444 1.49593767235377
    vertex 2.91670068941507 56.4294129677519 1.63519806133628
  endloop
endfacet
facet normal 0.793353340291219 2.1962275755741e-016 0.608761429008742
  outer loop
    vertex 3.23744875075138 8.90519942459452 1.31445000000001
    vertex 3.09818836176883 56.5045876230444 1.49593767235377
    vertex 3.09818836176883 8.96288296641244 1.49593767235379
  endloop
endfacet
facet normal 0.793353340291219 2.1962275755741e-016 0.608761429008742
  outer loop
    vertex 3.09818836176883 56.5045876230444 1.49593767235377
    vertex 3.23744875075138 8.90519942459452 1.31445000000001
    vertex 3.23744875075138 56.5622711648623 1.31445
  endloop
endfacet
facet normal -0.608761429008633 -2.86293178503972e-016 -0.793353340291302
  outer loop
    vertex 1.85891301706131 9.47620762170489 0.256662327646203
    vertex 2.0404006894151 56.0664376230444 0.117401938663676
    vertex 2.0404006894151 9.40103296641242 0.117401938663693
  endloop
endfacet
facet normal -0.608761429008633 -2.86293178503972e-016 -0.793353340291302
  outer loop
    vertex 2.0404006894151 56.0664376230444 0.117401938663676
    vertex 1.85891301706131 9.47620762170489 0.256662327646203
    vertex 1.85891301706131 55.9912629677519 0.256662327646187
  endloop
endfacet
facet normal 0.382683432365128 3.33326139453135e-016 0.923879532511271
  outer loop
    vertex 2.91670068941507 56.4294129677519 1.63519806133628
    vertex 2.70535381863841 9.1256003619457 1.72274080157711
    vertex 2.91670068941507 9.0380576217049 1.6351980613363
  endloop
endfacet
facet normal 0.382683432365128 3.33326139453135e-016 0.923879532511271
  outer loop
    vertex 2.70535381863841 9.1256003619457 1.72274080157711
    vertex 2.91670068941507 56.4294129677519 1.63519806133628
    vertex 2.70535381863841 56.3418702275111 1.7227408015771
  endloop
endfacet
facet normal 0.701057384649984 -0.701057384649983 -0.130526192219993
  outer loop
    vertex 2.01054149099222 7.55448803429947 0.649496870776674
    vertex 3.35485068941508 8.85656994935112 0.876300000000013
    vertex 2.04040068941509 7.54211994935112 0.876300000000014
  endloop
endfacet
facet normal 0.701057384649984 -0.701057384649983 -0.130526192219993
  outer loop
    vertex 3.35485068941508 8.85656994935112 0.876300000000013
    vertex 2.01054149099222 7.55448803429947 0.649496870776674
    vertex 3.32499149099221 8.86893803429946 0.649496870776673
  endloop
endfacet
facet normal -0.991444861373809 -4.70580304483783e-017 -0.13052619222006
  outer loop
    vertex 1.63210988783797 55.897318035639 0.649496870776623
    vertex 1.60225068941508 9.5825206387662 0.87629999999998
    vertex 1.60225068941508 55.8849499506906 0.876299999999963
  endloop
endfacet
facet normal -0.991444861373809 -4.70580304483783e-017 -0.13052619222006
  outer loop
    vertex 1.60225068941508 9.5825206387662 0.87629999999998
    vertex 1.63210988783797 55.897318035639 0.649496870776623
    vertex 1.63210988783797 9.57015255381785 0.64949687077664
  endloop
endfacet
facet normal 0.923879532511263 1.38091348161646e-016 0.382683432365146
  outer loop
    vertex 3.3249914909922 8.86893803429947 1.10310312922335
    vertex 3.23744875075138 56.5622711648623 1.31445
    vertex 3.23744875075138 8.90519942459452 1.31445000000001
  endloop
endfacet
facet normal 0.923879532511263 1.38091348161646e-016 0.382683432365146
  outer loop
    vertex 3.23744875075138 56.5622711648623 1.31445
    vertex 3.3249914909922 8.86893803429947 1.10310312922335
    vertex 3.3249914909922 56.5985325551574 1.10310312922334
  endloop
endfacet
facet normal 0.130526192220019 3.57757016408105e-016 0.991444861373815
  outer loop
    vertex 2.70535381863841 56.3418702275111 1.7227408015771
    vertex 2.47855068941507 9.21954529405867 1.7526
    vertex 2.70535381863841 9.1256003619457 1.72274080157711
  endloop
endfacet
facet normal 0.130526192220019 3.57757016408105e-016 0.991444861373815
  outer loop
    vertex 2.47855068941507 9.21954529405867 1.7526
    vertex 2.70535381863841 56.3418702275111 1.7227408015771
    vertex 2.47855068941507 56.2479252953982 1.75259999999998
  endloop
endfacet
facet normal -0.923879532511276 -1.38080786270159e-016 -0.382683432365115
  outer loop
    vertex 1.71965262807879 55.933579425934 0.438149999999963
    vertex 1.63210988783797 9.57015255381785 0.64949687077664
    vertex 1.63210988783797 55.897318035639 0.649496870776623
  endloop
endfacet
facet normal -0.923879532511276 -1.38080786270159e-016 -0.382683432365115
  outer loop
    vertex 1.63210988783797 9.57015255381785 0.64949687077664
    vertex 1.71965262807879 55.933579425934 0.438149999999963
    vertex 1.71965262807879 9.5338911635228 0.43814999999998
  endloop
endfacet
facet normal -0.270598050073099 0.270598050073099 -0.923879532511287
  outer loop
    vertex 0.725950689415115 8.08658296641243 0.117401938663694
    vertex 2.25174756019176 9.31349022617162 0.0298591984228798
    vertex 0.937297560191766 7.99904022617163 0.0298591984228802
  endloop
endfacet
facet normal -0.270598050073099 0.270598050073099 -0.923879532511287
  outer loop
    vertex 2.25174756019176 9.31349022617162 0.0298591984228798
    vertex 0.725950689415115 8.08658296641243 0.117401938663694
    vertex 2.0404006894151 9.40103296641242 0.117401938663693
  endloop
endfacet
facet normal -0.0922959556412379 0.0922959556412375 -0.991444861373814
  outer loop
    vertex 0.937297560191766 7.99904022617163 0.0298591984228802
    vertex 2.4785506894151 9.21954529405866 -3.17246229286638e-015
    vertex 1.16410068941511 7.90509529405866 -2.8199664825479e-015
  endloop
endfacet
facet normal -0.0922959556412379 0.0922959556412375 -0.991444861373814
  outer loop
    vertex 2.4785506894151 9.21954529405866 -3.17246229286638e-015
    vertex 0.937297560191766 7.99904022617163 0.0298591984228802
    vertex 2.25174756019176 9.31349022617162 0.0298591984228798
  endloop
endfacet
facet normal -0.608761429008777 2.86208166625917e-016 0.793353340291192
  outer loop
    vertex 2.04040068941506 56.0664376230444 1.63519806133628
    vertex 1.8589130170613 9.4762076217049 1.49593767235376
    vertex 2.04040068941506 9.40103296641244 1.6351980613363
  endloop
endfacet
facet normal -0.608761429008777 2.86208166625917e-016 0.793353340291192
  outer loop
    vertex 1.8589130170613 9.4762076217049 1.49593767235376
    vertex 2.04040068941506 56.0664376230444 1.63519806133628
    vertex 1.8589130170613 55.9912629677519 1.49593767235374
  endloop
endfacet
facet normal 0.560985526796943 -0.560985526796943 -0.608761429008698
  outer loop
    vertex 1.78373836176887 7.64843296641244 0.256662327646237
    vertex 3.23744875075139 8.90519942459451 0.438150000000013
    vertex 1.9229987507514 7.59074942459452 0.438150000000014
  endloop
endfacet
facet normal 0.560985526796943 -0.560985526796943 -0.608761429008698
  outer loop
    vertex 3.23744875075139 8.90519942459451 0.438150000000013
    vertex 1.78373836176887 7.64843296641244 0.256662327646237
    vertex 3.09818836176887 8.96288296641243 0.256662327646237
  endloop
endfacet
facet normal 0.653281482438181 -0.653281482438181 -0.382683432365115
  outer loop
    vertex 1.9229987507514 7.59074942459452 0.438150000000014
    vertex 3.32499149099221 8.86893803429946 0.649496870776673
    vertex 2.01054149099222 7.55448803429947 0.649496870776674
  endloop
endfacet
facet normal 0.653281482438181 -0.653281482438181 -0.382683432365115
  outer loop
    vertex 3.32499149099221 8.86893803429946 0.649496870776673
    vertex 1.9229987507514 7.59074942459452 0.438150000000014
    vertex 3.23744875075139 8.90519942459451 0.438150000000013
  endloop
endfacet
facet normal -0.793353340291254 2.19654810371479e-016 0.608761429008696
  outer loop
    vertex 1.71965262807877 55.933579425934 1.31444999999996
    vertex 1.8589130170613 9.4762076217049 1.49593767235376
    vertex 1.8589130170613 55.9912629677519 1.49593767235374
  endloop
endfacet
facet normal -0.793353340291254 2.19654810371479e-016 0.608761429008696
  outer loop
    vertex 1.8589130170613 9.4762076217049 1.49593767235376
    vertex 1.71965262807877 55.933579425934 1.31444999999996
    vertex 1.71965262807877 9.53389116352281 1.31444999999998
  endloop
endfacet
facet normal 0.701057384649981 -0.70105738464998 0.130526192220025
  outer loop
    vertex 2.04040068941509 7.54211994935112 0.876300000000014
    vertex 3.3249914909922 8.86893803429947 1.10310312922335
    vertex 2.01054149099221 7.55448803429947 1.10310312922335
  endloop
endfacet
facet normal 0.701057384649981 -0.70105738464998 0.130526192220025
  outer loop
    vertex 3.3249914909922 8.86893803429947 1.10310312922335
    vertex 2.04040068941509 7.54211994935112 0.876300000000014
    vertex 3.35485068941508 8.85656994935112 0.876300000000013
  endloop
endfacet
facet normal 0.270598050073115 -0.270598050073115 -0.923879532511277
  outer loop
    vertex 1.39090381863846 7.81115036194569 0.0298591984228968
    vertex 2.9167006894151 9.03805762170489 0.117401938663693
    vertex 1.60225068941511 7.72360762170489 0.117401938663694
  endloop
endfacet
facet normal 0.270598050073115 -0.270598050073115 -0.923879532511277
  outer loop
    vertex 2.9167006894151 9.03805762170489 0.117401938663693
    vertex 1.39090381863846 7.81115036194569 0.0298591984228968
    vertex 2.70535381863845 9.12560036194568 0.0298591984228964
  endloop
endfacet
facet normal -0.991444861373814 4.71521201258376e-017 0.130526192220024
  outer loop
    vertex 1.60225068941508 55.8849499506906 0.876299999999963
    vertex 1.63210988783797 9.57015255381786 1.10310312922332
    vertex 1.63210988783797 55.897318035639 1.1031031292233
  endloop
endfacet
facet normal -0.991444861373814 4.71521201258376e-017 0.130526192220024
  outer loop
    vertex 1.63210988783797 9.57015255381786 1.10310312922332
    vertex 1.60225068941508 55.8849499506906 0.876299999999963
    vertex 1.60225068941508 9.5825206387662 0.87629999999998
  endloop
endfacet
facet normal 0.0922959556412723 -0.0922959556412727 -0.991444861373808
  outer loop
    vertex 1.16410068941511 7.90509529405866 -2.8199664825479e-015
    vertex 2.70535381863845 9.12560036194568 0.0298591984228964
    vertex 1.39090381863846 7.81115036194569 0.0298591984228968
  endloop
endfacet
facet normal 0.0922959556412723 -0.0922959556412727 -0.991444861373808
  outer loop
    vertex 2.70535381863845 9.12560036194568 0.0298591984228964
    vertex 1.16410068941511 7.90509529405866 -2.8199664825479e-015
    vertex 2.4785506894151 9.21954529405866 -3.17246229286638e-015
  endloop
endfacet
facet normal -0.38268343236504 3.3345354028898e-016 0.923879532511307
  outer loop
    vertex 2.25174756019173 56.1539803632852 1.72274080157708
    vertex 2.04040068941506 9.40103296641244 1.6351980613363
    vertex 2.25174756019173 9.31349022617163 1.7227408015771
  endloop
endfacet
facet normal -0.38268343236504 3.3345354028898e-016 0.923879532511307
  outer loop
    vertex 2.04040068941506 9.40103296641244 1.6351980613363
    vertex 2.25174756019173 56.1539803632852 1.72274080157708
    vertex 2.04040068941506 56.0664376230444 1.63519806133628
  endloop
endfacet
facet normal 0.382683432365112 -3.33356506916532e-016 -0.923879532511277
  outer loop
    vertex 1.39090381863846 1.07015575730213 0.0298591984228992
    vertex 1.60225068941511 7.72360762170489 0.117401938663694
    vertex 1.60225068941511 0.982613017061326 0.117401938663696
  endloop
endfacet
facet normal 0.382683432365112 -3.33356506916532e-016 -0.923879532511277
  outer loop
    vertex 1.60225068941511 7.72360762170489 0.117401938663694
    vertex 1.39090381863846 1.07015575730213 0.0298591984228992
    vertex 1.39090381863846 7.81115036194569 0.0298591984228968
  endloop
endfacet
facet normal 0.923879532511276 1.38080786270159e-016 0.382683432365115
  outer loop
    vertex 2.01054149099221 0.813493429655909 1.10310312922336
    vertex 1.92299875075139 7.59074942459453 1.31445000000001
    vertex 1.92299875075139 0.849754819950959 1.31445000000002
  endloop
endfacet
facet normal 0.923879532511276 1.38080786270159e-016 0.382683432365115
  outer loop
    vertex 1.92299875075139 7.59074942459453 1.31445000000001
    vertex 2.01054149099221 0.813493429655909 1.10310312922336
    vertex 2.01054149099221 7.55448803429947 1.10310312922335
  endloop
endfacet
facet normal -0.130526192220024 -3.57735596641639e-016 -0.991444861373814
  outer loop
    vertex 0.937297560191766 1.25804562152806 0.0298591984228827
    vertex 1.16410068941511 7.90509529405866 -2.8199664825479e-015
    vertex 1.16410068941511 1.1641006894151 -3.52495810318487e-016
  endloop
endfacet
facet normal -0.130526192220024 -3.57735596641639e-016 -0.991444861373814
  outer loop
    vertex 1.16410068941511 7.90509529405866 -2.8199664825479e-015
    vertex 0.937297560191766 1.25804562152806 0.0298591984228827
    vertex 0.937297560191766 7.99904022617163 0.0298591984228802
  endloop
endfacet
facet normal 0.382683432365097 3.33356506916535e-016 0.923879532511284
  outer loop
    vertex 1.60225068941507 7.7236076217049 1.6351980613363
    vertex 1.39090381863842 1.07015575730214 1.72274080157712
    vertex 1.60225068941507 0.982613017061341 1.6351980613363
  endloop
endfacet
facet normal 0.382683432365097 3.33356506916535e-016 0.923879532511284
  outer loop
    vertex 1.39090381863842 1.07015575730214 1.72274080157712
    vertex 1.60225068941507 7.7236076217049 1.6351980613363
    vertex 1.39090381863842 7.81115036194571 1.72274080157711
  endloop
endfacet
facet normal -0.560985526796933 0.560985526796932 -0.608761429008717
  outer loop
    vertex 0.405202628078794 8.21944116352281 0.43814999999998
    vertex 1.85891301706131 9.47620762170489 0.256662327646203
    vertex 0.544463017061322 8.1617576217049 0.256662327646204
  endloop
endfacet
facet normal -0.560985526796933 0.560985526796932 -0.608761429008717
  outer loop
    vertex 1.85891301706131 9.47620762170489 0.256662327646203
    vertex 0.405202628078794 8.21944116352281 0.43814999999998
    vertex 1.71965262807879 9.5338911635228 0.43814999999998
  endloop
endfacet
facet normal 0.130526192220019 3.57735596641639e-016 0.991444861373815
  outer loop
    vertex 1.39090381863842 7.81115036194571 1.72274080157711
    vertex 1.16410068941507 1.16410068941511 1.7526
    vertex 1.39090381863842 1.07015575730214 1.72274080157712
  endloop
endfacet
facet normal 0.130526192220019 3.57735596641639e-016 0.991444861373815
  outer loop
    vertex 1.16410068941507 1.16410068941511 1.7526
    vertex 1.39090381863842 7.81115036194571 1.72274080157711
    vertex 1.16410068941507 7.90509529405868 1.7526
  endloop
endfacet
facet normal -0.382683432365097 -3.33356506916535e-016 -0.923879532511284
  outer loop
    vertex 0.725950689415115 1.34558836176887 0.117401938663696
    vertex 0.937297560191766 7.99904022617163 0.0298591984228802
    vertex 0.937297560191766 1.25804562152806 0.0298591984228827
  endloop
endfacet
facet normal -0.382683432365097 -3.33356506916535e-016 -0.923879532511284
  outer loop
    vertex 0.937297560191766 7.99904022617163 0.0298591984228802
    vertex 0.725950689415115 1.34558836176887 0.117401938663696
    vertex 0.725950689415115 8.08658296641243 0.117401938663694
  endloop
endfacet
facet normal -0.793353340291254 2.19654810371479e-016 0.608761429008696
  outer loop
    vertex 0.40520262807877 8.21944116352282 1.31444999999998
    vertex 0.544463017061297 1.42076301706134 1.49593767235376
    vertex 0.544463017061297 8.1617576217049 1.49593767235376
  endloop
endfacet
facet normal -0.793353340291254 2.19654810371479e-016 0.608761429008696
  outer loop
    vertex 0.544463017061297 1.42076301706134 1.49593767235376
    vertex 0.40520262807877 8.21944116352282 1.31444999999998
    vertex 0.40520262807877 1.47844655887926 1.31444999999998
  endloop
endfacet
facet normal 0.130526192220073 -3.57735596641637e-016 -0.991444861373808
  outer loop
    vertex 1.16410068941511 1.1641006894151 -3.52495810318487e-016
    vertex 1.39090381863846 7.81115036194569 0.0298591984228968
    vertex 1.39090381863846 1.07015575730213 0.0298591984228992
  endloop
endfacet
facet normal 0.130526192220073 -3.57735596641637e-016 -0.991444861373808
  outer loop
    vertex 1.39090381863846 7.81115036194569 0.0298591984228968
    vertex 1.16410068941511 1.1641006894151 -3.52495810318487e-016
    vertex 1.16410068941511 7.90509529405866 -2.8199664825479e-015
  endloop
endfacet
facet normal 0.793353340291254 -2.19654810371479e-016 -0.608761429008696
  outer loop
    vertex 1.78373836176887 0.907438361768871 0.25666232764624
    vertex 1.9229987507514 7.59074942459452 0.438150000000014
    vertex 1.9229987507514 0.849754819950955 0.438150000000016
  endloop
endfacet
facet normal 0.793353340291254 -2.19654810371479e-016 -0.608761429008696
  outer loop
    vertex 1.9229987507514 7.59074942459452 0.438150000000014
    vertex 1.78373836176887 0.907438361768871 0.25666232764624
    vertex 1.78373836176887 7.64843296641244 0.256662327646237
  endloop
endfacet
facet normal 0.991444861373819 -4.7096784773766e-017 -0.130526192219988
  outer loop
    vertex 2.01054149099222 0.813493429655905 0.649496870776676
    vertex 2.04040068941509 7.54211994935112 0.876300000000014
    vertex 2.04040068941509 0.801125344707562 0.876300000000016
  endloop
endfacet
facet normal 0.991444861373819 -4.7096784773766e-017 -0.130526192219988
  outer loop
    vertex 2.04040068941509 7.54211994935112 0.876300000000014
    vertex 2.01054149099222 0.813493429655905 0.649496870776676
    vertex 2.01054149099222 7.55448803429947 0.649496870776674
  endloop
endfacet
facet normal -0.991444861373814 4.70967847737788e-017 0.130526192220024
  outer loop
    vertex 0.28780068941509 8.26807063876621 0.876299999999981
    vertex 0.317659887837973 1.5147079491743 1.10310312922332
    vertex 0.317659887837973 8.25570255381786 1.10310312922332
  endloop
endfacet
facet normal -0.991444861373814 4.70967847737788e-017 0.130526192220024
  outer loop
    vertex 0.317659887837973 1.5147079491743 1.10310312922332
    vertex 0.28780068941509 8.26807063876621 0.876299999999981
    vertex 0.28780068941509 1.52707603412265 0.876299999999983
  endloop
endfacet
facet normal 0.991444861373814 4.70967847737788e-017 0.130526192220024
  outer loop
    vertex 2.04040068941509 0.801125344707562 0.876300000000016
    vertex 2.01054149099221 7.55448803429947 1.10310312922335
    vertex 2.01054149099221 0.813493429655909 1.10310312922336
  endloop
endfacet
facet normal 0.991444861373814 4.70967847737788e-017 0.130526192220024
  outer loop
    vertex 2.01054149099221 7.55448803429947 1.10310312922335
    vertex 2.04040068941509 0.801125344707562 0.876300000000016
    vertex 2.04040068941509 7.54211994935112 0.876300000000014
  endloop
endfacet
facet normal 0.608761429008714 2.86259722142749e-016 0.79335334029124
  outer loop
    vertex 1.78373836176884 7.64843296641245 1.49593767235379
    vertex 1.60225068941507 0.982613017061341 1.6351980613363
    vertex 1.78373836176884 0.907438361768885 1.49593767235379
  endloop
endfacet
facet normal 0.608761429008714 2.86259722142749e-016 0.79335334029124
  outer loop
    vertex 1.60225068941507 0.982613017061341 1.6351980613363
    vertex 1.78373836176884 7.64843296641245 1.49593767235379
    vertex 1.60225068941507 7.7236076217049 1.6351980613363
  endloop
endfacet
facet normal -0.991444861373809 -4.70967847737917e-017 -0.13052619222006
  outer loop
    vertex 0.317659887837981 8.25570255381786 0.64949687077664
    vertex 0.28780068941509 1.52707603412265 0.876299999999983
    vertex 0.28780068941509 8.26807063876621 0.876299999999981
  endloop
endfacet
facet normal -0.991444861373809 -4.70967847737917e-017 -0.13052619222006
  outer loop
    vertex 0.28780068941509 1.52707603412265 0.876299999999983
    vertex 0.317659887837981 8.25570255381786 0.64949687077664
    vertex 0.317659887837981 1.5147079491743 0.649496870776643
  endloop
endfacet
facet normal 0.608761429008737 -2.86259722142743e-016 -0.793353340291223
  outer loop
    vertex 1.60225068941511 0.982613017061326 0.117401938663696
    vertex 1.78373836176887 7.64843296641244 0.256662327646237
    vertex 1.78373836176887 0.907438361768871 0.25666232764624
  endloop
endfacet
facet normal 0.608761429008737 -2.86259722142743e-016 -0.793353340291223
  outer loop
    vertex 1.78373836176887 7.64843296641244 0.256662327646237
    vertex 1.60225068941511 0.982613017061326 0.117401938663696
    vertex 1.60225068941511 7.72360762170489 0.117401938663694
  endloop
endfacet
facet normal -0.923879532511302 1.38080786270136e-016 0.382683432365053
  outer loop
    vertex 0.317659887837973 8.25570255381786 1.10310312922332
    vertex 0.40520262807877 1.47844655887926 1.31444999999998
    vertex 0.40520262807877 8.21944116352282 1.31444999999998
  endloop
endfacet
facet normal -0.923879532511302 1.38080786270136e-016 0.382683432365053
  outer loop
    vertex 0.40520262807877 1.47844655887926 1.31444999999998
    vertex 0.317659887837973 8.25570255381786 1.10310312922332
    vertex 0.317659887837973 1.5147079491743 1.10310312922332
  endloop
endfacet
facet normal -0.653281482438196 0.653281482438196 0.382683432365062
  outer loop
    vertex 1.63210988783797 9.57015255381786 1.10310312922332
    vertex 0.40520262807877 8.21944116352282 1.31444999999998
    vertex 1.71965262807877 9.53389116352281 1.31444999999998
  endloop
endfacet
facet normal -0.653281482438196 0.653281482438196 0.382683432365062
  outer loop
    vertex 0.40520262807877 8.21944116352282 1.31444999999998
    vertex 1.63210988783797 9.57015255381786 1.10310312922332
    vertex 0.317659887837973 8.25570255381786 1.10310312922332
  endloop
endfacet
facet normal -0.382683432365087 3.33356506916536e-016 0.923879532511288
  outer loop
    vertex 0.937297560191733 7.99904022617164 1.7227408015771
    vertex 0.725950689415065 1.34558836176889 1.6351980613363
    vertex 0.937297560191733 1.25804562152808 1.7227408015771
  endloop
endfacet
facet normal -0.382683432365087 3.33356506916536e-016 0.923879532511288
  outer loop
    vertex 0.725950689415065 1.34558836176889 1.6351980613363
    vertex 0.937297560191733 7.99904022617164 1.7227408015771
    vertex 0.725950689415065 8.08658296641245 1.6351980613363
  endloop
endfacet
facet normal -0.70105738464998 0.70105738464998 0.130526192220024
  outer loop
    vertex 1.60225068941508 9.5825206387662 0.87629999999998
    vertex 0.317659887837973 8.25570255381786 1.10310312922332
    vertex 1.63210988783797 9.57015255381786 1.10310312922332
  endloop
endfacet
facet normal -0.70105738464998 0.70105738464998 0.130526192220024
  outer loop
    vertex 0.317659887837973 8.25570255381786 1.10310312922332
    vertex 1.60225068941508 9.5825206387662 0.87629999999998
    vertex 0.28780068941509 8.26807063876621 0.876299999999981
  endloop
endfacet
facet normal -0.923879532511276 -1.38080786270159e-016 -0.382683432365115
  outer loop
    vertex 0.405202628078794 8.21944116352281 0.43814999999998
    vertex 0.317659887837981 1.5147079491743 0.649496870776643
    vertex 0.317659887837981 8.25570255381786 0.64949687077664
  endloop
endfacet
facet normal -0.923879532511276 -1.38080786270159e-016 -0.382683432365115
  outer loop
    vertex 0.317659887837981 1.5147079491743 0.649496870776643
    vertex 0.405202628078794 8.21944116352281 0.43814999999998
    vertex 0.405202628078794 1.47844655887925 0.438149999999983
  endloop
endfacet
facet normal -0.79335334029124 -2.19654810371486e-016 -0.608761429008714
  outer loop
    vertex 0.544463017061322 8.1617576217049 0.256662327646204
    vertex 0.405202628078794 1.47844655887925 0.438149999999983
    vertex 0.405202628078794 8.21944116352281 0.43814999999998
  endloop
endfacet
facet normal -0.79335334029124 -2.19654810371486e-016 -0.608761429008714
  outer loop
    vertex 0.405202628078794 1.47844655887925 0.438149999999983
    vertex 0.544463017061322 8.1617576217049 0.256662327646204
    vertex 0.544463017061322 1.42076301706133 0.256662327646206
  endloop
endfacet
facet normal -0.430459334576897 0.430459334576897 0.793353340291216
  outer loop
    vertex 2.04040068941506 9.40103296641244 1.6351980613363
    vertex 0.544463017061297 8.1617576217049 1.49593767235376
    vertex 0.725950689415065 8.08658296641245 1.6351980613363
  endloop
endfacet
facet normal -0.430459334576897 0.430459334576897 0.793353340291216
  outer loop
    vertex 0.544463017061297 8.1617576217049 1.49593767235376
    vertex 2.04040068941506 9.40103296641244 1.6351980613363
    vertex 1.8589130170613 9.4762076217049 1.49593767235376
  endloop
endfacet
facet normal 0.923879532511276 -1.38080786270159e-016 -0.382683432365115
  outer loop
    vertex 1.9229987507514 0.849754819950955 0.438150000000016
    vertex 2.01054149099222 7.55448803429947 0.649496870776674
    vertex 2.01054149099222 0.813493429655905 0.649496870776676
  endloop
endfacet
facet normal 0.923879532511276 -1.38080786270159e-016 -0.382683432365115
  outer loop
    vertex 2.01054149099222 7.55448803429947 0.649496870776674
    vertex 1.9229987507514 0.849754819950955 0.438150000000016
    vertex 1.9229987507514 7.59074942459452 0.438150000000014
  endloop
endfacet
facet normal -0.701057384649977 0.701057384649977 -0.130526192220056
  outer loop
    vertex 1.63210988783797 9.57015255381785 0.64949687077664
    vertex 0.28780068941509 8.26807063876621 0.876299999999981
    vertex 1.60225068941508 9.5825206387662 0.87629999999998
  endloop
endfacet
facet normal -0.701057384649977 0.701057384649977 -0.130526192220056
  outer loop
    vertex 0.28780068941509 8.26807063876621 0.876299999999981
    vertex 1.63210988783797 9.57015255381785 0.64949687077664
    vertex 0.317659887837981 8.25570255381786 0.64949687077664
  endloop
endfacet
facet normal -0.560985526796943 0.560985526796943 0.608761429008699
  outer loop
    vertex 1.8589130170613 9.4762076217049 1.49593767235376
    vertex 0.40520262807877 8.21944116352282 1.31444999999998
    vertex 0.544463017061297 8.1617576217049 1.49593767235376
  endloop
endfacet
facet normal -0.560985526796943 0.560985526796943 0.608761429008699
  outer loop
    vertex 0.40520262807877 8.21944116352282 1.31444999999998
    vertex 1.8589130170613 9.4762076217049 1.49593767235376
    vertex 1.71965262807877 9.53389116352281 1.31444999999998
  endloop
endfacet
facet normal -0.130526192220077 3.57735596641637e-016 0.991444861373807
  outer loop
    vertex 1.16410068941507 7.90509529405868 1.7526
    vertex 0.937297560191733 1.25804562152808 1.7227408015771
    vertex 1.16410068941507 1.16410068941511 1.7526
  endloop
endfacet
facet normal -0.130526192220077 3.57735596641637e-016 0.991444861373807
  outer loop
    vertex 0.937297560191733 1.25804562152808 1.7227408015771
    vertex 1.16410068941507 7.90509529405868 1.7526
    vertex 0.937297560191733 7.99904022617164 1.7227408015771
  endloop
endfacet
facet normal -0.608761429008737 2.86259722142743e-016 0.793353340291223
  outer loop
    vertex 0.725950689415065 8.08658296641245 1.6351980613363
    vertex 0.544463017061297 1.42076301706134 1.49593767235376
    vertex 0.725950689415065 1.34558836176889 1.6351980613363
  endloop
endfacet
facet normal -0.608761429008737 2.86259722142743e-016 0.793353340291223
  outer loop
    vertex 0.544463017061297 1.42076301706134 1.49593767235376
    vertex 0.725950689415065 8.08658296641245 1.6351980613363
    vertex 0.544463017061297 8.1617576217049 1.49593767235376
  endloop
endfacet
facet normal -0.653281482438182 0.653281482438181 -0.382683432365113
  outer loop
    vertex 1.71965262807879 9.5338911635228 0.43814999999998
    vertex 0.317659887837981 8.25570255381786 0.64949687077664
    vertex 1.63210988783797 9.57015255381785 0.64949687077664
  endloop
endfacet
facet normal -0.653281482438182 0.653281482438181 -0.382683432365113
  outer loop
    vertex 0.317659887837981 8.25570255381786 0.64949687077664
    vertex 1.71965262807879 9.5338911635228 0.43814999999998
    vertex 0.405202628078794 8.21944116352281 0.43814999999998
  endloop
endfacet
facet normal -0.430459334576844 0.430459334576843 -0.793353340291274
  outer loop
    vertex 0.544463017061322 8.1617576217049 0.256662327646204
    vertex 2.0404006894151 9.40103296641242 0.117401938663693
    vertex 0.725950689415115 8.08658296641243 0.117401938663694
  endloop
endfacet
facet normal -0.430459334576844 0.430459334576843 -0.793353340291274
  outer loop
    vertex 2.0404006894151 9.40103296641242 0.117401938663693
    vertex 0.544463017061322 8.1617576217049 0.256662327646204
    vertex 1.85891301706131 9.47620762170489 0.256662327646203
  endloop
endfacet
facet normal 0.793353340291188 2.1965481037151e-016 0.608761429008782
  outer loop
    vertex 1.92299875075139 0.849754819950959 1.31445000000002
    vertex 1.78373836176884 7.64843296641245 1.49593767235379
    vertex 1.78373836176884 0.907438361768885 1.49593767235379
  endloop
endfacet
facet normal 0.793353340291188 2.1965481037151e-016 0.608761429008782
  outer loop
    vertex 1.78373836176884 7.64843296641245 1.49593767235379
    vertex 1.92299875075139 0.849754819950959 1.31445000000002
    vertex 1.92299875075139 7.59074942459453 1.31445000000001
  endloop
endfacet
facet normal -0.270598050073098 0.270598050073098 0.923879532511287
  outer loop
    vertex 2.25174756019173 9.31349022617163 1.7227408015771
    vertex 0.725950689415065 8.08658296641245 1.6351980613363
    vertex 0.937297560191733 7.99904022617164 1.7227408015771
  endloop
endfacet
facet normal -0.270598050073098 0.270598050073098 0.923879532511287
  outer loop
    vertex 0.725950689415065 8.08658296641245 1.6351980613363
    vertex 2.25174756019173 9.31349022617163 1.7227408015771
    vertex 2.04040068941506 9.40103296641244 1.6351980613363
  endloop
endfacet
facet normal -0.608761429008661 -2.86259722142763e-016 -0.793353340291281
  outer loop
    vertex 0.544463017061322 1.42076301706133 0.256662327646206
    vertex 0.725950689415115 8.08658296641243 0.117401938663694
    vertex 0.725950689415115 1.34558836176887 0.117401938663696
  endloop
endfacet
facet normal -0.608761429008661 -2.86259722142763e-016 -0.793353340291281
  outer loop
    vertex 0.725950689415115 8.08658296641243 0.117401938663694
    vertex 0.544463017061322 1.42076301706133 0.256662327646206
    vertex 0.544463017061322 8.1617576217049 0.256662327646204
  endloop
endfacet
facet normal -0.0922959556412379 0.092295955641238 -0.991444861373814
  outer loop
    vertex -0.160374030668152 0.160374030668151 0.029859198422883
    vertex 1.16410068941511 1.1641006894151 -3.52495810318487e-016
    vertex 0.0 -7.04991620636974e-016 0.0
  endloop
endfacet
facet normal -0.0922959556412379 0.092295955641238 -0.991444861373814
  outer loop
    vertex 1.16410068941511 1.1641006894151 -3.52495810318487e-016
    vertex -0.160374030668152 0.160374030668151 0.029859198422883
    vertex 0.937297560191766 1.25804562152806 0.0298591984228827
  endloop
endfacet
facet normal 0.0922959556412713 -0.0922959556412721 -0.991444861373808
  outer loop
    vertex 0.0 -7.04991620636974e-016 0.0
    vertex 1.39090381863846 1.07015575730213 0.0298591984228992
    vertex 0.16037403066816 -0.160374030668161 0.0298591984228996
  endloop
endfacet
facet normal 0.0922959556412713 -0.0922959556412721 -0.991444861373808
  outer loop
    vertex 1.39090381863846 1.07015575730213 0.0298591984228992
    vertex 0.0 -7.04991620636974e-016 0.0
    vertex 1.16410068941511 1.1641006894151 -3.52495810318487e-016
  endloop
endfacet
facet normal -0.270598050073102 0.270598050073103 -0.923879532511284
  outer loop
    vertex -0.30981883617688 0.309818836176879 0.117401938663696
    vertex 0.937297560191766 1.25804562152806 0.0298591984228827
    vertex -0.160374030668152 0.160374030668151 0.029859198422883
  endloop
endfacet
facet normal -0.270598050073102 0.270598050073103 -0.923879532511284
  outer loop
    vertex 0.937297560191766 1.25804562152806 0.0298591984228827
    vertex -0.30981883617688 0.309818836176879 0.117401938663696
    vertex 0.725950689415115 1.34558836176887 0.117401938663696
  endloop
endfacet
facet normal 0.430459334576888 -0.43045933457689 -0.793353340291225
  outer loop
    vertex 0.309818836176888 -0.309818836176888 0.117401938663697
    vertex 1.78373836176887 0.907438361768871 0.25666232764624
    vertex 0.43815 -0.438150000000002 0.25666232764624
  endloop
endfacet
facet normal 0.430459334576888 -0.43045933457689 -0.793353340291225
  outer loop
    vertex 1.78373836176887 0.907438361768871 0.25666232764624
    vertex 0.309818836176888 -0.309818836176888 0.117401938663697
    vertex 1.60225068941511 0.982613017061326 0.117401938663696
  endloop
endfacet
facet normal 0.701057384649982 -0.701057384649985 -0.130526192219991
  outer loop
    vertex 2.01054149099222 0.813493429655905 0.649496870776676
    vertex 0.61963767235376 -0.619637672353764 0.876300000000017
    vertex 0.598524030668152 -0.598524030668153 0.649496870776677
  endloop
endfacet
facet normal 0.701057384649982 -0.701057384649985 -0.130526192219991
  outer loop
    vertex 0.61963767235376 -0.619637672353764 0.876300000000017
    vertex 2.01054149099222 0.813493429655905 0.649496870776676
    vertex 1.16410068941508 -0.075174655292444 0.876300000000017
  endloop
endfacet
facet normal 0.701057384649982 -0.701057384649985 -0.130526192219991
  outer loop
    vertex 1.16410068941508 -0.075174655292444 0.876300000000017
    vertex 2.01054149099222 0.813493429655905 0.649496870776676
    vertex 2.04040068941509 0.801125344707562 0.876300000000016
  endloop
endfacet
facet normal 0.65328148243818 -0.653281482438182 -0.382683432365116
  outer loop
    vertex 1.9229987507514 0.849754819950955 0.438150000000016
    vertex 0.598524030668152 -0.598524030668153 0.649496870776677
    vertex 0.53662196540022 -0.536621965400221 0.438150000000017
  endloop
endfacet
facet normal 0.65328148243818 -0.653281482438182 -0.382683432365116
  outer loop
    vertex 0.598524030668152 -0.598524030668153 0.649496870776677
    vertex 1.9229987507514 0.849754819950955 0.438150000000016
    vertex 2.01054149099222 0.813493429655905 0.649496870776676
  endloop
endfacet
facet normal 0.560985526796945 -0.560985526796947 -0.608761429008693
  outer loop
    vertex 0.43815 -0.438150000000002 0.25666232764624
    vertex 1.9229987507514 0.849754819950955 0.438150000000016
    vertex 0.53662196540022 -0.536621965400221 0.438150000000017
  endloop
endfacet
facet normal 0.560985526796945 -0.560985526796947 -0.608761429008693
  outer loop
    vertex 1.9229987507514 0.849754819950955 0.438150000000016
    vertex 0.43815 -0.438150000000002 0.25666232764624
    vertex 1.78373836176887 0.907438361768871 0.25666232764624
  endloop
endfacet
facet normal 0.270598050073115 -0.270598050073116 -0.923879532511277
  outer loop
    vertex 0.16037403066816 -0.160374030668161 0.0298591984228996
    vertex 1.60225068941511 0.982613017061326 0.117401938663696
    vertex 0.309818836176888 -0.309818836176888 0.117401938663697
  endloop
endfacet
facet normal 0.270598050073115 -0.270598050073116 -0.923879532511277
  outer loop
    vertex 1.60225068941511 0.982613017061326 0.117401938663696
    vertex 0.16037403066816 -0.160374030668161 0.0298591984228996
    vertex 1.39090381863846 1.07015575730213 0.0298591984228992
  endloop
endfacet
facet normal 0.560985526796897 -0.560985526796899 0.608761429008781
  outer loop
    vertex 1.92299875075139 0.849754819950959 1.31445000000002
    vertex 0.438149999999975 -0.438149999999976 1.49593767235379
    vertex 0.536621965400212 -0.536621965400215 1.31445000000002
  endloop
endfacet
facet normal 0.560985526796897 -0.560985526796899 0.608761429008781
  outer loop
    vertex 0.438149999999975 -0.438149999999976 1.49593767235379
    vertex 1.92299875075139 0.849754819950959 1.31445000000002
    vertex 1.78373836176884 0.907438361768885 1.49593767235379
  endloop
endfacet
facet normal -0.43045933457689 0.430459334576892 0.793353340291223
  outer loop
    vertex 0.725950689415065 1.34558836176889 1.6351980613363
    vertex -0.438150000000025 0.438150000000024 1.49593767235376
    vertex -0.309818836176913 0.309818836176912 1.6351980613363
  endloop
endfacet
facet normal -0.43045933457689 0.430459334576892 0.793353340291223
  outer loop
    vertex -0.438150000000025 0.438150000000024 1.49593767235376
    vertex 0.725950689415065 1.34558836176889 1.6351980613363
    vertex 0.544463017061297 1.42076301706134 1.49593767235376
  endloop
endfacet
facet normal -0.701057384649975 0.701057384649977 -0.130526192220074
  outer loop
    vertex 0.28780068941509 1.52707603412265 0.876299999999983
    vertex -0.59852403066816 0.598524030668163 0.649496870776643
    vertex -0.619637672353785 0.619637672353783 0.876299999999983
  endloop
endfacet
facet normal -0.701057384649975 0.701057384649977 -0.130526192220074
  outer loop
    vertex -0.59852403066816 0.598524030668163 0.649496870776643
    vertex 0.28780068941509 1.52707603412265 0.876299999999983
    vertex 0.317659887837981 1.5147079491743 0.649496870776643
  endloop
endfacet
facet normal 0.270598050073102 -0.270598050073103 0.923879532511284
  outer loop
    vertex 1.60225068941507 0.982613017061341 1.6351980613363
    vertex 0.160374030668135 -0.160374030668135 1.72274080157712
    vertex 0.309818836176863 -0.309818836176864 1.6351980613363
  endloop
endfacet
facet normal 0.270598050073102 -0.270598050073103 0.923879532511284
  outer loop
    vertex 0.160374030668135 -0.160374030668135 1.72274080157712
    vertex 1.60225068941507 0.982613017061341 1.6351980613363
    vertex 1.39090381863842 1.07015575730214 1.72274080157712
  endloop
endfacet
facet normal -0.0922959556412749 0.0922959556412759 0.991444861373807
  outer loop
    vertex 1.16410068941507 1.16410068941511 1.7526
    vertex -0.160374030668177 0.160374030668177 1.7227408015771
    vertex -2.4939078580033e-014 2.25597318603832e-014 1.7526
  endloop
endfacet
facet normal -0.0922959556412749 0.0922959556412759 0.991444861373807
  outer loop
    vertex -0.160374030668177 0.160374030668177 1.7227408015771
    vertex 1.16410068941507 1.16410068941511 1.7526
    vertex 0.937297560191733 1.25804562152808 1.7227408015771
  endloop
endfacet
facet normal 0.430459334576874 -0.430459334576875 0.793353340291241
  outer loop
    vertex 1.78373836176884 0.907438361768885 1.49593767235379
    vertex 0.309818836176863 -0.309818836176864 1.6351980613363
    vertex 0.438149999999975 -0.438149999999976 1.49593767235379
  endloop
endfacet
facet normal 0.430459334576874 -0.430459334576875 0.793353340291241
  outer loop
    vertex 0.309818836176863 -0.309818836176864 1.6351980613363
    vertex 1.78373836176884 0.907438361768885 1.49593767235379
    vertex 1.60225068941507 0.982613017061341 1.6351980613363
  endloop
endfacet
facet normal -0.560985526796939 0.560985526796942 0.608761429008703
  outer loop
    vertex 0.544463017061297 1.42076301706134 1.49593767235376
    vertex -0.536621965400245 0.53662196540025 1.31444999999998
    vertex -0.438150000000025 0.438150000000024 1.49593767235376
  endloop
endfacet
facet normal -0.560985526796939 0.560985526796942 0.608761429008703
  outer loop
    vertex -0.536621965400245 0.53662196540025 1.31444999999998
    vertex 0.544463017061297 1.42076301706134 1.49593767235376
    vertex 0.40520262807877 1.47844655887926 1.31444999999998
  endloop
endfacet
facet normal 0.653281482438179 -0.653281482438182 0.382683432365115
  outer loop
    vertex 0.598524030668144 -0.598524030668147 1.10310312922336
    vertex 1.92299875075139 0.849754819950959 1.31445000000002
    vertex 0.536621965400212 -0.536621965400215 1.31445000000002
  endloop
endfacet
facet normal 0.653281482438179 -0.653281482438182 0.382683432365115
  outer loop
    vertex 1.92299875075139 0.849754819950959 1.31445000000002
    vertex 0.598524030668144 -0.598524030668147 1.10310312922336
    vertex 2.01054149099221 0.813493429655909 1.10310312922336
  endloop
endfacet
facet normal 0.0922959556412342 -0.0922959556412344 0.991444861373815
  outer loop
    vertex 1.39090381863842 1.07015575730214 1.72274080157712
    vertex -2.4939078580033e-014 2.25597318603832e-014 1.7526
    vertex 0.160374030668135 -0.160374030668135 1.72274080157712
  endloop
endfacet
facet normal 0.0922959556412342 -0.0922959556412344 0.991444861373815
  outer loop
    vertex -2.4939078580033e-014 2.25597318603832e-014 1.7526
    vertex 1.39090381863842 1.07015575730214 1.72274080157712
    vertex 1.16410068941507 1.16410068941511 1.7526
  endloop
endfacet
facet normal -0.701057384649978 0.701057384649981 0.130526192220035
  outer loop
    vertex -0.598524030668169 0.598524030668169 1.10310312922332
    vertex 0.28780068941509 1.52707603412265 0.876299999999983
    vertex -0.619637672353785 0.619637672353783 0.876299999999983
  endloop
endfacet
facet normal -0.701057384649978 0.701057384649981 0.130526192220035
  outer loop
    vertex 0.28780068941509 1.52707603412265 0.876299999999983
    vertex -0.598524030668169 0.598524030668169 1.10310312922332
    vertex 0.317659887837973 1.5147079491743 1.10310312922332
  endloop
endfacet
facet normal -0.707106781186549 -0.707106781186546 -2.34857261219714e-016
  outer loop
    vertex -0.160374030668177 0.160374030668177 1.7227408015771
    vertex 0.160374030668135 -0.160374030668135 1.72274080157712
    vertex -2.4939078580033e-014 2.25597318603832e-014 1.7526
  endloop
endfacet
facet normal -0.707106781186549 -0.707106781186546 -2.34857261219714e-016
  outer loop
    vertex 0.160374030668135 -0.160374030668135 1.72274080157712
    vertex -0.160374030668177 0.160374030668177 1.7227408015771
    vertex 0.309818836176863 -0.309818836176864 1.6351980613363
  endloop
endfacet
facet normal -0.707106781186549 -0.707106781186546 -2.34857261219714e-016
  outer loop
    vertex 0.309818836176863 -0.309818836176864 1.6351980613363
    vertex -0.160374030668177 0.160374030668177 1.7227408015771
    vertex -0.309818836176913 0.309818836176912 1.6351980613363
  endloop
endfacet
facet normal -0.707106781186549 -0.707106781186546 -2.34857261219714e-016
  outer loop
    vertex 0.309818836176863 -0.309818836176864 1.6351980613363
    vertex -0.309818836176913 0.309818836176912 1.6351980613363
    vertex -0.438150000000025 0.438150000000024 1.49593767235376
  endloop
endfacet
facet normal -0.707106781186549 -0.707106781186546 -2.34857261219714e-016
  outer loop
    vertex 0.309818836176863 -0.309818836176864 1.6351980613363
    vertex -0.438150000000025 0.438150000000024 1.49593767235376
    vertex 0.438149999999975 -0.438149999999976 1.49593767235379
  endloop
endfacet
facet normal -0.707106781186549 -0.707106781186546 -2.34857261219714e-016
  outer loop
    vertex 0.438149999999975 -0.438149999999976 1.49593767235379
    vertex -0.438150000000025 0.438150000000024 1.49593767235376
    vertex 0.536621965400212 -0.536621965400215 1.31445000000002
  endloop
endfacet
facet normal -0.707106781186549 -0.707106781186546 -2.34857261219714e-016
  outer loop
    vertex 0.536621965400212 -0.536621965400215 1.31445000000002
    vertex -0.438150000000025 0.438150000000024 1.49593767235376
    vertex -0.536621965400245 0.53662196540025 1.31444999999998
  endloop
endfacet
facet normal -0.707106781186549 -0.707106781186546 -2.34857261219714e-016
  outer loop
    vertex 0.536621965400212 -0.536621965400215 1.31445000000002
    vertex -0.536621965400245 0.53662196540025 1.31444999999998
    vertex 0.598524030668144 -0.598524030668147 1.10310312922336
  endloop
endfacet
facet normal -0.707106781186549 -0.707106781186546 -2.34857261219714e-016
  outer loop
    vertex 0.598524030668144 -0.598524030668147 1.10310312922336
    vertex -0.536621965400245 0.53662196540025 1.31444999999998
    vertex -0.598524030668169 0.598524030668169 1.10310312922332
  endloop
endfacet
facet normal -0.707106781186549 -0.707106781186546 -2.34857261219714e-016
  outer loop
    vertex 0.598524030668144 -0.598524030668147 1.10310312922336
    vertex -0.598524030668169 0.598524030668169 1.10310312922332
    vertex 0.61963767235376 -0.619637672353764 0.876300000000017
  endloop
endfacet
facet normal -0.707106781186549 -0.707106781186546 -2.34857261219714e-016
  outer loop
    vertex 0.61963767235376 -0.619637672353764 0.876300000000017
    vertex -0.598524030668169 0.598524030668169 1.10310312922332
    vertex -0.619637672353785 0.619637672353783 0.876299999999983
  endloop
endfacet
facet normal -0.707106781186549 -0.707106781186546 -2.34857261219714e-016
  outer loop
    vertex 0.61963767235376 -0.619637672353764 0.876300000000017
    vertex -0.619637672353785 0.619637672353783 0.876299999999983
    vertex 0.598524030668152 -0.598524030668153 0.649496870776677
  endloop
endfacet
facet normal -0.707106781186549 -0.707106781186546 -2.34857261219714e-016
  outer loop
    vertex 0.598524030668152 -0.598524030668153 0.649496870776677
    vertex -0.619637672353785 0.619637672353783 0.876299999999983
    vertex -0.59852403066816 0.598524030668163 0.649496870776643
  endloop
endfacet
facet normal -0.707106781186549 -0.707106781186546 -2.34857261219714e-016
  outer loop
    vertex 0.598524030668152 -0.598524030668153 0.649496870776677
    vertex -0.59852403066816 0.598524030668163 0.649496870776643
    vertex 0.53662196540022 -0.536621965400221 0.438150000000017
  endloop
endfacet
facet normal -0.707106781186549 -0.707106781186546 -2.34857261219714e-016
  outer loop
    vertex 0.53662196540022 -0.536621965400221 0.438150000000017
    vertex -0.59852403066816 0.598524030668163 0.649496870776643
    vertex -0.536621965400229 0.53662196540023 0.438149999999983
  endloop
endfacet
facet normal -0.707106781186549 -0.707106781186546 -2.34857261219714e-016
  outer loop
    vertex 0.53662196540022 -0.536621965400221 0.438150000000017
    vertex -0.536621965400229 0.53662196540023 0.438149999999983
    vertex 0.43815 -0.438150000000002 0.25666232764624
  endloop
endfacet
facet normal -0.707106781186549 -0.707106781186546 -2.34857261219714e-016
  outer loop
    vertex 0.43815 -0.438150000000002 0.25666232764624
    vertex -0.536621965400229 0.53662196540023 0.438149999999983
    vertex -0.438150000000008 0.438150000000008 0.256662327646207
  endloop
endfacet
facet normal -0.707106781186549 -0.707106781186546 -2.34857261219714e-016
  outer loop
    vertex 0.43815 -0.438150000000002 0.25666232764624
    vertex -0.438150000000008 0.438150000000008 0.256662327646207
    vertex 0.309818836176888 -0.309818836176888 0.117401938663697
  endloop
endfacet
facet normal -0.707106781186549 -0.707106781186546 -2.34857261219714e-016
  outer loop
    vertex 0.309818836176888 -0.309818836176888 0.117401938663697
    vertex -0.438150000000008 0.438150000000008 0.256662327646207
    vertex -0.30981883617688 0.309818836176879 0.117401938663696
  endloop
endfacet
facet normal -0.707106781186549 -0.707106781186546 -2.34857261219714e-016
  outer loop
    vertex 0.309818836176888 -0.309818836176888 0.117401938663697
    vertex -0.30981883617688 0.309818836176879 0.117401938663696
    vertex -0.160374030668152 0.160374030668151 0.029859198422883
  endloop
endfacet
facet normal -0.707106781186549 -0.707106781186546 -2.34857261219714e-016
  outer loop
    vertex 0.309818836176888 -0.309818836176888 0.117401938663697
    vertex -0.160374030668152 0.160374030668151 0.029859198422883
    vertex 0.16037403066816 -0.160374030668161 0.0298591984228996
  endloop
endfacet
facet normal -0.707106781186549 -0.707106781186546 -2.34857261219714e-016
  outer loop
    vertex 0.16037403066816 -0.160374030668161 0.0298591984228996
    vertex -0.160374030668152 0.160374030668151 0.029859198422883
    vertex 0.0 -7.04991620636974e-016 0.0
  endloop
endfacet
facet normal -0.653281482438197 0.653281482438201 0.382683432365054
  outer loop
    vertex -0.536621965400245 0.53662196540025 1.31444999999998
    vertex 0.317659887837973 1.5147079491743 1.10310312922332
    vertex -0.598524030668169 0.598524030668169 1.10310312922332
  endloop
endfacet
facet normal -0.653281482438197 0.653281482438201 0.382683432365054
  outer loop
    vertex 0.317659887837973 1.5147079491743 1.10310312922332
    vertex -0.536621965400245 0.53662196540025 1.31444999999998
    vertex 0.40520262807877 1.47844655887926 1.31444999999998
  endloop
endfacet
facet normal -0.653281482438179 0.653281482438182 -0.382683432365116
  outer loop
    vertex 0.317659887837981 1.5147079491743 0.649496870776643
    vertex -0.536621965400229 0.53662196540023 0.438149999999983
    vertex -0.59852403066816 0.598524030668163 0.649496870776643
  endloop
endfacet
facet normal -0.653281482438179 0.653281482438182 -0.382683432365116
  outer loop
    vertex -0.536621965400229 0.53662196540023 0.438149999999983
    vertex 0.317659887837981 1.5147079491743 0.649496870776643
    vertex 0.405202628078794 1.47844655887925 0.438149999999983
  endloop
endfacet
facet normal -0.430459334576838 0.43045933457684 -0.793353340291279
  outer loop
    vertex -0.438150000000008 0.438150000000008 0.256662327646207
    vertex 0.725950689415115 1.34558836176887 0.117401938663696
    vertex -0.30981883617688 0.309818836176879 0.117401938663696
  endloop
endfacet
facet normal -0.430459334576838 0.43045933457684 -0.793353340291279
  outer loop
    vertex 0.725950689415115 1.34558836176887 0.117401938663696
    vertex -0.438150000000008 0.438150000000008 0.256662327646207
    vertex 0.544463017061322 1.42076301706133 0.256662327646206
  endloop
endfacet
facet normal -0.270598050073099 0.270598050073101 0.923879532511286
  outer loop
    vertex 0.937297560191733 1.25804562152808 1.7227408015771
    vertex -0.309818836176913 0.309818836176912 1.6351980613363
    vertex -0.160374030668177 0.160374030668177 1.7227408015771
  endloop
endfacet
facet normal -0.270598050073099 0.270598050073101 0.923879532511286
  outer loop
    vertex -0.309818836176913 0.309818836176912 1.6351980613363
    vertex 0.937297560191733 1.25804562152808 1.7227408015771
    vertex 0.725950689415065 1.34558836176889 1.6351980613363
  endloop
endfacet
facet normal 0.701057384649978 -0.701057384649982 0.130526192220027
  outer loop
    vertex 0.61963767235376 -0.619637672353764 0.876300000000017
    vertex 2.01054149099221 0.813493429655909 1.10310312922336
    vertex 0.598524030668144 -0.598524030668147 1.10310312922336
  endloop
endfacet
facet normal 0.701057384649978 -0.701057384649982 0.130526192220027
  outer loop
    vertex 2.01054149099221 0.813493429655909 1.10310312922336
    vertex 0.61963767235376 -0.619637672353764 0.876300000000017
    vertex 1.16410068941508 -0.075174655292444 0.876300000000017
  endloop
endfacet
facet normal 0.701057384649978 -0.701057384649982 0.130526192220027
  outer loop
    vertex 2.01054149099221 0.813493429655909 1.10310312922336
    vertex 1.16410068941508 -0.075174655292444 0.876300000000017
    vertex 2.04040068941509 0.801125344707562 0.876300000000016
  endloop
endfacet
facet normal -0.560985526796932 0.560985526796935 -0.608761429008716
  outer loop
    vertex -0.536621965400229 0.53662196540023 0.438149999999983
    vertex 0.544463017061322 1.42076301706133 0.256662327646206
    vertex -0.438150000000008 0.438150000000008 0.256662327646207
  endloop
endfacet
facet normal -0.560985526796932 0.560985526796935 -0.608761429008716
  outer loop
    vertex 0.544463017061322 1.42076301706133 0.256662327646206
    vertex -0.536621965400229 0.53662196540023 0.438149999999983
    vertex 0.405202628078794 1.47844655887925 0.438149999999983
  endloop
endfacet
facet normal 0.793353340291236 2.19361407527504e-016 0.608761429008719
  outer loop
    vertex 1.03998303334491 58.7597368822688 1.31445
    vertex 0.900722644362377 61.9505910128046 1.49593767235377
    vertex 0.900722644362377 58.7020533404508 1.49593767235377
  endloop
endfacet
facet normal 0.793353340291236 2.19361407527504e-016 0.608761429008719
  outer loop
    vertex 0.900722644362377 61.9505910128046 1.49593767235377
    vertex 1.03998303334491 58.7597368822688 1.31445
    vertex 1.03998303334491 61.9505910128046 1.31444999999999
  endloop
endfacet
facet normal -0.382683432365053 3.32844833974074e-016 0.923879532511302
  outer loop
    vertex 0.0542818427852598 58.3514460806917 1.72274080157708
    vertex -0.1570650279914 61.9505910128046 1.63519806133628
    vertex -0.1570650279914 58.2639033404509 1.63519806133628
  endloop
endfacet
facet normal -0.382683432365053 3.32844833974074e-016 0.923879532511302
  outer loop
    vertex -0.1570650279914 61.9505910128046 1.63519806133628
    vertex 0.0542818427852598 58.3514460806917 1.72274080157708
    vertex 0.0542818427852598 61.9505910128046 1.72274080157708
  endloop
endfacet
facet normal -0.130526192220024 -3.57754883564462e-016 -0.991444861373814
  outer loop
    vertex 0.054281842785293 61.9505910128046 0.0298591984228608
    vertex 0.281084972008633 58.4453910128046 -2.11497486191092e-014
    vertex 0.054281842785293 58.3514460806917 0.0298591984228619
  endloop
endfacet
facet normal -0.130526192220024 -3.57754883564462e-016 -0.991444861373814
  outer loop
    vertex 0.281084972008633 58.4453910128046 -2.11497486191092e-014
    vertex 0.054281842785293 61.9505910128046 0.0298591984228608
    vertex 0.281084972008633 61.9505910128046 -2.22072360500647e-014
  endloop
endfacet
facet normal -0.923879532511289 1.37708349075281e-016 0.382683432365084
  outer loop
    vertex -0.5653558295685 61.9505910128046 1.1031031292233
    vertex -0.477813089327695 58.1310451433405 1.31444999999996
    vertex -0.477813089327695 61.9505910128046 1.31444999999996
  endloop
endfacet
facet normal -0.923879532511289 1.37708349075281e-016 0.382683432365084
  outer loop
    vertex -0.477813089327695 58.1310451433405 1.31444999999996
    vertex -0.5653558295685 61.9505910128046 1.1031031292233
    vertex -0.5653558295685 58.0947837530454 1.1031031292233
  endloop
endfacet
facet normal 0.382683432365053 -3.32619543736447e-016 -0.923879532511302
  outer loop
    vertex 0.507888101231974 61.9505910128046 0.0298591984228774
    vertex 0.719234972008633 58.6268786851584 0.117401938663675
    vertex 0.507888101231974 58.5393359449176 0.0298591984228784
  endloop
endfacet
facet normal 0.382683432365053 -3.32619543736447e-016 -0.923879532511302
  outer loop
    vertex 0.719234972008633 58.6268786851584 0.117401938663675
    vertex 0.507888101231974 61.9505910128046 0.0298591984228774
    vertex 0.719234972008633 61.9505910128046 0.117401938663674
  endloop
endfacet
facet normal -0.608761429008651 -2.86303578358503e-016 -0.793353340291289
  outer loop
    vertex -0.338552700345143 61.9505910128046 0.256662327646184
    vertex -0.157065027991367 58.2639033404509 0.117401938663676
    vertex -0.338552700345143 58.1887286851584 0.256662327646186
  endloop
endfacet
facet normal -0.608761429008651 -2.86303578358503e-016 -0.793353340291289
  outer loop
    vertex -0.157065027991367 58.2639033404509 0.117401938663676
    vertex -0.338552700345143 61.9505910128046 0.256662327646184
    vertex -0.157065027991367 61.9505910128046 0.117401938663674
  endloop
endfacet
facet normal 0.923879532511276 1.37899151239965e-016 0.382683432365115
  outer loop
    vertex 1.12752577358573 58.7959982725638 1.10310312922334
    vertex 1.03998303334491 61.9505910128046 1.31444999999999
    vertex 1.03998303334491 58.7597368822688 1.31445
  endloop
endfacet
facet normal 0.923879532511276 1.37899151239965e-016 0.382683432365115
  outer loop
    vertex 1.03998303334491 61.9505910128046 1.31444999999999
    vertex 1.12752577358573 58.7959982725638 1.10310312922334
    vertex 1.12752577358573 61.9505910128046 1.10310312922333
  endloop
endfacet
facet normal -0.60876142900876 2.85689591338162e-016 0.793353340291205
  outer loop
    vertex -0.1570650279914 58.2639033404509 1.63519806133628
    vertex -0.338552700345168 61.9505910128046 1.49593767235374
    vertex -0.338552700345168 58.1887286851584 1.49593767235374
  endloop
endfacet
facet normal -0.60876142900876 2.85689591338162e-016 0.793353340291205
  outer loop
    vertex -0.338552700345168 61.9505910128046 1.49593767235374
    vertex -0.1570650279914 58.2639033404509 1.63519806133628
    vertex -0.1570650279914 61.9505910128046 1.63519806133628
  endloop
endfacet
facet normal -0.991444861373809 -4.65378465056256e-017 -0.13052619222006
  outer loop
    vertex -0.565355829568492 61.9505910128046 0.649496870776621
    vertex -0.595215027991383 58.0824156680971 0.876299999999963
    vertex -0.595215027991383 61.9505910128046 0.876299999999961
  endloop
endfacet
facet normal -0.991444861373809 -4.65378465056256e-017 -0.13052619222006
  outer loop
    vertex -0.595215027991383 58.0824156680971 0.876299999999963
    vertex -0.565355829568492 61.9505910128046 0.649496870776621
    vertex -0.565355829568492 58.0947837530454 0.649496870776622
  endloop
endfacet
facet normal 0.991444861373814 -4.70691601987713e-017 -0.130526192220024
  outer loop
    vertex 1.12752577358573 58.7959982725638 0.649496870776655
    vertex 1.15738497200862 61.9505910128046 0.876299999999994
    vertex 1.15738497200862 58.8083663575122 0.876299999999995
  endloop
endfacet
facet normal 0.991444861373814 -4.70691601987713e-017 -0.130526192220024
  outer loop
    vertex 1.15738497200862 61.9505910128046 0.876299999999994
    vertex 1.12752577358573 58.7959982725638 0.649496870776655
    vertex 1.12752577358573 61.9505910128046 0.649496870776654
  endloop
endfacet
facet normal 0.608761429008651 2.87273648476868e-016 0.793353340291289
  outer loop
    vertex 0.900722644362377 58.7020533404508 1.49593767235377
    vertex 0.7192349720086 61.9505910128046 1.63519806133628
    vertex 0.7192349720086 58.6268786851584 1.63519806133628
  endloop
endfacet
facet normal 0.608761429008651 2.87273648476868e-016 0.793353340291289
  outer loop
    vertex 0.7192349720086 61.9505910128046 1.63519806133628
    vertex 0.900722644362377 58.7020533404508 1.49593767235377
    vertex 0.900722644362377 61.9505910128046 1.49593767235377
  endloop
endfacet
facet normal -0.793353340291236 -2.19697144825432e-016 -0.608761429008719
  outer loop
    vertex -0.338552700345143 61.9505910128046 0.256662327646184
    vertex -0.477813089327679 58.1310451433405 0.438149999999962
    vertex -0.477813089327679 61.9505910128046 0.438149999999961
  endloop
endfacet
facet normal -0.793353340291236 -2.19697144825432e-016 -0.608761429008719
  outer loop
    vertex -0.477813089327679 58.1310451433405 0.438149999999962
    vertex -0.338552700345143 61.9505910128046 0.256662327646184
    vertex -0.338552700345143 58.1887286851584 0.256662327646186
  endloop
endfacet
facet normal 0.991444861373809 4.62557699346747e-017 0.13052619222006
  outer loop
    vertex 1.15738497200862 58.8083663575122 0.876299999999995
    vertex 1.12752577358573 61.9505910128046 1.10310312922333
    vertex 1.12752577358573 58.7959982725638 1.10310312922334
  endloop
endfacet
facet normal 0.991444861373809 4.62557699346747e-017 0.13052619222006
  outer loop
    vertex 1.12752577358573 61.9505910128046 1.10310312922333
    vertex 1.15738497200862 58.8083663575122 0.876299999999995
    vertex 1.15738497200862 61.9505910128046 0.876299999999994
  endloop
endfacet
facet normal 0.793353340291254 -2.20476338334633e-016 -0.608761429008696
  outer loop
    vertex 0.900722644362402 58.7020533404509 0.256662327646219
    vertex 1.03998303334493 61.9505910128046 0.438149999999994
    vertex 1.03998303334493 58.7597368822688 0.438149999999995
  endloop
endfacet
facet normal 0.793353340291254 -2.20476338334633e-016 -0.608761429008696
  outer loop
    vertex 1.03998303334493 61.9505910128046 0.438149999999994
    vertex 0.900722644362402 58.7020533404509 0.256662327646219
    vertex 0.900722644362402 61.9505910128046 0.256662327646218
  endloop
endfacet
facet normal 0.60876142900876 -2.86541368346653e-016 -0.793353340291205
  outer loop
    vertex 0.719234972008633 61.9505910128046 0.117401938663674
    vertex 0.900722644362402 58.7020533404509 0.256662327646219
    vertex 0.719234972008633 58.6268786851584 0.117401938663675
  endloop
endfacet
facet normal 0.60876142900876 -2.86541368346653e-016 -0.793353340291205
  outer loop
    vertex 0.900722644362402 58.7020533404509 0.256662327646219
    vertex 0.719234972008633 61.9505910128046 0.117401938663674
    vertex 0.900722644362402 61.9505910128046 0.256662327646218
  endloop
endfacet
facet normal 0.130526192220095 -3.57694898955733e-016 -0.991444861373805
  outer loop
    vertex 0.281084972008633 61.9505910128046 -2.22072360500647e-014
    vertex 0.507888101231974 58.5393359449176 0.0298591984228784
    vertex 0.281084972008633 58.4453910128046 -2.11497486191092e-014
  endloop
endfacet
facet normal 0.130526192220095 -3.57694898955733e-016 -0.991444861373805
  outer loop
    vertex 0.507888101231974 58.5393359449176 0.0298591984228784
    vertex 0.281084972008633 61.9505910128046 -2.22072360500647e-014
    vertex 0.507888101231974 61.9505910128046 0.0298591984228774
  endloop
endfacet
facet normal -0.130526192220095 3.5756201433623e-016 0.991444861373805
  outer loop
    vertex 0.2810849720086 58.4453910128046 1.75259999999998
    vertex 0.0542818427852598 61.9505910128046 1.72274080157708
    vertex 0.0542818427852598 58.3514460806917 1.72274080157708
  endloop
endfacet
facet normal -0.130526192220095 3.5756201433623e-016 0.991444861373805
  outer loop
    vertex 0.0542818427852598 61.9505910128046 1.72274080157708
    vertex 0.2810849720086 58.4453910128046 1.75259999999998
    vertex 0.2810849720086 61.9505910128046 1.75259999999998
  endloop
endfacet
facet normal 0.0 1.0 -3.60822483003176e-016
  outer loop
    vertex -0.5653558295685 61.9505910128046 1.1031031292233
    vertex -0.565355829568492 61.9505910128046 0.649496870776621
    vertex -0.595215027991383 61.9505910128046 0.876299999999961
  endloop
endfacet
facet normal 0.0 1.0 -3.60822483003176e-016
  outer loop
    vertex -0.565355829568492 61.9505910128046 0.649496870776621
    vertex -0.5653558295685 61.9505910128046 1.1031031292233
    vertex -0.477813089327695 61.9505910128046 1.31444999999996
  endloop
endfacet
facet normal 0.0 1.0 -3.60822483003176e-016
  outer loop
    vertex -0.565355829568492 61.9505910128046 0.649496870776621
    vertex -0.477813089327695 61.9505910128046 1.31444999999996
    vertex -0.477813089327679 61.9505910128046 0.438149999999961
  endloop
endfacet
facet normal 0.0 1.0 -3.60822483003176e-016
  outer loop
    vertex -0.477813089327679 61.9505910128046 0.438149999999961
    vertex -0.477813089327695 61.9505910128046 1.31444999999996
    vertex -0.338552700345168 61.9505910128046 1.49593767235374
  endloop
endfacet
facet normal 0.0 1.0 -3.60822483003176e-016
  outer loop
    vertex -0.477813089327679 61.9505910128046 0.438149999999961
    vertex -0.338552700345168 61.9505910128046 1.49593767235374
    vertex -0.338552700345143 61.9505910128046 0.256662327646184
  endloop
endfacet
facet normal 0.0 1.0 -3.60822483003176e-016
  outer loop
    vertex -0.338552700345143 61.9505910128046 0.256662327646184
    vertex -0.338552700345168 61.9505910128046 1.49593767235374
    vertex -0.1570650279914 61.9505910128046 1.63519806133628
  endloop
endfacet
facet normal 0.0 1.0 -3.60822483003176e-016
  outer loop
    vertex -0.338552700345143 61.9505910128046 0.256662327646184
    vertex -0.1570650279914 61.9505910128046 1.63519806133628
    vertex -0.157065027991367 61.9505910128046 0.117401938663674
  endloop
endfacet
facet normal 0.0 1.0 -3.60822483003176e-016
  outer loop
    vertex -0.157065027991367 61.9505910128046 0.117401938663674
    vertex -0.1570650279914 61.9505910128046 1.63519806133628
    vertex 0.0542818427852598 61.9505910128046 1.72274080157708
  endloop
endfacet
facet normal 0.0 1.0 -3.60822483003176e-016
  outer loop
    vertex -0.157065027991367 61.9505910128046 0.117401938663674
    vertex 0.0542818427852598 61.9505910128046 1.72274080157708
    vertex 0.054281842785293 61.9505910128046 0.0298591984228608
  endloop
endfacet
facet normal 0.0 1.0 -3.60822483003176e-016
  outer loop
    vertex 0.054281842785293 61.9505910128046 0.0298591984228608
    vertex 0.0542818427852598 61.9505910128046 1.72274080157708
    vertex 0.2810849720086 61.9505910128046 1.75259999999998
  endloop
endfacet
facet normal 0.0 1.0 -3.60822483003176e-016
  outer loop
    vertex 0.054281842785293 61.9505910128046 0.0298591984228608
    vertex 0.2810849720086 61.9505910128046 1.75259999999998
    vertex 0.281084972008633 61.9505910128046 -2.22072360500647e-014
  endloop
endfacet
facet normal 0.0 1.0 -3.60822483003176e-016
  outer loop
    vertex 0.281084972008633 61.9505910128046 -2.22072360500647e-014
    vertex 0.2810849720086 61.9505910128046 1.75259999999998
    vertex 0.50788810123194 61.9505910128046 1.72274080157709
  endloop
endfacet
facet normal 0.0 1.0 -3.60822483003176e-016
  outer loop
    vertex 0.281084972008633 61.9505910128046 -2.22072360500647e-014
    vertex 0.50788810123194 61.9505910128046 1.72274080157709
    vertex 0.507888101231974 61.9505910128046 0.0298591984228774
  endloop
endfacet
facet normal 0.0 1.0 -3.60822483003176e-016
  outer loop
    vertex 0.507888101231974 61.9505910128046 0.0298591984228774
    vertex 0.50788810123194 61.9505910128046 1.72274080157709
    vertex 0.7192349720086 61.9505910128046 1.63519806133628
  endloop
endfacet
facet normal 0.0 1.0 -3.60822483003176e-016
  outer loop
    vertex 0.507888101231974 61.9505910128046 0.0298591984228774
    vertex 0.7192349720086 61.9505910128046 1.63519806133628
    vertex 0.719234972008633 61.9505910128046 0.117401938663674
  endloop
endfacet
facet normal 0.0 1.0 -3.60822483003176e-016
  outer loop
    vertex 0.719234972008633 61.9505910128046 0.117401938663674
    vertex 0.7192349720086 61.9505910128046 1.63519806133628
    vertex 0.900722644362377 61.9505910128046 1.49593767235377
  endloop
endfacet
facet normal 0.0 1.0 -3.60822483003176e-016
  outer loop
    vertex 0.719234972008633 61.9505910128046 0.117401938663674
    vertex 0.900722644362377 61.9505910128046 1.49593767235377
    vertex 0.900722644362402 61.9505910128046 0.256662327646218
  endloop
endfacet
facet normal 0.0 1.0 -3.60822483003176e-016
  outer loop
    vertex 0.900722644362402 61.9505910128046 0.256662327646218
    vertex 0.900722644362377 61.9505910128046 1.49593767235377
    vertex 1.03998303334491 61.9505910128046 1.31444999999999
  endloop
endfacet
facet normal 0.0 1.0 -3.60822483003176e-016
  outer loop
    vertex 0.900722644362402 61.9505910128046 0.256662327646218
    vertex 1.03998303334491 61.9505910128046 1.31444999999999
    vertex 1.03998303334493 61.9505910128046 0.438149999999994
  endloop
endfacet
facet normal 0.0 1.0 -3.60822483003176e-016
  outer loop
    vertex 1.03998303334493 61.9505910128046 0.438149999999994
    vertex 1.03998303334491 61.9505910128046 1.31444999999999
    vertex 1.12752577358573 61.9505910128046 1.10310312922333
  endloop
endfacet
facet normal 0.0 1.0 -3.60822483003176e-016
  outer loop
    vertex 1.03998303334493 61.9505910128046 0.438149999999994
    vertex 1.12752577358573 61.9505910128046 1.10310312922333
    vertex 1.12752577358573 61.9505910128046 0.649496870776654
  endloop
endfacet
facet normal 0.0 1.0 -3.60822483003176e-016
  outer loop
    vertex 1.12752577358573 61.9505910128046 0.649496870776654
    vertex 1.12752577358573 61.9505910128046 1.10310312922333
    vertex 1.15738497200862 61.9505910128046 0.876299999999994
  endloop
endfacet
facet normal 0.382683432365115 3.33448627314044e-016 0.923879532511276
  outer loop
    vertex 0.7192349720086 58.6268786851584 1.63519806133628
    vertex 0.50788810123194 61.9505910128046 1.72274080157709
    vertex 0.50788810123194 58.5393359449176 1.7227408015771
  endloop
endfacet
facet normal 0.382683432365115 3.33448627314044e-016 0.923879532511276
  outer loop
    vertex 0.50788810123194 61.9505910128046 1.72274080157709
    vertex 0.7192349720086 58.6268786851584 1.63519806133628
    vertex 0.7192349720086 61.9505910128046 1.63519806133628
  endloop
endfacet
facet normal -0.382683432365115 -3.33435225830758e-016 -0.923879532511276
  outer loop
    vertex -0.157065027991367 61.9505910128046 0.117401938663674
    vertex 0.054281842785293 58.3514460806917 0.0298591984228619
    vertex -0.157065027991367 58.2639033404509 0.117401938663676
  endloop
endfacet
facet normal -0.382683432365115 -3.33435225830758e-016 -0.923879532511276
  outer loop
    vertex 0.054281842785293 58.3514460806917 0.0298591984228619
    vertex -0.157065027991367 61.9505910128046 0.117401938663674
    vertex 0.054281842785293 61.9505910128046 0.0298591984228608
  endloop
endfacet
facet normal 0.130526192220024 3.5816292234362e-016 0.991444861373814
  outer loop
    vertex 0.50788810123194 58.5393359449176 1.7227408015771
    vertex 0.2810849720086 61.9505910128046 1.75259999999998
    vertex 0.2810849720086 58.4453910128046 1.75259999999998
  endloop
endfacet
facet normal 0.130526192220024 3.5816292234362e-016 0.991444861373814
  outer loop
    vertex 0.2810849720086 61.9505910128046 1.75259999999998
    vertex 0.50788810123194 58.5393359449176 1.7227408015771
    vertex 0.50788810123194 61.9505910128046 1.72274080157709
  endloop
endfacet
facet normal -0.991444861373814 4.72885373183322e-017 0.130526192220024
  outer loop
    vertex -0.595215027991383 61.9505910128046 0.876299999999961
    vertex -0.5653558295685 58.0947837530454 1.1031031292233
    vertex -0.5653558295685 61.9505910128046 1.1031031292233
  endloop
endfacet
facet normal -0.991444861373814 4.72885373183322e-017 0.130526192220024
  outer loop
    vertex -0.5653558295685 58.0947837530454 1.1031031292233
    vertex -0.595215027991383 61.9505910128046 0.876299999999961
    vertex -0.595215027991383 58.0824156680971 0.876299999999963
  endloop
endfacet
facet normal -0.793353340291254 2.20247492726694e-016 0.608761429008696
  outer loop
    vertex -0.477813089327695 61.9505910128046 1.31444999999996
    vertex -0.338552700345168 58.1887286851584 1.49593767235374
    vertex -0.338552700345168 61.9505910128046 1.49593767235374
  endloop
endfacet
facet normal -0.793353340291254 2.20247492726694e-016 0.608761429008696
  outer loop
    vertex -0.338552700345168 58.1887286851584 1.49593767235374
    vertex -0.477813089327695 61.9505910128046 1.31444999999996
    vertex -0.477813089327695 58.1310451433405 1.31444999999996
  endloop
endfacet
facet normal 0.923879532511289 -1.36549862444227e-016 -0.382683432365084
  outer loop
    vertex 1.03998303334493 58.7597368822688 0.438149999999995
    vertex 1.12752577358573 61.9505910128046 0.649496870776654
    vertex 1.12752577358573 58.7959982725638 0.649496870776655
  endloop
endfacet
facet normal 0.923879532511289 -1.36549862444227e-016 -0.382683432365084
  outer loop
    vertex 1.12752577358573 61.9505910128046 0.649496870776654
    vertex 1.03998303334493 58.7597368822688 0.438149999999995
    vertex 1.03998303334493 61.9505910128046 0.438149999999994
  endloop
endfacet
facet normal -0.923879532511276 -1.38453223465026e-016 -0.382683432365115
  outer loop
    vertex -0.477813089327679 61.9505910128046 0.438149999999961
    vertex -0.565355829568492 58.0947837530454 0.649496870776622
    vertex -0.565355829568492 61.9505910128046 0.649496870776621
  endloop
endfacet
facet normal -0.923879532511276 -1.38453223465026e-016 -0.382683432365115
  outer loop
    vertex -0.565355829568492 58.0947837530454 0.649496870776622
    vertex -0.477813089327679 61.9505910128046 0.438149999999961
    vertex -0.477813089327679 58.1310451433405 0.438149999999962
  endloop
endfacet
facet normal -0.270598050073114 -0.270598050073114 -0.923879532511278
  outer loop
    vertex -0.157065027991367 58.2639033404509 0.117401938663676
    vertex 2.25174756019176 56.1539803632852 0.0298591984228629
    vertex 2.0404006894151 56.0664376230444 0.117401938663676
  endloop
endfacet
facet normal -0.270598050073114 -0.270598050073114 -0.923879532511278
  outer loop
    vertex 2.25174756019176 56.1539803632852 0.0298591984228629
    vertex -0.157065027991367 58.2639033404509 0.117401938663676
    vertex 0.054281842785293 58.3514460806917 0.0298591984228619
  endloop
endfacet
facet normal -0.092295955641287 -0.0922959556412865 0.991444861373805
  outer loop
    vertex 2.47855068941507 56.2479252953982 1.75259999999998
    vertex 0.0542818427852598 58.3514460806917 1.72274080157708
    vertex 2.25174756019173 56.1539803632852 1.72274080157708
  endloop
endfacet
facet normal -0.092295955641287 -0.0922959556412865 0.991444861373805
  outer loop
    vertex 0.0542818427852598 58.3514460806917 1.72274080157708
    vertex 2.47855068941507 56.2479252953982 1.75259999999998
    vertex 0.2810849720086 58.4453910128046 1.75259999999998
  endloop
endfacet
facet normal -0.701057384649982 -0.70105738464998 0.130526192220018
  outer loop
    vertex -0.595215027991383 58.0824156680971 0.876299999999963
    vertex 1.63210988783797 55.897318035639 1.1031031292233
    vertex -0.5653558295685 58.0947837530454 1.1031031292233
  endloop
endfacet
facet normal -0.701057384649982 -0.70105738464998 0.130526192220018
  outer loop
    vertex 1.63210988783797 55.897318035639 1.1031031292233
    vertex -0.595215027991383 58.0824156680971 0.876299999999963
    vertex 1.60225068941508 55.8849499506906 0.876299999999963
  endloop
endfacet
facet normal 0.27059805007312 0.27059805007312 0.923879532511274
  outer loop
    vertex 2.91670068941507 56.4294129677519 1.63519806133628
    vertex 0.50788810123194 58.5393359449176 1.7227408015771
    vertex 2.70535381863841 56.3418702275111 1.7227408015771
  endloop
endfacet
facet normal 0.27059805007312 0.27059805007312 0.923879532511274
  outer loop
    vertex 0.50788810123194 58.5393359449176 1.7227408015771
    vertex 2.91670068941507 56.4294129677519 1.63519806133628
    vertex 0.7192349720086 58.6268786851584 1.63519806133628
  endloop
endfacet
facet normal -0.701057384649979 -0.701057384649978 -0.130526192220043
  outer loop
    vertex -0.565355829568492 58.0947837530454 0.649496870776622
    vertex 1.60225068941508 55.8849499506906 0.876299999999963
    vertex -0.595215027991383 58.0824156680971 0.876299999999963
  endloop
endfacet
facet normal -0.701057384649979 -0.701057384649978 -0.130526192220043
  outer loop
    vertex 1.60225068941508 55.8849499506906 0.876299999999963
    vertex -0.565355829568492 58.0947837530454 0.649496870776622
    vertex 1.63210988783797 55.897318035639 0.649496870776623
  endloop
endfacet
facet normal 0.270598050073074 0.270598050073074 -0.923879532511301
  outer loop
    vertex 0.507888101231974 58.5393359449176 0.0298591984228784
    vertex 2.9167006894151 56.4294129677519 0.117401938663676
    vertex 2.70535381863845 56.3418702275111 0.0298591984228795
  endloop
endfacet
facet normal 0.270598050073074 0.270598050073074 -0.923879532511301
  outer loop
    vertex 2.9167006894151 56.4294129677519 0.117401938663676
    vertex 0.507888101231974 58.5393359449176 0.0298591984228784
    vertex 0.719234972008633 58.6268786851584 0.117401938663675
  endloop
endfacet
facet normal -0.130526192220024 -3.57769703912279e-016 -0.991444861373814
  outer loop
    vertex 2.25174756019176 9.31349022617162 0.0298591984228798
    vertex 2.4785506894151 56.2479252953982 -2.00922611881538e-014
    vertex 2.4785506894151 9.21954529405866 -3.17246229286638e-015
  endloop
endfacet
facet normal -0.130526192220024 -3.57769703912279e-016 -0.991444861373814
  outer loop
    vertex 2.4785506894151 56.2479252953982 -2.00922611881538e-014
    vertex 2.25174756019176 9.31349022617162 0.0298591984228798
    vertex 2.25174756019176 56.1539803632852 0.0298591984228629
  endloop
endfacet
facet normal 0.653281482438177 0.653281482438178 0.382683432365126
  outer loop
    vertex 3.23744875075138 56.5622711648623 1.31445
    vertex 1.12752577358573 58.7959982725638 1.10310312922334
    vertex 1.03998303334491 58.7597368822688 1.31445
  endloop
endfacet
facet normal 0.653281482438177 0.653281482438178 0.382683432365126
  outer loop
    vertex 1.12752577358573 58.7959982725638 1.10310312922334
    vertex 3.23744875075138 56.5622711648623 1.31445
    vertex 3.3249914909922 56.5985325551574 1.10310312922334
  endloop
endfacet
facet normal -0.430459334576828 -0.430459334576828 -0.793353340291291
  outer loop
    vertex -0.338552700345143 58.1887286851584 0.256662327646186
    vertex 2.0404006894151 56.0664376230444 0.117401938663676
    vertex 1.85891301706131 55.9912629677519 0.256662327646187
  endloop
endfacet
facet normal -0.430459334576828 -0.430459334576828 -0.793353340291291
  outer loop
    vertex 2.0404006894151 56.0664376230444 0.117401938663676
    vertex -0.338552700345143 58.1887286851584 0.256662327646186
    vertex -0.157065027991367 58.2639033404509 0.117401938663676
  endloop
endfacet
facet normal 0.430459334576904 0.430459334576905 -0.793353340291208
  outer loop
    vertex 0.719234972008633 58.6268786851584 0.117401938663675
    vertex 3.09818836176887 56.5045876230444 0.25666232764622
    vertex 2.9167006894151 56.4294129677519 0.117401938663676
  endloop
endfacet
facet normal 0.430459334576904 0.430459334576905 -0.793353340291208
  outer loop
    vertex 3.09818836176887 56.5045876230444 0.25666232764622
    vertex 0.719234972008633 58.6268786851584 0.117401938663675
    vertex 0.900722644362402 58.7020533404509 0.256662327646219
  endloop
endfacet
facet normal -0.560985526796948 -0.560985526796948 0.60876142900869
  outer loop
    vertex 1.8589130170613 55.9912629677519 1.49593767235374
    vertex -0.477813089327695 58.1310451433405 1.31444999999996
    vertex 1.71965262807877 55.933579425934 1.31444999999996
  endloop
endfacet
facet normal -0.560985526796948 -0.560985526796948 0.60876142900869
  outer loop
    vertex -0.477813089327695 58.1310451433405 1.31444999999996
    vertex 1.8589130170613 55.9912629677519 1.49593767235374
    vertex -0.338552700345168 58.1887286851584 1.49593767235374
  endloop
endfacet
facet normal 0.0922959556412385 0.0922959556412389 0.991444861373814
  outer loop
    vertex 2.70535381863841 56.3418702275111 1.7227408015771
    vertex 0.2810849720086 58.4453910128046 1.75259999999998
    vertex 2.47855068941507 56.2479252953982 1.75259999999998
  endloop
endfacet
facet normal 0.0922959556412385 0.0922959556412389 0.991444861373814
  outer loop
    vertex 0.2810849720086 58.4453910128046 1.75259999999998
    vertex 2.70535381863841 56.3418702275111 1.7227408015771
    vertex 0.50788810123194 58.5393359449176 1.7227408015771
  endloop
endfacet
facet normal 0.130526192220091 -3.57698159334333e-016 -0.991444861373805
  outer loop
    vertex 2.4785506894151 9.21954529405866 -3.17246229286638e-015
    vertex 2.70535381863845 56.3418702275111 0.0298591984228795
    vertex 2.70535381863845 9.12560036194568 0.0298591984228964
  endloop
endfacet
facet normal 0.130526192220091 -3.57698159334333e-016 -0.991444861373805
  outer loop
    vertex 2.70535381863845 56.3418702275111 0.0298591984228795
    vertex 2.4785506894151 9.21954529405866 -3.17246229286638e-015
    vertex 2.4785506894151 56.2479252953982 -2.00922611881538e-014
  endloop
endfacet
facet normal -0.653281482438191 -0.653281482438189 0.382683432365083
  outer loop
    vertex -0.5653558295685 58.0947837530454 1.1031031292233
    vertex 1.71965262807877 55.933579425934 1.31444999999996
    vertex -0.477813089327695 58.1310451433405 1.31444999999996
  endloop
endfacet
facet normal -0.653281482438191 -0.653281482438189 0.382683432365083
  outer loop
    vertex 1.71965262807877 55.933579425934 1.31444999999996
    vertex -0.5653558295685 58.0947837530454 1.1031031292233
    vertex 1.63210988783797 55.897318035639 1.1031031292233
  endloop
endfacet
facet normal 0.60876142900876 -2.86341624121078e-016 -0.793353340291205
  outer loop
    vertex 2.9167006894151 9.03805762170489 0.117401938663693
    vertex 3.09818836176887 56.5045876230444 0.25666232764622
    vertex 3.09818836176887 8.96288296641243 0.256662327646237
  endloop
endfacet
facet normal 0.60876142900876 -2.86341624121078e-016 -0.793353340291205
  outer loop
    vertex 3.09818836176887 56.5045876230444 0.25666232764622
    vertex 2.9167006894151 9.03805762170489 0.117401938663693
    vertex 2.9167006894151 56.4294129677519 0.117401938663676
  endloop
endfacet
facet normal 0.793353340291254 -2.19630114030691e-016 -0.608761429008696
  outer loop
    vertex 3.09818836176887 8.96288296641243 0.256662327646237
    vertex 3.23744875075139 56.5622711648623 0.438149999999996
    vertex 3.23744875075139 8.90519942459451 0.438150000000013
  endloop
endfacet
facet normal 0.793353340291254 -2.19630114030691e-016 -0.608761429008696
  outer loop
    vertex 3.23744875075139 56.5622711648623 0.438149999999996
    vertex 3.09818836176887 8.96288296641243 0.256662327646237
    vertex 3.09818836176887 56.5045876230444 0.25666232764622
  endloop
endfacet
facet normal 0.923879532511276 -1.38161657133791e-016 -0.382683432365115
  outer loop
    vertex 3.23744875075139 8.90519942459451 0.438150000000013
    vertex 3.32499149099221 56.5985325551574 0.649496870776656
    vertex 3.32499149099221 8.86893803429946 0.649496870776673
  endloop
endfacet
facet normal 0.923879532511276 -1.38161657133791e-016 -0.382683432365115
  outer loop
    vertex 3.32499149099221 56.5985325551574 0.649496870776656
    vertex 3.23744875075139 8.90519942459451 0.438150000000013
    vertex 3.23744875075139 56.5622711648623 0.438149999999996
  endloop
endfacet
facet normal 0.701057384649982 0.701057384649982 -0.130526192220006
  outer loop
    vertex 3.32499149099221 56.5985325551574 0.649496870776656
    vertex 1.15738497200862 58.8083663575122 0.876299999999995
    vertex 3.35485068941508 56.6109006401057 0.876299999999996
  endloop
endfacet
facet normal 0.701057384649982 0.701057384649982 -0.130526192220006
  outer loop
    vertex 1.15738497200862 58.8083663575122 0.876299999999995
    vertex 3.32499149099221 56.5985325551574 0.649496870776656
    vertex 1.12752577358573 58.7959982725638 0.649496870776655
  endloop
endfacet
facet normal 0.382683432365066 -3.33313560837951e-016 -0.923879532511297
  outer loop
    vertex 2.70535381863845 9.12560036194568 0.0298591984228964
    vertex 2.9167006894151 56.4294129677519 0.117401938663676
    vertex 2.9167006894151 9.03805762170489 0.117401938663693
  endloop
endfacet
facet normal 0.382683432365066 -3.33313560837951e-016 -0.923879532511297
  outer loop
    vertex 2.9167006894151 56.4294129677519 0.117401938663676
    vertex 2.70535381863845 9.12560036194568 0.0298591984228964
    vertex 2.70535381863845 56.3418702275111 0.0298591984228795
  endloop
endfacet
facet normal 0.653281482438187 0.653281482438187 -0.382683432365094
  outer loop
    vertex 3.23744875075139 56.5622711648623 0.438149999999996
    vertex 1.12752577358573 58.7959982725638 0.649496870776655
    vertex 3.32499149099221 56.5985325551574 0.649496870776656
  endloop
endfacet
facet normal 0.653281482438187 0.653281482438187 -0.382683432365094
  outer loop
    vertex 1.12752577358573 58.7959982725638 0.649496870776655
    vertex 3.23744875075139 56.5622711648623 0.438149999999996
    vertex 1.03998303334493 58.7597368822688 0.438149999999995
  endloop
endfacet
facet normal 0.991444861373819 -4.71106349851538e-017 -0.130526192219988
  outer loop
    vertex 3.32499149099221 8.86893803429946 0.649496870776673
    vertex 3.35485068941508 56.6109006401057 0.876299999999996
    vertex 3.35485068941508 8.85656994935112 0.876300000000013
  endloop
endfacet
facet normal 0.991444861373819 -4.71106349851538e-017 -0.130526192219988
  outer loop
    vertex 3.35485068941508 56.6109006401057 0.876299999999996
    vertex 3.32499149099221 8.86893803429946 0.649496870776673
    vertex 3.32499149099221 56.5985325551574 0.649496870776656
  endloop
endfacet
facet normal -0.430459334576911 -0.430459334576911 0.793353340291201
  outer loop
    vertex 2.04040068941506 56.0664376230444 1.63519806133628
    vertex -0.338552700345168 58.1887286851584 1.49593767235374
    vertex 1.8589130170613 55.9912629677519 1.49593767235374
  endloop
endfacet
facet normal -0.430459334576911 -0.430459334576911 0.793353340291201
  outer loop
    vertex -0.338552700345168 58.1887286851584 1.49593767235374
    vertex 2.04040068941506 56.0664376230444 1.63519806133628
    vertex -0.1570650279914 58.2639033404509 1.63519806133628
  endloop
endfacet
facet normal -0.653281482438182 -0.65328148243818 -0.382683432365116
  outer loop
    vertex -0.477813089327679 58.1310451433405 0.438149999999962
    vertex 1.63210988783797 55.897318035639 0.649496870776623
    vertex -0.565355829568492 58.0947837530454 0.649496870776622
  endloop
endfacet
facet normal -0.653281482438182 -0.65328148243818 -0.382683432365116
  outer loop
    vertex 1.63210988783797 55.897318035639 0.649496870776623
    vertex -0.477813089327679 58.1310451433405 0.438149999999962
    vertex 1.71965262807879 55.933579425934 0.438149999999963
  endloop
endfacet
facet normal 0.560985526796948 0.560985526796948 -0.60876142900869
  outer loop
    vertex 0.900722644362402 58.7020533404509 0.256662327646219
    vertex 3.23744875075139 56.5622711648623 0.438149999999996
    vertex 3.09818836176887 56.5045876230444 0.25666232764622
  endloop
endfacet
facet normal 0.560985526796948 0.560985526796948 -0.60876142900869
  outer loop
    vertex 3.23744875075139 56.5622711648623 0.438149999999996
    vertex 0.900722644362402 58.7020533404509 0.256662327646219
    vertex 1.03998303334493 58.7597368822688 0.438149999999995
  endloop
endfacet
facet normal 0.0922959556412853 0.0922959556412849 -0.991444861373805
  outer loop
    vertex 0.281084972008633 58.4453910128046 -2.11497486191092e-014
    vertex 2.70535381863845 56.3418702275111 0.0298591984228795
    vertex 2.4785506894151 56.2479252953982 -2.00922611881538e-014
  endloop
endfacet
facet normal 0.0922959556412853 0.0922959556412849 -0.991444861373805
  outer loop
    vertex 2.70535381863845 56.3418702275111 0.0298591984228795
    vertex 0.281084972008633 58.4453910128046 -2.11497486191092e-014
    vertex 0.507888101231974 58.5393359449176 0.0298591984228784
  endloop
endfacet
facet normal 0.701057384649978 0.701057384649979 0.130526192220043
  outer loop
    vertex 3.3249914909922 56.5985325551574 1.10310312922334
    vertex 1.15738497200862 58.8083663575122 0.876299999999995
    vertex 1.12752577358573 58.7959982725638 1.10310312922334
  endloop
endfacet
facet normal 0.701057384649978 0.701057384649979 0.130526192220043
  outer loop
    vertex 1.15738497200862 58.8083663575122 0.876299999999995
    vertex 3.3249914909922 56.5985325551574 1.10310312922334
    vertex 3.35485068941508 56.6109006401057 0.876299999999996
  endloop
endfacet
facet normal 0.560985526796928 0.560985526796928 0.608761429008726
  outer loop
    vertex 3.23744875075138 56.5622711648623 1.31445
    vertex 0.900722644362377 58.7020533404508 1.49593767235377
    vertex 3.09818836176883 56.5045876230444 1.49593767235377
  endloop
endfacet
facet normal 0.560985526796928 0.560985526796928 0.608761429008726
  outer loop
    vertex 0.900722644362377 58.7020533404508 1.49593767235377
    vertex 3.23744875075138 56.5622711648623 1.31445
    vertex 1.03998303334491 58.7597368822688 1.31445
  endloop
endfacet
facet normal -0.0922959556412394 -0.0922959556412398 -0.991444861373814
  outer loop
    vertex 0.054281842785293 58.3514460806917 0.0298591984228619
    vertex 2.4785506894151 56.2479252953982 -2.00922611881538e-014
    vertex 2.25174756019176 56.1539803632852 0.0298591984228629
  endloop
endfacet
facet normal -0.0922959556412394 -0.0922959556412398 -0.991444861373814
  outer loop
    vertex 2.4785506894151 56.2479252953982 -2.00922611881538e-014
    vertex 0.054281842785293 58.3514460806917 0.0298591984228619
    vertex 0.281084972008633 58.4453910128046 -2.11497486191092e-014
  endloop
endfacet
facet normal 0.430459334576838 0.430459334576839 0.793353340291279
  outer loop
    vertex 3.09818836176883 56.5045876230444 1.49593767235377
    vertex 0.7192349720086 58.6268786851584 1.63519806133628
    vertex 2.91670068941507 56.4294129677519 1.63519806133628
  endloop
endfacet
facet normal 0.430459334576838 0.430459334576839 0.793353340291279
  outer loop
    vertex 0.7192349720086 58.6268786851584 1.63519806133628
    vertex 3.09818836176883 56.5045876230444 1.49593767235377
    vertex 0.900722644362377 58.7020533404508 1.49593767235377
  endloop
endfacet
facet normal -0.560985526796939 -0.560985526796938 -0.608761429008706
  outer loop
    vertex -0.477813089327679 58.1310451433405 0.438149999999962
    vertex 1.85891301706131 55.9912629677519 0.256662327646187
    vertex 1.71965262807879 55.933579425934 0.438149999999963
  endloop
endfacet
facet normal -0.560985526796939 -0.560985526796938 -0.608761429008706
  outer loop
    vertex 1.85891301706131 55.9912629677519 0.256662327646187
    vertex -0.477813089327679 58.1310451433405 0.438149999999962
    vertex -0.338552700345143 58.1887286851584 0.256662327646186
  endloop
endfacet
facet normal -0.382683432365115 -3.3340957623011e-016 -0.923879532511276
  outer loop
    vertex 2.0404006894151 9.40103296641242 0.117401938663693
    vertex 2.25174756019176 56.1539803632852 0.0298591984228629
    vertex 2.25174756019176 9.31349022617162 0.0298591984228798
  endloop
endfacet
facet normal -0.382683432365115 -3.3340957623011e-016 -0.923879532511276
  outer loop
    vertex 2.25174756019176 56.1539803632852 0.0298591984228629
    vertex 2.0404006894151 9.40103296641242 0.117401938663693
    vertex 2.0404006894151 56.0664376230444 0.117401938663676
  endloop
endfacet
facet normal -0.270598050073069 -0.270598050073068 0.923879532511304
  outer loop
    vertex 2.25174756019173 56.1539803632852 1.72274080157708
    vertex -0.1570650279914 58.2639033404509 1.63519806133628
    vertex 2.04040068941506 56.0664376230444 1.63519806133628
  endloop
endfacet
facet normal -0.270598050073069 -0.270598050073068 0.923879532511304
  outer loop
    vertex -0.1570650279914 58.2639033404509 1.63519806133628
    vertex 2.25174756019173 56.1539803632852 1.72274080157708
    vertex 0.0542818427852598 58.3514460806917 1.72274080157708
  endloop
endfacet
facet normal 0.653281482438175 -0.653281482438172 0.382683432365141
  outer loop
    vertex 8.68366968649221 7.55448803429947 1.10310312922335
    vertex 9.91057694625138 8.90519942459452 1.31445000000001
    vertex 8.5961269462514 7.59074942459453 1.31445000000001
  endloop
endfacet
facet normal 0.653281482438175 -0.653281482438172 0.382683432365141
  outer loop
    vertex 9.91057694625138 8.90519942459452 1.31445000000001
    vertex 8.68366968649221 7.55448803429947 1.10310312922335
    vertex 9.9981196864922 8.86893803429947 1.10310312922335
  endloop
endfacet
facet normal 0.560985526796908 -0.560985526796906 0.608761429008765
  outer loop
    vertex 9.91057694625138 8.90519942459452 1.31445000000001
    vertex 8.45686655726884 7.64843296641245 1.49593767235379
    vertex 8.5961269462514 7.59074942459453 1.31445000000001
  endloop
endfacet
facet normal 0.560985526796908 -0.560985526796906 0.608761429008765
  outer loop
    vertex 8.45686655726884 7.64843296641245 1.49593767235379
    vertex 9.91057694625138 8.90519942459452 1.31445000000001
    vertex 9.77131655726883 8.96288296641244 1.49593767235379
  endloop
endfacet
facet normal -0.130526192220095 3.57755373059383e-016 0.991444861373805
  outer loop
    vertex 9.15167888491507 56.2479252953982 1.75259999999998
    vertex 8.92487575569172 9.31349022617163 1.7227408015771
    vertex 9.15167888491507 9.21954529405867 1.7526
  endloop
endfacet
facet normal -0.130526192220095 3.57755373059383e-016 0.991444861373805
  outer loop
    vertex 8.92487575569172 9.31349022617163 1.7227408015771
    vertex 9.15167888491507 56.2479252953982 1.75259999999998
    vertex 8.92487575569172 56.1539803632852 1.72274080157708
  endloop
endfacet
facet normal -0.923879532511289 1.38091962774171e-016 0.382683432365084
  outer loop
    vertex 8.30523808333797 55.897318035639 1.1031031292233
    vertex 8.39278082357877 9.53389116352281 1.31444999999998
    vertex 8.39278082357877 55.933579425934 1.31444999999996
  endloop
endfacet
facet normal -0.923879532511289 1.38091962774171e-016 0.382683432365084
  outer loop
    vertex 8.39278082357877 9.53389116352281 1.31444999999998
    vertex 8.30523808333797 55.897318035639 1.1031031292233
    vertex 8.30523808333797 9.57015255381786 1.10310312922332
  endloop
endfacet
facet normal -0.793353340291254 -2.19722106424868e-016 -0.608761429008696
  outer loop
    vertex 8.53204121256131 55.9912629677519 0.256662327646187
    vertex 8.39278082357879 9.5338911635228 0.43814999999998
    vertex 8.39278082357879 55.933579425934 0.438149999999963
  endloop
endfacet
facet normal -0.793353340291254 -2.19722106424868e-016 -0.608761429008696
  outer loop
    vertex 8.39278082357879 9.5338911635228 0.43814999999998
    vertex 8.53204121256131 55.9912629677519 0.256662327646187
    vertex 8.53204121256131 9.47620762170489 0.256662327646203
  endloop
endfacet
facet normal 0.430459334576875 -0.430459334576874 0.79335334029124
  outer loop
    vertex 9.77131655726883 8.96288296641244 1.49593767235379
    vertex 8.27537888491507 7.7236076217049 1.6351980613363
    vertex 8.45686655726884 7.64843296641245 1.49593767235379
  endloop
endfacet
facet normal 0.430459334576875 -0.430459334576874 0.79335334029124
  outer loop
    vertex 8.27537888491507 7.7236076217049 1.6351980613363
    vertex 9.77131655726883 8.96288296641244 1.49593767235379
    vertex 9.58982888491507 9.0380576217049 1.6351980613363
  endloop
endfacet
facet normal 0.430459334576892 -0.430459334576892 -0.793353340291222
  outer loop
    vertex 8.27537888491511 7.72360762170489 0.117401938663694
    vertex 9.77131655726887 8.96288296641243 0.256662327646237
    vertex 8.45686655726888 7.64843296641244 0.256662327646237
  endloop
endfacet
facet normal 0.430459334576892 -0.430459334576892 -0.793353340291222
  outer loop
    vertex 9.77131655726887 8.96288296641243 0.256662327646237
    vertex 8.27537888491511 7.72360762170489 0.117401938663694
    vertex 9.5898288849151 9.03805762170489 0.117401938663693
  endloop
endfacet
facet normal 0.270598050073104 -0.270598050073103 0.923879532511284
  outer loop
    vertex 9.58982888491507 9.0380576217049 1.6351980613363
    vertex 8.06403201413842 7.81115036194571 1.72274080157711
    vertex 8.27537888491507 7.7236076217049 1.6351980613363
  endloop
endfacet
facet normal 0.270598050073104 -0.270598050073103 0.923879532511284
  outer loop
    vertex 8.06403201413842 7.81115036194571 1.72274080157711
    vertex 9.58982888491507 9.0380576217049 1.6351980613363
    vertex 9.37848201413841 9.1256003619457 1.72274080157711
  endloop
endfacet
facet normal 0.0922959556412341 -0.0922959556412336 0.991444861373815
  outer loop
    vertex 9.37848201413841 9.1256003619457 1.72274080157711
    vertex 7.83722888491507 7.90509529405868 1.7526
    vertex 8.06403201413842 7.81115036194571 1.72274080157711
  endloop
endfacet
facet normal 0.0922959556412341 -0.0922959556412336 0.991444861373815
  outer loop
    vertex 7.83722888491507 7.90509529405868 1.7526
    vertex 9.37848201413841 9.1256003619457 1.72274080157711
    vertex 9.15167888491507 9.21954529405867 1.7526
  endloop
endfacet
facet normal -0.0922959556412754 0.0922959556412757 0.991444861373807
  outer loop
    vertex 9.15167888491507 9.21954529405867 1.7526
    vertex 7.61042575569173 7.99904022617164 1.7227408015771
    vertex 7.83722888491507 7.90509529405868 1.7526
  endloop
endfacet
facet normal -0.0922959556412754 0.0922959556412757 0.991444861373807
  outer loop
    vertex 7.61042575569173 7.99904022617164 1.7227408015771
    vertex 9.15167888491507 9.21954529405867 1.7526
    vertex 8.92487575569172 9.31349022617163 1.7227408015771
  endloop
endfacet
facet normal 0.991444861373814 4.71315024317872e-017 0.130526192220024
  outer loop
    vertex 10.0279788849151 8.85656994935112 0.876300000000013
    vertex 9.9981196864922 56.5985325551574 1.10310312922334
    vertex 9.9981196864922 8.86893803429947 1.10310312922335
  endloop
endfacet
facet normal 0.991444861373814 4.71315024317872e-017 0.130526192220024
  outer loop
    vertex 9.9981196864922 56.5985325551574 1.10310312922334
    vertex 10.0279788849151 8.85656994935112 0.876300000000013
    vertex 10.0279788849151 56.6109006401057 0.876299999999996
  endloop
endfacet
facet normal 0.608761429008668 2.863093916586e-016 0.793353340291275
  outer loop
    vertex 9.77131655726883 56.5045876230444 1.49593767235377
    vertex 9.58982888491507 9.0380576217049 1.6351980613363
    vertex 9.77131655726883 8.96288296641244 1.49593767235379
  endloop
endfacet
facet normal 0.608761429008668 2.863093916586e-016 0.793353340291275
  outer loop
    vertex 9.58982888491507 9.0380576217049 1.6351980613363
    vertex 9.77131655726883 56.5045876230444 1.49593767235377
    vertex 9.58982888491507 56.4294129677519 1.63519806133628
  endloop
endfacet
facet normal 0.793353340291219 2.1962275755741e-016 0.608761429008742
  outer loop
    vertex 9.91057694625138 8.90519942459452 1.31445000000001
    vertex 9.77131655726883 56.5045876230444 1.49593767235377
    vertex 9.77131655726883 8.96288296641244 1.49593767235379
  endloop
endfacet
facet normal 0.793353340291219 2.1962275755741e-016 0.608761429008742
  outer loop
    vertex 9.77131655726883 56.5045876230444 1.49593767235377
    vertex 9.91057694625138 8.90519942459452 1.31445000000001
    vertex 9.91057694625138 56.5622711648623 1.31445
  endloop
endfacet
facet normal -0.608761429008633 -2.86293178503972e-016 -0.793353340291302
  outer loop
    vertex 8.53204121256131 9.47620762170489 0.256662327646203
    vertex 8.7135288849151 56.0664376230444 0.117401938663676
    vertex 8.7135288849151 9.40103296641242 0.117401938663693
  endloop
endfacet
facet normal -0.608761429008633 -2.86293178503972e-016 -0.793353340291302
  outer loop
    vertex 8.7135288849151 56.0664376230444 0.117401938663676
    vertex 8.53204121256131 9.47620762170489 0.256662327646203
    vertex 8.53204121256131 55.9912629677519 0.256662327646187
  endloop
endfacet
facet normal 0.382683432365128 3.33326139453135e-016 0.923879532511271
  outer loop
    vertex 9.58982888491507 56.4294129677519 1.63519806133628
    vertex 9.37848201413841 9.1256003619457 1.72274080157711
    vertex 9.58982888491507 9.0380576217049 1.6351980613363
  endloop
endfacet
facet normal 0.382683432365128 3.33326139453135e-016 0.923879532511271
  outer loop
    vertex 9.37848201413841 9.1256003619457 1.72274080157711
    vertex 9.58982888491507 56.4294129677519 1.63519806133628
    vertex 9.37848201413841 56.3418702275111 1.7227408015771
  endloop
endfacet
facet normal 0.701057384649984 -0.701057384649983 -0.130526192219993
  outer loop
    vertex 8.68366968649221 7.55448803429947 0.649496870776674
    vertex 10.0279788849151 8.85656994935112 0.876300000000013
    vertex 8.71352888491509 7.54211994935112 0.876300000000014
  endloop
endfacet
facet normal 0.701057384649984 -0.701057384649983 -0.130526192219993
  outer loop
    vertex 10.0279788849151 8.85656994935112 0.876300000000013
    vertex 8.68366968649221 7.55448803429947 0.649496870776674
    vertex 9.99811968649221 8.86893803429946 0.649496870776673
  endloop
endfacet
facet normal -0.991444861373809 -4.70580304483783e-017 -0.13052619222006
  outer loop
    vertex 8.30523808333797 55.897318035639 0.649496870776623
    vertex 8.27537888491508 9.5825206387662 0.87629999999998
    vertex 8.27537888491508 55.8849499506906 0.876299999999963
  endloop
endfacet
facet normal -0.991444861373809 -4.70580304483783e-017 -0.13052619222006
  outer loop
    vertex 8.27537888491508 9.5825206387662 0.87629999999998
    vertex 8.30523808333797 55.897318035639 0.649496870776623
    vertex 8.30523808333797 9.57015255381785 0.64949687077664
  endloop
endfacet
facet normal 0.923879532511263 1.38091348161646e-016 0.382683432365146
  outer loop
    vertex 9.9981196864922 8.86893803429947 1.10310312922335
    vertex 9.91057694625138 56.5622711648623 1.31445
    vertex 9.91057694625138 8.90519942459452 1.31445000000001
  endloop
endfacet
facet normal 0.923879532511263 1.38091348161646e-016 0.382683432365146
  outer loop
    vertex 9.91057694625138 56.5622711648623 1.31445
    vertex 9.9981196864922 8.86893803429947 1.10310312922335
    vertex 9.9981196864922 56.5985325551574 1.10310312922334
  endloop
endfacet
facet normal 0.130526192220019 3.57757016408105e-016 0.991444861373815
  outer loop
    vertex 9.37848201413841 56.3418702275111 1.7227408015771
    vertex 9.15167888491507 9.21954529405867 1.7526
    vertex 9.37848201413841 9.1256003619457 1.72274080157711
  endloop
endfacet
facet normal 0.130526192220019 3.57757016408105e-016 0.991444861373815
  outer loop
    vertex 9.15167888491507 9.21954529405867 1.7526
    vertex 9.37848201413841 56.3418702275111 1.7227408015771
    vertex 9.15167888491507 56.2479252953982 1.75259999999998
  endloop
endfacet
facet normal -0.923879532511276 -1.38080786270159e-016 -0.382683432365115
  outer loop
    vertex 8.39278082357879 55.933579425934 0.438149999999963
    vertex 8.30523808333797 9.57015255381785 0.64949687077664
    vertex 8.30523808333797 55.897318035639 0.649496870776623
  endloop
endfacet
facet normal -0.923879532511276 -1.38080786270159e-016 -0.382683432365115
  outer loop
    vertex 8.30523808333797 9.57015255381785 0.64949687077664
    vertex 8.39278082357879 55.933579425934 0.438149999999963
    vertex 8.39278082357879 9.5338911635228 0.43814999999998
  endloop
endfacet
facet normal -0.270598050073099 0.270598050073099 -0.923879532511287
  outer loop
    vertex 7.39907888491511 8.08658296641243 0.117401938663694
    vertex 8.92487575569176 9.31349022617162 0.0298591984228798
    vertex 7.61042575569177 7.99904022617163 0.0298591984228802
  endloop
endfacet
facet normal -0.270598050073099 0.270598050073099 -0.923879532511287
  outer loop
    vertex 8.92487575569176 9.31349022617162 0.0298591984228798
    vertex 7.39907888491511 8.08658296641243 0.117401938663694
    vertex 8.7135288849151 9.40103296641242 0.117401938663693
  endloop
endfacet
facet normal -0.0922959556412379 0.0922959556412375 -0.991444861373814
  outer loop
    vertex 7.61042575569177 7.99904022617163 0.0298591984228802
    vertex 9.1516788849151 9.21954529405866 -3.17246229286638e-015
    vertex 7.83722888491511 7.90509529405866 -2.8199664825479e-015
  endloop
endfacet
facet normal -0.0922959556412379 0.0922959556412375 -0.991444861373814
  outer loop
    vertex 9.1516788849151 9.21954529405866 -3.17246229286638e-015
    vertex 7.61042575569177 7.99904022617163 0.0298591984228802
    vertex 8.92487575569176 9.31349022617162 0.0298591984228798
  endloop
endfacet
facet normal -0.608761429008777 2.86208166625917e-016 0.793353340291192
  outer loop
    vertex 8.71352888491506 56.0664376230444 1.63519806133628
    vertex 8.5320412125613 9.4762076217049 1.49593767235376
    vertex 8.71352888491506 9.40103296641244 1.6351980613363
  endloop
endfacet
facet normal -0.608761429008777 2.86208166625917e-016 0.793353340291192
  outer loop
    vertex 8.5320412125613 9.4762076217049 1.49593767235376
    vertex 8.71352888491506 56.0664376230444 1.63519806133628
    vertex 8.5320412125613 55.9912629677519 1.49593767235374
  endloop
endfacet
facet normal 0.560985526796943 -0.560985526796943 -0.608761429008698
  outer loop
    vertex 8.45686655726888 7.64843296641244 0.256662327646237
    vertex 9.91057694625139 8.90519942459451 0.438150000000013
    vertex 8.5961269462514 7.59074942459452 0.438150000000014
  endloop
endfacet
facet normal 0.560985526796943 -0.560985526796943 -0.608761429008698
  outer loop
    vertex 9.91057694625139 8.90519942459451 0.438150000000013
    vertex 8.45686655726888 7.64843296641244 0.256662327646237
    vertex 9.77131655726887 8.96288296641243 0.256662327646237
  endloop
endfacet
facet normal 0.653281482438181 -0.653281482438181 -0.382683432365115
  outer loop
    vertex 8.5961269462514 7.59074942459452 0.438150000000014
    vertex 9.99811968649221 8.86893803429946 0.649496870776673
    vertex 8.68366968649221 7.55448803429947 0.649496870776674
  endloop
endfacet
facet normal 0.653281482438181 -0.653281482438181 -0.382683432365115
  outer loop
    vertex 9.99811968649221 8.86893803429946 0.649496870776673
    vertex 8.5961269462514 7.59074942459452 0.438150000000014
    vertex 9.91057694625139 8.90519942459451 0.438150000000013
  endloop
endfacet
facet normal -0.793353340291254 2.19654810371479e-016 0.608761429008696
  outer loop
    vertex 8.39278082357877 55.933579425934 1.31444999999996
    vertex 8.5320412125613 9.4762076217049 1.49593767235376
    vertex 8.5320412125613 55.9912629677519 1.49593767235374
  endloop
endfacet
facet normal -0.793353340291254 2.19654810371479e-016 0.608761429008696
  outer loop
    vertex 8.5320412125613 9.4762076217049 1.49593767235376
    vertex 8.39278082357877 55.933579425934 1.31444999999996
    vertex 8.39278082357877 9.53389116352281 1.31444999999998
  endloop
endfacet
facet normal 0.701057384649981 -0.70105738464998 0.130526192220025
  outer loop
    vertex 8.71352888491509 7.54211994935112 0.876300000000014
    vertex 9.9981196864922 8.86893803429947 1.10310312922335
    vertex 8.68366968649221 7.55448803429947 1.10310312922335
  endloop
endfacet
facet normal 0.701057384649981 -0.70105738464998 0.130526192220025
  outer loop
    vertex 9.9981196864922 8.86893803429947 1.10310312922335
    vertex 8.71352888491509 7.54211994935112 0.876300000000014
    vertex 10.0279788849151 8.85656994935112 0.876300000000013
  endloop
endfacet
facet normal 0.270598050073115 -0.270598050073115 -0.923879532511277
  outer loop
    vertex 8.06403201413845 7.81115036194569 0.0298591984228968
    vertex 9.5898288849151 9.03805762170489 0.117401938663693
    vertex 8.27537888491511 7.72360762170489 0.117401938663694
  endloop
endfacet
facet normal 0.270598050073115 -0.270598050073115 -0.923879532511277
  outer loop
    vertex 9.5898288849151 9.03805762170489 0.117401938663693
    vertex 8.06403201413845 7.81115036194569 0.0298591984228968
    vertex 9.37848201413845 9.12560036194568 0.0298591984228964
  endloop
endfacet
facet normal -0.991444861373814 4.71521201258376e-017 0.130526192220024
  outer loop
    vertex 8.27537888491508 55.8849499506906 0.876299999999963
    vertex 8.30523808333797 9.57015255381786 1.10310312922332
    vertex 8.30523808333797 55.897318035639 1.1031031292233
  endloop
endfacet
facet normal -0.991444861373814 4.71521201258376e-017 0.130526192220024
  outer loop
    vertex 8.30523808333797 9.57015255381786 1.10310312922332
    vertex 8.27537888491508 55.8849499506906 0.876299999999963
    vertex 8.27537888491508 9.5825206387662 0.87629999999998
  endloop
endfacet
facet normal 0.0922959556412723 -0.0922959556412727 -0.991444861373808
  outer loop
    vertex 7.83722888491511 7.90509529405866 -2.8199664825479e-015
    vertex 9.37848201413845 9.12560036194568 0.0298591984228964
    vertex 8.06403201413845 7.81115036194569 0.0298591984228968
  endloop
endfacet
facet normal 0.0922959556412723 -0.0922959556412727 -0.991444861373808
  outer loop
    vertex 9.37848201413845 9.12560036194568 0.0298591984228964
    vertex 7.83722888491511 7.90509529405866 -2.8199664825479e-015
    vertex 9.1516788849151 9.21954529405866 -3.17246229286638e-015
  endloop
endfacet
facet normal -0.38268343236504 3.3345354028898e-016 0.923879532511307
  outer loop
    vertex 8.92487575569172 56.1539803632852 1.72274080157708
    vertex 8.71352888491506 9.40103296641244 1.6351980613363
    vertex 8.92487575569172 9.31349022617163 1.7227408015771
  endloop
endfacet
facet normal -0.38268343236504 3.3345354028898e-016 0.923879532511307
  outer loop
    vertex 8.71352888491506 9.40103296641244 1.6351980613363
    vertex 8.92487575569172 56.1539803632852 1.72274080157708
    vertex 8.71352888491506 56.0664376230444 1.63519806133628
  endloop
endfacet
facet normal 0.382683432365112 -3.33356506916532e-016 -0.923879532511277
  outer loop
    vertex 8.06403201413845 1.07015575730213 0.0298591984228992
    vertex 8.27537888491511 7.72360762170489 0.117401938663694
    vertex 8.27537888491511 0.982613017061326 0.117401938663696
  endloop
endfacet
facet normal 0.382683432365112 -3.33356506916532e-016 -0.923879532511277
  outer loop
    vertex 8.27537888491511 7.72360762170489 0.117401938663694
    vertex 8.06403201413845 1.07015575730213 0.0298591984228992
    vertex 8.06403201413845 7.81115036194569 0.0298591984228968
  endloop
endfacet
facet normal 0.923879532511276 1.38080786270159e-016 0.382683432365115
  outer loop
    vertex 8.68366968649221 0.813493429655909 1.10310312922336
    vertex 8.5961269462514 7.59074942459453 1.31445000000001
    vertex 8.5961269462514 0.849754819950959 1.31445000000002
  endloop
endfacet
facet normal 0.923879532511276 1.38080786270159e-016 0.382683432365115
  outer loop
    vertex 8.5961269462514 7.59074942459453 1.31445000000001
    vertex 8.68366968649221 0.813493429655909 1.10310312922336
    vertex 8.68366968649221 7.55448803429947 1.10310312922335
  endloop
endfacet
facet normal -0.130526192220024 -3.57735596641639e-016 -0.991444861373814
  outer loop
    vertex 7.61042575569177 1.25804562152806 0.0298591984228827
    vertex 7.83722888491511 7.90509529405866 -2.8199664825479e-015
    vertex 7.83722888491511 1.1641006894151 -3.52495810318487e-016
  endloop
endfacet
facet normal -0.130526192220024 -3.57735596641639e-016 -0.991444861373814
  outer loop
    vertex 7.83722888491511 7.90509529405866 -2.8199664825479e-015
    vertex 7.61042575569177 1.25804562152806 0.0298591984228827
    vertex 7.61042575569177 7.99904022617163 0.0298591984228802
  endloop
endfacet
facet normal 0.382683432365097 3.33356506916535e-016 0.923879532511284
  outer loop
    vertex 8.27537888491507 7.7236076217049 1.6351980613363
    vertex 8.06403201413842 1.07015575730214 1.72274080157712
    vertex 8.27537888491507 0.982613017061341 1.6351980613363
  endloop
endfacet
facet normal 0.382683432365097 3.33356506916535e-016 0.923879532511284
  outer loop
    vertex 8.06403201413842 1.07015575730214 1.72274080157712
    vertex 8.27537888491507 7.7236076217049 1.6351980613363
    vertex 8.06403201413842 7.81115036194571 1.72274080157711
  endloop
endfacet
facet normal -0.560985526796933 0.560985526796932 -0.608761429008717
  outer loop
    vertex 7.07833082357879 8.21944116352281 0.43814999999998
    vertex 8.53204121256131 9.47620762170489 0.256662327646203
    vertex 7.21759121256132 8.1617576217049 0.256662327646204
  endloop
endfacet
facet normal -0.560985526796933 0.560985526796932 -0.608761429008717
  outer loop
    vertex 8.53204121256131 9.47620762170489 0.256662327646203
    vertex 7.07833082357879 8.21944116352281 0.43814999999998
    vertex 8.39278082357879 9.5338911635228 0.43814999999998
  endloop
endfacet
facet normal 0.130526192220019 3.57735596641639e-016 0.991444861373815
  outer loop
    vertex 8.06403201413842 7.81115036194571 1.72274080157711
    vertex 7.83722888491507 1.16410068941511 1.7526
    vertex 8.06403201413842 1.07015575730214 1.72274080157712
  endloop
endfacet
facet normal 0.130526192220019 3.57735596641639e-016 0.991444861373815
  outer loop
    vertex 7.83722888491507 1.16410068941511 1.7526
    vertex 8.06403201413842 7.81115036194571 1.72274080157711
    vertex 7.83722888491507 7.90509529405868 1.7526
  endloop
endfacet
facet normal -0.382683432365097 -3.33356506916535e-016 -0.923879532511284
  outer loop
    vertex 7.39907888491511 1.34558836176887 0.117401938663696
    vertex 7.61042575569177 7.99904022617163 0.0298591984228802
    vertex 7.61042575569177 1.25804562152806 0.0298591984228827
  endloop
endfacet
facet normal -0.382683432365097 -3.33356506916535e-016 -0.923879532511284
  outer loop
    vertex 7.61042575569177 7.99904022617163 0.0298591984228802
    vertex 7.39907888491511 1.34558836176887 0.117401938663696
    vertex 7.39907888491511 8.08658296641243 0.117401938663694
  endloop
endfacet
facet normal -0.793353340291254 2.19654810371479e-016 0.608761429008696
  outer loop
    vertex 7.07833082357877 8.21944116352282 1.31444999999998
    vertex 7.2175912125613 1.42076301706134 1.49593767235376
    vertex 7.2175912125613 8.1617576217049 1.49593767235376
  endloop
endfacet
facet normal -0.793353340291254 2.19654810371479e-016 0.608761429008696
  outer loop
    vertex 7.2175912125613 1.42076301706134 1.49593767235376
    vertex 7.07833082357877 8.21944116352282 1.31444999999998
    vertex 7.07833082357877 1.47844655887926 1.31444999999998
  endloop
endfacet
facet normal 0.130526192220073 -3.57735596641637e-016 -0.991444861373808
  outer loop
    vertex 7.83722888491511 1.1641006894151 -3.52495810318487e-016
    vertex 8.06403201413845 7.81115036194569 0.0298591984228968
    vertex 8.06403201413845 1.07015575730213 0.0298591984228992
  endloop
endfacet
facet normal 0.130526192220073 -3.57735596641637e-016 -0.991444861373808
  outer loop
    vertex 8.06403201413845 7.81115036194569 0.0298591984228968
    vertex 7.83722888491511 1.1641006894151 -3.52495810318487e-016
    vertex 7.83722888491511 7.90509529405866 -2.8199664825479e-015
  endloop
endfacet
facet normal 0.793353340291254 -2.19654810371479e-016 -0.608761429008696
  outer loop
    vertex 8.45686655726888 0.907438361768871 0.25666232764624
    vertex 8.5961269462514 7.59074942459452 0.438150000000014
    vertex 8.5961269462514 0.849754819950955 0.438150000000016
  endloop
endfacet
facet normal 0.793353340291254 -2.19654810371479e-016 -0.608761429008696
  outer loop
    vertex 8.5961269462514 7.59074942459452 0.438150000000014
    vertex 8.45686655726888 0.907438361768871 0.25666232764624
    vertex 8.45686655726888 7.64843296641244 0.256662327646237
  endloop
endfacet
facet normal 0.991444861373819 -4.7096784773766e-017 -0.130526192219988
  outer loop
    vertex 8.68366968649221 0.813493429655905 0.649496870776676
    vertex 8.71352888491509 7.54211994935112 0.876300000000014
    vertex 8.71352888491509 0.801125344707562 0.876300000000016
  endloop
endfacet
facet normal 0.991444861373819 -4.7096784773766e-017 -0.130526192219988
  outer loop
    vertex 8.71352888491509 7.54211994935112 0.876300000000014
    vertex 8.68366968649221 0.813493429655905 0.649496870776676
    vertex 8.68366968649221 7.55448803429947 0.649496870776674
  endloop
endfacet
facet normal -0.991444861373814 4.70967847737788e-017 0.130526192220024
  outer loop
    vertex 6.96092888491509 8.26807063876621 0.876299999999981
    vertex 6.99078808333797 1.5147079491743 1.10310312922332
    vertex 6.99078808333797 8.25570255381786 1.10310312922332
  endloop
endfacet
facet normal -0.991444861373814 4.70967847737788e-017 0.130526192220024
  outer loop
    vertex 6.99078808333797 1.5147079491743 1.10310312922332
    vertex 6.96092888491509 8.26807063876621 0.876299999999981
    vertex 6.96092888491509 1.52707603412265 0.876299999999983
  endloop
endfacet
facet normal 0.991444861373814 4.70967847737788e-017 0.130526192220024
  outer loop
    vertex 8.71352888491509 0.801125344707562 0.876300000000016
    vertex 8.68366968649221 7.55448803429947 1.10310312922335
    vertex 8.68366968649221 0.813493429655909 1.10310312922336
  endloop
endfacet
facet normal 0.991444861373814 4.70967847737788e-017 0.130526192220024
  outer loop
    vertex 8.68366968649221 7.55448803429947 1.10310312922335
    vertex 8.71352888491509 0.801125344707562 0.876300000000016
    vertex 8.71352888491509 7.54211994935112 0.876300000000014
  endloop
endfacet
facet normal 0.608761429008714 2.86259722142749e-016 0.79335334029124
  outer loop
    vertex 8.45686655726884 7.64843296641245 1.49593767235379
    vertex 8.27537888491507 0.982613017061341 1.6351980613363
    vertex 8.45686655726884 0.907438361768885 1.49593767235379
  endloop
endfacet
facet normal 0.608761429008714 2.86259722142749e-016 0.79335334029124
  outer loop
    vertex 8.27537888491507 0.982613017061341 1.6351980613363
    vertex 8.45686655726884 7.64843296641245 1.49593767235379
    vertex 8.27537888491507 7.7236076217049 1.6351980613363
  endloop
endfacet
facet normal -0.991444861373809 -4.70967847737917e-017 -0.13052619222006
  outer loop
    vertex 6.99078808333798 8.25570255381786 0.64949687077664
    vertex 6.96092888491509 1.52707603412265 0.876299999999983
    vertex 6.96092888491509 8.26807063876621 0.876299999999981
  endloop
endfacet
facet normal -0.991444861373809 -4.70967847737917e-017 -0.13052619222006
  outer loop
    vertex 6.96092888491509 1.52707603412265 0.876299999999983
    vertex 6.99078808333798 8.25570255381786 0.64949687077664
    vertex 6.99078808333798 1.5147079491743 0.649496870776643
  endloop
endfacet
facet normal 0.608761429008737 -2.86259722142743e-016 -0.793353340291223
  outer loop
    vertex 8.27537888491511 0.982613017061326 0.117401938663696
    vertex 8.45686655726888 7.64843296641244 0.256662327646237
    vertex 8.45686655726888 0.907438361768871 0.25666232764624
  endloop
endfacet
facet normal 0.608761429008737 -2.86259722142743e-016 -0.793353340291223
  outer loop
    vertex 8.45686655726888 7.64843296641244 0.256662327646237
    vertex 8.27537888491511 0.982613017061326 0.117401938663696
    vertex 8.27537888491511 7.72360762170489 0.117401938663694
  endloop
endfacet
facet normal -0.923879532511302 1.38080786270136e-016 0.382683432365053
  outer loop
    vertex 6.99078808333797 8.25570255381786 1.10310312922332
    vertex 7.07833082357877 1.47844655887926 1.31444999999998
    vertex 7.07833082357877 8.21944116352282 1.31444999999998
  endloop
endfacet
facet normal -0.923879532511302 1.38080786270136e-016 0.382683432365053
  outer loop
    vertex 7.07833082357877 1.47844655887926 1.31444999999998
    vertex 6.99078808333797 8.25570255381786 1.10310312922332
    vertex 6.99078808333797 1.5147079491743 1.10310312922332
  endloop
endfacet
facet normal -0.653281482438196 0.653281482438196 0.382683432365062
  outer loop
    vertex 8.30523808333797 9.57015255381786 1.10310312922332
    vertex 7.07833082357877 8.21944116352282 1.31444999999998
    vertex 8.39278082357877 9.53389116352281 1.31444999999998
  endloop
endfacet
facet normal -0.653281482438196 0.653281482438196 0.382683432365062
  outer loop
    vertex 7.07833082357877 8.21944116352282 1.31444999999998
    vertex 8.30523808333797 9.57015255381786 1.10310312922332
    vertex 6.99078808333797 8.25570255381786 1.10310312922332
  endloop
endfacet
facet normal -0.382683432365087 3.33356506916536e-016 0.923879532511288
  outer loop
    vertex 7.61042575569173 7.99904022617164 1.7227408015771
    vertex 7.39907888491507 1.34558836176889 1.6351980613363
    vertex 7.61042575569173 1.25804562152808 1.7227408015771
  endloop
endfacet
facet normal -0.382683432365087 3.33356506916536e-016 0.923879532511288
  outer loop
    vertex 7.39907888491507 1.34558836176889 1.6351980613363
    vertex 7.61042575569173 7.99904022617164 1.7227408015771
    vertex 7.39907888491507 8.08658296641245 1.6351980613363
  endloop
endfacet
facet normal -0.70105738464998 0.70105738464998 0.130526192220024
  outer loop
    vertex 8.27537888491508 9.5825206387662 0.87629999999998
    vertex 6.99078808333797 8.25570255381786 1.10310312922332
    vertex 8.30523808333797 9.57015255381786 1.10310312922332
  endloop
endfacet
facet normal -0.70105738464998 0.70105738464998 0.130526192220024
  outer loop
    vertex 6.99078808333797 8.25570255381786 1.10310312922332
    vertex 8.27537888491508 9.5825206387662 0.87629999999998
    vertex 6.96092888491509 8.26807063876621 0.876299999999981
  endloop
endfacet
facet normal -0.923879532511276 -1.38080786270159e-016 -0.382683432365115
  outer loop
    vertex 7.07833082357879 8.21944116352281 0.43814999999998
    vertex 6.99078808333798 1.5147079491743 0.649496870776643
    vertex 6.99078808333798 8.25570255381786 0.64949687077664
  endloop
endfacet
facet normal -0.923879532511276 -1.38080786270159e-016 -0.382683432365115
  outer loop
    vertex 6.99078808333798 1.5147079491743 0.649496870776643
    vertex 7.07833082357879 8.21944116352281 0.43814999999998
    vertex 7.07833082357879 1.47844655887925 0.438149999999983
  endloop
endfacet
facet normal -0.79335334029124 -2.19654810371486e-016 -0.608761429008714
  outer loop
    vertex 7.21759121256132 8.1617576217049 0.256662327646204
    vertex 7.07833082357879 1.47844655887925 0.438149999999983
    vertex 7.07833082357879 8.21944116352281 0.43814999999998
  endloop
endfacet
facet normal -0.79335334029124 -2.19654810371486e-016 -0.608761429008714
  outer loop
    vertex 7.07833082357879 1.47844655887925 0.438149999999983
    vertex 7.21759121256132 8.1617576217049 0.256662327646204
    vertex 7.21759121256132 1.42076301706133 0.256662327646206
  endloop
endfacet
facet normal -0.430459334576897 0.430459334576897 0.793353340291216
  outer loop
    vertex 8.71352888491506 9.40103296641244 1.6351980613363
    vertex 7.2175912125613 8.1617576217049 1.49593767235376
    vertex 7.39907888491507 8.08658296641245 1.6351980613363
  endloop
endfacet
facet normal -0.430459334576897 0.430459334576897 0.793353340291216
  outer loop
    vertex 7.2175912125613 8.1617576217049 1.49593767235376
    vertex 8.71352888491506 9.40103296641244 1.6351980613363
    vertex 8.5320412125613 9.4762076217049 1.49593767235376
  endloop
endfacet
facet normal 0.923879532511276 -1.38080786270159e-016 -0.382683432365115
  outer loop
    vertex 8.5961269462514 0.849754819950955 0.438150000000016
    vertex 8.68366968649221 7.55448803429947 0.649496870776674
    vertex 8.68366968649221 0.813493429655905 0.649496870776676
  endloop
endfacet
facet normal 0.923879532511276 -1.38080786270159e-016 -0.382683432365115
  outer loop
    vertex 8.68366968649221 7.55448803429947 0.649496870776674
    vertex 8.5961269462514 0.849754819950955 0.438150000000016
    vertex 8.5961269462514 7.59074942459452 0.438150000000014
  endloop
endfacet
facet normal -0.701057384649977 0.701057384649977 -0.130526192220056
  outer loop
    vertex 8.30523808333797 9.57015255381785 0.64949687077664
    vertex 6.96092888491509 8.26807063876621 0.876299999999981
    vertex 8.27537888491508 9.5825206387662 0.87629999999998
  endloop
endfacet
facet normal -0.701057384649977 0.701057384649977 -0.130526192220056
  outer loop
    vertex 6.96092888491509 8.26807063876621 0.876299999999981
    vertex 8.30523808333797 9.57015255381785 0.64949687077664
    vertex 6.99078808333798 8.25570255381786 0.64949687077664
  endloop
endfacet
facet normal -0.560985526796943 0.560985526796943 0.608761429008699
  outer loop
    vertex 8.5320412125613 9.4762076217049 1.49593767235376
    vertex 7.07833082357877 8.21944116352282 1.31444999999998
    vertex 7.2175912125613 8.1617576217049 1.49593767235376
  endloop
endfacet
facet normal -0.560985526796943 0.560985526796943 0.608761429008699
  outer loop
    vertex 7.07833082357877 8.21944116352282 1.31444999999998
    vertex 8.5320412125613 9.4762076217049 1.49593767235376
    vertex 8.39278082357877 9.53389116352281 1.31444999999998
  endloop
endfacet
facet normal -0.130526192220077 3.57735596641637e-016 0.991444861373807
  outer loop
    vertex 7.83722888491507 7.90509529405868 1.7526
    vertex 7.61042575569173 1.25804562152808 1.7227408015771
    vertex 7.83722888491507 1.16410068941511 1.7526
  endloop
endfacet
facet normal -0.130526192220077 3.57735596641637e-016 0.991444861373807
  outer loop
    vertex 7.61042575569173 1.25804562152808 1.7227408015771
    vertex 7.83722888491507 7.90509529405868 1.7526
    vertex 7.61042575569173 7.99904022617164 1.7227408015771
  endloop
endfacet
facet normal -0.608761429008737 2.86259722142743e-016 0.793353340291223
  outer loop
    vertex 7.39907888491507 8.08658296641245 1.6351980613363
    vertex 7.2175912125613 1.42076301706134 1.49593767235376
    vertex 7.39907888491507 1.34558836176889 1.6351980613363
  endloop
endfacet
facet normal -0.608761429008737 2.86259722142743e-016 0.793353340291223
  outer loop
    vertex 7.2175912125613 1.42076301706134 1.49593767235376
    vertex 7.39907888491507 8.08658296641245 1.6351980613363
    vertex 7.2175912125613 8.1617576217049 1.49593767235376
  endloop
endfacet
facet normal -0.653281482438182 0.653281482438181 -0.382683432365113
  outer loop
    vertex 8.39278082357879 9.5338911635228 0.43814999999998
    vertex 6.99078808333798 8.25570255381786 0.64949687077664
    vertex 8.30523808333797 9.57015255381785 0.64949687077664
  endloop
endfacet
facet normal -0.653281482438182 0.653281482438181 -0.382683432365113
  outer loop
    vertex 6.99078808333798 8.25570255381786 0.64949687077664
    vertex 8.39278082357879 9.5338911635228 0.43814999999998
    vertex 7.07833082357879 8.21944116352281 0.43814999999998
  endloop
endfacet
facet normal -0.430459334576844 0.430459334576843 -0.793353340291274
  outer loop
    vertex 7.21759121256132 8.1617576217049 0.256662327646204
    vertex 8.7135288849151 9.40103296641242 0.117401938663693
    vertex 7.39907888491511 8.08658296641243 0.117401938663694
  endloop
endfacet
facet normal -0.430459334576844 0.430459334576843 -0.793353340291274
  outer loop
    vertex 8.7135288849151 9.40103296641242 0.117401938663693
    vertex 7.21759121256132 8.1617576217049 0.256662327646204
    vertex 8.53204121256131 9.47620762170489 0.256662327646203
  endloop
endfacet
facet normal 0.793353340291188 2.1965481037151e-016 0.608761429008782
  outer loop
    vertex 8.5961269462514 0.849754819950959 1.31445000000002
    vertex 8.45686655726884 7.64843296641245 1.49593767235379
    vertex 8.45686655726884 0.907438361768885 1.49593767235379
  endloop
endfacet
facet normal 0.793353340291188 2.1965481037151e-016 0.608761429008782
  outer loop
    vertex 8.45686655726884 7.64843296641245 1.49593767235379
    vertex 8.5961269462514 0.849754819950959 1.31445000000002
    vertex 8.5961269462514 7.59074942459453 1.31445000000001
  endloop
endfacet
facet normal -0.270598050073098 0.270598050073098 0.923879532511287
  outer loop
    vertex 8.92487575569172 9.31349022617163 1.7227408015771
    vertex 7.39907888491507 8.08658296641245 1.6351980613363
    vertex 7.61042575569173 7.99904022617164 1.7227408015771
  endloop
endfacet
facet normal -0.270598050073098 0.270598050073098 0.923879532511287
  outer loop
    vertex 7.39907888491507 8.08658296641245 1.6351980613363
    vertex 8.92487575569172 9.31349022617163 1.7227408015771
    vertex 8.71352888491506 9.40103296641244 1.6351980613363
  endloop
endfacet
facet normal -0.608761429008661 -2.86259722142763e-016 -0.793353340291281
  outer loop
    vertex 7.21759121256132 1.42076301706133 0.256662327646206
    vertex 7.39907888491511 8.08658296641243 0.117401938663694
    vertex 7.39907888491511 1.34558836176887 0.117401938663696
  endloop
endfacet
facet normal -0.608761429008661 -2.86259722142763e-016 -0.793353340291281
  outer loop
    vertex 7.39907888491511 8.08658296641243 0.117401938663694
    vertex 7.21759121256132 1.42076301706133 0.256662327646206
    vertex 7.21759121256132 8.1617576217049 0.256662327646204
  endloop
endfacet
facet normal -0.0922959556412379 0.092295955641238 -0.991444861373814
  outer loop
    vertex 6.51275416483185 0.160374030668151 0.029859198422883
    vertex 7.83722888491511 1.1641006894151 -3.52495810318487e-016
    vertex 6.6731281955 -7.04991620636974e-016 0.0
  endloop
endfacet
facet normal -0.0922959556412379 0.092295955641238 -0.991444861373814
  outer loop
    vertex 7.83722888491511 1.1641006894151 -3.52495810318487e-016
    vertex 6.51275416483185 0.160374030668151 0.029859198422883
    vertex 7.61042575569177 1.25804562152806 0.0298591984228827
  endloop
endfacet
facet normal 0.0922959556412713 -0.0922959556412721 -0.991444861373808
  outer loop
    vertex 6.6731281955 -7.04991620636974e-016 0.0
    vertex 8.06403201413845 1.07015575730213 0.0298591984228992
    vertex 6.83350222616816 -0.160374030668161 0.0298591984228996
  endloop
endfacet
facet normal 0.0922959556412713 -0.0922959556412721 -0.991444861373808
  outer loop
    vertex 8.06403201413845 1.07015575730213 0.0298591984228992
    vertex 6.6731281955 -7.04991620636974e-016 0.0
    vertex 7.83722888491511 1.1641006894151 -3.52495810318487e-016
  endloop
endfacet
facet normal -0.270598050073102 0.270598050073103 -0.923879532511284
  outer loop
    vertex 6.36330935932312 0.309818836176879 0.117401938663696
    vertex 7.61042575569177 1.25804562152806 0.0298591984228827
    vertex 6.51275416483185 0.160374030668151 0.029859198422883
  endloop
endfacet
facet normal -0.270598050073102 0.270598050073103 -0.923879532511284
  outer loop
    vertex 7.61042575569177 1.25804562152806 0.0298591984228827
    vertex 6.36330935932312 0.309818836176879 0.117401938663696
    vertex 7.39907888491511 1.34558836176887 0.117401938663696
  endloop
endfacet
facet normal 0.430459334576888 -0.43045933457689 -0.793353340291225
  outer loop
    vertex 6.98294703167689 -0.309818836176888 0.117401938663697
    vertex 8.45686655726888 0.907438361768871 0.25666232764624
    vertex 7.1112781955 -0.438150000000002 0.25666232764624
  endloop
endfacet
facet normal 0.430459334576888 -0.43045933457689 -0.793353340291225
  outer loop
    vertex 8.45686655726888 0.907438361768871 0.25666232764624
    vertex 6.98294703167689 -0.309818836176888 0.117401938663697
    vertex 8.27537888491511 0.982613017061326 0.117401938663696
  endloop
endfacet
facet normal 0.701057384649982 -0.701057384649985 -0.130526192219991
  outer loop
    vertex 8.68366968649221 0.813493429655905 0.649496870776676
    vertex 7.29276586785376 -0.619637672353764 0.876300000000017
    vertex 7.27165222616815 -0.598524030668153 0.649496870776677
  endloop
endfacet
facet normal 0.701057384649982 -0.701057384649985 -0.130526192219991
  outer loop
    vertex 7.29276586785376 -0.619637672353764 0.876300000000017
    vertex 8.68366968649221 0.813493429655905 0.649496870776676
    vertex 7.83722888491508 -0.075174655292444 0.876300000000017
  endloop
endfacet
facet normal 0.701057384649982 -0.701057384649985 -0.130526192219991
  outer loop
    vertex 7.83722888491508 -0.075174655292444 0.876300000000017
    vertex 8.68366968649221 0.813493429655905 0.649496870776676
    vertex 8.71352888491509 0.801125344707562 0.876300000000016
  endloop
endfacet
facet normal 0.65328148243818 -0.653281482438182 -0.382683432365116
  outer loop
    vertex 8.5961269462514 0.849754819950955 0.438150000000016
    vertex 7.27165222616815 -0.598524030668153 0.649496870776677
    vertex 7.20975016090022 -0.536621965400221 0.438150000000017
  endloop
endfacet
facet normal 0.65328148243818 -0.653281482438182 -0.382683432365116
  outer loop
    vertex 7.27165222616815 -0.598524030668153 0.649496870776677
    vertex 8.5961269462514 0.849754819950955 0.438150000000016
    vertex 8.68366968649221 0.813493429655905 0.649496870776676
  endloop
endfacet
facet normal 0.560985526796945 -0.560985526796947 -0.608761429008693
  outer loop
    vertex 7.1112781955 -0.438150000000002 0.25666232764624
    vertex 8.5961269462514 0.849754819950955 0.438150000000016
    vertex 7.20975016090022 -0.536621965400221 0.438150000000017
  endloop
endfacet
facet normal 0.560985526796945 -0.560985526796947 -0.608761429008693
  outer loop
    vertex 8.5961269462514 0.849754819950955 0.438150000000016
    vertex 7.1112781955 -0.438150000000002 0.25666232764624
    vertex 8.45686655726888 0.907438361768871 0.25666232764624
  endloop
endfacet
facet normal 0.270598050073115 -0.270598050073116 -0.923879532511277
  outer loop
    vertex 6.83350222616816 -0.160374030668161 0.0298591984228996
    vertex 8.27537888491511 0.982613017061326 0.117401938663696
    vertex 6.98294703167689 -0.309818836176888 0.117401938663697
  endloop
endfacet
facet normal 0.270598050073115 -0.270598050073116 -0.923879532511277
  outer loop
    vertex 8.27537888491511 0.982613017061326 0.117401938663696
    vertex 6.83350222616816 -0.160374030668161 0.0298591984228996
    vertex 8.06403201413845 1.07015575730213 0.0298591984228992
  endloop
endfacet
facet normal 0.560985526796897 -0.560985526796899 0.608761429008781
  outer loop
    vertex 8.5961269462514 0.849754819950959 1.31445000000002
    vertex 7.11127819549997 -0.438149999999976 1.49593767235379
    vertex 7.20975016090021 -0.536621965400215 1.31445000000002
  endloop
endfacet
facet normal 0.560985526796897 -0.560985526796899 0.608761429008781
  outer loop
    vertex 7.11127819549997 -0.438149999999976 1.49593767235379
    vertex 8.5961269462514 0.849754819950959 1.31445000000002
    vertex 8.45686655726884 0.907438361768885 1.49593767235379
  endloop
endfacet
facet normal -0.43045933457689 0.430459334576892 0.793353340291223
  outer loop
    vertex 7.39907888491507 1.34558836176889 1.6351980613363
    vertex 6.23497819549998 0.438150000000024 1.49593767235376
    vertex 6.36330935932309 0.309818836176912 1.6351980613363
  endloop
endfacet
facet normal -0.43045933457689 0.430459334576892 0.793353340291223
  outer loop
    vertex 6.23497819549998 0.438150000000024 1.49593767235376
    vertex 7.39907888491507 1.34558836176889 1.6351980613363
    vertex 7.2175912125613 1.42076301706134 1.49593767235376
  endloop
endfacet
facet normal -0.701057384649975 0.701057384649977 -0.130526192220074
  outer loop
    vertex 6.96092888491509 1.52707603412265 0.876299999999983
    vertex 6.07460416483184 0.598524030668163 0.649496870776643
    vertex 6.05349052314622 0.619637672353783 0.876299999999983
  endloop
endfacet
facet normal -0.701057384649975 0.701057384649977 -0.130526192220074
  outer loop
    vertex 6.07460416483184 0.598524030668163 0.649496870776643
    vertex 6.96092888491509 1.52707603412265 0.876299999999983
    vertex 6.99078808333798 1.5147079491743 0.649496870776643
  endloop
endfacet
facet normal 0.270598050073102 -0.270598050073103 0.923879532511284
  outer loop
    vertex 8.27537888491507 0.982613017061341 1.6351980613363
    vertex 6.83350222616814 -0.160374030668135 1.72274080157712
    vertex 6.98294703167686 -0.309818836176864 1.6351980613363
  endloop
endfacet
facet normal 0.270598050073102 -0.270598050073103 0.923879532511284
  outer loop
    vertex 6.83350222616814 -0.160374030668135 1.72274080157712
    vertex 8.27537888491507 0.982613017061341 1.6351980613363
    vertex 8.06403201413842 1.07015575730214 1.72274080157712
  endloop
endfacet
facet normal -0.0922959556412749 0.0922959556412759 0.991444861373807
  outer loop
    vertex 7.83722888491507 1.16410068941511 1.7526
    vertex 6.51275416483182 0.160374030668177 1.7227408015771
    vertex 6.67312819549998 2.25597318603832e-014 1.7526
  endloop
endfacet
facet normal -0.0922959556412749 0.0922959556412759 0.991444861373807
  outer loop
    vertex 6.51275416483182 0.160374030668177 1.7227408015771
    vertex 7.83722888491507 1.16410068941511 1.7526
    vertex 7.61042575569173 1.25804562152808 1.7227408015771
  endloop
endfacet
facet normal 0.430459334576874 -0.430459334576875 0.793353340291241
  outer loop
    vertex 8.45686655726884 0.907438361768885 1.49593767235379
    vertex 6.98294703167686 -0.309818836176864 1.6351980613363
    vertex 7.11127819549997 -0.438149999999976 1.49593767235379
  endloop
endfacet
facet normal 0.430459334576874 -0.430459334576875 0.793353340291241
  outer loop
    vertex 6.98294703167686 -0.309818836176864 1.6351980613363
    vertex 8.45686655726884 0.907438361768885 1.49593767235379
    vertex 8.27537888491507 0.982613017061341 1.6351980613363
  endloop
endfacet
facet normal -0.560985526796939 0.560985526796942 0.608761429008703
  outer loop
    vertex 7.2175912125613 1.42076301706134 1.49593767235376
    vertex 6.13650623009976 0.53662196540025 1.31444999999998
    vertex 6.23497819549998 0.438150000000024 1.49593767235376
  endloop
endfacet
facet normal -0.560985526796939 0.560985526796942 0.608761429008703
  outer loop
    vertex 6.13650623009976 0.53662196540025 1.31444999999998
    vertex 7.2175912125613 1.42076301706134 1.49593767235376
    vertex 7.07833082357877 1.47844655887926 1.31444999999998
  endloop
endfacet
facet normal 0.653281482438179 -0.653281482438182 0.382683432365115
  outer loop
    vertex 7.27165222616814 -0.598524030668147 1.10310312922336
    vertex 8.5961269462514 0.849754819950959 1.31445000000002
    vertex 7.20975016090021 -0.536621965400215 1.31445000000002
  endloop
endfacet
facet normal 0.653281482438179 -0.653281482438182 0.382683432365115
  outer loop
    vertex 8.5961269462514 0.849754819950959 1.31445000000002
    vertex 7.27165222616814 -0.598524030668147 1.10310312922336
    vertex 8.68366968649221 0.813493429655909 1.10310312922336
  endloop
endfacet
facet normal 0.0922959556412342 -0.0922959556412344 0.991444861373815
  outer loop
    vertex 8.06403201413842 1.07015575730214 1.72274080157712
    vertex 6.67312819549998 2.25597318603832e-014 1.7526
    vertex 6.83350222616814 -0.160374030668135 1.72274080157712
  endloop
endfacet
facet normal 0.0922959556412342 -0.0922959556412344 0.991444861373815
  outer loop
    vertex 6.67312819549998 2.25597318603832e-014 1.7526
    vertex 8.06403201413842 1.07015575730214 1.72274080157712
    vertex 7.83722888491507 1.16410068941511 1.7526
  endloop
endfacet
facet normal -0.701057384649978 0.701057384649981 0.130526192220035
  outer loop
    vertex 6.07460416483183 0.598524030668169 1.10310312922332
    vertex 6.96092888491509 1.52707603412265 0.876299999999983
    vertex 6.05349052314622 0.619637672353783 0.876299999999983
  endloop
endfacet
facet normal -0.701057384649978 0.701057384649981 0.130526192220035
  outer loop
    vertex 6.96092888491509 1.52707603412265 0.876299999999983
    vertex 6.07460416483183 0.598524030668169 1.10310312922332
    vertex 6.99078808333797 1.5147079491743 1.10310312922332
  endloop
endfacet
facet normal -0.707106781186549 -0.707106781186546 -2.34857261219714e-016
  outer loop
    vertex 6.51275416483182 0.160374030668177 1.7227408015771
    vertex 6.83350222616814 -0.160374030668135 1.72274080157712
    vertex 6.67312819549998 2.25597318603832e-014 1.7526
  endloop
endfacet
facet normal -0.707106781186549 -0.707106781186546 -2.34857261219714e-016
  outer loop
    vertex 6.83350222616814 -0.160374030668135 1.72274080157712
    vertex 6.51275416483182 0.160374030668177 1.7227408015771
    vertex 6.98294703167686 -0.309818836176864 1.6351980613363
  endloop
endfacet
facet normal -0.707106781186549 -0.707106781186546 -2.34857261219714e-016
  outer loop
    vertex 6.98294703167686 -0.309818836176864 1.6351980613363
    vertex 6.51275416483182 0.160374030668177 1.7227408015771
    vertex 6.36330935932309 0.309818836176912 1.6351980613363
  endloop
endfacet
facet normal -0.707106781186549 -0.707106781186546 -2.34857261219714e-016
  outer loop
    vertex 6.98294703167686 -0.309818836176864 1.6351980613363
    vertex 6.36330935932309 0.309818836176912 1.6351980613363
    vertex 6.23497819549998 0.438150000000024 1.49593767235376
  endloop
endfacet
facet normal -0.707106781186549 -0.707106781186546 -2.34857261219714e-016
  outer loop
    vertex 6.98294703167686 -0.309818836176864 1.6351980613363
    vertex 6.23497819549998 0.438150000000024 1.49593767235376
    vertex 7.11127819549997 -0.438149999999976 1.49593767235379
  endloop
endfacet
facet normal -0.707106781186549 -0.707106781186546 -2.34857261219714e-016
  outer loop
    vertex 7.11127819549997 -0.438149999999976 1.49593767235379
    vertex 6.23497819549998 0.438150000000024 1.49593767235376
    vertex 7.20975016090021 -0.536621965400215 1.31445000000002
  endloop
endfacet
facet normal -0.707106781186549 -0.707106781186546 -2.34857261219714e-016
  outer loop
    vertex 7.20975016090021 -0.536621965400215 1.31445000000002
    vertex 6.23497819549998 0.438150000000024 1.49593767235376
    vertex 6.13650623009976 0.53662196540025 1.31444999999998
  endloop
endfacet
facet normal -0.707106781186549 -0.707106781186546 -2.34857261219714e-016
  outer loop
    vertex 7.20975016090021 -0.536621965400215 1.31445000000002
    vertex 6.13650623009976 0.53662196540025 1.31444999999998
    vertex 7.27165222616814 -0.598524030668147 1.10310312922336
  endloop
endfacet
facet normal -0.707106781186549 -0.707106781186546 -2.34857261219714e-016
  outer loop
    vertex 7.27165222616814 -0.598524030668147 1.10310312922336
    vertex 6.13650623009976 0.53662196540025 1.31444999999998
    vertex 6.07460416483183 0.598524030668169 1.10310312922332
  endloop
endfacet
facet normal -0.707106781186549 -0.707106781186546 -2.34857261219714e-016
  outer loop
    vertex 7.27165222616814 -0.598524030668147 1.10310312922336
    vertex 6.07460416483183 0.598524030668169 1.10310312922332
    vertex 7.29276586785376 -0.619637672353764 0.876300000000017
  endloop
endfacet
facet normal -0.707106781186549 -0.707106781186546 -2.34857261219714e-016
  outer loop
    vertex 7.29276586785376 -0.619637672353764 0.876300000000017
    vertex 6.07460416483183 0.598524030668169 1.10310312922332
    vertex 6.05349052314622 0.619637672353783 0.876299999999983
  endloop
endfacet
facet normal -0.707106781186549 -0.707106781186546 -2.34857261219714e-016
  outer loop
    vertex 7.29276586785376 -0.619637672353764 0.876300000000017
    vertex 6.05349052314622 0.619637672353783 0.876299999999983
    vertex 7.27165222616815 -0.598524030668153 0.649496870776677
  endloop
endfacet
facet normal -0.707106781186549 -0.707106781186546 -2.34857261219714e-016
  outer loop
    vertex 7.27165222616815 -0.598524030668153 0.649496870776677
    vertex 6.05349052314622 0.619637672353783 0.876299999999983
    vertex 6.07460416483184 0.598524030668163 0.649496870776643
  endloop
endfacet
facet normal -0.707106781186549 -0.707106781186546 -2.34857261219714e-016
  outer loop
    vertex 7.27165222616815 -0.598524030668153 0.649496870776677
    vertex 6.07460416483184 0.598524030668163 0.649496870776643
    vertex 7.20975016090022 -0.536621965400221 0.438150000000017
  endloop
endfacet
facet normal -0.707106781186549 -0.707106781186546 -2.34857261219714e-016
  outer loop
    vertex 7.20975016090022 -0.536621965400221 0.438150000000017
    vertex 6.07460416483184 0.598524030668163 0.649496870776643
    vertex 6.13650623009977 0.53662196540023 0.438149999999983
  endloop
endfacet
facet normal -0.707106781186549 -0.707106781186546 -2.34857261219714e-016
  outer loop
    vertex 7.20975016090022 -0.536621965400221 0.438150000000017
    vertex 6.13650623009977 0.53662196540023 0.438149999999983
    vertex 7.1112781955 -0.438150000000002 0.25666232764624
  endloop
endfacet
facet normal -0.707106781186549 -0.707106781186546 -2.34857261219714e-016
  outer loop
    vertex 7.1112781955 -0.438150000000002 0.25666232764624
    vertex 6.13650623009977 0.53662196540023 0.438149999999983
    vertex 6.23497819549999 0.438150000000008 0.256662327646207
  endloop
endfacet
facet normal -0.707106781186549 -0.707106781186546 -2.34857261219714e-016
  outer loop
    vertex 7.1112781955 -0.438150000000002 0.25666232764624
    vertex 6.23497819549999 0.438150000000008 0.256662327646207
    vertex 6.98294703167689 -0.309818836176888 0.117401938663697
  endloop
endfacet
facet normal -0.707106781186549 -0.707106781186546 -2.34857261219714e-016
  outer loop
    vertex 6.98294703167689 -0.309818836176888 0.117401938663697
    vertex 6.23497819549999 0.438150000000008 0.256662327646207
    vertex 6.36330935932312 0.309818836176879 0.117401938663696
  endloop
endfacet
facet normal -0.707106781186549 -0.707106781186546 -2.34857261219714e-016
  outer loop
    vertex 6.98294703167689 -0.309818836176888 0.117401938663697
    vertex 6.36330935932312 0.309818836176879 0.117401938663696
    vertex 6.51275416483185 0.160374030668151 0.029859198422883
  endloop
endfacet
facet normal -0.707106781186549 -0.707106781186546 -2.34857261219714e-016
  outer loop
    vertex 6.98294703167689 -0.309818836176888 0.117401938663697
    vertex 6.51275416483185 0.160374030668151 0.029859198422883
    vertex 6.83350222616816 -0.160374030668161 0.0298591984228996
  endloop
endfacet
facet normal -0.707106781186549 -0.707106781186546 -2.34857261219714e-016
  outer loop
    vertex 6.83350222616816 -0.160374030668161 0.0298591984228996
    vertex 6.51275416483185 0.160374030668151 0.029859198422883
    vertex 6.6731281955 -7.04991620636974e-016 0.0
  endloop
endfacet
facet normal -0.653281482438197 0.653281482438201 0.382683432365054
  outer loop
    vertex 6.13650623009976 0.53662196540025 1.31444999999998
    vertex 6.99078808333797 1.5147079491743 1.10310312922332
    vertex 6.07460416483183 0.598524030668169 1.10310312922332
  endloop
endfacet
facet normal -0.653281482438197 0.653281482438201 0.382683432365054
  outer loop
    vertex 6.99078808333797 1.5147079491743 1.10310312922332
    vertex 6.13650623009976 0.53662196540025 1.31444999999998
    vertex 7.07833082357877 1.47844655887926 1.31444999999998
  endloop
endfacet
facet normal -0.653281482438179 0.653281482438182 -0.382683432365116
  outer loop
    vertex 6.99078808333798 1.5147079491743 0.649496870776643
    vertex 6.13650623009977 0.53662196540023 0.438149999999983
    vertex 6.07460416483184 0.598524030668163 0.649496870776643
  endloop
endfacet
facet normal -0.653281482438179 0.653281482438182 -0.382683432365116
  outer loop
    vertex 6.13650623009977 0.53662196540023 0.438149999999983
    vertex 6.99078808333798 1.5147079491743 0.649496870776643
    vertex 7.07833082357879 1.47844655887925 0.438149999999983
  endloop
endfacet
facet normal -0.430459334576838 0.43045933457684 -0.793353340291279
  outer loop
    vertex 6.23497819549999 0.438150000000008 0.256662327646207
    vertex 7.39907888491511 1.34558836176887 0.117401938663696
    vertex 6.36330935932312 0.309818836176879 0.117401938663696
  endloop
endfacet
facet normal -0.430459334576838 0.43045933457684 -0.793353340291279
  outer loop
    vertex 7.39907888491511 1.34558836176887 0.117401938663696
    vertex 6.23497819549999 0.438150000000008 0.256662327646207
    vertex 7.21759121256132 1.42076301706133 0.256662327646206
  endloop
endfacet
facet normal -0.270598050073099 0.270598050073101 0.923879532511286
  outer loop
    vertex 7.61042575569173 1.25804562152808 1.7227408015771
    vertex 6.36330935932309 0.309818836176912 1.6351980613363
    vertex 6.51275416483182 0.160374030668177 1.7227408015771
  endloop
endfacet
facet normal -0.270598050073099 0.270598050073101 0.923879532511286
  outer loop
    vertex 6.36330935932309 0.309818836176912 1.6351980613363
    vertex 7.61042575569173 1.25804562152808 1.7227408015771
    vertex 7.39907888491507 1.34558836176889 1.6351980613363
  endloop
endfacet
facet normal 0.701057384649978 -0.701057384649982 0.130526192220027
  outer loop
    vertex 7.29276586785376 -0.619637672353764 0.876300000000017
    vertex 8.68366968649221 0.813493429655909 1.10310312922336
    vertex 7.27165222616814 -0.598524030668147 1.10310312922336
  endloop
endfacet
facet normal 0.701057384649978 -0.701057384649982 0.130526192220027
  outer loop
    vertex 8.68366968649221 0.813493429655909 1.10310312922336
    vertex 7.29276586785376 -0.619637672353764 0.876300000000017
    vertex 7.83722888491508 -0.075174655292444 0.876300000000017
  endloop
endfacet
facet normal 0.701057384649978 -0.701057384649982 0.130526192220027
  outer loop
    vertex 8.68366968649221 0.813493429655909 1.10310312922336
    vertex 7.83722888491508 -0.075174655292444 0.876300000000017
    vertex 8.71352888491509 0.801125344707562 0.876300000000016
  endloop
endfacet
facet normal -0.560985526796932 0.560985526796935 -0.608761429008716
  outer loop
    vertex 6.13650623009977 0.53662196540023 0.438149999999983
    vertex 7.21759121256132 1.42076301706133 0.256662327646206
    vertex 6.23497819549999 0.438150000000008 0.256662327646207
  endloop
endfacet
facet normal -0.560985526796932 0.560985526796935 -0.608761429008716
  outer loop
    vertex 7.21759121256132 1.42076301706133 0.256662327646206
    vertex 6.13650623009977 0.53662196540023 0.438149999999983
    vertex 7.07833082357879 1.47844655887925 0.438149999999983
  endloop
endfacet
facet normal 0.793353340291236 2.19361407527504e-016 0.608761429008719
  outer loop
    vertex 7.71311122884491 58.7597368822688 1.31445
    vertex 7.57385083986238 61.9505910128046 1.49593767235377
    vertex 7.57385083986238 58.7020533404508 1.49593767235377
  endloop
endfacet
facet normal 0.793353340291236 2.19361407527504e-016 0.608761429008719
  outer loop
    vertex 7.57385083986238 61.9505910128046 1.49593767235377
    vertex 7.71311122884491 58.7597368822688 1.31445
    vertex 7.71311122884491 61.9505910128046 1.31444999999999
  endloop
endfacet
facet normal -0.382683432365053 3.32844833974074e-016 0.923879532511302
  outer loop
    vertex 6.72741003828526 58.3514460806917 1.72274080157708
    vertex 6.5160631675086 61.9505910128046 1.63519806133628
    vertex 6.5160631675086 58.2639033404509 1.63519806133628
  endloop
endfacet
facet normal -0.382683432365053 3.32844833974074e-016 0.923879532511302
  outer loop
    vertex 6.5160631675086 61.9505910128046 1.63519806133628
    vertex 6.72741003828526 58.3514460806917 1.72274080157708
    vertex 6.72741003828526 61.9505910128046 1.72274080157708
  endloop
endfacet
facet normal -0.130526192220024 -3.57754883564462e-016 -0.991444861373814
  outer loop
    vertex 6.72741003828529 61.9505910128046 0.0298591984228608
    vertex 6.95421316750863 58.4453910128046 -2.11497486191092e-014
    vertex 6.72741003828529 58.3514460806917 0.0298591984228619
  endloop
endfacet
facet normal -0.130526192220024 -3.57754883564462e-016 -0.991444861373814
  outer loop
    vertex 6.95421316750863 58.4453910128046 -2.11497486191092e-014
    vertex 6.72741003828529 61.9505910128046 0.0298591984228608
    vertex 6.95421316750863 61.9505910128046 -2.22072360500647e-014
  endloop
endfacet
facet normal -0.923879532511289 1.37708349075281e-016 0.382683432365084
  outer loop
    vertex 6.1077723659315 61.9505910128046 1.1031031292233
    vertex 6.19531510617231 58.1310451433405 1.31444999999996
    vertex 6.19531510617231 61.9505910128046 1.31444999999996
  endloop
endfacet
facet normal -0.923879532511289 1.37708349075281e-016 0.382683432365084
  outer loop
    vertex 6.19531510617231 58.1310451433405 1.31444999999996
    vertex 6.1077723659315 61.9505910128046 1.1031031292233
    vertex 6.1077723659315 58.0947837530454 1.1031031292233
  endloop
endfacet
facet normal 0.382683432365053 -3.32619543736447e-016 -0.923879532511302
  outer loop
    vertex 7.18101629673197 61.9505910128046 0.0298591984228774
    vertex 7.39236316750863 58.6268786851584 0.117401938663675
    vertex 7.18101629673197 58.5393359449176 0.0298591984228784
  endloop
endfacet
facet normal 0.382683432365053 -3.32619543736447e-016 -0.923879532511302
  outer loop
    vertex 7.39236316750863 58.6268786851584 0.117401938663675
    vertex 7.18101629673197 61.9505910128046 0.0298591984228774
    vertex 7.39236316750863 61.9505910128046 0.117401938663674
  endloop
endfacet
facet normal -0.608761429008651 -2.86303578358503e-016 -0.793353340291289
  outer loop
    vertex 6.33457549515486 61.9505910128046 0.256662327646184
    vertex 6.51606316750863 58.2639033404509 0.117401938663676
    vertex 6.33457549515486 58.1887286851584 0.256662327646186
  endloop
endfacet
facet normal -0.608761429008651 -2.86303578358503e-016 -0.793353340291289
  outer loop
    vertex 6.51606316750863 58.2639033404509 0.117401938663676
    vertex 6.33457549515486 61.9505910128046 0.256662327646184
    vertex 6.51606316750863 61.9505910128046 0.117401938663674
  endloop
endfacet
facet normal 0.923879532511276 1.37899151239965e-016 0.382683432365115
  outer loop
    vertex 7.80065396908573 58.7959982725638 1.10310312922334
    vertex 7.71311122884491 61.9505910128046 1.31444999999999
    vertex 7.71311122884491 58.7597368822688 1.31445
  endloop
endfacet
facet normal 0.923879532511276 1.37899151239965e-016 0.382683432365115
  outer loop
    vertex 7.71311122884491 61.9505910128046 1.31444999999999
    vertex 7.80065396908573 58.7959982725638 1.10310312922334
    vertex 7.80065396908573 61.9505910128046 1.10310312922333
  endloop
endfacet
facet normal -0.60876142900876 2.85689591338162e-016 0.793353340291205
  outer loop
    vertex 6.5160631675086 58.2639033404509 1.63519806133628
    vertex 6.33457549515483 61.9505910128046 1.49593767235374
    vertex 6.33457549515483 58.1887286851584 1.49593767235374
  endloop
endfacet
facet normal -0.60876142900876 2.85689591338162e-016 0.793353340291205
  outer loop
    vertex 6.33457549515483 61.9505910128046 1.49593767235374
    vertex 6.5160631675086 58.2639033404509 1.63519806133628
    vertex 6.5160631675086 61.9505910128046 1.63519806133628
  endloop
endfacet
facet normal -0.991444861373809 -4.65378465056256e-017 -0.13052619222006
  outer loop
    vertex 6.10777236593151 61.9505910128046 0.649496870776621
    vertex 6.07791316750862 58.0824156680971 0.876299999999963
    vertex 6.07791316750862 61.9505910128046 0.876299999999961
  endloop
endfacet
facet normal -0.991444861373809 -4.65378465056256e-017 -0.13052619222006
  outer loop
    vertex 6.07791316750862 58.0824156680971 0.876299999999963
    vertex 6.10777236593151 61.9505910128046 0.649496870776621
    vertex 6.10777236593151 58.0947837530454 0.649496870776622
  endloop
endfacet
facet normal 0.991444861373814 -4.70691601987713e-017 -0.130526192220024
  outer loop
    vertex 7.80065396908573 58.7959982725638 0.649496870776655
    vertex 7.83051316750862 61.9505910128046 0.876299999999994
    vertex 7.83051316750862 58.8083663575122 0.876299999999995
  endloop
endfacet
facet normal 0.991444861373814 -4.70691601987713e-017 -0.130526192220024
  outer loop
    vertex 7.83051316750862 61.9505910128046 0.876299999999994
    vertex 7.80065396908573 58.7959982725638 0.649496870776655
    vertex 7.80065396908573 61.9505910128046 0.649496870776654
  endloop
endfacet
facet normal 0.608761429008651 2.87273648476868e-016 0.793353340291289
  outer loop
    vertex 7.57385083986238 58.7020533404508 1.49593767235377
    vertex 7.3923631675086 61.9505910128046 1.63519806133628
    vertex 7.3923631675086 58.6268786851584 1.63519806133628
  endloop
endfacet
facet normal 0.608761429008651 2.87273648476868e-016 0.793353340291289
  outer loop
    vertex 7.3923631675086 61.9505910128046 1.63519806133628
    vertex 7.57385083986238 58.7020533404508 1.49593767235377
    vertex 7.57385083986238 61.9505910128046 1.49593767235377
  endloop
endfacet
facet normal -0.793353340291236 -2.19697144825432e-016 -0.608761429008719
  outer loop
    vertex 6.33457549515486 61.9505910128046 0.256662327646184
    vertex 6.19531510617232 58.1310451433405 0.438149999999962
    vertex 6.19531510617232 61.9505910128046 0.438149999999961
  endloop
endfacet
facet normal -0.793353340291236 -2.19697144825432e-016 -0.608761429008719
  outer loop
    vertex 6.19531510617232 58.1310451433405 0.438149999999962
    vertex 6.33457549515486 61.9505910128046 0.256662327646184
    vertex 6.33457549515486 58.1887286851584 0.256662327646186
  endloop
endfacet
facet normal 0.991444861373809 4.62557699346747e-017 0.13052619222006
  outer loop
    vertex 7.83051316750862 58.8083663575122 0.876299999999995
    vertex 7.80065396908573 61.9505910128046 1.10310312922333
    vertex 7.80065396908573 58.7959982725638 1.10310312922334
  endloop
endfacet
facet normal 0.991444861373809 4.62557699346747e-017 0.13052619222006
  outer loop
    vertex 7.80065396908573 61.9505910128046 1.10310312922333
    vertex 7.83051316750862 58.8083663575122 0.876299999999995
    vertex 7.83051316750862 61.9505910128046 0.876299999999994
  endloop
endfacet
facet normal 0.793353340291254 -2.20476338334633e-016 -0.608761429008696
  outer loop
    vertex 7.5738508398624 58.7020533404509 0.256662327646219
    vertex 7.71311122884493 61.9505910128046 0.438149999999994
    vertex 7.71311122884493 58.7597368822688 0.438149999999995
  endloop
endfacet
facet normal 0.793353340291254 -2.20476338334633e-016 -0.608761429008696
  outer loop
    vertex 7.71311122884493 61.9505910128046 0.438149999999994
    vertex 7.5738508398624 58.7020533404509 0.256662327646219
    vertex 7.5738508398624 61.9505910128046 0.256662327646218
  endloop
endfacet
facet normal 0.60876142900876 -2.86541368346653e-016 -0.793353340291205
  outer loop
    vertex 7.39236316750863 61.9505910128046 0.117401938663674
    vertex 7.5738508398624 58.7020533404509 0.256662327646219
    vertex 7.39236316750863 58.6268786851584 0.117401938663675
  endloop
endfacet
facet normal 0.60876142900876 -2.86541368346653e-016 -0.793353340291205
  outer loop
    vertex 7.5738508398624 58.7020533404509 0.256662327646219
    vertex 7.39236316750863 61.9505910128046 0.117401938663674
    vertex 7.5738508398624 61.9505910128046 0.256662327646218
  endloop
endfacet
facet normal 0.130526192220095 -3.57694898955733e-016 -0.991444861373805
  outer loop
    vertex 6.95421316750863 61.9505910128046 -2.22072360500647e-014
    vertex 7.18101629673197 58.5393359449176 0.0298591984228784
    vertex 6.95421316750863 58.4453910128046 -2.11497486191092e-014
  endloop
endfacet
facet normal 0.130526192220095 -3.57694898955733e-016 -0.991444861373805
  outer loop
    vertex 7.18101629673197 58.5393359449176 0.0298591984228784
    vertex 6.95421316750863 61.9505910128046 -2.22072360500647e-014
    vertex 7.18101629673197 61.9505910128046 0.0298591984228774
  endloop
endfacet
facet normal -0.130526192220095 3.5756201433623e-016 0.991444861373805
  outer loop
    vertex 6.9542131675086 58.4453910128046 1.75259999999998
    vertex 6.72741003828526 61.9505910128046 1.72274080157708
    vertex 6.72741003828526 58.3514460806917 1.72274080157708
  endloop
endfacet
facet normal -0.130526192220095 3.5756201433623e-016 0.991444861373805
  outer loop
    vertex 6.72741003828526 61.9505910128046 1.72274080157708
    vertex 6.9542131675086 58.4453910128046 1.75259999999998
    vertex 6.9542131675086 61.9505910128046 1.75259999999998
  endloop
endfacet
facet normal 0.0 1.0 -3.60822483003176e-016
  outer loop
    vertex 6.1077723659315 61.9505910128046 1.1031031292233
    vertex 6.10777236593151 61.9505910128046 0.649496870776621
    vertex 6.07791316750862 61.9505910128046 0.876299999999961
  endloop
endfacet
facet normal 0.0 1.0 -3.60822483003176e-016
  outer loop
    vertex 6.10777236593151 61.9505910128046 0.649496870776621
    vertex 6.1077723659315 61.9505910128046 1.1031031292233
    vertex 6.19531510617231 61.9505910128046 1.31444999999996
  endloop
endfacet
facet normal 0.0 1.0 -3.60822483003176e-016
  outer loop
    vertex 6.10777236593151 61.9505910128046 0.649496870776621
    vertex 6.19531510617231 61.9505910128046 1.31444999999996
    vertex 6.19531510617232 61.9505910128046 0.438149999999961
  endloop
endfacet
facet normal 0.0 1.0 -3.60822483003176e-016
  outer loop
    vertex 6.19531510617232 61.9505910128046 0.438149999999961
    vertex 6.19531510617231 61.9505910128046 1.31444999999996
    vertex 6.33457549515483 61.9505910128046 1.49593767235374
  endloop
endfacet
facet normal 0.0 1.0 -3.60822483003176e-016
  outer loop
    vertex 6.19531510617232 61.9505910128046 0.438149999999961
    vertex 6.33457549515483 61.9505910128046 1.49593767235374
    vertex 6.33457549515486 61.9505910128046 0.256662327646184
  endloop
endfacet
facet normal 0.0 1.0 -3.60822483003176e-016
  outer loop
    vertex 6.33457549515486 61.9505910128046 0.256662327646184
    vertex 6.33457549515483 61.9505910128046 1.49593767235374
    vertex 6.5160631675086 61.9505910128046 1.63519806133628
  endloop
endfacet
facet normal 0.0 1.0 -3.60822483003176e-016
  outer loop
    vertex 6.33457549515486 61.9505910128046 0.256662327646184
    vertex 6.5160631675086 61.9505910128046 1.63519806133628
    vertex 6.51606316750863 61.9505910128046 0.117401938663674
  endloop
endfacet
facet normal 0.0 1.0 -3.60822483003176e-016
  outer loop
    vertex 6.51606316750863 61.9505910128046 0.117401938663674
    vertex 6.5160631675086 61.9505910128046 1.63519806133628
    vertex 6.72741003828526 61.9505910128046 1.72274080157708
  endloop
endfacet
facet normal 0.0 1.0 -3.60822483003176e-016
  outer loop
    vertex 6.51606316750863 61.9505910128046 0.117401938663674
    vertex 6.72741003828526 61.9505910128046 1.72274080157708
    vertex 6.72741003828529 61.9505910128046 0.0298591984228608
  endloop
endfacet
facet normal 0.0 1.0 -3.60822483003176e-016
  outer loop
    vertex 6.72741003828529 61.9505910128046 0.0298591984228608
    vertex 6.72741003828526 61.9505910128046 1.72274080157708
    vertex 6.9542131675086 61.9505910128046 1.75259999999998
  endloop
endfacet
facet normal 0.0 1.0 -3.60822483003176e-016
  outer loop
    vertex 6.72741003828529 61.9505910128046 0.0298591984228608
    vertex 6.9542131675086 61.9505910128046 1.75259999999998
    vertex 6.95421316750863 61.9505910128046 -2.22072360500647e-014
  endloop
endfacet
facet normal 0.0 1.0 -3.60822483003176e-016
  outer loop
    vertex 6.95421316750863 61.9505910128046 -2.22072360500647e-014
    vertex 6.9542131675086 61.9505910128046 1.75259999999998
    vertex 7.18101629673194 61.9505910128046 1.72274080157709
  endloop
endfacet
facet normal 0.0 1.0 -3.60822483003176e-016
  outer loop
    vertex 6.95421316750863 61.9505910128046 -2.22072360500647e-014
    vertex 7.18101629673194 61.9505910128046 1.72274080157709
    vertex 7.18101629673197 61.9505910128046 0.0298591984228774
  endloop
endfacet
facet normal 0.0 1.0 -3.60822483003176e-016
  outer loop
    vertex 7.18101629673197 61.9505910128046 0.0298591984228774
    vertex 7.18101629673194 61.9505910128046 1.72274080157709
    vertex 7.3923631675086 61.9505910128046 1.63519806133628
  endloop
endfacet
facet normal 0.0 1.0 -3.60822483003176e-016
  outer loop
    vertex 7.18101629673197 61.9505910128046 0.0298591984228774
    vertex 7.3923631675086 61.9505910128046 1.63519806133628
    vertex 7.39236316750863 61.9505910128046 0.117401938663674
  endloop
endfacet
facet normal 0.0 1.0 -3.60822483003176e-016
  outer loop
    vertex 7.39236316750863 61.9505910128046 0.117401938663674
    vertex 7.3923631675086 61.9505910128046 1.63519806133628
    vertex 7.57385083986238 61.9505910128046 1.49593767235377
  endloop
endfacet
facet normal 0.0 1.0 -3.60822483003176e-016
  outer loop
    vertex 7.39236316750863 61.9505910128046 0.117401938663674
    vertex 7.57385083986238 61.9505910128046 1.49593767235377
    vertex 7.5738508398624 61.9505910128046 0.256662327646218
  endloop
endfacet
facet normal 0.0 1.0 -3.60822483003176e-016
  outer loop
    vertex 7.5738508398624 61.9505910128046 0.256662327646218
    vertex 7.57385083986238 61.9505910128046 1.49593767235377
    vertex 7.71311122884491 61.9505910128046 1.31444999999999
  endloop
endfacet
facet normal 0.0 1.0 -3.60822483003176e-016
  outer loop
    vertex 7.5738508398624 61.9505910128046 0.256662327646218
    vertex 7.71311122884491 61.9505910128046 1.31444999999999
    vertex 7.71311122884493 61.9505910128046 0.438149999999994
  endloop
endfacet
facet normal 0.0 1.0 -3.60822483003176e-016
  outer loop
    vertex 7.71311122884493 61.9505910128046 0.438149999999994
    vertex 7.71311122884491 61.9505910128046 1.31444999999999
    vertex 7.80065396908573 61.9505910128046 1.10310312922333
  endloop
endfacet
facet normal 0.0 1.0 -3.60822483003176e-016
  outer loop
    vertex 7.71311122884493 61.9505910128046 0.438149999999994
    vertex 7.80065396908573 61.9505910128046 1.10310312922333
    vertex 7.80065396908573 61.9505910128046 0.649496870776654
  endloop
endfacet
facet normal 0.0 1.0 -3.60822483003176e-016
  outer loop
    vertex 7.80065396908573 61.9505910128046 0.649496870776654
    vertex 7.80065396908573 61.9505910128046 1.10310312922333
    vertex 7.83051316750862 61.9505910128046 0.876299999999994
  endloop
endfacet
facet normal 0.382683432365115 3.33448627314044e-016 0.923879532511276
  outer loop
    vertex 7.3923631675086 58.6268786851584 1.63519806133628
    vertex 7.18101629673194 61.9505910128046 1.72274080157709
    vertex 7.18101629673194 58.5393359449176 1.7227408015771
  endloop
endfacet
facet normal 0.382683432365115 3.33448627314044e-016 0.923879532511276
  outer loop
    vertex 7.18101629673194 61.9505910128046 1.72274080157709
    vertex 7.3923631675086 58.6268786851584 1.63519806133628
    vertex 7.3923631675086 61.9505910128046 1.63519806133628
  endloop
endfacet
facet normal -0.382683432365115 -3.33435225830758e-016 -0.923879532511276
  outer loop
    vertex 6.51606316750863 61.9505910128046 0.117401938663674
    vertex 6.72741003828529 58.3514460806917 0.0298591984228619
    vertex 6.51606316750863 58.2639033404509 0.117401938663676
  endloop
endfacet
facet normal -0.382683432365115 -3.33435225830758e-016 -0.923879532511276
  outer loop
    vertex 6.72741003828529 58.3514460806917 0.0298591984228619
    vertex 6.51606316750863 61.9505910128046 0.117401938663674
    vertex 6.72741003828529 61.9505910128046 0.0298591984228608
  endloop
endfacet
facet normal 0.130526192220024 3.5816292234362e-016 0.991444861373814
  outer loop
    vertex 7.18101629673194 58.5393359449176 1.7227408015771
    vertex 6.9542131675086 61.9505910128046 1.75259999999998
    vertex 6.9542131675086 58.4453910128046 1.75259999999998
  endloop
endfacet
facet normal 0.130526192220024 3.5816292234362e-016 0.991444861373814
  outer loop
    vertex 6.9542131675086 61.9505910128046 1.75259999999998
    vertex 7.18101629673194 58.5393359449176 1.7227408015771
    vertex 7.18101629673194 61.9505910128046 1.72274080157709
  endloop
endfacet
facet normal -0.991444861373814 4.72885373183322e-017 0.130526192220024
  outer loop
    vertex 6.07791316750862 61.9505910128046 0.876299999999961
    vertex 6.1077723659315 58.0947837530454 1.1031031292233
    vertex 6.1077723659315 61.9505910128046 1.1031031292233
  endloop
endfacet
facet normal -0.991444861373814 4.72885373183322e-017 0.130526192220024
  outer loop
    vertex 6.1077723659315 58.0947837530454 1.1031031292233
    vertex 6.07791316750862 61.9505910128046 0.876299999999961
    vertex 6.07791316750862 58.0824156680971 0.876299999999963
  endloop
endfacet
facet normal -0.793353340291254 2.20247492726694e-016 0.608761429008696
  outer loop
    vertex 6.19531510617231 61.9505910128046 1.31444999999996
    vertex 6.33457549515483 58.1887286851584 1.49593767235374
    vertex 6.33457549515483 61.9505910128046 1.49593767235374
  endloop
endfacet
facet normal -0.793353340291254 2.20247492726694e-016 0.608761429008696
  outer loop
    vertex 6.33457549515483 58.1887286851584 1.49593767235374
    vertex 6.19531510617231 61.9505910128046 1.31444999999996
    vertex 6.19531510617231 58.1310451433405 1.31444999999996
  endloop
endfacet
facet normal 0.923879532511289 -1.36549862444227e-016 -0.382683432365084
  outer loop
    vertex 7.71311122884493 58.7597368822688 0.438149999999995
    vertex 7.80065396908573 61.9505910128046 0.649496870776654
    vertex 7.80065396908573 58.7959982725638 0.649496870776655
  endloop
endfacet
facet normal 0.923879532511289 -1.36549862444227e-016 -0.382683432365084
  outer loop
    vertex 7.80065396908573 61.9505910128046 0.649496870776654
    vertex 7.71311122884493 58.7597368822688 0.438149999999995
    vertex 7.71311122884493 61.9505910128046 0.438149999999994
  endloop
endfacet
facet normal -0.923879532511276 -1.38453223465026e-016 -0.382683432365115
  outer loop
    vertex 6.19531510617232 61.9505910128046 0.438149999999961
    vertex 6.10777236593151 58.0947837530454 0.649496870776622
    vertex 6.10777236593151 61.9505910128046 0.649496870776621
  endloop
endfacet
facet normal -0.923879532511276 -1.38453223465026e-016 -0.382683432365115
  outer loop
    vertex 6.10777236593151 58.0947837530454 0.649496870776622
    vertex 6.19531510617232 61.9505910128046 0.438149999999961
    vertex 6.19531510617232 58.1310451433405 0.438149999999962
  endloop
endfacet
facet normal -0.270598050073114 -0.270598050073114 -0.923879532511278
  outer loop
    vertex 6.51606316750863 58.2639033404509 0.117401938663676
    vertex 8.92487575569176 56.1539803632852 0.0298591984228629
    vertex 8.7135288849151 56.0664376230444 0.117401938663676
  endloop
endfacet
facet normal -0.270598050073114 -0.270598050073114 -0.923879532511278
  outer loop
    vertex 8.92487575569176 56.1539803632852 0.0298591984228629
    vertex 6.51606316750863 58.2639033404509 0.117401938663676
    vertex 6.72741003828529 58.3514460806917 0.0298591984228619
  endloop
endfacet
facet normal -0.092295955641287 -0.0922959556412865 0.991444861373805
  outer loop
    vertex 9.15167888491507 56.2479252953982 1.75259999999998
    vertex 6.72741003828526 58.3514460806917 1.72274080157708
    vertex 8.92487575569172 56.1539803632852 1.72274080157708
  endloop
endfacet
facet normal -0.092295955641287 -0.0922959556412865 0.991444861373805
  outer loop
    vertex 6.72741003828526 58.3514460806917 1.72274080157708
    vertex 9.15167888491507 56.2479252953982 1.75259999999998
    vertex 6.9542131675086 58.4453910128046 1.75259999999998
  endloop
endfacet
facet normal -0.701057384649982 -0.70105738464998 0.130526192220018
  outer loop
    vertex 6.07791316750862 58.0824156680971 0.876299999999963
    vertex 8.30523808333797 55.897318035639 1.1031031292233
    vertex 6.1077723659315 58.0947837530454 1.1031031292233
  endloop
endfacet
facet normal -0.701057384649982 -0.70105738464998 0.130526192220018
  outer loop
    vertex 8.30523808333797 55.897318035639 1.1031031292233
    vertex 6.07791316750862 58.0824156680971 0.876299999999963
    vertex 8.27537888491508 55.8849499506906 0.876299999999963
  endloop
endfacet
facet normal 0.27059805007312 0.27059805007312 0.923879532511274
  outer loop
    vertex 9.58982888491507 56.4294129677519 1.63519806133628
    vertex 7.18101629673194 58.5393359449176 1.7227408015771
    vertex 9.37848201413841 56.3418702275111 1.7227408015771
  endloop
endfacet
facet normal 0.27059805007312 0.27059805007312 0.923879532511274
  outer loop
    vertex 7.18101629673194 58.5393359449176 1.7227408015771
    vertex 9.58982888491507 56.4294129677519 1.63519806133628
    vertex 7.3923631675086 58.6268786851584 1.63519806133628
  endloop
endfacet
facet normal -0.701057384649979 -0.701057384649978 -0.130526192220043
  outer loop
    vertex 6.10777236593151 58.0947837530454 0.649496870776622
    vertex 8.27537888491508 55.8849499506906 0.876299999999963
    vertex 6.07791316750862 58.0824156680971 0.876299999999963
  endloop
endfacet
facet normal -0.701057384649979 -0.701057384649978 -0.130526192220043
  outer loop
    vertex 8.27537888491508 55.8849499506906 0.876299999999963
    vertex 6.10777236593151 58.0947837530454 0.649496870776622
    vertex 8.30523808333797 55.897318035639 0.649496870776623
  endloop
endfacet
facet normal 0.270598050073074 0.270598050073074 -0.923879532511301
  outer loop
    vertex 7.18101629673197 58.5393359449176 0.0298591984228784
    vertex 9.5898288849151 56.4294129677519 0.117401938663676
    vertex 9.37848201413845 56.3418702275111 0.0298591984228795
  endloop
endfacet
facet normal 0.270598050073074 0.270598050073074 -0.923879532511301
  outer loop
    vertex 9.5898288849151 56.4294129677519 0.117401938663676
    vertex 7.18101629673197 58.5393359449176 0.0298591984228784
    vertex 7.39236316750863 58.6268786851584 0.117401938663675
  endloop
endfacet
facet normal -0.130526192220024 -3.57769703912279e-016 -0.991444861373814
  outer loop
    vertex 8.92487575569176 9.31349022617162 0.0298591984228798
    vertex 9.1516788849151 56.2479252953982 -2.00922611881538e-014
    vertex 9.1516788849151 9.21954529405866 -3.17246229286638e-015
  endloop
endfacet
facet normal -0.130526192220024 -3.57769703912279e-016 -0.991444861373814
  outer loop
    vertex 9.1516788849151 56.2479252953982 -2.00922611881538e-014
    vertex 8.92487575569176 9.31349022617162 0.0298591984228798
    vertex 8.92487575569176 56.1539803632852 0.0298591984228629
  endloop
endfacet
facet normal 0.653281482438177 0.653281482438178 0.382683432365126
  outer loop
    vertex 9.91057694625138 56.5622711648623 1.31445
    vertex 7.80065396908573 58.7959982725638 1.10310312922334
    vertex 7.71311122884491 58.7597368822688 1.31445
  endloop
endfacet
facet normal 0.653281482438177 0.653281482438178 0.382683432365126
  outer loop
    vertex 7.80065396908573 58.7959982725638 1.10310312922334
    vertex 9.91057694625138 56.5622711648623 1.31445
    vertex 9.9981196864922 56.5985325551574 1.10310312922334
  endloop
endfacet
facet normal -0.430459334576828 -0.430459334576828 -0.793353340291291
  outer loop
    vertex 6.33457549515486 58.1887286851584 0.256662327646186
    vertex 8.7135288849151 56.0664376230444 0.117401938663676
    vertex 8.53204121256131 55.9912629677519 0.256662327646187
  endloop
endfacet
facet normal -0.430459334576828 -0.430459334576828 -0.793353340291291
  outer loop
    vertex 8.7135288849151 56.0664376230444 0.117401938663676
    vertex 6.33457549515486 58.1887286851584 0.256662327646186
    vertex 6.51606316750863 58.2639033404509 0.117401938663676
  endloop
endfacet
facet normal 0.430459334576904 0.430459334576905 -0.793353340291208
  outer loop
    vertex 7.39236316750863 58.6268786851584 0.117401938663675
    vertex 9.77131655726887 56.5045876230444 0.25666232764622
    vertex 9.5898288849151 56.4294129677519 0.117401938663676
  endloop
endfacet
facet normal 0.430459334576904 0.430459334576905 -0.793353340291208
  outer loop
    vertex 9.77131655726887 56.5045876230444 0.25666232764622
    vertex 7.39236316750863 58.6268786851584 0.117401938663675
    vertex 7.5738508398624 58.7020533404509 0.256662327646219
  endloop
endfacet
facet normal -0.560985526796948 -0.560985526796948 0.60876142900869
  outer loop
    vertex 8.5320412125613 55.9912629677519 1.49593767235374
    vertex 6.19531510617231 58.1310451433405 1.31444999999996
    vertex 8.39278082357877 55.933579425934 1.31444999999996
  endloop
endfacet
facet normal -0.560985526796948 -0.560985526796948 0.60876142900869
  outer loop
    vertex 6.19531510617231 58.1310451433405 1.31444999999996
    vertex 8.5320412125613 55.9912629677519 1.49593767235374
    vertex 6.33457549515483 58.1887286851584 1.49593767235374
  endloop
endfacet
facet normal 0.0922959556412385 0.0922959556412389 0.991444861373814
  outer loop
    vertex 9.37848201413841 56.3418702275111 1.7227408015771
    vertex 6.9542131675086 58.4453910128046 1.75259999999998
    vertex 9.15167888491507 56.2479252953982 1.75259999999998
  endloop
endfacet
facet normal 0.0922959556412385 0.0922959556412389 0.991444861373814
  outer loop
    vertex 6.9542131675086 58.4453910128046 1.75259999999998
    vertex 9.37848201413841 56.3418702275111 1.7227408015771
    vertex 7.18101629673194 58.5393359449176 1.7227408015771
  endloop
endfacet
facet normal 0.130526192220091 -3.57698159334333e-016 -0.991444861373805
  outer loop
    vertex 9.1516788849151 9.21954529405866 -3.17246229286638e-015
    vertex 9.37848201413845 56.3418702275111 0.0298591984228795
    vertex 9.37848201413845 9.12560036194568 0.0298591984228964
  endloop
endfacet
facet normal 0.130526192220091 -3.57698159334333e-016 -0.991444861373805
  outer loop
    vertex 9.37848201413845 56.3418702275111 0.0298591984228795
    vertex 9.1516788849151 9.21954529405866 -3.17246229286638e-015
    vertex 9.1516788849151 56.2479252953982 -2.00922611881538e-014
  endloop
endfacet
facet normal -0.653281482438191 -0.653281482438189 0.382683432365083
  outer loop
    vertex 6.1077723659315 58.0947837530454 1.1031031292233
    vertex 8.39278082357877 55.933579425934 1.31444999999996
    vertex 6.19531510617231 58.1310451433405 1.31444999999996
  endloop
endfacet
facet normal -0.653281482438191 -0.653281482438189 0.382683432365083
  outer loop
    vertex 8.39278082357877 55.933579425934 1.31444999999996
    vertex 6.1077723659315 58.0947837530454 1.1031031292233
    vertex 8.30523808333797 55.897318035639 1.1031031292233
  endloop
endfacet
facet normal 0.60876142900876 -2.86341624121078e-016 -0.793353340291205
  outer loop
    vertex 9.5898288849151 9.03805762170489 0.117401938663693
    vertex 9.77131655726887 56.5045876230444 0.25666232764622
    vertex 9.77131655726887 8.96288296641243 0.256662327646237
  endloop
endfacet
facet normal 0.60876142900876 -2.86341624121078e-016 -0.793353340291205
  outer loop
    vertex 9.77131655726887 56.5045876230444 0.25666232764622
    vertex 9.5898288849151 9.03805762170489 0.117401938663693
    vertex 9.5898288849151 56.4294129677519 0.117401938663676
  endloop
endfacet
facet normal 0.793353340291254 -2.19630114030691e-016 -0.608761429008696
  outer loop
    vertex 9.77131655726887 8.96288296641243 0.256662327646237
    vertex 9.91057694625139 56.5622711648623 0.438149999999996
    vertex 9.91057694625139 8.90519942459451 0.438150000000013
  endloop
endfacet
facet normal 0.793353340291254 -2.19630114030691e-016 -0.608761429008696
  outer loop
    vertex 9.91057694625139 56.5622711648623 0.438149999999996
    vertex 9.77131655726887 8.96288296641243 0.256662327646237
    vertex 9.77131655726887 56.5045876230444 0.25666232764622
  endloop
endfacet
facet normal 0.923879532511276 -1.38161657133791e-016 -0.382683432365115
  outer loop
    vertex 9.91057694625139 8.90519942459451 0.438150000000013
    vertex 9.99811968649221 56.5985325551574 0.649496870776656
    vertex 9.99811968649221 8.86893803429946 0.649496870776673
  endloop
endfacet
facet normal 0.923879532511276 -1.38161657133791e-016 -0.382683432365115
  outer loop
    vertex 9.99811968649221 56.5985325551574 0.649496870776656
    vertex 9.91057694625139 8.90519942459451 0.438150000000013
    vertex 9.91057694625139 56.5622711648623 0.438149999999996
  endloop
endfacet
facet normal 0.701057384649982 0.701057384649982 -0.130526192220006
  outer loop
    vertex 9.99811968649221 56.5985325551574 0.649496870776656
    vertex 7.83051316750862 58.8083663575122 0.876299999999995
    vertex 10.0279788849151 56.6109006401057 0.876299999999996
  endloop
endfacet
facet normal 0.701057384649982 0.701057384649982 -0.130526192220006
  outer loop
    vertex 7.83051316750862 58.8083663575122 0.876299999999995
    vertex 9.99811968649221 56.5985325551574 0.649496870776656
    vertex 7.80065396908573 58.7959982725638 0.649496870776655
  endloop
endfacet
facet normal 0.382683432365066 -3.33313560837951e-016 -0.923879532511297
  outer loop
    vertex 9.37848201413845 9.12560036194568 0.0298591984228964
    vertex 9.5898288849151 56.4294129677519 0.117401938663676
    vertex 9.5898288849151 9.03805762170489 0.117401938663693
  endloop
endfacet
facet normal 0.382683432365066 -3.33313560837951e-016 -0.923879532511297
  outer loop
    vertex 9.5898288849151 56.4294129677519 0.117401938663676
    vertex 9.37848201413845 9.12560036194568 0.0298591984228964
    vertex 9.37848201413845 56.3418702275111 0.0298591984228795
  endloop
endfacet
facet normal 0.653281482438187 0.653281482438187 -0.382683432365094
  outer loop
    vertex 9.91057694625139 56.5622711648623 0.438149999999996
    vertex 7.80065396908573 58.7959982725638 0.649496870776655
    vertex 9.99811968649221 56.5985325551574 0.649496870776656
  endloop
endfacet
facet normal 0.653281482438187 0.653281482438187 -0.382683432365094
  outer loop
    vertex 7.80065396908573 58.7959982725638 0.649496870776655
    vertex 9.91057694625139 56.5622711648623 0.438149999999996
    vertex 7.71311122884493 58.7597368822688 0.438149999999995
  endloop
endfacet
facet normal 0.991444861373819 -4.71106349851538e-017 -0.130526192219988
  outer loop
    vertex 9.99811968649221 8.86893803429946 0.649496870776673
    vertex 10.0279788849151 56.6109006401057 0.876299999999996
    vertex 10.0279788849151 8.85656994935112 0.876300000000013
  endloop
endfacet
facet normal 0.991444861373819 -4.71106349851538e-017 -0.130526192219988
  outer loop
    vertex 10.0279788849151 56.6109006401057 0.876299999999996
    vertex 9.99811968649221 8.86893803429946 0.649496870776673
    vertex 9.99811968649221 56.5985325551574 0.649496870776656
  endloop
endfacet
facet normal -0.430459334576911 -0.430459334576911 0.793353340291201
  outer loop
    vertex 8.71352888491506 56.0664376230444 1.63519806133628
    vertex 6.33457549515483 58.1887286851584 1.49593767235374
    vertex 8.5320412125613 55.9912629677519 1.49593767235374
  endloop
endfacet
facet normal -0.430459334576911 -0.430459334576911 0.793353340291201
  outer loop
    vertex 6.33457549515483 58.1887286851584 1.49593767235374
    vertex 8.71352888491506 56.0664376230444 1.63519806133628
    vertex 6.5160631675086 58.2639033404509 1.63519806133628
  endloop
endfacet
facet normal -0.653281482438182 -0.65328148243818 -0.382683432365116
  outer loop
    vertex 6.19531510617232 58.1310451433405 0.438149999999962
    vertex 8.30523808333797 55.897318035639 0.649496870776623
    vertex 6.10777236593151 58.0947837530454 0.649496870776622
  endloop
endfacet
facet normal -0.653281482438182 -0.65328148243818 -0.382683432365116
  outer loop
    vertex 8.30523808333797 55.897318035639 0.649496870776623
    vertex 6.19531510617232 58.1310451433405 0.438149999999962
    vertex 8.39278082357879 55.933579425934 0.438149999999963
  endloop
endfacet
facet normal 0.560985526796948 0.560985526796948 -0.60876142900869
  outer loop
    vertex 7.5738508398624 58.7020533404509 0.256662327646219
    vertex 9.91057694625139 56.5622711648623 0.438149999999996
    vertex 9.77131655726887 56.5045876230444 0.25666232764622
  endloop
endfacet
facet normal 0.560985526796948 0.560985526796948 -0.60876142900869
  outer loop
    vertex 9.91057694625139 56.5622711648623 0.438149999999996
    vertex 7.5738508398624 58.7020533404509 0.256662327646219
    vertex 7.71311122884493 58.7597368822688 0.438149999999995
  endloop
endfacet
facet normal 0.0922959556412853 0.0922959556412849 -0.991444861373805
  outer loop
    vertex 6.95421316750863 58.4453910128046 -2.11497486191092e-014
    vertex 9.37848201413845 56.3418702275111 0.0298591984228795
    vertex 9.1516788849151 56.2479252953982 -2.00922611881538e-014
  endloop
endfacet
facet normal 0.0922959556412853 0.0922959556412849 -0.991444861373805
  outer loop
    vertex 9.37848201413845 56.3418702275111 0.0298591984228795
    vertex 6.95421316750863 58.4453910128046 -2.11497486191092e-014
    vertex 7.18101629673197 58.5393359449176 0.0298591984228784
  endloop
endfacet
facet normal 0.701057384649978 0.701057384649979 0.130526192220043
  outer loop
    vertex 9.9981196864922 56.5985325551574 1.10310312922334
    vertex 7.83051316750862 58.8083663575122 0.876299999999995
    vertex 7.80065396908573 58.7959982725638 1.10310312922334
  endloop
endfacet
facet normal 0.701057384649978 0.701057384649979 0.130526192220043
  outer loop
    vertex 7.83051316750862 58.8083663575122 0.876299999999995
    vertex 9.9981196864922 56.5985325551574 1.10310312922334
    vertex 10.0279788849151 56.6109006401057 0.876299999999996
  endloop
endfacet
facet normal 0.560985526796928 0.560985526796928 0.608761429008726
  outer loop
    vertex 9.91057694625138 56.5622711648623 1.31445
    vertex 7.57385083986238 58.7020533404508 1.49593767235377
    vertex 9.77131655726883 56.5045876230444 1.49593767235377
  endloop
endfacet
facet normal 0.560985526796928 0.560985526796928 0.608761429008726
  outer loop
    vertex 7.57385083986238 58.7020533404508 1.49593767235377
    vertex 9.91057694625138 56.5622711648623 1.31445
    vertex 7.71311122884491 58.7597368822688 1.31445
  endloop
endfacet
facet normal -0.0922959556412394 -0.0922959556412398 -0.991444861373814
  outer loop
    vertex 6.72741003828529 58.3514460806917 0.0298591984228619
    vertex 9.1516788849151 56.2479252953982 -2.00922611881538e-014
    vertex 8.92487575569176 56.1539803632852 0.0298591984228629
  endloop
endfacet
facet normal -0.0922959556412394 -0.0922959556412398 -0.991444861373814
  outer loop
    vertex 9.1516788849151 56.2479252953982 -2.00922611881538e-014
    vertex 6.72741003828529 58.3514460806917 0.0298591984228619
    vertex 6.95421316750863 58.4453910128046 -2.11497486191092e-014
  endloop
endfacet
facet normal 0.430459334576838 0.430459334576839 0.793353340291279
  outer loop
    vertex 9.77131655726883 56.5045876230444 1.49593767235377
    vertex 7.3923631675086 58.6268786851584 1.63519806133628
    vertex 9.58982888491507 56.4294129677519 1.63519806133628
  endloop
endfacet
facet normal 0.430459334576838 0.430459334576839 0.793353340291279
  outer loop
    vertex 7.3923631675086 58.6268786851584 1.63519806133628
    vertex 9.77131655726883 56.5045876230444 1.49593767235377
    vertex 7.57385083986238 58.7020533404508 1.49593767235377
  endloop
endfacet
facet normal -0.560985526796939 -0.560985526796938 -0.608761429008706
  outer loop
    vertex 6.19531510617232 58.1310451433405 0.438149999999962
    vertex 8.53204121256131 55.9912629677519 0.256662327646187
    vertex 8.39278082357879 55.933579425934 0.438149999999963
  endloop
endfacet
facet normal -0.560985526796939 -0.560985526796938 -0.608761429008706
  outer loop
    vertex 8.53204121256131 55.9912629677519 0.256662327646187
    vertex 6.19531510617232 58.1310451433405 0.438149999999962
    vertex 6.33457549515486 58.1887286851584 0.256662327646186
  endloop
endfacet
facet normal -0.382683432365115 -3.3340957623011e-016 -0.923879532511276
  outer loop
    vertex 8.7135288849151 9.40103296641242 0.117401938663693
    vertex 8.92487575569176 56.1539803632852 0.0298591984228629
    vertex 8.92487575569176 9.31349022617162 0.0298591984228798
  endloop
endfacet
facet normal -0.382683432365115 -3.3340957623011e-016 -0.923879532511276
  outer loop
    vertex 8.92487575569176 56.1539803632852 0.0298591984228629
    vertex 8.7135288849151 9.40103296641242 0.117401938663693
    vertex 8.7135288849151 56.0664376230444 0.117401938663676
  endloop
endfacet
facet normal -0.270598050073069 -0.270598050073068 0.923879532511304
  outer loop
    vertex 8.92487575569172 56.1539803632852 1.72274080157708
    vertex 6.5160631675086 58.2639033404509 1.63519806133628
    vertex 8.71352888491506 56.0664376230444 1.63519806133628
  endloop
endfacet
facet normal -0.270598050073069 -0.270598050073068 0.923879532511304
  outer loop
    vertex 6.5160631675086 58.2639033404509 1.63519806133628
    vertex 8.92487575569172 56.1539803632852 1.72274080157708
    vertex 6.72741003828526 58.3514460806917 1.72274080157708
  endloop
endfacet
facet normal 0.653281482438175 -0.653281482438172 0.382683432365141
  outer loop
    vertex 15.3567978819922 7.55448803429947 1.10310312922335
    vertex 16.5837051417514 8.90519942459452 1.31445000000001
    vertex 15.2692551417514 7.59074942459453 1.31445000000001
  endloop
endfacet
facet normal 0.653281482438175 -0.653281482438172 0.382683432365141
  outer loop
    vertex 16.5837051417514 8.90519942459452 1.31445000000001
    vertex 15.3567978819922 7.55448803429947 1.10310312922335
    vertex 16.6712478819922 8.86893803429947 1.10310312922335
  endloop
endfacet
facet normal 0.560985526796908 -0.560985526796906 0.608761429008765
  outer loop
    vertex 16.5837051417514 8.90519942459452 1.31445000000001
    vertex 15.1299947527688 7.64843296641245 1.49593767235379
    vertex 15.2692551417514 7.59074942459453 1.31445000000001
  endloop
endfacet
facet normal 0.560985526796908 -0.560985526796906 0.608761429008765
  outer loop
    vertex 15.1299947527688 7.64843296641245 1.49593767235379
    vertex 16.5837051417514 8.90519942459452 1.31445000000001
    vertex 16.4444447527688 8.96288296641244 1.49593767235379
  endloop
endfacet
facet normal -0.130526192220095 3.57755373059383e-016 0.991444861373805
  outer loop
    vertex 15.8248070804151 56.2479252953982 1.75259999999998
    vertex 15.5980039511917 9.31349022617163 1.7227408015771
    vertex 15.8248070804151 9.21954529405867 1.7526
  endloop
endfacet
facet normal -0.130526192220095 3.57755373059383e-016 0.991444861373805
  outer loop
    vertex 15.5980039511917 9.31349022617163 1.7227408015771
    vertex 15.8248070804151 56.2479252953982 1.75259999999998
    vertex 15.5980039511917 56.1539803632852 1.72274080157708
  endloop
endfacet
facet normal -0.923879532511289 1.38091962774171e-016 0.382683432365084
  outer loop
    vertex 14.978366278838 55.897318035639 1.1031031292233
    vertex 15.0659090190788 9.53389116352281 1.31444999999998
    vertex 15.0659090190788 55.933579425934 1.31444999999996
  endloop
endfacet
facet normal -0.923879532511289 1.38091962774171e-016 0.382683432365084
  outer loop
    vertex 15.0659090190788 9.53389116352281 1.31444999999998
    vertex 14.978366278838 55.897318035639 1.1031031292233
    vertex 14.978366278838 9.57015255381786 1.10310312922332
  endloop
endfacet
facet normal -0.793353340291254 -2.19722106424868e-016 -0.608761429008696
  outer loop
    vertex 15.2051694080613 55.9912629677519 0.256662327646187
    vertex 15.0659090190788 9.5338911635228 0.43814999999998
    vertex 15.0659090190788 55.933579425934 0.438149999999963
  endloop
endfacet
facet normal -0.793353340291254 -2.19722106424868e-016 -0.608761429008696
  outer loop
    vertex 15.0659090190788 9.5338911635228 0.43814999999998
    vertex 15.2051694080613 55.9912629677519 0.256662327646187
    vertex 15.2051694080613 9.47620762170489 0.256662327646203
  endloop
endfacet
facet normal 0.430459334576875 -0.430459334576874 0.79335334029124
  outer loop
    vertex 16.4444447527688 8.96288296641244 1.49593767235379
    vertex 14.9485070804151 7.7236076217049 1.6351980613363
    vertex 15.1299947527688 7.64843296641245 1.49593767235379
  endloop
endfacet
facet normal 0.430459334576875 -0.430459334576874 0.79335334029124
  outer loop
    vertex 14.9485070804151 7.7236076217049 1.6351980613363
    vertex 16.4444447527688 8.96288296641244 1.49593767235379
    vertex 16.2629570804151 9.0380576217049 1.6351980613363
  endloop
endfacet
facet normal 0.430459334576892 -0.430459334576892 -0.793353340291222
  outer loop
    vertex 14.9485070804151 7.72360762170489 0.117401938663694
    vertex 16.4444447527689 8.96288296641243 0.256662327646237
    vertex 15.1299947527689 7.64843296641244 0.256662327646237
  endloop
endfacet
facet normal 0.430459334576892 -0.430459334576892 -0.793353340291222
  outer loop
    vertex 16.4444447527689 8.96288296641243 0.256662327646237
    vertex 14.9485070804151 7.72360762170489 0.117401938663694
    vertex 16.2629570804151 9.03805762170489 0.117401938663693
  endloop
endfacet
facet normal 0.270598050073104 -0.270598050073103 0.923879532511284
  outer loop
    vertex 16.2629570804151 9.0380576217049 1.6351980613363
    vertex 14.7371602096384 7.81115036194571 1.72274080157711
    vertex 14.9485070804151 7.7236076217049 1.6351980613363
  endloop
endfacet
facet normal 0.270598050073104 -0.270598050073103 0.923879532511284
  outer loop
    vertex 14.7371602096384 7.81115036194571 1.72274080157711
    vertex 16.2629570804151 9.0380576217049 1.6351980613363
    vertex 16.0516102096384 9.1256003619457 1.72274080157711
  endloop
endfacet
facet normal 0.0922959556412341 -0.0922959556412336 0.991444861373815
  outer loop
    vertex 16.0516102096384 9.1256003619457 1.72274080157711
    vertex 14.5103570804151 7.90509529405868 1.7526
    vertex 14.7371602096384 7.81115036194571 1.72274080157711
  endloop
endfacet
facet normal 0.0922959556412341 -0.0922959556412336 0.991444861373815
  outer loop
    vertex 14.5103570804151 7.90509529405868 1.7526
    vertex 16.0516102096384 9.1256003619457 1.72274080157711
    vertex 15.8248070804151 9.21954529405867 1.7526
  endloop
endfacet
facet normal -0.0922959556412754 0.0922959556412757 0.991444861373807
  outer loop
    vertex 15.8248070804151 9.21954529405867 1.7526
    vertex 14.2835539511917 7.99904022617164 1.7227408015771
    vertex 14.5103570804151 7.90509529405868 1.7526
  endloop
endfacet
facet normal -0.0922959556412754 0.0922959556412757 0.991444861373807
  outer loop
    vertex 14.2835539511917 7.99904022617164 1.7227408015771
    vertex 15.8248070804151 9.21954529405867 1.7526
    vertex 15.5980039511917 9.31349022617163 1.7227408015771
  endloop
endfacet
facet normal 0.991444861373814 4.71315024317872e-017 0.130526192220024
  outer loop
    vertex 16.7011070804151 8.85656994935112 0.876300000000013
    vertex 16.6712478819922 56.5985325551574 1.10310312922334
    vertex 16.6712478819922 8.86893803429947 1.10310312922335
  endloop
endfacet
facet normal 0.991444861373814 4.71315024317872e-017 0.130526192220024
  outer loop
    vertex 16.6712478819922 56.5985325551574 1.10310312922334
    vertex 16.7011070804151 8.85656994935112 0.876300000000013
    vertex 16.7011070804151 56.6109006401057 0.876299999999996
  endloop
endfacet
facet normal 0.608761429008668 2.863093916586e-016 0.793353340291275
  outer loop
    vertex 16.4444447527688 56.5045876230444 1.49593767235377
    vertex 16.2629570804151 9.0380576217049 1.6351980613363
    vertex 16.4444447527688 8.96288296641244 1.49593767235379
  endloop
endfacet
facet normal 0.608761429008668 2.863093916586e-016 0.793353340291275
  outer loop
    vertex 16.2629570804151 9.0380576217049 1.6351980613363
    vertex 16.4444447527688 56.5045876230444 1.49593767235377
    vertex 16.2629570804151 56.4294129677519 1.63519806133628
  endloop
endfacet
facet normal 0.793353340291219 2.1962275755741e-016 0.608761429008742
  outer loop
    vertex 16.5837051417514 8.90519942459452 1.31445000000001
    vertex 16.4444447527688 56.5045876230444 1.49593767235377
    vertex 16.4444447527688 8.96288296641244 1.49593767235379
  endloop
endfacet
facet normal 0.793353340291219 2.1962275755741e-016 0.608761429008742
  outer loop
    vertex 16.4444447527688 56.5045876230444 1.49593767235377
    vertex 16.5837051417514 8.90519942459452 1.31445000000001
    vertex 16.5837051417514 56.5622711648623 1.31445
  endloop
endfacet
facet normal -0.608761429008633 -2.86293178503972e-016 -0.793353340291302
  outer loop
    vertex 15.2051694080613 9.47620762170489 0.256662327646203
    vertex 15.3866570804151 56.0664376230444 0.117401938663676
    vertex 15.3866570804151 9.40103296641242 0.117401938663693
  endloop
endfacet
facet normal -0.608761429008633 -2.86293178503972e-016 -0.793353340291302
  outer loop
    vertex 15.3866570804151 56.0664376230444 0.117401938663676
    vertex 15.2051694080613 9.47620762170489 0.256662327646203
    vertex 15.2051694080613 55.9912629677519 0.256662327646187
  endloop
endfacet
facet normal 0.382683432365128 3.33326139453135e-016 0.923879532511271
  outer loop
    vertex 16.2629570804151 56.4294129677519 1.63519806133628
    vertex 16.0516102096384 9.1256003619457 1.72274080157711
    vertex 16.2629570804151 9.0380576217049 1.6351980613363
  endloop
endfacet
facet normal 0.382683432365128 3.33326139453135e-016 0.923879532511271
  outer loop
    vertex 16.0516102096384 9.1256003619457 1.72274080157711
    vertex 16.2629570804151 56.4294129677519 1.63519806133628
    vertex 16.0516102096384 56.3418702275111 1.7227408015771
  endloop
endfacet
facet normal 0.701057384649984 -0.701057384649983 -0.130526192219993
  outer loop
    vertex 15.3567978819922 7.55448803429947 0.649496870776674
    vertex 16.7011070804151 8.85656994935112 0.876300000000013
    vertex 15.3866570804151 7.54211994935112 0.876300000000014
  endloop
endfacet
facet normal 0.701057384649984 -0.701057384649983 -0.130526192219993
  outer loop
    vertex 16.7011070804151 8.85656994935112 0.876300000000013
    vertex 15.3567978819922 7.55448803429947 0.649496870776674
    vertex 16.6712478819922 8.86893803429946 0.649496870776673
  endloop
endfacet
facet normal -0.991444861373809 -4.70580304483783e-017 -0.13052619222006
  outer loop
    vertex 14.978366278838 55.897318035639 0.649496870776623
    vertex 14.9485070804151 9.5825206387662 0.87629999999998
    vertex 14.9485070804151 55.8849499506906 0.876299999999963
  endloop
endfacet
facet normal -0.991444861373809 -4.70580304483783e-017 -0.13052619222006
  outer loop
    vertex 14.9485070804151 9.5825206387662 0.87629999999998
    vertex 14.978366278838 55.897318035639 0.649496870776623
    vertex 14.978366278838 9.57015255381785 0.64949687077664
  endloop
endfacet
facet normal 0.923879532511263 1.38091348161646e-016 0.382683432365146
  outer loop
    vertex 16.6712478819922 8.86893803429947 1.10310312922335
    vertex 16.5837051417514 56.5622711648623 1.31445
    vertex 16.5837051417514 8.90519942459452 1.31445000000001
  endloop
endfacet
facet normal 0.923879532511263 1.38091348161646e-016 0.382683432365146
  outer loop
    vertex 16.5837051417514 56.5622711648623 1.31445
    vertex 16.6712478819922 8.86893803429947 1.10310312922335
    vertex 16.6712478819922 56.5985325551574 1.10310312922334
  endloop
endfacet
facet normal 0.130526192220019 3.57757016408105e-016 0.991444861373815
  outer loop
    vertex 16.0516102096384 56.3418702275111 1.7227408015771
    vertex 15.8248070804151 9.21954529405867 1.7526
    vertex 16.0516102096384 9.1256003619457 1.72274080157711
  endloop
endfacet
facet normal 0.130526192220019 3.57757016408105e-016 0.991444861373815
  outer loop
    vertex 15.8248070804151 9.21954529405867 1.7526
    vertex 16.0516102096384 56.3418702275111 1.7227408015771
    vertex 15.8248070804151 56.2479252953982 1.75259999999998
  endloop
endfacet
facet normal -0.923879532511276 -1.38080786270159e-016 -0.382683432365115
  outer loop
    vertex 15.0659090190788 55.933579425934 0.438149999999963
    vertex 14.978366278838 9.57015255381785 0.64949687077664
    vertex 14.978366278838 55.897318035639 0.649496870776623
  endloop
endfacet
facet normal -0.923879532511276 -1.38080786270159e-016 -0.382683432365115
  outer loop
    vertex 14.978366278838 9.57015255381785 0.64949687077664
    vertex 15.0659090190788 55.933579425934 0.438149999999963
    vertex 15.0659090190788 9.5338911635228 0.43814999999998
  endloop
endfacet
facet normal -0.270598050073099 0.270598050073099 -0.923879532511287
  outer loop
    vertex 14.0722070804151 8.08658296641243 0.117401938663694
    vertex 15.5980039511918 9.31349022617162 0.0298591984228798
    vertex 14.2835539511918 7.99904022617163 0.0298591984228802
  endloop
endfacet
facet normal -0.270598050073099 0.270598050073099 -0.923879532511287
  outer loop
    vertex 15.5980039511918 9.31349022617162 0.0298591984228798
    vertex 14.0722070804151 8.08658296641243 0.117401938663694
    vertex 15.3866570804151 9.40103296641242 0.117401938663693
  endloop
endfacet
facet normal -0.0922959556412379 0.0922959556412375 -0.991444861373814
  outer loop
    vertex 14.2835539511918 7.99904022617163 0.0298591984228802
    vertex 15.8248070804151 9.21954529405866 -3.17246229286638e-015
    vertex 14.5103570804151 7.90509529405866 -2.8199664825479e-015
  endloop
endfacet
facet normal -0.0922959556412379 0.0922959556412375 -0.991444861373814
  outer loop
    vertex 15.8248070804151 9.21954529405866 -3.17246229286638e-015
    vertex 14.2835539511918 7.99904022617163 0.0298591984228802
    vertex 15.5980039511918 9.31349022617162 0.0298591984228798
  endloop
endfacet
facet normal -0.608761429008777 2.86208166625917e-016 0.793353340291192
  outer loop
    vertex 15.3866570804151 56.0664376230444 1.63519806133628
    vertex 15.2051694080613 9.4762076217049 1.49593767235376
    vertex 15.3866570804151 9.40103296641244 1.6351980613363
  endloop
endfacet
facet normal -0.608761429008777 2.86208166625917e-016 0.793353340291192
  outer loop
    vertex 15.2051694080613 9.4762076217049 1.49593767235376
    vertex 15.3866570804151 56.0664376230444 1.63519806133628
    vertex 15.2051694080613 55.9912629677519 1.49593767235374
  endloop
endfacet
facet normal 0.560985526796943 -0.560985526796943 -0.608761429008698
  outer loop
    vertex 15.1299947527689 7.64843296641244 0.256662327646237
    vertex 16.5837051417514 8.90519942459451 0.438150000000013
    vertex 15.2692551417514 7.59074942459452 0.438150000000014
  endloop
endfacet
facet normal 0.560985526796943 -0.560985526796943 -0.608761429008698
  outer loop
    vertex 16.5837051417514 8.90519942459451 0.438150000000013
    vertex 15.1299947527689 7.64843296641244 0.256662327646237
    vertex 16.4444447527689 8.96288296641243 0.256662327646237
  endloop
endfacet
facet normal 0.653281482438181 -0.653281482438181 -0.382683432365115
  outer loop
    vertex 15.2692551417514 7.59074942459452 0.438150000000014
    vertex 16.6712478819922 8.86893803429946 0.649496870776673
    vertex 15.3567978819922 7.55448803429947 0.649496870776674
  endloop
endfacet
facet normal 0.653281482438181 -0.653281482438181 -0.382683432365115
  outer loop
    vertex 16.6712478819922 8.86893803429946 0.649496870776673
    vertex 15.2692551417514 7.59074942459452 0.438150000000014
    vertex 16.5837051417514 8.90519942459451 0.438150000000013
  endloop
endfacet
facet normal -0.793353340291254 2.19654810371479e-016 0.608761429008696
  outer loop
    vertex 15.0659090190788 55.933579425934 1.31444999999996
    vertex 15.2051694080613 9.4762076217049 1.49593767235376
    vertex 15.2051694080613 55.9912629677519 1.49593767235374
  endloop
endfacet
facet normal -0.793353340291254 2.19654810371479e-016 0.608761429008696
  outer loop
    vertex 15.2051694080613 9.4762076217049 1.49593767235376
    vertex 15.0659090190788 55.933579425934 1.31444999999996
    vertex 15.0659090190788 9.53389116352281 1.31444999999998
  endloop
endfacet
facet normal 0.701057384649981 -0.70105738464998 0.130526192220025
  outer loop
    vertex 15.3866570804151 7.54211994935112 0.876300000000014
    vertex 16.6712478819922 8.86893803429947 1.10310312922335
    vertex 15.3567978819922 7.55448803429947 1.10310312922335
  endloop
endfacet
facet normal 0.701057384649981 -0.70105738464998 0.130526192220025
  outer loop
    vertex 16.6712478819922 8.86893803429947 1.10310312922335
    vertex 15.3866570804151 7.54211994935112 0.876300000000014
    vertex 16.7011070804151 8.85656994935112 0.876300000000013
  endloop
endfacet
facet normal 0.270598050073115 -0.270598050073115 -0.923879532511277
  outer loop
    vertex 14.7371602096385 7.81115036194569 0.0298591984228968
    vertex 16.2629570804151 9.03805762170489 0.117401938663693
    vertex 14.9485070804151 7.72360762170489 0.117401938663694
  endloop
endfacet
facet normal 0.270598050073115 -0.270598050073115 -0.923879532511277
  outer loop
    vertex 16.2629570804151 9.03805762170489 0.117401938663693
    vertex 14.7371602096385 7.81115036194569 0.0298591984228968
    vertex 16.0516102096384 9.12560036194568 0.0298591984228964
  endloop
endfacet
facet normal -0.991444861373814 4.71521201258376e-017 0.130526192220024
  outer loop
    vertex 14.9485070804151 55.8849499506906 0.876299999999963
    vertex 14.978366278838 9.57015255381786 1.10310312922332
    vertex 14.978366278838 55.897318035639 1.1031031292233
  endloop
endfacet
facet normal -0.991444861373814 4.71521201258376e-017 0.130526192220024
  outer loop
    vertex 14.978366278838 9.57015255381786 1.10310312922332
    vertex 14.9485070804151 55.8849499506906 0.876299999999963
    vertex 14.9485070804151 9.5825206387662 0.87629999999998
  endloop
endfacet
facet normal 0.0922959556412723 -0.0922959556412727 -0.991444861373808
  outer loop
    vertex 14.5103570804151 7.90509529405866 -2.8199664825479e-015
    vertex 16.0516102096384 9.12560036194568 0.0298591984228964
    vertex 14.7371602096385 7.81115036194569 0.0298591984228968
  endloop
endfacet
facet normal 0.0922959556412723 -0.0922959556412727 -0.991444861373808
  outer loop
    vertex 16.0516102096384 9.12560036194568 0.0298591984228964
    vertex 14.5103570804151 7.90509529405866 -2.8199664825479e-015
    vertex 15.8248070804151 9.21954529405866 -3.17246229286638e-015
  endloop
endfacet
facet normal -0.38268343236504 3.3345354028898e-016 0.923879532511307
  outer loop
    vertex 15.5980039511917 56.1539803632852 1.72274080157708
    vertex 15.3866570804151 9.40103296641244 1.6351980613363
    vertex 15.5980039511917 9.31349022617163 1.7227408015771
  endloop
endfacet
facet normal -0.38268343236504 3.3345354028898e-016 0.923879532511307
  outer loop
    vertex 15.3866570804151 9.40103296641244 1.6351980613363
    vertex 15.5980039511917 56.1539803632852 1.72274080157708
    vertex 15.3866570804151 56.0664376230444 1.63519806133628
  endloop
endfacet
facet normal 0.382683432365112 -3.33356506916532e-016 -0.923879532511277
  outer loop
    vertex 14.7371602096385 1.07015575730213 0.0298591984228992
    vertex 14.9485070804151 7.72360762170489 0.117401938663694
    vertex 14.9485070804151 0.982613017061326 0.117401938663696
  endloop
endfacet
facet normal 0.382683432365112 -3.33356506916532e-016 -0.923879532511277
  outer loop
    vertex 14.9485070804151 7.72360762170489 0.117401938663694
    vertex 14.7371602096385 1.07015575730213 0.0298591984228992
    vertex 14.7371602096385 7.81115036194569 0.0298591984228968
  endloop
endfacet
facet normal 0.923879532511276 1.38080786270159e-016 0.382683432365115
  outer loop
    vertex 15.3567978819922 0.813493429655909 1.10310312922336
    vertex 15.2692551417514 7.59074942459453 1.31445000000001
    vertex 15.2692551417514 0.849754819950959 1.31445000000002
  endloop
endfacet
facet normal 0.923879532511276 1.38080786270159e-016 0.382683432365115
  outer loop
    vertex 15.2692551417514 7.59074942459453 1.31445000000001
    vertex 15.3567978819922 0.813493429655909 1.10310312922336
    vertex 15.3567978819922 7.55448803429947 1.10310312922335
  endloop
endfacet
facet normal -0.130526192220024 -3.57735596641639e-016 -0.991444861373814
  outer loop
    vertex 14.2835539511918 1.25804562152806 0.0298591984228827
    vertex 14.5103570804151 7.90509529405866 -2.8199664825479e-015
    vertex 14.5103570804151 1.1641006894151 -3.52495810318487e-016
  endloop
endfacet
facet normal -0.130526192220024 -3.57735596641639e-016 -0.991444861373814
  outer loop
    vertex 14.5103570804151 7.90509529405866 -2.8199664825479e-015
    vertex 14.2835539511918 1.25804562152806 0.0298591984228827
    vertex 14.2835539511918 7.99904022617163 0.0298591984228802
  endloop
endfacet
facet normal 0.382683432365097 3.33356506916535e-016 0.923879532511284
  outer loop
    vertex 14.9485070804151 7.7236076217049 1.6351980613363
    vertex 14.7371602096384 1.07015575730214 1.72274080157712
    vertex 14.9485070804151 0.982613017061341 1.6351980613363
  endloop
endfacet
facet normal 0.382683432365097 3.33356506916535e-016 0.923879532511284
  outer loop
    vertex 14.7371602096384 1.07015575730214 1.72274080157712
    vertex 14.9485070804151 7.7236076217049 1.6351980613363
    vertex 14.7371602096384 7.81115036194571 1.72274080157711
  endloop
endfacet
facet normal -0.560985526796933 0.560985526796932 -0.608761429008717
  outer loop
    vertex 13.7514590190788 8.21944116352281 0.43814999999998
    vertex 15.2051694080613 9.47620762170489 0.256662327646203
    vertex 13.8907194080613 8.1617576217049 0.256662327646204
  endloop
endfacet
facet normal -0.560985526796933 0.560985526796932 -0.608761429008717
  outer loop
    vertex 15.2051694080613 9.47620762170489 0.256662327646203
    vertex 13.7514590190788 8.21944116352281 0.43814999999998
    vertex 15.0659090190788 9.5338911635228 0.43814999999998
  endloop
endfacet
facet normal 0.130526192220019 3.57735596641639e-016 0.991444861373815
  outer loop
    vertex 14.7371602096384 7.81115036194571 1.72274080157711
    vertex 14.5103570804151 1.16410068941511 1.7526
    vertex 14.7371602096384 1.07015575730214 1.72274080157712
  endloop
endfacet
facet normal 0.130526192220019 3.57735596641639e-016 0.991444861373815
  outer loop
    vertex 14.5103570804151 1.16410068941511 1.7526
    vertex 14.7371602096384 7.81115036194571 1.72274080157711
    vertex 14.5103570804151 7.90509529405868 1.7526
  endloop
endfacet
facet normal -0.382683432365097 -3.33356506916535e-016 -0.923879532511284
  outer loop
    vertex 14.0722070804151 1.34558836176887 0.117401938663696
    vertex 14.2835539511918 7.99904022617163 0.0298591984228802
    vertex 14.2835539511918 1.25804562152806 0.0298591984228827
  endloop
endfacet
facet normal -0.382683432365097 -3.33356506916535e-016 -0.923879532511284
  outer loop
    vertex 14.2835539511918 7.99904022617163 0.0298591984228802
    vertex 14.0722070804151 1.34558836176887 0.117401938663696
    vertex 14.0722070804151 8.08658296641243 0.117401938663694
  endloop
endfacet
facet normal -0.793353340291254 2.19654810371479e-016 0.608761429008696
  outer loop
    vertex 13.7514590190788 8.21944116352282 1.31444999999998
    vertex 13.8907194080613 1.42076301706134 1.49593767235376
    vertex 13.8907194080613 8.1617576217049 1.49593767235376
  endloop
endfacet
facet normal -0.793353340291254 2.19654810371479e-016 0.608761429008696
  outer loop
    vertex 13.8907194080613 1.42076301706134 1.49593767235376
    vertex 13.7514590190788 8.21944116352282 1.31444999999998
    vertex 13.7514590190788 1.47844655887926 1.31444999999998
  endloop
endfacet
facet normal 0.130526192220073 -3.57735596641637e-016 -0.991444861373808
  outer loop
    vertex 14.5103570804151 1.1641006894151 -3.52495810318487e-016
    vertex 14.7371602096385 7.81115036194569 0.0298591984228968
    vertex 14.7371602096385 1.07015575730213 0.0298591984228992
  endloop
endfacet
facet normal 0.130526192220073 -3.57735596641637e-016 -0.991444861373808
  outer loop
    vertex 14.7371602096385 7.81115036194569 0.0298591984228968
    vertex 14.5103570804151 1.1641006894151 -3.52495810318487e-016
    vertex 14.5103570804151 7.90509529405866 -2.8199664825479e-015
  endloop
endfacet
facet normal 0.793353340291254 -2.19654810371479e-016 -0.608761429008696
  outer loop
    vertex 15.1299947527689 0.907438361768871 0.25666232764624
    vertex 15.2692551417514 7.59074942459452 0.438150000000014
    vertex 15.2692551417514 0.849754819950955 0.438150000000016
  endloop
endfacet
facet normal 0.793353340291254 -2.19654810371479e-016 -0.608761429008696
  outer loop
    vertex 15.2692551417514 7.59074942459452 0.438150000000014
    vertex 15.1299947527689 0.907438361768871 0.25666232764624
    vertex 15.1299947527689 7.64843296641244 0.256662327646237
  endloop
endfacet
facet normal 0.991444861373819 -4.7096784773766e-017 -0.130526192219988
  outer loop
    vertex 15.3567978819922 0.813493429655905 0.649496870776676
    vertex 15.3866570804151 7.54211994935112 0.876300000000014
    vertex 15.3866570804151 0.801125344707562 0.876300000000016
  endloop
endfacet
facet normal 0.991444861373819 -4.7096784773766e-017 -0.130526192219988
  outer loop
    vertex 15.3866570804151 7.54211994935112 0.876300000000014
    vertex 15.3567978819922 0.813493429655905 0.649496870776676
    vertex 15.3567978819922 7.55448803429947 0.649496870776674
  endloop
endfacet
facet normal -0.991444861373814 4.70967847737788e-017 0.130526192220024
  outer loop
    vertex 13.6340570804151 8.26807063876621 0.876299999999981
    vertex 13.663916278838 1.5147079491743 1.10310312922332
    vertex 13.663916278838 8.25570255381786 1.10310312922332
  endloop
endfacet
facet normal -0.991444861373814 4.70967847737788e-017 0.130526192220024
  outer loop
    vertex 13.663916278838 1.5147079491743 1.10310312922332
    vertex 13.6340570804151 8.26807063876621 0.876299999999981
    vertex 13.6340570804151 1.52707603412265 0.876299999999983
  endloop
endfacet
facet normal 0.991444861373814 4.70967847737788e-017 0.130526192220024
  outer loop
    vertex 15.3866570804151 0.801125344707562 0.876300000000016
    vertex 15.3567978819922 7.55448803429947 1.10310312922335
    vertex 15.3567978819922 0.813493429655909 1.10310312922336
  endloop
endfacet
facet normal 0.991444861373814 4.70967847737788e-017 0.130526192220024
  outer loop
    vertex 15.3567978819922 7.55448803429947 1.10310312922335
    vertex 15.3866570804151 0.801125344707562 0.876300000000016
    vertex 15.3866570804151 7.54211994935112 0.876300000000014
  endloop
endfacet
facet normal 0.608761429008714 2.86259722142749e-016 0.79335334029124
  outer loop
    vertex 15.1299947527688 7.64843296641245 1.49593767235379
    vertex 14.9485070804151 0.982613017061341 1.6351980613363
    vertex 15.1299947527688 0.907438361768885 1.49593767235379
  endloop
endfacet
facet normal 0.608761429008714 2.86259722142749e-016 0.79335334029124
  outer loop
    vertex 14.9485070804151 0.982613017061341 1.6351980613363
    vertex 15.1299947527688 7.64843296641245 1.49593767235379
    vertex 14.9485070804151 7.7236076217049 1.6351980613363
  endloop
endfacet
facet normal -0.991444861373809 -4.70967847737917e-017 -0.13052619222006
  outer loop
    vertex 13.663916278838 8.25570255381786 0.64949687077664
    vertex 13.6340570804151 1.52707603412265 0.876299999999983
    vertex 13.6340570804151 8.26807063876621 0.876299999999981
  endloop
endfacet
facet normal -0.991444861373809 -4.70967847737917e-017 -0.13052619222006
  outer loop
    vertex 13.6340570804151 1.52707603412265 0.876299999999983
    vertex 13.663916278838 8.25570255381786 0.64949687077664
    vertex 13.663916278838 1.5147079491743 0.649496870776643
  endloop
endfacet
facet normal 0.608761429008737 -2.86259722142743e-016 -0.793353340291223
  outer loop
    vertex 14.9485070804151 0.982613017061326 0.117401938663696
    vertex 15.1299947527689 7.64843296641244 0.256662327646237
    vertex 15.1299947527689 0.907438361768871 0.25666232764624
  endloop
endfacet
facet normal 0.608761429008737 -2.86259722142743e-016 -0.793353340291223
  outer loop
    vertex 15.1299947527689 7.64843296641244 0.256662327646237
    vertex 14.9485070804151 0.982613017061326 0.117401938663696
    vertex 14.9485070804151 7.72360762170489 0.117401938663694
  endloop
endfacet
facet normal -0.923879532511302 1.38080786270136e-016 0.382683432365053
  outer loop
    vertex 13.663916278838 8.25570255381786 1.10310312922332
    vertex 13.7514590190788 1.47844655887926 1.31444999999998
    vertex 13.7514590190788 8.21944116352282 1.31444999999998
  endloop
endfacet
facet normal -0.923879532511302 1.38080786270136e-016 0.382683432365053
  outer loop
    vertex 13.7514590190788 1.47844655887926 1.31444999999998
    vertex 13.663916278838 8.25570255381786 1.10310312922332
    vertex 13.663916278838 1.5147079491743 1.10310312922332
  endloop
endfacet
facet normal -0.653281482438196 0.653281482438196 0.382683432365062
  outer loop
    vertex 14.978366278838 9.57015255381786 1.10310312922332
    vertex 13.7514590190788 8.21944116352282 1.31444999999998
    vertex 15.0659090190788 9.53389116352281 1.31444999999998
  endloop
endfacet
facet normal -0.653281482438196 0.653281482438196 0.382683432365062
  outer loop
    vertex 13.7514590190788 8.21944116352282 1.31444999999998
    vertex 14.978366278838 9.57015255381786 1.10310312922332
    vertex 13.663916278838 8.25570255381786 1.10310312922332
  endloop
endfacet
facet normal -0.382683432365087 3.33356506916536e-016 0.923879532511288
  outer loop
    vertex 14.2835539511917 7.99904022617164 1.7227408015771
    vertex 14.0722070804151 1.34558836176889 1.6351980613363
    vertex 14.2835539511917 1.25804562152808 1.7227408015771
  endloop
endfacet
facet normal -0.382683432365087 3.33356506916536e-016 0.923879532511288
  outer loop
    vertex 14.0722070804151 1.34558836176889 1.6351980613363
    vertex 14.2835539511917 7.99904022617164 1.7227408015771
    vertex 14.0722070804151 8.08658296641245 1.6351980613363
  endloop
endfacet
facet normal -0.70105738464998 0.70105738464998 0.130526192220024
  outer loop
    vertex 14.9485070804151 9.5825206387662 0.87629999999998
    vertex 13.663916278838 8.25570255381786 1.10310312922332
    vertex 14.978366278838 9.57015255381786 1.10310312922332
  endloop
endfacet
facet normal -0.70105738464998 0.70105738464998 0.130526192220024
  outer loop
    vertex 13.663916278838 8.25570255381786 1.10310312922332
    vertex 14.9485070804151 9.5825206387662 0.87629999999998
    vertex 13.6340570804151 8.26807063876621 0.876299999999981
  endloop
endfacet
facet normal -0.923879532511276 -1.38080786270159e-016 -0.382683432365115
  outer loop
    vertex 13.7514590190788 8.21944116352281 0.43814999999998
    vertex 13.663916278838 1.5147079491743 0.649496870776643
    vertex 13.663916278838 8.25570255381786 0.64949687077664
  endloop
endfacet
facet normal -0.923879532511276 -1.38080786270159e-016 -0.382683432365115
  outer loop
    vertex 13.663916278838 1.5147079491743 0.649496870776643
    vertex 13.7514590190788 8.21944116352281 0.43814999999998
    vertex 13.7514590190788 1.47844655887925 0.438149999999983
  endloop
endfacet
facet normal -0.79335334029124 -2.19654810371486e-016 -0.608761429008714
  outer loop
    vertex 13.8907194080613 8.1617576217049 0.256662327646204
    vertex 13.7514590190788 1.47844655887925 0.438149999999983
    vertex 13.7514590190788 8.21944116352281 0.43814999999998
  endloop
endfacet
facet normal -0.79335334029124 -2.19654810371486e-016 -0.608761429008714
  outer loop
    vertex 13.7514590190788 1.47844655887925 0.438149999999983
    vertex 13.8907194080613 8.1617576217049 0.256662327646204
    vertex 13.8907194080613 1.42076301706133 0.256662327646206
  endloop
endfacet
facet normal -0.430459334576897 0.430459334576897 0.793353340291216
  outer loop
    vertex 15.3866570804151 9.40103296641244 1.6351980613363
    vertex 13.8907194080613 8.1617576217049 1.49593767235376
    vertex 14.0722070804151 8.08658296641245 1.6351980613363
  endloop
endfacet
facet normal -0.430459334576897 0.430459334576897 0.793353340291216
  outer loop
    vertex 13.8907194080613 8.1617576217049 1.49593767235376
    vertex 15.3866570804151 9.40103296641244 1.6351980613363
    vertex 15.2051694080613 9.4762076217049 1.49593767235376
  endloop
endfacet
facet normal 0.923879532511276 -1.38080786270159e-016 -0.382683432365115
  outer loop
    vertex 15.2692551417514 0.849754819950955 0.438150000000016
    vertex 15.3567978819922 7.55448803429947 0.649496870776674
    vertex 15.3567978819922 0.813493429655905 0.649496870776676
  endloop
endfacet
facet normal 0.923879532511276 -1.38080786270159e-016 -0.382683432365115
  outer loop
    vertex 15.3567978819922 7.55448803429947 0.649496870776674
    vertex 15.2692551417514 0.849754819950955 0.438150000000016
    vertex 15.2692551417514 7.59074942459452 0.438150000000014
  endloop
endfacet
facet normal -0.701057384649977 0.701057384649977 -0.130526192220056
  outer loop
    vertex 14.978366278838 9.57015255381785 0.64949687077664
    vertex 13.6340570804151 8.26807063876621 0.876299999999981
    vertex 14.9485070804151 9.5825206387662 0.87629999999998
  endloop
endfacet
facet normal -0.701057384649977 0.701057384649977 -0.130526192220056
  outer loop
    vertex 13.6340570804151 8.26807063876621 0.876299999999981
    vertex 14.978366278838 9.57015255381785 0.64949687077664
    vertex 13.663916278838 8.25570255381786 0.64949687077664
  endloop
endfacet
facet normal -0.560985526796943 0.560985526796943 0.608761429008699
  outer loop
    vertex 15.2051694080613 9.4762076217049 1.49593767235376
    vertex 13.7514590190788 8.21944116352282 1.31444999999998
    vertex 13.8907194080613 8.1617576217049 1.49593767235376
  endloop
endfacet
facet normal -0.560985526796943 0.560985526796943 0.608761429008699
  outer loop
    vertex 13.7514590190788 8.21944116352282 1.31444999999998
    vertex 15.2051694080613 9.4762076217049 1.49593767235376
    vertex 15.0659090190788 9.53389116352281 1.31444999999998
  endloop
endfacet
facet normal -0.130526192220077 3.57735596641637e-016 0.991444861373807
  outer loop
    vertex 14.5103570804151 7.90509529405868 1.7526
    vertex 14.2835539511917 1.25804562152808 1.7227408015771
    vertex 14.5103570804151 1.16410068941511 1.7526
  endloop
endfacet
facet normal -0.130526192220077 3.57735596641637e-016 0.991444861373807
  outer loop
    vertex 14.2835539511917 1.25804562152808 1.7227408015771
    vertex 14.5103570804151 7.90509529405868 1.7526
    vertex 14.2835539511917 7.99904022617164 1.7227408015771
  endloop
endfacet
facet normal -0.608761429008737 2.86259722142743e-016 0.793353340291223
  outer loop
    vertex 14.0722070804151 8.08658296641245 1.6351980613363
    vertex 13.8907194080613 1.42076301706134 1.49593767235376
    vertex 14.0722070804151 1.34558836176889 1.6351980613363
  endloop
endfacet
facet normal -0.608761429008737 2.86259722142743e-016 0.793353340291223
  outer loop
    vertex 13.8907194080613 1.42076301706134 1.49593767235376
    vertex 14.0722070804151 8.08658296641245 1.6351980613363
    vertex 13.8907194080613 8.1617576217049 1.49593767235376
  endloop
endfacet
facet normal -0.653281482438182 0.653281482438181 -0.382683432365113
  outer loop
    vertex 15.0659090190788 9.5338911635228 0.43814999999998
    vertex 13.663916278838 8.25570255381786 0.64949687077664
    vertex 14.978366278838 9.57015255381785 0.64949687077664
  endloop
endfacet
facet normal -0.653281482438182 0.653281482438181 -0.382683432365113
  outer loop
    vertex 13.663916278838 8.25570255381786 0.64949687077664
    vertex 15.0659090190788 9.5338911635228 0.43814999999998
    vertex 13.7514590190788 8.21944116352281 0.43814999999998
  endloop
endfacet
facet normal -0.430459334576844 0.430459334576843 -0.793353340291274
  outer loop
    vertex 13.8907194080613 8.1617576217049 0.256662327646204
    vertex 15.3866570804151 9.40103296641242 0.117401938663693
    vertex 14.0722070804151 8.08658296641243 0.117401938663694
  endloop
endfacet
facet normal -0.430459334576844 0.430459334576843 -0.793353340291274
  outer loop
    vertex 15.3866570804151 9.40103296641242 0.117401938663693
    vertex 13.8907194080613 8.1617576217049 0.256662327646204
    vertex 15.2051694080613 9.47620762170489 0.256662327646203
  endloop
endfacet
facet normal 0.793353340291188 2.1965481037151e-016 0.608761429008782
  outer loop
    vertex 15.2692551417514 0.849754819950959 1.31445000000002
    vertex 15.1299947527688 7.64843296641245 1.49593767235379
    vertex 15.1299947527688 0.907438361768885 1.49593767235379
  endloop
endfacet
facet normal 0.793353340291188 2.1965481037151e-016 0.608761429008782
  outer loop
    vertex 15.1299947527688 7.64843296641245 1.49593767235379
    vertex 15.2692551417514 0.849754819950959 1.31445000000002
    vertex 15.2692551417514 7.59074942459453 1.31445000000001
  endloop
endfacet
facet normal -0.270598050073098 0.270598050073098 0.923879532511287
  outer loop
    vertex 15.5980039511917 9.31349022617163 1.7227408015771
    vertex 14.0722070804151 8.08658296641245 1.6351980613363
    vertex 14.2835539511917 7.99904022617164 1.7227408015771
  endloop
endfacet
facet normal -0.270598050073098 0.270598050073098 0.923879532511287
  outer loop
    vertex 14.0722070804151 8.08658296641245 1.6351980613363
    vertex 15.5980039511917 9.31349022617163 1.7227408015771
    vertex 15.3866570804151 9.40103296641244 1.6351980613363
  endloop
endfacet
facet normal -0.608761429008661 -2.86259722142763e-016 -0.793353340291281
  outer loop
    vertex 13.8907194080613 1.42076301706133 0.256662327646206
    vertex 14.0722070804151 8.08658296641243 0.117401938663694
    vertex 14.0722070804151 1.34558836176887 0.117401938663696
  endloop
endfacet
facet normal -0.608761429008661 -2.86259722142763e-016 -0.793353340291281
  outer loop
    vertex 14.0722070804151 8.08658296641243 0.117401938663694
    vertex 13.8907194080613 1.42076301706133 0.256662327646206
    vertex 13.8907194080613 8.1617576217049 0.256662327646204
  endloop
endfacet
facet normal -0.0922959556412379 0.092295955641238 -0.991444861373814
  outer loop
    vertex 13.1858823603318 0.160374030668151 0.029859198422883
    vertex 14.5103570804151 1.1641006894151 -3.52495810318487e-016
    vertex 13.346256391 -7.04991620636974e-016 0.0
  endloop
endfacet
facet normal -0.0922959556412379 0.092295955641238 -0.991444861373814
  outer loop
    vertex 14.5103570804151 1.1641006894151 -3.52495810318487e-016
    vertex 13.1858823603318 0.160374030668151 0.029859198422883
    vertex 14.2835539511918 1.25804562152806 0.0298591984228827
  endloop
endfacet
facet normal 0.0922959556412713 -0.0922959556412721 -0.991444861373808
  outer loop
    vertex 13.346256391 -7.04991620636974e-016 0.0
    vertex 14.7371602096385 1.07015575730213 0.0298591984228992
    vertex 13.5066304216682 -0.160374030668161 0.0298591984228996
  endloop
endfacet
facet normal 0.0922959556412713 -0.0922959556412721 -0.991444861373808
  outer loop
    vertex 14.7371602096385 1.07015575730213 0.0298591984228992
    vertex 13.346256391 -7.04991620636974e-016 0.0
    vertex 14.5103570804151 1.1641006894151 -3.52495810318487e-016
  endloop
endfacet
facet normal -0.270598050073102 0.270598050073103 -0.923879532511284
  outer loop
    vertex 13.0364375548231 0.309818836176879 0.117401938663696
    vertex 14.2835539511918 1.25804562152806 0.0298591984228827
    vertex 13.1858823603318 0.160374030668151 0.029859198422883
  endloop
endfacet
facet normal -0.270598050073102 0.270598050073103 -0.923879532511284
  outer loop
    vertex 14.2835539511918 1.25804562152806 0.0298591984228827
    vertex 13.0364375548231 0.309818836176879 0.117401938663696
    vertex 14.0722070804151 1.34558836176887 0.117401938663696
  endloop
endfacet
facet normal 0.430459334576888 -0.43045933457689 -0.793353340291225
  outer loop
    vertex 13.6560752271769 -0.309818836176888 0.117401938663697
    vertex 15.1299947527689 0.907438361768871 0.25666232764624
    vertex 13.784406391 -0.438150000000002 0.25666232764624
  endloop
endfacet
facet normal 0.430459334576888 -0.43045933457689 -0.793353340291225
  outer loop
    vertex 15.1299947527689 0.907438361768871 0.25666232764624
    vertex 13.6560752271769 -0.309818836176888 0.117401938663697
    vertex 14.9485070804151 0.982613017061326 0.117401938663696
  endloop
endfacet
facet normal 0.701057384649982 -0.701057384649985 -0.130526192219991
  outer loop
    vertex 15.3567978819922 0.813493429655905 0.649496870776676
    vertex 13.9658940633538 -0.619637672353764 0.876300000000017
    vertex 13.9447804216682 -0.598524030668153 0.649496870776677
  endloop
endfacet
facet normal 0.701057384649982 -0.701057384649985 -0.130526192219991
  outer loop
    vertex 13.9658940633538 -0.619637672353764 0.876300000000017
    vertex 15.3567978819922 0.813493429655905 0.649496870776676
    vertex 14.5103570804151 -0.075174655292444 0.876300000000017
  endloop
endfacet
facet normal 0.701057384649982 -0.701057384649985 -0.130526192219991
  outer loop
    vertex 14.5103570804151 -0.075174655292444 0.876300000000017
    vertex 15.3567978819922 0.813493429655905 0.649496870776676
    vertex 15.3866570804151 0.801125344707562 0.876300000000016
  endloop
endfacet
facet normal 0.65328148243818 -0.653281482438182 -0.382683432365116
  outer loop
    vertex 15.2692551417514 0.849754819950955 0.438150000000016
    vertex 13.9447804216682 -0.598524030668153 0.649496870776677
    vertex 13.8828783564002 -0.536621965400221 0.438150000000017
  endloop
endfacet
facet normal 0.65328148243818 -0.653281482438182 -0.382683432365116
  outer loop
    vertex 13.9447804216682 -0.598524030668153 0.649496870776677
    vertex 15.2692551417514 0.849754819950955 0.438150000000016
    vertex 15.3567978819922 0.813493429655905 0.649496870776676
  endloop
endfacet
facet normal 0.560985526796945 -0.560985526796947 -0.608761429008693
  outer loop
    vertex 13.784406391 -0.438150000000002 0.25666232764624
    vertex 15.2692551417514 0.849754819950955 0.438150000000016
    vertex 13.8828783564002 -0.536621965400221 0.438150000000017
  endloop
endfacet
facet normal 0.560985526796945 -0.560985526796947 -0.608761429008693
  outer loop
    vertex 15.2692551417514 0.849754819950955 0.438150000000016
    vertex 13.784406391 -0.438150000000002 0.25666232764624
    vertex 15.1299947527689 0.907438361768871 0.25666232764624
  endloop
endfacet
facet normal 0.270598050073115 -0.270598050073116 -0.923879532511277
  outer loop
    vertex 13.5066304216682 -0.160374030668161 0.0298591984228996
    vertex 14.9485070804151 0.982613017061326 0.117401938663696
    vertex 13.6560752271769 -0.309818836176888 0.117401938663697
  endloop
endfacet
facet normal 0.270598050073115 -0.270598050073116 -0.923879532511277
  outer loop
    vertex 14.9485070804151 0.982613017061326 0.117401938663696
    vertex 13.5066304216682 -0.160374030668161 0.0298591984228996
    vertex 14.7371602096385 1.07015575730213 0.0298591984228992
  endloop
endfacet
facet normal 0.560985526796897 -0.560985526796899 0.608761429008781
  outer loop
    vertex 15.2692551417514 0.849754819950959 1.31445000000002
    vertex 13.784406391 -0.438149999999976 1.49593767235379
    vertex 13.8828783564002 -0.536621965400215 1.31445000000002
  endloop
endfacet
facet normal 0.560985526796897 -0.560985526796899 0.608761429008781
  outer loop
    vertex 13.784406391 -0.438149999999976 1.49593767235379
    vertex 15.2692551417514 0.849754819950959 1.31445000000002
    vertex 15.1299947527688 0.907438361768885 1.49593767235379
  endloop
endfacet
facet normal -0.43045933457689 0.430459334576892 0.793353340291223
  outer loop
    vertex 14.0722070804151 1.34558836176889 1.6351980613363
    vertex 12.908106391 0.438150000000024 1.49593767235376
    vertex 13.0364375548231 0.309818836176912 1.6351980613363
  endloop
endfacet
facet normal -0.43045933457689 0.430459334576892 0.793353340291223
  outer loop
    vertex 12.908106391 0.438150000000024 1.49593767235376
    vertex 14.0722070804151 1.34558836176889 1.6351980613363
    vertex 13.8907194080613 1.42076301706134 1.49593767235376
  endloop
endfacet
facet normal -0.701057384649975 0.701057384649977 -0.130526192220074
  outer loop
    vertex 13.6340570804151 1.52707603412265 0.876299999999983
    vertex 12.7477323603318 0.598524030668163 0.649496870776643
    vertex 12.7266187186462 0.619637672353783 0.876299999999983
  endloop
endfacet
facet normal -0.701057384649975 0.701057384649977 -0.130526192220074
  outer loop
    vertex 12.7477323603318 0.598524030668163 0.649496870776643
    vertex 13.6340570804151 1.52707603412265 0.876299999999983
    vertex 13.663916278838 1.5147079491743 0.649496870776643
  endloop
endfacet
facet normal 0.270598050073102 -0.270598050073103 0.923879532511284
  outer loop
    vertex 14.9485070804151 0.982613017061341 1.6351980613363
    vertex 13.5066304216681 -0.160374030668135 1.72274080157712
    vertex 13.6560752271769 -0.309818836176864 1.6351980613363
  endloop
endfacet
facet normal 0.270598050073102 -0.270598050073103 0.923879532511284
  outer loop
    vertex 13.5066304216681 -0.160374030668135 1.72274080157712
    vertex 14.9485070804151 0.982613017061341 1.6351980613363
    vertex 14.7371602096384 1.07015575730214 1.72274080157712
  endloop
endfacet
facet normal -0.0922959556412749 0.0922959556412759 0.991444861373807
  outer loop
    vertex 14.5103570804151 1.16410068941511 1.7526
    vertex 13.1858823603318 0.160374030668177 1.7227408015771
    vertex 13.346256391 2.25597318603832e-014 1.7526
  endloop
endfacet
facet normal -0.0922959556412749 0.0922959556412759 0.991444861373807
  outer loop
    vertex 13.1858823603318 0.160374030668177 1.7227408015771
    vertex 14.5103570804151 1.16410068941511 1.7526
    vertex 14.2835539511917 1.25804562152808 1.7227408015771
  endloop
endfacet
facet normal 0.430459334576874 -0.430459334576875 0.793353340291241
  outer loop
    vertex 15.1299947527688 0.907438361768885 1.49593767235379
    vertex 13.6560752271769 -0.309818836176864 1.6351980613363
    vertex 13.784406391 -0.438149999999976 1.49593767235379
  endloop
endfacet
facet normal 0.430459334576874 -0.430459334576875 0.793353340291241
  outer loop
    vertex 13.6560752271769 -0.309818836176864 1.6351980613363
    vertex 15.1299947527688 0.907438361768885 1.49593767235379
    vertex 14.9485070804151 0.982613017061341 1.6351980613363
  endloop
endfacet
facet normal -0.560985526796939 0.560985526796942 0.608761429008703
  outer loop
    vertex 13.8907194080613 1.42076301706134 1.49593767235376
    vertex 12.8096344255998 0.53662196540025 1.31444999999998
    vertex 12.908106391 0.438150000000024 1.49593767235376
  endloop
endfacet
facet normal -0.560985526796939 0.560985526796942 0.608761429008703
  outer loop
    vertex 12.8096344255998 0.53662196540025 1.31444999999998
    vertex 13.8907194080613 1.42076301706134 1.49593767235376
    vertex 13.7514590190788 1.47844655887926 1.31444999999998
  endloop
endfacet
facet normal 0.653281482438179 -0.653281482438182 0.382683432365115
  outer loop
    vertex 13.9447804216681 -0.598524030668147 1.10310312922336
    vertex 15.2692551417514 0.849754819950959 1.31445000000002
    vertex 13.8828783564002 -0.536621965400215 1.31445000000002
  endloop
endfacet
facet normal 0.653281482438179 -0.653281482438182 0.382683432365115
  outer loop
    vertex 15.2692551417514 0.849754819950959 1.31445000000002
    vertex 13.9447804216681 -0.598524030668147 1.10310312922336
    vertex 15.3567978819922 0.813493429655909 1.10310312922336
  endloop
endfacet
facet normal 0.0922959556412342 -0.0922959556412344 0.991444861373815
  outer loop
    vertex 14.7371602096384 1.07015575730214 1.72274080157712
    vertex 13.346256391 2.25597318603832e-014 1.7526
    vertex 13.5066304216681 -0.160374030668135 1.72274080157712
  endloop
endfacet
facet normal 0.0922959556412342 -0.0922959556412344 0.991444861373815
  outer loop
    vertex 13.346256391 2.25597318603832e-014 1.7526
    vertex 14.7371602096384 1.07015575730214 1.72274080157712
    vertex 14.5103570804151 1.16410068941511 1.7526
  endloop
endfacet
facet normal -0.701057384649978 0.701057384649981 0.130526192220035
  outer loop
    vertex 12.7477323603318 0.598524030668169 1.10310312922332
    vertex 13.6340570804151 1.52707603412265 0.876299999999983
    vertex 12.7266187186462 0.619637672353783 0.876299999999983
  endloop
endfacet
facet normal -0.701057384649978 0.701057384649981 0.130526192220035
  outer loop
    vertex 13.6340570804151 1.52707603412265 0.876299999999983
    vertex 12.7477323603318 0.598524030668169 1.10310312922332
    vertex 13.663916278838 1.5147079491743 1.10310312922332
  endloop
endfacet
facet normal -0.707106781186549 -0.707106781186546 -2.34857261219714e-016
  outer loop
    vertex 13.1858823603318 0.160374030668177 1.7227408015771
    vertex 13.5066304216681 -0.160374030668135 1.72274080157712
    vertex 13.346256391 2.25597318603832e-014 1.7526
  endloop
endfacet
facet normal -0.707106781186549 -0.707106781186546 -2.34857261219714e-016
  outer loop
    vertex 13.5066304216681 -0.160374030668135 1.72274080157712
    vertex 13.1858823603318 0.160374030668177 1.7227408015771
    vertex 13.6560752271769 -0.309818836176864 1.6351980613363
  endloop
endfacet
facet normal -0.707106781186549 -0.707106781186546 -2.34857261219714e-016
  outer loop
    vertex 13.6560752271769 -0.309818836176864 1.6351980613363
    vertex 13.1858823603318 0.160374030668177 1.7227408015771
    vertex 13.0364375548231 0.309818836176912 1.6351980613363
  endloop
endfacet
facet normal -0.707106781186549 -0.707106781186546 -2.34857261219714e-016
  outer loop
    vertex 13.6560752271769 -0.309818836176864 1.6351980613363
    vertex 13.0364375548231 0.309818836176912 1.6351980613363
    vertex 12.908106391 0.438150000000024 1.49593767235376
  endloop
endfacet
facet normal -0.707106781186549 -0.707106781186546 -2.34857261219714e-016
  outer loop
    vertex 13.6560752271769 -0.309818836176864 1.6351980613363
    vertex 12.908106391 0.438150000000024 1.49593767235376
    vertex 13.784406391 -0.438149999999976 1.49593767235379
  endloop
endfacet
facet normal -0.707106781186549 -0.707106781186546 -2.34857261219714e-016
  outer loop
    vertex 13.784406391 -0.438149999999976 1.49593767235379
    vertex 12.908106391 0.438150000000024 1.49593767235376
    vertex 13.8828783564002 -0.536621965400215 1.31445000000002
  endloop
endfacet
facet normal -0.707106781186549 -0.707106781186546 -2.34857261219714e-016
  outer loop
    vertex 13.8828783564002 -0.536621965400215 1.31445000000002
    vertex 12.908106391 0.438150000000024 1.49593767235376
    vertex 12.8096344255998 0.53662196540025 1.31444999999998
  endloop
endfacet
facet normal -0.707106781186549 -0.707106781186546 -2.34857261219714e-016
  outer loop
    vertex 13.8828783564002 -0.536621965400215 1.31445000000002
    vertex 12.8096344255998 0.53662196540025 1.31444999999998
    vertex 13.9447804216681 -0.598524030668147 1.10310312922336
  endloop
endfacet
facet normal -0.707106781186549 -0.707106781186546 -2.34857261219714e-016
  outer loop
    vertex 13.9447804216681 -0.598524030668147 1.10310312922336
    vertex 12.8096344255998 0.53662196540025 1.31444999999998
    vertex 12.7477323603318 0.598524030668169 1.10310312922332
  endloop
endfacet
facet normal -0.707106781186549 -0.707106781186546 -2.34857261219714e-016
  outer loop
    vertex 13.9447804216681 -0.598524030668147 1.10310312922336
    vertex 12.7477323603318 0.598524030668169 1.10310312922332
    vertex 13.9658940633538 -0.619637672353764 0.876300000000017
  endloop
endfacet
facet normal -0.707106781186549 -0.707106781186546 -2.34857261219714e-016
  outer loop
    vertex 13.9658940633538 -0.619637672353764 0.876300000000017
    vertex 12.7477323603318 0.598524030668169 1.10310312922332
    vertex 12.7266187186462 0.619637672353783 0.876299999999983
  endloop
endfacet
facet normal -0.707106781186549 -0.707106781186546 -2.34857261219714e-016
  outer loop
    vertex 13.9658940633538 -0.619637672353764 0.876300000000017
    vertex 12.7266187186462 0.619637672353783 0.876299999999983
    vertex 13.9447804216682 -0.598524030668153 0.649496870776677
  endloop
endfacet
facet normal -0.707106781186549 -0.707106781186546 -2.34857261219714e-016
  outer loop
    vertex 13.9447804216682 -0.598524030668153 0.649496870776677
    vertex 12.7266187186462 0.619637672353783 0.876299999999983
    vertex 12.7477323603318 0.598524030668163 0.649496870776643
  endloop
endfacet
facet normal -0.707106781186549 -0.707106781186546 -2.34857261219714e-016
  outer loop
    vertex 13.9447804216682 -0.598524030668153 0.649496870776677
    vertex 12.7477323603318 0.598524030668163 0.649496870776643
    vertex 13.8828783564002 -0.536621965400221 0.438150000000017
  endloop
endfacet
facet normal -0.707106781186549 -0.707106781186546 -2.34857261219714e-016
  outer loop
    vertex 13.8828783564002 -0.536621965400221 0.438150000000017
    vertex 12.7477323603318 0.598524030668163 0.649496870776643
    vertex 12.8096344255998 0.53662196540023 0.438149999999983
  endloop
endfacet
facet normal -0.707106781186549 -0.707106781186546 -2.34857261219714e-016
  outer loop
    vertex 13.8828783564002 -0.536621965400221 0.438150000000017
    vertex 12.8096344255998 0.53662196540023 0.438149999999983
    vertex 13.784406391 -0.438150000000002 0.25666232764624
  endloop
endfacet
facet normal -0.707106781186549 -0.707106781186546 -2.34857261219714e-016
  outer loop
    vertex 13.784406391 -0.438150000000002 0.25666232764624
    vertex 12.8096344255998 0.53662196540023 0.438149999999983
    vertex 12.908106391 0.438150000000008 0.256662327646207
  endloop
endfacet
facet normal -0.707106781186549 -0.707106781186546 -2.34857261219714e-016
  outer loop
    vertex 13.784406391 -0.438150000000002 0.25666232764624
    vertex 12.908106391 0.438150000000008 0.256662327646207
    vertex 13.6560752271769 -0.309818836176888 0.117401938663697
  endloop
endfacet
facet normal -0.707106781186549 -0.707106781186546 -2.34857261219714e-016
  outer loop
    vertex 13.6560752271769 -0.309818836176888 0.117401938663697
    vertex 12.908106391 0.438150000000008 0.256662327646207
    vertex 13.0364375548231 0.309818836176879 0.117401938663696
  endloop
endfacet
facet normal -0.707106781186549 -0.707106781186546 -2.34857261219714e-016
  outer loop
    vertex 13.6560752271769 -0.309818836176888 0.117401938663697
    vertex 13.0364375548231 0.309818836176879 0.117401938663696
    vertex 13.1858823603318 0.160374030668151 0.029859198422883
  endloop
endfacet
facet normal -0.707106781186549 -0.707106781186546 -2.34857261219714e-016
  outer loop
    vertex 13.6560752271769 -0.309818836176888 0.117401938663697
    vertex 13.1858823603318 0.160374030668151 0.029859198422883
    vertex 13.5066304216682 -0.160374030668161 0.0298591984228996
  endloop
endfacet
facet normal -0.707106781186549 -0.707106781186546 -2.34857261219714e-016
  outer loop
    vertex 13.5066304216682 -0.160374030668161 0.0298591984228996
    vertex 13.1858823603318 0.160374030668151 0.029859198422883
    vertex 13.346256391 -7.04991620636974e-016 0.0
  endloop
endfacet
facet normal -0.653281482438197 0.653281482438201 0.382683432365054
  outer loop
    vertex 12.8096344255998 0.53662196540025 1.31444999999998
    vertex 13.663916278838 1.5147079491743 1.10310312922332
    vertex 12.7477323603318 0.598524030668169 1.10310312922332
  endloop
endfacet
facet normal -0.653281482438197 0.653281482438201 0.382683432365054
  outer loop
    vertex 13.663916278838 1.5147079491743 1.10310312922332
    vertex 12.8096344255998 0.53662196540025 1.31444999999998
    vertex 13.7514590190788 1.47844655887926 1.31444999999998
  endloop
endfacet
facet normal -0.653281482438179 0.653281482438182 -0.382683432365116
  outer loop
    vertex 13.663916278838 1.5147079491743 0.649496870776643
    vertex 12.8096344255998 0.53662196540023 0.438149999999983
    vertex 12.7477323603318 0.598524030668163 0.649496870776643
  endloop
endfacet
facet normal -0.653281482438179 0.653281482438182 -0.382683432365116
  outer loop
    vertex 12.8096344255998 0.53662196540023 0.438149999999983
    vertex 13.663916278838 1.5147079491743 0.649496870776643
    vertex 13.7514590190788 1.47844655887925 0.438149999999983
  endloop
endfacet
facet normal -0.430459334576838 0.43045933457684 -0.793353340291279
  outer loop
    vertex 12.908106391 0.438150000000008 0.256662327646207
    vertex 14.0722070804151 1.34558836176887 0.117401938663696
    vertex 13.0364375548231 0.309818836176879 0.117401938663696
  endloop
endfacet
facet normal -0.430459334576838 0.43045933457684 -0.793353340291279
  outer loop
    vertex 14.0722070804151 1.34558836176887 0.117401938663696
    vertex 12.908106391 0.438150000000008 0.256662327646207
    vertex 13.8907194080613 1.42076301706133 0.256662327646206
  endloop
endfacet
facet normal -0.270598050073099 0.270598050073101 0.923879532511286
  outer loop
    vertex 14.2835539511917 1.25804562152808 1.7227408015771
    vertex 13.0364375548231 0.309818836176912 1.6351980613363
    vertex 13.1858823603318 0.160374030668177 1.7227408015771
  endloop
endfacet
facet normal -0.270598050073099 0.270598050073101 0.923879532511286
  outer loop
    vertex 13.0364375548231 0.309818836176912 1.6351980613363
    vertex 14.2835539511917 1.25804562152808 1.7227408015771
    vertex 14.0722070804151 1.34558836176889 1.6351980613363
  endloop
endfacet
facet normal 0.701057384649978 -0.701057384649982 0.130526192220027
  outer loop
    vertex 13.9658940633538 -0.619637672353764 0.876300000000017
    vertex 15.3567978819922 0.813493429655909 1.10310312922336
    vertex 13.9447804216681 -0.598524030668147 1.10310312922336
  endloop
endfacet
facet normal 0.701057384649978 -0.701057384649982 0.130526192220027
  outer loop
    vertex 15.3567978819922 0.813493429655909 1.10310312922336
    vertex 13.9658940633538 -0.619637672353764 0.876300000000017
    vertex 14.5103570804151 -0.075174655292444 0.876300000000017
  endloop
endfacet
facet normal 0.701057384649978 -0.701057384649982 0.130526192220027
  outer loop
    vertex 15.3567978819922 0.813493429655909 1.10310312922336
    vertex 14.5103570804151 -0.075174655292444 0.876300000000017
    vertex 15.3866570804151 0.801125344707562 0.876300000000016
  endloop
endfacet
facet normal -0.560985526796932 0.560985526796935 -0.608761429008716
  outer loop
    vertex 12.8096344255998 0.53662196540023 0.438149999999983
    vertex 13.8907194080613 1.42076301706133 0.256662327646206
    vertex 12.908106391 0.438150000000008 0.256662327646207
  endloop
endfacet
facet normal -0.560985526796932 0.560985526796935 -0.608761429008716
  outer loop
    vertex 13.8907194080613 1.42076301706133 0.256662327646206
    vertex 12.8096344255998 0.53662196540023 0.438149999999983
    vertex 13.7514590190788 1.47844655887925 0.438149999999983
  endloop
endfacet
facet normal 0.793353340291236 2.19361407527504e-016 0.608761429008719
  outer loop
    vertex 14.3862394243449 58.7597368822688 1.31445
    vertex 14.2469790353624 61.9505910128046 1.49593767235377
    vertex 14.2469790353624 58.7020533404508 1.49593767235377
  endloop
endfacet
facet normal 0.793353340291236 2.19361407527504e-016 0.608761429008719
  outer loop
    vertex 14.2469790353624 61.9505910128046 1.49593767235377
    vertex 14.3862394243449 58.7597368822688 1.31445
    vertex 14.3862394243449 61.9505910128046 1.31444999999999
  endloop
endfacet
facet normal -0.382683432365053 3.32844833974074e-016 0.923879532511302
  outer loop
    vertex 13.4005382337853 58.3514460806917 1.72274080157708
    vertex 13.1891913630086 61.9505910128046 1.63519806133628
    vertex 13.1891913630086 58.2639033404509 1.63519806133628
  endloop
endfacet
facet normal -0.382683432365053 3.32844833974074e-016 0.923879532511302
  outer loop
    vertex 13.1891913630086 61.9505910128046 1.63519806133628
    vertex 13.4005382337853 58.3514460806917 1.72274080157708
    vertex 13.4005382337853 61.9505910128046 1.72274080157708
  endloop
endfacet
facet normal -0.130526192220024 -3.57754883564462e-016 -0.991444861373814
  outer loop
    vertex 13.4005382337853 61.9505910128046 0.0298591984228608
    vertex 13.6273413630086 58.4453910128046 -2.11497486191092e-014
    vertex 13.4005382337853 58.3514460806917 0.0298591984228619
  endloop
endfacet
facet normal -0.130526192220024 -3.57754883564462e-016 -0.991444861373814
  outer loop
    vertex 13.6273413630086 58.4453910128046 -2.11497486191092e-014
    vertex 13.4005382337853 61.9505910128046 0.0298591984228608
    vertex 13.6273413630086 61.9505910128046 -2.22072360500647e-014
  endloop
endfacet
facet normal -0.923879532511289 1.37708349075281e-016 0.382683432365084
  outer loop
    vertex 12.7809005614315 61.9505910128046 1.1031031292233
    vertex 12.8684433016723 58.1310451433405 1.31444999999996
    vertex 12.8684433016723 61.9505910128046 1.31444999999996
  endloop
endfacet
facet normal -0.923879532511289 1.37708349075281e-016 0.382683432365084
  outer loop
    vertex 12.8684433016723 58.1310451433405 1.31444999999996
    vertex 12.7809005614315 61.9505910128046 1.1031031292233
    vertex 12.7809005614315 58.0947837530454 1.1031031292233
  endloop
endfacet
facet normal 0.382683432365053 -3.32619543736447e-016 -0.923879532511302
  outer loop
    vertex 13.854144492232 61.9505910128046 0.0298591984228774
    vertex 14.0654913630086 58.6268786851584 0.117401938663675
    vertex 13.854144492232 58.5393359449176 0.0298591984228784
  endloop
endfacet
facet normal 0.382683432365053 -3.32619543736447e-016 -0.923879532511302
  outer loop
    vertex 14.0654913630086 58.6268786851584 0.117401938663675
    vertex 13.854144492232 61.9505910128046 0.0298591984228774
    vertex 14.0654913630086 61.9505910128046 0.117401938663674
  endloop
endfacet
facet normal -0.608761429008651 -2.86303578358503e-016 -0.793353340291289
  outer loop
    vertex 13.0077036906549 61.9505910128046 0.256662327646184
    vertex 13.1891913630086 58.2639033404509 0.117401938663676
    vertex 13.0077036906549 58.1887286851584 0.256662327646186
  endloop
endfacet
facet normal -0.608761429008651 -2.86303578358503e-016 -0.793353340291289
  outer loop
    vertex 13.1891913630086 58.2639033404509 0.117401938663676
    vertex 13.0077036906549 61.9505910128046 0.256662327646184
    vertex 13.1891913630086 61.9505910128046 0.117401938663674
  endloop
endfacet
facet normal 0.923879532511276 1.37899151239965e-016 0.382683432365115
  outer loop
    vertex 14.4737821645857 58.7959982725638 1.10310312922334
    vertex 14.3862394243449 61.9505910128046 1.31444999999999
    vertex 14.3862394243449 58.7597368822688 1.31445
  endloop
endfacet
facet normal 0.923879532511276 1.37899151239965e-016 0.382683432365115
  outer loop
    vertex 14.3862394243449 61.9505910128046 1.31444999999999
    vertex 14.4737821645857 58.7959982725638 1.10310312922334
    vertex 14.4737821645857 61.9505910128046 1.10310312922333
  endloop
endfacet
facet normal -0.60876142900876 2.85689591338162e-016 0.793353340291205
  outer loop
    vertex 13.1891913630086 58.2639033404509 1.63519806133628
    vertex 13.0077036906548 61.9505910128046 1.49593767235374
    vertex 13.0077036906548 58.1887286851584 1.49593767235374
  endloop
endfacet
facet normal -0.60876142900876 2.85689591338162e-016 0.793353340291205
  outer loop
    vertex 13.0077036906548 61.9505910128046 1.49593767235374
    vertex 13.1891913630086 58.2639033404509 1.63519806133628
    vertex 13.1891913630086 61.9505910128046 1.63519806133628
  endloop
endfacet
facet normal -0.991444861373809 -4.65378465056256e-017 -0.13052619222006
  outer loop
    vertex 12.7809005614315 61.9505910128046 0.649496870776621
    vertex 12.7510413630086 58.0824156680971 0.876299999999963
    vertex 12.7510413630086 61.9505910128046 0.876299999999961
  endloop
endfacet
facet normal -0.991444861373809 -4.65378465056256e-017 -0.13052619222006
  outer loop
    vertex 12.7510413630086 58.0824156680971 0.876299999999963
    vertex 12.7809005614315 61.9505910128046 0.649496870776621
    vertex 12.7809005614315 58.0947837530454 0.649496870776622
  endloop
endfacet
facet normal 0.991444861373814 -4.70691601987713e-017 -0.130526192220024
  outer loop
    vertex 14.4737821645857 58.7959982725638 0.649496870776655
    vertex 14.5036413630086 61.9505910128046 0.876299999999994
    vertex 14.5036413630086 58.8083663575122 0.876299999999995
  endloop
endfacet
facet normal 0.991444861373814 -4.70691601987713e-017 -0.130526192220024
  outer loop
    vertex 14.5036413630086 61.9505910128046 0.876299999999994
    vertex 14.4737821645857 58.7959982725638 0.649496870776655
    vertex 14.4737821645857 61.9505910128046 0.649496870776654
  endloop
endfacet
facet normal 0.608761429008651 2.87273648476868e-016 0.793353340291289
  outer loop
    vertex 14.2469790353624 58.7020533404508 1.49593767235377
    vertex 14.0654913630086 61.9505910128046 1.63519806133628
    vertex 14.0654913630086 58.6268786851584 1.63519806133628
  endloop
endfacet
facet normal 0.608761429008651 2.87273648476868e-016 0.793353340291289
  outer loop
    vertex 14.0654913630086 61.9505910128046 1.63519806133628
    vertex 14.2469790353624 58.7020533404508 1.49593767235377
    vertex 14.2469790353624 61.9505910128046 1.49593767235377
  endloop
endfacet
facet normal -0.793353340291236 -2.19697144825432e-016 -0.608761429008719
  outer loop
    vertex 13.0077036906549 61.9505910128046 0.256662327646184
    vertex 12.8684433016723 58.1310451433405 0.438149999999962
    vertex 12.8684433016723 61.9505910128046 0.438149999999961
  endloop
endfacet
facet normal -0.793353340291236 -2.19697144825432e-016 -0.608761429008719
  outer loop
    vertex 12.8684433016723 58.1310451433405 0.438149999999962
    vertex 13.0077036906549 61.9505910128046 0.256662327646184
    vertex 13.0077036906549 58.1887286851584 0.256662327646186
  endloop
endfacet
facet normal 0.991444861373809 4.62557699346747e-017 0.13052619222006
  outer loop
    vertex 14.5036413630086 58.8083663575122 0.876299999999995
    vertex 14.4737821645857 61.9505910128046 1.10310312922333
    vertex 14.4737821645857 58.7959982725638 1.10310312922334
  endloop
endfacet
facet normal 0.991444861373809 4.62557699346747e-017 0.13052619222006
  outer loop
    vertex 14.4737821645857 61.9505910128046 1.10310312922333
    vertex 14.5036413630086 58.8083663575122 0.876299999999995
    vertex 14.5036413630086 61.9505910128046 0.876299999999994
  endloop
endfacet
facet normal 0.793353340291254 -2.20476338334633e-016 -0.608761429008696
  outer loop
    vertex 14.2469790353624 58.7020533404509 0.256662327646219
    vertex 14.3862394243449 61.9505910128046 0.438149999999994
    vertex 14.3862394243449 58.7597368822688 0.438149999999995
  endloop
endfacet
facet normal 0.793353340291254 -2.20476338334633e-016 -0.608761429008696
  outer loop
    vertex 14.3862394243449 61.9505910128046 0.438149999999994
    vertex 14.2469790353624 58.7020533404509 0.256662327646219
    vertex 14.2469790353624 61.9505910128046 0.256662327646218
  endloop
endfacet
facet normal 0.60876142900876 -2.86541368346653e-016 -0.793353340291205
  outer loop
    vertex 14.0654913630086 61.9505910128046 0.117401938663674
    vertex 14.2469790353624 58.7020533404509 0.256662327646219
    vertex 14.0654913630086 58.6268786851584 0.117401938663675
  endloop
endfacet
facet normal 0.60876142900876 -2.86541368346653e-016 -0.793353340291205
  outer loop
    vertex 14.2469790353624 58.7020533404509 0.256662327646219
    vertex 14.0654913630086 61.9505910128046 0.117401938663674
    vertex 14.2469790353624 61.9505910128046 0.256662327646218
  endloop
endfacet
facet normal 0.130526192220095 -3.57694898955733e-016 -0.991444861373805
  outer loop
    vertex 13.6273413630086 61.9505910128046 -2.22072360500647e-014
    vertex 13.854144492232 58.5393359449176 0.0298591984228784
    vertex 13.6273413630086 58.4453910128046 -2.11497486191092e-014
  endloop
endfacet
facet normal 0.130526192220095 -3.57694898955733e-016 -0.991444861373805
  outer loop
    vertex 13.854144492232 58.5393359449176 0.0298591984228784
    vertex 13.6273413630086 61.9505910128046 -2.22072360500647e-014
    vertex 13.854144492232 61.9505910128046 0.0298591984228774
  endloop
endfacet
facet normal -0.130526192220095 3.5756201433623e-016 0.991444861373805
  outer loop
    vertex 13.6273413630086 58.4453910128046 1.75259999999998
    vertex 13.4005382337853 61.9505910128046 1.72274080157708
    vertex 13.4005382337853 58.3514460806917 1.72274080157708
  endloop
endfacet
facet normal -0.130526192220095 3.5756201433623e-016 0.991444861373805
  outer loop
    vertex 13.4005382337853 61.9505910128046 1.72274080157708
    vertex 13.6273413630086 58.4453910128046 1.75259999999998
    vertex 13.6273413630086 61.9505910128046 1.75259999999998
  endloop
endfacet
facet normal 0.0 1.0 -3.60822483003176e-016
  outer loop
    vertex 12.7809005614315 61.9505910128046 1.1031031292233
    vertex 12.7809005614315 61.9505910128046 0.649496870776621
    vertex 12.7510413630086 61.9505910128046 0.876299999999961
  endloop
endfacet
facet normal 0.0 1.0 -3.60822483003176e-016
  outer loop
    vertex 12.7809005614315 61.9505910128046 0.649496870776621
    vertex 12.7809005614315 61.9505910128046 1.1031031292233
    vertex 12.8684433016723 61.9505910128046 1.31444999999996
  endloop
endfacet
facet normal 0.0 1.0 -3.60822483003176e-016
  outer loop
    vertex 12.7809005614315 61.9505910128046 0.649496870776621
    vertex 12.8684433016723 61.9505910128046 1.31444999999996
    vertex 12.8684433016723 61.9505910128046 0.438149999999961
  endloop
endfacet
facet normal 0.0 1.0 -3.60822483003176e-016
  outer loop
    vertex 12.8684433016723 61.9505910128046 0.438149999999961
    vertex 12.8684433016723 61.9505910128046 1.31444999999996
    vertex 13.0077036906548 61.9505910128046 1.49593767235374
  endloop
endfacet
facet normal 0.0 1.0 -3.60822483003176e-016
  outer loop
    vertex 12.8684433016723 61.9505910128046 0.438149999999961
    vertex 13.0077036906548 61.9505910128046 1.49593767235374
    vertex 13.0077036906549 61.9505910128046 0.256662327646184
  endloop
endfacet
facet normal 0.0 1.0 -3.60822483003176e-016
  outer loop
    vertex 13.0077036906549 61.9505910128046 0.256662327646184
    vertex 13.0077036906548 61.9505910128046 1.49593767235374
    vertex 13.1891913630086 61.9505910128046 1.63519806133628
  endloop
endfacet
facet normal 0.0 1.0 -3.60822483003176e-016
  outer loop
    vertex 13.0077036906549 61.9505910128046 0.256662327646184
    vertex 13.1891913630086 61.9505910128046 1.63519806133628
    vertex 13.1891913630086 61.9505910128046 0.117401938663674
  endloop
endfacet
facet normal 0.0 1.0 -3.60822483003176e-016
  outer loop
    vertex 13.1891913630086 61.9505910128046 0.117401938663674
    vertex 13.1891913630086 61.9505910128046 1.63519806133628
    vertex 13.4005382337853 61.9505910128046 1.72274080157708
  endloop
endfacet
facet normal 0.0 1.0 -3.60822483003176e-016
  outer loop
    vertex 13.1891913630086 61.9505910128046 0.117401938663674
    vertex 13.4005382337853 61.9505910128046 1.72274080157708
    vertex 13.4005382337853 61.9505910128046 0.0298591984228608
  endloop
endfacet
facet normal 0.0 1.0 -3.60822483003176e-016
  outer loop
    vertex 13.4005382337853 61.9505910128046 0.0298591984228608
    vertex 13.4005382337853 61.9505910128046 1.72274080157708
    vertex 13.6273413630086 61.9505910128046 1.75259999999998
  endloop
endfacet
facet normal 0.0 1.0 -3.60822483003176e-016
  outer loop
    vertex 13.4005382337853 61.9505910128046 0.0298591984228608
    vertex 13.6273413630086 61.9505910128046 1.75259999999998
    vertex 13.6273413630086 61.9505910128046 -2.22072360500647e-014
  endloop
endfacet
facet normal 0.0 1.0 -3.60822483003176e-016
  outer loop
    vertex 13.6273413630086 61.9505910128046 -2.22072360500647e-014
    vertex 13.6273413630086 61.9505910128046 1.75259999999998
    vertex 13.8541444922319 61.9505910128046 1.72274080157709
  endloop
endfacet
facet normal 0.0 1.0 -3.60822483003176e-016
  outer loop
    vertex 13.6273413630086 61.9505910128046 -2.22072360500647e-014
    vertex 13.8541444922319 61.9505910128046 1.72274080157709
    vertex 13.854144492232 61.9505910128046 0.0298591984228774
  endloop
endfacet
facet normal 0.0 1.0 -3.60822483003176e-016
  outer loop
    vertex 13.854144492232 61.9505910128046 0.0298591984228774
    vertex 13.8541444922319 61.9505910128046 1.72274080157709
    vertex 14.0654913630086 61.9505910128046 1.63519806133628
  endloop
endfacet
facet normal 0.0 1.0 -3.60822483003176e-016
  outer loop
    vertex 13.854144492232 61.9505910128046 0.0298591984228774
    vertex 14.0654913630086 61.9505910128046 1.63519806133628
    vertex 14.0654913630086 61.9505910128046 0.117401938663674
  endloop
endfacet
facet normal 0.0 1.0 -3.60822483003176e-016
  outer loop
    vertex 14.0654913630086 61.9505910128046 0.117401938663674
    vertex 14.0654913630086 61.9505910128046 1.63519806133628
    vertex 14.2469790353624 61.9505910128046 1.49593767235377
  endloop
endfacet
facet normal 0.0 1.0 -3.60822483003176e-016
  outer loop
    vertex 14.0654913630086 61.9505910128046 0.117401938663674
    vertex 14.2469790353624 61.9505910128046 1.49593767235377
    vertex 14.2469790353624 61.9505910128046 0.256662327646218
  endloop
endfacet
facet normal 0.0 1.0 -3.60822483003176e-016
  outer loop
    vertex 14.2469790353624 61.9505910128046 0.256662327646218
    vertex 14.2469790353624 61.9505910128046 1.49593767235377
    vertex 14.3862394243449 61.9505910128046 1.31444999999999
  endloop
endfacet
facet normal 0.0 1.0 -3.60822483003176e-016
  outer loop
    vertex 14.2469790353624 61.9505910128046 0.256662327646218
    vertex 14.3862394243449 61.9505910128046 1.31444999999999
    vertex 14.3862394243449 61.9505910128046 0.438149999999994
  endloop
endfacet
facet normal 0.0 1.0 -3.60822483003176e-016
  outer loop
    vertex 14.3862394243449 61.9505910128046 0.438149999999994
    vertex 14.3862394243449 61.9505910128046 1.31444999999999
    vertex 14.4737821645857 61.9505910128046 1.10310312922333
  endloop
endfacet
facet normal 0.0 1.0 -3.60822483003176e-016
  outer loop
    vertex 14.3862394243449 61.9505910128046 0.438149999999994
    vertex 14.4737821645857 61.9505910128046 1.10310312922333
    vertex 14.4737821645857 61.9505910128046 0.649496870776654
  endloop
endfacet
facet normal 0.0 1.0 -3.60822483003176e-016
  outer loop
    vertex 14.4737821645857 61.9505910128046 0.649496870776654
    vertex 14.4737821645857 61.9505910128046 1.10310312922333
    vertex 14.5036413630086 61.9505910128046 0.876299999999994
  endloop
endfacet
facet normal 0.382683432365115 3.33448627314044e-016 0.923879532511276
  outer loop
    vertex 14.0654913630086 58.6268786851584 1.63519806133628
    vertex 13.8541444922319 61.9505910128046 1.72274080157709
    vertex 13.8541444922319 58.5393359449176 1.7227408015771
  endloop
endfacet
facet normal 0.382683432365115 3.33448627314044e-016 0.923879532511276
  outer loop
    vertex 13.8541444922319 61.9505910128046 1.72274080157709
    vertex 14.0654913630086 58.6268786851584 1.63519806133628
    vertex 14.0654913630086 61.9505910128046 1.63519806133628
  endloop
endfacet
facet normal -0.382683432365115 -3.33435225830758e-016 -0.923879532511276
  outer loop
    vertex 13.1891913630086 61.9505910128046 0.117401938663674
    vertex 13.4005382337853 58.3514460806917 0.0298591984228619
    vertex 13.1891913630086 58.2639033404509 0.117401938663676
  endloop
endfacet
facet normal -0.382683432365115 -3.33435225830758e-016 -0.923879532511276
  outer loop
    vertex 13.4005382337853 58.3514460806917 0.0298591984228619
    vertex 13.1891913630086 61.9505910128046 0.117401938663674
    vertex 13.4005382337853 61.9505910128046 0.0298591984228608
  endloop
endfacet
facet normal 0.130526192220024 3.5816292234362e-016 0.991444861373814
  outer loop
    vertex 13.8541444922319 58.5393359449176 1.7227408015771
    vertex 13.6273413630086 61.9505910128046 1.75259999999998
    vertex 13.6273413630086 58.4453910128046 1.75259999999998
  endloop
endfacet
facet normal 0.130526192220024 3.5816292234362e-016 0.991444861373814
  outer loop
    vertex 13.6273413630086 61.9505910128046 1.75259999999998
    vertex 13.8541444922319 58.5393359449176 1.7227408015771
    vertex 13.8541444922319 61.9505910128046 1.72274080157709
  endloop
endfacet
facet normal -0.991444861373814 4.72885373183322e-017 0.130526192220024
  outer loop
    vertex 12.7510413630086 61.9505910128046 0.876299999999961
    vertex 12.7809005614315 58.0947837530454 1.1031031292233
    vertex 12.7809005614315 61.9505910128046 1.1031031292233
  endloop
endfacet
facet normal -0.991444861373814 4.72885373183322e-017 0.130526192220024
  outer loop
    vertex 12.7809005614315 58.0947837530454 1.1031031292233
    vertex 12.7510413630086 61.9505910128046 0.876299999999961
    vertex 12.7510413630086 58.0824156680971 0.876299999999963
  endloop
endfacet
facet normal -0.793353340291254 2.20247492726694e-016 0.608761429008696
  outer loop
    vertex 12.8684433016723 61.9505910128046 1.31444999999996
    vertex 13.0077036906548 58.1887286851584 1.49593767235374
    vertex 13.0077036906548 61.9505910128046 1.49593767235374
  endloop
endfacet
facet normal -0.793353340291254 2.20247492726694e-016 0.608761429008696
  outer loop
    vertex 13.0077036906548 58.1887286851584 1.49593767235374
    vertex 12.8684433016723 61.9505910128046 1.31444999999996
    vertex 12.8684433016723 58.1310451433405 1.31444999999996
  endloop
endfacet
facet normal 0.923879532511289 -1.36549862444227e-016 -0.382683432365084
  outer loop
    vertex 14.3862394243449 58.7597368822688 0.438149999999995
    vertex 14.4737821645857 61.9505910128046 0.649496870776654
    vertex 14.4737821645857 58.7959982725638 0.649496870776655
  endloop
endfacet
facet normal 0.923879532511289 -1.36549862444227e-016 -0.382683432365084
  outer loop
    vertex 14.4737821645857 61.9505910128046 0.649496870776654
    vertex 14.3862394243449 58.7597368822688 0.438149999999995
    vertex 14.3862394243449 61.9505910128046 0.438149999999994
  endloop
endfacet
facet normal -0.923879532511276 -1.38453223465026e-016 -0.382683432365115
  outer loop
    vertex 12.8684433016723 61.9505910128046 0.438149999999961
    vertex 12.7809005614315 58.0947837530454 0.649496870776622
    vertex 12.7809005614315 61.9505910128046 0.649496870776621
  endloop
endfacet
facet normal -0.923879532511276 -1.38453223465026e-016 -0.382683432365115
  outer loop
    vertex 12.7809005614315 58.0947837530454 0.649496870776622
    vertex 12.8684433016723 61.9505910128046 0.438149999999961
    vertex 12.8684433016723 58.1310451433405 0.438149999999962
  endloop
endfacet
facet normal -0.270598050073114 -0.270598050073114 -0.923879532511278
  outer loop
    vertex 13.1891913630086 58.2639033404509 0.117401938663676
    vertex 15.5980039511918 56.1539803632852 0.0298591984228629
    vertex 15.3866570804151 56.0664376230444 0.117401938663676
  endloop
endfacet
facet normal -0.270598050073114 -0.270598050073114 -0.923879532511278
  outer loop
    vertex 15.5980039511918 56.1539803632852 0.0298591984228629
    vertex 13.1891913630086 58.2639033404509 0.117401938663676
    vertex 13.4005382337853 58.3514460806917 0.0298591984228619
  endloop
endfacet
facet normal -0.092295955641287 -0.0922959556412865 0.991444861373805
  outer loop
    vertex 15.8248070804151 56.2479252953982 1.75259999999998
    vertex 13.4005382337853 58.3514460806917 1.72274080157708
    vertex 15.5980039511917 56.1539803632852 1.72274080157708
  endloop
endfacet
facet normal -0.092295955641287 -0.0922959556412865 0.991444861373805
  outer loop
    vertex 13.4005382337853 58.3514460806917 1.72274080157708
    vertex 15.8248070804151 56.2479252953982 1.75259999999998
    vertex 13.6273413630086 58.4453910128046 1.75259999999998
  endloop
endfacet
facet normal -0.701057384649982 -0.70105738464998 0.130526192220018
  outer loop
    vertex 12.7510413630086 58.0824156680971 0.876299999999963
    vertex 14.978366278838 55.897318035639 1.1031031292233
    vertex 12.7809005614315 58.0947837530454 1.1031031292233
  endloop
endfacet
facet normal -0.701057384649982 -0.70105738464998 0.130526192220018
  outer loop
    vertex 14.978366278838 55.897318035639 1.1031031292233
    vertex 12.7510413630086 58.0824156680971 0.876299999999963
    vertex 14.9485070804151 55.8849499506906 0.876299999999963
  endloop
endfacet
facet normal 0.27059805007312 0.27059805007312 0.923879532511274
  outer loop
    vertex 16.2629570804151 56.4294129677519 1.63519806133628
    vertex 13.8541444922319 58.5393359449176 1.7227408015771
    vertex 16.0516102096384 56.3418702275111 1.7227408015771
  endloop
endfacet
facet normal 0.27059805007312 0.27059805007312 0.923879532511274
  outer loop
    vertex 13.8541444922319 58.5393359449176 1.7227408015771
    vertex 16.2629570804151 56.4294129677519 1.63519806133628
    vertex 14.0654913630086 58.6268786851584 1.63519806133628
  endloop
endfacet
facet normal -0.701057384649979 -0.701057384649978 -0.130526192220043
  outer loop
    vertex 12.7809005614315 58.0947837530454 0.649496870776622
    vertex 14.9485070804151 55.8849499506906 0.876299999999963
    vertex 12.7510413630086 58.0824156680971 0.876299999999963
  endloop
endfacet
facet normal -0.701057384649979 -0.701057384649978 -0.130526192220043
  outer loop
    vertex 14.9485070804151 55.8849499506906 0.876299999999963
    vertex 12.7809005614315 58.0947837530454 0.649496870776622
    vertex 14.978366278838 55.897318035639 0.649496870776623
  endloop
endfacet
facet normal 0.270598050073074 0.270598050073074 -0.923879532511301
  outer loop
    vertex 13.854144492232 58.5393359449176 0.0298591984228784
    vertex 16.2629570804151 56.4294129677519 0.117401938663676
    vertex 16.0516102096384 56.3418702275111 0.0298591984228795
  endloop
endfacet
facet normal 0.270598050073074 0.270598050073074 -0.923879532511301
  outer loop
    vertex 16.2629570804151 56.4294129677519 0.117401938663676
    vertex 13.854144492232 58.5393359449176 0.0298591984228784
    vertex 14.0654913630086 58.6268786851584 0.117401938663675
  endloop
endfacet
facet normal -0.130526192220024 -3.57769703912279e-016 -0.991444861373814
  outer loop
    vertex 15.5980039511918 9.31349022617162 0.0298591984228798
    vertex 15.8248070804151 56.2479252953982 -2.00922611881538e-014
    vertex 15.8248070804151 9.21954529405866 -3.17246229286638e-015
  endloop
endfacet
facet normal -0.130526192220024 -3.57769703912279e-016 -0.991444861373814
  outer loop
    vertex 15.8248070804151 56.2479252953982 -2.00922611881538e-014
    vertex 15.5980039511918 9.31349022617162 0.0298591984228798
    vertex 15.5980039511918 56.1539803632852 0.0298591984228629
  endloop
endfacet
facet normal 0.653281482438177 0.653281482438178 0.382683432365126
  outer loop
    vertex 16.5837051417514 56.5622711648623 1.31445
    vertex 14.4737821645857 58.7959982725638 1.10310312922334
    vertex 14.3862394243449 58.7597368822688 1.31445
  endloop
endfacet
facet normal 0.653281482438177 0.653281482438178 0.382683432365126
  outer loop
    vertex 14.4737821645857 58.7959982725638 1.10310312922334
    vertex 16.5837051417514 56.5622711648623 1.31445
    vertex 16.6712478819922 56.5985325551574 1.10310312922334
  endloop
endfacet
facet normal -0.430459334576828 -0.430459334576828 -0.793353340291291
  outer loop
    vertex 13.0077036906549 58.1887286851584 0.256662327646186
    vertex 15.3866570804151 56.0664376230444 0.117401938663676
    vertex 15.2051694080613 55.9912629677519 0.256662327646187
  endloop
endfacet
facet normal -0.430459334576828 -0.430459334576828 -0.793353340291291
  outer loop
    vertex 15.3866570804151 56.0664376230444 0.117401938663676
    vertex 13.0077036906549 58.1887286851584 0.256662327646186
    vertex 13.1891913630086 58.2639033404509 0.117401938663676
  endloop
endfacet
facet normal 0.430459334576904 0.430459334576905 -0.793353340291208
  outer loop
    vertex 14.0654913630086 58.6268786851584 0.117401938663675
    vertex 16.4444447527689 56.5045876230444 0.25666232764622
    vertex 16.2629570804151 56.4294129677519 0.117401938663676
  endloop
endfacet
facet normal 0.430459334576904 0.430459334576905 -0.793353340291208
  outer loop
    vertex 16.4444447527689 56.5045876230444 0.25666232764622
    vertex 14.0654913630086 58.6268786851584 0.117401938663675
    vertex 14.2469790353624 58.7020533404509 0.256662327646219
  endloop
endfacet
facet normal -0.560985526796948 -0.560985526796948 0.60876142900869
  outer loop
    vertex 15.2051694080613 55.9912629677519 1.49593767235374
    vertex 12.8684433016723 58.1310451433405 1.31444999999996
    vertex 15.0659090190788 55.933579425934 1.31444999999996
  endloop
endfacet
facet normal -0.560985526796948 -0.560985526796948 0.60876142900869
  outer loop
    vertex 12.8684433016723 58.1310451433405 1.31444999999996
    vertex 15.2051694080613 55.9912629677519 1.49593767235374
    vertex 13.0077036906548 58.1887286851584 1.49593767235374
  endloop
endfacet
facet normal 0.0922959556412385 0.0922959556412389 0.991444861373814
  outer loop
    vertex 16.0516102096384 56.3418702275111 1.7227408015771
    vertex 13.6273413630086 58.4453910128046 1.75259999999998
    vertex 15.8248070804151 56.2479252953982 1.75259999999998
  endloop
endfacet
facet normal 0.0922959556412385 0.0922959556412389 0.991444861373814
  outer loop
    vertex 13.6273413630086 58.4453910128046 1.75259999999998
    vertex 16.0516102096384 56.3418702275111 1.7227408015771
    vertex 13.8541444922319 58.5393359449176 1.7227408015771
  endloop
endfacet
facet normal 0.130526192220091 -3.57698159334333e-016 -0.991444861373805
  outer loop
    vertex 15.8248070804151 9.21954529405866 -3.17246229286638e-015
    vertex 16.0516102096384 56.3418702275111 0.0298591984228795
    vertex 16.0516102096384 9.12560036194568 0.0298591984228964
  endloop
endfacet
facet normal 0.130526192220091 -3.57698159334333e-016 -0.991444861373805
  outer loop
    vertex 16.0516102096384 56.3418702275111 0.0298591984228795
    vertex 15.8248070804151 9.21954529405866 -3.17246229286638e-015
    vertex 15.8248070804151 56.2479252953982 -2.00922611881538e-014
  endloop
endfacet
facet normal -0.653281482438191 -0.653281482438189 0.382683432365083
  outer loop
    vertex 12.7809005614315 58.0947837530454 1.1031031292233
    vertex 15.0659090190788 55.933579425934 1.31444999999996
    vertex 12.8684433016723 58.1310451433405 1.31444999999996
  endloop
endfacet
facet normal -0.653281482438191 -0.653281482438189 0.382683432365083
  outer loop
    vertex 15.0659090190788 55.933579425934 1.31444999999996
    vertex 12.7809005614315 58.0947837530454 1.1031031292233
    vertex 14.978366278838 55.897318035639 1.1031031292233
  endloop
endfacet
facet normal 0.60876142900876 -2.86341624121078e-016 -0.793353340291205
  outer loop
    vertex 16.2629570804151 9.03805762170489 0.117401938663693
    vertex 16.4444447527689 56.5045876230444 0.25666232764622
    vertex 16.4444447527689 8.96288296641243 0.256662327646237
  endloop
endfacet
facet normal 0.60876142900876 -2.86341624121078e-016 -0.793353340291205
  outer loop
    vertex 16.4444447527689 56.5045876230444 0.25666232764622
    vertex 16.2629570804151 9.03805762170489 0.117401938663693
    vertex 16.2629570804151 56.4294129677519 0.117401938663676
  endloop
endfacet
facet normal 0.793353340291254 -2.19630114030691e-016 -0.608761429008696
  outer loop
    vertex 16.4444447527689 8.96288296641243 0.256662327646237
    vertex 16.5837051417514 56.5622711648623 0.438149999999996
    vertex 16.5837051417514 8.90519942459451 0.438150000000013
  endloop
endfacet
facet normal 0.793353340291254 -2.19630114030691e-016 -0.608761429008696
  outer loop
    vertex 16.5837051417514 56.5622711648623 0.438149999999996
    vertex 16.4444447527689 8.96288296641243 0.256662327646237
    vertex 16.4444447527689 56.5045876230444 0.25666232764622
  endloop
endfacet
facet normal 0.923879532511276 -1.38161657133791e-016 -0.382683432365115
  outer loop
    vertex 16.5837051417514 8.90519942459451 0.438150000000013
    vertex 16.6712478819922 56.5985325551574 0.649496870776656
    vertex 16.6712478819922 8.86893803429946 0.649496870776673
  endloop
endfacet
facet normal 0.923879532511276 -1.38161657133791e-016 -0.382683432365115
  outer loop
    vertex 16.6712478819922 56.5985325551574 0.649496870776656
    vertex 16.5837051417514 8.90519942459451 0.438150000000013
    vertex 16.5837051417514 56.5622711648623 0.438149999999996
  endloop
endfacet
facet normal 0.701057384649982 0.701057384649982 -0.130526192220006
  outer loop
    vertex 16.6712478819922 56.5985325551574 0.649496870776656
    vertex 14.5036413630086 58.8083663575122 0.876299999999995
    vertex 16.7011070804151 56.6109006401057 0.876299999999996
  endloop
endfacet
facet normal 0.701057384649982 0.701057384649982 -0.130526192220006
  outer loop
    vertex 14.5036413630086 58.8083663575122 0.876299999999995
    vertex 16.6712478819922 56.5985325551574 0.649496870776656
    vertex 14.4737821645857 58.7959982725638 0.649496870776655
  endloop
endfacet
facet normal 0.382683432365066 -3.33313560837951e-016 -0.923879532511297
  outer loop
    vertex 16.0516102096384 9.12560036194568 0.0298591984228964
    vertex 16.2629570804151 56.4294129677519 0.117401938663676
    vertex 16.2629570804151 9.03805762170489 0.117401938663693
  endloop
endfacet
facet normal 0.382683432365066 -3.33313560837951e-016 -0.923879532511297
  outer loop
    vertex 16.2629570804151 56.4294129677519 0.117401938663676
    vertex 16.0516102096384 9.12560036194568 0.0298591984228964
    vertex 16.0516102096384 56.3418702275111 0.0298591984228795
  endloop
endfacet
facet normal 0.653281482438187 0.653281482438187 -0.382683432365094
  outer loop
    vertex 16.5837051417514 56.5622711648623 0.438149999999996
    vertex 14.4737821645857 58.7959982725638 0.649496870776655
    vertex 16.6712478819922 56.5985325551574 0.649496870776656
  endloop
endfacet
facet normal 0.653281482438187 0.653281482438187 -0.382683432365094
  outer loop
    vertex 14.4737821645857 58.7959982725638 0.649496870776655
    vertex 16.5837051417514 56.5622711648623 0.438149999999996
    vertex 14.3862394243449 58.7597368822688 0.438149999999995
  endloop
endfacet
facet normal 0.991444861373819 -4.71106349851538e-017 -0.130526192219988
  outer loop
    vertex 16.6712478819922 8.86893803429946 0.649496870776673
    vertex 16.7011070804151 56.6109006401057 0.876299999999996
    vertex 16.7011070804151 8.85656994935112 0.876300000000013
  endloop
endfacet
facet normal 0.991444861373819 -4.71106349851538e-017 -0.130526192219988
  outer loop
    vertex 16.7011070804151 56.6109006401057 0.876299999999996
    vertex 16.6712478819922 8.86893803429946 0.649496870776673
    vertex 16.6712478819922 56.5985325551574 0.649496870776656
  endloop
endfacet
facet normal -0.430459334576911 -0.430459334576911 0.793353340291201
  outer loop
    vertex 15.3866570804151 56.0664376230444 1.63519806133628
    vertex 13.0077036906548 58.1887286851584 1.49593767235374
    vertex 15.2051694080613 55.9912629677519 1.49593767235374
  endloop
endfacet
facet normal -0.430459334576911 -0.430459334576911 0.793353340291201
  outer loop
    vertex 13.0077036906548 58.1887286851584 1.49593767235374
    vertex 15.3866570804151 56.0664376230444 1.63519806133628
    vertex 13.1891913630086 58.2639033404509 1.63519806133628
  endloop
endfacet
facet normal -0.653281482438182 -0.65328148243818 -0.382683432365116
  outer loop
    vertex 12.8684433016723 58.1310451433405 0.438149999999962
    vertex 14.978366278838 55.897318035639 0.649496870776623
    vertex 12.7809005614315 58.0947837530454 0.649496870776622
  endloop
endfacet
facet normal -0.653281482438182 -0.65328148243818 -0.382683432365116
  outer loop
    vertex 14.978366278838 55.897318035639 0.649496870776623
    vertex 12.8684433016723 58.1310451433405 0.438149999999962
    vertex 15.0659090190788 55.933579425934 0.438149999999963
  endloop
endfacet
facet normal 0.560985526796948 0.560985526796948 -0.60876142900869
  outer loop
    vertex 14.2469790353624 58.7020533404509 0.256662327646219
    vertex 16.5837051417514 56.5622711648623 0.438149999999996
    vertex 16.4444447527689 56.5045876230444 0.25666232764622
  endloop
endfacet
facet normal 0.560985526796948 0.560985526796948 -0.60876142900869
  outer loop
    vertex 16.5837051417514 56.5622711648623 0.438149999999996
    vertex 14.2469790353624 58.7020533404509 0.256662327646219
    vertex 14.3862394243449 58.7597368822688 0.438149999999995
  endloop
endfacet
facet normal 0.0922959556412853 0.0922959556412849 -0.991444861373805
  outer loop
    vertex 13.6273413630086 58.4453910128046 -2.11497486191092e-014
    vertex 16.0516102096384 56.3418702275111 0.0298591984228795
    vertex 15.8248070804151 56.2479252953982 -2.00922611881538e-014
  endloop
endfacet
facet normal 0.0922959556412853 0.0922959556412849 -0.991444861373805
  outer loop
    vertex 16.0516102096384 56.3418702275111 0.0298591984228795
    vertex 13.6273413630086 58.4453910128046 -2.11497486191092e-014
    vertex 13.854144492232 58.5393359449176 0.0298591984228784
  endloop
endfacet
facet normal 0.701057384649978 0.701057384649979 0.130526192220043
  outer loop
    vertex 16.6712478819922 56.5985325551574 1.10310312922334
    vertex 14.5036413630086 58.8083663575122 0.876299999999995
    vertex 14.4737821645857 58.7959982725638 1.10310312922334
  endloop
endfacet
facet normal 0.701057384649978 0.701057384649979 0.130526192220043
  outer loop
    vertex 14.5036413630086 58.8083663575122 0.876299999999995
    vertex 16.6712478819922 56.5985325551574 1.10310312922334
    vertex 16.7011070804151 56.6109006401057 0.876299999999996
  endloop
endfacet
facet normal 0.560985526796928 0.560985526796928 0.608761429008726
  outer loop
    vertex 16.5837051417514 56.5622711648623 1.31445
    vertex 14.2469790353624 58.7020533404508 1.49593767235377
    vertex 16.4444447527688 56.5045876230444 1.49593767235377
  endloop
endfacet
facet normal 0.560985526796928 0.560985526796928 0.608761429008726
  outer loop
    vertex 14.2469790353624 58.7020533404508 1.49593767235377
    vertex 16.5837051417514 56.5622711648623 1.31445
    vertex 14.3862394243449 58.7597368822688 1.31445
  endloop
endfacet
facet normal -0.0922959556412394 -0.0922959556412398 -0.991444861373814
  outer loop
    vertex 13.4005382337853 58.3514460806917 0.0298591984228619
    vertex 15.8248070804151 56.2479252953982 -2.00922611881538e-014
    vertex 15.5980039511918 56.1539803632852 0.0298591984228629
  endloop
endfacet
facet normal -0.0922959556412394 -0.0922959556412398 -0.991444861373814
  outer loop
    vertex 15.8248070804151 56.2479252953982 -2.00922611881538e-014
    vertex 13.4005382337853 58.3514460806917 0.0298591984228619
    vertex 13.6273413630086 58.4453910128046 -2.11497486191092e-014
  endloop
endfacet
facet normal 0.430459334576838 0.430459334576839 0.793353340291279
  outer loop
    vertex 16.4444447527688 56.5045876230444 1.49593767235377
    vertex 14.0654913630086 58.6268786851584 1.63519806133628
    vertex 16.2629570804151 56.4294129677519 1.63519806133628
  endloop
endfacet
facet normal 0.430459334576838 0.430459334576839 0.793353340291279
  outer loop
    vertex 14.0654913630086 58.6268786851584 1.63519806133628
    vertex 16.4444447527688 56.5045876230444 1.49593767235377
    vertex 14.2469790353624 58.7020533404508 1.49593767235377
  endloop
endfacet
facet normal -0.560985526796939 -0.560985526796938 -0.608761429008706
  outer loop
    vertex 12.8684433016723 58.1310451433405 0.438149999999962
    vertex 15.2051694080613 55.9912629677519 0.256662327646187
    vertex 15.0659090190788 55.933579425934 0.438149999999963
  endloop
endfacet
facet normal -0.560985526796939 -0.560985526796938 -0.608761429008706
  outer loop
    vertex 15.2051694080613 55.9912629677519 0.256662327646187
    vertex 12.8684433016723 58.1310451433405 0.438149999999962
    vertex 13.0077036906549 58.1887286851584 0.256662327646186
  endloop
endfacet
facet normal -0.382683432365115 -3.3340957623011e-016 -0.923879532511276
  outer loop
    vertex 15.3866570804151 9.40103296641242 0.117401938663693
    vertex 15.5980039511918 56.1539803632852 0.0298591984228629
    vertex 15.5980039511918 9.31349022617162 0.0298591984228798
  endloop
endfacet
facet normal -0.382683432365115 -3.3340957623011e-016 -0.923879532511276
  outer loop
    vertex 15.5980039511918 56.1539803632852 0.0298591984228629
    vertex 15.3866570804151 9.40103296641242 0.117401938663693
    vertex 15.3866570804151 56.0664376230444 0.117401938663676
  endloop
endfacet
facet normal -0.270598050073069 -0.270598050073068 0.923879532511304
  outer loop
    vertex 15.5980039511917 56.1539803632852 1.72274080157708
    vertex 13.1891913630086 58.2639033404509 1.63519806133628
    vertex 15.3866570804151 56.0664376230444 1.63519806133628
  endloop
endfacet
facet normal -0.270598050073069 -0.270598050073068 0.923879532511304
  outer loop
    vertex 13.1891913630086 58.2639033404509 1.63519806133628
    vertex 15.5980039511917 56.1539803632852 1.72274080157708
    vertex 13.4005382337853 58.3514460806917 1.72274080157708
  endloop
endfacet
facet normal 0.653281482438175 -0.653281482438172 0.382683432365141
  outer loop
    vertex 22.0299260774922 7.55448803429947 1.10310312922335
    vertex 23.2568333372514 8.90519942459452 1.31445000000001
    vertex 21.9423833372514 7.59074942459453 1.31445000000001
  endloop
endfacet
facet normal 0.653281482438175 -0.653281482438172 0.382683432365141
  outer loop
    vertex 23.2568333372514 8.90519942459452 1.31445000000001
    vertex 22.0299260774922 7.55448803429947 1.10310312922335
    vertex 23.3443760774922 8.86893803429947 1.10310312922335
  endloop
endfacet
facet normal 0.560985526796908 -0.560985526796906 0.608761429008765
  outer loop
    vertex 23.2568333372514 8.90519942459452 1.31445000000001
    vertex 21.8031229482688 7.64843296641245 1.49593767235379
    vertex 21.9423833372514 7.59074942459453 1.31445000000001
  endloop
endfacet
facet normal 0.560985526796908 -0.560985526796906 0.608761429008765
  outer loop
    vertex 21.8031229482688 7.64843296641245 1.49593767235379
    vertex 23.2568333372514 8.90519942459452 1.31445000000001
    vertex 23.1175729482688 8.96288296641244 1.49593767235379
  endloop
endfacet
facet normal -0.130526192220095 3.57755373059383e-016 0.991444861373805
  outer loop
    vertex 22.4979352759151 56.2479252953982 1.75259999999998
    vertex 22.2711321466917 9.31349022617163 1.7227408015771
    vertex 22.4979352759151 9.21954529405867 1.7526
  endloop
endfacet
facet normal -0.130526192220095 3.57755373059383e-016 0.991444861373805
  outer loop
    vertex 22.2711321466917 9.31349022617163 1.7227408015771
    vertex 22.4979352759151 56.2479252953982 1.75259999999998
    vertex 22.2711321466917 56.1539803632852 1.72274080157708
  endloop
endfacet
facet normal -0.923879532511289 1.38091962774171e-016 0.382683432365084
  outer loop
    vertex 21.651494474338 55.897318035639 1.1031031292233
    vertex 21.7390372145788 9.53389116352281 1.31444999999998
    vertex 21.7390372145788 55.933579425934 1.31444999999996
  endloop
endfacet
facet normal -0.923879532511289 1.38091962774171e-016 0.382683432365084
  outer loop
    vertex 21.7390372145788 9.53389116352281 1.31444999999998
    vertex 21.651494474338 55.897318035639 1.1031031292233
    vertex 21.651494474338 9.57015255381786 1.10310312922332
  endloop
endfacet
facet normal -0.793353340291254 -2.19722106424868e-016 -0.608761429008696
  outer loop
    vertex 21.8782976035613 55.9912629677519 0.256662327646187
    vertex 21.7390372145788 9.5338911635228 0.43814999999998
    vertex 21.7390372145788 55.933579425934 0.438149999999963
  endloop
endfacet
facet normal -0.793353340291254 -2.19722106424868e-016 -0.608761429008696
  outer loop
    vertex 21.7390372145788 9.5338911635228 0.43814999999998
    vertex 21.8782976035613 55.9912629677519 0.256662327646187
    vertex 21.8782976035613 9.47620762170489 0.256662327646203
  endloop
endfacet
facet normal 0.430459334576875 -0.430459334576874 0.79335334029124
  outer loop
    vertex 23.1175729482688 8.96288296641244 1.49593767235379
    vertex 21.6216352759151 7.7236076217049 1.6351980613363
    vertex 21.8031229482688 7.64843296641245 1.49593767235379
  endloop
endfacet
facet normal 0.430459334576875 -0.430459334576874 0.79335334029124
  outer loop
    vertex 21.6216352759151 7.7236076217049 1.6351980613363
    vertex 23.1175729482688 8.96288296641244 1.49593767235379
    vertex 22.9360852759151 9.0380576217049 1.6351980613363
  endloop
endfacet
facet normal 0.430459334576892 -0.430459334576892 -0.793353340291222
  outer loop
    vertex 21.6216352759151 7.72360762170489 0.117401938663694
    vertex 23.1175729482689 8.96288296641243 0.256662327646237
    vertex 21.8031229482689 7.64843296641244 0.256662327646237
  endloop
endfacet
facet normal 0.430459334576892 -0.430459334576892 -0.793353340291222
  outer loop
    vertex 23.1175729482689 8.96288296641243 0.256662327646237
    vertex 21.6216352759151 7.72360762170489 0.117401938663694
    vertex 22.9360852759151 9.03805762170489 0.117401938663693
  endloop
endfacet
facet normal 0.270598050073104 -0.270598050073103 0.923879532511284
  outer loop
    vertex 22.9360852759151 9.0380576217049 1.6351980613363
    vertex 21.4102884051384 7.81115036194571 1.72274080157711
    vertex 21.6216352759151 7.7236076217049 1.6351980613363
  endloop
endfacet
facet normal 0.270598050073104 -0.270598050073103 0.923879532511284
  outer loop
    vertex 21.4102884051384 7.81115036194571 1.72274080157711
    vertex 22.9360852759151 9.0380576217049 1.6351980613363
    vertex 22.7247384051384 9.1256003619457 1.72274080157711
  endloop
endfacet
facet normal 0.0922959556412341 -0.0922959556412336 0.991444861373815
  outer loop
    vertex 22.7247384051384 9.1256003619457 1.72274080157711
    vertex 21.1834852759151 7.90509529405868 1.7526
    vertex 21.4102884051384 7.81115036194571 1.72274080157711
  endloop
endfacet
facet normal 0.0922959556412341 -0.0922959556412336 0.991444861373815
  outer loop
    vertex 21.1834852759151 7.90509529405868 1.7526
    vertex 22.7247384051384 9.1256003619457 1.72274080157711
    vertex 22.4979352759151 9.21954529405867 1.7526
  endloop
endfacet
facet normal -0.0922959556412754 0.0922959556412757 0.991444861373807
  outer loop
    vertex 22.4979352759151 9.21954529405867 1.7526
    vertex 20.9566821466917 7.99904022617164 1.7227408015771
    vertex 21.1834852759151 7.90509529405868 1.7526
  endloop
endfacet
facet normal -0.0922959556412754 0.0922959556412757 0.991444861373807
  outer loop
    vertex 20.9566821466917 7.99904022617164 1.7227408015771
    vertex 22.4979352759151 9.21954529405867 1.7526
    vertex 22.2711321466917 9.31349022617163 1.7227408015771
  endloop
endfacet
facet normal 0.991444861373814 4.71315024317872e-017 0.130526192220024
  outer loop
    vertex 23.3742352759151 8.85656994935112 0.876300000000013
    vertex 23.3443760774922 56.5985325551574 1.10310312922334
    vertex 23.3443760774922 8.86893803429947 1.10310312922335
  endloop
endfacet
facet normal 0.991444861373814 4.71315024317872e-017 0.130526192220024
  outer loop
    vertex 23.3443760774922 56.5985325551574 1.10310312922334
    vertex 23.3742352759151 8.85656994935112 0.876300000000013
    vertex 23.3742352759151 56.6109006401057 0.876299999999996
  endloop
endfacet
facet normal 0.608761429008668 2.863093916586e-016 0.793353340291275
  outer loop
    vertex 23.1175729482688 56.5045876230444 1.49593767235377
    vertex 22.9360852759151 9.0380576217049 1.6351980613363
    vertex 23.1175729482688 8.96288296641244 1.49593767235379
  endloop
endfacet
facet normal 0.608761429008668 2.863093916586e-016 0.793353340291275
  outer loop
    vertex 22.9360852759151 9.0380576217049 1.6351980613363
    vertex 23.1175729482688 56.5045876230444 1.49593767235377
    vertex 22.9360852759151 56.4294129677519 1.63519806133628
  endloop
endfacet
facet normal 0.793353340291219 2.1962275755741e-016 0.608761429008742
  outer loop
    vertex 23.2568333372514 8.90519942459452 1.31445000000001
    vertex 23.1175729482688 56.5045876230444 1.49593767235377
    vertex 23.1175729482688 8.96288296641244 1.49593767235379
  endloop
endfacet
facet normal 0.793353340291219 2.1962275755741e-016 0.608761429008742
  outer loop
    vertex 23.1175729482688 56.5045876230444 1.49593767235377
    vertex 23.2568333372514 8.90519942459452 1.31445000000001
    vertex 23.2568333372514 56.5622711648623 1.31445
  endloop
endfacet
facet normal -0.608761429008633 -2.86293178503972e-016 -0.793353340291302
  outer loop
    vertex 21.8782976035613 9.47620762170489 0.256662327646203
    vertex 22.0597852759151 56.0664376230444 0.117401938663676
    vertex 22.0597852759151 9.40103296641242 0.117401938663693
  endloop
endfacet
facet normal -0.608761429008633 -2.86293178503972e-016 -0.793353340291302
  outer loop
    vertex 22.0597852759151 56.0664376230444 0.117401938663676
    vertex 21.8782976035613 9.47620762170489 0.256662327646203
    vertex 21.8782976035613 55.9912629677519 0.256662327646187
  endloop
endfacet
facet normal 0.382683432365128 3.33326139453135e-016 0.923879532511271
  outer loop
    vertex 22.9360852759151 56.4294129677519 1.63519806133628
    vertex 22.7247384051384 9.1256003619457 1.72274080157711
    vertex 22.9360852759151 9.0380576217049 1.6351980613363
  endloop
endfacet
facet normal 0.382683432365128 3.33326139453135e-016 0.923879532511271
  outer loop
    vertex 22.7247384051384 9.1256003619457 1.72274080157711
    vertex 22.9360852759151 56.4294129677519 1.63519806133628
    vertex 22.7247384051384 56.3418702275111 1.7227408015771
  endloop
endfacet
facet normal 0.701057384649984 -0.701057384649983 -0.130526192219993
  outer loop
    vertex 22.0299260774922 7.55448803429947 0.649496870776674
    vertex 23.3742352759151 8.85656994935112 0.876300000000013
    vertex 22.0597852759151 7.54211994935112 0.876300000000014
  endloop
endfacet
facet normal 0.701057384649984 -0.701057384649983 -0.130526192219993
  outer loop
    vertex 23.3742352759151 8.85656994935112 0.876300000000013
    vertex 22.0299260774922 7.55448803429947 0.649496870776674
    vertex 23.3443760774922 8.86893803429946 0.649496870776673
  endloop
endfacet
facet normal -0.991444861373809 -4.70580304483783e-017 -0.13052619222006
  outer loop
    vertex 21.651494474338 55.897318035639 0.649496870776623
    vertex 21.6216352759151 9.5825206387662 0.87629999999998
    vertex 21.6216352759151 55.8849499506906 0.876299999999963
  endloop
endfacet
facet normal -0.991444861373809 -4.70580304483783e-017 -0.13052619222006
  outer loop
    vertex 21.6216352759151 9.5825206387662 0.87629999999998
    vertex 21.651494474338 55.897318035639 0.649496870776623
    vertex 21.651494474338 9.57015255381785 0.64949687077664
  endloop
endfacet
facet normal 0.923879532511263 1.38091348161646e-016 0.382683432365146
  outer loop
    vertex 23.3443760774922 8.86893803429947 1.10310312922335
    vertex 23.2568333372514 56.5622711648623 1.31445
    vertex 23.2568333372514 8.90519942459452 1.31445000000001
  endloop
endfacet
facet normal 0.923879532511263 1.38091348161646e-016 0.382683432365146
  outer loop
    vertex 23.2568333372514 56.5622711648623 1.31445
    vertex 23.3443760774922 8.86893803429947 1.10310312922335
    vertex 23.3443760774922 56.5985325551574 1.10310312922334
  endloop
endfacet
facet normal 0.130526192220019 3.57757016408105e-016 0.991444861373815
  outer loop
    vertex 22.7247384051384 56.3418702275111 1.7227408015771
    vertex 22.4979352759151 9.21954529405867 1.7526
    vertex 22.7247384051384 9.1256003619457 1.72274080157711
  endloop
endfacet
facet normal 0.130526192220019 3.57757016408105e-016 0.991444861373815
  outer loop
    vertex 22.4979352759151 9.21954529405867 1.7526
    vertex 22.7247384051384 56.3418702275111 1.7227408015771
    vertex 22.4979352759151 56.2479252953982 1.75259999999998
  endloop
endfacet
facet normal -0.923879532511276 -1.38080786270159e-016 -0.382683432365115
  outer loop
    vertex 21.7390372145788 55.933579425934 0.438149999999963
    vertex 21.651494474338 9.57015255381785 0.64949687077664
    vertex 21.651494474338 55.897318035639 0.649496870776623
  endloop
endfacet
facet normal -0.923879532511276 -1.38080786270159e-016 -0.382683432365115
  outer loop
    vertex 21.651494474338 9.57015255381785 0.64949687077664
    vertex 21.7390372145788 55.933579425934 0.438149999999963
    vertex 21.7390372145788 9.5338911635228 0.43814999999998
  endloop
endfacet
facet normal -0.270598050073099 0.270598050073099 -0.923879532511287
  outer loop
    vertex 20.7453352759151 8.08658296641243 0.117401938663694
    vertex 22.2711321466918 9.31349022617162 0.0298591984228798
    vertex 20.9566821466918 7.99904022617163 0.0298591984228802
  endloop
endfacet
facet normal -0.270598050073099 0.270598050073099 -0.923879532511287
  outer loop
    vertex 22.2711321466918 9.31349022617162 0.0298591984228798
    vertex 20.7453352759151 8.08658296641243 0.117401938663694
    vertex 22.0597852759151 9.40103296641242 0.117401938663693
  endloop
endfacet
facet normal -0.0922959556412379 0.0922959556412375 -0.991444861373814
  outer loop
    vertex 20.9566821466918 7.99904022617163 0.0298591984228802
    vertex 22.4979352759151 9.21954529405866 -3.17246229286638e-015
    vertex 21.1834852759151 7.90509529405866 -2.8199664825479e-015
  endloop
endfacet
facet normal -0.0922959556412379 0.0922959556412375 -0.991444861373814
  outer loop
    vertex 22.4979352759151 9.21954529405866 -3.17246229286638e-015
    vertex 20.9566821466918 7.99904022617163 0.0298591984228802
    vertex 22.2711321466918 9.31349022617162 0.0298591984228798
  endloop
endfacet
facet normal -0.608761429008777 2.86208166625917e-016 0.793353340291192
  outer loop
    vertex 22.0597852759151 56.0664376230444 1.63519806133628
    vertex 21.8782976035613 9.4762076217049 1.49593767235376
    vertex 22.0597852759151 9.40103296641244 1.6351980613363
  endloop
endfacet
facet normal -0.608761429008777 2.86208166625917e-016 0.793353340291192
  outer loop
    vertex 21.8782976035613 9.4762076217049 1.49593767235376
    vertex 22.0597852759151 56.0664376230444 1.63519806133628
    vertex 21.8782976035613 55.9912629677519 1.49593767235374
  endloop
endfacet
facet normal 0.560985526796943 -0.560985526796943 -0.608761429008698
  outer loop
    vertex 21.8031229482689 7.64843296641244 0.256662327646237
    vertex 23.2568333372514 8.90519942459451 0.438150000000013
    vertex 21.9423833372514 7.59074942459452 0.438150000000014
  endloop
endfacet
facet normal 0.560985526796943 -0.560985526796943 -0.608761429008698
  outer loop
    vertex 23.2568333372514 8.90519942459451 0.438150000000013
    vertex 21.8031229482689 7.64843296641244 0.256662327646237
    vertex 23.1175729482689 8.96288296641243 0.256662327646237
  endloop
endfacet
facet normal 0.653281482438181 -0.653281482438181 -0.382683432365115
  outer loop
    vertex 21.9423833372514 7.59074942459452 0.438150000000014
    vertex 23.3443760774922 8.86893803429946 0.649496870776673
    vertex 22.0299260774922 7.55448803429947 0.649496870776674
  endloop
endfacet
facet normal 0.653281482438181 -0.653281482438181 -0.382683432365115
  outer loop
    vertex 23.3443760774922 8.86893803429946 0.649496870776673
    vertex 21.9423833372514 7.59074942459452 0.438150000000014
    vertex 23.2568333372514 8.90519942459451 0.438150000000013
  endloop
endfacet
facet normal -0.793353340291254 2.19654810371479e-016 0.608761429008696
  outer loop
    vertex 21.7390372145788 55.933579425934 1.31444999999996
    vertex 21.8782976035613 9.4762076217049 1.49593767235376
    vertex 21.8782976035613 55.9912629677519 1.49593767235374
  endloop
endfacet
facet normal -0.793353340291254 2.19654810371479e-016 0.608761429008696
  outer loop
    vertex 21.8782976035613 9.4762076217049 1.49593767235376
    vertex 21.7390372145788 55.933579425934 1.31444999999996
    vertex 21.7390372145788 9.53389116352281 1.31444999999998
  endloop
endfacet
facet normal 0.701057384649981 -0.70105738464998 0.130526192220025
  outer loop
    vertex 22.0597852759151 7.54211994935112 0.876300000000014
    vertex 23.3443760774922 8.86893803429947 1.10310312922335
    vertex 22.0299260774922 7.55448803429947 1.10310312922335
  endloop
endfacet
facet normal 0.701057384649981 -0.70105738464998 0.130526192220025
  outer loop
    vertex 23.3443760774922 8.86893803429947 1.10310312922335
    vertex 22.0597852759151 7.54211994935112 0.876300000000014
    vertex 23.3742352759151 8.85656994935112 0.876300000000013
  endloop
endfacet
facet normal 0.270598050073115 -0.270598050073115 -0.923879532511277
  outer loop
    vertex 21.4102884051385 7.81115036194569 0.0298591984228968
    vertex 22.9360852759151 9.03805762170489 0.117401938663693
    vertex 21.6216352759151 7.72360762170489 0.117401938663694
  endloop
endfacet
facet normal 0.270598050073115 -0.270598050073115 -0.923879532511277
  outer loop
    vertex 22.9360852759151 9.03805762170489 0.117401938663693
    vertex 21.4102884051385 7.81115036194569 0.0298591984228968
    vertex 22.7247384051384 9.12560036194568 0.0298591984228964
  endloop
endfacet
facet normal -0.991444861373814 4.71521201258376e-017 0.130526192220024
  outer loop
    vertex 21.6216352759151 55.8849499506906 0.876299999999963
    vertex 21.651494474338 9.57015255381786 1.10310312922332
    vertex 21.651494474338 55.897318035639 1.1031031292233
  endloop
endfacet
facet normal -0.991444861373814 4.71521201258376e-017 0.130526192220024
  outer loop
    vertex 21.651494474338 9.57015255381786 1.10310312922332
    vertex 21.6216352759151 55.8849499506906 0.876299999999963
    vertex 21.6216352759151 9.5825206387662 0.87629999999998
  endloop
endfacet
facet normal 0.0922959556412723 -0.0922959556412727 -0.991444861373808
  outer loop
    vertex 21.1834852759151 7.90509529405866 -2.8199664825479e-015
    vertex 22.7247384051384 9.12560036194568 0.0298591984228964
    vertex 21.4102884051385 7.81115036194569 0.0298591984228968
  endloop
endfacet
facet normal 0.0922959556412723 -0.0922959556412727 -0.991444861373808
  outer loop
    vertex 22.7247384051384 9.12560036194568 0.0298591984228964
    vertex 21.1834852759151 7.90509529405866 -2.8199664825479e-015
    vertex 22.4979352759151 9.21954529405866 -3.17246229286638e-015
  endloop
endfacet
facet normal -0.38268343236504 3.3345354028898e-016 0.923879532511307
  outer loop
    vertex 22.2711321466917 56.1539803632852 1.72274080157708
    vertex 22.0597852759151 9.40103296641244 1.6351980613363
    vertex 22.2711321466917 9.31349022617163 1.7227408015771
  endloop
endfacet
facet normal -0.38268343236504 3.3345354028898e-016 0.923879532511307
  outer loop
    vertex 22.0597852759151 9.40103296641244 1.6351980613363
    vertex 22.2711321466917 56.1539803632852 1.72274080157708
    vertex 22.0597852759151 56.0664376230444 1.63519806133628
  endloop
endfacet
facet normal 0.382683432365112 -3.33356506916532e-016 -0.923879532511277
  outer loop
    vertex 21.4102884051385 1.07015575730213 0.0298591984228992
    vertex 21.6216352759151 7.72360762170489 0.117401938663694
    vertex 21.6216352759151 0.982613017061326 0.117401938663696
  endloop
endfacet
facet normal 0.382683432365112 -3.33356506916532e-016 -0.923879532511277
  outer loop
    vertex 21.6216352759151 7.72360762170489 0.117401938663694
    vertex 21.4102884051385 1.07015575730213 0.0298591984228992
    vertex 21.4102884051385 7.81115036194569 0.0298591984228968
  endloop
endfacet
facet normal 0.923879532511276 1.38080786270159e-016 0.382683432365115
  outer loop
    vertex 22.0299260774922 0.813493429655909 1.10310312922336
    vertex 21.9423833372514 7.59074942459453 1.31445000000001
    vertex 21.9423833372514 0.849754819950959 1.31445000000002
  endloop
endfacet
facet normal 0.923879532511276 1.38080786270159e-016 0.382683432365115
  outer loop
    vertex 21.9423833372514 7.59074942459453 1.31445000000001
    vertex 22.0299260774922 0.813493429655909 1.10310312922336
    vertex 22.0299260774922 7.55448803429947 1.10310312922335
  endloop
endfacet
facet normal -0.130526192220024 -3.57735596641639e-016 -0.991444861373814
  outer loop
    vertex 20.9566821466918 1.25804562152806 0.0298591984228827
    vertex 21.1834852759151 7.90509529405866 -2.8199664825479e-015
    vertex 21.1834852759151 1.1641006894151 -3.52495810318487e-016
  endloop
endfacet
facet normal -0.130526192220024 -3.57735596641639e-016 -0.991444861373814
  outer loop
    vertex 21.1834852759151 7.90509529405866 -2.8199664825479e-015
    vertex 20.9566821466918 1.25804562152806 0.0298591984228827
    vertex 20.9566821466918 7.99904022617163 0.0298591984228802
  endloop
endfacet
facet normal 0.382683432365097 3.33356506916535e-016 0.923879532511284
  outer loop
    vertex 21.6216352759151 7.7236076217049 1.6351980613363
    vertex 21.4102884051384 1.07015575730214 1.72274080157712
    vertex 21.6216352759151 0.982613017061341 1.6351980613363
  endloop
endfacet
facet normal 0.382683432365097 3.33356506916535e-016 0.923879532511284
  outer loop
    vertex 21.4102884051384 1.07015575730214 1.72274080157712
    vertex 21.6216352759151 7.7236076217049 1.6351980613363
    vertex 21.4102884051384 7.81115036194571 1.72274080157711
  endloop
endfacet
facet normal -0.560985526796933 0.560985526796932 -0.608761429008717
  outer loop
    vertex 20.4245872145788 8.21944116352281 0.43814999999998
    vertex 21.8782976035613 9.47620762170489 0.256662327646203
    vertex 20.5638476035613 8.1617576217049 0.256662327646204
  endloop
endfacet
facet normal -0.560985526796933 0.560985526796932 -0.608761429008717
  outer loop
    vertex 21.8782976035613 9.47620762170489 0.256662327646203
    vertex 20.4245872145788 8.21944116352281 0.43814999999998
    vertex 21.7390372145788 9.5338911635228 0.43814999999998
  endloop
endfacet
facet normal 0.130526192220019 3.57735596641639e-016 0.991444861373815
  outer loop
    vertex 21.4102884051384 7.81115036194571 1.72274080157711
    vertex 21.1834852759151 1.16410068941511 1.7526
    vertex 21.4102884051384 1.07015575730214 1.72274080157712
  endloop
endfacet
facet normal 0.130526192220019 3.57735596641639e-016 0.991444861373815
  outer loop
    vertex 21.1834852759151 1.16410068941511 1.7526
    vertex 21.4102884051384 7.81115036194571 1.72274080157711
    vertex 21.1834852759151 7.90509529405868 1.7526
  endloop
endfacet
facet normal -0.382683432365097 -3.33356506916535e-016 -0.923879532511284
  outer loop
    vertex 20.7453352759151 1.34558836176887 0.117401938663696
    vertex 20.9566821466918 7.99904022617163 0.0298591984228802
    vertex 20.9566821466918 1.25804562152806 0.0298591984228827
  endloop
endfacet
facet normal -0.382683432365097 -3.33356506916535e-016 -0.923879532511284
  outer loop
    vertex 20.9566821466918 7.99904022617163 0.0298591984228802
    vertex 20.7453352759151 1.34558836176887 0.117401938663696
    vertex 20.7453352759151 8.08658296641243 0.117401938663694
  endloop
endfacet
facet normal -0.793353340291254 2.19654810371479e-016 0.608761429008696
  outer loop
    vertex 20.4245872145788 8.21944116352282 1.31444999999998
    vertex 20.5638476035613 1.42076301706134 1.49593767235376
    vertex 20.5638476035613 8.1617576217049 1.49593767235376
  endloop
endfacet
facet normal -0.793353340291254 2.19654810371479e-016 0.608761429008696
  outer loop
    vertex 20.5638476035613 1.42076301706134 1.49593767235376
    vertex 20.4245872145788 8.21944116352282 1.31444999999998
    vertex 20.4245872145788 1.47844655887926 1.31444999999998
  endloop
endfacet
facet normal 0.130526192220073 -3.57735596641637e-016 -0.991444861373808
  outer loop
    vertex 21.1834852759151 1.1641006894151 -3.52495810318487e-016
    vertex 21.4102884051385 7.81115036194569 0.0298591984228968
    vertex 21.4102884051385 1.07015575730213 0.0298591984228992
  endloop
endfacet
facet normal 0.130526192220073 -3.57735596641637e-016 -0.991444861373808
  outer loop
    vertex 21.4102884051385 7.81115036194569 0.0298591984228968
    vertex 21.1834852759151 1.1641006894151 -3.52495810318487e-016
    vertex 21.1834852759151 7.90509529405866 -2.8199664825479e-015
  endloop
endfacet
facet normal 0.793353340291254 -2.19654810371479e-016 -0.608761429008696
  outer loop
    vertex 21.8031229482689 0.907438361768871 0.25666232764624
    vertex 21.9423833372514 7.59074942459452 0.438150000000014
    vertex 21.9423833372514 0.849754819950955 0.438150000000016
  endloop
endfacet
facet normal 0.793353340291254 -2.19654810371479e-016 -0.608761429008696
  outer loop
    vertex 21.9423833372514 7.59074942459452 0.438150000000014
    vertex 21.8031229482689 0.907438361768871 0.25666232764624
    vertex 21.8031229482689 7.64843296641244 0.256662327646237
  endloop
endfacet
facet normal 0.991444861373819 -4.7096784773766e-017 -0.130526192219988
  outer loop
    vertex 22.0299260774922 0.813493429655905 0.649496870776676
    vertex 22.0597852759151 7.54211994935112 0.876300000000014
    vertex 22.0597852759151 0.801125344707562 0.876300000000016
  endloop
endfacet
facet normal 0.991444861373819 -4.7096784773766e-017 -0.130526192219988
  outer loop
    vertex 22.0597852759151 7.54211994935112 0.876300000000014
    vertex 22.0299260774922 0.813493429655905 0.649496870776676
    vertex 22.0299260774922 7.55448803429947 0.649496870776674
  endloop
endfacet
facet normal -0.991444861373814 4.70967847737788e-017 0.130526192220024
  outer loop
    vertex 20.3071852759151 8.26807063876621 0.876299999999981
    vertex 20.337044474338 1.5147079491743 1.10310312922332
    vertex 20.337044474338 8.25570255381786 1.10310312922332
  endloop
endfacet
facet normal -0.991444861373814 4.70967847737788e-017 0.130526192220024
  outer loop
    vertex 20.337044474338 1.5147079491743 1.10310312922332
    vertex 20.3071852759151 8.26807063876621 0.876299999999981
    vertex 20.3071852759151 1.52707603412265 0.876299999999983
  endloop
endfacet
facet normal 0.991444861373814 4.70967847737788e-017 0.130526192220024
  outer loop
    vertex 22.0597852759151 0.801125344707562 0.876300000000016
    vertex 22.0299260774922 7.55448803429947 1.10310312922335
    vertex 22.0299260774922 0.813493429655909 1.10310312922336
  endloop
endfacet
facet normal 0.991444861373814 4.70967847737788e-017 0.130526192220024
  outer loop
    vertex 22.0299260774922 7.55448803429947 1.10310312922335
    vertex 22.0597852759151 0.801125344707562 0.876300000000016
    vertex 22.0597852759151 7.54211994935112 0.876300000000014
  endloop
endfacet
facet normal 0.608761429008714 2.86259722142749e-016 0.79335334029124
  outer loop
    vertex 21.8031229482688 7.64843296641245 1.49593767235379
    vertex 21.6216352759151 0.982613017061341 1.6351980613363
    vertex 21.8031229482688 0.907438361768885 1.49593767235379
  endloop
endfacet
facet normal 0.608761429008714 2.86259722142749e-016 0.79335334029124
  outer loop
    vertex 21.6216352759151 0.982613017061341 1.6351980613363
    vertex 21.8031229482688 7.64843296641245 1.49593767235379
    vertex 21.6216352759151 7.7236076217049 1.6351980613363
  endloop
endfacet
facet normal -0.991444861373809 -4.70967847737917e-017 -0.13052619222006
  outer loop
    vertex 20.337044474338 8.25570255381786 0.64949687077664
    vertex 20.3071852759151 1.52707603412265 0.876299999999983
    vertex 20.3071852759151 8.26807063876621 0.876299999999981
  endloop
endfacet
facet normal -0.991444861373809 -4.70967847737917e-017 -0.13052619222006
  outer loop
    vertex 20.3071852759151 1.52707603412265 0.876299999999983
    vertex 20.337044474338 8.25570255381786 0.64949687077664
    vertex 20.337044474338 1.5147079491743 0.649496870776643
  endloop
endfacet
facet normal 0.608761429008737 -2.86259722142743e-016 -0.793353340291223
  outer loop
    vertex 21.6216352759151 0.982613017061326 0.117401938663696
    vertex 21.8031229482689 7.64843296641244 0.256662327646237
    vertex 21.8031229482689 0.907438361768871 0.25666232764624
  endloop
endfacet
facet normal 0.608761429008737 -2.86259722142743e-016 -0.793353340291223
  outer loop
    vertex 21.8031229482689 7.64843296641244 0.256662327646237
    vertex 21.6216352759151 0.982613017061326 0.117401938663696
    vertex 21.6216352759151 7.72360762170489 0.117401938663694
  endloop
endfacet
facet normal -0.923879532511302 1.38080786270136e-016 0.382683432365053
  outer loop
    vertex 20.337044474338 8.25570255381786 1.10310312922332
    vertex 20.4245872145788 1.47844655887926 1.31444999999998
    vertex 20.4245872145788 8.21944116352282 1.31444999999998
  endloop
endfacet
facet normal -0.923879532511302 1.38080786270136e-016 0.382683432365053
  outer loop
    vertex 20.4245872145788 1.47844655887926 1.31444999999998
    vertex 20.337044474338 8.25570255381786 1.10310312922332
    vertex 20.337044474338 1.5147079491743 1.10310312922332
  endloop
endfacet
facet normal -0.653281482438196 0.653281482438196 0.382683432365062
  outer loop
    vertex 21.651494474338 9.57015255381786 1.10310312922332
    vertex 20.4245872145788 8.21944116352282 1.31444999999998
    vertex 21.7390372145788 9.53389116352281 1.31444999999998
  endloop
endfacet
facet normal -0.653281482438196 0.653281482438196 0.382683432365062
  outer loop
    vertex 20.4245872145788 8.21944116352282 1.31444999999998
    vertex 21.651494474338 9.57015255381786 1.10310312922332
    vertex 20.337044474338 8.25570255381786 1.10310312922332
  endloop
endfacet
facet normal -0.382683432365087 3.33356506916536e-016 0.923879532511288
  outer loop
    vertex 20.9566821466917 7.99904022617164 1.7227408015771
    vertex 20.7453352759151 1.34558836176889 1.6351980613363
    vertex 20.9566821466917 1.25804562152808 1.7227408015771
  endloop
endfacet
facet normal -0.382683432365087 3.33356506916536e-016 0.923879532511288
  outer loop
    vertex 20.7453352759151 1.34558836176889 1.6351980613363
    vertex 20.9566821466917 7.99904022617164 1.7227408015771
    vertex 20.7453352759151 8.08658296641245 1.6351980613363
  endloop
endfacet
facet normal -0.70105738464998 0.70105738464998 0.130526192220024
  outer loop
    vertex 21.6216352759151 9.5825206387662 0.87629999999998
    vertex 20.337044474338 8.25570255381786 1.10310312922332
    vertex 21.651494474338 9.57015255381786 1.10310312922332
  endloop
endfacet
facet normal -0.70105738464998 0.70105738464998 0.130526192220024
  outer loop
    vertex 20.337044474338 8.25570255381786 1.10310312922332
    vertex 21.6216352759151 9.5825206387662 0.87629999999998
    vertex 20.3071852759151 8.26807063876621 0.876299999999981
  endloop
endfacet
facet normal -0.923879532511276 -1.38080786270159e-016 -0.382683432365115
  outer loop
    vertex 20.4245872145788 8.21944116352281 0.43814999999998
    vertex 20.337044474338 1.5147079491743 0.649496870776643
    vertex 20.337044474338 8.25570255381786 0.64949687077664
  endloop
endfacet
facet normal -0.923879532511276 -1.38080786270159e-016 -0.382683432365115
  outer loop
    vertex 20.337044474338 1.5147079491743 0.649496870776643
    vertex 20.4245872145788 8.21944116352281 0.43814999999998
    vertex 20.4245872145788 1.47844655887925 0.438149999999983
  endloop
endfacet
facet normal -0.79335334029124 -2.19654810371486e-016 -0.608761429008714
  outer loop
    vertex 20.5638476035613 8.1617576217049 0.256662327646204
    vertex 20.4245872145788 1.47844655887925 0.438149999999983
    vertex 20.4245872145788 8.21944116352281 0.43814999999998
  endloop
endfacet
facet normal -0.79335334029124 -2.19654810371486e-016 -0.608761429008714
  outer loop
    vertex 20.4245872145788 1.47844655887925 0.438149999999983
    vertex 20.5638476035613 8.1617576217049 0.256662327646204
    vertex 20.5638476035613 1.42076301706133 0.256662327646206
  endloop
endfacet
facet normal -0.430459334576897 0.430459334576897 0.793353340291216
  outer loop
    vertex 22.0597852759151 9.40103296641244 1.6351980613363
    vertex 20.5638476035613 8.1617576217049 1.49593767235376
    vertex 20.7453352759151 8.08658296641245 1.6351980613363
  endloop
endfacet
facet normal -0.430459334576897 0.430459334576897 0.793353340291216
  outer loop
    vertex 20.5638476035613 8.1617576217049 1.49593767235376
    vertex 22.0597852759151 9.40103296641244 1.6351980613363
    vertex 21.8782976035613 9.4762076217049 1.49593767235376
  endloop
endfacet
facet normal 0.923879532511276 -1.38080786270159e-016 -0.382683432365115
  outer loop
    vertex 21.9423833372514 0.849754819950955 0.438150000000016
    vertex 22.0299260774922 7.55448803429947 0.649496870776674
    vertex 22.0299260774922 0.813493429655905 0.649496870776676
  endloop
endfacet
facet normal 0.923879532511276 -1.38080786270159e-016 -0.382683432365115
  outer loop
    vertex 22.0299260774922 7.55448803429947 0.649496870776674
    vertex 21.9423833372514 0.849754819950955 0.438150000000016
    vertex 21.9423833372514 7.59074942459452 0.438150000000014
  endloop
endfacet
facet normal -0.701057384649977 0.701057384649977 -0.130526192220056
  outer loop
    vertex 21.651494474338 9.57015255381785 0.64949687077664
    vertex 20.3071852759151 8.26807063876621 0.876299999999981
    vertex 21.6216352759151 9.5825206387662 0.87629999999998
  endloop
endfacet
facet normal -0.701057384649977 0.701057384649977 -0.130526192220056
  outer loop
    vertex 20.3071852759151 8.26807063876621 0.876299999999981
    vertex 21.651494474338 9.57015255381785 0.64949687077664
    vertex 20.337044474338 8.25570255381786 0.64949687077664
  endloop
endfacet
facet normal -0.560985526796943 0.560985526796943 0.608761429008699
  outer loop
    vertex 21.8782976035613 9.4762076217049 1.49593767235376
    vertex 20.4245872145788 8.21944116352282 1.31444999999998
    vertex 20.5638476035613 8.1617576217049 1.49593767235376
  endloop
endfacet
facet normal -0.560985526796943 0.560985526796943 0.608761429008699
  outer loop
    vertex 20.4245872145788 8.21944116352282 1.31444999999998
    vertex 21.8782976035613 9.4762076217049 1.49593767235376
    vertex 21.7390372145788 9.53389116352281 1.31444999999998
  endloop
endfacet
facet normal -0.130526192220077 3.57735596641637e-016 0.991444861373807
  outer loop
    vertex 21.1834852759151 7.90509529405868 1.7526
    vertex 20.9566821466917 1.25804562152808 1.7227408015771
    vertex 21.1834852759151 1.16410068941511 1.7526
  endloop
endfacet
facet normal -0.130526192220077 3.57735596641637e-016 0.991444861373807
  outer loop
    vertex 20.9566821466917 1.25804562152808 1.7227408015771
    vertex 21.1834852759151 7.90509529405868 1.7526
    vertex 20.9566821466917 7.99904022617164 1.7227408015771
  endloop
endfacet
facet normal -0.608761429008737 2.86259722142743e-016 0.793353340291223
  outer loop
    vertex 20.7453352759151 8.08658296641245 1.6351980613363
    vertex 20.5638476035613 1.42076301706134 1.49593767235376
    vertex 20.7453352759151 1.34558836176889 1.6351980613363
  endloop
endfacet
facet normal -0.608761429008737 2.86259722142743e-016 0.793353340291223
  outer loop
    vertex 20.5638476035613 1.42076301706134 1.49593767235376
    vertex 20.7453352759151 8.08658296641245 1.6351980613363
    vertex 20.5638476035613 8.1617576217049 1.49593767235376
  endloop
endfacet
facet normal -0.653281482438182 0.653281482438181 -0.382683432365113
  outer loop
    vertex 21.7390372145788 9.5338911635228 0.43814999999998
    vertex 20.337044474338 8.25570255381786 0.64949687077664
    vertex 21.651494474338 9.57015255381785 0.64949687077664
  endloop
endfacet
facet normal -0.653281482438182 0.653281482438181 -0.382683432365113
  outer loop
    vertex 20.337044474338 8.25570255381786 0.64949687077664
    vertex 21.7390372145788 9.5338911635228 0.43814999999998
    vertex 20.4245872145788 8.21944116352281 0.43814999999998
  endloop
endfacet
facet normal -0.430459334576844 0.430459334576843 -0.793353340291274
  outer loop
    vertex 20.5638476035613 8.1617576217049 0.256662327646204
    vertex 22.0597852759151 9.40103296641242 0.117401938663693
    vertex 20.7453352759151 8.08658296641243 0.117401938663694
  endloop
endfacet
facet normal -0.430459334576844 0.430459334576843 -0.793353340291274
  outer loop
    vertex 22.0597852759151 9.40103296641242 0.117401938663693
    vertex 20.5638476035613 8.1617576217049 0.256662327646204
    vertex 21.8782976035613 9.47620762170489 0.256662327646203
  endloop
endfacet
facet normal 0.793353340291188 2.1965481037151e-016 0.608761429008782
  outer loop
    vertex 21.9423833372514 0.849754819950959 1.31445000000002
    vertex 21.8031229482688 7.64843296641245 1.49593767235379
    vertex 21.8031229482688 0.907438361768885 1.49593767235379
  endloop
endfacet
facet normal 0.793353340291188 2.1965481037151e-016 0.608761429008782
  outer loop
    vertex 21.8031229482688 7.64843296641245 1.49593767235379
    vertex 21.9423833372514 0.849754819950959 1.31445000000002
    vertex 21.9423833372514 7.59074942459453 1.31445000000001
  endloop
endfacet
facet normal -0.270598050073098 0.270598050073098 0.923879532511287
  outer loop
    vertex 22.2711321466917 9.31349022617163 1.7227408015771
    vertex 20.7453352759151 8.08658296641245 1.6351980613363
    vertex 20.9566821466917 7.99904022617164 1.7227408015771
  endloop
endfacet
facet normal -0.270598050073098 0.270598050073098 0.923879532511287
  outer loop
    vertex 20.7453352759151 8.08658296641245 1.6351980613363
    vertex 22.2711321466917 9.31349022617163 1.7227408015771
    vertex 22.0597852759151 9.40103296641244 1.6351980613363
  endloop
endfacet
facet normal -0.608761429008661 -2.86259722142763e-016 -0.793353340291281
  outer loop
    vertex 20.5638476035613 1.42076301706133 0.256662327646206
    vertex 20.7453352759151 8.08658296641243 0.117401938663694
    vertex 20.7453352759151 1.34558836176887 0.117401938663696
  endloop
endfacet
facet normal -0.608761429008661 -2.86259722142763e-016 -0.793353340291281
  outer loop
    vertex 20.7453352759151 8.08658296641243 0.117401938663694
    vertex 20.5638476035613 1.42076301706133 0.256662327646206
    vertex 20.5638476035613 8.1617576217049 0.256662327646204
  endloop
endfacet
facet normal -0.0922959556412379 0.092295955641238 -0.991444861373814
  outer loop
    vertex 19.8590105558319 0.160374030668151 0.029859198422883
    vertex 21.1834852759151 1.1641006894151 -3.52495810318487e-016
    vertex 20.0193845865 -7.04991620636974e-016 0.0
  endloop
endfacet
facet normal -0.0922959556412379 0.092295955641238 -0.991444861373814
  outer loop
    vertex 21.1834852759151 1.1641006894151 -3.52495810318487e-016
    vertex 19.8590105558319 0.160374030668151 0.029859198422883
    vertex 20.9566821466918 1.25804562152806 0.0298591984228827
  endloop
endfacet
facet normal 0.0922959556412713 -0.0922959556412721 -0.991444861373808
  outer loop
    vertex 20.0193845865 -7.04991620636974e-016 0.0
    vertex 21.4102884051385 1.07015575730213 0.0298591984228992
    vertex 20.1797586171682 -0.160374030668161 0.0298591984228996
  endloop
endfacet
facet normal 0.0922959556412713 -0.0922959556412721 -0.991444861373808
  outer loop
    vertex 21.4102884051385 1.07015575730213 0.0298591984228992
    vertex 20.0193845865 -7.04991620636974e-016 0.0
    vertex 21.1834852759151 1.1641006894151 -3.52495810318487e-016
  endloop
endfacet
facet normal -0.270598050073102 0.270598050073103 -0.923879532511284
  outer loop
    vertex 19.7095657503231 0.309818836176879 0.117401938663696
    vertex 20.9566821466918 1.25804562152806 0.0298591984228827
    vertex 19.8590105558319 0.160374030668151 0.029859198422883
  endloop
endfacet
facet normal -0.270598050073102 0.270598050073103 -0.923879532511284
  outer loop
    vertex 20.9566821466918 1.25804562152806 0.0298591984228827
    vertex 19.7095657503231 0.309818836176879 0.117401938663696
    vertex 20.7453352759151 1.34558836176887 0.117401938663696
  endloop
endfacet
facet normal 0.430459334576888 -0.43045933457689 -0.793353340291225
  outer loop
    vertex 20.3292034226769 -0.309818836176888 0.117401938663697
    vertex 21.8031229482689 0.907438361768871 0.25666232764624
    vertex 20.4575345865 -0.438150000000002 0.25666232764624
  endloop
endfacet
facet normal 0.430459334576888 -0.43045933457689 -0.793353340291225
  outer loop
    vertex 21.8031229482689 0.907438361768871 0.25666232764624
    vertex 20.3292034226769 -0.309818836176888 0.117401938663697
    vertex 21.6216352759151 0.982613017061326 0.117401938663696
  endloop
endfacet
facet normal 0.701057384649982 -0.701057384649985 -0.130526192219991
  outer loop
    vertex 22.0299260774922 0.813493429655905 0.649496870776676
    vertex 20.6390222588538 -0.619637672353764 0.876300000000017
    vertex 20.6179086171682 -0.598524030668153 0.649496870776677
  endloop
endfacet
facet normal 0.701057384649982 -0.701057384649985 -0.130526192219991
  outer loop
    vertex 20.6390222588538 -0.619637672353764 0.876300000000017
    vertex 22.0299260774922 0.813493429655905 0.649496870776676
    vertex 21.1834852759151 -0.075174655292444 0.876300000000017
  endloop
endfacet
facet normal 0.701057384649982 -0.701057384649985 -0.130526192219991
  outer loop
    vertex 21.1834852759151 -0.075174655292444 0.876300000000017
    vertex 22.0299260774922 0.813493429655905 0.649496870776676
    vertex 22.0597852759151 0.801125344707562 0.876300000000016
  endloop
endfacet
facet normal 0.65328148243818 -0.653281482438182 -0.382683432365116
  outer loop
    vertex 21.9423833372514 0.849754819950955 0.438150000000016
    vertex 20.6179086171682 -0.598524030668153 0.649496870776677
    vertex 20.5560065519002 -0.536621965400221 0.438150000000017
  endloop
endfacet
facet normal 0.65328148243818 -0.653281482438182 -0.382683432365116
  outer loop
    vertex 20.6179086171682 -0.598524030668153 0.649496870776677
    vertex 21.9423833372514 0.849754819950955 0.438150000000016
    vertex 22.0299260774922 0.813493429655905 0.649496870776676
  endloop
endfacet
facet normal 0.560985526796945 -0.560985526796947 -0.608761429008693
  outer loop
    vertex 20.4575345865 -0.438150000000002 0.25666232764624
    vertex 21.9423833372514 0.849754819950955 0.438150000000016
    vertex 20.5560065519002 -0.536621965400221 0.438150000000017
  endloop
endfacet
facet normal 0.560985526796945 -0.560985526796947 -0.608761429008693
  outer loop
    vertex 21.9423833372514 0.849754819950955 0.438150000000016
    vertex 20.4575345865 -0.438150000000002 0.25666232764624
    vertex 21.8031229482689 0.907438361768871 0.25666232764624
  endloop
endfacet
facet normal 0.270598050073115 -0.270598050073116 -0.923879532511277
  outer loop
    vertex 20.1797586171682 -0.160374030668161 0.0298591984228996
    vertex 21.6216352759151 0.982613017061326 0.117401938663696
    vertex 20.3292034226769 -0.309818836176888 0.117401938663697
  endloop
endfacet
facet normal 0.270598050073115 -0.270598050073116 -0.923879532511277
  outer loop
    vertex 21.6216352759151 0.982613017061326 0.117401938663696
    vertex 20.1797586171682 -0.160374030668161 0.0298591984228996
    vertex 21.4102884051385 1.07015575730213 0.0298591984228992
  endloop
endfacet
facet normal 0.560985526796897 -0.560985526796899 0.608761429008781
  outer loop
    vertex 21.9423833372514 0.849754819950959 1.31445000000002
    vertex 20.4575345865 -0.438149999999976 1.49593767235379
    vertex 20.5560065519002 -0.536621965400215 1.31445000000002
  endloop
endfacet
facet normal 0.560985526796897 -0.560985526796899 0.608761429008781
  outer loop
    vertex 20.4575345865 -0.438149999999976 1.49593767235379
    vertex 21.9423833372514 0.849754819950959 1.31445000000002
    vertex 21.8031229482688 0.907438361768885 1.49593767235379
  endloop
endfacet
facet normal -0.43045933457689 0.430459334576892 0.793353340291223
  outer loop
    vertex 20.7453352759151 1.34558836176889 1.6351980613363
    vertex 19.5812345865 0.438150000000024 1.49593767235376
    vertex 19.7095657503231 0.309818836176912 1.6351980613363
  endloop
endfacet
facet normal -0.43045933457689 0.430459334576892 0.793353340291223
  outer loop
    vertex 19.5812345865 0.438150000000024 1.49593767235376
    vertex 20.7453352759151 1.34558836176889 1.6351980613363
    vertex 20.5638476035613 1.42076301706134 1.49593767235376
  endloop
endfacet
facet normal -0.701057384649975 0.701057384649977 -0.130526192220074
  outer loop
    vertex 20.3071852759151 1.52707603412265 0.876299999999983
    vertex 19.4208605558318 0.598524030668163 0.649496870776643
    vertex 19.3997469141462 0.619637672353783 0.876299999999983
  endloop
endfacet
facet normal -0.701057384649975 0.701057384649977 -0.130526192220074
  outer loop
    vertex 19.4208605558318 0.598524030668163 0.649496870776643
    vertex 20.3071852759151 1.52707603412265 0.876299999999983
    vertex 20.337044474338 1.5147079491743 0.649496870776643
  endloop
endfacet
facet normal 0.270598050073102 -0.270598050073103 0.923879532511284
  outer loop
    vertex 21.6216352759151 0.982613017061341 1.6351980613363
    vertex 20.1797586171681 -0.160374030668135 1.72274080157712
    vertex 20.3292034226769 -0.309818836176864 1.6351980613363
  endloop
endfacet
facet normal 0.270598050073102 -0.270598050073103 0.923879532511284
  outer loop
    vertex 20.1797586171681 -0.160374030668135 1.72274080157712
    vertex 21.6216352759151 0.982613017061341 1.6351980613363
    vertex 21.4102884051384 1.07015575730214 1.72274080157712
  endloop
endfacet
facet normal -0.0922959556412749 0.0922959556412759 0.991444861373807
  outer loop
    vertex 21.1834852759151 1.16410068941511 1.7526
    vertex 19.8590105558318 0.160374030668177 1.7227408015771
    vertex 20.0193845865 2.25597318603832e-014 1.7526
  endloop
endfacet
facet normal -0.0922959556412749 0.0922959556412759 0.991444861373807
  outer loop
    vertex 19.8590105558318 0.160374030668177 1.7227408015771
    vertex 21.1834852759151 1.16410068941511 1.7526
    vertex 20.9566821466917 1.25804562152808 1.7227408015771
  endloop
endfacet
facet normal 0.430459334576874 -0.430459334576875 0.793353340291241
  outer loop
    vertex 21.8031229482688 0.907438361768885 1.49593767235379
    vertex 20.3292034226769 -0.309818836176864 1.6351980613363
    vertex 20.4575345865 -0.438149999999976 1.49593767235379
  endloop
endfacet
facet normal 0.430459334576874 -0.430459334576875 0.793353340291241
  outer loop
    vertex 20.3292034226769 -0.309818836176864 1.6351980613363
    vertex 21.8031229482688 0.907438361768885 1.49593767235379
    vertex 21.6216352759151 0.982613017061341 1.6351980613363
  endloop
endfacet
facet normal -0.560985526796939 0.560985526796942 0.608761429008703
  outer loop
    vertex 20.5638476035613 1.42076301706134 1.49593767235376
    vertex 19.4827626210998 0.53662196540025 1.31444999999998
    vertex 19.5812345865 0.438150000000024 1.49593767235376
  endloop
endfacet
facet normal -0.560985526796939 0.560985526796942 0.608761429008703
  outer loop
    vertex 19.4827626210998 0.53662196540025 1.31444999999998
    vertex 20.5638476035613 1.42076301706134 1.49593767235376
    vertex 20.4245872145788 1.47844655887926 1.31444999999998
  endloop
endfacet
facet normal 0.653281482438179 -0.653281482438182 0.382683432365115
  outer loop
    vertex 20.6179086171681 -0.598524030668147 1.10310312922336
    vertex 21.9423833372514 0.849754819950959 1.31445000000002
    vertex 20.5560065519002 -0.536621965400215 1.31445000000002
  endloop
endfacet
facet normal 0.653281482438179 -0.653281482438182 0.382683432365115
  outer loop
    vertex 21.9423833372514 0.849754819950959 1.31445000000002
    vertex 20.6179086171681 -0.598524030668147 1.10310312922336
    vertex 22.0299260774922 0.813493429655909 1.10310312922336
  endloop
endfacet
facet normal 0.0922959556412342 -0.0922959556412344 0.991444861373815
  outer loop
    vertex 21.4102884051384 1.07015575730214 1.72274080157712
    vertex 20.0193845865 2.25597318603832e-014 1.7526
    vertex 20.1797586171681 -0.160374030668135 1.72274080157712
  endloop
endfacet
facet normal 0.0922959556412342 -0.0922959556412344 0.991444861373815
  outer loop
    vertex 20.0193845865 2.25597318603832e-014 1.7526
    vertex 21.4102884051384 1.07015575730214 1.72274080157712
    vertex 21.1834852759151 1.16410068941511 1.7526
  endloop
endfacet
facet normal -0.701057384649978 0.701057384649981 0.130526192220035
  outer loop
    vertex 19.4208605558318 0.598524030668169 1.10310312922332
    vertex 20.3071852759151 1.52707603412265 0.876299999999983
    vertex 19.3997469141462 0.619637672353783 0.876299999999983
  endloop
endfacet
facet normal -0.701057384649978 0.701057384649981 0.130526192220035
  outer loop
    vertex 20.3071852759151 1.52707603412265 0.876299999999983
    vertex 19.4208605558318 0.598524030668169 1.10310312922332
    vertex 20.337044474338 1.5147079491743 1.10310312922332
  endloop
endfacet
facet normal -0.707106781186549 -0.707106781186546 -2.34857261219714e-016
  outer loop
    vertex 19.8590105558318 0.160374030668177 1.7227408015771
    vertex 20.1797586171681 -0.160374030668135 1.72274080157712
    vertex 20.0193845865 2.25597318603832e-014 1.7526
  endloop
endfacet
facet normal -0.707106781186549 -0.707106781186546 -2.34857261219714e-016
  outer loop
    vertex 20.1797586171681 -0.160374030668135 1.72274080157712
    vertex 19.8590105558318 0.160374030668177 1.7227408015771
    vertex 20.3292034226769 -0.309818836176864 1.6351980613363
  endloop
endfacet
facet normal -0.707106781186549 -0.707106781186546 -2.34857261219714e-016
  outer loop
    vertex 20.3292034226769 -0.309818836176864 1.6351980613363
    vertex 19.8590105558318 0.160374030668177 1.7227408015771
    vertex 19.7095657503231 0.309818836176912 1.6351980613363
  endloop
endfacet
facet normal -0.707106781186549 -0.707106781186546 -2.34857261219714e-016
  outer loop
    vertex 20.3292034226769 -0.309818836176864 1.6351980613363
    vertex 19.7095657503231 0.309818836176912 1.6351980613363
    vertex 19.5812345865 0.438150000000024 1.49593767235376
  endloop
endfacet
facet normal -0.707106781186549 -0.707106781186546 -2.34857261219714e-016
  outer loop
    vertex 20.3292034226769 -0.309818836176864 1.6351980613363
    vertex 19.5812345865 0.438150000000024 1.49593767235376
    vertex 20.4575345865 -0.438149999999976 1.49593767235379
  endloop
endfacet
facet normal -0.707106781186549 -0.707106781186546 -2.34857261219714e-016
  outer loop
    vertex 20.4575345865 -0.438149999999976 1.49593767235379
    vertex 19.5812345865 0.438150000000024 1.49593767235376
    vertex 20.5560065519002 -0.536621965400215 1.31445000000002
  endloop
endfacet
facet normal -0.707106781186549 -0.707106781186546 -2.34857261219714e-016
  outer loop
    vertex 20.5560065519002 -0.536621965400215 1.31445000000002
    vertex 19.5812345865 0.438150000000024 1.49593767235376
    vertex 19.4827626210998 0.53662196540025 1.31444999999998
  endloop
endfacet
facet normal -0.707106781186549 -0.707106781186546 -2.34857261219714e-016
  outer loop
    vertex 20.5560065519002 -0.536621965400215 1.31445000000002
    vertex 19.4827626210998 0.53662196540025 1.31444999999998
    vertex 20.6179086171681 -0.598524030668147 1.10310312922336
  endloop
endfacet
facet normal -0.707106781186549 -0.707106781186546 -2.34857261219714e-016
  outer loop
    vertex 20.6179086171681 -0.598524030668147 1.10310312922336
    vertex 19.4827626210998 0.53662196540025 1.31444999999998
    vertex 19.4208605558318 0.598524030668169 1.10310312922332
  endloop
endfacet
facet normal -0.707106781186549 -0.707106781186546 -2.34857261219714e-016
  outer loop
    vertex 20.6179086171681 -0.598524030668147 1.10310312922336
    vertex 19.4208605558318 0.598524030668169 1.10310312922332
    vertex 20.6390222588538 -0.619637672353764 0.876300000000017
  endloop
endfacet
facet normal -0.707106781186549 -0.707106781186546 -2.34857261219714e-016
  outer loop
    vertex 20.6390222588538 -0.619637672353764 0.876300000000017
    vertex 19.4208605558318 0.598524030668169 1.10310312922332
    vertex 19.3997469141462 0.619637672353783 0.876299999999983
  endloop
endfacet
facet normal -0.707106781186549 -0.707106781186546 -2.34857261219714e-016
  outer loop
    vertex 20.6390222588538 -0.619637672353764 0.876300000000017
    vertex 19.3997469141462 0.619637672353783 0.876299999999983
    vertex 20.6179086171682 -0.598524030668153 0.649496870776677
  endloop
endfacet
facet normal -0.707106781186549 -0.707106781186546 -2.34857261219714e-016
  outer loop
    vertex 20.6179086171682 -0.598524030668153 0.649496870776677
    vertex 19.3997469141462 0.619637672353783 0.876299999999983
    vertex 19.4208605558318 0.598524030668163 0.649496870776643
  endloop
endfacet
facet normal -0.707106781186549 -0.707106781186546 -2.34857261219714e-016
  outer loop
    vertex 20.6179086171682 -0.598524030668153 0.649496870776677
    vertex 19.4208605558318 0.598524030668163 0.649496870776643
    vertex 20.5560065519002 -0.536621965400221 0.438150000000017
  endloop
endfacet
facet normal -0.707106781186549 -0.707106781186546 -2.34857261219714e-016
  outer loop
    vertex 20.5560065519002 -0.536621965400221 0.438150000000017
    vertex 19.4208605558318 0.598524030668163 0.649496870776643
    vertex 19.4827626210998 0.53662196540023 0.438149999999983
  endloop
endfacet
facet normal -0.707106781186549 -0.707106781186546 -2.34857261219714e-016
  outer loop
    vertex 20.5560065519002 -0.536621965400221 0.438150000000017
    vertex 19.4827626210998 0.53662196540023 0.438149999999983
    vertex 20.4575345865 -0.438150000000002 0.25666232764624
  endloop
endfacet
facet normal -0.707106781186549 -0.707106781186546 -2.34857261219714e-016
  outer loop
    vertex 20.4575345865 -0.438150000000002 0.25666232764624
    vertex 19.4827626210998 0.53662196540023 0.438149999999983
    vertex 19.5812345865 0.438150000000008 0.256662327646207
  endloop
endfacet
facet normal -0.707106781186549 -0.707106781186546 -2.34857261219714e-016
  outer loop
    vertex 20.4575345865 -0.438150000000002 0.25666232764624
    vertex 19.5812345865 0.438150000000008 0.256662327646207
    vertex 20.3292034226769 -0.309818836176888 0.117401938663697
  endloop
endfacet
facet normal -0.707106781186549 -0.707106781186546 -2.34857261219714e-016
  outer loop
    vertex 20.3292034226769 -0.309818836176888 0.117401938663697
    vertex 19.5812345865 0.438150000000008 0.256662327646207
    vertex 19.7095657503231 0.309818836176879 0.117401938663696
  endloop
endfacet
facet normal -0.707106781186549 -0.707106781186546 -2.34857261219714e-016
  outer loop
    vertex 20.3292034226769 -0.309818836176888 0.117401938663697
    vertex 19.7095657503231 0.309818836176879 0.117401938663696
    vertex 19.8590105558319 0.160374030668151 0.029859198422883
  endloop
endfacet
facet normal -0.707106781186549 -0.707106781186546 -2.34857261219714e-016
  outer loop
    vertex 20.3292034226769 -0.309818836176888 0.117401938663697
    vertex 19.8590105558319 0.160374030668151 0.029859198422883
    vertex 20.1797586171682 -0.160374030668161 0.0298591984228996
  endloop
endfacet
facet normal -0.707106781186549 -0.707106781186546 -2.34857261219714e-016
  outer loop
    vertex 20.1797586171682 -0.160374030668161 0.0298591984228996
    vertex 19.8590105558319 0.160374030668151 0.029859198422883
    vertex 20.0193845865 -7.04991620636974e-016 0.0
  endloop
endfacet
facet normal -0.653281482438197 0.653281482438201 0.382683432365054
  outer loop
    vertex 19.4827626210998 0.53662196540025 1.31444999999998
    vertex 20.337044474338 1.5147079491743 1.10310312922332
    vertex 19.4208605558318 0.598524030668169 1.10310312922332
  endloop
endfacet
facet normal -0.653281482438197 0.653281482438201 0.382683432365054
  outer loop
    vertex 20.337044474338 1.5147079491743 1.10310312922332
    vertex 19.4827626210998 0.53662196540025 1.31444999999998
    vertex 20.4245872145788 1.47844655887926 1.31444999999998
  endloop
endfacet
facet normal -0.653281482438179 0.653281482438182 -0.382683432365116
  outer loop
    vertex 20.337044474338 1.5147079491743 0.649496870776643
    vertex 19.4827626210998 0.53662196540023 0.438149999999983
    vertex 19.4208605558318 0.598524030668163 0.649496870776643
  endloop
endfacet
facet normal -0.653281482438179 0.653281482438182 -0.382683432365116
  outer loop
    vertex 19.4827626210998 0.53662196540023 0.438149999999983
    vertex 20.337044474338 1.5147079491743 0.649496870776643
    vertex 20.4245872145788 1.47844655887925 0.438149999999983
  endloop
endfacet
facet normal -0.430459334576838 0.43045933457684 -0.793353340291279
  outer loop
    vertex 19.5812345865 0.438150000000008 0.256662327646207
    vertex 20.7453352759151 1.34558836176887 0.117401938663696
    vertex 19.7095657503231 0.309818836176879 0.117401938663696
  endloop
endfacet
facet normal -0.430459334576838 0.43045933457684 -0.793353340291279
  outer loop
    vertex 20.7453352759151 1.34558836176887 0.117401938663696
    vertex 19.5812345865 0.438150000000008 0.256662327646207
    vertex 20.5638476035613 1.42076301706133 0.256662327646206
  endloop
endfacet
facet normal -0.270598050073099 0.270598050073101 0.923879532511286
  outer loop
    vertex 20.9566821466917 1.25804562152808 1.7227408015771
    vertex 19.7095657503231 0.309818836176912 1.6351980613363
    vertex 19.8590105558318 0.160374030668177 1.7227408015771
  endloop
endfacet
facet normal -0.270598050073099 0.270598050073101 0.923879532511286
  outer loop
    vertex 19.7095657503231 0.309818836176912 1.6351980613363
    vertex 20.9566821466917 1.25804562152808 1.7227408015771
    vertex 20.7453352759151 1.34558836176889 1.6351980613363
  endloop
endfacet
facet normal 0.701057384649978 -0.701057384649982 0.130526192220027
  outer loop
    vertex 20.6390222588538 -0.619637672353764 0.876300000000017
    vertex 22.0299260774922 0.813493429655909 1.10310312922336
    vertex 20.6179086171681 -0.598524030668147 1.10310312922336
  endloop
endfacet
facet normal 0.701057384649978 -0.701057384649982 0.130526192220027
  outer loop
    vertex 22.0299260774922 0.813493429655909 1.10310312922336
    vertex 20.6390222588538 -0.619637672353764 0.876300000000017
    vertex 21.1834852759151 -0.075174655292444 0.876300000000017
  endloop
endfacet
facet normal 0.701057384649978 -0.701057384649982 0.130526192220027
  outer loop
    vertex 22.0299260774922 0.813493429655909 1.10310312922336
    vertex 21.1834852759151 -0.075174655292444 0.876300000000017
    vertex 22.0597852759151 0.801125344707562 0.876300000000016
  endloop
endfacet
facet normal -0.560985526796932 0.560985526796935 -0.608761429008716
  outer loop
    vertex 19.4827626210998 0.53662196540023 0.438149999999983
    vertex 20.5638476035613 1.42076301706133 0.256662327646206
    vertex 19.5812345865 0.438150000000008 0.256662327646207
  endloop
endfacet
facet normal -0.560985526796932 0.560985526796935 -0.608761429008716
  outer loop
    vertex 20.5638476035613 1.42076301706133 0.256662327646206
    vertex 19.4827626210998 0.53662196540023 0.438149999999983
    vertex 20.4245872145788 1.47844655887925 0.438149999999983
  endloop
endfacet
facet normal 0.793353340291236 2.19361407527504e-016 0.608761429008719
  outer loop
    vertex 21.0593676198449 58.7597368822688 1.31445
    vertex 20.9201072308624 61.9505910128046 1.49593767235377
    vertex 20.9201072308624 58.7020533404508 1.49593767235377
  endloop
endfacet
facet normal 0.793353340291236 2.19361407527504e-016 0.608761429008719
  outer loop
    vertex 20.9201072308624 61.9505910128046 1.49593767235377
    vertex 21.0593676198449 58.7597368822688 1.31445
    vertex 21.0593676198449 61.9505910128046 1.31444999999999
  endloop
endfacet
facet normal -0.382683432365053 3.32844833974074e-016 0.923879532511302
  outer loop
    vertex 20.0736664292853 58.3514460806917 1.72274080157708
    vertex 19.8623195585086 61.9505910128046 1.63519806133628
    vertex 19.8623195585086 58.2639033404509 1.63519806133628
  endloop
endfacet
facet normal -0.382683432365053 3.32844833974074e-016 0.923879532511302
  outer loop
    vertex 19.8623195585086 61.9505910128046 1.63519806133628
    vertex 20.0736664292853 58.3514460806917 1.72274080157708
    vertex 20.0736664292853 61.9505910128046 1.72274080157708
  endloop
endfacet
facet normal -0.130526192220024 -3.57754883564462e-016 -0.991444861373814
  outer loop
    vertex 20.0736664292853 61.9505910128046 0.0298591984228608
    vertex 20.3004695585086 58.4453910128046 -2.11497486191092e-014
    vertex 20.0736664292853 58.3514460806917 0.0298591984228619
  endloop
endfacet
facet normal -0.130526192220024 -3.57754883564462e-016 -0.991444861373814
  outer loop
    vertex 20.3004695585086 58.4453910128046 -2.11497486191092e-014
    vertex 20.0736664292853 61.9505910128046 0.0298591984228608
    vertex 20.3004695585086 61.9505910128046 -2.22072360500647e-014
  endloop
endfacet
facet normal -0.923879532511289 1.37708349075281e-016 0.382683432365084
  outer loop
    vertex 19.4540287569315 61.9505910128046 1.1031031292233
    vertex 19.5415714971723 58.1310451433405 1.31444999999996
    vertex 19.5415714971723 61.9505910128046 1.31444999999996
  endloop
endfacet
facet normal -0.923879532511289 1.37708349075281e-016 0.382683432365084
  outer loop
    vertex 19.5415714971723 58.1310451433405 1.31444999999996
    vertex 19.4540287569315 61.9505910128046 1.1031031292233
    vertex 19.4540287569315 58.0947837530454 1.1031031292233
  endloop
endfacet
facet normal 0.382683432365053 -3.32619543736447e-016 -0.923879532511302
  outer loop
    vertex 20.527272687732 61.9505910128046 0.0298591984228774
    vertex 20.7386195585086 58.6268786851584 0.117401938663675
    vertex 20.527272687732 58.5393359449176 0.0298591984228784
  endloop
endfacet
facet normal 0.382683432365053 -3.32619543736447e-016 -0.923879532511302
  outer loop
    vertex 20.7386195585086 58.6268786851584 0.117401938663675
    vertex 20.527272687732 61.9505910128046 0.0298591984228774
    vertex 20.7386195585086 61.9505910128046 0.117401938663674
  endloop
endfacet
facet normal -0.608761429008651 -2.86303578358503e-016 -0.793353340291289
  outer loop
    vertex 19.6808318861549 61.9505910128046 0.256662327646184
    vertex 19.8623195585086 58.2639033404509 0.117401938663676
    vertex 19.6808318861549 58.1887286851584 0.256662327646186
  endloop
endfacet
facet normal -0.608761429008651 -2.86303578358503e-016 -0.793353340291289
  outer loop
    vertex 19.8623195585086 58.2639033404509 0.117401938663676
    vertex 19.6808318861549 61.9505910128046 0.256662327646184
    vertex 19.8623195585086 61.9505910128046 0.117401938663674
  endloop
endfacet
facet normal 0.923879532511276 1.37899151239965e-016 0.382683432365115
  outer loop
    vertex 21.1469103600857 58.7959982725638 1.10310312922334
    vertex 21.0593676198449 61.9505910128046 1.31444999999999
    vertex 21.0593676198449 58.7597368822688 1.31445
  endloop
endfacet
facet normal 0.923879532511276 1.37899151239965e-016 0.382683432365115
  outer loop
    vertex 21.0593676198449 61.9505910128046 1.31444999999999
    vertex 21.1469103600857 58.7959982725638 1.10310312922334
    vertex 21.1469103600857 61.9505910128046 1.10310312922333
  endloop
endfacet
facet normal -0.60876142900876 2.85689591338162e-016 0.793353340291205
  outer loop
    vertex 19.8623195585086 58.2639033404509 1.63519806133628
    vertex 19.6808318861548 61.9505910128046 1.49593767235374
    vertex 19.6808318861548 58.1887286851584 1.49593767235374
  endloop
endfacet
facet normal -0.60876142900876 2.85689591338162e-016 0.793353340291205
  outer loop
    vertex 19.6808318861548 61.9505910128046 1.49593767235374
    vertex 19.8623195585086 58.2639033404509 1.63519806133628
    vertex 19.8623195585086 61.9505910128046 1.63519806133628
  endloop
endfacet
facet normal -0.991444861373809 -4.65378465056256e-017 -0.13052619222006
  outer loop
    vertex 19.4540287569315 61.9505910128046 0.649496870776621
    vertex 19.4241695585086 58.0824156680971 0.876299999999963
    vertex 19.4241695585086 61.9505910128046 0.876299999999961
  endloop
endfacet
facet normal -0.991444861373809 -4.65378465056256e-017 -0.13052619222006
  outer loop
    vertex 19.4241695585086 58.0824156680971 0.876299999999963
    vertex 19.4540287569315 61.9505910128046 0.649496870776621
    vertex 19.4540287569315 58.0947837530454 0.649496870776622
  endloop
endfacet
facet normal 0.991444861373814 -4.70691601987713e-017 -0.130526192220024
  outer loop
    vertex 21.1469103600857 58.7959982725638 0.649496870776655
    vertex 21.1767695585086 61.9505910128046 0.876299999999994
    vertex 21.1767695585086 58.8083663575122 0.876299999999995
  endloop
endfacet
facet normal 0.991444861373814 -4.70691601987713e-017 -0.130526192220024
  outer loop
    vertex 21.1767695585086 61.9505910128046 0.876299999999994
    vertex 21.1469103600857 58.7959982725638 0.649496870776655
    vertex 21.1469103600857 61.9505910128046 0.649496870776654
  endloop
endfacet
facet normal 0.608761429008651 2.87273648476868e-016 0.793353340291289
  outer loop
    vertex 20.9201072308624 58.7020533404508 1.49593767235377
    vertex 20.7386195585086 61.9505910128046 1.63519806133628
    vertex 20.7386195585086 58.6268786851584 1.63519806133628
  endloop
endfacet
facet normal 0.608761429008651 2.87273648476868e-016 0.793353340291289
  outer loop
    vertex 20.7386195585086 61.9505910128046 1.63519806133628
    vertex 20.9201072308624 58.7020533404508 1.49593767235377
    vertex 20.9201072308624 61.9505910128046 1.49593767235377
  endloop
endfacet
facet normal -0.793353340291236 -2.19697144825432e-016 -0.608761429008719
  outer loop
    vertex 19.6808318861549 61.9505910128046 0.256662327646184
    vertex 19.5415714971723 58.1310451433405 0.438149999999962
    vertex 19.5415714971723 61.9505910128046 0.438149999999961
  endloop
endfacet
facet normal -0.793353340291236 -2.19697144825432e-016 -0.608761429008719
  outer loop
    vertex 19.5415714971723 58.1310451433405 0.438149999999962
    vertex 19.6808318861549 61.9505910128046 0.256662327646184
    vertex 19.6808318861549 58.1887286851584 0.256662327646186
  endloop
endfacet
facet normal 0.991444861373809 4.62557699346747e-017 0.13052619222006
  outer loop
    vertex 21.1767695585086 58.8083663575122 0.876299999999995
    vertex 21.1469103600857 61.9505910128046 1.10310312922333
    vertex 21.1469103600857 58.7959982725638 1.10310312922334
  endloop
endfacet
facet normal 0.991444861373809 4.62557699346747e-017 0.13052619222006
  outer loop
    vertex 21.1469103600857 61.9505910128046 1.10310312922333
    vertex 21.1767695585086 58.8083663575122 0.876299999999995
    vertex 21.1767695585086 61.9505910128046 0.876299999999994
  endloop
endfacet
facet normal 0.793353340291254 -2.20476338334633e-016 -0.608761429008696
  outer loop
    vertex 20.9201072308624 58.7020533404509 0.256662327646219
    vertex 21.0593676198449 61.9505910128046 0.438149999999994
    vertex 21.0593676198449 58.7597368822688 0.438149999999995
  endloop
endfacet
facet normal 0.793353340291254 -2.20476338334633e-016 -0.608761429008696
  outer loop
    vertex 21.0593676198449 61.9505910128046 0.438149999999994
    vertex 20.9201072308624 58.7020533404509 0.256662327646219
    vertex 20.9201072308624 61.9505910128046 0.256662327646218
  endloop
endfacet
facet normal 0.60876142900876 -2.86541368346653e-016 -0.793353340291205
  outer loop
    vertex 20.7386195585086 61.9505910128046 0.117401938663674
    vertex 20.9201072308624 58.7020533404509 0.256662327646219
    vertex 20.7386195585086 58.6268786851584 0.117401938663675
  endloop
endfacet
facet normal 0.60876142900876 -2.86541368346653e-016 -0.793353340291205
  outer loop
    vertex 20.9201072308624 58.7020533404509 0.256662327646219
    vertex 20.7386195585086 61.9505910128046 0.117401938663674
    vertex 20.9201072308624 61.9505910128046 0.256662327646218
  endloop
endfacet
facet normal 0.130526192220095 -3.57694898955733e-016 -0.991444861373805
  outer loop
    vertex 20.3004695585086 61.9505910128046 -2.22072360500647e-014
    vertex 20.527272687732 58.5393359449176 0.0298591984228784
    vertex 20.3004695585086 58.4453910128046 -2.11497486191092e-014
  endloop
endfacet
facet normal 0.130526192220095 -3.57694898955733e-016 -0.991444861373805
  outer loop
    vertex 20.527272687732 58.5393359449176 0.0298591984228784
    vertex 20.3004695585086 61.9505910128046 -2.22072360500647e-014
    vertex 20.527272687732 61.9505910128046 0.0298591984228774
  endloop
endfacet
facet normal -0.130526192220095 3.5756201433623e-016 0.991444861373805
  outer loop
    vertex 20.3004695585086 58.4453910128046 1.75259999999998
    vertex 20.0736664292853 61.9505910128046 1.72274080157708
    vertex 20.0736664292853 58.3514460806917 1.72274080157708
  endloop
endfacet
facet normal -0.130526192220095 3.5756201433623e-016 0.991444861373805
  outer loop
    vertex 20.0736664292853 61.9505910128046 1.72274080157708
    vertex 20.3004695585086 58.4453910128046 1.75259999999998
    vertex 20.3004695585086 61.9505910128046 1.75259999999998
  endloop
endfacet
facet normal 0.0 1.0 -3.60822483003176e-016
  outer loop
    vertex 19.4540287569315 61.9505910128046 1.1031031292233
    vertex 19.4540287569315 61.9505910128046 0.649496870776621
    vertex 19.4241695585086 61.9505910128046 0.876299999999961
  endloop
endfacet
facet normal 0.0 1.0 -3.60822483003176e-016
  outer loop
    vertex 19.4540287569315 61.9505910128046 0.649496870776621
    vertex 19.4540287569315 61.9505910128046 1.1031031292233
    vertex 19.5415714971723 61.9505910128046 1.31444999999996
  endloop
endfacet
facet normal 0.0 1.0 -3.60822483003176e-016
  outer loop
    vertex 19.4540287569315 61.9505910128046 0.649496870776621
    vertex 19.5415714971723 61.9505910128046 1.31444999999996
    vertex 19.5415714971723 61.9505910128046 0.438149999999961
  endloop
endfacet
facet normal 0.0 1.0 -3.60822483003176e-016
  outer loop
    vertex 19.5415714971723 61.9505910128046 0.438149999999961
    vertex 19.5415714971723 61.9505910128046 1.31444999999996
    vertex 19.6808318861548 61.9505910128046 1.49593767235374
  endloop
endfacet
facet normal 0.0 1.0 -3.60822483003176e-016
  outer loop
    vertex 19.5415714971723 61.9505910128046 0.438149999999961
    vertex 19.6808318861548 61.9505910128046 1.49593767235374
    vertex 19.6808318861549 61.9505910128046 0.256662327646184
  endloop
endfacet
facet normal 0.0 1.0 -3.60822483003176e-016
  outer loop
    vertex 19.6808318861549 61.9505910128046 0.256662327646184
    vertex 19.6808318861548 61.9505910128046 1.49593767235374
    vertex 19.8623195585086 61.9505910128046 1.63519806133628
  endloop
endfacet
facet normal 0.0 1.0 -3.60822483003176e-016
  outer loop
    vertex 19.6808318861549 61.9505910128046 0.256662327646184
    vertex 19.8623195585086 61.9505910128046 1.63519806133628
    vertex 19.8623195585086 61.9505910128046 0.117401938663674
  endloop
endfacet
facet normal 0.0 1.0 -3.60822483003176e-016
  outer loop
    vertex 19.8623195585086 61.9505910128046 0.117401938663674
    vertex 19.8623195585086 61.9505910128046 1.63519806133628
    vertex 20.0736664292853 61.9505910128046 1.72274080157708
  endloop
endfacet
facet normal 0.0 1.0 -3.60822483003176e-016
  outer loop
    vertex 19.8623195585086 61.9505910128046 0.117401938663674
    vertex 20.0736664292853 61.9505910128046 1.72274080157708
    vertex 20.0736664292853 61.9505910128046 0.0298591984228608
  endloop
endfacet
facet normal 0.0 1.0 -3.60822483003176e-016
  outer loop
    vertex 20.0736664292853 61.9505910128046 0.0298591984228608
    vertex 20.0736664292853 61.9505910128046 1.72274080157708
    vertex 20.3004695585086 61.9505910128046 1.75259999999998
  endloop
endfacet
facet normal 0.0 1.0 -3.60822483003176e-016
  outer loop
    vertex 20.0736664292853 61.9505910128046 0.0298591984228608
    vertex 20.3004695585086 61.9505910128046 1.75259999999998
    vertex 20.3004695585086 61.9505910128046 -2.22072360500647e-014
  endloop
endfacet
facet normal 0.0 1.0 -3.60822483003176e-016
  outer loop
    vertex 20.3004695585086 61.9505910128046 -2.22072360500647e-014
    vertex 20.3004695585086 61.9505910128046 1.75259999999998
    vertex 20.5272726877319 61.9505910128046 1.72274080157709
  endloop
endfacet
facet normal 0.0 1.0 -3.60822483003176e-016
  outer loop
    vertex 20.3004695585086 61.9505910128046 -2.22072360500647e-014
    vertex 20.5272726877319 61.9505910128046 1.72274080157709
    vertex 20.527272687732 61.9505910128046 0.0298591984228774
  endloop
endfacet
facet normal 0.0 1.0 -3.60822483003176e-016
  outer loop
    vertex 20.527272687732 61.9505910128046 0.0298591984228774
    vertex 20.5272726877319 61.9505910128046 1.72274080157709
    vertex 20.7386195585086 61.9505910128046 1.63519806133628
  endloop
endfacet
facet normal 0.0 1.0 -3.60822483003176e-016
  outer loop
    vertex 20.527272687732 61.9505910128046 0.0298591984228774
    vertex 20.7386195585086 61.9505910128046 1.63519806133628
    vertex 20.7386195585086 61.9505910128046 0.117401938663674
  endloop
endfacet
facet normal 0.0 1.0 -3.60822483003176e-016
  outer loop
    vertex 20.7386195585086 61.9505910128046 0.117401938663674
    vertex 20.7386195585086 61.9505910128046 1.63519806133628
    vertex 20.9201072308624 61.9505910128046 1.49593767235377
  endloop
endfacet
facet normal 0.0 1.0 -3.60822483003176e-016
  outer loop
    vertex 20.7386195585086 61.9505910128046 0.117401938663674
    vertex 20.9201072308624 61.9505910128046 1.49593767235377
    vertex 20.9201072308624 61.9505910128046 0.256662327646218
  endloop
endfacet
facet normal 0.0 1.0 -3.60822483003176e-016
  outer loop
    vertex 20.9201072308624 61.9505910128046 0.256662327646218
    vertex 20.9201072308624 61.9505910128046 1.49593767235377
    vertex 21.0593676198449 61.9505910128046 1.31444999999999
  endloop
endfacet
facet normal 0.0 1.0 -3.60822483003176e-016
  outer loop
    vertex 20.9201072308624 61.9505910128046 0.256662327646218
    vertex 21.0593676198449 61.9505910128046 1.31444999999999
    vertex 21.0593676198449 61.9505910128046 0.438149999999994
  endloop
endfacet
facet normal 0.0 1.0 -3.60822483003176e-016
  outer loop
    vertex 21.0593676198449 61.9505910128046 0.438149999999994
    vertex 21.0593676198449 61.9505910128046 1.31444999999999
    vertex 21.1469103600857 61.9505910128046 1.10310312922333
  endloop
endfacet
facet normal 0.0 1.0 -3.60822483003176e-016
  outer loop
    vertex 21.0593676198449 61.9505910128046 0.438149999999994
    vertex 21.1469103600857 61.9505910128046 1.10310312922333
    vertex 21.1469103600857 61.9505910128046 0.649496870776654
  endloop
endfacet
facet normal 0.0 1.0 -3.60822483003176e-016
  outer loop
    vertex 21.1469103600857 61.9505910128046 0.649496870776654
    vertex 21.1469103600857 61.9505910128046 1.10310312922333
    vertex 21.1767695585086 61.9505910128046 0.876299999999994
  endloop
endfacet
facet normal 0.382683432365115 3.33448627314044e-016 0.923879532511276
  outer loop
    vertex 20.7386195585086 58.6268786851584 1.63519806133628
    vertex 20.5272726877319 61.9505910128046 1.72274080157709
    vertex 20.5272726877319 58.5393359449176 1.7227408015771
  endloop
endfacet
facet normal 0.382683432365115 3.33448627314044e-016 0.923879532511276
  outer loop
    vertex 20.5272726877319 61.9505910128046 1.72274080157709
    vertex 20.7386195585086 58.6268786851584 1.63519806133628
    vertex 20.7386195585086 61.9505910128046 1.63519806133628
  endloop
endfacet
facet normal -0.382683432365115 -3.33435225830758e-016 -0.923879532511276
  outer loop
    vertex 19.8623195585086 61.9505910128046 0.117401938663674
    vertex 20.0736664292853 58.3514460806917 0.0298591984228619
    vertex 19.8623195585086 58.2639033404509 0.117401938663676
  endloop
endfacet
facet normal -0.382683432365115 -3.33435225830758e-016 -0.923879532511276
  outer loop
    vertex 20.0736664292853 58.3514460806917 0.0298591984228619
    vertex 19.8623195585086 61.9505910128046 0.117401938663674
    vertex 20.0736664292853 61.9505910128046 0.0298591984228608
  endloop
endfacet
facet normal 0.130526192220024 3.5816292234362e-016 0.991444861373814
  outer loop
    vertex 20.5272726877319 58.5393359449176 1.7227408015771
    vertex 20.3004695585086 61.9505910128046 1.75259999999998
    vertex 20.3004695585086 58.4453910128046 1.75259999999998
  endloop
endfacet
facet normal 0.130526192220024 3.5816292234362e-016 0.991444861373814
  outer loop
    vertex 20.3004695585086 61.9505910128046 1.75259999999998
    vertex 20.5272726877319 58.5393359449176 1.7227408015771
    vertex 20.5272726877319 61.9505910128046 1.72274080157709
  endloop
endfacet
facet normal -0.991444861373814 4.72885373183322e-017 0.130526192220024
  outer loop
    vertex 19.4241695585086 61.9505910128046 0.876299999999961
    vertex 19.4540287569315 58.0947837530454 1.1031031292233
    vertex 19.4540287569315 61.9505910128046 1.1031031292233
  endloop
endfacet
facet normal -0.991444861373814 4.72885373183322e-017 0.130526192220024
  outer loop
    vertex 19.4540287569315 58.0947837530454 1.1031031292233
    vertex 19.4241695585086 61.9505910128046 0.876299999999961
    vertex 19.4241695585086 58.0824156680971 0.876299999999963
  endloop
endfacet
facet normal -0.793353340291254 2.20247492726694e-016 0.608761429008696
  outer loop
    vertex 19.5415714971723 61.9505910128046 1.31444999999996
    vertex 19.6808318861548 58.1887286851584 1.49593767235374
    vertex 19.6808318861548 61.9505910128046 1.49593767235374
  endloop
endfacet
facet normal -0.793353340291254 2.20247492726694e-016 0.608761429008696
  outer loop
    vertex 19.6808318861548 58.1887286851584 1.49593767235374
    vertex 19.5415714971723 61.9505910128046 1.31444999999996
    vertex 19.5415714971723 58.1310451433405 1.31444999999996
  endloop
endfacet
facet normal 0.923879532511289 -1.36549862444227e-016 -0.382683432365084
  outer loop
    vertex 21.0593676198449 58.7597368822688 0.438149999999995
    vertex 21.1469103600857 61.9505910128046 0.649496870776654
    vertex 21.1469103600857 58.7959982725638 0.649496870776655
  endloop
endfacet
facet normal 0.923879532511289 -1.36549862444227e-016 -0.382683432365084
  outer loop
    vertex 21.1469103600857 61.9505910128046 0.649496870776654
    vertex 21.0593676198449 58.7597368822688 0.438149999999995
    vertex 21.0593676198449 61.9505910128046 0.438149999999994
  endloop
endfacet
facet normal -0.923879532511276 -1.38453223465026e-016 -0.382683432365115
  outer loop
    vertex 19.5415714971723 61.9505910128046 0.438149999999961
    vertex 19.4540287569315 58.0947837530454 0.649496870776622
    vertex 19.4540287569315 61.9505910128046 0.649496870776621
  endloop
endfacet
facet normal -0.923879532511276 -1.38453223465026e-016 -0.382683432365115
  outer loop
    vertex 19.4540287569315 58.0947837530454 0.649496870776622
    vertex 19.5415714971723 61.9505910128046 0.438149999999961
    vertex 19.5415714971723 58.1310451433405 0.438149999999962
  endloop
endfacet
facet normal -0.270598050073114 -0.270598050073114 -0.923879532511278
  outer loop
    vertex 19.8623195585086 58.2639033404509 0.117401938663676
    vertex 22.2711321466918 56.1539803632852 0.0298591984228629
    vertex 22.0597852759151 56.0664376230444 0.117401938663676
  endloop
endfacet
facet normal -0.270598050073114 -0.270598050073114 -0.923879532511278
  outer loop
    vertex 22.2711321466918 56.1539803632852 0.0298591984228629
    vertex 19.8623195585086 58.2639033404509 0.117401938663676
    vertex 20.0736664292853 58.3514460806917 0.0298591984228619
  endloop
endfacet
facet normal -0.092295955641287 -0.0922959556412865 0.991444861373805
  outer loop
    vertex 22.4979352759151 56.2479252953982 1.75259999999998
    vertex 20.0736664292853 58.3514460806917 1.72274080157708
    vertex 22.2711321466917 56.1539803632852 1.72274080157708
  endloop
endfacet
facet normal -0.092295955641287 -0.0922959556412865 0.991444861373805
  outer loop
    vertex 20.0736664292853 58.3514460806917 1.72274080157708
    vertex 22.4979352759151 56.2479252953982 1.75259999999998
    vertex 20.3004695585086 58.4453910128046 1.75259999999998
  endloop
endfacet
facet normal -0.701057384649982 -0.70105738464998 0.130526192220018
  outer loop
    vertex 19.4241695585086 58.0824156680971 0.876299999999963
    vertex 21.651494474338 55.897318035639 1.1031031292233
    vertex 19.4540287569315 58.0947837530454 1.1031031292233
  endloop
endfacet
facet normal -0.701057384649982 -0.70105738464998 0.130526192220018
  outer loop
    vertex 21.651494474338 55.897318035639 1.1031031292233
    vertex 19.4241695585086 58.0824156680971 0.876299999999963
    vertex 21.6216352759151 55.8849499506906 0.876299999999963
  endloop
endfacet
facet normal 0.27059805007312 0.27059805007312 0.923879532511274
  outer loop
    vertex 22.9360852759151 56.4294129677519 1.63519806133628
    vertex 20.5272726877319 58.5393359449176 1.7227408015771
    vertex 22.7247384051384 56.3418702275111 1.7227408015771
  endloop
endfacet
facet normal 0.27059805007312 0.27059805007312 0.923879532511274
  outer loop
    vertex 20.5272726877319 58.5393359449176 1.7227408015771
    vertex 22.9360852759151 56.4294129677519 1.63519806133628
    vertex 20.7386195585086 58.6268786851584 1.63519806133628
  endloop
endfacet
facet normal -0.701057384649979 -0.701057384649978 -0.130526192220043
  outer loop
    vertex 19.4540287569315 58.0947837530454 0.649496870776622
    vertex 21.6216352759151 55.8849499506906 0.876299999999963
    vertex 19.4241695585086 58.0824156680971 0.876299999999963
  endloop
endfacet
facet normal -0.701057384649979 -0.701057384649978 -0.130526192220043
  outer loop
    vertex 21.6216352759151 55.8849499506906 0.876299999999963
    vertex 19.4540287569315 58.0947837530454 0.649496870776622
    vertex 21.651494474338 55.897318035639 0.649496870776623
  endloop
endfacet
facet normal 0.270598050073074 0.270598050073074 -0.923879532511301
  outer loop
    vertex 20.527272687732 58.5393359449176 0.0298591984228784
    vertex 22.9360852759151 56.4294129677519 0.117401938663676
    vertex 22.7247384051384 56.3418702275111 0.0298591984228795
  endloop
endfacet
facet normal 0.270598050073074 0.270598050073074 -0.923879532511301
  outer loop
    vertex 22.9360852759151 56.4294129677519 0.117401938663676
    vertex 20.527272687732 58.5393359449176 0.0298591984228784
    vertex 20.7386195585086 58.6268786851584 0.117401938663675
  endloop
endfacet
facet normal -0.130526192220024 -3.57769703912279e-016 -0.991444861373814
  outer loop
    vertex 22.2711321466918 9.31349022617162 0.0298591984228798
    vertex 22.4979352759151 56.2479252953982 -2.00922611881538e-014
    vertex 22.4979352759151 9.21954529405866 -3.17246229286638e-015
  endloop
endfacet
facet normal -0.130526192220024 -3.57769703912279e-016 -0.991444861373814
  outer loop
    vertex 22.4979352759151 56.2479252953982 -2.00922611881538e-014
    vertex 22.2711321466918 9.31349022617162 0.0298591984228798
    vertex 22.2711321466918 56.1539803632852 0.0298591984228629
  endloop
endfacet
facet normal 0.653281482438177 0.653281482438178 0.382683432365126
  outer loop
    vertex 23.2568333372514 56.5622711648623 1.31445
    vertex 21.1469103600857 58.7959982725638 1.10310312922334
    vertex 21.0593676198449 58.7597368822688 1.31445
  endloop
endfacet
facet normal 0.653281482438177 0.653281482438178 0.382683432365126
  outer loop
    vertex 21.1469103600857 58.7959982725638 1.10310312922334
    vertex 23.2568333372514 56.5622711648623 1.31445
    vertex 23.3443760774922 56.5985325551574 1.10310312922334
  endloop
endfacet
facet normal -0.430459334576828 -0.430459334576828 -0.793353340291291
  outer loop
    vertex 19.6808318861549 58.1887286851584 0.256662327646186
    vertex 22.0597852759151 56.0664376230444 0.117401938663676
    vertex 21.8782976035613 55.9912629677519 0.256662327646187
  endloop
endfacet
facet normal -0.430459334576828 -0.430459334576828 -0.793353340291291
  outer loop
    vertex 22.0597852759151 56.0664376230444 0.117401938663676
    vertex 19.6808318861549 58.1887286851584 0.256662327646186
    vertex 19.8623195585086 58.2639033404509 0.117401938663676
  endloop
endfacet
facet normal 0.430459334576904 0.430459334576905 -0.793353340291208
  outer loop
    vertex 20.7386195585086 58.6268786851584 0.117401938663675
    vertex 23.1175729482689 56.5045876230444 0.25666232764622
    vertex 22.9360852759151 56.4294129677519 0.117401938663676
  endloop
endfacet
facet normal 0.430459334576904 0.430459334576905 -0.793353340291208
  outer loop
    vertex 23.1175729482689 56.5045876230444 0.25666232764622
    vertex 20.7386195585086 58.6268786851584 0.117401938663675
    vertex 20.9201072308624 58.7020533404509 0.256662327646219
  endloop
endfacet
facet normal -0.560985526796948 -0.560985526796948 0.60876142900869
  outer loop
    vertex 21.8782976035613 55.9912629677519 1.49593767235374
    vertex 19.5415714971723 58.1310451433405 1.31444999999996
    vertex 21.7390372145788 55.933579425934 1.31444999999996
  endloop
endfacet
facet normal -0.560985526796948 -0.560985526796948 0.60876142900869
  outer loop
    vertex 19.5415714971723 58.1310451433405 1.31444999999996
    vertex 21.8782976035613 55.9912629677519 1.49593767235374
    vertex 19.6808318861548 58.1887286851584 1.49593767235374
  endloop
endfacet
facet normal 0.0922959556412385 0.0922959556412389 0.991444861373814
  outer loop
    vertex 22.7247384051384 56.3418702275111 1.7227408015771
    vertex 20.3004695585086 58.4453910128046 1.75259999999998
    vertex 22.4979352759151 56.2479252953982 1.75259999999998
  endloop
endfacet
facet normal 0.0922959556412385 0.0922959556412389 0.991444861373814
  outer loop
    vertex 20.3004695585086 58.4453910128046 1.75259999999998
    vertex 22.7247384051384 56.3418702275111 1.7227408015771
    vertex 20.5272726877319 58.5393359449176 1.7227408015771
  endloop
endfacet
facet normal 0.130526192220091 -3.57698159334333e-016 -0.991444861373805
  outer loop
    vertex 22.4979352759151 9.21954529405866 -3.17246229286638e-015
    vertex 22.7247384051384 56.3418702275111 0.0298591984228795
    vertex 22.7247384051384 9.12560036194568 0.0298591984228964
  endloop
endfacet
facet normal 0.130526192220091 -3.57698159334333e-016 -0.991444861373805
  outer loop
    vertex 22.7247384051384 56.3418702275111 0.0298591984228795
    vertex 22.4979352759151 9.21954529405866 -3.17246229286638e-015
    vertex 22.4979352759151 56.2479252953982 -2.00922611881538e-014
  endloop
endfacet
facet normal -0.653281482438191 -0.653281482438189 0.382683432365083
  outer loop
    vertex 19.4540287569315 58.0947837530454 1.1031031292233
    vertex 21.7390372145788 55.933579425934 1.31444999999996
    vertex 19.5415714971723 58.1310451433405 1.31444999999996
  endloop
endfacet
facet normal -0.653281482438191 -0.653281482438189 0.382683432365083
  outer loop
    vertex 21.7390372145788 55.933579425934 1.31444999999996
    vertex 19.4540287569315 58.0947837530454 1.1031031292233
    vertex 21.651494474338 55.897318035639 1.1031031292233
  endloop
endfacet
facet normal 0.60876142900876 -2.86341624121078e-016 -0.793353340291205
  outer loop
    vertex 22.9360852759151 9.03805762170489 0.117401938663693
    vertex 23.1175729482689 56.5045876230444 0.25666232764622
    vertex 23.1175729482689 8.96288296641243 0.256662327646237
  endloop
endfacet
facet normal 0.60876142900876 -2.86341624121078e-016 -0.793353340291205
  outer loop
    vertex 23.1175729482689 56.5045876230444 0.25666232764622
    vertex 22.9360852759151 9.03805762170489 0.117401938663693
    vertex 22.9360852759151 56.4294129677519 0.117401938663676
  endloop
endfacet
facet normal 0.793353340291254 -2.19630114030691e-016 -0.608761429008696
  outer loop
    vertex 23.1175729482689 8.96288296641243 0.256662327646237
    vertex 23.2568333372514 56.5622711648623 0.438149999999996
    vertex 23.2568333372514 8.90519942459451 0.438150000000013
  endloop
endfacet
facet normal 0.793353340291254 -2.19630114030691e-016 -0.608761429008696
  outer loop
    vertex 23.2568333372514 56.5622711648623 0.438149999999996
    vertex 23.1175729482689 8.96288296641243 0.256662327646237
    vertex 23.1175729482689 56.5045876230444 0.25666232764622
  endloop
endfacet
facet normal 0.923879532511276 -1.38161657133791e-016 -0.382683432365115
  outer loop
    vertex 23.2568333372514 8.90519942459451 0.438150000000013
    vertex 23.3443760774922 56.5985325551574 0.649496870776656
    vertex 23.3443760774922 8.86893803429946 0.649496870776673
  endloop
endfacet
facet normal 0.923879532511276 -1.38161657133791e-016 -0.382683432365115
  outer loop
    vertex 23.3443760774922 56.5985325551574 0.649496870776656
    vertex 23.2568333372514 8.90519942459451 0.438150000000013
    vertex 23.2568333372514 56.5622711648623 0.438149999999996
  endloop
endfacet
facet normal 0.701057384649982 0.701057384649982 -0.130526192220006
  outer loop
    vertex 23.3443760774922 56.5985325551574 0.649496870776656
    vertex 21.1767695585086 58.8083663575122 0.876299999999995
    vertex 23.3742352759151 56.6109006401057 0.876299999999996
  endloop
endfacet
facet normal 0.701057384649982 0.701057384649982 -0.130526192220006
  outer loop
    vertex 21.1767695585086 58.8083663575122 0.876299999999995
    vertex 23.3443760774922 56.5985325551574 0.649496870776656
    vertex 21.1469103600857 58.7959982725638 0.649496870776655
  endloop
endfacet
facet normal 0.382683432365066 -3.33313560837951e-016 -0.923879532511297
  outer loop
    vertex 22.7247384051384 9.12560036194568 0.0298591984228964
    vertex 22.9360852759151 56.4294129677519 0.117401938663676
    vertex 22.9360852759151 9.03805762170489 0.117401938663693
  endloop
endfacet
facet normal 0.382683432365066 -3.33313560837951e-016 -0.923879532511297
  outer loop
    vertex 22.9360852759151 56.4294129677519 0.117401938663676
    vertex 22.7247384051384 9.12560036194568 0.0298591984228964
    vertex 22.7247384051384 56.3418702275111 0.0298591984228795
  endloop
endfacet
facet normal 0.653281482438187 0.653281482438187 -0.382683432365094
  outer loop
    vertex 23.2568333372514 56.5622711648623 0.438149999999996
    vertex 21.1469103600857 58.7959982725638 0.649496870776655
    vertex 23.3443760774922 56.5985325551574 0.649496870776656
  endloop
endfacet
facet normal 0.653281482438187 0.653281482438187 -0.382683432365094
  outer loop
    vertex 21.1469103600857 58.7959982725638 0.649496870776655
    vertex 23.2568333372514 56.5622711648623 0.438149999999996
    vertex 21.0593676198449 58.7597368822688 0.438149999999995
  endloop
endfacet
facet normal 0.991444861373819 -4.71106349851538e-017 -0.130526192219988
  outer loop
    vertex 23.3443760774922 8.86893803429946 0.649496870776673
    vertex 23.3742352759151 56.6109006401057 0.876299999999996
    vertex 23.3742352759151 8.85656994935112 0.876300000000013
  endloop
endfacet
facet normal 0.991444861373819 -4.71106349851538e-017 -0.130526192219988
  outer loop
    vertex 23.3742352759151 56.6109006401057 0.876299999999996
    vertex 23.3443760774922 8.86893803429946 0.649496870776673
    vertex 23.3443760774922 56.5985325551574 0.649496870776656
  endloop
endfacet
facet normal -0.430459334576911 -0.430459334576911 0.793353340291201
  outer loop
    vertex 22.0597852759151 56.0664376230444 1.63519806133628
    vertex 19.6808318861548 58.1887286851584 1.49593767235374
    vertex 21.8782976035613 55.9912629677519 1.49593767235374
  endloop
endfacet
facet normal -0.430459334576911 -0.430459334576911 0.793353340291201
  outer loop
    vertex 19.6808318861548 58.1887286851584 1.49593767235374
    vertex 22.0597852759151 56.0664376230444 1.63519806133628
    vertex 19.8623195585086 58.2639033404509 1.63519806133628
  endloop
endfacet
facet normal -0.653281482438182 -0.65328148243818 -0.382683432365116
  outer loop
    vertex 19.5415714971723 58.1310451433405 0.438149999999962
    vertex 21.651494474338 55.897318035639 0.649496870776623
    vertex 19.4540287569315 58.0947837530454 0.649496870776622
  endloop
endfacet
facet normal -0.653281482438182 -0.65328148243818 -0.382683432365116
  outer loop
    vertex 21.651494474338 55.897318035639 0.649496870776623
    vertex 19.5415714971723 58.1310451433405 0.438149999999962
    vertex 21.7390372145788 55.933579425934 0.438149999999963
  endloop
endfacet
facet normal 0.560985526796948 0.560985526796948 -0.60876142900869
  outer loop
    vertex 20.9201072308624 58.7020533404509 0.256662327646219
    vertex 23.2568333372514 56.5622711648623 0.438149999999996
    vertex 23.1175729482689 56.5045876230444 0.25666232764622
  endloop
endfacet
facet normal 0.560985526796948 0.560985526796948 -0.60876142900869
  outer loop
    vertex 23.2568333372514 56.5622711648623 0.438149999999996
    vertex 20.9201072308624 58.7020533404509 0.256662327646219
    vertex 21.0593676198449 58.7597368822688 0.438149999999995
  endloop
endfacet
facet normal 0.0922959556412853 0.0922959556412849 -0.991444861373805
  outer loop
    vertex 20.3004695585086 58.4453910128046 -2.11497486191092e-014
    vertex 22.7247384051384 56.3418702275111 0.0298591984228795
    vertex 22.4979352759151 56.2479252953982 -2.00922611881538e-014
  endloop
endfacet
facet normal 0.0922959556412853 0.0922959556412849 -0.991444861373805
  outer loop
    vertex 22.7247384051384 56.3418702275111 0.0298591984228795
    vertex 20.3004695585086 58.4453910128046 -2.11497486191092e-014
    vertex 20.527272687732 58.5393359449176 0.0298591984228784
  endloop
endfacet
facet normal 0.701057384649978 0.701057384649979 0.130526192220043
  outer loop
    vertex 23.3443760774922 56.5985325551574 1.10310312922334
    vertex 21.1767695585086 58.8083663575122 0.876299999999995
    vertex 21.1469103600857 58.7959982725638 1.10310312922334
  endloop
endfacet
facet normal 0.701057384649978 0.701057384649979 0.130526192220043
  outer loop
    vertex 21.1767695585086 58.8083663575122 0.876299999999995
    vertex 23.3443760774922 56.5985325551574 1.10310312922334
    vertex 23.3742352759151 56.6109006401057 0.876299999999996
  endloop
endfacet
facet normal 0.560985526796928 0.560985526796928 0.608761429008726
  outer loop
    vertex 23.2568333372514 56.5622711648623 1.31445
    vertex 20.9201072308624 58.7020533404508 1.49593767235377
    vertex 23.1175729482688 56.5045876230444 1.49593767235377
  endloop
endfacet
facet normal 0.560985526796928 0.560985526796928 0.608761429008726
  outer loop
    vertex 20.9201072308624 58.7020533404508 1.49593767235377
    vertex 23.2568333372514 56.5622711648623 1.31445
    vertex 21.0593676198449 58.7597368822688 1.31445
  endloop
endfacet
facet normal -0.0922959556412394 -0.0922959556412398 -0.991444861373814
  outer loop
    vertex 20.0736664292853 58.3514460806917 0.0298591984228619
    vertex 22.4979352759151 56.2479252953982 -2.00922611881538e-014
    vertex 22.2711321466918 56.1539803632852 0.0298591984228629
  endloop
endfacet
facet normal -0.0922959556412394 -0.0922959556412398 -0.991444861373814
  outer loop
    vertex 22.4979352759151 56.2479252953982 -2.00922611881538e-014
    vertex 20.0736664292853 58.3514460806917 0.0298591984228619
    vertex 20.3004695585086 58.4453910128046 -2.11497486191092e-014
  endloop
endfacet
facet normal 0.430459334576838 0.430459334576839 0.793353340291279
  outer loop
    vertex 23.1175729482688 56.5045876230444 1.49593767235377
    vertex 20.7386195585086 58.6268786851584 1.63519806133628
    vertex 22.9360852759151 56.4294129677519 1.63519806133628
  endloop
endfacet
facet normal 0.430459334576838 0.430459334576839 0.793353340291279
  outer loop
    vertex 20.7386195585086 58.6268786851584 1.63519806133628
    vertex 23.1175729482688 56.5045876230444 1.49593767235377
    vertex 20.9201072308624 58.7020533404508 1.49593767235377
  endloop
endfacet
facet normal -0.560985526796939 -0.560985526796938 -0.608761429008706
  outer loop
    vertex 19.5415714971723 58.1310451433405 0.438149999999962
    vertex 21.8782976035613 55.9912629677519 0.256662327646187
    vertex 21.7390372145788 55.933579425934 0.438149999999963
  endloop
endfacet
facet normal -0.560985526796939 -0.560985526796938 -0.608761429008706
  outer loop
    vertex 21.8782976035613 55.9912629677519 0.256662327646187
    vertex 19.5415714971723 58.1310451433405 0.438149999999962
    vertex 19.6808318861549 58.1887286851584 0.256662327646186
  endloop
endfacet
facet normal -0.382683432365115 -3.3340957623011e-016 -0.923879532511276
  outer loop
    vertex 22.0597852759151 9.40103296641242 0.117401938663693
    vertex 22.2711321466918 56.1539803632852 0.0298591984228629
    vertex 22.2711321466918 9.31349022617162 0.0298591984228798
  endloop
endfacet
facet normal -0.382683432365115 -3.3340957623011e-016 -0.923879532511276
  outer loop
    vertex 22.2711321466918 56.1539803632852 0.0298591984228629
    vertex 22.0597852759151 9.40103296641242 0.117401938663693
    vertex 22.0597852759151 56.0664376230444 0.117401938663676
  endloop
endfacet
facet normal -0.270598050073069 -0.270598050073068 0.923879532511304
  outer loop
    vertex 22.2711321466917 56.1539803632852 1.72274080157708
    vertex 19.8623195585086 58.2639033404509 1.63519806133628
    vertex 22.0597852759151 56.0664376230444 1.63519806133628
  endloop
endfacet
facet normal -0.270598050073069 -0.270598050073068 0.923879532511304
  outer loop
    vertex 19.8623195585086 58.2639033404509 1.63519806133628
    vertex 22.2711321466917 56.1539803632852 1.72274080157708
    vertex 20.0736664292853 58.3514460806917 1.72274080157708
  endloop
endfacet
endsolid Untitled-5e31b08f
