solid Untitled-5f7b4d19
facet normal -2.51201977261706e-016 5.19703829900699e-014 1.0
  outer loop
    vertex 37.3472295891095 -1.03575687712553e-012 4.08643666666991
    vertex 28.5905795891102 2.33510666666658 4.08643666667088
    vertex 26.83924958911 1.05409726511847e-013 4.08643666667108
  endloop
endfacet
facet normal -2.51201977261706e-016 5.19703829900699e-014 1.0
  outer loop
    vertex 26.8392495891125 23.0591783333361 4.08643666666871
    vertex 26.83924958911 1.05409726511847e-013 4.08643666667108
    vertex 28.5905795891102 2.33510666666658 4.08643666667088
  endloop
endfacet
facet normal -2.51201977261706e-016 5.19703829900699e-014 1.0
  outer loop
    vertex 28.5905795891123 21.3078483333359 4.086436666669
    vertex 26.8392495891125 23.0591783333361 4.08643666666871
    vertex 28.5905795891102 2.33510666666658 4.08643666667088
  endloop
endfacet
facet normal -2.51201977261706e-016 5.19703829900699e-014 1.0
  outer loop
    vertex 35.5958995891118 21.3078483333351 4.08643666666988
    vertex 26.8392495891125 23.0591783333361 4.08643666666871
    vertex 28.5905795891123 21.3078483333359 4.086436666669
  endloop
endfacet
facet normal -2.51201977261706e-016 5.19703829900699e-014 1.0
  outer loop
    vertex 37.347229589112 23.0591783333349 4.08643666666989
    vertex 35.5958995891098 2.33510666666582 4.08643666666998
    vertex 37.3472295891095 -1.03575687712553e-012 4.08643666666991
  endloop
endfacet
facet normal -2.51201977261706e-016 5.19703829900699e-014 1.0
  outer loop
    vertex 28.5905795891102 2.33510666666658 4.08643666667088
    vertex 37.3472295891095 -1.03575687712553e-012 4.08643666666991
    vertex 35.5958995891098 2.33510666666582 4.08643666666998
  endloop
endfacet
facet normal -2.51201977261706e-016 5.19703829900699e-014 1.0
  outer loop
    vertex 35.5958995891118 21.3078483333351 4.08643666666988
    vertex 35.5958995891098 2.33510666666582 4.08643666666998
    vertex 37.347229589112 23.0591783333349 4.08643666666989
  endloop
endfacet
facet normal -2.51201977261706e-016 5.19703829900699e-014 1.0
  outer loop
    vertex 26.8392495891125 23.0591783333361 4.08643666666871
    vertex 35.5958995891118 21.3078483333351 4.08643666666988
    vertex 37.347229589112 23.0591783333349 4.08643666666989
  endloop
endfacet
facet normal 1.0 -1.08599997681516e-013 1.04146562817769e-015
  outer loop
    vertex 37.3472295891095 -1.18258898341444e-012 1.16755333333204
    vertex 37.347229589112 23.0591783333348 1.16755333333201
    vertex 37.3472295891095 -1.03575687712553e-012 4.08643666666991
  endloop
endfacet
facet normal 1.0 -1.08599997681516e-013 1.04146562817769e-015
  outer loop
    vertex 37.347229589112 23.0591783333349 4.08643666666989
    vertex 37.3472295891095 -1.03575687712553e-012 4.08643666666991
    vertex 37.347229589112 23.0591783333348 1.16755333333201
  endloop
endfacet
facet normal 1.08599997681499e-013 1.0 -5.08371122976678e-014
  outer loop
    vertex 26.8392495891125 23.0591783333361 4.08643666666871
    vertex 37.347229589112 23.0591783333349 4.08643666666989
    vertex 26.8392495891125 23.0591783333359 1.16755333333083
  endloop
endfacet
facet normal 1.08599997681499e-013 1.0 -5.08371122976678e-014
  outer loop
    vertex 37.347229589112 23.0591783333348 1.16755333333201
    vertex 26.8392495891125 23.0591783333359 1.16755333333083
    vertex 37.347229589112 23.0591783333349 4.08643666666989
  endloop
endfacet
facet normal -1.0 1.08599997681505e-013 -1.35649067716112e-015
  outer loop
    vertex 26.83924958911 -4.14223797770688e-014 1.1675533333332
    vertex 26.83924958911 1.05409726511847e-013 4.08643666667108
    vertex 26.8392495891125 23.0591783333359 1.16755333333083
  endloop
endfacet
facet normal -1.0 1.08599997681505e-013 -1.35649067716112e-015
  outer loop
    vertex 26.8392495891125 23.0591783333361 4.08643666666871
    vertex 26.8392495891125 23.0591783333359 1.16755333333083
    vertex 26.83924958911 1.05409726511847e-013 4.08643666667108
  endloop
endfacet
facet normal -1.00729505716837e-016 5.18880535703341e-014 1.0
  outer loop
    vertex 25.6716962557767 8.5373909515978e-014 1.16755333333333
    vertex 26.83924958911 -4.14223797770688e-014 1.1675533333332
    vertex 25.6716962557793 24.2267316666694 1.16755333333072
  endloop
endfacet
facet normal -1.00729505716837e-016 5.18880535703341e-014 1.0
  outer loop
    vertex 26.8392495891125 23.0591783333359 1.16755333333083
    vertex 25.6716962557793 24.2267316666694 1.16755333333072
    vertex 26.83924958911 -4.14223797770688e-014 1.1675533333332
  endloop
endfacet
facet normal -1.00729505716837e-016 5.18880535703341e-014 1.0
  outer loop
    vertex 37.347229589112 23.0591783333348 1.16755333333201
    vertex 25.6716962557793 24.2267316666694 1.16755333333072
    vertex 26.8392495891125 23.0591783333359 1.16755333333083
  endloop
endfacet
facet normal -1.00729505716837e-016 5.18880535703341e-014 1.0
  outer loop
    vertex 37.3472295891095 -1.18258898341444e-012 1.16755333333204
    vertex 38.5147829224429 -1.30938527270748e-012 1.16755333333197
    vertex 37.347229589112 23.0591783333348 1.16755333333201
  endloop
endfacet
facet normal -1.00729505716837e-016 5.18880535703341e-014 1.0
  outer loop
    vertex 38.5147829224455 24.226731666668 1.16755333333207
    vertex 37.347229589112 23.0591783333348 1.16755333333201
    vertex 38.5147829224429 -1.30938527270748e-012 1.16755333333197
  endloop
endfacet
facet normal -1.00729505716837e-016 5.18880535703341e-014 1.0
  outer loop
    vertex 25.6716962557793 24.2267316666694 1.16755333333072
    vertex 37.347229589112 23.0591783333348 1.16755333333201
    vertex 38.5147829224455 24.226731666668 1.16755333333207
  endloop
endfacet
facet normal -1.0 1.08599997681505e-013 2.24301929613603e-026
  outer loop
    vertex 25.6716962557793 24.2267316666693 -2.6158882717228e-012
    vertex 25.6716962557767 2.47744747864722e-014 -2.5781566561147e-015
    vertex 25.6716962557793 24.2267316666694 1.16755333333072
  endloop
endfacet
facet normal -1.0 1.08599997681505e-013 2.24301929613603e-026
  outer loop
    vertex 25.6716962557767 8.5373909515978e-014 1.16755333333333
    vertex 25.6716962557793 24.2267316666694 1.16755333333072
    vertex 25.6716962557767 2.47744747864722e-014 -2.5781566561147e-015
  endloop
endfacet
facet normal 1.085999976815e-013 1.0 -5.19641800853486e-014
  outer loop
    vertex 25.6716962557793 24.2267316666694 1.16755333333072
    vertex 38.5147829224455 24.226731666668 1.16755333333207
    vertex 25.6716962557793 24.2267316666693 -2.6158882717228e-012
  endloop
endfacet
facet normal 1.085999976815e-013 1.0 -5.19641800853486e-014
  outer loop
    vertex 38.5147829224455 24.2267316666679 -1.25949792945667e-012
    vertex 25.6716962557793 24.2267316666693 -2.6158882717228e-012
    vertex 38.5147829224455 24.226731666668 1.16755333333207
  endloop
endfacet
facet normal 1.0 -1.08599997681517e-013 -2.24301929613591e-026
  outer loop
    vertex 38.5147829224429 -1.36998470743699e-012 -1.35896849892283e-012
    vertex 38.5147829224455 24.2267316666679 -1.25949792945667e-012
    vertex 38.5147829224429 -1.30938527270748e-012 1.16755333333197
  endloop
endfacet
facet normal 1.0 -1.08599997681517e-013 -2.24301929613591e-026
  outer loop
    vertex 38.5147829224455 24.226731666668 1.16755333333207
    vertex 38.5147829224429 -1.30938527270748e-012 1.16755333333197
    vertex 38.5147829224455 24.2267316666679 -1.25949792945667e-012
  endloop
endfacet
facet normal -1.08599997681511e-013 -1.0 5.19029264012261e-014
  outer loop
    vertex 26.83924958911 1.05409726511847e-013 4.08643666667108
    vertex 26.83924958911 -4.14223797770688e-014 1.1675533333332
    vertex 37.3472295891095 -1.03575687712553e-012 4.08643666666991
  endloop
endfacet
facet normal -1.08599997681511e-013 -1.0 5.19029264012261e-014
  outer loop
    vertex 25.6716962557767 8.5373909515978e-014 1.16755333333333
    vertex 25.6716962557767 2.47744747864722e-014 -2.5781566561147e-015
    vertex 26.83924958911 -4.14223797770688e-014 1.1675533333332
  endloop
endfacet
facet normal -1.08599997681511e-013 -1.0 5.19029264012261e-014
  outer loop
    vertex 38.5147829224429 -1.36998470743699e-012 -1.35896849892283e-012
    vertex 26.83924958911 -4.14223797770688e-014 1.1675533333332
    vertex 25.6716962557767 2.47744747864722e-014 -2.5781566561147e-015
  endloop
endfacet
facet normal -1.08599997681511e-013 -1.0 5.19029264012261e-014
  outer loop
    vertex 37.3472295891095 -1.18258898341444e-012 1.16755333333204
    vertex 26.83924958911 -4.14223797770688e-014 1.1675533333332
    vertex 38.5147829224429 -1.36998470743699e-012 -1.35896849892283e-012
  endloop
endfacet
facet normal -1.08599997681511e-013 -1.0 5.19029264012261e-014
  outer loop
    vertex 37.3472295891095 -1.03575687712553e-012 4.08643666666991
    vertex 26.83924958911 -4.14223797770688e-014 1.1675533333332
    vertex 37.3472295891095 -1.18258898341444e-012 1.16755333333204
  endloop
endfacet
facet normal -1.08599997681511e-013 -1.0 5.19029264012261e-014
  outer loop
    vertex 38.5147829224429 -1.30938527270748e-012 1.16755333333197
    vertex 37.3472295891095 -1.18258898341444e-012 1.16755333333204
    vertex 38.5147829224429 -1.36998470743699e-012 -1.35896849892283e-012
  endloop
endfacet
facet normal -2.78527552837292e-014 -5.11966640433949e-014 -1.0
  outer loop
    vertex 38.5147829224429 -1.36998470743699e-012 -1.35896849892283e-012
    vertex 25.6716962557767 2.47744747864722e-014 -2.5781566561147e-015
    vertex 38.5147829224455 24.2267316666679 -1.25949792945667e-012
  endloop
endfacet
facet normal -2.78527552837292e-014 -5.11966640433949e-014 -1.0
  outer loop
    vertex 25.6716962557793 24.2267316666693 -2.6158882717228e-012
    vertex 38.5147829224455 24.2267316666679 -1.25949792945667e-012
    vertex 25.6716962557767 2.47744747864722e-014 -2.5781566561147e-015
  endloop
endfacet
facet normal 1.08599997681512e-013 1.0 -5.22581977691132e-014
  outer loop
    vertex 28.5905795891102 2.33510666666658 4.08643666667088
    vertex 35.5958995891098 2.33510666666582 4.08643666666998
    vertex 28.5905795891102 2.33510666666654 3.21077166667088
  endloop
endfacet
facet normal 1.08599997681512e-013 1.0 -5.22581977691132e-014
  outer loop
    vertex 35.5958995891098 2.33510666666577 3.21077166666998
    vertex 28.5905795891102 2.33510666666654 3.21077166667088
    vertex 35.5958995891098 2.33510666666582 4.08643666666998
  endloop
endfacet
facet normal 1.0 -1.08599997681506e-013 -1.72252784428615e-015
  outer loop
    vertex 28.5905795891102 2.33510666666654 3.21077166667088
    vertex 28.5905795891123 21.3078483333358 3.210771666669
    vertex 28.5905795891102 2.33510666666658 4.08643666667088
  endloop
endfacet
facet normal 1.0 -1.08599997681506e-013 -1.72252784428615e-015
  outer loop
    vertex 28.5905795891123 21.3078483333359 4.086436666669
    vertex 28.5905795891102 2.33510666666658 4.08643666667088
    vertex 28.5905795891123 21.3078483333358 3.210771666669
  endloop
endfacet
facet normal 1.72252784429183e-015 5.2258197769113e-014 1.0
  outer loop
    vertex 28.5905795891102 2.33510666666654 3.21077166667088
    vertex 35.5958995891098 2.33510666666577 3.21077166666998
    vertex 28.5905795891123 21.3078483333358 3.210771666669
  endloop
endfacet
facet normal 1.72252784429183e-015 5.2258197769113e-014 1.0
  outer loop
    vertex 35.5958995891118 21.3078483333351 3.21077166666988
    vertex 28.5905795891123 21.3078483333358 3.210771666669
    vertex 35.5958995891098 2.33510666666577 3.21077166666998
  endloop
endfacet
facet normal -1.0 1.08599997681516e-013 1.72252784428615e-015
  outer loop
    vertex 35.5958995891098 2.33510666666577 3.21077166666998
    vertex 35.5958995891098 2.33510666666582 4.08643666666998
    vertex 35.5958995891118 21.3078483333351 3.21077166666988
  endloop
endfacet
facet normal -1.0 1.08599997681516e-013 1.72252784428615e-015
  outer loop
    vertex 35.5958995891118 21.3078483333351 4.08643666666988
    vertex 35.5958995891118 21.3078483333351 3.21077166666988
    vertex 35.5958995891098 2.33510666666582 4.08643666666998
  endloop
endfacet
facet normal -1.08599997681499e-013 -1.0 5.22581977691132e-014
  outer loop
    vertex 28.5905795891123 21.3078483333359 4.086436666669
    vertex 28.5905795891123 21.3078483333358 3.210771666669
    vertex 35.5958995891118 21.3078483333351 4.08643666666988
  endloop
endfacet
facet normal -1.08599997681499e-013 -1.0 5.22581977691132e-014
  outer loop
    vertex 35.5958995891118 21.3078483333351 3.21077166666988
    vertex 35.5958995891118 21.3078483333351 4.08643666666988
    vertex 28.5905795891123 21.3078483333358 3.210771666669
  endloop
endfacet
facet normal -1.0 -1.23910992617216e-015 1.31918092924757e-016
  outer loop
    vertex -32.5455491666667 21.2887169612112 4.0864366666667
    vertex -32.5455491666667 1.1675533333333 1.16755333333338
    vertex -32.5455491666667 1.1675533333333 4.08643666666673
  endloop
endfacet
facet normal -1.0 -1.23910992617216e-015 1.31918092924757e-016
  outer loop
    vertex -32.5455491666667 1.1675533333333 1.16755333333338
    vertex -32.5455491666667 21.2887169612112 4.0864366666667
    vertex -32.5455491666667 21.2887169612112 1.16755333333335
  endloop
endfacet
facet normal 1.03295968681347e-015 -1.0 9.85322934354826e-016
  outer loop
    vertex -22.6213458333333 1.16755333333331 1.16755333333336
    vertex -32.5455491666667 1.1675533333333 4.08643666666673
    vertex -32.5455491666667 1.1675533333333 1.16755333333338
  endloop
endfacet
facet normal 1.03295968681347e-015 -1.0 9.85322934354826e-016
  outer loop
    vertex -32.5455491666667 1.1675533333333 4.08643666666673
    vertex -22.6213458333333 1.16755333333331 1.16755333333336
    vertex -22.6213458333333 1.16755333333331 4.0864366666667
  endloop
endfacet
facet normal 0.130526192220043 0.991444861373812 -9.94112126414256e-016
  outer loop
    vertex -26.2998129706288 26.0984376152967 4.0864366666667
    vertex -27.5834475 26.2674313070778 1.16755333333335
    vertex -27.5834475 26.2674313070778 4.0864366666667
  endloop
endfacet
facet normal 0.130526192220043 0.991444861373812 -9.94112126414256e-016
  outer loop
    vertex -27.5834475 26.2674313070778 1.16755333333335
    vertex -26.2998129706288 26.0984376152967 4.0864366666667
    vertex -26.2998129706288 26.0984376152967 1.16755333333335
  endloop
endfacet
facet normal 6.89520912580852e-016 8.12511572511713e-016 1.0
  outer loop
    vertex -22.6213458333333 1.16755333333331 4.0864366666667
    vertex -23.7888991666667 2.33510666666664 4.0864366666667
    vertex -32.5455491666667 1.1675533333333 4.08643666666673
  endloop
endfacet
facet normal 6.89520912580852e-016 8.12511572511713e-016 1.0
  outer loop
    vertex -23.7888991666667 2.33510666666664 4.0864366666667
    vertex -22.6213458333333 1.16755333333331 4.0864366666667
    vertex -22.6213458333334 21.2887169612112 4.0864366666667
  endloop
endfacet
facet normal 6.89520912580852e-016 8.12511572511713e-016 1.0
  outer loop
    vertex -23.7888991666667 2.33510666666664 4.0864366666667
    vertex -22.6213458333334 21.2887169612112 4.0864366666667
    vertex -23.7888991666667 13.2809191666666 4.08643666666669
  endloop
endfacet
facet normal 6.89520912580852e-016 8.12511572511713e-016 1.0
  outer loop
    vertex -23.7888991666667 13.2809191666666 4.08643666666669
    vertex -22.6213458333334 21.2887169612112 4.0864366666667
    vertex -23.7888991666667 14.1565841666666 4.0864366666667
  endloop
endfacet
facet normal 6.89520912580852e-016 8.12511572511713e-016 1.0
  outer loop
    vertex -23.7888991666667 13.2809191666666 4.08643666666669
    vertex -23.7888991666667 14.1565841666666 4.0864366666667
    vertex -31.3779958333334 13.2809191666666 4.08643666666671
  endloop
endfacet
facet normal 6.89520912580852e-016 8.12511572511713e-016 1.0
  outer loop
    vertex -23.7888991666667 14.1565841666666 4.0864366666667
    vertex -22.6213458333334 21.2887169612112 4.0864366666667
    vertex -23.7888991666667 21.212191472723 4.0864366666667
  endloop
endfacet
facet normal 6.89520912580852e-016 8.12511572511713e-016 1.0
  outer loop
    vertex -23.7888991666667 21.212191472723 4.0864366666667
    vertex -22.6213458333334 21.2887169612112 4.0864366666667
    vertex -23.9303596184411 22.2866902810769 4.0864366666667
  endloop
endfacet
facet normal 6.89520912580852e-016 8.12511572511713e-016 1.0
  outer loop
    vertex -23.9303596184411 22.2866902810769 4.0864366666667
    vertex -22.6213458333334 21.2887169612112 4.0864366666667
    vertex -22.7928582180366 22.5914828627045 4.0864366666667
  endloop
endfacet
facet normal 6.89520912580852e-016 8.12511572511713e-016 1.0
  outer loop
    vertex -23.9303596184411 22.2866902810769 4.0864366666667
    vertex -22.7928582180366 22.5914828627045 4.0864366666667
    vertex -24.30817850772 23.1988257676946 4.0864366666667
  endloop
endfacet
facet normal 6.89520912580852e-016 8.12511572511713e-016 1.0
  outer loop
    vertex -24.30817850772 23.1988257676946 4.0864366666667
    vertex -22.7928582180366 22.5914828627045 4.0864366666667
    vertex -23.2883226525605 23.7876398202055 4.0864366666667
  endloop
endfacet
facet normal 6.89520912580852e-016 8.12511572511713e-016 1.0
  outer loop
    vertex -24.30817850772 23.1988257676946 4.0864366666667
    vertex -23.2883226525605 23.7876398202055 4.0864366666667
    vertex -24.9092015661848 23.9820942671485 4.0864366666667
  endloop
endfacet
facet normal 6.89520912580852e-016 8.12511572511713e-016 1.0
  outer loop
    vertex -24.9092015661848 23.9820942671485 4.0864366666667
    vertex -23.2883226525605 23.7876398202055 4.0864366666667
    vertex -24.0764927474079 24.8148030859254 4.0864366666667
  endloop
endfacet
facet normal 6.89520912580852e-016 8.12511572511713e-016 1.0
  outer loop
    vertex -24.9092015661848 23.9820942671485 4.0864366666667
    vertex -24.0764927474079 24.8148030859254 4.0864366666667
    vertex -25.6924700656387 24.5831173256133 4.0864366666667
  endloop
endfacet
facet normal 6.89520912580852e-016 8.12511572511713e-016 1.0
  outer loop
    vertex -25.6924700656387 24.5831173256133 4.0864366666667
    vertex -24.0764927474079 24.8148030859254 4.0864366666667
    vertex -26.6046055522564 24.9609362148922 4.0864366666667
  endloop
endfacet
facet normal 6.89520912580852e-016 8.12511572511713e-016 1.0
  outer loop
    vertex -26.6046055522564 24.9609362148922 4.0864366666667
    vertex -24.0764927474079 24.8148030859254 4.0864366666667
    vertex -25.1036560131277 25.6029731807728 4.0864366666667
  endloop
endfacet
facet normal 6.89520912580852e-016 8.12511572511713e-016 1.0
  outer loop
    vertex -26.6046055522564 24.9609362148922 4.0864366666667
    vertex -25.1036560131277 25.6029731807728 4.0864366666667
    vertex -27.5834475 25.0898032020559 4.0864366666667
  endloop
endfacet
facet normal 6.89520912580852e-016 8.12511572511713e-016 1.0
  outer loop
    vertex -32.5455491666667 1.1675533333333 4.08643666666673
    vertex -31.3779958333333 2.33510666666664 4.08643666666673
    vertex -32.5455491666667 21.2887169612112 4.0864366666667
  endloop
endfacet
facet normal 6.89520912580852e-016 8.12511572511713e-016 1.0
  outer loop
    vertex -31.3779958333333 2.33510666666664 4.08643666666673
    vertex -32.5455491666667 1.1675533333333 4.08643666666673
    vertex -23.7888991666667 2.33510666666664 4.0864366666667
  endloop
endfacet
facet normal 6.89520912580852e-016 8.12511572511713e-016 1.0
  outer loop
    vertex -32.5455491666667 21.2887169612112 4.0864366666667
    vertex -31.3779958333333 2.33510666666664 4.08643666666673
    vertex -31.3779958333334 13.2809191666666 4.08643666666671
  endloop
endfacet
facet normal 6.89520912580852e-016 8.12511572511713e-016 1.0
  outer loop
    vertex -32.5455491666667 21.2887169612112 4.0864366666667
    vertex -31.3779958333334 13.2809191666666 4.08643666666671
    vertex -31.3779958333334 14.1565841666666 4.08643666666671
  endloop
endfacet
facet normal 6.89520912580852e-016 8.12511572511713e-016 1.0
  outer loop
    vertex -31.3779958333334 14.1565841666666 4.08643666666671
    vertex -31.3779958333334 13.2809191666666 4.08643666666671
    vertex -23.7888991666667 14.1565841666666 4.0864366666667
  endloop
endfacet
facet normal 6.89520912580852e-016 8.12511572511713e-016 1.0
  outer loop
    vertex -32.5455491666667 21.2887169612112 4.0864366666667
    vertex -31.3779958333334 14.1565841666666 4.08643666666671
    vertex -31.3779958333334 21.212191472723 4.0864366666667
  endloop
endfacet
facet normal 6.89520912580852e-016 8.12511572511713e-016 1.0
  outer loop
    vertex -32.5455491666667 21.2887169612112 4.0864366666667
    vertex -31.3779958333334 21.212191472723 4.0864366666667
    vertex -31.2365353815589 22.2866902810769 4.0864366666667
  endloop
endfacet
facet normal 6.89520912580852e-016 8.12511572511713e-016 1.0
  outer loop
    vertex -32.5455491666667 21.2887169612112 4.0864366666667
    vertex -31.2365353815589 22.2866902810769 4.0864366666667
    vertex -32.3740367819634 22.5914828627045 4.0864366666667
  endloop
endfacet
facet normal 6.89520912580852e-016 8.12511572511713e-016 1.0
  outer loop
    vertex -32.3740367819634 22.5914828627045 4.0864366666667
    vertex -31.2365353815589 22.2866902810769 4.0864366666667
    vertex -30.8587164922801 23.1988257676946 4.0864366666667
  endloop
endfacet
facet normal 6.89520912580852e-016 8.12511572511713e-016 1.0
  outer loop
    vertex -32.3740367819634 22.5914828627045 4.0864366666667
    vertex -30.8587164922801 23.1988257676946 4.0864366666667
    vertex -31.8785723474395 23.7876398202055 4.0864366666667
  endloop
endfacet
facet normal 6.89520912580852e-016 8.12511572511713e-016 1.0
  outer loop
    vertex -31.8785723474395 23.7876398202055 4.0864366666667
    vertex -30.8587164922801 23.1988257676946 4.0864366666667
    vertex -30.2576934338153 23.9820942671485 4.0864366666667
  endloop
endfacet
facet normal 6.89520912580852e-016 8.12511572511713e-016 1.0
  outer loop
    vertex -31.8785723474395 23.7876398202055 4.0864366666667
    vertex -30.2576934338153 23.9820942671485 4.0864366666667
    vertex -31.0904022525921 24.8148030859254 4.0864366666667
  endloop
endfacet
facet normal 6.89520912580852e-016 8.12511572511713e-016 1.0
  outer loop
    vertex -31.0904022525921 24.8148030859254 4.0864366666667
    vertex -30.2576934338153 23.9820942671485 4.0864366666667
    vertex -29.4744249343614 24.5831173256133 4.0864366666667
  endloop
endfacet
facet normal 6.89520912580852e-016 8.12511572511713e-016 1.0
  outer loop
    vertex -31.0904022525921 24.8148030859254 4.0864366666667
    vertex -29.4744249343614 24.5831173256133 4.0864366666667
    vertex -28.5622894477436 24.9609362148922 4.0864366666667
  endloop
endfacet
facet normal 6.89520912580852e-016 8.12511572511713e-016 1.0
  outer loop
    vertex -31.0904022525921 24.8148030859254 4.0864366666667
    vertex -28.5622894477436 24.9609362148922 4.0864366666667
    vertex -30.0632389868723 25.6029731807728 4.0864366666667
  endloop
endfacet
facet normal 6.89520912580852e-016 8.12511572511713e-016 1.0
  outer loop
    vertex -30.0632389868723 25.6029731807728 4.0864366666667
    vertex -28.5622894477436 24.9609362148922 4.0864366666667
    vertex -27.5834475 25.0898032020559 4.0864366666667
  endloop
endfacet
facet normal 6.89520912580852e-016 8.12511572511713e-016 1.0
  outer loop
    vertex -30.0632389868723 25.6029731807728 4.0864366666667
    vertex -27.5834475 25.0898032020559 4.0864366666667
    vertex -25.1036560131277 25.6029731807728 4.0864366666667
  endloop
endfacet
facet normal 6.89520912580852e-016 8.12511572511713e-016 1.0
  outer loop
    vertex -30.0632389868723 25.6029731807728 4.0864366666667
    vertex -25.1036560131277 25.6029731807728 4.0864366666667
    vertex -26.2998129706288 26.0984376152967 4.0864366666667
  endloop
endfacet
facet normal 6.89520912580852e-016 8.12511572511713e-016 1.0
  outer loop
    vertex -30.0632389868723 25.6029731807728 4.0864366666667
    vertex -26.2998129706288 26.0984376152967 4.0864366666667
    vertex -28.8670820293713 26.0984376152967 4.0864366666667
  endloop
endfacet
facet normal 6.89520912580852e-016 8.12511572511713e-016 1.0
  outer loop
    vertex -28.8670820293713 26.0984376152967 4.0864366666667
    vertex -26.2998129706288 26.0984376152967 4.0864366666667
    vertex -27.5834475 26.2674313070778 4.0864366666667
  endloop
endfacet
facet normal -0.608761429008717 0.793353340291238 -7.01402594474987e-016
  outer loop
    vertex -30.0632389868723 25.6029731807728 4.0864366666667
    vertex -31.0904022525921 24.8148030859254 1.16755333333335
    vertex -31.0904022525921 24.8148030859254 4.0864366666667
  endloop
endfacet
facet normal -0.608761429008717 0.793353340291238 -7.01402594474987e-016
  outer loop
    vertex -31.0904022525921 24.8148030859254 1.16755333333335
    vertex -30.0632389868723 25.6029731807728 4.0864366666667
    vertex -30.0632389868723 25.6029731807728 1.16755333333335
  endloop
endfacet
facet normal -0.923879532511288 0.382683432365088 -2.55190336485842e-016
  outer loop
    vertex -31.8785723474395 23.7876398202055 1.16755333333335
    vertex -32.3740367819634 22.5914828627045 4.0864366666667
    vertex -31.8785723474395 23.7876398202055 4.0864366666667
  endloop
endfacet
facet normal -0.923879532511288 0.382683432365088 -2.55190336485842e-016
  outer loop
    vertex -32.3740367819634 22.5914828627045 4.0864366666667
    vertex -31.8785723474395 23.7876398202055 1.16755333333335
    vertex -32.3740367819634 22.5914828627045 1.16755333333335
  endloop
endfacet
facet normal 0.923879532511286 0.382683432365092 -4.98943188528053e-016
  outer loop
    vertex -22.7928582180366 22.5914828627045 1.16755333333335
    vertex -23.2883226525605 23.7876398202055 4.0864366666667
    vertex -22.7928582180366 22.5914828627045 4.0864366666667
  endloop
endfacet
facet normal 0.923879532511286 0.382683432365092 -4.98943188528053e-016
  outer loop
    vertex -23.2883226525605 23.7876398202055 4.0864366666667
    vertex -22.7928582180366 22.5914828627045 1.16755333333335
    vertex -23.2883226525605 23.7876398202055 1.16755333333335
  endloop
endfacet
facet normal -0.793353340291235 0.608761429008721 -4.95168937886206e-016
  outer loop
    vertex -31.0904022525921 24.8148030859254 1.16755333333335
    vertex -31.8785723474395 23.7876398202055 4.0864366666667
    vertex -31.0904022525921 24.8148030859254 4.0864366666667
  endloop
endfacet
facet normal -0.793353340291235 0.608761429008721 -4.95168937886206e-016
  outer loop
    vertex -31.8785723474395 23.7876398202055 4.0864366666667
    vertex -31.0904022525921 24.8148030859254 1.16755333333335
    vertex -31.8785723474395 23.7876398202055 1.16755333333335
  endloop
endfacet
facet normal -0.382683432365099 0.923879532511283 -8.59836823372879e-016
  outer loop
    vertex -28.8670820293713 26.0984376152967 4.0864366666667
    vertex -30.0632389868723 25.6029731807728 1.16755333333335
    vertex -30.0632389868723 25.6029731807728 4.0864366666667
  endloop
endfacet
facet normal -0.382683432365099 0.923879532511283 -8.59836823372879e-016
  outer loop
    vertex -30.0632389868723 25.6029731807728 1.16755333333335
    vertex -28.8670820293713 26.0984376152967 4.0864366666667
    vertex -28.8670820293713 26.0984376152967 1.16755333333335
  endloop
endfacet
facet normal -0.130526192220045 0.991444861373811 -9.5967459370546e-016
  outer loop
    vertex -27.5834475 26.2674313070778 4.0864366666667
    vertex -28.8670820293713 26.0984376152967 1.16755333333335
    vertex -28.8670820293713 26.0984376152967 4.0864366666667
  endloop
endfacet
facet normal -0.130526192220045 0.991444861373811 -9.5967459370546e-016
  outer loop
    vertex -28.8670820293713 26.0984376152967 1.16755333333335
    vertex -27.5834475 26.2674313070778 4.0864366666667
    vertex -27.5834475 26.2674313070778 1.16755333333335
  endloop
endfacet
facet normal 0.793353340291232 0.608761429008724 -7.04484257219618e-016
  outer loop
    vertex -23.2883226525605 23.7876398202055 1.16755333333335
    vertex -24.0764927474079 24.8148030859254 4.0864366666667
    vertex -23.2883226525605 23.7876398202055 4.0864366666667
  endloop
endfacet
facet normal 0.793353340291232 0.608761429008724 -7.04484257219618e-016
  outer loop
    vertex -24.0764927474079 24.8148030859254 4.0864366666667
    vertex -23.2883226525605 23.7876398202055 1.16755333333335
    vertex -24.0764927474079 24.8148030859254 1.16755333333335
  endloop
endfacet
facet normal 0.382683432365094 0.923879532511285 -9.60802560555887e-016
  outer loop
    vertex -25.1036560131277 25.6029731807728 4.0864366666667
    vertex -26.2998129706288 26.0984376152967 1.16755333333335
    vertex -26.2998129706288 26.0984376152967 4.0864366666667
  endloop
endfacet
facet normal 0.382683432365094 0.923879532511285 -9.60802560555887e-016
  outer loop
    vertex -26.2998129706288 26.0984376152967 1.16755333333335
    vertex -25.1036560131277 25.6029731807728 4.0864366666667
    vertex -25.1036560131277 25.6029731807728 1.16755333333335
  endloop
endfacet
facet normal -0.99144486137381 0.130526192220052 2.1790646240578e-018
  outer loop
    vertex -32.3740367819634 22.5914828627045 1.16755333333335
    vertex -32.5455491666667 21.2887169612112 4.0864366666667
    vertex -32.3740367819634 22.5914828627045 4.0864366666667
  endloop
endfacet
facet normal -0.99144486137381 0.130526192220052 2.1790646240578e-018
  outer loop
    vertex -32.5455491666667 21.2887169612112 4.0864366666667
    vertex -32.3740367819634 22.5914828627045 1.16755333333335
    vertex -32.5455491666667 21.2887169612112 1.16755333333335
  endloop
endfacet
facet normal 1.0 1.03295968681347e-015 -1.31918092924757e-016
  outer loop
    vertex -22.6213458333333 1.16755333333331 4.0864366666667
    vertex -22.6213458333334 21.2887169612112 1.16755333333335
    vertex -22.6213458333334 21.2887169612112 4.0864366666667
  endloop
endfacet
facet normal 1.0 1.03295968681347e-015 -1.31918092924757e-016
  outer loop
    vertex -22.6213458333334 21.2887169612112 1.16755333333335
    vertex -22.6213458333333 1.16755333333331 4.0864366666667
    vertex -22.6213458333333 1.16755333333331 1.16755333333336
  endloop
endfacet
facet normal 0.99144486137381 0.130526192220051 -2.59399966080905e-016
  outer loop
    vertex -22.6213458333334 21.2887169612112 1.16755333333335
    vertex -22.7928582180366 22.5914828627045 4.0864366666667
    vertex -22.6213458333334 21.2887169612112 4.0864366666667
  endloop
endfacet
facet normal 0.99144486137381 0.130526192220051 -2.59399966080905e-016
  outer loop
    vertex -22.7928582180366 22.5914828627045 4.0864366666667
    vertex -22.6213458333334 21.2887169612112 1.16755333333335
    vertex -22.7928582180366 22.5914828627045 1.16755333333335
  endloop
endfacet
facet normal 0.608761429008724 0.793353340291233 -8.6201588799694e-016
  outer loop
    vertex -24.0764927474079 24.8148030859254 4.0864366666667
    vertex -25.1036560131277 25.6029731807728 1.16755333333335
    vertex -25.1036560131277 25.6029731807728 4.0864366666667
  endloop
endfacet
facet normal 0.608761429008724 0.793353340291233 -8.6201588799694e-016
  outer loop
    vertex -25.1036560131277 25.6029731807728 1.16755333333335
    vertex -24.0764927474079 24.8148030859254 4.0864366666667
    vertex -24.0764927474079 24.8148030859254 1.16755333333335
  endloop
endfacet
facet normal 1.0 1.03295968681347e-015 -3.75736295929091e-016
  outer loop
    vertex -31.3779958333334 14.1565841666666 4.37094804794924e-014
    vertex -31.3779958333334 21.212191472723 4.0864366666667
    vertex -31.3779958333334 14.1565841666666 4.08643666666671
  endloop
endfacet
facet normal 1.0 1.03295968681347e-015 -3.75736295929091e-016
  outer loop
    vertex -31.3779958333334 21.212191472723 4.0864366666667
    vertex -31.3779958333334 14.1565841666666 4.37094804794924e-014
    vertex -31.3779958333334 21.212191472723 3.66595642731227e-014
  endloop
endfacet
facet normal -1.03295968681346e-015 1.0 -6.00482051330438e-016
  outer loop
    vertex -23.7888991666667 14.1565841666666 4.0864366666667
    vertex -31.3779958333334 14.1565841666666 4.37094804794924e-014
    vertex -31.3779958333334 14.1565841666666 4.08643666666671
  endloop
endfacet
facet normal -1.03295968681346e-015 1.0 -6.00482051330438e-016
  outer loop
    vertex -31.3779958333334 14.1565841666666 4.37094804794924e-014
    vertex -23.7888991666667 14.1565841666666 4.0864366666667
    vertex -23.7888991666667 14.1565841666666 4.22994972382185e-014
  endloop
endfacet
facet normal -0.923879532511287 -0.38268343236509 5.76929605907253e-016
  outer loop
    vertex -24.30817850772 23.1988257676946 3.38395977905748e-014
    vertex -23.9303596184411 22.2866902810769 4.0864366666667
    vertex -24.30817850772 23.1988257676946 4.0864366666667
  endloop
endfacet
facet normal -0.923879532511287 -0.38268343236509 5.76929605907253e-016
  outer loop
    vertex -23.9303596184411 22.2866902810769 4.0864366666667
    vertex -24.30817850772 23.1988257676946 3.38395977905748e-014
    vertex -23.9303596184411 22.2866902810769 3.45445894112117e-014
  endloop
endfacet
facet normal -0.608761429008729 -0.793353340291229 7.05128205648172e-016
  outer loop
    vertex -25.6924700656387 24.5831173256133 3.24296145493008e-014
    vertex -24.9092015661848 23.9820942671485 4.0864366666667
    vertex -25.6924700656387 24.5831173256133 4.0864366666667
  endloop
endfacet
facet normal -0.608761429008729 -0.793353340291229 7.05128205648172e-016
  outer loop
    vertex -24.9092015661848 23.9820942671485 4.0864366666667
    vertex -25.6924700656387 24.5831173256133 3.24296145493008e-014
    vertex -24.9092015661848 23.9820942671485 3.24296145493008e-014
  endloop
endfacet
facet normal -0.99144486137381 -0.130526192220051 4.50900455487173e-016
  outer loop
    vertex -23.9303596184411 22.2866902810769 3.45445894112117e-014
    vertex -23.7888991666667 21.212191472723 4.0864366666667
    vertex -23.9303596184411 22.2866902810769 4.0864366666667
  endloop
endfacet
facet normal -0.99144486137381 -0.130526192220051 4.50900455487173e-016
  outer loop
    vertex -23.7888991666667 21.212191472723 4.0864366666667
    vertex -23.9303596184411 22.2866902810769 3.45445894112117e-014
    vertex -23.7888991666667 21.212191472723 3.52495810318487e-014
  endloop
endfacet
facet normal -1.03295968681347e-015 1.0 -1.36427906009355e-015
  outer loop
    vertex -23.7888991666667 2.33510666666664 4.0864366666667
    vertex -31.3779958333333 2.33510666666663 4.79394302033143e-014
    vertex -31.3779958333333 2.33510666666664 4.08643666666673
  endloop
endfacet
facet normal -1.03295968681347e-015 1.0 -1.36427906009355e-015
  outer loop
    vertex -31.3779958333333 2.33510666666663 4.79394302033143e-014
    vertex -23.7888991666667 2.33510666666664 4.0864366666667
    vertex -23.7888991666667 2.33510666666664 2.96096480667529e-014
  endloop
endfacet
facet normal -0.382683432365092 -0.923879532511286 6.98561132254873e-016
  outer loop
    vertex -26.6046055522564 24.9609362148922 3.24296145493008e-014
    vertex -25.6924700656387 24.5831173256133 4.0864366666667
    vertex -26.6046055522564 24.9609362148922 4.0864366666667
  endloop
endfacet
facet normal -0.382683432365092 -0.923879532511286 6.98561132254873e-016
  outer loop
    vertex -25.6924700656387 24.5831173256133 4.0864366666667
    vertex -26.6046055522564 24.9609362148922 3.24296145493008e-014
    vertex -25.6924700656387 24.5831173256133 3.24296145493008e-014
  endloop
endfacet
facet normal 0.608761429008723 -0.793353340291234 2.47660676767698e-016
  outer loop
    vertex -30.2576934338153 23.9820942671485 3.31346061699378e-014
    vertex -29.4744249343614 24.5831173256133 4.0864366666667
    vertex -30.2576934338153 23.9820942671485 4.0864366666667
  endloop
endfacet
facet normal 0.608761429008723 -0.793353340291234 2.47660676767698e-016
  outer loop
    vertex -29.4744249343614 24.5831173256133 4.0864366666667
    vertex -30.2576934338153 23.9820942671485 3.31346061699378e-014
    vertex -29.4744249343614 24.5831173256133 3.31346061699378e-014
  endloop
endfacet
facet normal 0.793353340291232 -0.608761429008725 6.74586662180094e-017
  outer loop
    vertex -30.8587164922801 23.1988257676946 3.45445894112117e-014
    vertex -30.2576934338153 23.9820942671485 4.0864366666667
    vertex -30.8587164922801 23.1988257676946 4.0864366666667
  endloop
endfacet
facet normal 0.793353340291232 -0.608761429008725 6.74586662180094e-017
  outer loop
    vertex -30.2576934338153 23.9820942671485 4.0864366666667
    vertex -30.8587164922801 23.1988257676946 3.45445894112117e-014
    vertex -30.2576934338153 23.9820942671485 3.31346061699378e-014
  endloop
endfacet
facet normal 0.382683432365095 -0.923879532511285 4.10985021474291e-016
  outer loop
    vertex -29.4744249343614 24.5831173256133 3.31346061699378e-014
    vertex -28.5622894477436 24.9609362148922 4.0864366666667
    vertex -29.4744249343614 24.5831173256133 4.0864366666667
  endloop
endfacet
facet normal 0.382683432365095 -0.923879532511285 4.10985021474291e-016
  outer loop
    vertex -28.5622894477436 24.9609362148922 4.0864366666667
    vertex -29.4744249343614 24.5831173256133 3.31346061699378e-014
    vertex -28.5622894477436 24.9609362148922 3.24296145493008e-014
  endloop
endfacet
facet normal 0.923879532511288 -0.382683432365088 -1.17340540953729e-016
  outer loop
    vertex -31.2365353815589 22.2866902810769 3.59545726524857e-014
    vertex -30.8587164922801 23.1988257676946 4.0864366666667
    vertex -31.2365353815589 22.2866902810769 4.0864366666667
  endloop
endfacet
facet normal 0.923879532511288 -0.382683432365088 -1.17340540953729e-016
  outer loop
    vertex -30.8587164922801 23.1988257676946 4.0864366666667
    vertex -31.2365353815589 22.2866902810769 3.59545726524857e-014
    vertex -30.8587164922801 23.1988257676946 3.45445894112117e-014
  endloop
endfacet
facet normal -1.0 -2.75047435336022e-016 2.86477476892514e-015
  outer loop
    vertex -23.7888991666667 13.2809191666666 1.83297821365613e-014
    vertex -23.7888991666667 2.33510666666664 4.0864366666667
    vertex -23.7888991666667 13.2809191666666 4.08643666666669
  endloop
endfacet
facet normal -1.0 -2.75047435336022e-016 2.86477476892514e-015
  outer loop
    vertex -23.7888991666667 2.33510666666664 4.0864366666667
    vertex -23.7888991666667 13.2809191666666 1.83297821365613e-014
    vertex -23.7888991666667 2.33510666666664 2.96096480667529e-014
  endloop
endfacet
facet normal 1.03295968681347e-015 -1.0 1.36427906009355e-015
  outer loop
    vertex -23.7888991666667 13.2809191666666 1.83297821365613e-014
    vertex -31.3779958333334 13.2809191666666 4.08643666666671
    vertex -31.3779958333334 13.2809191666666 3.66595642731227e-014
  endloop
endfacet
facet normal 1.03295968681347e-015 -1.0 1.36427906009355e-015
  outer loop
    vertex -31.3779958333334 13.2809191666666 4.08643666666671
    vertex -23.7888991666667 13.2809191666666 1.83297821365613e-014
    vertex -23.7888991666667 13.2809191666666 4.08643666666669
  endloop
endfacet
facet normal 1.0 1.41191581255218e-015 -2.86477476892514e-015
  outer loop
    vertex -31.3779958333333 2.33510666666663 4.79394302033143e-014
    vertex -31.3779958333334 13.2809191666666 4.08643666666671
    vertex -31.3779958333333 2.33510666666664 4.08643666666673
  endloop
endfacet
facet normal 1.0 1.41191581255218e-015 -2.86477476892514e-015
  outer loop
    vertex -31.3779958333334 13.2809191666666 4.08643666666671
    vertex -31.3779958333333 2.33510666666663 4.79394302033143e-014
    vertex -31.3779958333334 13.2809191666666 3.66595642731227e-014
  endloop
endfacet
facet normal -1.0 1.4283780818089e-016 3.7573629592909e-016
  outer loop
    vertex -23.7888991666667 21.212191472723 3.52495810318487e-014
    vertex -23.7888991666667 14.1565841666666 4.0864366666667
    vertex -23.7888991666667 21.212191472723 4.0864366666667
  endloop
endfacet
facet normal -1.0 1.4283780818089e-016 3.7573629592909e-016
  outer loop
    vertex -23.7888991666667 14.1565841666666 4.0864366666667
    vertex -23.7888991666667 21.212191472723 3.52495810318487e-014
    vertex -23.7888991666667 14.1565841666666 4.22994972382185e-014
  endloop
endfacet
facet normal -0.793353340291229 -0.608761429008729 6.63641957106008e-016
  outer loop
    vertex -24.9092015661848 23.9820942671485 3.24296145493008e-014
    vertex -24.30817850772 23.1988257676946 4.0864366666667
    vertex -24.9092015661848 23.9820942671485 4.0864366666667
  endloop
endfacet
facet normal -0.793353340291229 -0.608761429008729 6.63641957106008e-016
  outer loop
    vertex -24.30817850772 23.1988257676946 4.0864366666667
    vertex -24.9092015661848 23.9820942671485 3.24296145493008e-014
    vertex -24.30817850772 23.1988257676946 3.38395977905748e-014
  endloop
endfacet
facet normal -0.13052619222003 -0.991444861373813 6.44388272125252e-016
  outer loop
    vertex -27.5834475 25.0898032020559 3.24296145493008e-014
    vertex -26.6046055522564 24.9609362148922 4.0864366666667
    vertex -27.5834475 25.0898032020559 4.0864366666667
  endloop
endfacet
facet normal -0.13052619222003 -0.991444861373813 6.44388272125252e-016
  outer loop
    vertex -26.6046055522564 24.9609362148922 4.0864366666667
    vertex -27.5834475 25.0898032020559 3.24296145493008e-014
    vertex -26.6046055522564 24.9609362148922 3.24296145493008e-014
  endloop
endfacet
facet normal 0.130526192220034 -0.991444861373813 5.46301416152285e-016
  outer loop
    vertex -28.5622894477436 24.9609362148922 3.24296145493008e-014
    vertex -27.5834475 25.0898032020559 4.0864366666667
    vertex -28.5622894477436 24.9609362148922 4.0864366666667
  endloop
endfacet
facet normal 0.130526192220034 -0.991444861373813 5.46301416152285e-016
  outer loop
    vertex -27.5834475 25.0898032020559 4.0864366666667
    vertex -28.5622894477436 24.9609362148922 3.24296145493008e-014
    vertex -27.5834475 25.0898032020559 3.24296145493008e-014
  endloop
endfacet
facet normal 0.99144486137381 -0.130526192220051 -2.94143184173878e-016
  outer loop
    vertex -31.3779958333334 21.212191472723 3.66595642731227e-014
    vertex -31.2365353815589 22.2866902810769 4.0864366666667
    vertex -31.3779958333334 21.212191472723 4.0864366666667
  endloop
endfacet
facet normal 0.99144486137381 -0.130526192220051 -2.94143184173878e-016
  outer loop
    vertex -31.2365353815589 22.2866902810769 4.0864366666667
    vertex -31.3779958333334 21.212191472723 3.66595642731227e-014
    vertex -31.2365353815589 22.2866902810769 3.59545726524857e-014
  endloop
endfacet
facet normal 5.8243888986911e-016 8.27283726776259e-016 1.0
  outer loop
    vertex -21.4537925 -2.33965312573899e-014 1.16755333333336
    vertex -22.6213458333333 1.16755333333331 1.16755333333336
    vertex -33.7131025 -3.6059904275539e-014 1.16755333333338
  endloop
endfacet
facet normal 5.8243888986911e-016 8.27283726776259e-016 1.0
  outer loop
    vertex -22.6213458333333 1.16755333333331 1.16755333333336
    vertex -21.4537925 -2.33965312573899e-014 1.16755333333336
    vertex -21.4537925 21.3652424496994 1.16755333333335
  endloop
endfacet
facet normal 5.8243888986911e-016 8.27283726776259e-016 1.0
  outer loop
    vertex -22.6213458333333 1.16755333333331 1.16755333333336
    vertex -21.4537925 21.3652424496994 1.16755333333335
    vertex -22.6213458333334 21.2887169612112 1.16755333333335
  endloop
endfacet
facet normal 5.8243888986911e-016 8.27283726776259e-016 1.0
  outer loop
    vertex -22.6213458333334 21.2887169612112 1.16755333333335
    vertex -21.4537925 21.3652424496994 1.16755333333335
    vertex -22.7928582180366 22.5914828627045 1.16755333333335
  endloop
endfacet
facet normal 5.8243888986911e-016 8.27283726776259e-016 1.0
  outer loop
    vertex -22.7928582180366 22.5914828627045 1.16755333333335
    vertex -21.4537925 21.3652424496994 1.16755333333335
    vertex -21.6553568176321 22.8962754443322 1.16755333333335
  endloop
endfacet
facet normal 5.8243888986911e-016 8.27283726776259e-016 1.0
  outer loop
    vertex -22.7928582180366 22.5914828627045 1.16755333333335
    vertex -21.6553568176321 22.8962754443322 1.16755333333335
    vertex -23.2883226525605 23.7876398202055 1.16755333333335
  endloop
endfacet
facet normal 5.8243888986911e-016 8.27283726776259e-016 1.0
  outer loop
    vertex -23.2883226525605 23.7876398202055 1.16755333333335
    vertex -21.6553568176321 22.8962754443322 1.16755333333335
    vertex -22.268466797401 24.3764538727165 1.16755333333335
  endloop
endfacet
facet normal 5.8243888986911e-016 8.27283726776259e-016 1.0
  outer loop
    vertex -23.2883226525605 23.7876398202055 1.16755333333335
    vertex -22.268466797401 24.3764538727165 1.16755333333335
    vertex -24.0764927474079 24.8148030859254 1.16755333333335
  endloop
endfacet
facet normal 5.8243888986911e-016 8.27283726776259e-016 1.0
  outer loop
    vertex -24.0764927474079 24.8148030859254 1.16755333333335
    vertex -22.268466797401 24.3764538727165 1.16755333333335
    vertex -23.2437839286311 25.6475119047022 1.16755333333335
  endloop
endfacet
facet normal 5.8243888986911e-016 8.27283726776259e-016 1.0
  outer loop
    vertex -24.0764927474079 24.8148030859254 1.16755333333335
    vertex -23.2437839286311 25.6475119047022 1.16755333333335
    vertex -25.1036560131277 25.6029731807728 1.16755333333335
  endloop
endfacet
facet normal 5.8243888986911e-016 8.27283726776259e-016 1.0
  outer loop
    vertex -25.1036560131277 25.6029731807728 1.16755333333335
    vertex -23.2437839286311 25.6475119047022 1.16755333333335
    vertex -26.2998129706288 26.0984376152967 1.16755333333335
  endloop
endfacet
facet normal 5.8243888986911e-016 8.27283726776259e-016 1.0
  outer loop
    vertex -26.2998129706288 26.0984376152967 1.16755333333335
    vertex -23.2437839286311 25.6475119047022 1.16755333333335
    vertex -24.5148419606168 26.6228290359323 1.16755333333335
  endloop
endfacet
facet normal 5.8243888986911e-016 8.27283726776259e-016 1.0
  outer loop
    vertex -26.2998129706288 26.0984376152967 1.16755333333335
    vertex -24.5148419606168 26.6228290359323 1.16755333333335
    vertex -27.5834475 26.2674313070778 1.16755333333335
  endloop
endfacet
facet normal 5.8243888986911e-016 8.27283726776259e-016 1.0
  outer loop
    vertex -33.7131025 -3.6059904275539e-014 1.16755333333338
    vertex -32.5455491666667 1.1675533333333 1.16755333333338
    vertex -33.7131025 21.3652424496995 1.16755333333335
  endloop
endfacet
facet normal 5.8243888986911e-016 8.27283726776259e-016 1.0
  outer loop
    vertex -32.5455491666667 1.1675533333333 1.16755333333338
    vertex -33.7131025 -3.6059904275539e-014 1.16755333333338
    vertex -22.6213458333333 1.16755333333331 1.16755333333336
  endloop
endfacet
facet normal 5.8243888986911e-016 8.27283726776259e-016 1.0
  outer loop
    vertex -33.7131025 21.3652424496995 1.16755333333335
    vertex -32.5455491666667 1.1675533333333 1.16755333333338
    vertex -32.5455491666667 21.2887169612112 1.16755333333335
  endloop
endfacet
facet normal 5.8243888986911e-016 8.27283726776259e-016 1.0
  outer loop
    vertex -33.7131025 21.3652424496995 1.16755333333335
    vertex -32.5455491666667 21.2887169612112 1.16755333333335
    vertex -32.3740367819634 22.5914828627045 1.16755333333335
  endloop
endfacet
facet normal 5.8243888986911e-016 8.27283726776259e-016 1.0
  outer loop
    vertex -33.7131025 21.3652424496995 1.16755333333335
    vertex -32.3740367819634 22.5914828627045 1.16755333333335
    vertex -33.5115381823679 22.8962754443322 1.16755333333335
  endloop
endfacet
facet normal 5.8243888986911e-016 8.27283726776259e-016 1.0
  outer loop
    vertex -33.5115381823679 22.8962754443322 1.16755333333335
    vertex -32.3740367819634 22.5914828627045 1.16755333333335
    vertex -31.8785723474395 23.7876398202055 1.16755333333335
  endloop
endfacet
facet normal 5.8243888986911e-016 8.27283726776259e-016 1.0
  outer loop
    vertex -33.5115381823679 22.8962754443322 1.16755333333335
    vertex -31.8785723474395 23.7876398202055 1.16755333333335
    vertex -32.898428202599 24.3764538727165 1.16755333333335
  endloop
endfacet
facet normal 5.8243888986911e-016 8.27283726776259e-016 1.0
  outer loop
    vertex -32.898428202599 24.3764538727165 1.16755333333335
    vertex -31.8785723474395 23.7876398202055 1.16755333333335
    vertex -31.0904022525921 24.8148030859254 1.16755333333335
  endloop
endfacet
facet normal 5.8243888986911e-016 8.27283726776259e-016 1.0
  outer loop
    vertex -32.898428202599 24.3764538727165 1.16755333333335
    vertex -31.0904022525921 24.8148030859254 1.16755333333335
    vertex -31.923111071369 25.6475119047022 1.16755333333335
  endloop
endfacet
facet normal 5.8243888986911e-016 8.27283726776259e-016 1.0
  outer loop
    vertex -31.923111071369 25.6475119047022 1.16755333333335
    vertex -31.0904022525921 24.8148030859254 1.16755333333335
    vertex -30.0632389868723 25.6029731807728 1.16755333333335
  endloop
endfacet
facet normal 5.8243888986911e-016 8.27283726776259e-016 1.0
  outer loop
    vertex -31.923111071369 25.6475119047022 1.16755333333335
    vertex -30.0632389868723 25.6029731807728 1.16755333333335
    vertex -28.8670820293713 26.0984376152967 1.16755333333335
  endloop
endfacet
facet normal 5.8243888986911e-016 8.27283726776259e-016 1.0
  outer loop
    vertex -31.923111071369 25.6475119047022 1.16755333333335
    vertex -28.8670820293713 26.0984376152967 1.16755333333335
    vertex -30.6520530393833 26.6228290359323 1.16755333333335
  endloop
endfacet
facet normal 5.8243888986911e-016 8.27283726776259e-016 1.0
  outer loop
    vertex -30.6520530393833 26.6228290359323 1.16755333333335
    vertex -28.8670820293713 26.0984376152967 1.16755333333335
    vertex -27.5834475 26.2674313070778 1.16755333333335
  endloop
endfacet
facet normal 5.8243888986911e-016 8.27283726776259e-016 1.0
  outer loop
    vertex -30.6520530393833 26.6228290359323 1.16755333333335
    vertex -27.5834475 26.2674313070778 1.16755333333335
    vertex -24.5148419606168 26.6228290359323 1.16755333333335
  endloop
endfacet
facet normal 5.8243888986911e-016 8.27283726776259e-016 1.0
  outer loop
    vertex -30.6520530393833 26.6228290359323 1.16755333333335
    vertex -24.5148419606168 26.6228290359323 1.16755333333335
    vertex -25.9950203890011 27.2359390157012 1.16755333333335
  endloop
endfacet
facet normal 5.8243888986911e-016 8.27283726776259e-016 1.0
  outer loop
    vertex -30.6520530393833 26.6228290359323 1.16755333333335
    vertex -25.9950203890011 27.2359390157012 1.16755333333335
    vertex -29.1718746109989 27.2359390157011 1.16755333333335
  endloop
endfacet
facet normal 5.8243888986911e-016 8.27283726776259e-016 1.0
  outer loop
    vertex -29.1718746109989 27.2359390157011 1.16755333333335
    vertex -25.9950203890011 27.2359390157012 1.16755333333335
    vertex -27.5834475 27.4450594120997 1.16755333333335
  endloop
endfacet
facet normal -1.0 -4.50520796944354e-016 5.82438889869111e-016
  outer loop
    vertex -33.7131025 21.3652424496995 1.16755333333335
    vertex -33.7131025 -3.72103213519548e-014 5.00544050652252e-014
    vertex -33.7131025 -3.6059904275539e-014 1.16755333333338
  endloop
endfacet
facet normal -1.0 -4.50520796944354e-016 5.82438889869111e-016
  outer loop
    vertex -33.7131025 -3.72103213519548e-014 5.00544050652252e-014
    vertex -33.7131025 21.3652424496995 1.16755333333335
    vertex -33.7131025 21.3652424496995 2.04447569984723e-014
  endloop
endfacet
facet normal 0.608761429008723 0.793353340291233 -1.0108946389135e-015
  outer loop
    vertex -23.2437839286311 25.6475119047022 1.16755333333335
    vertex -24.5148419606168 26.6228290359323 1.40998324127395e-014
    vertex -24.5148419606168 26.6228290359323 1.16755333333335
  endloop
endfacet
facet normal 0.608761429008723 0.793353340291233 -1.0108946389135e-015
  outer loop
    vertex -24.5148419606168 26.6228290359323 1.40998324127395e-014
    vertex -23.2437839286311 25.6475119047022 1.16755333333335
    vertex -23.2437839286311 25.6475119047022 1.48048240333765e-014
  endloop
endfacet
facet normal 0.793353340291233 0.608761429008723 -9.65698262501154e-016
  outer loop
    vertex -22.268466797401 24.3764538727165 1.62148072746504e-014
    vertex -23.2437839286311 25.6475119047022 1.16755333333335
    vertex -22.268466797401 24.3764538727165 1.16755333333335
  endloop
endfacet
facet normal 0.793353340291233 0.608761429008723 -9.65698262501154e-016
  outer loop
    vertex -23.2437839286311 25.6475119047022 1.16755333333335
    vertex -22.268466797401 24.3764538727165 1.62148072746504e-014
    vertex -23.2437839286311 25.6475119047022 1.48048240333765e-014
  endloop
endfacet
facet normal 0.991444861373811 0.13052619222005 -6.85438239166713e-016
  outer loop
    vertex -21.4537925 21.3652424496994 1.90347737571983e-014
    vertex -21.6553568176321 22.8962754443322 1.16755333333335
    vertex -21.4537925 21.3652424496994 1.16755333333335
  endloop
endfacet
facet normal 0.991444861373811 0.13052619222005 -6.85438239166713e-016
  outer loop
    vertex -21.6553568176321 22.8962754443322 1.16755333333335
    vertex -21.4537925 21.3652424496994 1.90347737571983e-014
    vertex -21.6553568176321 22.8962754443322 1.76247905159244e-014
  endloop
endfacet
facet normal 1.0 1.03295968681347e-015 -5.82438889869111e-016
  outer loop
    vertex -21.4537925 -2.33965312573899e-014 1.16755333333336
    vertex -21.4537925 21.3652424496994 1.90347737571983e-014
    vertex -21.4537925 21.3652424496994 1.16755333333335
  endloop
endfacet
facet normal 1.0 1.03295968681347e-015 -5.82438889869111e-016
  outer loop
    vertex -21.4537925 21.3652424496994 1.90347737571983e-014
    vertex -21.4537925 -2.33965312573899e-014 1.16755333333336
    vertex -21.4537925 -2.45469483338056e-014 2.32647234810202e-014
  endloop
endfacet
facet normal 1.03295968681347e-015 -1.0 8.27283726776259e-016
  outer loop
    vertex -21.4537925 -2.45469483338056e-014 2.32647234810202e-014
    vertex -33.7131025 -3.6059904275539e-014 1.16755333333338
    vertex -33.7131025 -3.72103213519548e-014 5.00544050652252e-014
  endloop
endfacet
facet normal 1.03295968681347e-015 -1.0 8.27283726776259e-016
  outer loop
    vertex -33.7131025 -3.6059904275539e-014 1.16755333333338
    vertex -21.4537925 -2.45469483338056e-014 2.32647234810202e-014
    vertex -21.4537925 -2.33965312573899e-014 1.16755333333336
  endloop
endfacet
facet normal -0.99144486137381 0.130526192220052 4.69473849683277e-016
  outer loop
    vertex -33.5115381823679 22.8962754443322 1.90347737571983e-014
    vertex -33.7131025 21.3652424496995 1.16755333333335
    vertex -33.5115381823679 22.8962754443322 1.16755333333335
  endloop
endfacet
facet normal -0.99144486137381 0.130526192220052 4.69473849683277e-016
  outer loop
    vertex -33.7131025 21.3652424496995 1.16755333333335
    vertex -33.5115381823679 22.8962754443322 1.90347737571983e-014
    vertex -33.7131025 21.3652424496995 2.04447569984723e-014
  endloop
endfacet
facet normal -5.8243888986911e-016 -8.27283726776259e-016 -1.0
  outer loop
    vertex -33.7131025 -3.72103213519548e-014 5.00544050652252e-014
    vertex -31.3779958333333 2.33510666666663 4.79394302033143e-014
    vertex -21.4537925 -2.45469483338056e-014 2.32647234810202e-014
  endloop
endfacet
facet normal -5.8243888986911e-016 -8.27283726776259e-016 -1.0
  outer loop
    vertex -31.3779958333333 2.33510666666663 4.79394302033143e-014
    vertex -33.7131025 -3.72103213519548e-014 5.00544050652252e-014
    vertex -33.7131025 21.3652424496995 2.04447569984723e-014
  endloop
endfacet
facet normal -5.8243888986911e-016 -8.27283726776259e-016 -1.0
  outer loop
    vertex -31.3779958333333 2.33510666666663 4.79394302033143e-014
    vertex -33.7131025 21.3652424496995 2.04447569984723e-014
    vertex -31.3779958333334 13.2809191666666 3.66595642731227e-014
  endloop
endfacet
facet normal -5.8243888986911e-016 -8.27283726776259e-016 -1.0
  outer loop
    vertex -31.3779958333334 13.2809191666666 3.66595642731227e-014
    vertex -33.7131025 21.3652424496995 2.04447569984723e-014
    vertex -31.3779958333334 14.1565841666666 4.37094804794924e-014
  endloop
endfacet
facet normal -5.8243888986911e-016 -8.27283726776259e-016 -1.0
  outer loop
    vertex -31.3779958333334 13.2809191666666 3.66595642731227e-014
    vertex -31.3779958333334 14.1565841666666 4.37094804794924e-014
    vertex -23.7888991666667 13.2809191666666 1.83297821365613e-014
  endloop
endfacet
facet normal -5.8243888986911e-016 -8.27283726776259e-016 -1.0
  outer loop
    vertex -31.3779958333334 14.1565841666666 4.37094804794924e-014
    vertex -33.7131025 21.3652424496995 2.04447569984723e-014
    vertex -31.3779958333334 21.212191472723 3.66595642731227e-014
  endloop
endfacet
facet normal -5.8243888986911e-016 -8.27283726776259e-016 -1.0
  outer loop
    vertex -31.3779958333334 21.212191472723 3.66595642731227e-014
    vertex -33.7131025 21.3652424496995 2.04447569984723e-014
    vertex -31.2365353815589 22.2866902810769 3.59545726524857e-014
  endloop
endfacet
facet normal -5.8243888986911e-016 -8.27283726776259e-016 -1.0
  outer loop
    vertex -31.2365353815589 22.2866902810769 3.59545726524857e-014
    vertex -33.7131025 21.3652424496995 2.04447569984723e-014
    vertex -33.5115381823679 22.8962754443322 1.90347737571983e-014
  endloop
endfacet
facet normal -5.8243888986911e-016 -8.27283726776259e-016 -1.0
  outer loop
    vertex -31.2365353815589 22.2866902810769 3.59545726524857e-014
    vertex -33.5115381823679 22.8962754443322 1.90347737571983e-014
    vertex -30.8587164922801 23.1988257676946 3.45445894112117e-014
  endloop
endfacet
facet normal -5.8243888986911e-016 -8.27283726776259e-016 -1.0
  outer loop
    vertex -30.8587164922801 23.1988257676946 3.45445894112117e-014
    vertex -33.5115381823679 22.8962754443322 1.90347737571983e-014
    vertex -32.898428202599 24.3764538727165 1.76247905159244e-014
  endloop
endfacet
facet normal -5.8243888986911e-016 -8.27283726776259e-016 -1.0
  outer loop
    vertex -30.8587164922801 23.1988257676946 3.45445894112117e-014
    vertex -32.898428202599 24.3764538727165 1.76247905159244e-014
    vertex -30.2576934338153 23.9820942671485 3.31346061699378e-014
  endloop
endfacet
facet normal -5.8243888986911e-016 -8.27283726776259e-016 -1.0
  outer loop
    vertex -30.2576934338153 23.9820942671485 3.31346061699378e-014
    vertex -32.898428202599 24.3764538727165 1.76247905159244e-014
    vertex -29.4744249343614 24.5831173256133 3.31346061699378e-014
  endloop
endfacet
facet normal -5.8243888986911e-016 -8.27283726776259e-016 -1.0
  outer loop
    vertex -29.4744249343614 24.5831173256133 3.31346061699378e-014
    vertex -32.898428202599 24.3764538727165 1.76247905159244e-014
    vertex -31.923111071369 25.6475119047022 1.62148072746504e-014
  endloop
endfacet
facet normal -5.8243888986911e-016 -8.27283726776259e-016 -1.0
  outer loop
    vertex -29.4744249343614 24.5831173256133 3.31346061699378e-014
    vertex -31.923111071369 25.6475119047022 1.62148072746504e-014
    vertex -28.5622894477436 24.9609362148922 3.24296145493008e-014
  endloop
endfacet
facet normal -5.8243888986911e-016 -8.27283726776259e-016 -1.0
  outer loop
    vertex -28.5622894477436 24.9609362148922 3.24296145493008e-014
    vertex -31.923111071369 25.6475119047022 1.62148072746504e-014
    vertex -27.5834475 25.0898032020559 3.24296145493008e-014
  endloop
endfacet
facet normal -5.8243888986911e-016 -8.27283726776259e-016 -1.0
  outer loop
    vertex -21.4537925 -2.45469483338056e-014 2.32647234810202e-014
    vertex -23.7888991666667 2.33510666666664 2.96096480667529e-014
    vertex -21.4537925 21.3652424496994 1.90347737571983e-014
  endloop
endfacet
facet normal -5.8243888986911e-016 -8.27283726776259e-016 -1.0
  outer loop
    vertex -23.7888991666667 2.33510666666664 2.96096480667529e-014
    vertex -21.4537925 -2.45469483338056e-014 2.32647234810202e-014
    vertex -31.3779958333333 2.33510666666663 4.79394302033143e-014
  endloop
endfacet
facet normal -5.8243888986911e-016 -8.27283726776259e-016 -1.0
  outer loop
    vertex -21.4537925 21.3652424496994 1.90347737571983e-014
    vertex -23.7888991666667 2.33510666666664 2.96096480667529e-014
    vertex -23.7888991666667 13.2809191666666 1.83297821365613e-014
  endloop
endfacet
facet normal -5.8243888986911e-016 -8.27283726776259e-016 -1.0
  outer loop
    vertex -21.4537925 21.3652424496994 1.90347737571983e-014
    vertex -23.7888991666667 13.2809191666666 1.83297821365613e-014
    vertex -23.7888991666667 14.1565841666666 4.22994972382185e-014
  endloop
endfacet
facet normal -5.8243888986911e-016 -8.27283726776259e-016 -1.0
  outer loop
    vertex -23.7888991666667 14.1565841666666 4.22994972382185e-014
    vertex -23.7888991666667 13.2809191666666 1.83297821365613e-014
    vertex -31.3779958333334 14.1565841666666 4.37094804794924e-014
  endloop
endfacet
facet normal -5.8243888986911e-016 -8.27283726776259e-016 -1.0
  outer loop
    vertex -21.4537925 21.3652424496994 1.90347737571983e-014
    vertex -23.7888991666667 14.1565841666666 4.22994972382185e-014
    vertex -23.7888991666667 21.212191472723 3.52495810318487e-014
  endloop
endfacet
facet normal -5.8243888986911e-016 -8.27283726776259e-016 -1.0
  outer loop
    vertex -21.4537925 21.3652424496994 1.90347737571983e-014
    vertex -23.7888991666667 21.212191472723 3.52495810318487e-014
    vertex -23.9303596184411 22.2866902810769 3.45445894112117e-014
  endloop
endfacet
facet normal -5.8243888986911e-016 -8.27283726776259e-016 -1.0
  outer loop
    vertex -21.4537925 21.3652424496994 1.90347737571983e-014
    vertex -23.9303596184411 22.2866902810769 3.45445894112117e-014
    vertex -21.6553568176321 22.8962754443322 1.76247905159244e-014
  endloop
endfacet
facet normal -5.8243888986911e-016 -8.27283726776259e-016 -1.0
  outer loop
    vertex -21.6553568176321 22.8962754443322 1.76247905159244e-014
    vertex -23.9303596184411 22.2866902810769 3.45445894112117e-014
    vertex -24.30817850772 23.1988257676946 3.38395977905748e-014
  endloop
endfacet
facet normal -5.8243888986911e-016 -8.27283726776259e-016 -1.0
  outer loop
    vertex -21.6553568176321 22.8962754443322 1.76247905159244e-014
    vertex -24.30817850772 23.1988257676946 3.38395977905748e-014
    vertex -22.268466797401 24.3764538727165 1.62148072746504e-014
  endloop
endfacet
facet normal -5.8243888986911e-016 -8.27283726776259e-016 -1.0
  outer loop
    vertex -22.268466797401 24.3764538727165 1.62148072746504e-014
    vertex -24.30817850772 23.1988257676946 3.38395977905748e-014
    vertex -24.9092015661848 23.9820942671485 3.24296145493008e-014
  endloop
endfacet
facet normal -5.8243888986911e-016 -8.27283726776259e-016 -1.0
  outer loop
    vertex -22.268466797401 24.3764538727165 1.62148072746504e-014
    vertex -24.9092015661848 23.9820942671485 3.24296145493008e-014
    vertex -25.6924700656387 24.5831173256133 3.24296145493008e-014
  endloop
endfacet
facet normal -5.8243888986911e-016 -8.27283726776259e-016 -1.0
  outer loop
    vertex -22.268466797401 24.3764538727165 1.62148072746504e-014
    vertex -25.6924700656387 24.5831173256133 3.24296145493008e-014
    vertex -23.2437839286311 25.6475119047022 1.48048240333765e-014
  endloop
endfacet
facet normal -5.8243888986911e-016 -8.27283726776259e-016 -1.0
  outer loop
    vertex -23.2437839286311 25.6475119047022 1.48048240333765e-014
    vertex -25.6924700656387 24.5831173256133 3.24296145493008e-014
    vertex -26.6046055522564 24.9609362148922 3.24296145493008e-014
  endloop
endfacet
facet normal -5.8243888986911e-016 -8.27283726776259e-016 -1.0
  outer loop
    vertex -23.2437839286311 25.6475119047022 1.48048240333765e-014
    vertex -26.6046055522564 24.9609362148922 3.24296145493008e-014
    vertex -27.5834475 25.0898032020559 3.24296145493008e-014
  endloop
endfacet
facet normal -5.8243888986911e-016 -8.27283726776259e-016 -1.0
  outer loop
    vertex -23.2437839286311 25.6475119047022 1.48048240333765e-014
    vertex -27.5834475 25.0898032020559 3.24296145493008e-014
    vertex -31.923111071369 25.6475119047022 1.62148072746504e-014
  endloop
endfacet
facet normal -5.8243888986911e-016 -8.27283726776259e-016 -1.0
  outer loop
    vertex -23.2437839286311 25.6475119047022 1.48048240333765e-014
    vertex -31.923111071369 25.6475119047022 1.62148072746504e-014
    vertex -30.6520530393833 26.6228290359323 1.48048240333765e-014
  endloop
endfacet
facet normal -5.8243888986911e-016 -8.27283726776259e-016 -1.0
  outer loop
    vertex -23.2437839286311 25.6475119047022 1.48048240333765e-014
    vertex -30.6520530393833 26.6228290359323 1.48048240333765e-014
    vertex -24.5148419606168 26.6228290359323 1.40998324127395e-014
  endloop
endfacet
facet normal -5.8243888986911e-016 -8.27283726776259e-016 -1.0
  outer loop
    vertex -24.5148419606168 26.6228290359323 1.40998324127395e-014
    vertex -30.6520530393833 26.6228290359323 1.48048240333765e-014
    vertex -29.1718746109989 27.2359390157011 1.40998324127395e-014
  endloop
endfacet
facet normal -5.8243888986911e-016 -8.27283726776259e-016 -1.0
  outer loop
    vertex -24.5148419606168 26.6228290359323 1.40998324127395e-014
    vertex -29.1718746109989 27.2359390157011 1.40998324127395e-014
    vertex -25.9950203890011 27.2359390157012 1.40998324127395e-014
  endloop
endfacet
facet normal -5.8243888986911e-016 -8.27283726776259e-016 -1.0
  outer loop
    vertex -25.9950203890011 27.2359390157012 1.40998324127395e-014
    vertex -29.1718746109989 27.2359390157011 1.40998324127395e-014
    vertex -27.5834475 27.4450594120997 1.40998324127395e-014
  endloop
endfacet
facet normal 0.382683432365087 0.923879532511288 -9.87200216266268e-016
  outer loop
    vertex -24.5148419606168 26.6228290359323 1.16755333333335
    vertex -25.9950203890011 27.2359390157012 1.40998324127395e-014
    vertex -25.9950203890011 27.2359390157012 1.16755333333335
  endloop
endfacet
facet normal 0.382683432365087 0.923879532511288 -9.87200216266268e-016
  outer loop
    vertex -25.9950203890011 27.2359390157012 1.40998324127395e-014
    vertex -24.5148419606168 26.6228290359323 1.16755333333335
    vertex -24.5148419606168 26.6228290359323 1.40998324127395e-014
  endloop
endfacet
facet normal 0.923879532511285 0.382683432365094 -8.54691145391191e-016
  outer loop
    vertex -21.6553568176321 22.8962754443322 1.76247905159244e-014
    vertex -22.268466797401 24.3764538727165 1.16755333333335
    vertex -21.6553568176321 22.8962754443322 1.16755333333335
  endloop
endfacet
facet normal 0.923879532511285 0.382683432365094 -8.54691145391191e-016
  outer loop
    vertex -22.268466797401 24.3764538727165 1.16755333333335
    vertex -21.6553568176321 22.8962754443322 1.76247905159244e-014
    vertex -22.268466797401 24.3764538727165 1.62148072746504e-014
  endloop
endfacet
facet normal -0.923879532511288 0.382683432365088 2.21515593186147e-016
  outer loop
    vertex -32.898428202599 24.3764538727165 1.76247905159244e-014
    vertex -33.5115381823679 22.8962754443322 1.16755333333335
    vertex -32.898428202599 24.3764538727165 1.16755333333335
  endloop
endfacet
facet normal -0.923879532511288 0.382683432365088 2.21515593186147e-016
  outer loop
    vertex -33.5115381823679 22.8962754443322 1.16755333333335
    vertex -32.898428202599 24.3764538727165 1.76247905159244e-014
    vertex -33.5115381823679 22.8962754443322 1.90347737571983e-014
  endloop
endfacet
facet normal -0.130526192220053 0.99144486137381 -7.44182669315008e-016
  outer loop
    vertex -27.5834475 27.4450594120997 1.16755333333335
    vertex -29.1718746109989 27.2359390157011 1.40998324127395e-014
    vertex -29.1718746109989 27.2359390157011 1.16755333333335
  endloop
endfacet
facet normal -0.130526192220053 0.99144486137381 -7.44182669315008e-016
  outer loop
    vertex -29.1718746109989 27.2359390157011 1.40998324127395e-014
    vertex -27.5834475 27.4450594120997 1.16755333333335
    vertex -27.5834475 27.4450594120997 1.40998324127395e-014
  endloop
endfacet
facet normal -0.608761429008714 0.793353340291241 -3.01761977099563e-016
  outer loop
    vertex -30.6520530393833 26.6228290359323 1.16755333333335
    vertex -31.923111071369 25.6475119047022 1.62148072746504e-014
    vertex -31.923111071369 25.6475119047022 1.16755333333335
  endloop
endfacet
facet normal -0.608761429008714 0.793353340291241 -3.01761977099563e-016
  outer loop
    vertex -31.923111071369 25.6475119047022 1.62148072746504e-014
    vertex -30.6520530393833 26.6228290359323 1.16755333333335
    vertex -30.6520530393833 26.6228290359323 1.48048240333765e-014
  endloop
endfacet
facet normal -0.382683432365098 0.923879532511283 -5.41420789230215e-016
  outer loop
    vertex -29.1718746109989 27.2359390157011 1.16755333333335
    vertex -30.6520530393833 26.6228290359323 1.48048240333765e-014
    vertex -30.6520530393833 26.6228290359323 1.16755333333335
  endloop
endfacet
facet normal -0.382683432365098 0.923879532511283 -5.41420789230215e-016
  outer loop
    vertex -30.6520530393833 26.6228290359323 1.48048240333765e-014
    vertex -29.1718746109989 27.2359390157011 1.16755333333335
    vertex -29.1718746109989 27.2359390157011 1.40998324127395e-014
  endloop
endfacet
facet normal -0.793353340291237 0.608761429008718 -4.15385849147955e-017
  outer loop
    vertex -31.923111071369 25.6475119047022 1.62148072746504e-014
    vertex -32.898428202599 24.3764538727165 1.16755333333335
    vertex -31.923111071369 25.6475119047022 1.16755333333335
  endloop
endfacet
facet normal -0.793353340291237 0.608761429008718 -4.15385849147955e-017
  outer loop
    vertex -32.898428202599 24.3764538727165 1.16755333333335
    vertex -31.923111071369 25.6475119047022 1.62148072746504e-014
    vertex -32.898428202599 24.3764538727165 1.76247905159244e-014
  endloop
endfacet
facet normal 0.130526192220052 0.99144486137381 -8.96229730305987e-016
  outer loop
    vertex -25.9950203890011 27.2359390157012 1.16755333333335
    vertex -27.5834475 27.4450594120997 1.40998324127395e-014
    vertex -27.5834475 27.4450594120997 1.16755333333335
  endloop
endfacet
facet normal 0.130526192220052 0.99144486137381 -8.96229730305987e-016
  outer loop
    vertex -27.5834475 27.4450594120997 1.40998324127395e-014
    vertex -25.9950203890011 27.2359390157012 1.16755333333335
    vertex -25.9950203890011 27.2359390157012 1.40998324127395e-014
  endloop
endfacet
facet normal -1.0 -1.23910992617216e-015 1.31918092924757e-016
  outer loop
    vertex -11.0917566666667 21.2887169612112 4.08643666666668
    vertex -11.0917566666667 1.16755333333332 1.16755333333336
    vertex -11.0917566666667 1.16755333333332 4.08643666666671
  endloop
endfacet
facet normal -1.0 -1.23910992617216e-015 1.31918092924757e-016
  outer loop
    vertex -11.0917566666667 1.16755333333332 1.16755333333336
    vertex -11.0917566666667 21.2887169612112 4.08643666666668
    vertex -11.0917566666667 21.2887169612112 1.16755333333333
  endloop
endfacet
facet normal 1.03295968681347e-015 -1.0 9.85322934354826e-016
  outer loop
    vertex -1.16755333333333 1.16755333333333 1.16755333333333
    vertex -11.0917566666667 1.16755333333332 4.08643666666671
    vertex -11.0917566666667 1.16755333333332 1.16755333333336
  endloop
endfacet
facet normal 1.03295968681347e-015 -1.0 9.85322934354826e-016
  outer loop
    vertex -11.0917566666667 1.16755333333332 4.08643666666671
    vertex -1.16755333333333 1.16755333333333 1.16755333333333
    vertex -1.16755333333333 1.16755333333333 4.08643666666668
  endloop
endfacet
facet normal 0.130526192220043 0.991444861373812 -9.94112126414256e-016
  outer loop
    vertex -4.84602047062879 26.0984376152967 4.08643666666667
    vertex -6.12965500000003 26.2674313070778 1.16755333333332
    vertex -6.12965500000003 26.2674313070778 4.08643666666667
  endloop
endfacet
facet normal 0.130526192220043 0.991444861373812 -9.94112126414256e-016
  outer loop
    vertex -6.12965500000003 26.2674313070778 1.16755333333332
    vertex -4.84602047062879 26.0984376152967 4.08643666666667
    vertex -4.84602047062879 26.0984376152967 1.16755333333332
  endloop
endfacet
facet normal 6.89520912580852e-016 8.12511572511713e-016 1.0
  outer loop
    vertex -1.16755333333333 1.16755333333333 4.08643666666668
    vertex -2.33510666666667 2.33510666666666 4.08643666666668
    vertex -11.0917566666667 1.16755333333332 4.08643666666671
  endloop
endfacet
facet normal 6.89520912580852e-016 8.12511572511713e-016 1.0
  outer loop
    vertex -2.33510666666667 2.33510666666666 4.08643666666668
    vertex -1.16755333333333 1.16755333333333 4.08643666666668
    vertex -1.16755333333336 21.2887169612113 4.08643666666668
  endloop
endfacet
facet normal 6.89520912580852e-016 8.12511572511713e-016 1.0
  outer loop
    vertex -2.33510666666667 2.33510666666666 4.08643666666668
    vertex -1.16755333333336 21.2887169612113 4.08643666666668
    vertex -2.33510666666667 13.2809191666667 4.08643666666667
  endloop
endfacet
facet normal 6.89520912580852e-016 8.12511572511713e-016 1.0
  outer loop
    vertex -2.33510666666667 13.2809191666667 4.08643666666667
    vertex -1.16755333333336 21.2887169612113 4.08643666666668
    vertex -2.33510666666667 14.1565841666667 4.08643666666668
  endloop
endfacet
facet normal 6.89520912580852e-016 8.12511572511713e-016 1.0
  outer loop
    vertex -2.33510666666667 13.2809191666667 4.08643666666667
    vertex -2.33510666666667 14.1565841666667 4.08643666666668
    vertex -9.92420333333335 13.2809191666667 4.08643666666669
  endloop
endfacet
facet normal 6.89520912580852e-016 8.12511572511713e-016 1.0
  outer loop
    vertex -2.33510666666667 14.1565841666667 4.08643666666668
    vertex -1.16755333333336 21.2887169612113 4.08643666666668
    vertex -2.33510666666667 21.212191472723 4.08643666666668
  endloop
endfacet
facet normal 6.89520912580852e-016 8.12511572511713e-016 1.0
  outer loop
    vertex -2.33510666666667 21.212191472723 4.08643666666668
    vertex -1.16755333333336 21.2887169612113 4.08643666666668
    vertex -2.47656711844115 22.2866902810769 4.08643666666668
  endloop
endfacet
facet normal 6.89520912580852e-016 8.12511572511713e-016 1.0
  outer loop
    vertex -2.47656711844115 22.2866902810769 4.08643666666668
    vertex -1.16755333333336 21.2887169612113 4.08643666666668
    vertex -1.33906571803665 22.5914828627046 4.08643666666668
  endloop
endfacet
facet normal 6.89520912580852e-016 8.12511572511713e-016 1.0
  outer loop
    vertex -2.47656711844115 22.2866902810769 4.08643666666668
    vertex -1.33906571803665 22.5914828627046 4.08643666666668
    vertex -2.85438600771998 23.1988257676946 4.08643666666668
  endloop
endfacet
facet normal 6.89520912580852e-016 8.12511572511713e-016 1.0
  outer loop
    vertex -2.85438600771998 23.1988257676946 4.08643666666668
    vertex -1.33906571803665 22.5914828627046 4.08643666666668
    vertex -1.83453015256049 23.7876398202056 4.08643666666667
  endloop
endfacet
facet normal 6.89520912580852e-016 8.12511572511713e-016 1.0
  outer loop
    vertex -2.85438600771998 23.1988257676946 4.08643666666668
    vertex -1.83453015256049 23.7876398202056 4.08643666666667
    vertex -3.45540906618477 23.9820942671485 4.08643666666667
  endloop
endfacet
facet normal 6.89520912580852e-016 8.12511572511713e-016 1.0
  outer loop
    vertex -3.45540906618477 23.9820942671485 4.08643666666667
    vertex -1.83453015256049 23.7876398202056 4.08643666666667
    vertex -2.62270024740793 24.8148030859254 4.08643666666667
  endloop
endfacet
facet normal 6.89520912580852e-016 8.12511572511713e-016 1.0
  outer loop
    vertex -3.45540906618477 23.9820942671485 4.08643666666667
    vertex -2.62270024740793 24.8148030859254 4.08643666666667
    vertex -4.23867756563871 24.5831173256133 4.08643666666667
  endloop
endfacet
facet normal 6.89520912580852e-016 8.12511572511713e-016 1.0
  outer loop
    vertex -4.23867756563871 24.5831173256133 4.08643666666667
    vertex -2.62270024740793 24.8148030859254 4.08643666666667
    vertex -5.15081305225644 24.9609362148922 4.08643666666667
  endloop
endfacet
facet normal 6.89520912580852e-016 8.12511572511713e-016 1.0
  outer loop
    vertex -5.15081305225644 24.9609362148922 4.08643666666667
    vertex -2.62270024740793 24.8148030859254 4.08643666666667
    vertex -3.64986351312773 25.6029731807728 4.08643666666667
  endloop
endfacet
facet normal 6.89520912580852e-016 8.12511572511713e-016 1.0
  outer loop
    vertex -5.15081305225644 24.9609362148922 4.08643666666667
    vertex -3.64986351312773 25.6029731807728 4.08643666666667
    vertex -6.12965500000003 25.0898032020559 4.08643666666667
  endloop
endfacet
facet normal 6.89520912580852e-016 8.12511572511713e-016 1.0
  outer loop
    vertex -11.0917566666667 1.16755333333332 4.08643666666671
    vertex -9.92420333333333 2.33510666666665 4.0864366666667
    vertex -11.0917566666667 21.2887169612112 4.08643666666668
  endloop
endfacet
facet normal 6.89520912580852e-016 8.12511572511713e-016 1.0
  outer loop
    vertex -9.92420333333333 2.33510666666665 4.0864366666667
    vertex -11.0917566666667 1.16755333333332 4.08643666666671
    vertex -2.33510666666667 2.33510666666666 4.08643666666668
  endloop
endfacet
facet normal 6.89520912580852e-016 8.12511572511713e-016 1.0
  outer loop
    vertex -11.0917566666667 21.2887169612112 4.08643666666668
    vertex -9.92420333333333 2.33510666666665 4.0864366666667
    vertex -9.92420333333335 13.2809191666667 4.08643666666669
  endloop
endfacet
facet normal 6.89520912580852e-016 8.12511572511713e-016 1.0
  outer loop
    vertex -11.0917566666667 21.2887169612112 4.08643666666668
    vertex -9.92420333333335 13.2809191666667 4.08643666666669
    vertex -9.92420333333335 14.1565841666667 4.08643666666669
  endloop
endfacet
facet normal 6.89520912580852e-016 8.12511572511713e-016 1.0
  outer loop
    vertex -9.92420333333335 14.1565841666667 4.08643666666669
    vertex -9.92420333333335 13.2809191666667 4.08643666666669
    vertex -2.33510666666667 14.1565841666667 4.08643666666668
  endloop
endfacet
facet normal 6.89520912580852e-016 8.12511572511713e-016 1.0
  outer loop
    vertex -11.0917566666667 21.2887169612112 4.08643666666668
    vertex -9.92420333333335 14.1565841666667 4.08643666666669
    vertex -9.92420333333336 21.2121914727231 4.08643666666668
  endloop
endfacet
facet normal 6.89520912580852e-016 8.12511572511713e-016 1.0
  outer loop
    vertex -11.0917566666667 21.2887169612112 4.08643666666668
    vertex -9.92420333333336 21.2121914727231 4.08643666666668
    vertex -9.78274288155889 22.2866902810769 4.08643666666668
  endloop
endfacet
facet normal 6.89520912580852e-016 8.12511572511713e-016 1.0
  outer loop
    vertex -11.0917566666667 21.2887169612112 4.08643666666668
    vertex -9.78274288155889 22.2866902810769 4.08643666666668
    vertex -10.9202442819634 22.5914828627046 4.08643666666668
  endloop
endfacet
facet normal 6.89520912580852e-016 8.12511572511713e-016 1.0
  outer loop
    vertex -10.9202442819634 22.5914828627046 4.08643666666668
    vertex -9.78274288155889 22.2866902810769 4.08643666666668
    vertex -9.40492399228006 23.1988257676946 4.08643666666668
  endloop
endfacet
facet normal 6.89520912580852e-016 8.12511572511713e-016 1.0
  outer loop
    vertex -10.9202442819634 22.5914828627046 4.08643666666668
    vertex -9.40492399228006 23.1988257676946 4.08643666666668
    vertex -10.4247798474395 23.7876398202056 4.08643666666668
  endloop
endfacet
facet normal 6.89520912580852e-016 8.12511572511713e-016 1.0
  outer loop
    vertex -10.4247798474395 23.7876398202056 4.08643666666668
    vertex -9.40492399228006 23.1988257676946 4.08643666666668
    vertex -8.80390093381526 23.9820942671486 4.08643666666668
  endloop
endfacet
facet normal 6.89520912580852e-016 8.12511572511713e-016 1.0
  outer loop
    vertex -10.4247798474395 23.7876398202056 4.08643666666668
    vertex -8.80390093381526 23.9820942671486 4.08643666666668
    vertex -9.63660975259211 24.8148030859254 4.08643666666667
  endloop
endfacet
facet normal 6.89520912580852e-016 8.12511572511713e-016 1.0
  outer loop
    vertex -9.63660975259211 24.8148030859254 4.08643666666667
    vertex -8.80390093381526 23.9820942671486 4.08643666666668
    vertex -8.02063243436137 24.5831173256133 4.08643666666667
  endloop
endfacet
facet normal 6.89520912580852e-016 8.12511572511713e-016 1.0
  outer loop
    vertex -9.63660975259211 24.8148030859254 4.08643666666667
    vertex -8.02063243436137 24.5831173256133 4.08643666666667
    vertex -7.10849694774361 24.9609362148922 4.08643666666667
  endloop
endfacet
facet normal 6.89520912580852e-016 8.12511572511713e-016 1.0
  outer loop
    vertex -9.63660975259211 24.8148030859254 4.08643666666667
    vertex -7.10849694774361 24.9609362148922 4.08643666666667
    vertex -8.60944648687231 25.6029731807728 4.08643666666667
  endloop
endfacet
facet normal 6.89520912580852e-016 8.12511572511713e-016 1.0
  outer loop
    vertex -8.60944648687231 25.6029731807728 4.08643666666667
    vertex -7.10849694774361 24.9609362148922 4.08643666666667
    vertex -6.12965500000003 25.0898032020559 4.08643666666667
  endloop
endfacet
facet normal 6.89520912580852e-016 8.12511572511713e-016 1.0
  outer loop
    vertex -8.60944648687231 25.6029731807728 4.08643666666667
    vertex -6.12965500000003 25.0898032020559 4.08643666666667
    vertex -3.64986351312773 25.6029731807728 4.08643666666667
  endloop
endfacet
facet normal 6.89520912580852e-016 8.12511572511713e-016 1.0
  outer loop
    vertex -8.60944648687231 25.6029731807728 4.08643666666667
    vertex -3.64986351312773 25.6029731807728 4.08643666666667
    vertex -4.84602047062879 26.0984376152967 4.08643666666667
  endloop
endfacet
facet normal 6.89520912580852e-016 8.12511572511713e-016 1.0
  outer loop
    vertex -8.60944648687231 25.6029731807728 4.08643666666667
    vertex -4.84602047062879 26.0984376152967 4.08643666666667
    vertex -7.41328952937127 26.0984376152967 4.08643666666667
  endloop
endfacet
facet normal 6.89520912580852e-016 8.12511572511713e-016 1.0
  outer loop
    vertex -7.41328952937127 26.0984376152967 4.08643666666667
    vertex -4.84602047062879 26.0984376152967 4.08643666666667
    vertex -6.12965500000003 26.2674313070778 4.08643666666667
  endloop
endfacet
facet normal -0.608761429008717 0.793353340291238 -7.01402594474987e-016
  outer loop
    vertex -8.60944648687231 25.6029731807728 4.08643666666667
    vertex -9.63660975259211 24.8148030859254 1.16755333333333
    vertex -9.63660975259211 24.8148030859254 4.08643666666667
  endloop
endfacet
facet normal -0.608761429008717 0.793353340291238 -7.01402594474987e-016
  outer loop
    vertex -9.63660975259211 24.8148030859254 1.16755333333333
    vertex -8.60944648687231 25.6029731807728 4.08643666666667
    vertex -8.60944648687232 25.6029731807728 1.16755333333332
  endloop
endfacet
facet normal -0.923879532511288 0.382683432365088 -2.55190336485842e-016
  outer loop
    vertex -10.4247798474395 23.7876398202056 1.16755333333333
    vertex -10.9202442819634 22.5914828627046 4.08643666666668
    vertex -10.4247798474395 23.7876398202056 4.08643666666668
  endloop
endfacet
facet normal -0.923879532511288 0.382683432365088 -2.55190336485842e-016
  outer loop
    vertex -10.9202442819634 22.5914828627046 4.08643666666668
    vertex -10.4247798474395 23.7876398202056 1.16755333333333
    vertex -10.9202442819634 22.5914828627045 1.16755333333333
  endloop
endfacet
facet normal 0.923879532511286 0.382683432365092 -4.98943188528053e-016
  outer loop
    vertex -1.33906571803665 22.5914828627046 1.16755333333333
    vertex -1.83453015256049 23.7876398202056 4.08643666666667
    vertex -1.33906571803665 22.5914828627046 4.08643666666668
  endloop
endfacet
facet normal 0.923879532511286 0.382683432365092 -4.98943188528053e-016
  outer loop
    vertex -1.83453015256049 23.7876398202056 4.08643666666667
    vertex -1.33906571803665 22.5914828627046 1.16755333333333
    vertex -1.83453015256049 23.7876398202056 1.16755333333333
  endloop
endfacet
facet normal -0.793353340291235 0.608761429008721 -4.95168937886206e-016
  outer loop
    vertex -9.63660975259211 24.8148030859254 1.16755333333333
    vertex -10.4247798474395 23.7876398202056 4.08643666666668
    vertex -9.63660975259211 24.8148030859254 4.08643666666667
  endloop
endfacet
facet normal -0.793353340291235 0.608761429008721 -4.95168937886206e-016
  outer loop
    vertex -10.4247798474395 23.7876398202056 4.08643666666668
    vertex -9.63660975259211 24.8148030859254 1.16755333333333
    vertex -10.4247798474395 23.7876398202056 1.16755333333333
  endloop
endfacet
facet normal -0.382683432365099 0.923879532511283 -8.59836823372879e-016
  outer loop
    vertex -7.41328952937127 26.0984376152967 4.08643666666667
    vertex -8.60944648687232 25.6029731807728 1.16755333333332
    vertex -8.60944648687231 25.6029731807728 4.08643666666667
  endloop
endfacet
facet normal -0.382683432365099 0.923879532511283 -8.59836823372879e-016
  outer loop
    vertex -8.60944648687232 25.6029731807728 1.16755333333332
    vertex -7.41328952937127 26.0984376152967 4.08643666666667
    vertex -7.41328952937127 26.0984376152967 1.16755333333332
  endloop
endfacet
facet normal -0.130526192220045 0.991444861373811 -9.5967459370546e-016
  outer loop
    vertex -6.12965500000003 26.2674313070778 4.08643666666667
    vertex -7.41328952937127 26.0984376152967 1.16755333333332
    vertex -7.41328952937127 26.0984376152967 4.08643666666667
  endloop
endfacet
facet normal -0.130526192220045 0.991444861373811 -9.5967459370546e-016
  outer loop
    vertex -7.41328952937127 26.0984376152967 1.16755333333332
    vertex -6.12965500000003 26.2674313070778 4.08643666666667
    vertex -6.12965500000003 26.2674313070778 1.16755333333332
  endloop
endfacet
facet normal 0.793353340291232 0.608761429008724 -7.04484257219618e-016
  outer loop
    vertex -1.83453015256049 23.7876398202056 1.16755333333333
    vertex -2.62270024740793 24.8148030859254 4.08643666666667
    vertex -1.83453015256049 23.7876398202056 4.08643666666667
  endloop
endfacet
facet normal 0.793353340291232 0.608761429008724 -7.04484257219618e-016
  outer loop
    vertex -2.62270024740793 24.8148030859254 4.08643666666667
    vertex -1.83453015256049 23.7876398202056 1.16755333333333
    vertex -2.62270024740793 24.8148030859254 1.16755333333332
  endloop
endfacet
facet normal 0.382683432365094 0.923879532511285 -9.60802560555887e-016
  outer loop
    vertex -3.64986351312773 25.6029731807728 4.08643666666667
    vertex -4.84602047062879 26.0984376152967 1.16755333333332
    vertex -4.84602047062879 26.0984376152967 4.08643666666667
  endloop
endfacet
facet normal 0.382683432365094 0.923879532511285 -9.60802560555887e-016
  outer loop
    vertex -4.84602047062879 26.0984376152967 1.16755333333332
    vertex -3.64986351312773 25.6029731807728 4.08643666666667
    vertex -3.64986351312773 25.6029731807728 1.16755333333332
  endloop
endfacet
facet normal -0.99144486137381 0.130526192220052 2.1790646240578e-018
  outer loop
    vertex -10.9202442819634 22.5914828627045 1.16755333333333
    vertex -11.0917566666667 21.2887169612112 4.08643666666668
    vertex -10.9202442819634 22.5914828627046 4.08643666666668
  endloop
endfacet
facet normal -0.99144486137381 0.130526192220052 2.1790646240578e-018
  outer loop
    vertex -11.0917566666667 21.2887169612112 4.08643666666668
    vertex -10.9202442819634 22.5914828627045 1.16755333333333
    vertex -11.0917566666667 21.2887169612112 1.16755333333333
  endloop
endfacet
facet normal 1.0 1.03295968681347e-015 -1.31918092924757e-016
  outer loop
    vertex -1.16755333333333 1.16755333333333 4.08643666666668
    vertex -1.16755333333336 21.2887169612113 1.16755333333333
    vertex -1.16755333333336 21.2887169612113 4.08643666666668
  endloop
endfacet
facet normal 1.0 1.03295968681347e-015 -1.31918092924757e-016
  outer loop
    vertex -1.16755333333336 21.2887169612113 1.16755333333333
    vertex -1.16755333333333 1.16755333333333 4.08643666666668
    vertex -1.16755333333333 1.16755333333333 1.16755333333333
  endloop
endfacet
facet normal 0.99144486137381 0.130526192220051 -2.59399966080905e-016
  outer loop
    vertex -1.16755333333336 21.2887169612113 1.16755333333333
    vertex -1.33906571803665 22.5914828627046 4.08643666666668
    vertex -1.16755333333336 21.2887169612113 4.08643666666668
  endloop
endfacet
facet normal 0.99144486137381 0.130526192220051 -2.59399966080905e-016
  outer loop
    vertex -1.33906571803665 22.5914828627046 4.08643666666668
    vertex -1.16755333333336 21.2887169612113 1.16755333333333
    vertex -1.33906571803665 22.5914828627046 1.16755333333333
  endloop
endfacet
facet normal 0.608761429008724 0.793353340291233 -8.6201588799694e-016
  outer loop
    vertex -2.62270024740793 24.8148030859254 4.08643666666667
    vertex -3.64986351312773 25.6029731807728 1.16755333333332
    vertex -3.64986351312773 25.6029731807728 4.08643666666667
  endloop
endfacet
facet normal 0.608761429008724 0.793353340291233 -8.6201588799694e-016
  outer loop
    vertex -3.64986351312773 25.6029731807728 1.16755333333332
    vertex -2.62270024740793 24.8148030859254 4.08643666666667
    vertex -2.62270024740793 24.8148030859254 1.16755333333332
  endloop
endfacet
facet normal 1.0 1.03295968681347e-015 -3.75736295929091e-016
  outer loop
    vertex -9.92420333333335 14.1565841666666 1.90347737571983e-014
    vertex -9.92420333333336 21.2121914727231 4.08643666666668
    vertex -9.92420333333335 14.1565841666667 4.08643666666669
  endloop
endfacet
facet normal 1.0 1.03295968681347e-015 -3.75736295929091e-016
  outer loop
    vertex -9.92420333333336 21.2121914727231 4.08643666666668
    vertex -9.92420333333335 14.1565841666666 1.90347737571983e-014
    vertex -9.92420333333336 21.212191472723 1.19848575508286e-014
  endloop
endfacet
facet normal -1.03295968681346e-015 1.0 -6.00482051330438e-016
  outer loop
    vertex -2.33510666666667 14.1565841666667 4.08643666666668
    vertex -9.92420333333335 14.1565841666666 1.90347737571983e-014
    vertex -9.92420333333335 14.1565841666667 4.08643666666669
  endloop
endfacet
facet normal -1.03295968681346e-015 1.0 -6.00482051330438e-016
  outer loop
    vertex -9.92420333333335 14.1565841666666 1.90347737571983e-014
    vertex -2.33510666666667 14.1565841666667 4.08643666666668
    vertex -2.33510666666667 14.1565841666666 1.76247905159244e-014
  endloop
endfacet
facet normal -0.923879532511287 -0.38268343236509 5.76929605907253e-016
  outer loop
    vertex -2.85438600771997 23.1988257676946 9.16489106828067e-015
    vertex -2.47656711844115 22.2866902810769 4.08643666666668
    vertex -2.85438600771998 23.1988257676946 4.08643666666668
  endloop
endfacet
facet normal -0.923879532511287 -0.38268343236509 5.76929605907253e-016
  outer loop
    vertex -2.47656711844115 22.2866902810769 4.08643666666668
    vertex -2.85438600771997 23.1988257676946 9.16489106828067e-015
    vertex -2.47656711844114 22.2866902810769 9.86988268891764e-015
  endloop
endfacet
facet normal -0.608761429008729 -0.793353340291229 7.05128205648172e-016
  outer loop
    vertex -4.23867756563871 24.5831173256133 7.75490782700672e-015
    vertex -3.45540906618477 23.9820942671485 4.08643666666667
    vertex -4.23867756563871 24.5831173256133 4.08643666666667
  endloop
endfacet
facet normal -0.608761429008729 -0.793353340291229 7.05128205648172e-016
  outer loop
    vertex -3.45540906618477 23.9820942671485 4.08643666666667
    vertex -4.23867756563871 24.5831173256133 7.75490782700672e-015
    vertex -3.45540906618477 23.9820942671485 7.75490782700672e-015
  endloop
endfacet
facet normal -0.99144486137381 -0.130526192220051 4.50900455487173e-016
  outer loop
    vertex -2.47656711844114 22.2866902810769 9.86988268891764e-015
    vertex -2.33510666666667 21.212191472723 4.08643666666668
    vertex -2.47656711844115 22.2866902810769 4.08643666666668
  endloop
endfacet
facet normal -0.99144486137381 -0.130526192220051 4.50900455487173e-016
  outer loop
    vertex -2.33510666666667 21.212191472723 4.08643666666668
    vertex -2.47656711844114 22.2866902810769 9.86988268891764e-015
    vertex -2.33510666666667 21.212191472723 1.05748743095546e-014
  endloop
endfacet
facet normal -1.03295968681347e-015 1.0 -1.36427906009355e-015
  outer loop
    vertex -2.33510666666667 2.33510666666666 4.08643666666668
    vertex -9.92420333333333 2.33510666666665 2.32647234810202e-014
    vertex -9.92420333333333 2.33510666666665 4.0864366666667
  endloop
endfacet
facet normal -1.03295968681347e-015 1.0 -1.36427906009355e-015
  outer loop
    vertex -9.92420333333333 2.33510666666665 2.32647234810202e-014
    vertex -2.33510666666667 2.33510666666666 4.08643666666668
    vertex -2.33510666666667 2.33510666666666 4.93494134445882e-015
  endloop
endfacet
facet normal -0.382683432365092 -0.923879532511286 6.98561132254873e-016
  outer loop
    vertex -5.15081305225644 24.9609362148922 7.75490782700672e-015
    vertex -4.23867756563871 24.5831173256133 4.08643666666667
    vertex -5.15081305225644 24.9609362148922 4.08643666666667
  endloop
endfacet
facet normal -0.382683432365092 -0.923879532511286 6.98561132254873e-016
  outer loop
    vertex -4.23867756563871 24.5831173256133 4.08643666666667
    vertex -5.15081305225644 24.9609362148922 7.75490782700672e-015
    vertex -4.23867756563871 24.5831173256133 7.75490782700672e-015
  endloop
endfacet
facet normal 0.608761429008723 -0.793353340291234 2.47660676767698e-016
  outer loop
    vertex -8.80390093381526 23.9820942671486 8.45989944764369e-015
    vertex -8.02063243436137 24.5831173256133 4.08643666666667
    vertex -8.80390093381526 23.9820942671486 4.08643666666668
  endloop
endfacet
facet normal 0.608761429008723 -0.793353340291234 2.47660676767698e-016
  outer loop
    vertex -8.02063243436137 24.5831173256133 4.08643666666667
    vertex -8.80390093381526 23.9820942671486 8.45989944764369e-015
    vertex -8.02063243436137 24.5831173256133 8.45989944764369e-015
  endloop
endfacet
facet normal 0.793353340291232 -0.608761429008725 6.74586662180094e-017
  outer loop
    vertex -9.40492399228006 23.1988257676946 9.86988268891764e-015
    vertex -8.80390093381526 23.9820942671486 4.08643666666668
    vertex -9.40492399228006 23.1988257676946 4.08643666666668
  endloop
endfacet
facet normal 0.793353340291232 -0.608761429008725 6.74586662180094e-017
  outer loop
    vertex -8.80390093381526 23.9820942671486 4.08643666666668
    vertex -9.40492399228006 23.1988257676946 9.86988268891764e-015
    vertex -8.80390093381526 23.9820942671486 8.45989944764369e-015
  endloop
endfacet
facet normal 0.382683432365095 -0.923879532511285 4.10985021474291e-016
  outer loop
    vertex -8.02063243436137 24.5831173256133 8.45989944764369e-015
    vertex -7.10849694774361 24.9609362148922 4.08643666666667
    vertex -8.02063243436137 24.5831173256133 4.08643666666667
  endloop
endfacet
facet normal 0.382683432365095 -0.923879532511285 4.10985021474291e-016
  outer loop
    vertex -7.10849694774361 24.9609362148922 4.08643666666667
    vertex -8.02063243436137 24.5831173256133 8.45989944764369e-015
    vertex -7.1084969477436 24.9609362148922 7.75490782700672e-015
  endloop
endfacet
facet normal 0.923879532511288 -0.382683432365088 -1.17340540953729e-016
  outer loop
    vertex -9.78274288155889 22.2866902810769 1.12798659301916e-014
    vertex -9.40492399228006 23.1988257676946 4.08643666666668
    vertex -9.78274288155889 22.2866902810769 4.08643666666668
  endloop
endfacet
facet normal 0.923879532511288 -0.382683432365088 -1.17340540953729e-016
  outer loop
    vertex -9.40492399228006 23.1988257676946 4.08643666666668
    vertex -9.78274288155889 22.2866902810769 1.12798659301916e-014
    vertex -9.40492399228006 23.1988257676946 9.86988268891764e-015
  endloop
endfacet
facet normal -1.0 -2.75047435336022e-016 2.86477476892514e-015
  outer loop
    vertex -2.33510666666667 13.2809191666667 -6.34492458573277e-015
    vertex -2.33510666666667 2.33510666666666 4.08643666666668
    vertex -2.33510666666667 13.2809191666667 4.08643666666667
  endloop
endfacet
facet normal -1.0 -2.75047435336022e-016 2.86477476892514e-015
  outer loop
    vertex -2.33510666666667 2.33510666666666 4.08643666666668
    vertex -2.33510666666667 13.2809191666667 -6.34492458573277e-015
    vertex -2.33510666666667 2.33510666666666 4.93494134445882e-015
  endloop
endfacet
facet normal 1.03295968681347e-015 -1.0 1.36427906009355e-015
  outer loop
    vertex -2.33510666666667 13.2809191666667 -6.34492458573277e-015
    vertex -9.92420333333335 13.2809191666667 4.08643666666669
    vertex -9.92420333333335 13.2809191666666 1.19848575508286e-014
  endloop
endfacet
facet normal 1.03295968681347e-015 -1.0 1.36427906009355e-015
  outer loop
    vertex -9.92420333333335 13.2809191666667 4.08643666666669
    vertex -2.33510666666667 13.2809191666667 -6.34492458573277e-015
    vertex -2.33510666666667 13.2809191666667 4.08643666666667
  endloop
endfacet
facet normal 1.0 1.41191581255218e-015 -2.86477476892514e-015
  outer loop
    vertex -9.92420333333333 2.33510666666665 2.32647234810202e-014
    vertex -9.92420333333335 13.2809191666667 4.08643666666669
    vertex -9.92420333333333 2.33510666666665 4.0864366666667
  endloop
endfacet
facet normal 1.0 1.41191581255218e-015 -2.86477476892514e-015
  outer loop
    vertex -9.92420333333335 13.2809191666667 4.08643666666669
    vertex -9.92420333333333 2.33510666666665 2.32647234810202e-014
    vertex -9.92420333333335 13.2809191666666 1.19848575508286e-014
  endloop
endfacet
facet normal -1.0 1.4283780818089e-016 3.7573629592909e-016
  outer loop
    vertex -2.33510666666667 21.212191472723 1.05748743095546e-014
    vertex -2.33510666666667 14.1565841666667 4.08643666666668
    vertex -2.33510666666667 21.212191472723 4.08643666666668
  endloop
endfacet
facet normal -1.0 1.4283780818089e-016 3.7573629592909e-016
  outer loop
    vertex -2.33510666666667 14.1565841666667 4.08643666666668
    vertex -2.33510666666667 21.212191472723 1.05748743095546e-014
    vertex -2.33510666666667 14.1565841666666 1.76247905159244e-014
  endloop
endfacet
facet normal -0.793353340291229 -0.608761429008729 6.63641957106008e-016
  outer loop
    vertex -3.45540906618477 23.9820942671485 7.75490782700672e-015
    vertex -2.85438600771998 23.1988257676946 4.08643666666668
    vertex -3.45540906618477 23.9820942671485 4.08643666666667
  endloop
endfacet
facet normal -0.793353340291229 -0.608761429008729 6.63641957106008e-016
  outer loop
    vertex -2.85438600771998 23.1988257676946 4.08643666666668
    vertex -3.45540906618477 23.9820942671485 7.75490782700672e-015
    vertex -2.85438600771997 23.1988257676946 9.16489106828067e-015
  endloop
endfacet
facet normal -0.13052619222003 -0.991444861373813 6.44388272125252e-016
  outer loop
    vertex -6.12965500000003 25.0898032020559 7.75490782700672e-015
    vertex -5.15081305225644 24.9609362148922 4.08643666666667
    vertex -6.12965500000003 25.0898032020559 4.08643666666667
  endloop
endfacet
facet normal -0.13052619222003 -0.991444861373813 6.44388272125252e-016
  outer loop
    vertex -5.15081305225644 24.9609362148922 4.08643666666667
    vertex -6.12965500000003 25.0898032020559 7.75490782700672e-015
    vertex -5.15081305225644 24.9609362148922 7.75490782700672e-015
  endloop
endfacet
facet normal 0.130526192220034 -0.991444861373813 5.46301416152285e-016
  outer loop
    vertex -7.1084969477436 24.9609362148922 7.75490782700672e-015
    vertex -6.12965500000003 25.0898032020559 4.08643666666667
    vertex -7.10849694774361 24.9609362148922 4.08643666666667
  endloop
endfacet
facet normal 0.130526192220034 -0.991444861373813 5.46301416152285e-016
  outer loop
    vertex -6.12965500000003 25.0898032020559 4.08643666666667
    vertex -7.1084969477436 24.9609362148922 7.75490782700672e-015
    vertex -6.12965500000003 25.0898032020559 7.75490782700672e-015
  endloop
endfacet
facet normal 0.99144486137381 -0.130526192220051 -2.94143184173878e-016
  outer loop
    vertex -9.92420333333336 21.212191472723 1.19848575508286e-014
    vertex -9.78274288155889 22.2866902810769 4.08643666666668
    vertex -9.92420333333336 21.2121914727231 4.08643666666668
  endloop
endfacet
facet normal 0.99144486137381 -0.130526192220051 -2.94143184173878e-016
  outer loop
    vertex -9.78274288155889 22.2866902810769 4.08643666666668
    vertex -9.92420333333336 21.212191472723 1.19848575508286e-014
    vertex -9.78274288155889 22.2866902810769 1.12798659301916e-014
  endloop
endfacet
facet normal 5.8243888986911e-016 8.27283726776259e-016 1.0
  outer loop
    vertex 0.0 -6.80460046514007e-015 1.16755333333333
    vertex -1.16755333333333 1.16755333333333 1.16755333333333
    vertex -12.25931 -1.94679734832892e-014 1.16755333333336
  endloop
endfacet
facet normal 5.8243888986911e-016 8.27283726776259e-016 1.0
  outer loop
    vertex -1.16755333333333 1.16755333333333 1.16755333333333
    vertex 0.0 -6.80460046514007e-015 1.16755333333333
    vertex -2.25597318603832e-014 21.3652424496994 1.16755333333333
  endloop
endfacet
facet normal 5.8243888986911e-016 8.27283726776259e-016 1.0
  outer loop
    vertex -1.16755333333333 1.16755333333333 1.16755333333333
    vertex -2.25597318603832e-014 21.3652424496994 1.16755333333333
    vertex -1.16755333333336 21.2887169612113 1.16755333333333
  endloop
endfacet
facet normal 5.8243888986911e-016 8.27283726776259e-016 1.0
  outer loop
    vertex -1.16755333333336 21.2887169612113 1.16755333333333
    vertex -2.25597318603832e-014 21.3652424496994 1.16755333333333
    vertex -1.33906571803665 22.5914828627046 1.16755333333333
  endloop
endfacet
facet normal 5.8243888986911e-016 8.27283726776259e-016 1.0
  outer loop
    vertex -1.33906571803665 22.5914828627046 1.16755333333333
    vertex -2.25597318603832e-014 21.3652424496994 1.16755333333333
    vertex -0.20156431763214 22.8962754443322 1.16755333333333
  endloop
endfacet
facet normal 5.8243888986911e-016 8.27283726776259e-016 1.0
  outer loop
    vertex -1.33906571803665 22.5914828627046 1.16755333333333
    vertex -0.20156431763214 22.8962754443322 1.16755333333333
    vertex -1.83453015256049 23.7876398202056 1.16755333333333
  endloop
endfacet
facet normal 5.8243888986911e-016 8.27283726776259e-016 1.0
  outer loop
    vertex -1.83453015256049 23.7876398202056 1.16755333333333
    vertex -0.20156431763214 22.8962754443322 1.16755333333333
    vertex -0.814674297401019 24.3764538727165 1.16755333333332
  endloop
endfacet
facet normal 5.8243888986911e-016 8.27283726776259e-016 1.0
  outer loop
    vertex -1.83453015256049 23.7876398202056 1.16755333333333
    vertex -0.814674297401019 24.3764538727165 1.16755333333332
    vertex -2.62270024740793 24.8148030859254 1.16755333333332
  endloop
endfacet
facet normal 5.8243888986911e-016 8.27283726776259e-016 1.0
  outer loop
    vertex -2.62270024740793 24.8148030859254 1.16755333333332
    vertex -0.814674297401019 24.3764538727165 1.16755333333332
    vertex -1.78999142863109 25.6475119047022 1.16755333333332
  endloop
endfacet
facet normal 5.8243888986911e-016 8.27283726776259e-016 1.0
  outer loop
    vertex -2.62270024740793 24.8148030859254 1.16755333333332
    vertex -1.78999142863109 25.6475119047022 1.16755333333332
    vertex -3.64986351312773 25.6029731807728 1.16755333333332
  endloop
endfacet
facet normal 5.8243888986911e-016 8.27283726776259e-016 1.0
  outer loop
    vertex -3.64986351312773 25.6029731807728 1.16755333333332
    vertex -1.78999142863109 25.6475119047022 1.16755333333332
    vertex -4.84602047062879 26.0984376152967 1.16755333333332
  endloop
endfacet
facet normal 5.8243888986911e-016 8.27283726776259e-016 1.0
  outer loop
    vertex -4.84602047062879 26.0984376152967 1.16755333333332
    vertex -1.78999142863109 25.6475119047022 1.16755333333332
    vertex -3.06104946061677 26.6228290359323 1.16755333333332
  endloop
endfacet
facet normal 5.8243888986911e-016 8.27283726776259e-016 1.0
  outer loop
    vertex -4.84602047062879 26.0984376152967 1.16755333333332
    vertex -3.06104946061677 26.6228290359323 1.16755333333332
    vertex -6.12965500000003 26.2674313070778 1.16755333333332
  endloop
endfacet
facet normal 5.8243888986911e-016 8.27283726776259e-016 1.0
  outer loop
    vertex -12.25931 -1.94679734832892e-014 1.16755333333336
    vertex -11.0917566666667 1.16755333333332 1.16755333333336
    vertex -12.25931 21.3652424496995 1.16755333333333
  endloop
endfacet
facet normal 5.8243888986911e-016 8.27283726776259e-016 1.0
  outer loop
    vertex -11.0917566666667 1.16755333333332 1.16755333333336
    vertex -12.25931 -1.94679734832892e-014 1.16755333333336
    vertex -1.16755333333333 1.16755333333333 1.16755333333333
  endloop
endfacet
facet normal 5.8243888986911e-016 8.27283726776259e-016 1.0
  outer loop
    vertex -12.25931 21.3652424496995 1.16755333333333
    vertex -11.0917566666667 1.16755333333332 1.16755333333336
    vertex -11.0917566666667 21.2887169612112 1.16755333333333
  endloop
endfacet
facet normal 5.8243888986911e-016 8.27283726776259e-016 1.0
  outer loop
    vertex -12.25931 21.3652424496995 1.16755333333333
    vertex -11.0917566666667 21.2887169612112 1.16755333333333
    vertex -10.9202442819634 22.5914828627045 1.16755333333333
  endloop
endfacet
facet normal 5.8243888986911e-016 8.27283726776259e-016 1.0
  outer loop
    vertex -12.25931 21.3652424496995 1.16755333333333
    vertex -10.9202442819634 22.5914828627045 1.16755333333333
    vertex -12.0577456823679 22.8962754443322 1.16755333333333
  endloop
endfacet
facet normal 5.8243888986911e-016 8.27283726776259e-016 1.0
  outer loop
    vertex -12.0577456823679 22.8962754443322 1.16755333333333
    vertex -10.9202442819634 22.5914828627045 1.16755333333333
    vertex -10.4247798474395 23.7876398202056 1.16755333333333
  endloop
endfacet
facet normal 5.8243888986911e-016 8.27283726776259e-016 1.0
  outer loop
    vertex -12.0577456823679 22.8962754443322 1.16755333333333
    vertex -10.4247798474395 23.7876398202056 1.16755333333333
    vertex -11.444635702599 24.3764538727165 1.16755333333333
  endloop
endfacet
facet normal 5.8243888986911e-016 8.27283726776259e-016 1.0
  outer loop
    vertex -11.444635702599 24.3764538727165 1.16755333333333
    vertex -10.4247798474395 23.7876398202056 1.16755333333333
    vertex -9.63660975259211 24.8148030859254 1.16755333333333
  endloop
endfacet
facet normal 5.8243888986911e-016 8.27283726776259e-016 1.0
  outer loop
    vertex -11.444635702599 24.3764538727165 1.16755333333333
    vertex -9.63660975259211 24.8148030859254 1.16755333333333
    vertex -10.469318571369 25.6475119047022 1.16755333333332
  endloop
endfacet
facet normal 5.8243888986911e-016 8.27283726776259e-016 1.0
  outer loop
    vertex -10.469318571369 25.6475119047022 1.16755333333332
    vertex -9.63660975259211 24.8148030859254 1.16755333333333
    vertex -8.60944648687232 25.6029731807728 1.16755333333332
  endloop
endfacet
facet normal 5.8243888986911e-016 8.27283726776259e-016 1.0
  outer loop
    vertex -10.469318571369 25.6475119047022 1.16755333333332
    vertex -8.60944648687232 25.6029731807728 1.16755333333332
    vertex -7.41328952937127 26.0984376152967 1.16755333333332
  endloop
endfacet
facet normal 5.8243888986911e-016 8.27283726776259e-016 1.0
  outer loop
    vertex -10.469318571369 25.6475119047022 1.16755333333332
    vertex -7.41328952937127 26.0984376152967 1.16755333333332
    vertex -9.19826053938326 26.6228290359323 1.16755333333332
  endloop
endfacet
facet normal 5.8243888986911e-016 8.27283726776259e-016 1.0
  outer loop
    vertex -9.19826053938326 26.6228290359323 1.16755333333332
    vertex -7.41328952937127 26.0984376152967 1.16755333333332
    vertex -6.12965500000003 26.2674313070778 1.16755333333332
  endloop
endfacet
facet normal 5.8243888986911e-016 8.27283726776259e-016 1.0
  outer loop
    vertex -9.19826053938326 26.6228290359323 1.16755333333332
    vertex -6.12965500000003 26.2674313070778 1.16755333333332
    vertex -3.06104946061677 26.6228290359323 1.16755333333332
  endloop
endfacet
facet normal 5.8243888986911e-016 8.27283726776259e-016 1.0
  outer loop
    vertex -9.19826053938326 26.6228290359323 1.16755333333332
    vertex -3.06104946061677 26.6228290359323 1.16755333333332
    vertex -4.54122788900114 27.2359390157012 1.16755333333332
  endloop
endfacet
facet normal 5.8243888986911e-016 8.27283726776259e-016 1.0
  outer loop
    vertex -9.19826053938326 26.6228290359323 1.16755333333332
    vertex -4.54122788900114 27.2359390157012 1.16755333333332
    vertex -7.71808211099892 27.2359390157012 1.16755333333332
  endloop
endfacet
facet normal 5.8243888986911e-016 8.27283726776259e-016 1.0
  outer loop
    vertex -7.71808211099892 27.2359390157012 1.16755333333332
    vertex -4.54122788900114 27.2359390157012 1.16755333333332
    vertex -6.12965500000003 27.4450594120997 1.16755333333332
  endloop
endfacet
facet normal -1.0 -4.50520796944354e-016 5.82438889869111e-016
  outer loop
    vertex -12.25931 21.3652424496995 1.16755333333333
    vertex -12.25931 -2.0618390559705e-014 2.53796983429311e-014
    vertex -12.25931 -1.94679734832892e-014 1.16755333333336
  endloop
endfacet
facet normal -1.0 -4.50520796944354e-016 5.82438889869111e-016
  outer loop
    vertex -12.25931 -2.0618390559705e-014 2.53796983429311e-014
    vertex -12.25931 21.3652424496995 1.16755333333333
    vertex -12.25931 21.3652424496995 -4.22994972382185e-015
  endloop
endfacet
facet normal 0.608761429008723 0.793353340291233 -1.0108946389135e-015
  outer loop
    vertex -1.78999142863109 25.6475119047022 1.16755333333332
    vertex -3.06104946061677 26.6228290359323 -1.05748743095546e-014
    vertex -3.06104946061677 26.6228290359323 1.16755333333332
  endloop
endfacet
facet normal 0.608761429008723 0.793353340291233 -1.0108946389135e-015
  outer loop
    vertex -3.06104946061677 26.6228290359323 -1.05748743095546e-014
    vertex -1.78999142863109 25.6475119047022 1.16755333333332
    vertex -1.78999142863109 25.6475119047022 -9.86988268891764e-015
  endloop
endfacet
facet normal 0.793353340291233 0.608761429008723 -9.65698262501154e-016
  outer loop
    vertex -0.814674297401019 24.3764538727165 -8.45989944764369e-015
    vertex -1.78999142863109 25.6475119047022 1.16755333333332
    vertex -0.814674297401019 24.3764538727165 1.16755333333332
  endloop
endfacet
facet normal 0.793353340291233 0.608761429008723 -9.65698262501154e-016
  outer loop
    vertex -1.78999142863109 25.6475119047022 1.16755333333332
    vertex -0.814674297401019 24.3764538727165 -8.45989944764369e-015
    vertex -1.78999142863109 25.6475119047022 -9.86988268891764e-015
  endloop
endfacet
facet normal 0.991444861373811 0.13052619222005 -6.85438239166713e-016
  outer loop
    vertex -2.25597318603832e-014 21.3652424496994 -5.63993296509579e-015
    vertex -0.20156431763214 22.8962754443322 1.16755333333333
    vertex -2.25597318603832e-014 21.3652424496994 1.16755333333333
  endloop
endfacet
facet normal 0.991444861373811 0.13052619222005 -6.85438239166713e-016
  outer loop
    vertex -0.20156431763214 22.8962754443322 1.16755333333333
    vertex -2.25597318603832e-014 21.3652424496994 -5.63993296509579e-015
    vertex -0.20156431763214 22.8962754443322 -7.04991620636974e-015
  endloop
endfacet
facet normal 1.0 1.03295968681347e-015 -5.82438889869111e-016
  outer loop
    vertex 0.0 -6.80460046514007e-015 1.16755333333333
    vertex -2.25597318603832e-014 21.3652424496994 -5.63993296509579e-015
    vertex -2.25597318603832e-014 21.3652424496994 1.16755333333333
  endloop
endfacet
facet normal 1.0 1.03295968681347e-015 -5.82438889869111e-016
  outer loop
    vertex -2.25597318603832e-014 21.3652424496994 -5.63993296509579e-015
    vertex 0.0 -6.80460046514007e-015 1.16755333333333
    vertex 0.0 -7.95501754155583e-015 -1.40998324127395e-015
  endloop
endfacet
facet normal 1.03295968681347e-015 -1.0 8.27283726776259e-016
  outer loop
    vertex 0.0 -7.95501754155583e-015 -1.40998324127395e-015
    vertex -12.25931 -1.94679734832892e-014 1.16755333333336
    vertex -12.25931 -2.0618390559705e-014 2.53796983429311e-014
  endloop
endfacet
facet normal 1.03295968681347e-015 -1.0 8.27283726776259e-016
  outer loop
    vertex -12.25931 -1.94679734832892e-014 1.16755333333336
    vertex 0.0 -7.95501754155583e-015 -1.40998324127395e-015
    vertex 0.0 -6.80460046514007e-015 1.16755333333333
  endloop
endfacet
facet normal -0.99144486137381 0.130526192220052 4.69473849683277e-016
  outer loop
    vertex -12.0577456823679 22.8962754443322 -5.63993296509579e-015
    vertex -12.25931 21.3652424496995 1.16755333333333
    vertex -12.0577456823679 22.8962754443322 1.16755333333333
  endloop
endfacet
facet normal -0.99144486137381 0.130526192220052 4.69473849683277e-016
  outer loop
    vertex -12.25931 21.3652424496995 1.16755333333333
    vertex -12.0577456823679 22.8962754443322 -5.63993296509579e-015
    vertex -12.25931 21.3652424496995 -4.22994972382185e-015
  endloop
endfacet
facet normal -5.8243888986911e-016 -8.27283726776259e-016 -1.0
  outer loop
    vertex -12.25931 -2.0618390559705e-014 2.53796983429311e-014
    vertex -9.92420333333333 2.33510666666665 2.32647234810202e-014
    vertex 0.0 -7.95501754155583e-015 -1.40998324127395e-015
  endloop
endfacet
facet normal -5.8243888986911e-016 -8.27283726776259e-016 -1.0
  outer loop
    vertex -9.92420333333333 2.33510666666665 2.32647234810202e-014
    vertex -12.25931 -2.0618390559705e-014 2.53796983429311e-014
    vertex -12.25931 21.3652424496995 -4.22994972382185e-015
  endloop
endfacet
facet normal -5.8243888986911e-016 -8.27283726776259e-016 -1.0
  outer loop
    vertex -9.92420333333333 2.33510666666665 2.32647234810202e-014
    vertex -12.25931 21.3652424496995 -4.22994972382185e-015
    vertex -9.92420333333335 13.2809191666666 1.19848575508286e-014
  endloop
endfacet
facet normal -5.8243888986911e-016 -8.27283726776259e-016 -1.0
  outer loop
    vertex -9.92420333333335 13.2809191666666 1.19848575508286e-014
    vertex -12.25931 21.3652424496995 -4.22994972382185e-015
    vertex -9.92420333333335 14.1565841666666 1.90347737571983e-014
  endloop
endfacet
facet normal -5.8243888986911e-016 -8.27283726776259e-016 -1.0
  outer loop
    vertex -9.92420333333335 13.2809191666666 1.19848575508286e-014
    vertex -9.92420333333335 14.1565841666666 1.90347737571983e-014
    vertex -2.33510666666667 13.2809191666667 -6.34492458573277e-015
  endloop
endfacet
facet normal -5.8243888986911e-016 -8.27283726776259e-016 -1.0
  outer loop
    vertex -9.92420333333335 14.1565841666666 1.90347737571983e-014
    vertex -12.25931 21.3652424496995 -4.22994972382185e-015
    vertex -9.92420333333336 21.212191472723 1.19848575508286e-014
  endloop
endfacet
facet normal -5.8243888986911e-016 -8.27283726776259e-016 -1.0
  outer loop
    vertex -9.92420333333336 21.212191472723 1.19848575508286e-014
    vertex -12.25931 21.3652424496995 -4.22994972382185e-015
    vertex -9.78274288155889 22.2866902810769 1.12798659301916e-014
  endloop
endfacet
facet normal -5.8243888986911e-016 -8.27283726776259e-016 -1.0
  outer loop
    vertex -9.78274288155889 22.2866902810769 1.12798659301916e-014
    vertex -12.25931 21.3652424496995 -4.22994972382185e-015
    vertex -12.0577456823679 22.8962754443322 -5.63993296509579e-015
  endloop
endfacet
facet normal -5.8243888986911e-016 -8.27283726776259e-016 -1.0
  outer loop
    vertex -9.78274288155889 22.2866902810769 1.12798659301916e-014
    vertex -12.0577456823679 22.8962754443322 -5.63993296509579e-015
    vertex -9.40492399228006 23.1988257676946 9.86988268891764e-015
  endloop
endfacet
facet normal -5.8243888986911e-016 -8.27283726776259e-016 -1.0
  outer loop
    vertex -9.40492399228006 23.1988257676946 9.86988268891764e-015
    vertex -12.0577456823679 22.8962754443322 -5.63993296509579e-015
    vertex -11.444635702599 24.3764538727165 -7.04991620636974e-015
  endloop
endfacet
facet normal -5.8243888986911e-016 -8.27283726776259e-016 -1.0
  outer loop
    vertex -9.40492399228006 23.1988257676946 9.86988268891764e-015
    vertex -11.444635702599 24.3764538727165 -7.04991620636974e-015
    vertex -8.80390093381526 23.9820942671486 8.45989944764369e-015
  endloop
endfacet
facet normal -5.8243888986911e-016 -8.27283726776259e-016 -1.0
  outer loop
    vertex -8.80390093381526 23.9820942671486 8.45989944764369e-015
    vertex -11.444635702599 24.3764538727165 -7.04991620636974e-015
    vertex -8.02063243436137 24.5831173256133 8.45989944764369e-015
  endloop
endfacet
facet normal -5.8243888986911e-016 -8.27283726776259e-016 -1.0
  outer loop
    vertex -8.02063243436137 24.5831173256133 8.45989944764369e-015
    vertex -11.444635702599 24.3764538727165 -7.04991620636974e-015
    vertex -10.469318571369 25.6475119047022 -8.45989944764369e-015
  endloop
endfacet
facet normal -5.8243888986911e-016 -8.27283726776259e-016 -1.0
  outer loop
    vertex -8.02063243436137 24.5831173256133 8.45989944764369e-015
    vertex -10.469318571369 25.6475119047022 -8.45989944764369e-015
    vertex -7.1084969477436 24.9609362148922 7.75490782700672e-015
  endloop
endfacet
facet normal -5.8243888986911e-016 -8.27283726776259e-016 -1.0
  outer loop
    vertex -7.1084969477436 24.9609362148922 7.75490782700672e-015
    vertex -10.469318571369 25.6475119047022 -8.45989944764369e-015
    vertex -6.12965500000003 25.0898032020559 7.75490782700672e-015
  endloop
endfacet
facet normal -5.8243888986911e-016 -8.27283726776259e-016 -1.0
  outer loop
    vertex 0.0 -7.95501754155583e-015 -1.40998324127395e-015
    vertex -2.33510666666667 2.33510666666666 4.93494134445882e-015
    vertex -2.25597318603832e-014 21.3652424496994 -5.63993296509579e-015
  endloop
endfacet
facet normal -5.8243888986911e-016 -8.27283726776259e-016 -1.0
  outer loop
    vertex -2.33510666666667 2.33510666666666 4.93494134445882e-015
    vertex 0.0 -7.95501754155583e-015 -1.40998324127395e-015
    vertex -9.92420333333333 2.33510666666665 2.32647234810202e-014
  endloop
endfacet
facet normal -5.8243888986911e-016 -8.27283726776259e-016 -1.0
  outer loop
    vertex -2.25597318603832e-014 21.3652424496994 -5.63993296509579e-015
    vertex -2.33510666666667 2.33510666666666 4.93494134445882e-015
    vertex -2.33510666666667 13.2809191666667 -6.34492458573277e-015
  endloop
endfacet
facet normal -5.8243888986911e-016 -8.27283726776259e-016 -1.0
  outer loop
    vertex -2.25597318603832e-014 21.3652424496994 -5.63993296509579e-015
    vertex -2.33510666666667 13.2809191666667 -6.34492458573277e-015
    vertex -2.33510666666667 14.1565841666666 1.76247905159244e-014
  endloop
endfacet
facet normal -5.8243888986911e-016 -8.27283726776259e-016 -1.0
  outer loop
    vertex -2.33510666666667 14.1565841666666 1.76247905159244e-014
    vertex -2.33510666666667 13.2809191666667 -6.34492458573277e-015
    vertex -9.92420333333335 14.1565841666666 1.90347737571983e-014
  endloop
endfacet
facet normal -5.8243888986911e-016 -8.27283726776259e-016 -1.0
  outer loop
    vertex -2.25597318603832e-014 21.3652424496994 -5.63993296509579e-015
    vertex -2.33510666666667 14.1565841666666 1.76247905159244e-014
    vertex -2.33510666666667 21.212191472723 1.05748743095546e-014
  endloop
endfacet
facet normal -5.8243888986911e-016 -8.27283726776259e-016 -1.0
  outer loop
    vertex -2.25597318603832e-014 21.3652424496994 -5.63993296509579e-015
    vertex -2.33510666666667 21.212191472723 1.05748743095546e-014
    vertex -2.47656711844114 22.2866902810769 9.86988268891764e-015
  endloop
endfacet
facet normal -5.8243888986911e-016 -8.27283726776259e-016 -1.0
  outer loop
    vertex -2.25597318603832e-014 21.3652424496994 -5.63993296509579e-015
    vertex -2.47656711844114 22.2866902810769 9.86988268891764e-015
    vertex -0.20156431763214 22.8962754443322 -7.04991620636974e-015
  endloop
endfacet
facet normal -5.8243888986911e-016 -8.27283726776259e-016 -1.0
  outer loop
    vertex -0.20156431763214 22.8962754443322 -7.04991620636974e-015
    vertex -2.47656711844114 22.2866902810769 9.86988268891764e-015
    vertex -2.85438600771997 23.1988257676946 9.16489106828067e-015
  endloop
endfacet
facet normal -5.8243888986911e-016 -8.27283726776259e-016 -1.0
  outer loop
    vertex -0.20156431763214 22.8962754443322 -7.04991620636974e-015
    vertex -2.85438600771997 23.1988257676946 9.16489106828067e-015
    vertex -0.814674297401019 24.3764538727165 -8.45989944764369e-015
  endloop
endfacet
facet normal -5.8243888986911e-016 -8.27283726776259e-016 -1.0
  outer loop
    vertex -0.814674297401019 24.3764538727165 -8.45989944764369e-015
    vertex -2.85438600771997 23.1988257676946 9.16489106828067e-015
    vertex -3.45540906618477 23.9820942671485 7.75490782700672e-015
  endloop
endfacet
facet normal -5.8243888986911e-016 -8.27283726776259e-016 -1.0
  outer loop
    vertex -0.814674297401019 24.3764538727165 -8.45989944764369e-015
    vertex -3.45540906618477 23.9820942671485 7.75490782700672e-015
    vertex -4.23867756563871 24.5831173256133 7.75490782700672e-015
  endloop
endfacet
facet normal -5.8243888986911e-016 -8.27283726776259e-016 -1.0
  outer loop
    vertex -0.814674297401019 24.3764538727165 -8.45989944764369e-015
    vertex -4.23867756563871 24.5831173256133 7.75490782700672e-015
    vertex -1.78999142863109 25.6475119047022 -9.86988268891764e-015
  endloop
endfacet
facet normal -5.8243888986911e-016 -8.27283726776259e-016 -1.0
  outer loop
    vertex -1.78999142863109 25.6475119047022 -9.86988268891764e-015
    vertex -4.23867756563871 24.5831173256133 7.75490782700672e-015
    vertex -5.15081305225644 24.9609362148922 7.75490782700672e-015
  endloop
endfacet
facet normal -5.8243888986911e-016 -8.27283726776259e-016 -1.0
  outer loop
    vertex -1.78999142863109 25.6475119047022 -9.86988268891764e-015
    vertex -5.15081305225644 24.9609362148922 7.75490782700672e-015
    vertex -6.12965500000003 25.0898032020559 7.75490782700672e-015
  endloop
endfacet
facet normal -5.8243888986911e-016 -8.27283726776259e-016 -1.0
  outer loop
    vertex -1.78999142863109 25.6475119047022 -9.86988268891764e-015
    vertex -6.12965500000003 25.0898032020559 7.75490782700672e-015
    vertex -10.469318571369 25.6475119047022 -8.45989944764369e-015
  endloop
endfacet
facet normal -5.8243888986911e-016 -8.27283726776259e-016 -1.0
  outer loop
    vertex -1.78999142863109 25.6475119047022 -9.86988268891764e-015
    vertex -10.469318571369 25.6475119047022 -8.45989944764369e-015
    vertex -9.19826053938326 26.6228290359323 -9.86988268891764e-015
  endloop
endfacet
facet normal -5.8243888986911e-016 -8.27283726776259e-016 -1.0
  outer loop
    vertex -1.78999142863109 25.6475119047022 -9.86988268891764e-015
    vertex -9.19826053938326 26.6228290359323 -9.86988268891764e-015
    vertex -3.06104946061677 26.6228290359323 -1.05748743095546e-014
  endloop
endfacet
facet normal -5.8243888986911e-016 -8.27283726776259e-016 -1.0
  outer loop
    vertex -3.06104946061677 26.6228290359323 -1.05748743095546e-014
    vertex -9.19826053938326 26.6228290359323 -9.86988268891764e-015
    vertex -7.71808211099892 27.2359390157012 -1.05748743095546e-014
  endloop
endfacet
facet normal -5.8243888986911e-016 -8.27283726776259e-016 -1.0
  outer loop
    vertex -3.06104946061677 26.6228290359323 -1.05748743095546e-014
    vertex -7.71808211099892 27.2359390157012 -1.05748743095546e-014
    vertex -4.54122788900114 27.2359390157012 -1.05748743095546e-014
  endloop
endfacet
facet normal -5.8243888986911e-016 -8.27283726776259e-016 -1.0
  outer loop
    vertex -4.54122788900114 27.2359390157012 -1.05748743095546e-014
    vertex -7.71808211099892 27.2359390157012 -1.05748743095546e-014
    vertex -6.12965500000003 27.4450594120997 -1.05748743095546e-014
  endloop
endfacet
facet normal 0.382683432365087 0.923879532511288 -9.87200216266268e-016
  outer loop
    vertex -3.06104946061677 26.6228290359323 1.16755333333332
    vertex -4.54122788900114 27.2359390157012 -1.05748743095546e-014
    vertex -4.54122788900114 27.2359390157012 1.16755333333332
  endloop
endfacet
facet normal 0.382683432365087 0.923879532511288 -9.87200216266268e-016
  outer loop
    vertex -4.54122788900114 27.2359390157012 -1.05748743095546e-014
    vertex -3.06104946061677 26.6228290359323 1.16755333333332
    vertex -3.06104946061677 26.6228290359323 -1.05748743095546e-014
  endloop
endfacet
facet normal 0.923879532511285 0.382683432365094 -8.54691145391191e-016
  outer loop
    vertex -0.20156431763214 22.8962754443322 -7.04991620636974e-015
    vertex -0.814674297401019 24.3764538727165 1.16755333333332
    vertex -0.20156431763214 22.8962754443322 1.16755333333333
  endloop
endfacet
facet normal 0.923879532511285 0.382683432365094 -8.54691145391191e-016
  outer loop
    vertex -0.814674297401019 24.3764538727165 1.16755333333332
    vertex -0.20156431763214 22.8962754443322 -7.04991620636974e-015
    vertex -0.814674297401019 24.3764538727165 -8.45989944764369e-015
  endloop
endfacet
facet normal -0.923879532511288 0.382683432365088 2.21515593186147e-016
  outer loop
    vertex -11.444635702599 24.3764538727165 -7.04991620636974e-015
    vertex -12.0577456823679 22.8962754443322 1.16755333333333
    vertex -11.444635702599 24.3764538727165 1.16755333333333
  endloop
endfacet
facet normal -0.923879532511288 0.382683432365088 2.21515593186147e-016
  outer loop
    vertex -12.0577456823679 22.8962754443322 1.16755333333333
    vertex -11.444635702599 24.3764538727165 -7.04991620636974e-015
    vertex -12.0577456823679 22.8962754443322 -5.63993296509579e-015
  endloop
endfacet
facet normal -0.130526192220053 0.99144486137381 -7.44182669315008e-016
  outer loop
    vertex -6.12965500000003 27.4450594120997 1.16755333333332
    vertex -7.71808211099892 27.2359390157012 -1.05748743095546e-014
    vertex -7.71808211099892 27.2359390157012 1.16755333333332
  endloop
endfacet
facet normal -0.130526192220053 0.99144486137381 -7.44182669315008e-016
  outer loop
    vertex -7.71808211099892 27.2359390157012 -1.05748743095546e-014
    vertex -6.12965500000003 27.4450594120997 1.16755333333332
    vertex -6.12965500000003 27.4450594120997 -1.05748743095546e-014
  endloop
endfacet
facet normal -0.608761429008714 0.793353340291241 -3.01761977099563e-016
  outer loop
    vertex -9.19826053938326 26.6228290359323 1.16755333333332
    vertex -10.469318571369 25.6475119047022 -8.45989944764369e-015
    vertex -10.469318571369 25.6475119047022 1.16755333333332
  endloop
endfacet
facet normal -0.608761429008714 0.793353340291241 -3.01761977099563e-016
  outer loop
    vertex -10.469318571369 25.6475119047022 -8.45989944764369e-015
    vertex -9.19826053938326 26.6228290359323 1.16755333333332
    vertex -9.19826053938326 26.6228290359323 -9.86988268891764e-015
  endloop
endfacet
facet normal -0.382683432365098 0.923879532511283 -5.41420789230215e-016
  outer loop
    vertex -7.71808211099892 27.2359390157012 1.16755333333332
    vertex -9.19826053938326 26.6228290359323 -9.86988268891764e-015
    vertex -9.19826053938326 26.6228290359323 1.16755333333332
  endloop
endfacet
facet normal -0.382683432365098 0.923879532511283 -5.41420789230215e-016
  outer loop
    vertex -9.19826053938326 26.6228290359323 -9.86988268891764e-015
    vertex -7.71808211099892 27.2359390157012 1.16755333333332
    vertex -7.71808211099892 27.2359390157012 -1.05748743095546e-014
  endloop
endfacet
facet normal -0.793353340291237 0.608761429008718 -4.15385849147955e-017
  outer loop
    vertex -10.469318571369 25.6475119047022 -8.45989944764369e-015
    vertex -11.444635702599 24.3764538727165 1.16755333333333
    vertex -10.469318571369 25.6475119047022 1.16755333333332
  endloop
endfacet
facet normal -0.793353340291237 0.608761429008718 -4.15385849147955e-017
  outer loop
    vertex -11.444635702599 24.3764538727165 1.16755333333333
    vertex -10.469318571369 25.6475119047022 -8.45989944764369e-015
    vertex -11.444635702599 24.3764538727165 -7.04991620636974e-015
  endloop
endfacet
facet normal 0.130526192220052 0.99144486137381 -8.96229730305987e-016
  outer loop
    vertex -4.54122788900114 27.2359390157012 1.16755333333332
    vertex -6.12965500000003 27.4450594120997 -1.05748743095546e-014
    vertex -6.12965500000003 27.4450594120997 1.16755333333332
  endloop
endfacet
facet normal 0.130526192220052 0.99144486137381 -8.96229730305987e-016
  outer loop
    vertex -6.12965500000003 27.4450594120997 -1.05748743095546e-014
    vertex -4.54122788900114 27.2359390157012 1.16755333333332
    vertex -4.54122788900114 27.2359390157012 -1.05748743095546e-014
  endloop
endfacet
facet normal -1.0 -1.23910992617216e-015 1.31918092924757e-016
  outer loop
    vertex 10.3620358333333 21.2887169612112 4.08643666666668
    vertex 10.3620358333333 1.16755333333335 1.16755333333336
    vertex 10.3620358333333 1.16755333333335 4.08643666666671
  endloop
endfacet
facet normal -1.0 -1.23910992617216e-015 1.31918092924757e-016
  outer loop
    vertex 10.3620358333333 1.16755333333335 1.16755333333336
    vertex 10.3620358333333 21.2887169612112 4.08643666666668
    vertex 10.3620358333333 21.2887169612112 1.16755333333333
  endloop
endfacet
facet normal 1.03295968681347e-015 -1.0 9.85322934354826e-016
  outer loop
    vertex 20.2862391666667 1.16755333333336 1.16755333333333
    vertex 10.3620358333333 1.16755333333335 4.08643666666671
    vertex 10.3620358333333 1.16755333333335 1.16755333333336
  endloop
endfacet
facet normal 1.03295968681347e-015 -1.0 9.85322934354826e-016
  outer loop
    vertex 10.3620358333333 1.16755333333335 4.08643666666671
    vertex 20.2862391666667 1.16755333333336 1.16755333333333
    vertex 20.2862391666667 1.16755333333336 4.08643666666668
  endloop
endfacet
facet normal 0.130526192220043 0.991444861373812 -9.94112126414256e-016
  outer loop
    vertex 16.6077720293712 26.0984376152967 4.08643666666667
    vertex 15.3241375 26.2674313070778 1.16755333333332
    vertex 15.3241375 26.2674313070778 4.08643666666667
  endloop
endfacet
facet normal 0.130526192220043 0.991444861373812 -9.94112126414256e-016
  outer loop
    vertex 15.3241375 26.2674313070778 1.16755333333332
    vertex 16.6077720293712 26.0984376152967 4.08643666666667
    vertex 16.6077720293712 26.0984376152967 1.16755333333332
  endloop
endfacet
facet normal 6.89520912580852e-016 8.12511572511713e-016 1.0
  outer loop
    vertex 20.2862391666667 1.16755333333336 4.08643666666668
    vertex 19.1186858333333 2.33510666666669 4.08643666666668
    vertex 10.3620358333333 1.16755333333335 4.08643666666671
  endloop
endfacet
facet normal 6.89520912580852e-016 8.12511572511713e-016 1.0
  outer loop
    vertex 19.1186858333333 2.33510666666669 4.08643666666668
    vertex 20.2862391666667 1.16755333333336 4.08643666666668
    vertex 20.2862391666666 21.2887169612113 4.08643666666668
  endloop
endfacet
facet normal 6.89520912580852e-016 8.12511572511713e-016 1.0
  outer loop
    vertex 19.1186858333333 2.33510666666669 4.08643666666668
    vertex 20.2862391666666 21.2887169612113 4.08643666666668
    vertex 19.1186858333333 13.2809191666667 4.08643666666667
  endloop
endfacet
facet normal 6.89520912580852e-016 8.12511572511713e-016 1.0
  outer loop
    vertex 19.1186858333333 13.2809191666667 4.08643666666667
    vertex 20.2862391666666 21.2887169612113 4.08643666666668
    vertex 19.1186858333333 14.1565841666667 4.08643666666668
  endloop
endfacet
facet normal 6.89520912580852e-016 8.12511572511713e-016 1.0
  outer loop
    vertex 19.1186858333333 13.2809191666667 4.08643666666667
    vertex 19.1186858333333 14.1565841666667 4.08643666666668
    vertex 11.5295891666666 13.2809191666667 4.08643666666669
  endloop
endfacet
facet normal 6.89520912580852e-016 8.12511572511713e-016 1.0
  outer loop
    vertex 19.1186858333333 14.1565841666667 4.08643666666668
    vertex 20.2862391666666 21.2887169612113 4.08643666666668
    vertex 19.1186858333333 21.212191472723 4.08643666666668
  endloop
endfacet
facet normal 6.89520912580852e-016 8.12511572511713e-016 1.0
  outer loop
    vertex 19.1186858333333 21.212191472723 4.08643666666668
    vertex 20.2862391666666 21.2887169612113 4.08643666666668
    vertex 18.9772253815588 22.2866902810769 4.08643666666668
  endloop
endfacet
facet normal 6.89520912580852e-016 8.12511572511713e-016 1.0
  outer loop
    vertex 18.9772253815588 22.2866902810769 4.08643666666668
    vertex 20.2862391666666 21.2887169612113 4.08643666666668
    vertex 20.1147267819633 22.5914828627046 4.08643666666668
  endloop
endfacet
facet normal 6.89520912580852e-016 8.12511572511713e-016 1.0
  outer loop
    vertex 18.9772253815588 22.2866902810769 4.08643666666668
    vertex 20.1147267819633 22.5914828627046 4.08643666666668
    vertex 18.59940649228 23.1988257676946 4.08643666666668
  endloop
endfacet
facet normal 6.89520912580852e-016 8.12511572511713e-016 1.0
  outer loop
    vertex 18.59940649228 23.1988257676946 4.08643666666668
    vertex 20.1147267819633 22.5914828627046 4.08643666666668
    vertex 19.6192623474395 23.7876398202056 4.08643666666667
  endloop
endfacet
facet normal 6.89520912580852e-016 8.12511572511713e-016 1.0
  outer loop
    vertex 18.59940649228 23.1988257676946 4.08643666666668
    vertex 19.6192623474395 23.7876398202056 4.08643666666667
    vertex 17.9983834338152 23.9820942671486 4.08643666666667
  endloop
endfacet
facet normal 6.89520912580852e-016 8.12511572511713e-016 1.0
  outer loop
    vertex 17.9983834338152 23.9820942671486 4.08643666666667
    vertex 19.6192623474395 23.7876398202056 4.08643666666667
    vertex 18.8310922525921 24.8148030859254 4.08643666666667
  endloop
endfacet
facet normal 6.89520912580852e-016 8.12511572511713e-016 1.0
  outer loop
    vertex 17.9983834338152 23.9820942671486 4.08643666666667
    vertex 18.8310922525921 24.8148030859254 4.08643666666667
    vertex 17.2151149343613 24.5831173256134 4.08643666666667
  endloop
endfacet
facet normal 6.89520912580852e-016 8.12511572511713e-016 1.0
  outer loop
    vertex 17.2151149343613 24.5831173256134 4.08643666666667
    vertex 18.8310922525921 24.8148030859254 4.08643666666667
    vertex 16.3029794477435 24.9609362148922 4.08643666666667
  endloop
endfacet
facet normal 6.89520912580852e-016 8.12511572511713e-016 1.0
  outer loop
    vertex 16.3029794477435 24.9609362148922 4.08643666666667
    vertex 18.8310922525921 24.8148030859254 4.08643666666667
    vertex 17.8039289868723 25.6029731807728 4.08643666666667
  endloop
endfacet
facet normal 6.89520912580852e-016 8.12511572511713e-016 1.0
  outer loop
    vertex 16.3029794477435 24.9609362148922 4.08643666666667
    vertex 17.8039289868723 25.6029731807728 4.08643666666667
    vertex 15.3241375 25.089803202056 4.08643666666667
  endloop
endfacet
facet normal 6.89520912580852e-016 8.12511572511713e-016 1.0
  outer loop
    vertex 10.3620358333333 1.16755333333335 4.08643666666671
    vertex 11.5295891666667 2.33510666666669 4.0864366666667
    vertex 10.3620358333333 21.2887169612112 4.08643666666668
  endloop
endfacet
facet normal 6.89520912580852e-016 8.12511572511713e-016 1.0
  outer loop
    vertex 11.5295891666667 2.33510666666669 4.0864366666667
    vertex 10.3620358333333 1.16755333333335 4.08643666666671
    vertex 19.1186858333333 2.33510666666669 4.08643666666668
  endloop
endfacet
facet normal 6.89520912580852e-016 8.12511572511713e-016 1.0
  outer loop
    vertex 10.3620358333333 21.2887169612112 4.08643666666668
    vertex 11.5295891666667 2.33510666666669 4.0864366666667
    vertex 11.5295891666666 13.2809191666667 4.08643666666669
  endloop
endfacet
facet normal 6.89520912580852e-016 8.12511572511713e-016 1.0
  outer loop
    vertex 10.3620358333333 21.2887169612112 4.08643666666668
    vertex 11.5295891666666 13.2809191666667 4.08643666666669
    vertex 11.5295891666666 14.1565841666667 4.08643666666669
  endloop
endfacet
facet normal 6.89520912580852e-016 8.12511572511713e-016 1.0
  outer loop
    vertex 11.5295891666666 14.1565841666667 4.08643666666669
    vertex 11.5295891666666 13.2809191666667 4.08643666666669
    vertex 19.1186858333333 14.1565841666667 4.08643666666668
  endloop
endfacet
facet normal 6.89520912580852e-016 8.12511572511713e-016 1.0
  outer loop
    vertex 10.3620358333333 21.2887169612112 4.08643666666668
    vertex 11.5295891666666 14.1565841666667 4.08643666666669
    vertex 11.5295891666666 21.2121914727231 4.08643666666668
  endloop
endfacet
facet normal 6.89520912580852e-016 8.12511572511713e-016 1.0
  outer loop
    vertex 10.3620358333333 21.2887169612112 4.08643666666668
    vertex 11.5295891666666 21.2121914727231 4.08643666666668
    vertex 11.6710496184411 22.286690281077 4.08643666666668
  endloop
endfacet
facet normal 6.89520912580852e-016 8.12511572511713e-016 1.0
  outer loop
    vertex 10.3620358333333 21.2887169612112 4.08643666666668
    vertex 11.6710496184411 22.286690281077 4.08643666666668
    vertex 10.5335482180366 22.5914828627046 4.08643666666668
  endloop
endfacet
facet normal 6.89520912580852e-016 8.12511572511713e-016 1.0
  outer loop
    vertex 10.5335482180366 22.5914828627046 4.08643666666668
    vertex 11.6710496184411 22.286690281077 4.08643666666668
    vertex 12.0488685077199 23.1988257676947 4.08643666666668
  endloop
endfacet
facet normal 6.89520912580852e-016 8.12511572511713e-016 1.0
  outer loop
    vertex 10.5335482180366 22.5914828627046 4.08643666666668
    vertex 12.0488685077199 23.1988257676947 4.08643666666668
    vertex 11.0290126525604 23.7876398202056 4.08643666666668
  endloop
endfacet
facet normal 6.89520912580852e-016 8.12511572511713e-016 1.0
  outer loop
    vertex 11.0290126525604 23.7876398202056 4.08643666666668
    vertex 12.0488685077199 23.1988257676947 4.08643666666668
    vertex 12.6498915661847 23.9820942671486 4.08643666666668
  endloop
endfacet
facet normal 6.89520912580852e-016 8.12511572511713e-016 1.0
  outer loop
    vertex 11.0290126525604 23.7876398202056 4.08643666666668
    vertex 12.6498915661847 23.9820942671486 4.08643666666668
    vertex 11.8171827474079 24.8148030859254 4.08643666666667
  endloop
endfacet
facet normal 6.89520912580852e-016 8.12511572511713e-016 1.0
  outer loop
    vertex 11.8171827474079 24.8148030859254 4.08643666666667
    vertex 12.6498915661847 23.9820942671486 4.08643666666668
    vertex 13.4331600656386 24.5831173256134 4.08643666666667
  endloop
endfacet
facet normal 6.89520912580852e-016 8.12511572511713e-016 1.0
  outer loop
    vertex 11.8171827474079 24.8148030859254 4.08643666666667
    vertex 13.4331600656386 24.5831173256134 4.08643666666667
    vertex 14.3452955522564 24.9609362148922 4.08643666666667
  endloop
endfacet
facet normal 6.89520912580852e-016 8.12511572511713e-016 1.0
  outer loop
    vertex 11.8171827474079 24.8148030859254 4.08643666666667
    vertex 14.3452955522564 24.9609362148922 4.08643666666667
    vertex 12.8443460131277 25.6029731807728 4.08643666666667
  endloop
endfacet
facet normal 6.89520912580852e-016 8.12511572511713e-016 1.0
  outer loop
    vertex 12.8443460131277 25.6029731807728 4.08643666666667
    vertex 14.3452955522564 24.9609362148922 4.08643666666667
    vertex 15.3241375 25.089803202056 4.08643666666667
  endloop
endfacet
facet normal 6.89520912580852e-016 8.12511572511713e-016 1.0
  outer loop
    vertex 12.8443460131277 25.6029731807728 4.08643666666667
    vertex 15.3241375 25.089803202056 4.08643666666667
    vertex 17.8039289868723 25.6029731807728 4.08643666666667
  endloop
endfacet
facet normal 6.89520912580852e-016 8.12511572511713e-016 1.0
  outer loop
    vertex 12.8443460131277 25.6029731807728 4.08643666666667
    vertex 17.8039289868723 25.6029731807728 4.08643666666667
    vertex 16.6077720293712 26.0984376152967 4.08643666666667
  endloop
endfacet
facet normal 6.89520912580852e-016 8.12511572511713e-016 1.0
  outer loop
    vertex 12.8443460131277 25.6029731807728 4.08643666666667
    vertex 16.6077720293712 26.0984376152967 4.08643666666667
    vertex 14.0405029706287 26.0984376152967 4.08643666666667
  endloop
endfacet
facet normal 6.89520912580852e-016 8.12511572511713e-016 1.0
  outer loop
    vertex 14.0405029706287 26.0984376152967 4.08643666666667
    vertex 16.6077720293712 26.0984376152967 4.08643666666667
    vertex 15.3241375 26.2674313070778 4.08643666666667
  endloop
endfacet
facet normal -0.608761429008717 0.793353340291238 -7.01402594474987e-016
  outer loop
    vertex 12.8443460131277 25.6029731807728 4.08643666666667
    vertex 11.8171827474079 24.8148030859254 1.16755333333333
    vertex 11.8171827474079 24.8148030859254 4.08643666666667
  endloop
endfacet
facet normal -0.608761429008717 0.793353340291238 -7.01402594474987e-016
  outer loop
    vertex 11.8171827474079 24.8148030859254 1.16755333333333
    vertex 12.8443460131277 25.6029731807728 4.08643666666667
    vertex 12.8443460131277 25.6029731807728 1.16755333333332
  endloop
endfacet
facet normal -0.923879532511288 0.382683432365088 -2.55190336485842e-016
  outer loop
    vertex 11.0290126525604 23.7876398202056 1.16755333333333
    vertex 10.5335482180366 22.5914828627046 4.08643666666668
    vertex 11.0290126525604 23.7876398202056 4.08643666666668
  endloop
endfacet
facet normal -0.923879532511288 0.382683432365088 -2.55190336485842e-016
  outer loop
    vertex 10.5335482180366 22.5914828627046 4.08643666666668
    vertex 11.0290126525604 23.7876398202056 1.16755333333333
    vertex 10.5335482180366 22.5914828627046 1.16755333333333
  endloop
endfacet
facet normal 0.923879532511286 0.382683432365092 -4.98943188528053e-016
  outer loop
    vertex 20.1147267819633 22.5914828627046 1.16755333333333
    vertex 19.6192623474395 23.7876398202056 4.08643666666667
    vertex 20.1147267819633 22.5914828627046 4.08643666666668
  endloop
endfacet
facet normal 0.923879532511286 0.382683432365092 -4.98943188528053e-016
  outer loop
    vertex 19.6192623474395 23.7876398202056 4.08643666666667
    vertex 20.1147267819633 22.5914828627046 1.16755333333333
    vertex 19.6192623474395 23.7876398202056 1.16755333333333
  endloop
endfacet
facet normal -0.793353340291235 0.608761429008721 -4.95168937886206e-016
  outer loop
    vertex 11.8171827474079 24.8148030859254 1.16755333333333
    vertex 11.0290126525604 23.7876398202056 4.08643666666668
    vertex 11.8171827474079 24.8148030859254 4.08643666666667
  endloop
endfacet
facet normal -0.793353340291235 0.608761429008721 -4.95168937886206e-016
  outer loop
    vertex 11.0290126525604 23.7876398202056 4.08643666666668
    vertex 11.8171827474079 24.8148030859254 1.16755333333333
    vertex 11.0290126525604 23.7876398202056 1.16755333333333
  endloop
endfacet
facet normal -0.382683432365099 0.923879532511283 -8.59836823372879e-016
  outer loop
    vertex 14.0405029706287 26.0984376152967 4.08643666666667
    vertex 12.8443460131277 25.6029731807728 1.16755333333332
    vertex 12.8443460131277 25.6029731807728 4.08643666666667
  endloop
endfacet
facet normal -0.382683432365099 0.923879532511283 -8.59836823372879e-016
  outer loop
    vertex 12.8443460131277 25.6029731807728 1.16755333333332
    vertex 14.0405029706287 26.0984376152967 4.08643666666667
    vertex 14.0405029706287 26.0984376152967 1.16755333333332
  endloop
endfacet
facet normal -0.130526192220045 0.991444861373811 -9.5967459370546e-016
  outer loop
    vertex 15.3241375 26.2674313070778 4.08643666666667
    vertex 14.0405029706287 26.0984376152967 1.16755333333332
    vertex 14.0405029706287 26.0984376152967 4.08643666666667
  endloop
endfacet
facet normal -0.130526192220045 0.991444861373811 -9.5967459370546e-016
  outer loop
    vertex 14.0405029706287 26.0984376152967 1.16755333333332
    vertex 15.3241375 26.2674313070778 4.08643666666667
    vertex 15.3241375 26.2674313070778 1.16755333333332
  endloop
endfacet
facet normal 0.793353340291232 0.608761429008724 -7.04484257219618e-016
  outer loop
    vertex 19.6192623474395 23.7876398202056 1.16755333333333
    vertex 18.8310922525921 24.8148030859254 4.08643666666667
    vertex 19.6192623474395 23.7876398202056 4.08643666666667
  endloop
endfacet
facet normal 0.793353340291232 0.608761429008724 -7.04484257219618e-016
  outer loop
    vertex 18.8310922525921 24.8148030859254 4.08643666666667
    vertex 19.6192623474395 23.7876398202056 1.16755333333333
    vertex 18.8310922525921 24.8148030859254 1.16755333333332
  endloop
endfacet
facet normal 0.382683432365094 0.923879532511285 -9.60802560555887e-016
  outer loop
    vertex 17.8039289868723 25.6029731807728 4.08643666666667
    vertex 16.6077720293712 26.0984376152967 1.16755333333332
    vertex 16.6077720293712 26.0984376152967 4.08643666666667
  endloop
endfacet
facet normal 0.382683432365094 0.923879532511285 -9.60802560555887e-016
  outer loop
    vertex 16.6077720293712 26.0984376152967 1.16755333333332
    vertex 17.8039289868723 25.6029731807728 4.08643666666667
    vertex 17.8039289868723 25.6029731807728 1.16755333333332
  endloop
endfacet
facet normal -0.99144486137381 0.130526192220052 2.1790646240578e-018
  outer loop
    vertex 10.5335482180366 22.5914828627046 1.16755333333333
    vertex 10.3620358333333 21.2887169612112 4.08643666666668
    vertex 10.5335482180366 22.5914828627046 4.08643666666668
  endloop
endfacet
facet normal -0.99144486137381 0.130526192220052 2.1790646240578e-018
  outer loop
    vertex 10.3620358333333 21.2887169612112 4.08643666666668
    vertex 10.5335482180366 22.5914828627046 1.16755333333333
    vertex 10.3620358333333 21.2887169612112 1.16755333333333
  endloop
endfacet
facet normal 1.0 1.03295968681347e-015 -1.31918092924757e-016
  outer loop
    vertex 20.2862391666667 1.16755333333336 4.08643666666668
    vertex 20.2862391666666 21.2887169612113 1.16755333333333
    vertex 20.2862391666666 21.2887169612113 4.08643666666668
  endloop
endfacet
facet normal 1.0 1.03295968681347e-015 -1.31918092924757e-016
  outer loop
    vertex 20.2862391666666 21.2887169612113 1.16755333333333
    vertex 20.2862391666667 1.16755333333336 4.08643666666668
    vertex 20.2862391666667 1.16755333333336 1.16755333333333
  endloop
endfacet
facet normal 0.99144486137381 0.130526192220051 -2.59399966080905e-016
  outer loop
    vertex 20.2862391666666 21.2887169612113 1.16755333333333
    vertex 20.1147267819633 22.5914828627046 4.08643666666668
    vertex 20.2862391666666 21.2887169612113 4.08643666666668
  endloop
endfacet
facet normal 0.99144486137381 0.130526192220051 -2.59399966080905e-016
  outer loop
    vertex 20.1147267819633 22.5914828627046 4.08643666666668
    vertex 20.2862391666666 21.2887169612113 1.16755333333333
    vertex 20.1147267819633 22.5914828627046 1.16755333333333
  endloop
endfacet
facet normal 0.608761429008724 0.793353340291233 -8.6201588799694e-016
  outer loop
    vertex 18.8310922525921 24.8148030859254 4.08643666666667
    vertex 17.8039289868723 25.6029731807728 1.16755333333332
    vertex 17.8039289868723 25.6029731807728 4.08643666666667
  endloop
endfacet
facet normal 0.608761429008724 0.793353340291233 -8.6201588799694e-016
  outer loop
    vertex 17.8039289868723 25.6029731807728 1.16755333333332
    vertex 18.8310922525921 24.8148030859254 4.08643666666667
    vertex 18.8310922525921 24.8148030859254 1.16755333333332
  endloop
endfacet
facet normal 1.0 1.03295968681347e-015 -3.75736295929091e-016
  outer loop
    vertex 11.5295891666666 14.1565841666667 1.90347737571983e-014
    vertex 11.5295891666666 21.2121914727231 4.08643666666668
    vertex 11.5295891666666 14.1565841666667 4.08643666666669
  endloop
endfacet
facet normal 1.0 1.03295968681347e-015 -3.75736295929091e-016
  outer loop
    vertex 11.5295891666666 21.2121914727231 4.08643666666668
    vertex 11.5295891666666 14.1565841666667 1.90347737571983e-014
    vertex 11.5295891666666 21.2121914727231 1.19848575508286e-014
  endloop
endfacet
facet normal -1.03295968681346e-015 1.0 -6.00482051330438e-016
  outer loop
    vertex 19.1186858333333 14.1565841666667 4.08643666666668
    vertex 11.5295891666666 14.1565841666667 1.90347737571983e-014
    vertex 11.5295891666666 14.1565841666667 4.08643666666669
  endloop
endfacet
facet normal -1.03295968681346e-015 1.0 -6.00482051330438e-016
  outer loop
    vertex 11.5295891666666 14.1565841666667 1.90347737571983e-014
    vertex 19.1186858333333 14.1565841666667 4.08643666666668
    vertex 19.1186858333333 14.1565841666667 1.76247905159244e-014
  endloop
endfacet
facet normal -0.923879532511287 -0.38268343236509 5.76929605907253e-016
  outer loop
    vertex 18.59940649228 23.1988257676946 9.16489106828067e-015
    vertex 18.9772253815588 22.2866902810769 4.08643666666668
    vertex 18.59940649228 23.1988257676946 4.08643666666668
  endloop
endfacet
facet normal -0.923879532511287 -0.38268343236509 5.76929605907253e-016
  outer loop
    vertex 18.9772253815588 22.2866902810769 4.08643666666668
    vertex 18.59940649228 23.1988257676946 9.16489106828067e-015
    vertex 18.9772253815588 22.2866902810769 9.86988268891764e-015
  endloop
endfacet
facet normal -0.608761429008729 -0.793353340291229 7.05128205648172e-016
  outer loop
    vertex 17.2151149343613 24.5831173256134 7.75490782700672e-015
    vertex 17.9983834338152 23.9820942671486 4.08643666666667
    vertex 17.2151149343613 24.5831173256134 4.08643666666667
  endloop
endfacet
facet normal -0.608761429008729 -0.793353340291229 7.05128205648172e-016
  outer loop
    vertex 17.9983834338152 23.9820942671486 4.08643666666667
    vertex 17.2151149343613 24.5831173256134 7.75490782700672e-015
    vertex 17.9983834338152 23.9820942671486 7.75490782700672e-015
  endloop
endfacet
facet normal -0.99144486137381 -0.130526192220051 4.50900455487173e-016
  outer loop
    vertex 18.9772253815588 22.2866902810769 9.86988268891764e-015
    vertex 19.1186858333333 21.212191472723 4.08643666666668
    vertex 18.9772253815588 22.2866902810769 4.08643666666668
  endloop
endfacet
facet normal -0.99144486137381 -0.130526192220051 4.50900455487173e-016
  outer loop
    vertex 19.1186858333333 21.212191472723 4.08643666666668
    vertex 18.9772253815588 22.2866902810769 9.86988268891764e-015
    vertex 19.1186858333333 21.212191472723 1.05748743095546e-014
  endloop
endfacet
facet normal -1.03295968681347e-015 1.0 -1.36427906009355e-015
  outer loop
    vertex 19.1186858333333 2.33510666666669 4.08643666666668
    vertex 11.5295891666667 2.33510666666668 2.32647234810202e-014
    vertex 11.5295891666667 2.33510666666669 4.0864366666667
  endloop
endfacet
facet normal -1.03295968681347e-015 1.0 -1.36427906009355e-015
  outer loop
    vertex 11.5295891666667 2.33510666666668 2.32647234810202e-014
    vertex 19.1186858333333 2.33510666666669 4.08643666666668
    vertex 19.1186858333333 2.33510666666669 4.93494134445882e-015
  endloop
endfacet
facet normal -0.382683432365092 -0.923879532511286 6.98561132254873e-016
  outer loop
    vertex 16.3029794477436 24.9609362148922 7.75490782700672e-015
    vertex 17.2151149343613 24.5831173256134 4.08643666666667
    vertex 16.3029794477435 24.9609362148922 4.08643666666667
  endloop
endfacet
facet normal -0.382683432365092 -0.923879532511286 6.98561132254873e-016
  outer loop
    vertex 17.2151149343613 24.5831173256134 4.08643666666667
    vertex 16.3029794477436 24.9609362148922 7.75490782700672e-015
    vertex 17.2151149343613 24.5831173256134 7.75490782700672e-015
  endloop
endfacet
facet normal 0.608761429008723 -0.793353340291234 2.47660676767698e-016
  outer loop
    vertex 12.6498915661847 23.9820942671486 8.45989944764369e-015
    vertex 13.4331600656386 24.5831173256134 4.08643666666667
    vertex 12.6498915661847 23.9820942671486 4.08643666666668
  endloop
endfacet
facet normal 0.608761429008723 -0.793353340291234 2.47660676767698e-016
  outer loop
    vertex 13.4331600656386 24.5831173256134 4.08643666666667
    vertex 12.6498915661847 23.9820942671486 8.45989944764369e-015
    vertex 13.4331600656386 24.5831173256133 8.45989944764369e-015
  endloop
endfacet
facet normal 0.793353340291232 -0.608761429008725 6.74586662180094e-017
  outer loop
    vertex 12.0488685077199 23.1988257676946 9.86988268891764e-015
    vertex 12.6498915661847 23.9820942671486 4.08643666666668
    vertex 12.0488685077199 23.1988257676947 4.08643666666668
  endloop
endfacet
facet normal 0.793353340291232 -0.608761429008725 6.74586662180094e-017
  outer loop
    vertex 12.6498915661847 23.9820942671486 4.08643666666668
    vertex 12.0488685077199 23.1988257676946 9.86988268891764e-015
    vertex 12.6498915661847 23.9820942671486 8.45989944764369e-015
  endloop
endfacet
facet normal 0.382683432365095 -0.923879532511285 4.10985021474291e-016
  outer loop
    vertex 13.4331600656386 24.5831173256133 8.45989944764369e-015
    vertex 14.3452955522564 24.9609362148922 4.08643666666667
    vertex 13.4331600656386 24.5831173256134 4.08643666666667
  endloop
endfacet
facet normal 0.382683432365095 -0.923879532511285 4.10985021474291e-016
  outer loop
    vertex 14.3452955522564 24.9609362148922 4.08643666666667
    vertex 13.4331600656386 24.5831173256133 8.45989944764369e-015
    vertex 14.3452955522564 24.9609362148922 7.75490782700672e-015
  endloop
endfacet
facet normal 0.923879532511288 -0.382683432365088 -1.17340540953729e-016
  outer loop
    vertex 11.6710496184411 22.2866902810769 1.12798659301916e-014
    vertex 12.0488685077199 23.1988257676947 4.08643666666668
    vertex 11.6710496184411 22.286690281077 4.08643666666668
  endloop
endfacet
facet normal 0.923879532511288 -0.382683432365088 -1.17340540953729e-016
  outer loop
    vertex 12.0488685077199 23.1988257676947 4.08643666666668
    vertex 11.6710496184411 22.2866902810769 1.12798659301916e-014
    vertex 12.0488685077199 23.1988257676946 9.86988268891764e-015
  endloop
endfacet
facet normal -1.0 -2.75047435336022e-016 2.86477476892514e-015
  outer loop
    vertex 19.1186858333333 13.2809191666667 -6.34492458573277e-015
    vertex 19.1186858333333 2.33510666666669 4.08643666666668
    vertex 19.1186858333333 13.2809191666667 4.08643666666667
  endloop
endfacet
facet normal -1.0 -2.75047435336022e-016 2.86477476892514e-015
  outer loop
    vertex 19.1186858333333 2.33510666666669 4.08643666666668
    vertex 19.1186858333333 13.2809191666667 -6.34492458573277e-015
    vertex 19.1186858333333 2.33510666666669 4.93494134445882e-015
  endloop
endfacet
facet normal 1.03295968681347e-015 -1.0 1.36427906009355e-015
  outer loop
    vertex 19.1186858333333 13.2809191666667 -6.34492458573277e-015
    vertex 11.5295891666666 13.2809191666667 4.08643666666669
    vertex 11.5295891666666 13.2809191666667 1.19848575508286e-014
  endloop
endfacet
facet normal 1.03295968681347e-015 -1.0 1.36427906009355e-015
  outer loop
    vertex 11.5295891666666 13.2809191666667 4.08643666666669
    vertex 19.1186858333333 13.2809191666667 -6.34492458573277e-015
    vertex 19.1186858333333 13.2809191666667 4.08643666666667
  endloop
endfacet
facet normal 1.0 1.41191581255218e-015 -2.86477476892514e-015
  outer loop
    vertex 11.5295891666667 2.33510666666668 2.32647234810202e-014
    vertex 11.5295891666666 13.2809191666667 4.08643666666669
    vertex 11.5295891666667 2.33510666666669 4.0864366666667
  endloop
endfacet
facet normal 1.0 1.41191581255218e-015 -2.86477476892514e-015
  outer loop
    vertex 11.5295891666666 13.2809191666667 4.08643666666669
    vertex 11.5295891666667 2.33510666666668 2.32647234810202e-014
    vertex 11.5295891666666 13.2809191666667 1.19848575508286e-014
  endloop
endfacet
facet normal -1.0 1.4283780818089e-016 3.7573629592909e-016
  outer loop
    vertex 19.1186858333333 21.212191472723 1.05748743095546e-014
    vertex 19.1186858333333 14.1565841666667 4.08643666666668
    vertex 19.1186858333333 21.212191472723 4.08643666666668
  endloop
endfacet
facet normal -1.0 1.4283780818089e-016 3.7573629592909e-016
  outer loop
    vertex 19.1186858333333 14.1565841666667 4.08643666666668
    vertex 19.1186858333333 21.212191472723 1.05748743095546e-014
    vertex 19.1186858333333 14.1565841666667 1.76247905159244e-014
  endloop
endfacet
facet normal -0.793353340291229 -0.608761429008729 6.63641957106008e-016
  outer loop
    vertex 17.9983834338152 23.9820942671486 7.75490782700672e-015
    vertex 18.59940649228 23.1988257676946 4.08643666666668
    vertex 17.9983834338152 23.9820942671486 4.08643666666667
  endloop
endfacet
facet normal -0.793353340291229 -0.608761429008729 6.63641957106008e-016
  outer loop
    vertex 18.59940649228 23.1988257676946 4.08643666666668
    vertex 17.9983834338152 23.9820942671486 7.75490782700672e-015
    vertex 18.59940649228 23.1988257676946 9.16489106828067e-015
  endloop
endfacet
facet normal -0.13052619222003 -0.991444861373813 6.44388272125252e-016
  outer loop
    vertex 15.3241375 25.0898032020559 7.75490782700672e-015
    vertex 16.3029794477435 24.9609362148922 4.08643666666667
    vertex 15.3241375 25.089803202056 4.08643666666667
  endloop
endfacet
facet normal -0.13052619222003 -0.991444861373813 6.44388272125252e-016
  outer loop
    vertex 16.3029794477435 24.9609362148922 4.08643666666667
    vertex 15.3241375 25.0898032020559 7.75490782700672e-015
    vertex 16.3029794477436 24.9609362148922 7.75490782700672e-015
  endloop
endfacet
facet normal 0.130526192220034 -0.991444861373813 5.46301416152285e-016
  outer loop
    vertex 14.3452955522564 24.9609362148922 7.75490782700672e-015
    vertex 15.3241375 25.089803202056 4.08643666666667
    vertex 14.3452955522564 24.9609362148922 4.08643666666667
  endloop
endfacet
facet normal 0.130526192220034 -0.991444861373813 5.46301416152285e-016
  outer loop
    vertex 15.3241375 25.089803202056 4.08643666666667
    vertex 14.3452955522564 24.9609362148922 7.75490782700672e-015
    vertex 15.3241375 25.0898032020559 7.75490782700672e-015
  endloop
endfacet
facet normal 0.99144486137381 -0.130526192220051 -2.94143184173878e-016
  outer loop
    vertex 11.5295891666666 21.2121914727231 1.19848575508286e-014
    vertex 11.6710496184411 22.286690281077 4.08643666666668
    vertex 11.5295891666666 21.2121914727231 4.08643666666668
  endloop
endfacet
facet normal 0.99144486137381 -0.130526192220051 -2.94143184173878e-016
  outer loop
    vertex 11.6710496184411 22.286690281077 4.08643666666668
    vertex 11.5295891666666 21.2121914727231 1.19848575508286e-014
    vertex 11.6710496184411 22.2866902810769 1.12798659301916e-014
  endloop
endfacet
facet normal 5.8243888986911e-016 8.27283726776259e-016 1.0
  outer loop
    vertex 21.4537925 2.63792611193596e-014 1.16755333333333
    vertex 20.2862391666667 1.16755333333336 1.16755333333333
    vertex 9.19448249999999 1.37158881012104e-014 1.16755333333336
  endloop
endfacet
facet normal 5.8243888986911e-016 8.27283726776259e-016 1.0
  outer loop
    vertex 20.2862391666667 1.16755333333336 1.16755333333333
    vertex 21.4537925 2.63792611193596e-014 1.16755333333333
    vertex 21.4537925 21.3652424496994 1.16755333333333
  endloop
endfacet
facet normal 5.8243888986911e-016 8.27283726776259e-016 1.0
  outer loop
    vertex 20.2862391666667 1.16755333333336 1.16755333333333
    vertex 21.4537925 21.3652424496994 1.16755333333333
    vertex 20.2862391666666 21.2887169612113 1.16755333333333
  endloop
endfacet
facet normal 5.8243888986911e-016 8.27283726776259e-016 1.0
  outer loop
    vertex 20.2862391666666 21.2887169612113 1.16755333333333
    vertex 21.4537925 21.3652424496994 1.16755333333333
    vertex 20.1147267819633 22.5914828627046 1.16755333333333
  endloop
endfacet
facet normal 5.8243888986911e-016 8.27283726776259e-016 1.0
  outer loop
    vertex 20.1147267819633 22.5914828627046 1.16755333333333
    vertex 21.4537925 21.3652424496994 1.16755333333333
    vertex 21.2522281823679 22.8962754443322 1.16755333333333
  endloop
endfacet
facet normal 5.8243888986911e-016 8.27283726776259e-016 1.0
  outer loop
    vertex 20.1147267819633 22.5914828627046 1.16755333333333
    vertex 21.2522281823679 22.8962754443322 1.16755333333333
    vertex 19.6192623474395 23.7876398202056 1.16755333333333
  endloop
endfacet
facet normal 5.8243888986911e-016 8.27283726776259e-016 1.0
  outer loop
    vertex 19.6192623474395 23.7876398202056 1.16755333333333
    vertex 21.2522281823679 22.8962754443322 1.16755333333333
    vertex 20.639118202599 24.3764538727165 1.16755333333332
  endloop
endfacet
facet normal 5.8243888986911e-016 8.27283726776259e-016 1.0
  outer loop
    vertex 19.6192623474395 23.7876398202056 1.16755333333333
    vertex 20.639118202599 24.3764538727165 1.16755333333332
    vertex 18.8310922525921 24.8148030859254 1.16755333333332
  endloop
endfacet
facet normal 5.8243888986911e-016 8.27283726776259e-016 1.0
  outer loop
    vertex 18.8310922525921 24.8148030859254 1.16755333333332
    vertex 20.639118202599 24.3764538727165 1.16755333333332
    vertex 19.6638010713689 25.6475119047023 1.16755333333332
  endloop
endfacet
facet normal 5.8243888986911e-016 8.27283726776259e-016 1.0
  outer loop
    vertex 18.8310922525921 24.8148030859254 1.16755333333332
    vertex 19.6638010713689 25.6475119047023 1.16755333333332
    vertex 17.8039289868723 25.6029731807728 1.16755333333332
  endloop
endfacet
facet normal 5.8243888986911e-016 8.27283726776259e-016 1.0
  outer loop
    vertex 17.8039289868723 25.6029731807728 1.16755333333332
    vertex 19.6638010713689 25.6475119047023 1.16755333333332
    vertex 16.6077720293712 26.0984376152967 1.16755333333332
  endloop
endfacet
facet normal 5.8243888986911e-016 8.27283726776259e-016 1.0
  outer loop
    vertex 16.6077720293712 26.0984376152967 1.16755333333332
    vertex 19.6638010713689 25.6475119047023 1.16755333333332
    vertex 18.3927430393832 26.6228290359323 1.16755333333332
  endloop
endfacet
facet normal 5.8243888986911e-016 8.27283726776259e-016 1.0
  outer loop
    vertex 16.6077720293712 26.0984376152967 1.16755333333332
    vertex 18.3927430393832 26.6228290359323 1.16755333333332
    vertex 15.3241375 26.2674313070778 1.16755333333332
  endloop
endfacet
facet normal 5.8243888986911e-016 8.27283726776259e-016 1.0
  outer loop
    vertex 9.19448249999999 1.37158881012104e-014 1.16755333333336
    vertex 10.3620358333333 1.16755333333335 1.16755333333336
    vertex 9.19448249999998 21.3652424496995 1.16755333333333
  endloop
endfacet
facet normal 5.8243888986911e-016 8.27283726776259e-016 1.0
  outer loop
    vertex 10.3620358333333 1.16755333333335 1.16755333333336
    vertex 9.19448249999999 1.37158881012104e-014 1.16755333333336
    vertex 20.2862391666667 1.16755333333336 1.16755333333333
  endloop
endfacet
facet normal 5.8243888986911e-016 8.27283726776259e-016 1.0
  outer loop
    vertex 9.19448249999998 21.3652424496995 1.16755333333333
    vertex 10.3620358333333 1.16755333333335 1.16755333333336
    vertex 10.3620358333333 21.2887169612112 1.16755333333333
  endloop
endfacet
facet normal 5.8243888986911e-016 8.27283726776259e-016 1.0
  outer loop
    vertex 9.19448249999998 21.3652424496995 1.16755333333333
    vertex 10.3620358333333 21.2887169612112 1.16755333333333
    vertex 10.5335482180366 22.5914828627046 1.16755333333333
  endloop
endfacet
facet normal 5.8243888986911e-016 8.27283726776259e-016 1.0
  outer loop
    vertex 9.19448249999998 21.3652424496995 1.16755333333333
    vertex 10.5335482180366 22.5914828627046 1.16755333333333
    vertex 9.39604681763209 22.8962754443322 1.16755333333333
  endloop
endfacet
facet normal 5.8243888986911e-016 8.27283726776259e-016 1.0
  outer loop
    vertex 9.39604681763209 22.8962754443322 1.16755333333333
    vertex 10.5335482180366 22.5914828627046 1.16755333333333
    vertex 11.0290126525604 23.7876398202056 1.16755333333333
  endloop
endfacet
facet normal 5.8243888986911e-016 8.27283726776259e-016 1.0
  outer loop
    vertex 9.39604681763209 22.8962754443322 1.16755333333333
    vertex 11.0290126525604 23.7876398202056 1.16755333333333
    vertex 10.009156797401 24.3764538727165 1.16755333333333
  endloop
endfacet
facet normal 5.8243888986911e-016 8.27283726776259e-016 1.0
  outer loop
    vertex 10.009156797401 24.3764538727165 1.16755333333333
    vertex 11.0290126525604 23.7876398202056 1.16755333333333
    vertex 11.8171827474079 24.8148030859254 1.16755333333333
  endloop
endfacet
facet normal 5.8243888986911e-016 8.27283726776259e-016 1.0
  outer loop
    vertex 10.009156797401 24.3764538727165 1.16755333333333
    vertex 11.8171827474079 24.8148030859254 1.16755333333333
    vertex 10.984473928631 25.6475119047023 1.16755333333332
  endloop
endfacet
facet normal 5.8243888986911e-016 8.27283726776259e-016 1.0
  outer loop
    vertex 10.984473928631 25.6475119047023 1.16755333333332
    vertex 11.8171827474079 24.8148030859254 1.16755333333333
    vertex 12.8443460131277 25.6029731807728 1.16755333333332
  endloop
endfacet
facet normal 5.8243888986911e-016 8.27283726776259e-016 1.0
  outer loop
    vertex 10.984473928631 25.6475119047023 1.16755333333332
    vertex 12.8443460131277 25.6029731807728 1.16755333333332
    vertex 14.0405029706287 26.0984376152967 1.16755333333332
  endloop
endfacet
facet normal 5.8243888986911e-016 8.27283726776259e-016 1.0
  outer loop
    vertex 10.984473928631 25.6475119047023 1.16755333333332
    vertex 14.0405029706287 26.0984376152967 1.16755333333332
    vertex 12.2555319606167 26.6228290359323 1.16755333333332
  endloop
endfacet
facet normal 5.8243888986911e-016 8.27283726776259e-016 1.0
  outer loop
    vertex 12.2555319606167 26.6228290359323 1.16755333333332
    vertex 14.0405029706287 26.0984376152967 1.16755333333332
    vertex 15.3241375 26.2674313070778 1.16755333333332
  endloop
endfacet
facet normal 5.8243888986911e-016 8.27283726776259e-016 1.0
  outer loop
    vertex 12.2555319606167 26.6228290359323 1.16755333333332
    vertex 15.3241375 26.2674313070778 1.16755333333332
    vertex 18.3927430393832 26.6228290359323 1.16755333333332
  endloop
endfacet
facet normal 5.8243888986911e-016 8.27283726776259e-016 1.0
  outer loop
    vertex 12.2555319606167 26.6228290359323 1.16755333333332
    vertex 18.3927430393832 26.6228290359323 1.16755333333332
    vertex 16.9125646109988 27.2359390157012 1.16755333333332
  endloop
endfacet
facet normal 5.8243888986911e-016 8.27283726776259e-016 1.0
  outer loop
    vertex 12.2555319606167 26.6228290359323 1.16755333333332
    vertex 16.9125646109988 27.2359390157012 1.16755333333332
    vertex 13.7357103890011 27.2359390157012 1.16755333333332
  endloop
endfacet
facet normal 5.8243888986911e-016 8.27283726776259e-016 1.0
  outer loop
    vertex 13.7357103890011 27.2359390157012 1.16755333333332
    vertex 16.9125646109988 27.2359390157012 1.16755333333332
    vertex 15.3241375 27.4450594120997 1.16755333333332
  endloop
endfacet
facet normal -1.0 -4.50520796944354e-016 5.82438889869111e-016
  outer loop
    vertex 9.19448249999998 21.3652424496995 1.16755333333333
    vertex 9.19448249999999 1.25654710247946e-014 2.53796983429311e-014
    vertex 9.19448249999999 1.37158881012104e-014 1.16755333333336
  endloop
endfacet
facet normal -1.0 -4.50520796944354e-016 5.82438889869111e-016
  outer loop
    vertex 9.19448249999999 1.25654710247946e-014 2.53796983429311e-014
    vertex 9.19448249999998 21.3652424496995 1.16755333333333
    vertex 9.19448249999998 21.3652424496995 -4.22994972382185e-015
  endloop
endfacet
facet normal 0.608761429008723 0.793353340291233 -1.0108946389135e-015
  outer loop
    vertex 19.6638010713689 25.6475119047023 1.16755333333332
    vertex 18.3927430393832 26.6228290359323 -1.05748743095546e-014
    vertex 18.3927430393832 26.6228290359323 1.16755333333332
  endloop
endfacet
facet normal 0.608761429008723 0.793353340291233 -1.0108946389135e-015
  outer loop
    vertex 18.3927430393832 26.6228290359323 -1.05748743095546e-014
    vertex 19.6638010713689 25.6475119047023 1.16755333333332
    vertex 19.6638010713689 25.6475119047023 -9.86988268891764e-015
  endloop
endfacet
facet normal 0.793353340291233 0.608761429008723 -9.65698262501154e-016
  outer loop
    vertex 20.639118202599 24.3764538727165 -8.45989944764369e-015
    vertex 19.6638010713689 25.6475119047023 1.16755333333332
    vertex 20.639118202599 24.3764538727165 1.16755333333332
  endloop
endfacet
facet normal 0.793353340291233 0.608761429008723 -9.65698262501154e-016
  outer loop
    vertex 19.6638010713689 25.6475119047023 1.16755333333332
    vertex 20.639118202599 24.3764538727165 -8.45989944764369e-015
    vertex 19.6638010713689 25.6475119047023 -9.86988268891764e-015
  endloop
endfacet
facet normal 0.991444861373811 0.13052619222005 -6.85438239166713e-016
  outer loop
    vertex 21.4537925 21.3652424496994 -5.63993296509579e-015
    vertex 21.2522281823679 22.8962754443322 1.16755333333333
    vertex 21.4537925 21.3652424496994 1.16755333333333
  endloop
endfacet
facet normal 0.991444861373811 0.13052619222005 -6.85438239166713e-016
  outer loop
    vertex 21.2522281823679 22.8962754443322 1.16755333333333
    vertex 21.4537925 21.3652424496994 -5.63993296509579e-015
    vertex 21.2522281823679 22.8962754443322 -7.04991620636974e-015
  endloop
endfacet
facet normal 1.0 1.03295968681347e-015 -5.82438889869111e-016
  outer loop
    vertex 21.4537925 2.63792611193596e-014 1.16755333333333
    vertex 21.4537925 21.3652424496994 -5.63993296509579e-015
    vertex 21.4537925 21.3652424496994 1.16755333333333
  endloop
endfacet
facet normal 1.0 1.03295968681347e-015 -5.82438889869111e-016
  outer loop
    vertex 21.4537925 21.3652424496994 -5.63993296509579e-015
    vertex 21.4537925 2.63792611193596e-014 1.16755333333333
    vertex 21.4537925 2.52288440429438e-014 -1.40998324127395e-015
  endloop
endfacet
facet normal 1.03295968681347e-015 -1.0 8.27283726776259e-016
  outer loop
    vertex 21.4537925 2.52288440429438e-014 -1.40998324127395e-015
    vertex 9.19448249999999 1.37158881012104e-014 1.16755333333336
    vertex 9.19448249999999 1.25654710247946e-014 2.53796983429311e-014
  endloop
endfacet
facet normal 1.03295968681347e-015 -1.0 8.27283726776259e-016
  outer loop
    vertex 9.19448249999999 1.37158881012104e-014 1.16755333333336
    vertex 21.4537925 2.52288440429438e-014 -1.40998324127395e-015
    vertex 21.4537925 2.63792611193596e-014 1.16755333333333
  endloop
endfacet
facet normal -0.99144486137381 0.130526192220052 4.69473849683277e-016
  outer loop
    vertex 9.39604681763209 22.8962754443322 -5.63993296509579e-015
    vertex 9.19448249999998 21.3652424496995 1.16755333333333
    vertex 9.39604681763209 22.8962754443322 1.16755333333333
  endloop
endfacet
facet normal -0.99144486137381 0.130526192220052 4.69473849683277e-016
  outer loop
    vertex 9.19448249999998 21.3652424496995 1.16755333333333
    vertex 9.39604681763209 22.8962754443322 -5.63993296509579e-015
    vertex 9.19448249999998 21.3652424496995 -4.22994972382185e-015
  endloop
endfacet
facet normal -5.8243888986911e-016 -8.27283726776259e-016 -1.0
  outer loop
    vertex 9.19448249999999 1.25654710247946e-014 2.53796983429311e-014
    vertex 11.5295891666667 2.33510666666668 2.32647234810202e-014
    vertex 21.4537925 2.52288440429438e-014 -1.40998324127395e-015
  endloop
endfacet
facet normal -5.8243888986911e-016 -8.27283726776259e-016 -1.0
  outer loop
    vertex 11.5295891666667 2.33510666666668 2.32647234810202e-014
    vertex 9.19448249999999 1.25654710247946e-014 2.53796983429311e-014
    vertex 9.19448249999998 21.3652424496995 -4.22994972382185e-015
  endloop
endfacet
facet normal -5.8243888986911e-016 -8.27283726776259e-016 -1.0
  outer loop
    vertex 11.5295891666667 2.33510666666668 2.32647234810202e-014
    vertex 9.19448249999998 21.3652424496995 -4.22994972382185e-015
    vertex 11.5295891666666 13.2809191666667 1.19848575508286e-014
  endloop
endfacet
facet normal -5.8243888986911e-016 -8.27283726776259e-016 -1.0
  outer loop
    vertex 11.5295891666666 13.2809191666667 1.19848575508286e-014
    vertex 9.19448249999998 21.3652424496995 -4.22994972382185e-015
    vertex 11.5295891666666 14.1565841666667 1.90347737571983e-014
  endloop
endfacet
facet normal -5.8243888986911e-016 -8.27283726776259e-016 -1.0
  outer loop
    vertex 11.5295891666666 13.2809191666667 1.19848575508286e-014
    vertex 11.5295891666666 14.1565841666667 1.90347737571983e-014
    vertex 19.1186858333333 13.2809191666667 -6.34492458573277e-015
  endloop
endfacet
facet normal -5.8243888986911e-016 -8.27283726776259e-016 -1.0
  outer loop
    vertex 11.5295891666666 14.1565841666667 1.90347737571983e-014
    vertex 9.19448249999998 21.3652424496995 -4.22994972382185e-015
    vertex 11.5295891666666 21.2121914727231 1.19848575508286e-014
  endloop
endfacet
facet normal -5.8243888986911e-016 -8.27283726776259e-016 -1.0
  outer loop
    vertex 11.5295891666666 21.2121914727231 1.19848575508286e-014
    vertex 9.19448249999998 21.3652424496995 -4.22994972382185e-015
    vertex 11.6710496184411 22.2866902810769 1.12798659301916e-014
  endloop
endfacet
facet normal -5.8243888986911e-016 -8.27283726776259e-016 -1.0
  outer loop
    vertex 11.6710496184411 22.2866902810769 1.12798659301916e-014
    vertex 9.19448249999998 21.3652424496995 -4.22994972382185e-015
    vertex 9.39604681763209 22.8962754443322 -5.63993296509579e-015
  endloop
endfacet
facet normal -5.8243888986911e-016 -8.27283726776259e-016 -1.0
  outer loop
    vertex 11.6710496184411 22.2866902810769 1.12798659301916e-014
    vertex 9.39604681763209 22.8962754443322 -5.63993296509579e-015
    vertex 12.0488685077199 23.1988257676946 9.86988268891764e-015
  endloop
endfacet
facet normal -5.8243888986911e-016 -8.27283726776259e-016 -1.0
  outer loop
    vertex 12.0488685077199 23.1988257676946 9.86988268891764e-015
    vertex 9.39604681763209 22.8962754443322 -5.63993296509579e-015
    vertex 10.009156797401 24.3764538727165 -7.04991620636974e-015
  endloop
endfacet
facet normal -5.8243888986911e-016 -8.27283726776259e-016 -1.0
  outer loop
    vertex 12.0488685077199 23.1988257676946 9.86988268891764e-015
    vertex 10.009156797401 24.3764538727165 -7.04991620636974e-015
    vertex 12.6498915661847 23.9820942671486 8.45989944764369e-015
  endloop
endfacet
facet normal -5.8243888986911e-016 -8.27283726776259e-016 -1.0
  outer loop
    vertex 12.6498915661847 23.9820942671486 8.45989944764369e-015
    vertex 10.009156797401 24.3764538727165 -7.04991620636974e-015
    vertex 13.4331600656386 24.5831173256133 8.45989944764369e-015
  endloop
endfacet
facet normal -5.8243888986911e-016 -8.27283726776259e-016 -1.0
  outer loop
    vertex 13.4331600656386 24.5831173256133 8.45989944764369e-015
    vertex 10.009156797401 24.3764538727165 -7.04991620636974e-015
    vertex 10.984473928631 25.6475119047023 -8.45989944764369e-015
  endloop
endfacet
facet normal -5.8243888986911e-016 -8.27283726776259e-016 -1.0
  outer loop
    vertex 13.4331600656386 24.5831173256133 8.45989944764369e-015
    vertex 10.984473928631 25.6475119047023 -8.45989944764369e-015
    vertex 14.3452955522564 24.9609362148922 7.75490782700672e-015
  endloop
endfacet
facet normal -5.8243888986911e-016 -8.27283726776259e-016 -1.0
  outer loop
    vertex 14.3452955522564 24.9609362148922 7.75490782700672e-015
    vertex 10.984473928631 25.6475119047023 -8.45989944764369e-015
    vertex 15.3241375 25.0898032020559 7.75490782700672e-015
  endloop
endfacet
facet normal -5.8243888986911e-016 -8.27283726776259e-016 -1.0
  outer loop
    vertex 21.4537925 2.52288440429438e-014 -1.40998324127395e-015
    vertex 19.1186858333333 2.33510666666669 4.93494134445882e-015
    vertex 21.4537925 21.3652424496994 -5.63993296509579e-015
  endloop
endfacet
facet normal -5.8243888986911e-016 -8.27283726776259e-016 -1.0
  outer loop
    vertex 19.1186858333333 2.33510666666669 4.93494134445882e-015
    vertex 21.4537925 2.52288440429438e-014 -1.40998324127395e-015
    vertex 11.5295891666667 2.33510666666668 2.32647234810202e-014
  endloop
endfacet
facet normal -5.8243888986911e-016 -8.27283726776259e-016 -1.0
  outer loop
    vertex 21.4537925 21.3652424496994 -5.63993296509579e-015
    vertex 19.1186858333333 2.33510666666669 4.93494134445882e-015
    vertex 19.1186858333333 13.2809191666667 -6.34492458573277e-015
  endloop
endfacet
facet normal -5.8243888986911e-016 -8.27283726776259e-016 -1.0
  outer loop
    vertex 21.4537925 21.3652424496994 -5.63993296509579e-015
    vertex 19.1186858333333 13.2809191666667 -6.34492458573277e-015
    vertex 19.1186858333333 14.1565841666667 1.76247905159244e-014
  endloop
endfacet
facet normal -5.8243888986911e-016 -8.27283726776259e-016 -1.0
  outer loop
    vertex 19.1186858333333 14.1565841666667 1.76247905159244e-014
    vertex 19.1186858333333 13.2809191666667 -6.34492458573277e-015
    vertex 11.5295891666666 14.1565841666667 1.90347737571983e-014
  endloop
endfacet
facet normal -5.8243888986911e-016 -8.27283726776259e-016 -1.0
  outer loop
    vertex 21.4537925 21.3652424496994 -5.63993296509579e-015
    vertex 19.1186858333333 14.1565841666667 1.76247905159244e-014
    vertex 19.1186858333333 21.212191472723 1.05748743095546e-014
  endloop
endfacet
facet normal -5.8243888986911e-016 -8.27283726776259e-016 -1.0
  outer loop
    vertex 21.4537925 21.3652424496994 -5.63993296509579e-015
    vertex 19.1186858333333 21.212191472723 1.05748743095546e-014
    vertex 18.9772253815588 22.2866902810769 9.86988268891764e-015
  endloop
endfacet
facet normal -5.8243888986911e-016 -8.27283726776259e-016 -1.0
  outer loop
    vertex 21.4537925 21.3652424496994 -5.63993296509579e-015
    vertex 18.9772253815588 22.2866902810769 9.86988268891764e-015
    vertex 21.2522281823679 22.8962754443322 -7.04991620636974e-015
  endloop
endfacet
facet normal -5.8243888986911e-016 -8.27283726776259e-016 -1.0
  outer loop
    vertex 21.2522281823679 22.8962754443322 -7.04991620636974e-015
    vertex 18.9772253815588 22.2866902810769 9.86988268891764e-015
    vertex 18.59940649228 23.1988257676946 9.16489106828067e-015
  endloop
endfacet
facet normal -5.8243888986911e-016 -8.27283726776259e-016 -1.0
  outer loop
    vertex 21.2522281823679 22.8962754443322 -7.04991620636974e-015
    vertex 18.59940649228 23.1988257676946 9.16489106828067e-015
    vertex 20.639118202599 24.3764538727165 -8.45989944764369e-015
  endloop
endfacet
facet normal -5.8243888986911e-016 -8.27283726776259e-016 -1.0
  outer loop
    vertex 20.639118202599 24.3764538727165 -8.45989944764369e-015
    vertex 18.59940649228 23.1988257676946 9.16489106828067e-015
    vertex 17.9983834338152 23.9820942671486 7.75490782700672e-015
  endloop
endfacet
facet normal -5.8243888986911e-016 -8.27283726776259e-016 -1.0
  outer loop
    vertex 20.639118202599 24.3764538727165 -8.45989944764369e-015
    vertex 17.9983834338152 23.9820942671486 7.75490782700672e-015
    vertex 17.2151149343613 24.5831173256134 7.75490782700672e-015
  endloop
endfacet
facet normal -5.8243888986911e-016 -8.27283726776259e-016 -1.0
  outer loop
    vertex 20.639118202599 24.3764538727165 -8.45989944764369e-015
    vertex 17.2151149343613 24.5831173256134 7.75490782700672e-015
    vertex 19.6638010713689 25.6475119047023 -9.86988268891764e-015
  endloop
endfacet
facet normal -5.8243888986911e-016 -8.27283726776259e-016 -1.0
  outer loop
    vertex 19.6638010713689 25.6475119047023 -9.86988268891764e-015
    vertex 17.2151149343613 24.5831173256134 7.75490782700672e-015
    vertex 16.3029794477436 24.9609362148922 7.75490782700672e-015
  endloop
endfacet
facet normal -5.8243888986911e-016 -8.27283726776259e-016 -1.0
  outer loop
    vertex 19.6638010713689 25.6475119047023 -9.86988268891764e-015
    vertex 16.3029794477436 24.9609362148922 7.75490782700672e-015
    vertex 15.3241375 25.0898032020559 7.75490782700672e-015
  endloop
endfacet
facet normal -5.8243888986911e-016 -8.27283726776259e-016 -1.0
  outer loop
    vertex 19.6638010713689 25.6475119047023 -9.86988268891764e-015
    vertex 15.3241375 25.0898032020559 7.75490782700672e-015
    vertex 10.984473928631 25.6475119047023 -8.45989944764369e-015
  endloop
endfacet
facet normal -5.8243888986911e-016 -8.27283726776259e-016 -1.0
  outer loop
    vertex 19.6638010713689 25.6475119047023 -9.86988268891764e-015
    vertex 10.984473928631 25.6475119047023 -8.45989944764369e-015
    vertex 12.2555319606167 26.6228290359323 -9.86988268891764e-015
  endloop
endfacet
facet normal -5.8243888986911e-016 -8.27283726776259e-016 -1.0
  outer loop
    vertex 19.6638010713689 25.6475119047023 -9.86988268891764e-015
    vertex 12.2555319606167 26.6228290359323 -9.86988268891764e-015
    vertex 18.3927430393832 26.6228290359323 -1.05748743095546e-014
  endloop
endfacet
facet normal -5.8243888986911e-016 -8.27283726776259e-016 -1.0
  outer loop
    vertex 18.3927430393832 26.6228290359323 -1.05748743095546e-014
    vertex 12.2555319606167 26.6228290359323 -9.86988268891764e-015
    vertex 13.7357103890011 27.2359390157012 -1.05748743095546e-014
  endloop
endfacet
facet normal -5.8243888986911e-016 -8.27283726776259e-016 -1.0
  outer loop
    vertex 18.3927430393832 26.6228290359323 -1.05748743095546e-014
    vertex 13.7357103890011 27.2359390157012 -1.05748743095546e-014
    vertex 16.9125646109988 27.2359390157012 -1.05748743095546e-014
  endloop
endfacet
facet normal -5.8243888986911e-016 -8.27283726776259e-016 -1.0
  outer loop
    vertex 16.9125646109988 27.2359390157012 -1.05748743095546e-014
    vertex 13.7357103890011 27.2359390157012 -1.05748743095546e-014
    vertex 15.3241375 27.4450594120997 -1.05748743095546e-014
  endloop
endfacet
facet normal 0.382683432365087 0.923879532511288 -9.87200216266268e-016
  outer loop
    vertex 18.3927430393832 26.6228290359323 1.16755333333332
    vertex 16.9125646109988 27.2359390157012 -1.05748743095546e-014
    vertex 16.9125646109988 27.2359390157012 1.16755333333332
  endloop
endfacet
facet normal 0.382683432365087 0.923879532511288 -9.87200216266268e-016
  outer loop
    vertex 16.9125646109988 27.2359390157012 -1.05748743095546e-014
    vertex 18.3927430393832 26.6228290359323 1.16755333333332
    vertex 18.3927430393832 26.6228290359323 -1.05748743095546e-014
  endloop
endfacet
facet normal 0.923879532511285 0.382683432365094 -8.54691145391191e-016
  outer loop
    vertex 21.2522281823679 22.8962754443322 -7.04991620636974e-015
    vertex 20.639118202599 24.3764538727165 1.16755333333332
    vertex 21.2522281823679 22.8962754443322 1.16755333333333
  endloop
endfacet
facet normal 0.923879532511285 0.382683432365094 -8.54691145391191e-016
  outer loop
    vertex 20.639118202599 24.3764538727165 1.16755333333332
    vertex 21.2522281823679 22.8962754443322 -7.04991620636974e-015
    vertex 20.639118202599 24.3764538727165 -8.45989944764369e-015
  endloop
endfacet
facet normal -0.923879532511288 0.382683432365088 2.21515593186147e-016
  outer loop
    vertex 10.009156797401 24.3764538727165 -7.04991620636974e-015
    vertex 9.39604681763209 22.8962754443322 1.16755333333333
    vertex 10.009156797401 24.3764538727165 1.16755333333333
  endloop
endfacet
facet normal -0.923879532511288 0.382683432365088 2.21515593186147e-016
  outer loop
    vertex 9.39604681763209 22.8962754443322 1.16755333333333
    vertex 10.009156797401 24.3764538727165 -7.04991620636974e-015
    vertex 9.39604681763209 22.8962754443322 -5.63993296509579e-015
  endloop
endfacet
facet normal -0.130526192220053 0.99144486137381 -7.44182669315008e-016
  outer loop
    vertex 15.3241375 27.4450594120997 1.16755333333332
    vertex 13.7357103890011 27.2359390157012 -1.05748743095546e-014
    vertex 13.7357103890011 27.2359390157012 1.16755333333332
  endloop
endfacet
facet normal -0.130526192220053 0.99144486137381 -7.44182669315008e-016
  outer loop
    vertex 13.7357103890011 27.2359390157012 -1.05748743095546e-014
    vertex 15.3241375 27.4450594120997 1.16755333333332
    vertex 15.3241375 27.4450594120997 -1.05748743095546e-014
  endloop
endfacet
facet normal -0.608761429008714 0.793353340291241 -3.01761977099563e-016
  outer loop
    vertex 12.2555319606167 26.6228290359323 1.16755333333332
    vertex 10.984473928631 25.6475119047023 -8.45989944764369e-015
    vertex 10.984473928631 25.6475119047023 1.16755333333332
  endloop
endfacet
facet normal -0.608761429008714 0.793353340291241 -3.01761977099563e-016
  outer loop
    vertex 10.984473928631 25.6475119047023 -8.45989944764369e-015
    vertex 12.2555319606167 26.6228290359323 1.16755333333332
    vertex 12.2555319606167 26.6228290359323 -9.86988268891764e-015
  endloop
endfacet
facet normal -0.382683432365098 0.923879532511283 -5.41420789230215e-016
  outer loop
    vertex 13.7357103890011 27.2359390157012 1.16755333333332
    vertex 12.2555319606167 26.6228290359323 -9.86988268891764e-015
    vertex 12.2555319606167 26.6228290359323 1.16755333333332
  endloop
endfacet
facet normal -0.382683432365098 0.923879532511283 -5.41420789230215e-016
  outer loop
    vertex 12.2555319606167 26.6228290359323 -9.86988268891764e-015
    vertex 13.7357103890011 27.2359390157012 1.16755333333332
    vertex 13.7357103890011 27.2359390157012 -1.05748743095546e-014
  endloop
endfacet
facet normal -0.793353340291237 0.608761429008718 -4.15385849147955e-017
  outer loop
    vertex 10.984473928631 25.6475119047023 -8.45989944764369e-015
    vertex 10.009156797401 24.3764538727165 1.16755333333333
    vertex 10.984473928631 25.6475119047023 1.16755333333332
  endloop
endfacet
facet normal -0.793353340291237 0.608761429008718 -4.15385849147955e-017
  outer loop
    vertex 10.009156797401 24.3764538727165 1.16755333333333
    vertex 10.984473928631 25.6475119047023 -8.45989944764369e-015
    vertex 10.009156797401 24.3764538727165 -7.04991620636974e-015
  endloop
endfacet
facet normal 0.130526192220052 0.99144486137381 -8.96229730305987e-016
  outer loop
    vertex 16.9125646109988 27.2359390157012 1.16755333333332
    vertex 15.3241375 27.4450594120997 -1.05748743095546e-014
    vertex 15.3241375 27.4450594120997 1.16755333333332
  endloop
endfacet
facet normal 0.130526192220052 0.99144486137381 -8.96229730305987e-016
  outer loop
    vertex 15.3241375 27.4450594120997 -1.05748743095546e-014
    vertex 16.9125646109988 27.2359390157012 1.16755333333332
    vertex 16.9125646109988 27.2359390157012 -1.05748743095546e-014
  endloop
endfacet
endsolid Untitled-5f7b4d19
