solid Untitled-5f9c350d
facet normal -0.291787076098334 0.235657112137703 0.92699839682758
  outer loop
    vertex 3.25660797773075e-009 1.14382532251378e-008 8.70021189080059
    vertex -1.25391085742295 1.3179108412804 7.97049105617365
    vertex -1.55228530370065 0.948468107198506 7.97049105676929
  endloop
endfacet
facet normal -0.235657110579294 -0.291787075204544 0.926998397505085
  outer loop
    vertex 3.25660797773075e-009 1.14382532251378e-008 8.70021189080059
    vertex -1.31791082791624 -1.25391084975411 7.97049105959826
    vertex -0.948468093834351 -1.55228529603181 7.9704910598605
  endloop
endfacet
facet normal -0.349978582514837 -0.13486646400319 0.926998397338519
  outer loop
    vertex 3.25660797773075e-009 1.14382532251378e-008 8.70021189080059
    vertex -1.76829968665184 -0.426963233177097 7.97049105866599
    vertex -1.59754011683219 -0.870084450534643 7.97049105919083
  endloop
endfacet
facet normal -0.303147341740868 -0.220852123257946 0.926998397435455
  outer loop
    vertex 3.25660797773075e-009 1.14382532251378e-008 8.70021189080059
    vertex -1.59754011683219 -0.870084450534643 7.97049105919083
    vertex -1.31791082791624 -1.25391084975411 7.97049105959826
  endloop
endfacet
facet normal -0.372959361234793 -0.0396898780202613 0.926998397220876
  outer loop
    vertex 3.25660797773075e-009 1.14382532251378e-008 8.70021189080059
    vertex -1.8185525548855 0.0452548236480437 7.97049105805943
    vertex -1.76829968665184 -0.426963233177097 7.97049105866599
  endloop
endfacet
facet normal -0.370523575808403 0.0581915076426697 0.926998397090539
  outer loop
    vertex 3.25660797773075e-009 1.14382532251378e-008 8.70021189080059
    vertex -1.74487407160983 0.514388839745389 7.97049105741249
    vertex -1.8185525548855 0.0452548236480437 7.97049105805943
  endloop
endfacet
facet normal -0.342837220987197 0.152107238309213 0.926998396956392
  outer loop
    vertex 3.25660797773075e-009 1.14382532251378e-008 8.70021189080059
    vertex -1.55228530370065 0.948468107198506 7.97049105676929
    vertex -1.74487407160983 0.514388839745389 7.97049105741249
  endloop
endfacet
facet normal -0.220852124151736 0.303147343299267 0.926998396712887
  outer loop
    vertex 3.25660797773075e-009 1.14382532251378e-008 8.70021189080059
    vertex -0.870084458203479 1.59754013019635 7.97049105566622
    vertex -1.25391085742295 1.3179108412804 7.97049105617365
  endloop
endfacet
facet normal 0.220852124816436 -0.303147340847064 0.926998397356446
  outer loop
    vertex 1.25391086311826 -1.31791082024739 7.97049105876087
    vertex 3.25660797773075e-009 1.14382532251378e-008 8.70021189080059
    vertex 0.870084463898788 -1.59754010916335 7.97049105926833
  endloop
endfacet
facet normal -0.0581915060840801 -0.370523574914681 0.926998397545601
  outer loop
    vertex 3.25660797773075e-009 1.14382532251378e-008 8.70021189080059
    vertex -0.51438882638122 -1.74487406394099 7.97049105995958
    vertex -0.0452548102838739 -1.81855254721666 7.97049105988882
  endloop
endfacet
facet normal -0.152107236750701 -0.342837220093469 0.926998397542654
  outer loop
    vertex 3.25660797773075e-009 1.14382532251378e-008 8.70021189080059
    vertex -0.948468093834351 -1.55228529603181 7.9704910598605
    vertex -0.51438882638122 -1.74487406394099 7.97049105995958
  endloop
endfacet
facet normal 0.342837221651906 -0.152107235856949 0.92699839711294
  outer loop
    vertex 1.74487407730515 -0.514388818712392 7.97049105752205
    vertex 3.25660797773075e-009 1.14382532251378e-008 8.70021189080059
    vertex 1.55228530939595 -0.948468086165517 7.97049105816523
  endloop
endfacet
facet normal 0.291787076763089 -0.235657109685405 0.926998397241749
  outer loop
    vertex 1.55228530939595 -0.948468086165517 7.97049105816523
    vertex 3.25660797773075e-009 1.14382532251378e-008 8.70021189080059
    vertex 1.25391086311826 -1.31791082024739 7.97049105876087
  endloop
endfacet
facet normal 0.134866465561576 -0.349978581621098 0.926998397449215
  outer loop
    vertex 0.870084463898788 -1.59754010916335 7.97049105926833
    vertex 3.25660797773075e-009 1.14382532251378e-008 8.70021189080059
    vertex 0.426963246541254 -1.76829967898299 7.97049105965307
  endloop
endfacet
facet normal 0.0396898795787309 -0.372959360341042 0.926998397513732
  outer loop
    vertex 0.426963246541254 -1.76829967898299 7.97049105965307
    vertex 3.25660797773075e-009 1.14382532251378e-008 8.70021189080059
    vertex -0.0452548102838739 -1.81855254721666 7.97049105988882
  endloop
endfacet
facet normal -0.134866464896784 0.349978584073333 0.926998396620118
  outer loop
    vertex 3.25660797773075e-009 1.14382532251378e-008 8.70021189080059
    vertex -0.426963240845933 1.768299700016 7.97049105528146
    vertex -0.870084458203479 1.59754013019635 7.97049105566622
  endloop
endfacet
facet normal 0.370523576473123 -0.0581915051903272 0.926998396978792
  outer loop
    vertex 1.81855256058081 -0.0452548026150463 7.97049105687511
    vertex 3.25660797773075e-009 1.14382532251378e-008 8.70021189080059
    vertex 1.74487407730515 -0.514388818712392 7.97049105752205
  endloop
endfacet
facet normal -0.0396898789140148 0.37295936279325 0.926998396555595
  outer loop
    vertex 0.0452548159791953 1.81855256824966 7.97049105504568
    vertex -0.426963240845933 1.768299700016 7.97049105528146
    vertex 3.25660797773075e-009 1.14382532251378e-008 8.70021189080059
  endloop
endfacet
facet normal 0.0581915067488548 0.370523577366864 0.926998396523726
  outer loop
    vertex 0.514388832076555 1.744874084974 7.97049105497495
    vertex 0.0452548159791953 1.81855256824966 7.97049105504568
    vertex 3.25660797773075e-009 1.14382532251378e-008 8.70021189080059
  endloop
endfacet
facet normal 0.303147342405524 0.220852125710182 0.926998396633868
  outer loop
    vertex 1.5975401225275 0.870084471567645 7.97049105574367
    vertex 1.31791083361155 1.25391087078711 7.97049105533624
    vertex 3.25660797773075e-009 1.14382532251378e-008 8.70021189080059
  endloop
endfacet
facet normal 0.372959361899492 0.0396898804724726 0.926998396848455
  outer loop
    vertex 1.81855256058081 -0.0452548026150463 7.97049105687511
    vertex 1.76829969234714 0.426963254210099 7.97049105626854
    vertex 3.25660797773075e-009 1.14382532251378e-008 8.70021189080059
  endloop
endfacet
facet normal 0.152107237415463 0.342837222545647 0.926998396526673
  outer loop
    vertex 0.948468099529658 1.55228531706481 7.97049105507402
    vertex 0.514388832076555 1.744874084974 7.97049105497495
    vertex 3.25660797773075e-009 1.14382532251378e-008 8.70021189080059
  endloop
endfacet
facet normal 0.23565711124387 0.291787077656852 0.926998396564238
  outer loop
    vertex 1.31791083361155 1.25391087078711 7.97049105533624
    vertex 0.948468099529658 1.55228531706481 7.97049105507402
    vertex 3.25660797773075e-009 1.14382532251378e-008 8.70021189080059
  endloop
endfacet
facet normal 0.34997858317956 0.134866466455301 0.926998396730808
  outer loop
    vertex 1.76829969234714 0.426963254210099 7.97049105626854
    vertex 1.5975401225275 0.870084471567645 7.97049105574367
    vertex 3.25660797773075e-009 1.14382532251378e-008 8.70021189080059
  endloop
endfacet
facet normal 0.405548689966786 0.914073443474989 -1.49099541069411e-009
  outer loop
    vertex 0.350080115103304 1.18751746226815 4.7053403908131
    vertex 0.645503556578063 1.05644637885666 -1.628763478152e-009
    vertex 0.350080113282501 1.18751745555102 -1.69620967682249e-009
  endloop
endfacet
facet normal 0.405548689966786 0.914073443474989 -1.49099541069411e-009
  outer loop
    vertex 0.645503556578063 1.05644637885666 -1.628763478152e-009
    vertex 0.350080115103304 1.18751746226815 4.7053403908131
    vertex 0.645503558398866 1.05644638557378 4.70534039088056
  endloop
endfacet
facet normal -0.439383832036875 -0.320104581408306 -0.839330033482661
  outer loop
    vertex -1.0872456658373 -0.592157616819787 4.70534039368236
    vertex -1.31791082894308 -1.25391085355347 5.07847226509123
    vertex -1.59754011785903 -0.870084454334008 5.0784722646838
  endloop
endfacet
facet normal -0.439383832036875 -0.320104581408306 -0.839330033482661
  outer loop
    vertex -1.31791082894308 -1.25391085355347 5.07847226509123
    vertex -1.0872456658373 -0.592157616819787 4.70534039368236
    vertex -0.896936997417051 -0.853380220586271 4.70534039395965
  endloop
endfacet
facet normal -3.5853326267188e-010 -1.32266677104282e-009 -1.0
  outer loop
    vertex -1.187517455551 0.350080113282501 -3.72986604209777e-011
    vertex -1.20346034058586 -0.290580456313132 8.15825237054923e-010
    vertex -1.23766118011494 0.0307992888014888 4.02951631220579e-010
  endloop
endfacet
facet normal -3.5853326267188e-010 -1.32266677104282e-009 -1.0
  outer loop
    vertex -1.20346034058586 -0.290580456313132 8.15825237054923e-010
    vertex -1.187517455551 0.350080113282501 -3.72986604209777e-011
    vertex -1.0872456676581 -0.59215762353691 1.17303291508127e-009
  endloop
endfacet
facet normal -3.5853326267188e-010 -1.32266677104282e-009 -1.0
  outer loop
    vertex -1.0872456676581 -0.59215762353691 1.17303291508127e-009
    vertex -1.187517455551 0.350080113282501 -3.72986604209777e-011
    vertex -1.05644637885663 0.645503556578051 -4.7501038665132e-010
  endloop
endfacet
facet normal -3.5853326267188e-010 -1.32266677104282e-009 -1.0
  outer loop
    vertex -1.0872456676581 -0.59215762353691 1.17303291508127e-009
    vertex -1.05644637885663 0.645503556578051 -4.7501038665132e-010
    vertex -0.896936999237851 -0.853380227303386 1.45031726248135e-009
  endloop
endfacet
facet normal -3.5853326267188e-010 -1.32266677104282e-009 -1.0
  outer loop
    vertex -0.896936999237851 -0.853380227303386 1.45031726248135e-009
    vertex -1.05644637885663 0.645503556578051 -4.7501038665132e-010
    vertex -0.853380227303371 0.896936999237886 -8.80384439767567e-010
  endloop
endfacet
facet normal -3.5853326267188e-010 -1.32266677104282e-009 -1.0
  outer loop
    vertex -0.896936999237851 -0.853380227303386 1.45031726248135e-009
    vertex -0.853380227303371 0.896936999237886 -8.80384439767567e-010
    vertex -0.64550355657802 -1.05644637885664 1.628763478152e-009
  endloop
endfacet
facet normal -3.5853326267188e-010 -1.32266677104282e-009 -1.0
  outer loop
    vertex -0.64550355657802 -1.05644637885664 1.628763478152e-009
    vertex -0.853380227303371 0.896936999237886 -8.80384439767567e-010
    vertex -0.592157623536893 1.08724566765813 -1.22576207113904e-009
  endloop
endfacet
facet normal -3.5853326267188e-010 -1.32266677104282e-009 -1.0
  outer loop
    vertex -0.64550355657802 -1.05644637885664 1.628763478152e-009
    vertex -0.592157623536893 1.08724566765813 -1.22576207113904e-009
    vertex -0.35008011328247 -1.18751745555101 1.69620967682249e-009
  endloop
endfacet
facet normal -3.5853326267188e-010 -1.32266677104282e-009 -1.0
  outer loop
    vertex -0.35008011328247 -1.18751745555101 1.69620967682249e-009
    vertex -0.592157623536893 1.08724566765813 -1.22576207113904e-009
    vertex -0.290580456313119 1.2034603405859 -1.48761592290233e-009
  endloop
endfacet
facet normal -3.5853326267188e-010 -1.32266677104282e-009 -1.0
  outer loop
    vertex -0.35008011328247 -1.18751745555101 1.69620967682249e-009
    vertex -0.290580456313119 1.2034603405859 -1.48761592290233e-009
    vertex -0.030799288801437 -1.23766118011496 1.6480267098018e-009
  endloop
endfacet
facet normal -3.5853326267188e-010 -1.32266677104282e-009 -1.0
  outer loop
    vertex -0.030799288801437 -1.23766118011496 1.6480267098018e-009
    vertex -0.290580456313119 1.2034603405859 -1.48761592290233e-009
    vertex 0.0307992888014804 1.23766118011497 -1.64807648559417e-009
  endloop
endfacet
facet normal -3.5853326267188e-010 -1.32266677104282e-009 -1.0
  outer loop
    vertex -0.030799288801437 -1.23766118011496 1.6480267098018e-009
    vertex 0.0307992888014804 1.23766118011497 -1.64807648559417e-009
    vertex 0.290580456313165 -1.20346034058587 1.48756614710995e-009
  endloop
endfacet
facet normal -3.5853326267188e-010 -1.32266677104282e-009 -1.0
  outer loop
    vertex 0.290580456313165 -1.20346034058587 1.48756614710995e-009
    vertex 0.0307992888014804 1.23766118011497 -1.64807648559417e-009
    vertex 0.350080113282501 1.18751745555102 -1.69620967682249e-009
  endloop
endfacet
facet normal -3.5853326267188e-010 -1.32266677104282e-009 -1.0
  outer loop
    vertex 0.290580456313165 -1.20346034058587 1.48756614710995e-009
    vertex 0.350080113282501 1.18751745555102 -1.69620967682249e-009
    vertex 0.592157623536939 -1.08724566765811 1.22574547920825e-009
  endloop
endfacet
facet normal -3.5853326267188e-010 -1.32266677104282e-009 -1.0
  outer loop
    vertex 0.592157623536939 -1.08724566765811 1.22574547920825e-009
    vertex 0.350080113282501 1.18751745555102 -1.69620967682249e-009
    vertex 0.645503556578063 1.05644637885666 -1.628763478152e-009
  endloop
endfacet
facet normal -3.5853326267188e-010 -1.32266677104282e-009 -1.0
  outer loop
    vertex 0.592157623536939 -1.08724566765811 1.22574547920825e-009
    vertex 0.645503556578063 1.05644637885666 -1.628763478152e-009
    vertex 0.853380227303415 -0.896936999237874 8.80384439767567e-010
  endloop
endfacet
facet normal -3.5853326267188e-010 -1.32266677104282e-009 -1.0
  outer loop
    vertex 0.853380227303415 -0.896936999237874 8.80384439767567e-010
    vertex 0.645503556578063 1.05644637885666 -1.628763478152e-009
    vertex 0.896936999237895 0.853380227303402 -1.45031726248135e-009
  endloop
endfacet
facet normal -3.5853326267188e-010 -1.32266677104282e-009 -1.0
  outer loop
    vertex 0.853380227303415 -0.896936999237874 8.80384439767567e-010
    vertex 0.896936999237895 0.853380227303402 -1.45031726248135e-009
    vertex 1.05644637885668 -0.645503556578034 4.7501038665132e-010
  endloop
endfacet
facet normal -3.5853326267188e-010 -1.32266677104282e-009 -1.0
  outer loop
    vertex 1.05644637885668 -0.645503556578034 4.7501038665132e-010
    vertex 0.896936999237895 0.853380227303402 -1.45031726248135e-009
    vertex 1.08724566765813 0.592157623536922 -1.17303291508127e-009
  endloop
endfacet
facet normal -3.5853326267188e-010 -1.32266677104282e-009 -1.0
  outer loop
    vertex 1.05644637885668 -0.645503556578034 4.7501038665132e-010
    vertex 1.08724566765813 0.592157623536922 -1.17303291508127e-009
    vertex 1.18751745555104 -0.350080113282472 3.72488846286007e-011
  endloop
endfacet
facet normal -3.5853326267188e-010 -1.32266677104282e-009 -1.0
  outer loop
    vertex 1.18751745555104 -0.350080113282472 3.72488846286007e-011
    vertex 1.08724566765813 0.592157623536922 -1.17303291508127e-009
    vertex 1.2034603405859 0.290580456313157 -8.15825237054923e-010
  endloop
endfacet
facet normal -3.5853326267188e-010 -1.32266677104282e-009 -1.0
  outer loop
    vertex 1.18751745555104 -0.350080113282472 3.72488846286007e-011
    vertex 1.2034603405859 0.290580456313157 -8.15825237054923e-010
    vertex 1.23766118011499 -0.0307992888014515 -4.03017998943748e-010
  endloop
endfacet
facet normal -0.914073443474991 0.405548689966782 -2.29723204596233e-010
  outer loop
    vertex -1.18751745373018 0.350080119999616 4.70534039247201
    vertex -1.05644637885663 0.645503556578051 -4.7501038665132e-010
    vertex -1.187517455551 0.350080113282501 -3.72986604209777e-011
  endloop
endfacet
facet normal -0.914073443474991 0.405548689966782 -2.29723204596233e-010
  outer loop
    vertex -1.05644637885663 0.645503556578051 -4.7501038665132e-010
    vertex -1.18751745373018 0.350080119999616 4.70534039247201
    vertex -1.05644637703583 0.645503563295178 4.70534039203432
  endloop
endfacet
facet normal 0.933113759160539 0.359581301606865 -8.91853869331849e-010
  outer loop
    vertex 1.08724566765813 0.592157623536922 -1.17303291508127e-009
    vertex 1.2034603424067 0.290580463030271 4.7053403916935
    vertex 1.2034603405859 0.290580456313157 -8.15825237054923e-010
  endloop
endfacet
facet normal 0.933113759160539 0.359581301606865 -8.91853869331849e-010
  outer loop
    vertex 1.2034603424067 0.290580463030271 4.7053403916935
    vertex 1.08724566765813 0.592157623536922 -1.17303291508127e-009
    vertex 1.08724566947894 0.592157630254053 4.7053403913363
  endloop
endfacet
facet normal -0.405548689966786 -0.914073443474989 1.49099599384363e-009
  outer loop
    vertex -0.35008011328247 -1.18751745555101 1.69620967682249e-009
    vertex -0.645503554757217 -1.05644637213951 4.70534039413809
    vertex -0.64550355657802 -1.05644637885664 1.628763478152e-009
  endloop
endfacet
facet normal -0.405548689966786 -0.914073443474989 1.49099599384363e-009
  outer loop
    vertex -0.645503554757217 -1.05644637213951 4.70534039413809
    vertex -0.35008011328247 -1.18751745555101 1.69620967682249e-009
    vertex -0.350080111461655 -1.18751744883388 4.70534039420554
  endloop
endfacet
facet normal -0.220465270418618 -0.496910615319301 -0.839330033373189
  outer loop
    vertex -0.645503554757217 -1.05644637213951 4.70534039413809
    vertex -0.514388827408057 -1.74487406774036 5.07847226545255
    vertex -0.948468094861188 -1.55228529983117 5.07847226535347
  endloop
endfacet
facet normal -0.220465270418618 -0.496910615319301 -0.839330033373189
  outer loop
    vertex -0.514388827408057 -1.74487406774036 5.07847226545255
    vertex -0.645503554757217 -1.05644637213951 4.70534039413809
    vertex -0.350080111461655 -1.18751744883388 4.70534039420554
  endloop
endfacet
facet normal 0.220465270089222 0.496910613713161 -0.839330034410598
  outer loop
    vertex 0.514388831049718 1.74487408117463 5.07847226046792
    vertex 0.645503558398866 1.05644638557378 4.70534039088056
    vertex 0.350080115103304 1.18751746226815 4.7053403908131
  endloop
endfacet
facet normal 0.220465270089222 0.496910613713161 -0.839330034410598
  outer loop
    vertex 0.645503558398866 1.05644638557378 4.70534039088056
    vertex 0.514388831049718 1.74487408117463 5.07847226046792
    vertex 0.948468098502836 1.55228531326545 5.07847226056699
  endloop
endfacet
facet normal -0.987890870857253 0.155150337662856 1.64002449622232e-010
  outer loop
    vertex -1.23766117829414 0.0307992955186035 4.70534039291233
    vertex -1.187517455551 0.350080113282501 -3.72986604209777e-011
    vertex -1.23766118011494 0.0307992888014888 4.02951631220579e-010
  endloop
endfacet
facet normal -0.987890870857253 0.155150337662856 1.64002449622232e-010
  outer loop
    vertex -1.187517455551 0.350080113282501 -3.72986604209777e-011
    vertex -1.23766117829414 0.0307992955186035 4.70534039291233
    vertex -1.18751745373018 0.350080119999616 4.70534039247201
  endloop
endfacet
facet normal -0.359581301606861 0.933113759160541 -1.21673171691094e-009
  outer loop
    vertex -0.592157623536893 1.08724566765813 -1.22576207113904e-009
    vertex -0.290580454492317 1.20346034730302 4.7053403910217
    vertex -0.290580456313119 1.2034603405859 -1.48761592290233e-009
  endloop
endfacet
facet normal -0.359581301606861 0.933113759160541 -1.21673171691094e-009
  outer loop
    vertex -0.290580454492317 1.20346034730302 4.7053403910217
    vertex -0.592157623536893 1.08724566765813 -1.22576207113904e-009
    vertex -0.592157621716091 1.08724567437526 4.70534039128358
  endloop
endfacet
facet normal -0.0575267829004302 0.540569849913045 -0.839330034381062
  outer loop
    vertex 0.0452548149523577 1.8185525644503 5.07847226053866
    vertex -0.290580454492317 1.20346034730302 4.7053403910217
    vertex -0.42696324187277 1.76829969621663 5.07847226077443
  endloop
endfacet
facet normal -0.0575267829004302 0.540569849913045 -0.839330034381062
  outer loop
    vertex -0.290580454492317 1.20346034730302 4.7053403910217
    vertex 0.0452548149523577 1.8185525644503 5.07847226053866
    vertex 0.030799290622283 1.2376611868321 4.70534039086129
  endloop
endfacet
facet normal 0.588836477990665 -0.808252189720232 9.44444206543819e-010
  outer loop
    vertex 0.853380229124217 -0.896936992520734 4.70534039338971
    vertex 0.592157623536939 -1.08724566765811 1.22574547920825e-009
    vertex 0.853380227303415 -0.896936999237874 8.80384439767567e-010
  endloop
endfacet
facet normal 0.588836477990665 -0.808252189720232 9.44444206543819e-010
  outer loop
    vertex 0.592157623536939 -1.08724566765811 1.22574547920825e-009
    vertex 0.853380229124217 -0.896936992520734 4.70534039338971
    vertex 0.592157625357739 -1.08724566094098 4.70534039373507
  endloop
endfacet
facet normal 0.540569850529692 0.0575267814689077 -0.839330034082026
  outer loop
    vertex 1.76829969132032 0.426963250410733 5.07847226176151
    vertex 1.23766118193579 -0.0307992820843287 4.70534039210631
    vertex 1.2034603424067 0.290580463030271 4.7053403916935
  endloop
endfacet
facet normal 0.540569850529692 0.0575267814689077 -0.839330034082026
  outer loop
    vertex 1.23766118193579 -0.0307992820843287 4.70534039210631
    vertex 1.76829969132032 0.426963250410733 5.07847226176151
    vertex 1.81855255955398 -0.0452548064144118 5.07847226236808
  endloop
endfacet
facet normal -0.0843431678362214 -0.537039407420132 -0.839330033370178
  outer loop
    vertex -0.350080111461655 -1.18751744883388 4.70534039420554
    vertex -0.0452548113107112 -1.81855255101602 5.07847226538179
    vertex -0.514388827408057 -1.74487406774036 5.07847226545255
  endloop
endfacet
facet normal -0.0843431678362214 -0.537039407420132 -0.839330033370178
  outer loop
    vertex -0.0452548113107112 -1.81855255101602 5.07847226538179
    vertex -0.350080111461655 -1.18751744883388 4.70534039420554
    vertex -0.0307992869806344 -1.23766117339782 4.70534039415736
  endloop
endfacet
facet normal -0.195476377954916 0.507261351926326 -0.839330034315169
  outer loop
    vertex -0.42696324187277 1.76829969621663 5.07847226077443
    vertex -0.592157621716091 1.08724567437526 4.70534039128358
    vertex -0.870084459230317 1.59754012639699 5.07847226115919
  endloop
endfacet
facet normal -0.195476377954916 0.507261351926326 -0.839330034315169
  outer loop
    vertex -0.592157621716091 1.08724567437526 4.70534039128358
    vertex -0.42696324187277 1.76829969621663 5.07847226077443
    vertex -0.290580454492317 1.20346034730302 4.7053403910217
  endloop
endfacet
facet normal 0.195476377155803 -0.50726135363503 -0.839330033468598
  outer loop
    vertex 0.592157625357739 -1.08724566094098 4.70534039373507
    vertex 0.426963245514417 -1.76829968278235 5.07847226514604
    vertex 0.290580458133965 -1.20346033386874 4.70534039399693
  endloop
endfacet
facet normal 0.195476377155803 -0.50726135363503 -0.839330033468598
  outer loop
    vertex 0.426963245514417 -1.76829968278235 5.07847226514604
    vertex 0.592157625357739 -1.08724566094098 4.70534039373507
    vertex 0.870084462871963 -1.59754011296271 5.0784722647613
  endloop
endfacet
facet normal 0.0575267822316189 -0.540569851503266 -0.839330033402721
  outer loop
    vertex -0.0307992869806344 -1.23766117339782 4.70534039415736
    vertex 0.426963245514417 -1.76829968278235 5.07847226514604
    vertex -0.0452548113107112 -1.81855255101602 5.07847226538179
  endloop
endfacet
facet normal 0.0575267822316189 -0.540569851503266 -0.839330033402721
  outer loop
    vertex 0.426963245514417 -1.76829968278235 5.07847226514604
    vertex -0.0307992869806344 -1.23766117339782 4.70534039415736
    vertex 0.290580458133965 -1.20346033386874 4.70534039399693
  endloop
endfacet
facet normal 0.994385167957452 0.105821253754763 -5.46551343758736e-010
  outer loop
    vertex 1.2034603405859 0.290580456313157 -8.15825237054923e-010
    vertex 1.23766118193579 -0.0307992820843287 4.70534039210631
    vertex 1.23766118011499 -0.0307992888014515 -4.03017998943748e-010
  endloop
endfacet
facet normal 0.994385167957452 0.105821253754763 -5.46551343758736e-010
  outer loop
    vertex 1.23766118193579 -0.0307992820843287 4.70534039210631
    vertex 1.2034603405859 0.290580456313157 -8.15825237054923e-010
    vertex 1.2034603424067 0.290580463030271 4.7053403916935
  endloop
endfacet
facet normal 0.422918184785533 -0.341563030112607 -0.839330033680437
  outer loop
    vertex 1.05644638067746 -0.64550354986092 4.70534039298432
    vertex 1.25391086209143 -1.31791082404676 5.07847226425384
    vertex 0.853380229124217 -0.896936992520734 4.70534039338971
  endloop
endfacet
facet normal 0.422918184785533 -0.341563030112607 -0.839330033680437
  outer loop
    vertex 1.25391086209143 -1.31791082404676 5.07847226425384
    vertex 1.05644638067746 -0.64550354986092 4.70534039298432
    vertex 1.55228530836913 -0.948468089964882 5.0784722636582
  endloop
endfacet
facet normal -0.422918185600488 0.341563028064325 -0.839330034103344
  outer loop
    vertex -1.25391085844978 1.31791083748103 5.07847226166662
    vertex -1.05644637703583 0.645503563295178 4.70534039203432
    vertex -1.55228530472748 0.948468103399141 5.07847226226226
  endloop
endfacet
facet normal -0.422918185600488 0.341563028064325 -0.839330034103344
  outer loop
    vertex -1.05644637703583 0.645503563295178 4.70534039203432
    vertex -1.25391085844978 1.31791083748103 5.07847226166662
    vertex -0.853380225482569 0.896937005955017 4.70534039162893
  endloop
endfacet
facet normal -0.496910614864474 0.220465269164779 -0.839330033971806
  outer loop
    vertex -1.55228530472748 0.948468103399141 5.07847226226226
    vertex -1.18751745373018 0.350080119999616 4.70534039247201
    vertex -1.74487407263666 0.514388835946024 5.07847226290546
  endloop
endfacet
facet normal -0.496910614864474 0.220465269164779 -0.839330033971806
  outer loop
    vertex -1.18751745373018 0.350080119999616 4.70534039247201
    vertex -1.55228530472748 0.948468103399141 5.07847226226226
    vertex -1.05644637703583 0.645503563295178 4.70534039203432
  endloop
endfacet
facet normal -0.155150337662854 -0.987890870857253 1.49964829197918e-009
  outer loop
    vertex -0.0307992869806344 -1.23766117339782 4.70534039415736
    vertex -0.35008011328247 -1.18751745555101 1.69620967682249e-009
    vertex -0.030799288801437 -1.23766118011496 1.6480267098018e-009
  endloop
endfacet
facet normal -0.155150337662854 -0.987890870857253 1.49964829197918e-009
  outer loop
    vertex -0.35008011328247 -1.18751745555101 1.69620967682249e-009
    vertex -0.0307992869806344 -1.23766117339782 4.70534039415736
    vertex -0.350080111461655 -1.18751744883388 4.70534039420554
  endloop
endfacet
facet normal 0.628309569250388 0.777963421497689 -1.38073423711346e-009
  outer loop
    vertex 0.645503558398866 1.05644638557378 4.70534039088056
    vertex 0.896936999237895 0.853380227303402 -1.45031726248135e-009
    vertex 0.645503556578063 1.05644637885666 -1.628763478152e-009
  endloop
endfacet
facet normal 0.628309569250388 0.777963421497689 -1.38073423711346e-009
  outer loop
    vertex 0.896936999237895 0.853380227303402 -1.45031726248135e-009
    vertex 0.645503558398866 1.05644638557378 4.70534039088056
    vertex 0.896937001058697 0.853380234020517 4.70534039105901
  endloop
endfacet
facet normal -0.540569850886627 -0.0575267836631433 -0.839330033701752
  outer loop
    vertex -1.23766117829414 0.0307992955186035 4.70534039291233
    vertex -1.76829968767867 -0.426963236976463 5.07847226415897
    vertex -1.81855255591233 0.0452548198486782 5.0784722635524
  endloop
endfacet
facet normal -0.540569850886627 -0.0575267836631433 -0.839330033701752
  outer loop
    vertex -1.76829968767867 -0.426963236976463 5.07847226415897
    vertex -1.23766117829414 0.0307992955186035 4.70534039291233
    vertex -1.20346033876506 -0.290580449596005 4.70534039332515
  endloop
endfacet
facet normal -0.320104580880408 0.439383831012105 -0.839330034220452
  outer loop
    vertex -0.870084459230317 1.59754012639699 5.07847226115919
    vertex -0.853380225482569 0.896937005955017 4.70534039162893
    vertex -1.25391085844978 1.31791083748103 5.07847226166662
  endloop
endfacet
facet normal -0.320104580880408 0.439383831012105 -0.839330034220452
  outer loop
    vertex -0.853380225482569 0.896937005955017 4.70534039162893
    vertex -0.870084459230317 1.59754012639699 5.07847226115919
    vertex -0.592157621716091 1.08724567437526 4.70534039128358
  endloop
endfacet
facet normal 0.987890870857254 -0.155150337662847 -1.64002272044902e-010
  outer loop
    vertex 1.23766118011499 -0.0307992888014515 -4.03017998943748e-010
    vertex 1.18751745737183 -0.350080106565341 4.70534039254661
    vertex 1.18751745555104 -0.350080113282472 3.72488846286007e-011
  endloop
endfacet
facet normal 0.987890870857254 -0.155150337662847 -1.64002272044902e-010
  outer loop
    vertex 1.18751745737183 -0.350080106565341 4.70534039254661
    vertex 1.23766118011499 -0.0307992888014515 -4.03017998943748e-010
    vertex 1.23766118193579 -0.0307992820843287 4.70534039210631
  endloop
endfacet
facet normal -0.341563029193865 -0.422918186061169 -0.839330033411554
  outer loop
    vertex -0.896936997417051 -0.853380220586271 4.70534039395965
    vertex -0.948468094861188 -1.55228529983117 5.07847226535347
    vertex -1.31791082894308 -1.25391085355347 5.07847226509123
  endloop
endfacet
facet normal -0.341563029193865 -0.422918186061169 -0.839330033411554
  outer loop
    vertex -0.948468094861188 -1.55228529983117 5.07847226535347
    vertex -0.896936997417051 -0.853380220586271 4.70534039395965
    vertex -0.645503554757217 -1.05644637213951 4.70534039413809
  endloop
endfacet
facet normal 0.32010458002802 -0.439383832888372 -0.839330033563323
  outer loop
    vertex 0.853380229124217 -0.896936992520734 4.70534039338971
    vertex 0.870084462871963 -1.59754011296271 5.0784722647613
    vertex 0.592157625357739 -1.08724566094098 4.70534039373507
  endloop
endfacet
facet normal 0.32010458002802 -0.439383832888372 -0.839330033563323
  outer loop
    vertex 0.870084462871963 -1.59754011296271 5.0784722647613
    vertex 0.853380229124217 -0.896936992520734 4.70534039338971
    vertex 1.25391086209143 -1.31791082404676 5.07847226425384
  endloop
endfacet
facet normal 0.341563028983021 0.422918184324845 -0.839330034372249
  outer loop
    vertex 0.948468098502836 1.55228531326545 5.07847226056699
    vertex 0.896937001058697 0.853380234020517 4.70534039105901
    vertex 0.645503558398866 1.05644638557378 4.70534039088056
  endloop
endfacet
facet normal 0.341563028983021 0.422918184324845 -0.839330034372249
  outer loop
    vertex 0.896937001058697 0.853380234020517 4.70534039105901
    vertex 0.948468098502836 1.55228531326545 5.07847226056699
    vertex 1.31791083258473 1.25391086698775 5.07847226082921
  endloop
endfacet
facet normal 0.439383831863534 0.320104579500138 -0.839330034301143
  outer loop
    vertex 1.31791083258473 1.25391086698775 5.07847226082921
    vertex 1.08724566947894 0.592157630254053 4.7053403913363
    vertex 0.896937001058697 0.853380234020517 4.70534039105901
  endloop
endfacet
facet normal 0.439383831863534 0.320104579500138 -0.839330034301143
  outer loop
    vertex 1.08724566947894 0.592157630254053 4.7053403913363
    vertex 1.31791083258473 1.25391086698775 5.07847226082921
    vertex 1.59754012150067 0.870084467768279 5.07847226123665
  endloop
endfacet
facet normal -0.808252189720232 -0.588836477990664 1.17637867472328e-009
  outer loop
    vertex -0.896936997417051 -0.853380220586271 4.70534039395965
    vertex -1.0872456676581 -0.59215762353691 1.17303291508127e-009
    vertex -0.896936999237851 -0.853380227303386 1.45031726248135e-009
  endloop
endfacet
facet normal -0.808252189720232 -0.588836477990664 1.17637867472328e-009
  outer loop
    vertex -1.0872456676581 -0.59215762353691 1.17303291508127e-009
    vertex -0.896936997417051 -0.853380220586271 4.70534039395965
    vertex -1.0872456658373 -0.592157616819787 4.70534039368236
  endloop
endfacet
facet normal 0.359581301606862 -0.93311375916054 1.21673229242892e-009
  outer loop
    vertex 0.592157625357739 -1.08724566094098 4.70534039373507
    vertex 0.290580456313165 -1.20346034058587 1.48756614710995e-009
    vertex 0.592157623536939 -1.08724566765811 1.22574547920825e-009
  endloop
endfacet
facet normal 0.359581301606862 -0.93311375916054 1.21673229242892e-009
  outer loop
    vertex 0.290580456313165 -1.20346034058587 1.48756614710995e-009
    vertex 0.592157625357739 -1.08724566094098 4.70534039373507
    vertex 0.290580458133965 -1.20346033386874 4.70534039399693
  endloop
endfacet
facet normal -0.507261352894099 -0.195476378593157 -0.839330033581637
  outer loop
    vertex -1.20346033876506 -0.290580449596005 4.70534039332515
    vertex -1.59754011785903 -0.870084454334008 5.0784722646838
    vertex -1.76829968767867 -0.426963236976463 5.07847226415897
  endloop
endfacet
facet normal -0.507261352894099 -0.195476378593157 -0.839330033581637
  outer loop
    vertex -1.59754011785903 -0.870084454334008 5.0784722646838
    vertex -1.20346033876506 -0.290580449596005 4.70534039332515
    vertex -1.0872456658373 -0.592157616819787 4.70534039368236
  endloop
endfacet
facet normal 0.808252189720232 0.588836477990664 -1.17637819324598e-009
  outer loop
    vertex 0.896936999237895 0.853380227303402 -1.45031726248135e-009
    vertex 1.08724566947894 0.592157630254053 4.7053403913363
    vertex 1.08724566765813 0.592157623536922 -1.17303291508127e-009
  endloop
endfacet
facet normal 0.808252189720232 0.588836477990664 -1.17637819324598e-009
  outer loop
    vertex 1.08724566947894 0.592157630254053 4.7053403913363
    vertex 0.896936999237895 0.853380227303402 -1.45031726248135e-009
    vertex 0.896937001058697 0.853380234020517 4.70534039105901
  endloop
endfacet
facet normal 0.496910614168007 -0.220465271343064 -0.83933003381197
  outer loop
    vertex 1.18751745737183 -0.350080106565341 4.70534039254661
    vertex 1.55228530836913 -0.948468089964882 5.0784722636582
    vertex 1.05644638067746 -0.64550354986092 4.70534039298432
  endloop
endfacet
facet normal 0.496910614168007 -0.220465271343064 -0.83933003381197
  outer loop
    vertex 1.55228530836913 -0.948468089964882 5.0784722636582
    vertex 1.18751745737183 -0.350080106565341 4.70534039254661
    vertex 1.74487407627833 -0.514388822511757 5.07847226301502
  endloop
endfacet
facet normal -0.994385167957452 -0.105821253754762 5.46551402207659e-010
  outer loop
    vertex -1.20346033876506 -0.290580449596005 4.70534039332515
    vertex -1.23766118011494 0.0307992888014888 4.02951631220579e-010
    vertex -1.20346034058586 -0.290580456313132 8.15825237054923e-010
  endloop
endfacet
facet normal -0.994385167957452 -0.105821253754762 5.46551402207659e-010
  outer loop
    vertex -1.23766118011494 0.0307992888014888 4.02951631220579e-010
    vertex -1.20346033876506 -0.290580449596005 4.70534039332515
    vertex -1.23766117829414 0.0307992955186035 4.70534039291233
  endloop
endfacet
facet normal 0.914073443474986 -0.405548689966793 2.29723452119274e-010
  outer loop
    vertex 1.18751745555104 -0.350080113282472 3.72488846286007e-011
    vertex 1.05644638067746 -0.64550354986092 4.70534039298432
    vertex 1.05644637885668 -0.645503556578034 4.7501038665132e-010
  endloop
endfacet
facet normal 0.914073443474986 -0.405548689966793 2.29723452119274e-010
  outer loop
    vertex 1.05644638067746 -0.64550354986092 4.70534039298432
    vertex 1.18751745555104 -0.350080113282472 3.72488846286007e-011
    vertex 1.18751745737183 -0.350080106565341 4.70534039254661
  endloop
endfacet
facet normal 0.105821253754768 -0.994385167957451 1.40610206413788e-009
  outer loop
    vertex 0.290580458133965 -1.20346033386874 4.70534039399693
    vertex -0.030799288801437 -1.23766118011496 1.6480267098018e-009
    vertex 0.290580456313165 -1.20346034058587 1.48756614710995e-009
  endloop
endfacet
facet normal 0.105821253754768 -0.994385167957451 1.40610206413788e-009
  outer loop
    vertex -0.030799288801437 -1.23766118011496 1.6480267098018e-009
    vertex 0.290580458133965 -1.20346033386874 4.70534039399693
    vertex -0.0307992869806344 -1.23766117339782 4.70534039415736
  endloop
endfacet
facet normal -0.588836477990665 0.808252189720231 -9.44443723025732e-010
  outer loop
    vertex -0.853380227303371 0.896936999237886 -8.80384439767567e-010
    vertex -0.592157621716091 1.08724567437526 4.70534039128358
    vertex -0.592157623536893 1.08724566765813 -1.22576207113904e-009
  endloop
endfacet
facet normal -0.588836477990665 0.808252189720231 -9.44443723025732e-010
  outer loop
    vertex -0.592157621716091 1.08724567437526 4.70534039128358
    vertex -0.853380227303371 0.896936999237886 -8.80384439767567e-010
    vertex -0.853380225482569 0.896937005955017 4.70534039162893
  endloop
endfacet
facet normal 0.537039406379364 -0.0843431687035895 -0.839330033948946
  outer loop
    vertex 1.23766118193579 -0.0307992820843287 4.70534039210631
    vertex 1.74487407627833 -0.514388822511757 5.07847226301502
    vertex 1.18751745737183 -0.350080106565341 4.70534039254661
  endloop
endfacet
facet normal 0.537039406379364 -0.0843431687035895 -0.839330033948946
  outer loop
    vertex 1.74487407627833 -0.514388822511757 5.07847226301502
    vertex 1.23766118193579 -0.0307992820843287 4.70534039210631
    vertex 1.81855255955398 -0.0452548064144118 5.07847226236808
  endloop
endfacet
facet normal -0.933113759160539 -0.359581301606867 8.91854107268151e-010
  outer loop
    vertex -1.0872456658373 -0.592157616819787 4.70534039368236
    vertex -1.20346034058586 -0.290580456313132 8.15825237054923e-010
    vertex -1.0872456676581 -0.59215762353691 1.17303291508127e-009
  endloop
endfacet
facet normal -0.933113759160539 -0.359581301606867 8.91854107268151e-010
  outer loop
    vertex -1.20346034058586 -0.290580456313132 8.15825237054923e-010
    vertex -1.0872456658373 -0.592157616819787 4.70534039368236
    vertex -1.20346033876506 -0.290580449596005 4.70534039332515
  endloop
endfacet
facet normal 0.155150337662854 0.987890870857253 -1.49964768227831e-009
  outer loop
    vertex 0.0307992888014804 1.23766118011497 -1.64807648559417e-009
    vertex 0.350080115103304 1.18751746226815 4.7053403908131
    vertex 0.350080113282501 1.18751745555102 -1.69620967682249e-009
  endloop
endfacet
facet normal 0.155150337662854 0.987890870857253 -1.49964768227831e-009
  outer loop
    vertex 0.350080115103304 1.18751746226815 4.7053403908131
    vertex 0.0307992888014804 1.23766118011497 -1.64807648559417e-009
    vertex 0.030799290622283 1.2376611868321 4.70534039086129
  endloop
endfacet
facet normal -0.105821253754768 0.994385167957451 -1.40610145544381e-009
  outer loop
    vertex -0.290580456313119 1.2034603405859 -1.48761592290233e-009
    vertex 0.030799290622283 1.2376611868321 4.70534039086129
    vertex 0.0307992888014804 1.23766118011497 -1.64807648559417e-009
  endloop
endfacet
facet normal -0.105821253754768 0.994385167957451 -1.40610145544381e-009
  outer loop
    vertex 0.030799290622283 1.2376611868321 4.70534039086129
    vertex -0.290580456313119 1.2034603405859 -1.48761592290233e-009
    vertex -0.290580454492317 1.20346034730302 4.7053403910217
  endloop
endfacet
facet normal 0.507261352667259 0.19547637651745 -0.839330034202155
  outer loop
    vertex 1.59754012150067 0.870084467768279 5.07847226123665
    vertex 1.2034603424067 0.290580463030271 4.7053403916935
    vertex 1.08724566947894 0.592157630254053 4.7053403913363
  endloop
endfacet
facet normal 0.507261352667259 0.19547637651745 -0.839330034202155
  outer loop
    vertex 1.2034603424067 0.290580463030271 4.7053403916935
    vertex 1.59754012150067 0.870084467768279 5.07847226123665
    vertex 1.76829969132032 0.426963250410733 5.07847226176151
  endloop
endfacet
facet normal -0.537039406908237 0.0843431664717542 -0.839330033834824
  outer loop
    vertex -1.74487407263666 0.514388835946024 5.07847226290546
    vertex -1.23766117829414 0.0307992955186035 4.70534039291233
    vertex -1.81855255591233 0.0452548198486782 5.0784722635524
  endloop
endfacet
facet normal -0.537039406908237 0.0843431664717542 -0.839330033834824
  outer loop
    vertex -1.23766117829414 0.0307992955186035 4.70534039291233
    vertex -1.74487407263666 0.514388835946024 5.07847226290546
    vertex -1.18751745373018 0.350080119999616 4.70534039247201
  endloop
endfacet
facet normal 0.777963421497691 -0.628309569250386 6.07793962872563e-010
  outer loop
    vertex 1.05644637885668 -0.645503556578034 4.7501038665132e-010
    vertex 0.853380229124217 -0.896936992520734 4.70534039338971
    vertex 0.853380227303415 -0.896936999237874 8.80384439767567e-010
  endloop
endfacet
facet normal 0.777963421497691 -0.628309569250386 6.07793962872563e-010
  outer loop
    vertex 0.853380229124217 -0.896936992520734 4.70534039338971
    vertex 1.05644637885668 -0.645503556578034 4.7501038665132e-010
    vertex 1.05644638067746 -0.64550354986092 4.70534039298432
  endloop
endfacet
facet normal 0.0843431673391654 0.537039405867439 -0.839330034413607
  outer loop
    vertex 0.0452548149523577 1.8185525644503 5.07847226053866
    vertex 0.350080115103304 1.18751746226815 4.7053403908131
    vertex 0.030799290622283 1.2376611868321 4.70534039086129
  endloop
endfacet
facet normal 0.0843431673391654 0.537039405867439 -0.839330034413607
  outer loop
    vertex 0.350080115103304 1.18751746226815 4.7053403908131
    vertex 0.0452548149523577 1.8185525644503 5.07847226053866
    vertex 0.514388831049718 1.74487408117463 5.07847226046792
  endloop
endfacet
facet normal -0.777963421497692 0.628309569250385 -6.07793582050146e-010
  outer loop
    vertex -1.05644637703583 0.645503563295178 4.70534039203432
    vertex -0.853380227303371 0.896936999237886 -8.80384439767567e-010
    vertex -1.05644637885663 0.645503556578051 -4.7501038665132e-010
  endloop
endfacet
facet normal -0.777963421497692 0.628309569250385 -6.07793582050146e-010
  outer loop
    vertex -0.853380227303371 0.896936999237886 -8.80384439767567e-010
    vertex -1.05644637703583 0.645503563295178 4.70534039203432
    vertex -0.853380225482569 0.896937005955017 4.70534039162893
  endloop
endfacet
facet normal -0.628309569250387 -0.77796342149769 1.38073475656807e-009
  outer loop
    vertex -0.64550355657802 -1.05644637885664 1.628763478152e-009
    vertex -0.896936997417051 -0.853380220586271 4.70534039395965
    vertex -0.896936999237851 -0.853380227303386 1.45031726248135e-009
  endloop
endfacet
facet normal -0.628309569250387 -0.77796342149769 1.38073475656807e-009
  outer loop
    vertex -0.896936997417051 -0.853380220586271 4.70534039395965
    vertex -0.64550355657802 -1.05644637885664 1.628763478152e-009
    vertex -0.645503554757217 -1.05644637213951 4.70534039413809
  endloop
endfacet
facet normal 0.933113759160539 0.359581301606867 -8.03211775656955e-010
  outer loop
    vertex 1.59754012150067 0.870084467768279 5.07847226123665
    vertex 1.76829969234714 0.426963254210099 7.97049105626854
    vertex 1.76829969132032 0.426963250410733 5.07847226176151
  endloop
endfacet
facet normal 0.933113759160539 0.359581301606867 -8.03211775656955e-010
  outer loop
    vertex 1.76829969234714 0.426963254210099 7.97049105626854
    vertex 1.59754012150067 0.870084467768279 5.07847226123665
    vertex 1.5975401225275 0.870084471567645 7.97049105574367
  endloop
endfacet
facet normal -0.777963421497693 0.628309569250383 -5.48992405969581e-010
  outer loop
    vertex -1.55228530370065 0.948468107198506 7.97049105676929
    vertex -1.25391085844978 1.31791083748103 5.07847226166662
    vertex -1.55228530472748 0.948468103399141 5.07847226226226
  endloop
endfacet
facet normal -0.777963421497693 0.628309569250383 -5.48992405969581e-010
  outer loop
    vertex -1.25391085844978 1.31791083748103 5.07847226166662
    vertex -1.55228530370065 0.948468107198506 7.97049105676929
    vertex -1.25391085742295 1.3179108412804 7.97049105617365
  endloop
endfacet
facet normal -0.105821253754771 0.994385167957451 -1.26814427116057e-009
  outer loop
    vertex -0.42696324187277 1.76829969621663 5.07847226077443
    vertex 0.0452548159791953 1.81855256824966 7.97049105504568
    vertex 0.0452548149523577 1.8185525644503 5.07847226053866
  endloop
endfacet
facet normal -0.105821253754771 0.994385167957451 -1.26814427116057e-009
  outer loop
    vertex 0.0452548159791953 1.81855256824966 7.97049105504568
    vertex -0.42696324187277 1.76829969621663 5.07847226077443
    vertex -0.426963240845933 1.768299700016 7.97049105528146
  endloop
endfacet
facet normal 0.359581301606858 -0.933113759160542 1.09765921460506e-009
  outer loop
    vertex 0.870084463898788 -1.59754010916335 7.97049105926833
    vertex 0.426963245514417 -1.76829968278235 5.07847226514604
    vertex 0.870084462871963 -1.59754011296271 5.0784722647613
  endloop
endfacet
facet normal 0.359581301606858 -0.933113759160542 1.09765921460506e-009
  outer loop
    vertex 0.426963245514417 -1.76829968278235 5.07847226514604
    vertex 0.870084463898788 -1.59754010916335 7.97049105926833
    vertex 0.426963246541254 -1.76829967898299 7.97049105965307
  endloop
endfacet
facet normal -0.933113759160537 -0.35958130160687 8.03215622307883e-010
  outer loop
    vertex -1.59754011683219 -0.870084450534643 7.97049105919083
    vertex -1.76829968767867 -0.426963236976463 5.07847226415897
    vertex -1.59754011785903 -0.870084454334008 5.0784722646838
  endloop
endfacet
facet normal -0.933113759160537 -0.35958130160687 8.03215622307883e-010
  outer loop
    vertex -1.76829968767867 -0.426963236976463 5.07847226415897
    vertex -1.59754011683219 -0.870084450534643 7.97049105919083
    vertex -1.76829968665184 -0.426963233177097 7.97049105866599
  endloop
endfacet
facet normal 0.628309569250387 0.777963421497691 -1.2444318342482e-009
  outer loop
    vertex 0.948468099529658 1.55228531706481 7.97049105507402
    vertex 1.31791083258473 1.25391086698775 5.07847226082921
    vertex 0.948468098502836 1.55228531326545 5.07847226056699
  endloop
endfacet
facet normal 0.628309569250387 0.777963421497691 -1.2444318342482e-009
  outer loop
    vertex 1.31791083258473 1.25391086698775 5.07847226082921
    vertex 0.948468099529658 1.55228531706481 7.97049105507402
    vertex 1.31791083361155 1.25391087078711 7.97049105533624
  endloop
endfacet
facet normal 0.987890870857255 -0.155150337662846 -1.46771772431569e-010
  outer loop
    vertex 1.81855255955398 -0.0452548064144118 5.07847226236808
    vertex 1.74487407730515 -0.514388818712392 7.97049105752205
    vertex 1.74487407627833 -0.514388822511757 5.07847226301502
  endloop
endfacet
facet normal 0.987890870857255 -0.155150337662846 -1.46771772431569e-010
  outer loop
    vertex 1.74487407730515 -0.514388818712392 7.97049105752205
    vertex 1.81855255955398 -0.0452548064144118 5.07847226236808
    vertex 1.81855256058081 -0.0452548026150463 7.97049105687511
  endloop
endfacet
facet normal 0.105821253754779 -0.99438516795745 1.26814427227064e-009
  outer loop
    vertex 0.426963246541254 -1.76829967898299 7.97049105965307
    vertex -0.0452548113107112 -1.81855255101602 5.07847226538179
    vertex 0.426963245514417 -1.76829968278235 5.07847226514604
  endloop
endfacet
facet normal 0.105821253754779 -0.99438516795745 1.26814427227064e-009
  outer loop
    vertex -0.0452548113107112 -1.81855255101602 5.07847226538179
    vertex 0.426963246541254 -1.76829967898299 7.97049105965307
    vertex -0.0452548102838739 -1.81855254721666 7.97049105988882
  endloop
endfacet
facet normal -0.405548689966776 -0.914073443474993 1.34412103076734e-009
  outer loop
    vertex -0.514388827408057 -1.74487406774036 5.07847226545255
    vertex -0.948468093834351 -1.55228529603181 7.9704910598605
    vertex -0.948468094861188 -1.55228529983117 5.07847226535347
  endloop
endfacet
facet normal -0.405548689966776 -0.914073443474993 1.34412103076734e-009
  outer loop
    vertex -0.948468093834351 -1.55228529603181 7.9704910598605
    vertex -0.514388827408057 -1.74487406774036 5.07847226545255
    vertex -0.51438882638122 -1.74487406394099 7.97049105995958
  endloop
endfacet
facet normal -0.914073443474991 0.40554868996678 -2.08202612090347e-010
  outer loop
    vertex -1.74487407160983 0.514388839745389 7.97049105741249
    vertex -1.55228530472748 0.948468103399141 5.07847226226226
    vertex -1.74487407263666 0.514388835946024 5.07847226290546
  endloop
endfacet
facet normal -0.914073443474991 0.40554868996678 -2.08202612090347e-010
  outer loop
    vertex -1.55228530472748 0.948468103399141 5.07847226226226
    vertex -1.74487407160983 0.514388839745389 7.97049105741249
    vertex -1.55228530370065 0.948468107198506 7.97049105676929
  endloop
endfacet
facet normal -3.58529173258148e-010 -1.32267011403842e-009 -1.0
  outer loop
    vertex -1.55228530472748 0.948468103399141 5.07847226226226
    vertex -1.46248234333228 0.431139761902692 5.07847226291432
    vertex -1.52423664559724 0.037930746938982 5.07847226345656
  endloop
endfacet
facet normal -3.58529173258148e-010 -1.32267011403842e-009 -1.0
  outer loop
    vertex -1.46248234333228 0.431139761902692 5.07847226291432
    vertex -1.55228530472748 0.948468103399141 5.07847226226226
    vertex -1.25391085844978 1.31791083748103 5.07847226166662
  endloop
endfacet
facet normal -3.58529173258148e-010 -1.32267011403842e-009 -1.0
  outer loop
    vertex -1.46248234333228 0.431139761902692 5.07847226291432
    vertex -1.25391085844978 1.31791083748103 5.07847226166662
    vertex -1.30106228611151 0.794967315042629 5.07847226237522
  endloop
endfacet
facet normal -3.58529173258148e-010 -1.32267011403842e-009 -1.0
  outer loop
    vertex -1.30106228611151 0.794967315042629 5.07847226237522
    vertex -1.25391085844978 1.31791083748103 5.07847226166662
    vertex -1.05097698407524 1.10461915986578 5.07847226187598
  endloop
endfacet
facet normal -3.58529173258148e-010 -1.32267011403842e-009 -1.0
  outer loop
    vertex -1.05097698407524 1.10461915986578 5.07847226187598
    vertex -1.25391085844978 1.31791083748103 5.07847226166662
    vertex -0.870084459230317 1.59754012639699 5.07847226115919
  endloop
endfacet
facet normal -3.58529173258148e-010 -1.32267011403842e-009 -1.0
  outer loop
    vertex -1.05097698407524 1.10461915986578 5.07847226187598
    vertex -0.870084459230317 1.59754012639699 5.07847226115919
    vertex -0.729269337271723 1.33899303487133 5.07847226145068
  endloop
endfacet
facet normal -3.58529173258148e-010 -1.32267011403842e-009 -1.0
  outer loop
    vertex -0.729269337271723 1.33899303487133 5.07847226145068
    vertex -0.870084459230317 1.59754012639699 5.07847226115919
    vertex -0.42696324187277 1.76829969621663 5.07847226077443
  endloop
endfacet
facet normal -3.58529173258148e-010 -1.32267011403842e-009 -1.0
  outer loop
    vertex -0.729269337271723 1.33899303487133 5.07847226145068
    vertex -0.42696324187277 1.76829969621663 5.07847226077443
    vertex -0.357863190183636 1.48211674779875 5.07847226112818
  endloop
endfacet
facet normal -3.58529173258148e-010 -1.32267011403842e-009 -1.0
  outer loop
    vertex -0.357863190183636 1.48211674779875 5.07847226112818
    vertex -0.42696324187277 1.76829969621663 5.07847226077443
    vertex 0.0452548149523577 1.8185525644503 5.07847226053866
  endloop
endfacet
facet normal -3.58529173258148e-010 -1.32267011403842e-009 -1.0
  outer loop
    vertex -0.357863190183636 1.48211674779875 5.07847226112818
    vertex 0.0452548149523577 1.8185525644503 5.07847226053866
    vertex 0.0379307420426534 1.5242366541352 5.07847226093057
  endloop
endfacet
facet normal -3.58529173258148e-010 -1.32267011403842e-009 -1.0
  outer loop
    vertex 0.0379307420426534 1.5242366541352 5.07847226093057
    vertex 0.0452548149523577 1.8185525644503 5.07847226053866
    vertex 0.431139757006388 1.46248235187025 5.07847226087127
  endloop
endfacet
facet normal -3.58529173258148e-010 -1.32267011403842e-009 -1.0
  outer loop
    vertex 0.431139757006388 1.46248235187025 5.07847226087127
    vertex 0.0452548149523577 1.8185525644503 5.07847226053866
    vertex 0.514388831049718 1.74487408117463 5.07847226046792
  endloop
endfacet
facet normal -3.58529173258148e-010 -1.32267011403842e-009 -1.0
  outer loop
    vertex 0.431139757006388 1.46248235187025 5.07847226087127
    vertex 0.514388831049718 1.74487408117463 5.07847226046792
    vertex 0.794967310146326 1.30106229464948 5.07847226095432
  endloop
endfacet
facet normal -3.58529173258148e-010 -1.32267011403842e-009 -1.0
  outer loop
    vertex 0.794967310146326 1.30106229464948 5.07847226095432
    vertex 0.514388831049718 1.74487408117463 5.07847226046792
    vertex 0.948468098502836 1.55228531326545 5.07847226056699
  endloop
endfacet
facet normal -3.58529173258148e-010 -1.32267011403842e-009 -1.0
  outer loop
    vertex 0.794967310146326 1.30106229464948 5.07847226095432
    vertex 0.948468098502836 1.55228531326545 5.07847226056699
    vertex 1.10461915496948 1.0509769926132 5.07847226117409
  endloop
endfacet
facet normal -3.58529173258148e-010 -1.32267011403842e-009 -1.0
  outer loop
    vertex 1.10461915496948 1.0509769926132 5.07847226117409
    vertex 0.948468098502836 1.55228531326545 5.07847226056699
    vertex 1.31791083258473 1.25391086698775 5.07847226082921
  endloop
endfacet
facet normal -3.58529173258148e-010 -1.32267011403842e-009 -1.0
  outer loop
    vertex 1.10461915496948 1.0509769926132 5.07847226117409
    vertex 1.31791083258473 1.25391086698775 5.07847226082921
    vertex 1.33899302997501 0.7292693458097 5.07847226151559
  endloop
endfacet
facet normal -3.58529173258148e-010 -1.32267011403842e-009 -1.0
  outer loop
    vertex 1.33899302997501 0.7292693458097 5.07847226151559
    vertex 1.31791083258473 1.25391086698775 5.07847226082921
    vertex 1.59754012150067 0.870084467768279 5.07847226123665
  endloop
endfacet
facet normal -3.58529173258148e-010 -1.32267011403842e-009 -1.0
  outer loop
    vertex 1.33899302997501 0.7292693458097 5.07847226151559
    vertex 1.59754012150067 0.870084467768279 5.07847226123665
    vertex 1.48211674290244 0.357863198721603 5.07847226195551
  endloop
endfacet
facet normal -3.58529173258148e-010 -1.32267011403842e-009 -1.0
  outer loop
    vertex 1.48211674290244 0.357863198721603 5.07847226195551
    vertex 1.59754012150067 0.870084467768279 5.07847226123665
    vertex 1.52423664923889 -0.037930733504724 5.07847226246392
  endloop
endfacet
facet normal -3.58529173258148e-010 -1.32267011403842e-009 -1.0
  outer loop
    vertex 1.52423664923889 -0.037930733504724 5.07847226246392
    vertex 1.59754012150067 0.870084467768279 5.07847226123665
    vertex 1.55228530836913 -0.948468089964882 5.0784722636582
  endloop
endfacet
facet normal -3.58529173258148e-010 -1.32267011403842e-009 -1.0
  outer loop
    vertex 1.55228530836913 -0.948468089964882 5.0784722636582
    vertex 1.59754012150067 0.870084467768279 5.07847226123665
    vertex 1.74487407627833 -0.514388822511757 5.07847226301502
  endloop
endfacet
facet normal -3.58529173258148e-010 -1.32267011403842e-009 -1.0
  outer loop
    vertex 1.74487407627833 -0.514388822511757 5.07847226301502
    vertex 1.59754012150067 0.870084467768279 5.07847226123665
    vertex 1.76829969132032 0.426963250410733 5.07847226176151
  endloop
endfacet
facet normal -3.58529173258148e-010 -1.32267011403842e-009 -1.0
  outer loop
    vertex 1.74487407627833 -0.514388822511757 5.07847226301502
    vertex 1.76829969132032 0.426963250410733 5.07847226176151
    vertex 1.81855255955398 -0.0452548064144118 5.07847226236808
  endloop
endfacet
facet normal -3.58529173258148e-010 -1.32267011403842e-009 -1.0
  outer loop
    vertex -1.74487407263666 0.514388835946024 5.07847226290546
    vertex -1.76829968767867 -0.426963236976463 5.07847226415897
    vertex -1.81855255591233 0.0452548198486782 5.0784722635524
  endloop
endfacet
facet normal -3.58529173258148e-010 -1.32267011403842e-009 -1.0
  outer loop
    vertex -1.76829968767867 -0.426963236976463 5.07847226415897
    vertex -1.74487407263666 0.514388835946024 5.07847226290546
    vertex -1.59754011785903 -0.870084454334008 5.0784722646838
  endloop
endfacet
facet normal -3.58529173258148e-010 -1.32267011403842e-009 -1.0
  outer loop
    vertex -1.59754011785903 -0.870084454334008 5.0784722646838
    vertex -1.74487407263666 0.514388835946024 5.07847226290546
    vertex -1.55228530472748 0.948468103399141 5.07847226226226
  endloop
endfacet
facet normal -3.58529173258148e-010 -1.32267011403842e-009 -1.0
  outer loop
    vertex -1.59754011785903 -0.870084454334008 5.0784722646838
    vertex -1.55228530472748 0.948468103399141 5.07847226226226
    vertex -1.52423664559724 0.037930746938982 5.07847226345656
  endloop
endfacet
facet normal -3.58529173258148e-010 -1.32267011403842e-009 -1.0
  outer loop
    vertex -1.59754011785903 -0.870084454334008 5.0784722646838
    vertex -1.52423664559724 0.037930746938982 5.07847226345656
    vertex -1.48211673926079 -0.357863185287333 5.07847226396497
  endloop
endfacet
facet normal -3.58529173258148e-010 -1.32267011403842e-009 -1.0
  outer loop
    vertex -1.59754011785903 -0.870084454334008 5.0784722646838
    vertex -1.48211673926079 -0.357863185287333 5.07847226396497
    vertex -1.31791082894308 -1.25391085355347 5.07847226509123
  endloop
endfacet
facet normal -3.58529173258148e-010 -1.32267011403842e-009 -1.0
  outer loop
    vertex -1.31791082894308 -1.25391085355347 5.07847226509123
    vertex -1.48211673926079 -0.357863185287333 5.07847226396497
    vertex -1.33899302633337 -0.729269332375413 5.07847226440486
  endloop
endfacet
facet normal -3.58529173258148e-010 -1.32267011403842e-009 -1.0
  outer loop
    vertex -1.31791082894308 -1.25391085355347 5.07847226509123
    vertex -1.33899302633337 -0.729269332375413 5.07847226440486
    vertex -1.10461915132783 -1.05097697917893 5.07847226474635
  endloop
endfacet
facet normal -3.58529173258148e-010 -1.32267011403842e-009 -1.0
  outer loop
    vertex -1.31791082894308 -1.25391085355347 5.07847226509123
    vertex -1.10461915132783 -1.05097697917893 5.07847226474635
    vertex -0.948468094861188 -1.55228529983117 5.07847226535347
  endloop
endfacet
facet normal -3.58529173258148e-010 -1.32267011403842e-009 -1.0
  outer loop
    vertex -0.948468094861188 -1.55228529983117 5.07847226535347
    vertex -1.10461915132783 -1.05097697917893 5.07847226474635
    vertex -0.794967306504675 -1.3010622812152 5.07847226496615
  endloop
endfacet
facet normal -3.58529173258148e-010 -1.32267011403842e-009 -1.0
  outer loop
    vertex -0.948468094861188 -1.55228529983117 5.07847226535347
    vertex -0.794967306504675 -1.3010622812152 5.07847226496615
    vertex -0.514388827408057 -1.74487406774036 5.07847226545255
  endloop
endfacet
facet normal -3.58529173258148e-010 -1.32267011403842e-009 -1.0
  outer loop
    vertex -0.514388827408057 -1.74487406774036 5.07847226545255
    vertex -0.794967306504675 -1.3010622812152 5.07847226496615
    vertex -0.431139753364735 -1.46248233843597 5.07847226504921
  endloop
endfacet
facet normal -3.58529173258148e-010 -1.32267011403842e-009 -1.0
  outer loop
    vertex -0.514388827408057 -1.74487406774036 5.07847226545255
    vertex -0.431139753364735 -1.46248233843597 5.07847226504921
    vertex -0.0452548113107112 -1.81855255101602 5.07847226538179
  endloop
endfacet
facet normal -3.58529173258148e-010 -1.32267011403842e-009 -1.0
  outer loop
    vertex -0.0452548113107112 -1.81855255101602 5.07847226538179
    vertex -0.431139753364735 -1.46248233843597 5.07847226504921
    vertex -0.0379307384010068 -1.52423664070092 5.07847226498987
  endloop
endfacet
facet normal -3.58529173258148e-010 -1.32267011403842e-009 -1.0
  outer loop
    vertex -0.0452548113107112 -1.81855255101602 5.07847226538179
    vertex -0.0379307384010068 -1.52423664070092 5.07847226498987
    vertex 0.426963245514417 -1.76829968278235 5.07847226514604
  endloop
endfacet
facet normal -3.58529173258148e-010 -1.32267011403842e-009 -1.0
  outer loop
    vertex 0.426963245514417 -1.76829968278235 5.07847226514604
    vertex -0.0379307384010068 -1.52423664070092 5.07847226498987
    vertex 0.357863193825273 -1.48211673436448 5.0784722647923
  endloop
endfacet
facet normal -3.58529173258148e-010 -1.32267011403842e-009 -1.0
  outer loop
    vertex 0.426963245514417 -1.76829968278235 5.07847226514604
    vertex 0.357863193825273 -1.48211673436448 5.0784722647923
    vertex 0.72926934091338 -1.33899302143705 5.07847226446981
  endloop
endfacet
facet normal -3.58529173258148e-010 -1.32267011403842e-009 -1.0
  outer loop
    vertex 0.426963245514417 -1.76829968278235 5.07847226514604
    vertex 0.72926934091338 -1.33899302143705 5.07847226446981
    vertex 0.870084462871963 -1.59754011296271 5.0784722647613
  endloop
endfacet
facet normal -3.58529173258148e-010 -1.32267011403842e-009 -1.0
  outer loop
    vertex 0.870084462871963 -1.59754011296271 5.0784722647613
    vertex 0.72926934091338 -1.33899302143705 5.07847226446981
    vertex 1.05097698771689 -1.10461914643151 5.07847226404448
  endloop
endfacet
facet normal -3.58529173258148e-010 -1.32267011403842e-009 -1.0
  outer loop
    vertex 0.870084462871963 -1.59754011296271 5.0784722647613
    vertex 1.05097698771689 -1.10461914643151 5.07847226404448
    vertex 1.25391086209143 -1.31791082404676 5.07847226425384
  endloop
endfacet
facet normal -3.58529173258148e-010 -1.32267011403842e-009 -1.0
  outer loop
    vertex 1.25391086209143 -1.31791082404676 5.07847226425384
    vertex 1.05097698771689 -1.10461914643151 5.07847226404448
    vertex 1.30106228975317 -0.794967301608358 5.07847226354525
  endloop
endfacet
facet normal -3.58529173258148e-010 -1.32267011403842e-009 -1.0
  outer loop
    vertex 1.25391086209143 -1.31791082404676 5.07847226425384
    vertex 1.30106228975317 -0.794967301608358 5.07847226354525
    vertex 1.55228530836913 -0.948468089964882 5.0784722636582
  endloop
endfacet
facet normal -3.58529173258148e-010 -1.32267011403842e-009 -1.0
  outer loop
    vertex 1.55228530836913 -0.948468089964882 5.0784722636582
    vertex 1.30106228975317 -0.794967301608358 5.07847226354525
    vertex 1.46248234697394 -0.431139748468425 5.07847226300616
  endloop
endfacet
facet normal -3.58529173258148e-010 -1.32267011403842e-009 -1.0
  outer loop
    vertex 1.55228530836913 -0.948468089964882 5.0784722636582
    vertex 1.46248234697394 -0.431139748468425 5.07847226300616
    vertex 1.52423664923889 -0.037930733504724 5.07847226246392
  endloop
endfacet
facet normal 0.777963421497679 -0.628309569250401 5.48995607098745e-010
  outer loop
    vertex 1.55228530836913 -0.948468089964882 5.0784722636582
    vertex 1.25391086311826 -1.31791082024739 7.97049105876087
    vertex 1.25391086209143 -1.31791082404676 5.07847226425384
  endloop
endfacet
facet normal 0.777963421497679 -0.628309569250401 5.48995607098745e-010
  outer loop
    vertex 1.25391086311826 -1.31791082024739 7.97049105876087
    vertex 1.55228530836913 -0.948468089964882 5.0784722636582
    vertex 1.55228530939595 -0.948468086165517 7.97049105816523
  endloop
endfacet
facet normal 0.15515033766286 0.987890870857252 -1.3522080272643e-009
  outer loop
    vertex 0.0452548149523577 1.8185525644503 5.07847226053866
    vertex 0.514388832076555 1.744874084974 7.97049105497495
    vertex 0.514388831049718 1.74487408117463 5.07847226046792
  endloop
endfacet
facet normal 0.15515033766286 0.987890870857252 -1.3522080272643e-009
  outer loop
    vertex 0.514388832076555 1.744874084974 7.97049105497495
    vertex 0.0452548149523577 1.8185525644503 5.07847226053866
    vertex 0.0452548159791953 1.81855256824966 7.97049105504568
  endloop
endfacet
facet normal -0.588836477990668 0.808252189720229 -8.52369266425369e-010
  outer loop
    vertex -1.25391085844978 1.31791083748103 5.07847226166662
    vertex -0.870084458203479 1.59754013019635 7.97049105566622
    vertex -0.870084459230317 1.59754012639699 5.07847226115919
  endloop
endfacet
facet normal -0.588836477990668 0.808252189720229 -8.52369266425369e-010
  outer loop
    vertex -0.870084458203479 1.59754013019635 7.97049105566622
    vertex -1.25391085844978 1.31791083748103 5.07847226166662
    vertex -1.25391085742295 1.3179108412804 7.97049105617365
  endloop
endfacet
facet normal -0.808252189720233 -0.588836477990664 1.0599416569197e-009
  outer loop
    vertex -1.31791082791624 -1.25391084975411 7.97049105959826
    vertex -1.59754011785903 -0.870084454334008 5.0784722646838
    vertex -1.31791082894308 -1.25391085355347 5.07847226509123
  endloop
endfacet
facet normal -0.808252189720233 -0.588836477990664 1.0599416569197e-009
  outer loop
    vertex -1.59754011785903 -0.870084454334008 5.0784722646838
    vertex -1.31791082791624 -1.25391084975411 7.97049105959826
    vertex -1.59754011683219 -0.870084450534643 7.97049105919083
  endloop
endfacet
facet normal 0.588836477990667 -0.80825218972023 8.52371526684325e-010
  outer loop
    vertex 1.25391086311826 -1.31791082024739 7.97049105876087
    vertex 0.870084462871963 -1.59754011296271 5.0784722647613
    vertex 1.25391086209143 -1.31791082404676 5.07847226425384
  endloop
endfacet
facet normal 0.588836477990667 -0.80825218972023 8.52371526684325e-010
  outer loop
    vertex 0.870084462871963 -1.59754011296271 5.0784722647613
    vertex 1.25391086311826 -1.31791082024739 7.97049105876087
    vertex 0.870084463898788 -1.59754010916335 7.97049105926833
  endloop
endfacet
facet normal 0.994385167957452 0.105821253754763 -4.9174766948374e-010
  outer loop
    vertex 1.76829969132032 0.426963250410733 5.07847226176151
    vertex 1.81855256058081 -0.0452548026150463 7.97049105687511
    vertex 1.81855255955398 -0.0452548064144118 5.07847226236808
  endloop
endfacet
facet normal 0.994385167957452 0.105821253754763 -4.9174766948374e-010
  outer loop
    vertex 1.81855256058081 -0.0452548026150463 7.97049105687511
    vertex 1.76829969132032 0.426963250410733 5.07847226176151
    vertex 1.76829969234714 0.426963254210099 7.97049105626854
  endloop
endfacet
facet normal -0.359581301606863 0.93311375916054 -1.09765858206503e-009
  outer loop
    vertex -0.870084459230317 1.59754012639699 5.07847226115919
    vertex -0.426963240845933 1.768299700016 7.97049105528146
    vertex -0.42696324187277 1.76829969621663 5.07847226077443
  endloop
endfacet
facet normal -0.359581301606863 0.93311375916054 -1.09765858206503e-009
  outer loop
    vertex -0.426963240845933 1.768299700016 7.97049105528146
    vertex -0.870084459230317 1.59754012639699 5.07847226115919
    vertex -0.870084458203479 1.59754013019635 7.97049105566622
  endloop
endfacet
facet normal -0.98789087085725 0.155150337662873 1.46775842659158e-010
  outer loop
    vertex -1.8185525548855 0.0452548236480437 7.97049105805943
    vertex -1.74487407263666 0.514388835946024 5.07847226290546
    vertex -1.81855255591233 0.0452548198486782 5.0784722635524
  endloop
endfacet
facet normal -0.98789087085725 0.155150337662873 1.46775842659158e-010
  outer loop
    vertex -1.74487407263666 0.514388835946024 5.07847226290546
    vertex -1.8185525548855 0.0452548236480437 7.97049105805943
    vertex -1.74487407160983 0.514388839745389 7.97049105741249
  endloop
endfacet
facet normal 0.914073443474984 -0.405548689966797 2.08206378731141e-010
  outer loop
    vertex 1.74487407627833 -0.514388822511757 5.07847226301502
    vertex 1.55228530939595 -0.948468086165517 7.97049105816523
    vertex 1.55228530836913 -0.948468089964882 5.0784722636582
  endloop
endfacet
facet normal 0.914073443474984 -0.405548689966797 2.08206378731141e-010
  outer loop
    vertex 1.55228530939595 -0.948468086165517 7.97049105816523
    vertex 1.74487407627833 -0.514388822511757 5.07847226301502
    vertex 1.74487407730515 -0.514388818712392 7.97049105752205
  endloop
endfacet
facet normal -0.994385167957452 -0.105821253754759 4.91751767376724e-010
  outer loop
    vertex -1.76829968665184 -0.426963233177097 7.97049105866599
    vertex -1.81855255591233 0.0452548198486782 5.0784722635524
    vertex -1.76829968767867 -0.426963236976463 5.07847226415897
  endloop
endfacet
facet normal -0.994385167957452 -0.105821253754759 4.91751767376724e-010
  outer loop
    vertex -1.81855255591233 0.0452548198486782 5.0784722635524
    vertex -1.76829968665184 -0.426963233177097 7.97049105866599
    vertex -1.8185525548855 0.0452548236480437 7.97049105805943
  endloop
endfacet
facet normal 0.808252189720236 0.588836477990659 -1.0599383242238e-009
  outer loop
    vertex 1.31791083258473 1.25391086698775 5.07847226082921
    vertex 1.5975401225275 0.870084471567645 7.97049105574367
    vertex 1.59754012150067 0.870084467768279 5.07847226123665
  endloop
endfacet
facet normal 0.808252189720236 0.588836477990659 -1.0599383242238e-009
  outer loop
    vertex 1.5975401225275 0.870084471567645 7.97049105574367
    vertex 1.31791083258473 1.25391086698775 5.07847226082921
    vertex 1.31791083361155 1.25391087078711 7.97049105533624
  endloop
endfacet
facet normal -0.155150337662865 -0.987890870857252 1.35220802595794e-009
  outer loop
    vertex -0.0452548102838739 -1.81855254721666 7.97049105988882
    vertex -0.514388827408057 -1.74487406774036 5.07847226545255
    vertex -0.0452548113107112 -1.81855255101602 5.07847226538179
  endloop
endfacet
facet normal -0.155150337662865 -0.987890870857252 1.35220802595794e-009
  outer loop
    vertex -0.514388827408057 -1.74487406774036 5.07847226545255
    vertex -0.0452548102838739 -1.81855254721666 7.97049105988882
    vertex -0.51438882638122 -1.74487406394099 7.97049105995958
  endloop
endfacet
facet normal 0.40554868996679 0.914073443474987 -1.34412019944143e-009
  outer loop
    vertex 0.514388832076555 1.744874084974 7.97049105497495
    vertex 0.948468098502836 1.55228531326545 5.07847226056699
    vertex 0.514388831049718 1.74487408117463 5.07847226046792
  endloop
endfacet
facet normal 0.40554868996679 0.914073443474987 -1.34412019944143e-009
  outer loop
    vertex 0.948468098502836 1.55228531326545 5.07847226056699
    vertex 0.514388832076555 1.744874084974 7.97049105497495
    vertex 0.948468099529658 1.55228531706481 7.97049105507402
  endloop
endfacet
facet normal -0.628309569250388 -0.77796342149769 1.2444344164595e-009
  outer loop
    vertex -0.948468094861188 -1.55228529983117 5.07847226535347
    vertex -1.31791082791624 -1.25391084975411 7.97049105959826
    vertex -1.31791082894308 -1.25391085355347 5.07847226509123
  endloop
endfacet
facet normal -0.628309569250388 -0.77796342149769 1.2444344164595e-009
  outer loop
    vertex -1.31791082791624 -1.25391084975411 7.97049105959826
    vertex -0.948468094861188 -1.55228529983117 5.07847226535347
    vertex -0.948468093834351 -1.55228529603181 7.9704910598605
  endloop
endfacet
facet normal -0.0654031292301422 0.0 0.997858923238604
  outer loop
    vertex -0.536479102324125 24.8750639285703 5.25398999999999
    vertex -0.536479102324125 35.3830439285703 5.25398999999999
    vertex -1.22226241098636 24.8750639285703 5.20904138720939
  endloop
endfacet
facet normal -0.0654031292301422 0.0 0.997858923238604
  outer loop
    vertex -1.22226241098636 35.3830439285703 5.20904138720939
    vertex -1.22226241098636 24.8750639285703 5.20904138720939
    vertex -0.536479102324125 35.3830439285703 5.25398999999999
  endloop
endfacet
facet normal -0.659345815100069 0.0 0.751839807478977
  outer loop
    vertex -3.73490556272166 24.8750639285703 4.16827051635674
    vertex -3.73490556272166 35.3830439285703 4.16827051635674
    vertex -4.25161105961044 24.8750639285703 3.7151319572863
  endloop
endfacet
facet normal -0.659345815100069 0.0 0.751839807478977
  outer loop
    vertex -4.25161105961044 35.3830439285703 3.7151319572863
    vertex -4.25161105961044 24.8750639285703 3.7151319572863
    vertex -3.73490556272166 35.3830439285703 4.16827051635674
  endloop
endfacet
facet normal -0.442288690219002 0.0 0.896872741532688
  outer loop
    vertex -2.54709402913599 24.8750639285703 4.85405382501898
    vertex -2.54709402913599 35.3830439285703 4.85405382501898
    vertex -3.16347410232413 24.8750639285703 4.5500888112294
  endloop
endfacet
facet normal -0.442288690219002 0.0 0.896872741532688
  outer loop
    vertex -3.16347410232413 35.3830439285703 4.5500888112294
    vertex -3.16347410232413 24.8750639285703 4.5500888112294
    vertex -2.54709402913599 35.3830439285703 4.85405382501898
  endloop
endfacet
facet normal -0.997858923238604 0.0 0.0654031292301423
  outer loop
    vertex -5.79046910232413 24.8750639285703 -4.22994972382185e-015
    vertex -5.74552048953351 24.8750639285703 0.685783308662219
    vertex -5.79046910232413 35.3830439285703 -4.22994972382185e-015
  endloop
endfacet
facet normal -0.997858923238604 0.0 0.0654031292301423
  outer loop
    vertex -5.74552048953351 35.3830439285703 0.685783308662219
    vertex -5.79046910232413 35.3830439285703 -4.22994972382185e-015
    vertex -5.74552048953351 24.8750639285703 0.685783308662219
  endloop
endfacet
facet normal -0.831469612302547 0.0 0.5555702330196
  outer loop
    vertex -5.08656791355353 24.8750639285703 2.626995
    vertex -4.70474961868088 24.8750639285703 3.19842646039752
    vertex -5.08656791355353 35.3830439285703 2.626995
  endloop
endfacet
facet normal -0.831469612302547 0.0 0.5555702330196
  outer loop
    vertex -4.70474961868088 35.3830439285703 3.19842646039752
    vertex -5.08656791355353 35.3830439285703 2.626995
    vertex -4.70474961868088 24.8750639285703 3.19842646039752
  endloop
endfacet
facet normal -0.98078528040323 0.0 0.195090322016129
  outer loop
    vertex -5.74552048953351 24.8750639285703 0.685783308662219
    vertex -5.61144373438862 24.8750639285703 1.35983267477818
    vertex -5.74552048953351 35.3830439285703 0.685783308662219
  endloop
endfacet
facet normal -0.98078528040323 0.0 0.195090322016129
  outer loop
    vertex -5.61144373438862 35.3830439285703 1.35983267477818
    vertex -5.74552048953351 35.3830439285703 0.685783308662219
    vertex -5.61144373438862 24.8750639285703 1.35983267477818
  endloop
endfacet
facet normal -0.321439465303161 0.0 0.946930129495106
  outer loop
    vertex -1.89631177710232 24.8750639285703 5.0749646320645
    vertex -1.89631177710232 35.3830439285703 5.0749646320645
    vertex -2.54709402913599 24.8750639285703 4.85405382501898
  endloop
endfacet
facet normal -0.321439465303161 0.0 0.946930129495106
  outer loop
    vertex -2.54709402913599 35.3830439285703 4.85405382501898
    vertex -2.54709402913599 24.8750639285703 4.85405382501898
    vertex -1.89631177710232 35.3830439285703 5.0749646320645
  endloop
endfacet
facet normal -0.946930129495106 0.0 0.321439465303161
  outer loop
    vertex -5.61144373438862 24.8750639285703 1.35983267477818
    vertex -5.3905329273431 24.8750639285703 2.01061492681185
    vertex -5.61144373438862 35.3830439285703 1.35983267477818
  endloop
endfacet
facet normal -0.946930129495106 0.0 0.321439465303161
  outer loop
    vertex -5.3905329273431 35.3830439285703 2.01061492681185
    vertex -5.61144373438862 35.3830439285703 1.35983267477818
    vertex -5.3905329273431 24.8750639285703 2.01061492681185
  endloop
endfacet
facet normal -0.896872741532688 0.0 0.442288690219002
  outer loop
    vertex -5.3905329273431 24.8750639285703 2.01061492681185
    vertex -5.08656791355353 24.8750639285703 2.626995
    vertex -5.3905329273431 35.3830439285703 2.01061492681185
  endloop
endfacet
facet normal -0.896872741532688 0.0 0.442288690219002
  outer loop
    vertex -5.08656791355353 35.3830439285703 2.626995
    vertex -5.3905329273431 35.3830439285703 2.01061492681185
    vertex -5.08656791355353 24.8750639285703 2.626995
  endloop
endfacet
facet normal -0.555570233019602 0.0 0.831469612302545
  outer loop
    vertex -3.16347410232413 24.8750639285703 4.5500888112294
    vertex -3.16347410232413 35.3830439285703 4.5500888112294
    vertex -3.73490556272166 24.8750639285703 4.16827051635674
  endloop
endfacet
facet normal -0.555570233019602 0.0 0.831469612302545
  outer loop
    vertex -3.73490556272166 35.3830439285703 4.16827051635674
    vertex -3.73490556272166 24.8750639285703 4.16827051635674
    vertex -3.16347410232413 35.3830439285703 4.5500888112294
  endloop
endfacet
facet normal -0.195090322016129 0.0 0.98078528040323
  outer loop
    vertex -1.22226241098636 24.8750639285703 5.20904138720939
    vertex -1.22226241098636 35.3830439285703 5.20904138720939
    vertex -1.89631177710232 24.8750639285703 5.0749646320645
  endloop
endfacet
facet normal -0.195090322016129 0.0 0.98078528040323
  outer loop
    vertex -1.89631177710232 35.3830439285703 5.0749646320645
    vertex -1.89631177710232 24.8750639285703 5.0749646320645
    vertex -1.22226241098636 35.3830439285703 5.20904138720939
  endloop
endfacet
facet normal -0.751839807478977 0.0 0.65934581510007
  outer loop
    vertex -4.70474961868088 24.8750639285703 3.19842646039752
    vertex -4.25161105961044 24.8750639285703 3.7151319572863
    vertex -4.70474961868088 35.3830439285703 3.19842646039752
  endloop
endfacet
facet normal -0.751839807478977 0.0 0.65934581510007
  outer loop
    vertex -4.25161105961044 35.3830439285703 3.7151319572863
    vertex -4.70474961868088 35.3830439285703 3.19842646039752
    vertex -4.25161105961044 24.8750639285703 3.7151319572863
  endloop
endfacet
facet normal 0.0 -1.0 0.0
  outer loop
    vertex -5.79046910232413 24.8750639285703 -4.22994972382185e-015
    vertex -0.536479102324125 24.8750639285703 -4.22994972382185e-015
    vertex -5.74552048953351 24.8750639285703 0.685783308662219
  endloop
endfacet
facet normal 0.0 -1.0 0.0
  outer loop
    vertex -0.536479102324125 24.8750639285703 5.25398999999999
    vertex -5.74552048953351 24.8750639285703 0.685783308662219
    vertex -0.536479102324125 24.8750639285703 -4.22994972382185e-015
  endloop
endfacet
facet normal 0.0 -1.0 0.0
  outer loop
    vertex -5.61144373438862 24.8750639285703 1.35983267477818
    vertex -5.74552048953351 24.8750639285703 0.685783308662219
    vertex -0.536479102324125 24.8750639285703 5.25398999999999
  endloop
endfacet
facet normal 0.0 -1.0 0.0
  outer loop
    vertex -5.3905329273431 24.8750639285703 2.01061492681185
    vertex -5.61144373438862 24.8750639285703 1.35983267477818
    vertex -0.536479102324125 24.8750639285703 5.25398999999999
  endloop
endfacet
facet normal 0.0 -1.0 0.0
  outer loop
    vertex -5.08656791355353 24.8750639285703 2.626995
    vertex -5.3905329273431 24.8750639285703 2.01061492681185
    vertex -0.536479102324125 24.8750639285703 5.25398999999999
  endloop
endfacet
facet normal 0.0 -1.0 0.0
  outer loop
    vertex -4.70474961868088 24.8750639285703 3.19842646039752
    vertex -5.08656791355353 24.8750639285703 2.626995
    vertex -0.536479102324125 24.8750639285703 5.25398999999999
  endloop
endfacet
facet normal 0.0 -1.0 0.0
  outer loop
    vertex -4.25161105961044 24.8750639285703 3.7151319572863
    vertex -4.70474961868088 24.8750639285703 3.19842646039752
    vertex -0.536479102324125 24.8750639285703 5.25398999999999
  endloop
endfacet
facet normal 0.0 -1.0 0.0
  outer loop
    vertex -3.73490556272166 24.8750639285703 4.16827051635674
    vertex -4.25161105961044 24.8750639285703 3.7151319572863
    vertex -0.536479102324125 24.8750639285703 5.25398999999999
  endloop
endfacet
facet normal 0.0 -1.0 0.0
  outer loop
    vertex -3.16347410232413 24.8750639285703 4.5500888112294
    vertex -3.73490556272166 24.8750639285703 4.16827051635674
    vertex -0.536479102324125 24.8750639285703 5.25398999999999
  endloop
endfacet
facet normal 0.0 -1.0 0.0
  outer loop
    vertex -2.54709402913599 24.8750639285703 4.85405382501898
    vertex -3.16347410232413 24.8750639285703 4.5500888112294
    vertex -0.536479102324125 24.8750639285703 5.25398999999999
  endloop
endfacet
facet normal 0.0 -1.0 0.0
  outer loop
    vertex -1.89631177710232 24.8750639285703 5.0749646320645
    vertex -2.54709402913599 24.8750639285703 4.85405382501898
    vertex -0.536479102324125 24.8750639285703 5.25398999999999
  endloop
endfacet
facet normal 0.0 -1.0 0.0
  outer loop
    vertex -1.22226241098636 24.8750639285703 5.20904138720939
    vertex -1.89631177710232 24.8750639285703 5.0749646320645
    vertex -0.536479102324125 24.8750639285703 5.25398999999999
  endloop
endfacet
facet normal 0.0 0.0 -1.0
  outer loop
    vertex -0.536479102324125 35.3830439285703 -4.22994972382185e-015
    vertex -0.536479102324125 24.8750639285703 -4.22994972382185e-015
    vertex -5.79046910232413 35.3830439285703 -4.22994972382185e-015
  endloop
endfacet
facet normal 0.0 0.0 -1.0
  outer loop
    vertex -5.79046910232413 24.8750639285703 -4.22994972382185e-015
    vertex -5.79046910232413 35.3830439285703 -4.22994972382185e-015
    vertex -0.536479102324125 24.8750639285703 -4.22994972382185e-015
  endloop
endfacet
facet normal 0.0 1.0 0.0
  outer loop
    vertex -0.536479102324125 35.3830439285703 -4.22994972382185e-015
    vertex -5.79046910232413 35.3830439285703 -4.22994972382185e-015
    vertex -0.536479102324125 35.3830439285703 5.25398999999999
  endloop
endfacet
facet normal 0.0 1.0 0.0
  outer loop
    vertex -5.74552048953351 35.3830439285703 0.685783308662219
    vertex -0.536479102324125 35.3830439285703 5.25398999999999
    vertex -5.79046910232413 35.3830439285703 -4.22994972382185e-015
  endloop
endfacet
facet normal 0.0 1.0 0.0
  outer loop
    vertex -5.61144373438862 35.3830439285703 1.35983267477818
    vertex -0.536479102324125 35.3830439285703 5.25398999999999
    vertex -5.74552048953351 35.3830439285703 0.685783308662219
  endloop
endfacet
facet normal 0.0 1.0 0.0
  outer loop
    vertex -5.3905329273431 35.3830439285703 2.01061492681185
    vertex -0.536479102324125 35.3830439285703 5.25398999999999
    vertex -5.61144373438862 35.3830439285703 1.35983267477818
  endloop
endfacet
facet normal 0.0 1.0 0.0
  outer loop
    vertex -5.08656791355353 35.3830439285703 2.626995
    vertex -0.536479102324125 35.3830439285703 5.25398999999999
    vertex -5.3905329273431 35.3830439285703 2.01061492681185
  endloop
endfacet
facet normal 0.0 1.0 0.0
  outer loop
    vertex -4.70474961868088 35.3830439285703 3.19842646039752
    vertex -0.536479102324125 35.3830439285703 5.25398999999999
    vertex -5.08656791355353 35.3830439285703 2.626995
  endloop
endfacet
facet normal 0.0 1.0 0.0
  outer loop
    vertex -4.25161105961044 35.3830439285703 3.7151319572863
    vertex -0.536479102324125 35.3830439285703 5.25398999999999
    vertex -4.70474961868088 35.3830439285703 3.19842646039752
  endloop
endfacet
facet normal 0.0 1.0 0.0
  outer loop
    vertex -3.73490556272166 35.3830439285703 4.16827051635674
    vertex -0.536479102324125 35.3830439285703 5.25398999999999
    vertex -4.25161105961044 35.3830439285703 3.7151319572863
  endloop
endfacet
facet normal 0.0 1.0 0.0
  outer loop
    vertex -3.16347410232413 35.3830439285703 4.5500888112294
    vertex -0.536479102324125 35.3830439285703 5.25398999999999
    vertex -3.73490556272166 35.3830439285703 4.16827051635674
  endloop
endfacet
facet normal 0.0 1.0 0.0
  outer loop
    vertex -2.54709402913599 35.3830439285703 4.85405382501898
    vertex -0.536479102324125 35.3830439285703 5.25398999999999
    vertex -3.16347410232413 35.3830439285703 4.5500888112294
  endloop
endfacet
facet normal 0.0 1.0 0.0
  outer loop
    vertex -1.89631177710232 35.3830439285703 5.0749646320645
    vertex -0.536479102324125 35.3830439285703 5.25398999999999
    vertex -2.54709402913599 35.3830439285703 4.85405382501898
  endloop
endfacet
facet normal 0.0 1.0 0.0
  outer loop
    vertex -1.22226241098636 35.3830439285703 5.20904138720939
    vertex -0.536479102324125 35.3830439285703 5.25398999999999
    vertex -1.89631177710232 35.3830439285703 5.0749646320645
  endloop
endfacet
facet normal 1.0 0.0 0.0
  outer loop
    vertex -0.536479102324125 24.8750639285703 5.25398999999999
    vertex -0.536479102324125 24.8750639285703 -4.22994972382185e-015
    vertex -0.536479102324125 35.3830439285703 5.25398999999999
  endloop
endfacet
facet normal 1.0 0.0 0.0
  outer loop
    vertex -0.536479102324125 35.3830439285703 -4.22994972382185e-015
    vertex -0.536479102324125 35.3830439285703 5.25398999999999
    vertex -0.536479102324125 24.8750639285703 -4.22994972382185e-015
  endloop
endfacet
facet normal 0.0654031292301422 0.0 0.997858923238604
  outer loop
    vertex 25.2517008730048 24.8750639285703 5.20904138720939
    vertex 24.5659175643425 35.3830439285703 5.25398999999999
    vertex 24.5659175643425 24.8750639285703 5.25398999999999
  endloop
endfacet
facet normal 0.0654031292301422 0.0 0.997858923238604
  outer loop
    vertex 24.5659175643425 35.3830439285703 5.25398999999999
    vertex 25.2517008730048 24.8750639285703 5.20904138720939
    vertex 25.2517008730048 35.3830439285703 5.20904138720939
  endloop
endfacet
facet normal 0.659345815100069 0.0 0.751839807478977
  outer loop
    vertex 28.2810495216289 24.8750639285703 3.7151319572863
    vertex 27.7643440247401 35.3830439285703 4.16827051635674
    vertex 27.7643440247401 24.8750639285703 4.16827051635674
  endloop
endfacet
facet normal 0.659345815100069 0.0 0.751839807478977
  outer loop
    vertex 27.7643440247401 35.3830439285703 4.16827051635674
    vertex 28.2810495216289 24.8750639285703 3.7151319572863
    vertex 28.2810495216289 35.3830439285703 3.7151319572863
  endloop
endfacet
facet normal 0.442288690219002 0.0 0.896872741532688
  outer loop
    vertex 27.1929125643425 24.8750639285703 4.5500888112294
    vertex 26.5765324911544 35.3830439285703 4.85405382501898
    vertex 26.5765324911544 24.8750639285703 4.85405382501898
  endloop
endfacet
facet normal 0.442288690219002 0.0 0.896872741532688
  outer loop
    vertex 26.5765324911544 35.3830439285703 4.85405382501898
    vertex 27.1929125643425 24.8750639285703 4.5500888112294
    vertex 27.1929125643425 35.3830439285703 4.5500888112294
  endloop
endfacet
facet normal 0.997858923238604 0.0 0.0654031292301423
  outer loop
    vertex 29.8199075643425 35.3830439285703 -4.22994972382185e-015
    vertex 29.7749589515519 24.8750639285703 0.685783308662219
    vertex 29.8199075643425 24.8750639285703 -4.22994972382185e-015
  endloop
endfacet
facet normal 0.997858923238604 0.0 0.0654031292301423
  outer loop
    vertex 29.7749589515519 24.8750639285703 0.685783308662219
    vertex 29.8199075643425 35.3830439285703 -4.22994972382185e-015
    vertex 29.7749589515519 35.3830439285703 0.685783308662219
  endloop
endfacet
facet normal 0.831469612302547 0.0 0.5555702330196
  outer loop
    vertex 29.1160063755719 35.3830439285703 2.626995
    vertex 28.7341880806993 24.8750639285703 3.19842646039752
    vertex 29.1160063755719 24.8750639285703 2.626995
  endloop
endfacet
facet normal 0.831469612302547 0.0 0.5555702330196
  outer loop
    vertex 28.7341880806993 24.8750639285703 3.19842646039752
    vertex 29.1160063755719 35.3830439285703 2.626995
    vertex 28.7341880806993 35.3830439285703 3.19842646039752
  endloop
endfacet
facet normal 0.98078528040323 0.0 0.195090322016129
  outer loop
    vertex 29.7749589515519 35.3830439285703 0.685783308662219
    vertex 29.640882196407 24.8750639285703 1.35983267477818
    vertex 29.7749589515519 24.8750639285703 0.685783308662219
  endloop
endfacet
facet normal 0.98078528040323 0.0 0.195090322016129
  outer loop
    vertex 29.640882196407 24.8750639285703 1.35983267477818
    vertex 29.7749589515519 35.3830439285703 0.685783308662219
    vertex 29.640882196407 35.3830439285703 1.35983267477818
  endloop
endfacet
facet normal 0.321439465303161 0.0 0.946930129495106
  outer loop
    vertex 26.5765324911544 24.8750639285703 4.85405382501898
    vertex 25.9257502391207 35.3830439285703 5.0749646320645
    vertex 25.9257502391207 24.8750639285703 5.0749646320645
  endloop
endfacet
facet normal 0.321439465303161 0.0 0.946930129495106
  outer loop
    vertex 25.9257502391207 35.3830439285703 5.0749646320645
    vertex 26.5765324911544 24.8750639285703 4.85405382501898
    vertex 26.5765324911544 35.3830439285703 4.85405382501898
  endloop
endfacet
facet normal 0.946930129495106 0.0 0.321439465303161
  outer loop
    vertex 29.640882196407 35.3830439285703 1.35983267477818
    vertex 29.4199713893615 24.8750639285703 2.01061492681185
    vertex 29.640882196407 24.8750639285703 1.35983267477818
  endloop
endfacet
facet normal 0.946930129495106 0.0 0.321439465303161
  outer loop
    vertex 29.4199713893615 24.8750639285703 2.01061492681185
    vertex 29.640882196407 35.3830439285703 1.35983267477818
    vertex 29.4199713893615 35.3830439285703 2.01061492681185
  endloop
endfacet
facet normal 0.896872741532688 0.0 0.442288690219002
  outer loop
    vertex 29.4199713893615 35.3830439285703 2.01061492681185
    vertex 29.1160063755719 24.8750639285703 2.626995
    vertex 29.4199713893615 24.8750639285703 2.01061492681185
  endloop
endfacet
facet normal 0.896872741532688 0.0 0.442288690219002
  outer loop
    vertex 29.1160063755719 24.8750639285703 2.626995
    vertex 29.4199713893615 35.3830439285703 2.01061492681185
    vertex 29.1160063755719 35.3830439285703 2.626995
  endloop
endfacet
facet normal 0.555570233019602 0.0 0.831469612302545
  outer loop
    vertex 27.7643440247401 24.8750639285703 4.16827051635674
    vertex 27.1929125643425 35.3830439285703 4.5500888112294
    vertex 27.1929125643425 24.8750639285703 4.5500888112294
  endloop
endfacet
facet normal 0.555570233019602 0.0 0.831469612302545
  outer loop
    vertex 27.1929125643425 35.3830439285703 4.5500888112294
    vertex 27.7643440247401 24.8750639285703 4.16827051635674
    vertex 27.7643440247401 35.3830439285703 4.16827051635674
  endloop
endfacet
facet normal 0.195090322016129 0.0 0.98078528040323
  outer loop
    vertex 25.9257502391207 24.8750639285703 5.0749646320645
    vertex 25.2517008730048 35.3830439285703 5.20904138720939
    vertex 25.2517008730048 24.8750639285703 5.20904138720939
  endloop
endfacet
facet normal 0.195090322016129 0.0 0.98078528040323
  outer loop
    vertex 25.2517008730048 35.3830439285703 5.20904138720939
    vertex 25.9257502391207 24.8750639285703 5.0749646320645
    vertex 25.9257502391207 35.3830439285703 5.0749646320645
  endloop
endfacet
facet normal 0.751839807478977 0.0 0.65934581510007
  outer loop
    vertex 28.7341880806993 35.3830439285703 3.19842646039752
    vertex 28.2810495216289 24.8750639285703 3.7151319572863
    vertex 28.7341880806993 24.8750639285703 3.19842646039752
  endloop
endfacet
facet normal 0.751839807478977 0.0 0.65934581510007
  outer loop
    vertex 28.2810495216289 24.8750639285703 3.7151319572863
    vertex 28.7341880806993 35.3830439285703 3.19842646039752
    vertex 28.2810495216289 35.3830439285703 3.7151319572863
  endloop
endfacet
facet normal 0.0 -1.0 0.0
  outer loop
    vertex 29.7749589515519 24.8750639285703 0.685783308662219
    vertex 24.5659175643425 24.8750639285703 -4.22994972382185e-015
    vertex 29.8199075643425 24.8750639285703 -4.22994972382185e-015
  endloop
endfacet
facet normal 0.0 -1.0 0.0
  outer loop
    vertex 24.5659175643425 24.8750639285703 -4.22994972382185e-015
    vertex 29.7749589515519 24.8750639285703 0.685783308662219
    vertex 24.5659175643425 24.8750639285703 5.25398999999999
  endloop
endfacet
facet normal 0.0 -1.0 0.0
  outer loop
    vertex 24.5659175643425 24.8750639285703 5.25398999999999
    vertex 29.7749589515519 24.8750639285703 0.685783308662219
    vertex 29.640882196407 24.8750639285703 1.35983267477818
  endloop
endfacet
facet normal 0.0 -1.0 0.0
  outer loop
    vertex 24.5659175643425 24.8750639285703 5.25398999999999
    vertex 29.640882196407 24.8750639285703 1.35983267477818
    vertex 29.4199713893615 24.8750639285703 2.01061492681185
  endloop
endfacet
facet normal 0.0 -1.0 0.0
  outer loop
    vertex 24.5659175643425 24.8750639285703 5.25398999999999
    vertex 29.4199713893615 24.8750639285703 2.01061492681185
    vertex 29.1160063755719 24.8750639285703 2.626995
  endloop
endfacet
facet normal 0.0 -1.0 0.0
  outer loop
    vertex 24.5659175643425 24.8750639285703 5.25398999999999
    vertex 29.1160063755719 24.8750639285703 2.626995
    vertex 28.7341880806993 24.8750639285703 3.19842646039752
  endloop
endfacet
facet normal 0.0 -1.0 0.0
  outer loop
    vertex 24.5659175643425 24.8750639285703 5.25398999999999
    vertex 28.7341880806993 24.8750639285703 3.19842646039752
    vertex 28.2810495216289 24.8750639285703 3.7151319572863
  endloop
endfacet
facet normal 0.0 -1.0 0.0
  outer loop
    vertex 24.5659175643425 24.8750639285703 5.25398999999999
    vertex 28.2810495216289 24.8750639285703 3.7151319572863
    vertex 27.7643440247401 24.8750639285703 4.16827051635674
  endloop
endfacet
facet normal 0.0 -1.0 0.0
  outer loop
    vertex 24.5659175643425 24.8750639285703 5.25398999999999
    vertex 27.7643440247401 24.8750639285703 4.16827051635674
    vertex 27.1929125643425 24.8750639285703 4.5500888112294
  endloop
endfacet
facet normal 0.0 -1.0 0.0
  outer loop
    vertex 24.5659175643425 24.8750639285703 5.25398999999999
    vertex 27.1929125643425 24.8750639285703 4.5500888112294
    vertex 26.5765324911544 24.8750639285703 4.85405382501898
  endloop
endfacet
facet normal 0.0 -1.0 0.0
  outer loop
    vertex 24.5659175643425 24.8750639285703 5.25398999999999
    vertex 26.5765324911544 24.8750639285703 4.85405382501898
    vertex 25.9257502391207 24.8750639285703 5.0749646320645
  endloop
endfacet
facet normal 0.0 -1.0 0.0
  outer loop
    vertex 24.5659175643425 24.8750639285703 5.25398999999999
    vertex 25.9257502391207 24.8750639285703 5.0749646320645
    vertex 25.2517008730048 24.8750639285703 5.20904138720939
  endloop
endfacet
facet normal 0.0 0.0 -1.0
  outer loop
    vertex 29.8199075643425 35.3830439285703 -4.22994972382185e-015
    vertex 24.5659175643425 24.8750639285703 -4.22994972382185e-015
    vertex 24.5659175643425 35.3830439285703 -4.22994972382185e-015
  endloop
endfacet
facet normal 0.0 0.0 -1.0
  outer loop
    vertex 24.5659175643425 24.8750639285703 -4.22994972382185e-015
    vertex 29.8199075643425 35.3830439285703 -4.22994972382185e-015
    vertex 29.8199075643425 24.8750639285703 -4.22994972382185e-015
  endloop
endfacet
facet normal 0.0 1.0 0.0
  outer loop
    vertex 24.5659175643425 35.3830439285703 5.25398999999999
    vertex 29.8199075643425 35.3830439285703 -4.22994972382185e-015
    vertex 24.5659175643425 35.3830439285703 -4.22994972382185e-015
  endloop
endfacet
facet normal 0.0 1.0 0.0
  outer loop
    vertex 29.8199075643425 35.3830439285703 -4.22994972382185e-015
    vertex 24.5659175643425 35.3830439285703 5.25398999999999
    vertex 29.7749589515519 35.3830439285703 0.685783308662219
  endloop
endfacet
facet normal 0.0 1.0 0.0
  outer loop
    vertex 29.7749589515519 35.3830439285703 0.685783308662219
    vertex 24.5659175643425 35.3830439285703 5.25398999999999
    vertex 29.640882196407 35.3830439285703 1.35983267477818
  endloop
endfacet
facet normal 0.0 1.0 0.0
  outer loop
    vertex 29.640882196407 35.3830439285703 1.35983267477818
    vertex 24.5659175643425 35.3830439285703 5.25398999999999
    vertex 29.4199713893615 35.3830439285703 2.01061492681185
  endloop
endfacet
facet normal 0.0 1.0 0.0
  outer loop
    vertex 29.4199713893615 35.3830439285703 2.01061492681185
    vertex 24.5659175643425 35.3830439285703 5.25398999999999
    vertex 29.1160063755719 35.3830439285703 2.626995
  endloop
endfacet
facet normal 0.0 1.0 0.0
  outer loop
    vertex 29.1160063755719 35.3830439285703 2.626995
    vertex 24.5659175643425 35.3830439285703 5.25398999999999
    vertex 28.7341880806993 35.3830439285703 3.19842646039752
  endloop
endfacet
facet normal 0.0 1.0 0.0
  outer loop
    vertex 28.7341880806993 35.3830439285703 3.19842646039752
    vertex 24.5659175643425 35.3830439285703 5.25398999999999
    vertex 28.2810495216289 35.3830439285703 3.7151319572863
  endloop
endfacet
facet normal 0.0 1.0 0.0
  outer loop
    vertex 28.2810495216289 35.3830439285703 3.7151319572863
    vertex 24.5659175643425 35.3830439285703 5.25398999999999
    vertex 27.7643440247401 35.3830439285703 4.16827051635674
  endloop
endfacet
facet normal 0.0 1.0 0.0
  outer loop
    vertex 27.7643440247401 35.3830439285703 4.16827051635674
    vertex 24.5659175643425 35.3830439285703 5.25398999999999
    vertex 27.1929125643425 35.3830439285703 4.5500888112294
  endloop
endfacet
facet normal 0.0 1.0 0.0
  outer loop
    vertex 27.1929125643425 35.3830439285703 4.5500888112294
    vertex 24.5659175643425 35.3830439285703 5.25398999999999
    vertex 26.5765324911544 35.3830439285703 4.85405382501898
  endloop
endfacet
facet normal 0.0 1.0 0.0
  outer loop
    vertex 26.5765324911544 35.3830439285703 4.85405382501898
    vertex 24.5659175643425 35.3830439285703 5.25398999999999
    vertex 25.9257502391207 35.3830439285703 5.0749646320645
  endloop
endfacet
facet normal 0.0 1.0 0.0
  outer loop
    vertex 25.9257502391207 35.3830439285703 5.0749646320645
    vertex 24.5659175643425 35.3830439285703 5.25398999999999
    vertex 25.2517008730048 35.3830439285703 5.20904138720939
  endloop
endfacet
facet normal -1.0 0.0 0.0
  outer loop
    vertex 24.5659175643425 35.3830439285703 5.25398999999999
    vertex 24.5659175643425 24.8750639285703 -4.22994972382185e-015
    vertex 24.5659175643425 24.8750639285703 5.25398999999999
  endloop
endfacet
facet normal -1.0 0.0 0.0
  outer loop
    vertex 24.5659175643425 24.8750639285703 -4.22994972382185e-015
    vertex 24.5659175643425 35.3830439285703 5.25398999999999
    vertex 24.5659175643425 35.3830439285703 -4.22994972382185e-015
  endloop
endfacet
facet normal 0.0 0.0 -1.0
  outer loop
    vertex 24.5659175643425 35.3830439285703 -4.22994972382185e-015
    vertex -0.536479102324126 24.8750639285703 -4.22994972382185e-015
    vertex -0.536479102324126 35.3830439285703 -4.22994972382185e-015
  endloop
endfacet
facet normal 0.0 0.0 -1.0
  outer loop
    vertex -0.536479102324126 24.8750639285703 -4.22994972382185e-015
    vertex 24.5659175643425 35.3830439285703 -4.22994972382185e-015
    vertex 24.5659175643425 24.8750639285703 -4.22994972382185e-015
  endloop
endfacet
facet normal 0.0 0.216930457818656 0.976187060183953
  outer loop
    vertex 24.5659175643425 35.3830439285703 5.25398999999999
    vertex -0.536479102324126 35.3830439285703 5.25398999999999
    vertex 12.0147192310092 30.1290539285703 6.42154333333333
  endloop
endfacet
facet normal 0.0 1.0 0.0
  outer loop
    vertex -0.536479102324126 35.3830439285703 5.25398999999999
    vertex 24.5659175643425 35.3830439285703 -4.22994972382185e-015
    vertex -0.536479102324126 35.3830439285703 -4.22994972382185e-015
  endloop
endfacet
facet normal 0.0 1.0 0.0
  outer loop
    vertex 24.5659175643425 35.3830439285703 -4.22994972382185e-015
    vertex -0.536479102324126 35.3830439285703 5.25398999999999
    vertex 24.5659175643425 35.3830439285703 5.25398999999999
  endloop
endfacet
facet normal 0.0 -1.0 0.0
  outer loop
    vertex 24.5659175643425 24.8750639285703 5.25398999999999
    vertex -0.536479102324126 24.8750639285703 -4.22994972382185e-015
    vertex 24.5659175643425 24.8750639285703 -4.22994972382185e-015
  endloop
endfacet
facet normal 0.0 -1.0 0.0
  outer loop
    vertex -0.536479102324126 24.8750639285703 -4.22994972382185e-015
    vertex 24.5659175643425 24.8750639285703 5.25398999999999
    vertex -0.536479102324126 24.8750639285703 5.25398999999999
  endloop
endfacet
facet normal -1.0 0.0 0.0
  outer loop
    vertex -0.536479102324126 35.3830439285703 5.25398999999999
    vertex -0.536479102324126 24.8750639285703 -4.22994972382185e-015
    vertex -0.536479102324126 24.8750639285703 5.25398999999999
  endloop
endfacet
facet normal -1.0 0.0 0.0
  outer loop
    vertex -0.536479102324126 24.8750639285703 -4.22994972382185e-015
    vertex -0.536479102324126 35.3830439285703 5.25398999999999
    vertex -0.536479102324126 35.3830439285703 -4.22994972382185e-015
  endloop
endfacet
facet normal 0.0926233689294979 0.0 0.995701215992102
  outer loop
    vertex 24.5659175643425 35.3830439285703 5.25398999999999
    vertex 12.0147192310092 30.1290539285703 6.42154333333333
    vertex 24.5659175643425 24.8750639285703 5.25398999999999
  endloop
endfacet
facet normal -0.0926233689294979 0.0 0.995701215992102
  outer loop
    vertex 12.0147192310092 30.1290539285703 6.42154333333333
    vertex -0.536479102324126 35.3830439285703 5.25398999999999
    vertex -0.536479102324126 24.8750639285703 5.25398999999999
  endloop
endfacet
facet normal 0.0 -0.216930457818656 0.976187060183953
  outer loop
    vertex 24.5659175643425 24.8750639285703 5.25398999999999
    vertex 12.0147192310092 30.1290539285703 6.42154333333333
    vertex -0.536479102324126 24.8750639285703 5.25398999999999
  endloop
endfacet
facet normal 1.0 0.0 0.0
  outer loop
    vertex 24.5659175643425 35.3830439285703 -4.22994972382185e-015
    vertex 24.5659175643425 24.8750639285703 5.25398999999999
    vertex 24.5659175643425 24.8750639285703 -4.22994972382185e-015
  endloop
endfacet
facet normal 1.0 0.0 0.0
  outer loop
    vertex 24.5659175643425 24.8750639285703 5.25398999999999
    vertex 24.5659175643425 35.3830439285703 -4.22994972382185e-015
    vertex 24.5659175643425 35.3830439285703 5.25398999999999
  endloop
endfacet
facet normal -1.0 -3.82856869892695e-016 1.00556168234867e-031
  outer loop
    vertex 5.0093992310092 20.6525425285703 12.25931
    vertex 5.00939923100921 0.220359195236939 0.0
    vertex 5.00939923100921 0.220359195236941 12.25931
  endloop
endfacet
facet normal -1.0 -3.82856869892695e-016 1.00556168234867e-031
  outer loop
    vertex 5.00939923100921 0.220359195236939 0.0
    vertex 5.0093992310092 20.6525425285703 12.25931
    vertex 5.0093992310092 20.6525425285703 -4.22994972382185e-015
  endloop
endfacet
facet normal -3.82856869892695e-016 1.0 -2.22044604925031e-016
  outer loop
    vertex 19.0200392310092 20.6525425285703 12.25931
    vertex 17.9984300643425 20.6525425285703 11.2377008333333
    vertex 5.0093992310092 20.6525425285703 12.25931
  endloop
endfacet
facet normal -3.82856869892695e-016 1.0 -2.22044604925031e-016
  outer loop
    vertex 17.9984300643425 20.6525425285703 11.2377008333333
    vertex 19.0200392310092 20.6525425285703 12.25931
    vertex 19.0200392310092 20.6525425285703 -4.22994972382185e-015
  endloop
endfacet
facet normal -3.82856869892695e-016 1.0 -2.22044604925031e-016
  outer loop
    vertex 17.9984300643425 20.6525425285703 11.2377008333333
    vertex 19.0200392310092 20.6525425285703 -4.22994972382185e-015
    vertex 17.9984300643425 20.6525425285703 2.77293916666666
  endloop
endfacet
facet normal -3.82856869892695e-016 1.0 -2.22044604925031e-016
  outer loop
    vertex 17.9984300643425 20.6525425285703 2.77293916666666
    vertex 19.0200392310092 20.6525425285703 -4.22994972382185e-015
    vertex 6.03100839767587 20.6525425285703 2.77293916666666
  endloop
endfacet
facet normal -3.82856869892695e-016 1.0 -2.22044604925031e-016
  outer loop
    vertex 5.0093992310092 20.6525425285703 12.25931
    vertex 6.03100839767587 20.6525425285703 11.2377008333333
    vertex 5.0093992310092 20.6525425285703 -4.22994972382185e-015
  endloop
endfacet
facet normal -3.82856869892695e-016 1.0 -2.22044604925031e-016
  outer loop
    vertex 6.03100839767587 20.6525425285703 11.2377008333333
    vertex 5.0093992310092 20.6525425285703 12.25931
    vertex 17.9984300643425 20.6525425285703 11.2377008333333
  endloop
endfacet
facet normal -3.82856869892695e-016 1.0 -2.22044604925031e-016
  outer loop
    vertex 5.0093992310092 20.6525425285703 -4.22994972382185e-015
    vertex 6.03100839767587 20.6525425285703 11.2377008333333
    vertex 6.03100839767587 20.6525425285703 2.77293916666666
  endloop
endfacet
facet normal -3.82856869892695e-016 1.0 -2.22044604925031e-016
  outer loop
    vertex 5.0093992310092 20.6525425285703 -4.22994972382185e-015
    vertex 6.03100839767587 20.6525425285703 2.77293916666666
    vertex 19.0200392310092 20.6525425285703 -4.22994972382185e-015
  endloop
endfacet
facet normal 3.82856869892695e-016 -1.0 2.22044604925031e-016
  outer loop
    vertex 5.00939923100921 0.220359195236941 12.25931
    vertex 6.03100839767588 0.220359195236942 11.2377008333333
    vertex 19.0200392310092 0.220359195236947 12.25931
  endloop
endfacet
facet normal 3.82856869892695e-016 -1.0 2.22044604925031e-016
  outer loop
    vertex 6.03100839767588 0.220359195236942 11.2377008333333
    vertex 5.00939923100921 0.220359195236941 12.25931
    vertex 5.00939923100921 0.220359195236939 0.0
  endloop
endfacet
facet normal 3.82856869892695e-016 -1.0 2.22044604925031e-016
  outer loop
    vertex 6.03100839767588 0.220359195236942 11.2377008333333
    vertex 5.00939923100921 0.220359195236939 0.0
    vertex 6.03100839767588 0.22035919523694 2.77293916666667
  endloop
endfacet
facet normal 3.82856869892695e-016 -1.0 2.22044604925031e-016
  outer loop
    vertex 6.03100839767588 0.22035919523694 2.77293916666667
    vertex 5.00939923100921 0.220359195236939 0.0
    vertex 17.9984300643425 0.220359195236944 2.77293916666667
  endloop
endfacet
facet normal 3.82856869892695e-016 -1.0 2.22044604925031e-016
  outer loop
    vertex 19.0200392310092 0.220359195236947 12.25931
    vertex 17.9984300643425 0.220359195236946 11.2377008333333
    vertex 19.0200392310092 0.220359195236944 0.0
  endloop
endfacet
facet normal 3.82856869892695e-016 -1.0 2.22044604925031e-016
  outer loop
    vertex 17.9984300643425 0.220359195236946 11.2377008333333
    vertex 19.0200392310092 0.220359195236947 12.25931
    vertex 6.03100839767588 0.220359195236942 11.2377008333333
  endloop
endfacet
facet normal 3.82856869892695e-016 -1.0 2.22044604925031e-016
  outer loop
    vertex 19.0200392310092 0.220359195236944 0.0
    vertex 17.9984300643425 0.220359195236946 11.2377008333333
    vertex 17.9984300643425 0.220359195236944 2.77293916666667
  endloop
endfacet
facet normal 3.82856869892695e-016 -1.0 2.22044604925031e-016
  outer loop
    vertex 19.0200392310092 0.220359195236944 0.0
    vertex 17.9984300643425 0.220359195236944 2.77293916666667
    vertex 5.00939923100921 0.220359195236939 0.0
  endloop
endfacet
facet normal -0.0 2.22044604925031e-016 1.0
  outer loop
    vertex 6.03100839767588 2.26357752857027 2.77293916666667
    vertex 17.9984300643425 0.220359195236944 2.77293916666667
    vertex 17.9984300643425 2.26357752857028 2.77293916666667
  endloop
endfacet
facet normal -0.0 2.22044604925031e-016 1.0
  outer loop
    vertex 17.9984300643425 0.220359195236944 2.77293916666667
    vertex 6.03100839767588 2.26357752857027 2.77293916666667
    vertex 6.03100839767588 0.22035919523694 2.77293916666667
  endloop
endfacet
facet normal -1.0 -3.82856869892695e-016 1.00556168234867e-031
  outer loop
    vertex 17.9984300643425 2.26357752857028 11.2377008333333
    vertex 17.9984300643425 0.220359195236944 2.77293916666667
    vertex 17.9984300643425 0.220359195236946 11.2377008333333
  endloop
endfacet
facet normal -1.0 -3.82856869892695e-016 1.00556168234867e-031
  outer loop
    vertex 17.9984300643425 0.220359195236944 2.77293916666667
    vertex 17.9984300643425 2.26357752857028 11.2377008333333
    vertex 17.9984300643425 2.26357752857028 2.77293916666667
  endloop
endfacet
facet normal 1.0 3.82856869892695e-016 -1.00556168234867e-031
  outer loop
    vertex 6.03100839767588 2.26357752857027 2.77293916666667
    vertex 6.03100839767588 0.220359195236942 11.2377008333333
    vertex 6.03100839767588 0.22035919523694 2.77293916666667
  endloop
endfacet
facet normal 1.0 3.82856869892695e-016 -1.00556168234867e-031
  outer loop
    vertex 6.03100839767588 0.220359195236942 11.2377008333333
    vertex 6.03100839767588 2.26357752857027 2.77293916666667
    vertex 6.03100839767588 2.26357752857027 11.2377008333333
  endloop
endfacet
facet normal 0.0 -2.22044604925031e-016 -1.0
  outer loop
    vertex 6.03100839767588 0.220359195236942 11.2377008333333
    vertex 17.9984300643425 2.26357752857028 11.2377008333333
    vertex 17.9984300643425 0.220359195236946 11.2377008333333
  endloop
endfacet
facet normal 0.0 -2.22044604925031e-016 -1.0
  outer loop
    vertex 17.9984300643425 2.26357752857028 11.2377008333333
    vertex 6.03100839767588 0.220359195236942 11.2377008333333
    vertex 6.03100839767588 2.26357752857027 11.2377008333333
  endloop
endfacet
facet normal 3.82856869892695e-016 -1.0 2.22044604925031e-016
  outer loop
    vertex 6.03100839767588 2.26357752857027 2.77293916666667
    vertex 17.9984300643425 2.26357752857028 11.2377008333333
    vertex 6.03100839767588 2.26357752857027 11.2377008333333
  endloop
endfacet
facet normal 3.82856869892695e-016 -1.0 2.22044604925031e-016
  outer loop
    vertex 17.9984300643425 2.26357752857028 11.2377008333333
    vertex 6.03100839767588 2.26357752857027 2.77293916666667
    vertex 17.9984300643425 2.26357752857028 2.77293916666667
  endloop
endfacet
facet normal -3.82856869892695e-016 1.0 -2.22044604925031e-016
  outer loop
    vertex 17.9984300643425 18.6093241952369 2.77293916666666
    vertex 6.03100839767587 18.6093241952369 11.2377008333333
    vertex 17.9984300643425 18.6093241952369 11.2377008333333
  endloop
endfacet
facet normal -3.82856869892695e-016 1.0 -2.22044604925031e-016
  outer loop
    vertex 6.03100839767587 18.6093241952369 11.2377008333333
    vertex 17.9984300643425 18.6093241952369 2.77293916666666
    vertex 6.03100839767587 18.6093241952369 2.77293916666666
  endloop
endfacet
facet normal 0.0 -2.22044604925031e-016 -1.0
  outer loop
    vertex 6.03100839767587 18.6093241952369 11.2377008333333
    vertex 17.9984300643425 20.6525425285703 11.2377008333333
    vertex 17.9984300643425 18.6093241952369 11.2377008333333
  endloop
endfacet
facet normal 0.0 -2.22044604925031e-016 -1.0
  outer loop
    vertex 17.9984300643425 20.6525425285703 11.2377008333333
    vertex 6.03100839767587 18.6093241952369 11.2377008333333
    vertex 6.03100839767587 20.6525425285703 11.2377008333333
  endloop
endfacet
facet normal -1.0 -3.82856869892695e-016 1.00556168234867e-031
  outer loop
    vertex 17.9984300643425 20.6525425285703 11.2377008333333
    vertex 17.9984300643425 18.6093241952369 2.77293916666666
    vertex 17.9984300643425 18.6093241952369 11.2377008333333
  endloop
endfacet
facet normal -1.0 -3.82856869892695e-016 1.00556168234867e-031
  outer loop
    vertex 17.9984300643425 18.6093241952369 2.77293916666666
    vertex 17.9984300643425 20.6525425285703 11.2377008333333
    vertex 17.9984300643425 20.6525425285703 2.77293916666666
  endloop
endfacet
facet normal -0.0 2.22044604925031e-016 1.0
  outer loop
    vertex 6.03100839767587 20.6525425285703 2.77293916666666
    vertex 17.9984300643425 18.6093241952369 2.77293916666666
    vertex 17.9984300643425 20.6525425285703 2.77293916666666
  endloop
endfacet
facet normal -0.0 2.22044604925031e-016 1.0
  outer loop
    vertex 17.9984300643425 18.6093241952369 2.77293916666666
    vertex 6.03100839767587 20.6525425285703 2.77293916666666
    vertex 6.03100839767587 18.6093241952369 2.77293916666666
  endloop
endfacet
facet normal 1.0 3.82856869892695e-016 -1.00556168234867e-031
  outer loop
    vertex 6.03100839767587 20.6525425285703 2.77293916666666
    vertex 6.03100839767587 18.6093241952369 11.2377008333333
    vertex 6.03100839767587 18.6093241952369 2.77293916666666
  endloop
endfacet
facet normal 1.0 3.82856869892695e-016 -1.00556168234867e-031
  outer loop
    vertex 6.03100839767587 18.6093241952369 11.2377008333333
    vertex 6.03100839767587 20.6525425285703 2.77293916666666
    vertex 6.03100839767587 20.6525425285703 11.2377008333333
  endloop
endfacet
facet normal 1.0 3.82856869892695e-016 -1.00556168234867e-031
  outer loop
    vertex 19.0200392310092 20.6525425285703 -4.22994972382185e-015
    vertex 19.0200392310092 0.220359195236947 12.25931
    vertex 19.0200392310092 0.220359195236944 0.0
  endloop
endfacet
facet normal 1.0 3.82856869892695e-016 -1.00556168234867e-031
  outer loop
    vertex 19.0200392310092 0.220359195236947 12.25931
    vertex 19.0200392310092 20.6525425285703 -4.22994972382185e-015
    vertex 19.0200392310092 20.6525425285703 12.25931
  endloop
endfacet
facet normal 0.0 -2.22044604925031e-016 -1.0
  outer loop
    vertex 5.00939923100921 0.220359195236939 0.0
    vertex 19.0200392310092 20.6525425285703 -4.22994972382185e-015
    vertex 19.0200392310092 0.220359195236944 0.0
  endloop
endfacet
facet normal 0.0 -2.22044604925031e-016 -1.0
  outer loop
    vertex 19.0200392310092 20.6525425285703 -4.22994972382185e-015
    vertex 5.00939923100921 0.220359195236939 0.0
    vertex 5.0093992310092 20.6525425285703 -4.22994972382185e-015
  endloop
endfacet
facet normal 4.42809128522594e-017 2.22044604925029e-016 1.0
  outer loop
    vertex 17.9856964949306 9.36836772150542 10.6539241666667
    vertex 17.9856964949306 8.58565066896847 10.6539241666667
    vertex 17.9985082465369 8.97700919523695 10.6539241666667
  endloop
endfacet
facet normal 4.42809128522594e-017 2.22044604925029e-016 1.0
  outer loop
    vertex 17.9856964949306 8.58565066896847 10.6539241666667
    vertex 17.9856964949306 9.36836772150542 10.6539241666667
    vertex 17.9473161019991 9.75805039048194 10.6539241666667
  endloop
endfacet
facet normal 4.42809128522594e-017 2.22044604925029e-016 1.0
  outer loop
    vertex 17.9856964949306 8.58565066896847 10.6539241666667
    vertex 17.9473161019991 9.75805039048194 10.6539241666667
    vertex 17.9473161019991 8.19596799999198 10.6539241666667
  endloop
endfacet
facet normal 4.42809128522594e-017 2.22044604925029e-016 1.0
  outer loop
    vertex 17.9473161019991 8.19596799999198 10.6539241666667
    vertex 17.9473161019991 9.75805039048194 10.6539241666667
    vertex 17.8835314184773 7.80962986932112 10.6539241666667
  endloop
endfacet
facet normal 4.42809128522594e-017 2.22044604925029e-016 1.0
  outer loop
    vertex 17.8835314184773 7.80962986932112 10.6539241666667
    vertex 17.9473161019991 9.75805039048194 10.6539241666667
    vertex 17.8835314184773 10.1443885211528 10.6539241666667
  endloop
endfacet
facet normal 4.42809128522594e-017 2.22044604925029e-016 1.0
  outer loop
    vertex 17.8835314184773 7.80962986932112 10.6539241666667
    vertex 17.8835314184773 10.1443885211528 10.6539241666667
    vertex 17.7946155801722 10.5257277543308 10.6539241666667
  endloop
endfacet
facet normal 4.42809128522594e-017 2.22044604925029e-016 1.0
  outer loop
    vertex 17.8835314184773 7.80962986932112 10.6539241666667
    vertex 17.7946155801722 10.5257277543308 10.6539241666667
    vertex 17.7946155801722 7.42829063614312 10.6539241666667
  endloop
endfacet
facet normal 4.42809128522594e-017 2.22044604925029e-016 1.0
  outer loop
    vertex 17.7946155801722 7.42829063614312 10.6539241666667
    vertex 17.7946155801722 10.5257277543308 10.6539241666667
    vertex 17.6809493383542 10.9004351368751 10.6539241666667
  endloop
endfacet
facet normal 4.42809128522594e-017 2.22044604925029e-016 1.0
  outer loop
    vertex 17.7946155801722 7.42829063614312 10.6539241666667
    vertex 17.6809493383542 10.9004351368751 10.6539241666667
    vertex 17.6809493383542 7.0535832535988 10.6539241666667
  endloop
endfacet
facet normal 4.42809128522594e-017 2.22044604925029e-016 1.0
  outer loop
    vertex 17.6809493383542 7.0535832535988 10.6539241666667
    vertex 17.6809493383542 10.9004351368751 10.6539241666667
    vertex 17.5430194293211 11.2669061142476 10.6539241666667
  endloop
endfacet
facet normal 4.42809128522594e-017 2.22044604925029e-016 1.0
  outer loop
    vertex 17.6809493383542 7.0535832535988 10.6539241666667
    vertex 17.5430194293211 11.2669061142476 10.6539241666667
    vertex 17.5430194293211 6.68711227622631 10.6539241666667
  endloop
endfacet
facet normal 4.42809128522594e-017 2.22044604925029e-016 1.0
  outer loop
    vertex 17.5430194293211 6.68711227622631 10.6539241666667
    vertex 17.5430194293211 11.2669061142476 10.6539241666667
    vertex 17.3814164901187 11.6235714014615 10.6539241666667
  endloop
endfacet
facet normal 4.42809128522594e-017 2.22044604925029e-016 1.0
  outer loop
    vertex 17.5430194293211 6.68711227622631 10.6539241666667
    vertex 17.3814164901187 11.6235714014615 10.6539241666667
    vertex 17.3814164901187 6.33044698901234 10.6539241666667
  endloop
endfacet
facet normal 4.42809128522594e-017 2.22044604925029e-016 1.0
  outer loop
    vertex 17.3814164901187 6.33044698901234 10.6539241666667
    vertex 17.3814164901187 11.6235714014615 10.6539241666667
    vertex 17.1968325293424 11.9689037030008 10.6539241666667
  endloop
endfacet
facet normal 4.42809128522594e-017 2.22044604925029e-016 1.0
  outer loop
    vertex 17.3814164901187 6.33044698901234 10.6539241666667
    vertex 17.1968325293424 11.9689037030008 10.6539241666667
    vertex 17.1968325293424 5.98511468747312 10.6539241666667
  endloop
endfacet
facet normal 4.42809128522594e-017 2.22044604925029e-016 1.0
  outer loop
    vertex 17.1968325293424 5.98511468747312 10.6539241666667
    vertex 17.1968325293424 11.9689037030008 10.6539241666667
    vertex 16.9900579638502 12.3014242529338 10.6539241666667
  endloop
endfacet
facet normal 4.42809128522594e-017 2.22044604925029e-016 1.0
  outer loop
    vertex 17.1968325293424 5.98511468747312 10.6539241666667
    vertex 16.9900579638502 12.3014242529338 10.6539241666667
    vertex 16.9900579638502 5.6525941375401 10.6539241666667
  endloop
endfacet
facet normal 4.42809128522594e-017 2.22044604925029e-016 1.0
  outer loop
    vertex 16.9900579638502 5.6525941375401 10.6539241666667
    vertex 16.9900579638502 12.3014242529338 10.6539241666667
    vertex 16.761978234076 12.6197091472163 10.6539241666667
  endloop
endfacet
facet normal 4.42809128522594e-017 2.22044604925029e-016 1.0
  outer loop
    vertex 16.9900579638502 5.6525941375401 10.6539241666667
    vertex 16.761978234076 12.6197091472163 10.6539241666667
    vertex 16.7619782340761 5.33430924325765 10.6539241666667
  endloop
endfacet
facet normal 4.42809128522594e-017 2.22044604925029e-016 1.0
  outer loop
    vertex 16.7619782340761 5.33430924325765 10.6539241666667
    vertex 16.761978234076 12.6197091472163 10.6539241666667
    vertex 16.5135700124383 12.9223954410669 10.6539241666667
  endloop
endfacet
facet normal 4.42809128522594e-017 2.22044604925029e-016 1.0
  outer loop
    vertex 16.7619782340761 5.33430924325765 10.6539241666667
    vertex 16.5135700124383 12.9223954410669 10.6539241666667
    vertex 16.5135700124383 5.03162294940704 10.6539241666667
  endloop
endfacet
facet normal 4.42809128522594e-017 2.22044604925029e-016 1.0
  outer loop
    vertex 16.5135700124383 5.03162294940704 10.6539241666667
    vertex 16.5135700124383 12.9223954410669 10.6539241666667
    vertex 16.2458970210784 13.2081869853061 10.6539241666667
  endloop
endfacet
facet normal 4.42809128522594e-017 2.22044604925029e-016 1.0
  outer loop
    vertex 16.5135700124383 5.03162294940704 10.6539241666667
    vertex 16.2458970210784 13.2081869853061 10.6539241666667
    vertex 16.2458970210784 4.74583140516779 10.6539241666667
  endloop
endfacet
facet normal 4.42809128522594e-017 2.22044604925029e-016 1.0
  outer loop
    vertex 16.2458970210784 4.74583140516779 10.6539241666667
    vertex 16.2458970210784 13.2081869853061 10.6539241666667
    vertex 15.9601054768391 4.47815841380784 10.6539241666667
  endloop
endfacet
facet normal 4.42809128522594e-017 2.22044604925029e-016 1.0
  outer loop
    vertex 15.9601054768391 4.47815841380784 10.6539241666667
    vertex 16.2458970210784 13.2081869853061 10.6539241666667
    vertex 15.9601054768391 13.4758599766661 10.6539241666667
  endloop
endfacet
facet normal 4.42809128522594e-017 2.22044604925029e-016 1.0
  outer loop
    vertex 15.9601054768391 4.47815841380784 10.6539241666667
    vertex 15.9601054768391 13.4758599766661 10.6539241666667
    vertex 15.6574191829885 4.22975019217012 10.6539241666667
  endloop
endfacet
facet normal 4.42809128522594e-017 2.22044604925029e-016 1.0
  outer loop
    vertex 15.6574191829885 4.22975019217012 10.6539241666667
    vertex 15.9601054768391 13.4758599766661 10.6539241666667
    vertex 15.6574191829885 13.7242681983038 10.6539241666667
  endloop
endfacet
facet normal 4.42809128522594e-017 2.22044604925029e-016 1.0
  outer loop
    vertex 15.6574191829885 4.22975019217012 10.6539241666667
    vertex 15.6574191829885 13.7242681983038 10.6539241666667
    vertex 15.339134288706 4.00167046239594 10.6539241666667
  endloop
endfacet
facet normal 4.42809128522594e-017 2.22044604925029e-016 1.0
  outer loop
    vertex 15.339134288706 4.00167046239594 10.6539241666667
    vertex 15.6574191829885 13.7242681983038 10.6539241666667
    vertex 15.3391342887061 13.9523479280779 10.6539241666667
  endloop
endfacet
facet normal 4.42809128522594e-017 2.22044604925029e-016 1.0
  outer loop
    vertex 15.339134288706 4.00167046239594 10.6539241666667
    vertex 15.3391342887061 13.9523479280779 10.6539241666667
    vertex 15.006613738773 14.1591224935702 10.6539241666667
  endloop
endfacet
facet normal 4.42809128522594e-017 2.22044604925029e-016 1.0
  outer loop
    vertex 15.339134288706 4.00167046239594 10.6539241666667
    vertex 15.006613738773 14.1591224935702 10.6539241666667
    vertex 15.006613738773 3.79489589690373 10.6539241666667
  endloop
endfacet
facet normal 4.42809128522594e-017 2.22044604925029e-016 1.0
  outer loop
    vertex 15.006613738773 3.79489589690373 10.6539241666667
    vertex 15.006613738773 14.1591224935702 10.6539241666667
    vertex 14.6612814372338 3.61031193612748 10.6539241666667
  endloop
endfacet
facet normal 4.42809128522594e-017 2.22044604925029e-016 1.0
  outer loop
    vertex 14.6612814372338 3.61031193612748 10.6539241666667
    vertex 15.006613738773 14.1591224935702 10.6539241666667
    vertex 14.6612814372338 14.3437064543464 10.6539241666667
  endloop
endfacet
facet normal 4.42809128522594e-017 2.22044604925029e-016 1.0
  outer loop
    vertex 14.6612814372338 3.61031193612748 10.6539241666667
    vertex 14.6612814372338 14.3437064543464 10.6539241666667
    vertex 14.3046161500198 14.5053093935488 10.6539241666667
  endloop
endfacet
facet normal 4.42809128522594e-017 2.22044604925029e-016 1.0
  outer loop
    vertex 14.6612814372338 3.61031193612748 10.6539241666667
    vertex 14.3046161500198 14.5053093935488 10.6539241666667
    vertex 14.3046161500198 3.44870899692509 10.6539241666667
  endloop
endfacet
facet normal 4.42809128522594e-017 2.22044604925029e-016 1.0
  outer loop
    vertex 14.3046161500198 3.44870899692509 10.6539241666667
    vertex 14.3046161500198 14.5053093935488 10.6539241666667
    vertex 13.9381451726473 3.31077908789194 10.6539241666667
  endloop
endfacet
facet normal 4.42809128522594e-017 2.22044604925029e-016 1.0
  outer loop
    vertex 13.9381451726473 3.31077908789194 10.6539241666667
    vertex 14.3046161500198 14.5053093935488 10.6539241666667
    vertex 13.9381451726473 14.6432393025819 10.6539241666667
  endloop
endfacet
facet normal 4.42809128522594e-017 2.22044604925029e-016 1.0
  outer loop
    vertex 13.9381451726473 3.31077908789194 10.6539241666667
    vertex 13.9381451726473 14.6432393025819 10.6539241666667
    vertex 13.5634377901031 3.19711284607396 10.6539241666667
  endloop
endfacet
facet normal 4.42809128522594e-017 2.22044604925029e-016 1.0
  outer loop
    vertex 13.5634377901031 3.19711284607396 10.6539241666667
    vertex 13.9381451726473 14.6432393025819 10.6539241666667
    vertex 13.563437790103 14.7569055443999 10.6539241666667
  endloop
endfacet
facet normal 4.42809128522594e-017 2.22044604925029e-016 1.0
  outer loop
    vertex 13.5634377901031 3.19711284607396 10.6539241666667
    vertex 13.563437790103 14.7569055443999 10.6539241666667
    vertex 13.1820985569251 3.10819700776889 10.6539241666667
  endloop
endfacet
facet normal 4.42809128522594e-017 2.22044604925029e-016 1.0
  outer loop
    vertex 13.1820985569251 3.10819700776889 10.6539241666667
    vertex 13.563437790103 14.7569055443999 10.6539241666667
    vertex 13.1820985569251 14.845821382705 10.6539241666667
  endloop
endfacet
facet normal 4.42809128522594e-017 2.22044604925029e-016 1.0
  outer loop
    vertex 13.1820985569251 3.10819700776889 10.6539241666667
    vertex 13.1820985569251 14.845821382705 10.6539241666667
    vertex 12.7957604262542 14.9096060662269 10.6539241666667
  endloop
endfacet
facet normal 4.42809128522594e-017 2.22044604925029e-016 1.0
  outer loop
    vertex 13.1820985569251 3.10819700776889 10.6539241666667
    vertex 12.7957604262542 14.9096060662269 10.6539241666667
    vertex 12.7957604262542 3.044412324247 10.6539241666667
  endloop
endfacet
facet normal 4.42809128522594e-017 2.22044604925029e-016 1.0
  outer loop
    vertex 12.7957604262542 3.044412324247 10.6539241666667
    vertex 12.7957604262542 14.9096060662269 10.6539241666667
    vertex 12.4060777572777 3.00603193131554 10.6539241666667
  endloop
endfacet
facet normal 4.42809128522594e-017 2.22044604925029e-016 1.0
  outer loop
    vertex 12.4060777572777 3.00603193131554 10.6539241666667
    vertex 12.7957604262542 14.9096060662269 10.6539241666667
    vertex 12.4060777572776 14.9479864591583 10.6539241666667
  endloop
endfacet
facet normal 4.42809128522594e-017 2.22044604925029e-016 1.0
  outer loop
    vertex 12.4060777572777 3.00603193131554 10.6539241666667
    vertex 12.4060777572776 14.9479864591583 10.6539241666667
    vertex 12.0147192310092 2.9932201797093 10.6539241666667
  endloop
endfacet
facet normal 4.42809128522594e-017 2.22044604925029e-016 1.0
  outer loop
    vertex 12.0147192310092 2.9932201797093 10.6539241666667
    vertex 12.4060777572776 14.9479864591583 10.6539241666667
    vertex 12.0147192310092 14.9607982107646 10.6539241666667
  endloop
endfacet
facet normal 4.42809128522594e-017 2.22044604925029e-016 1.0
  outer loop
    vertex 12.0147192310092 2.9932201797093 10.6539241666667
    vertex 12.0147192310092 14.9607982107646 10.6539241666667
    vertex 11.6233607047408 3.00603193131554 10.6539241666667
  endloop
endfacet
facet normal 4.42809128522594e-017 2.22044604925029e-016 1.0
  outer loop
    vertex 11.6233607047408 3.00603193131554 10.6539241666667
    vertex 12.0147192310092 14.9607982107646 10.6539241666667
    vertex 11.6233607047407 14.9479864591583 10.6539241666667
  endloop
endfacet
facet normal 4.42809128522594e-017 2.22044604925029e-016 1.0
  outer loop
    vertex 11.6233607047408 3.00603193131554 10.6539241666667
    vertex 11.6233607047407 14.9479864591583 10.6539241666667
    vertex 11.2336780357642 3.044412324247 10.6539241666667
  endloop
endfacet
facet normal 4.42809128522594e-017 2.22044604925029e-016 1.0
  outer loop
    vertex 11.2336780357642 3.044412324247 10.6539241666667
    vertex 11.6233607047407 14.9479864591583 10.6539241666667
    vertex 11.2336780357642 14.9096060662269 10.6539241666667
  endloop
endfacet
facet normal 4.42809128522594e-017 2.22044604925029e-016 1.0
  outer loop
    vertex 11.2336780357642 3.044412324247 10.6539241666667
    vertex 11.2336780357642 14.9096060662269 10.6539241666667
    vertex 10.8473399050934 3.10819700776889 10.6539241666667
  endloop
endfacet
facet normal 4.42809128522594e-017 2.22044604925029e-016 1.0
  outer loop
    vertex 10.8473399050934 3.10819700776889 10.6539241666667
    vertex 11.2336780357642 14.9096060662269 10.6539241666667
    vertex 10.8473399050933 14.845821382705 10.6539241666667
  endloop
endfacet
facet normal 4.42809128522594e-017 2.22044604925029e-016 1.0
  outer loop
    vertex 10.8473399050934 3.10819700776889 10.6539241666667
    vertex 10.8473399050933 14.845821382705 10.6539241666667
    vertex 10.4660006719154 3.19711284607396 10.6539241666667
  endloop
endfacet
facet normal 4.42809128522594e-017 2.22044604925029e-016 1.0
  outer loop
    vertex 10.4660006719154 3.19711284607396 10.6539241666667
    vertex 10.8473399050933 14.845821382705 10.6539241666667
    vertex 10.4660006719154 14.7569055443999 10.6539241666667
  endloop
endfacet
facet normal 4.42809128522594e-017 2.22044604925029e-016 1.0
  outer loop
    vertex 10.4660006719154 3.19711284607396 10.6539241666667
    vertex 10.4660006719154 14.7569055443999 10.6539241666667
    vertex 10.0912932893711 3.31077908789196 10.6539241666667
  endloop
endfacet
facet normal 4.42809128522594e-017 2.22044604925029e-016 1.0
  outer loop
    vertex 10.0912932893711 3.31077908789196 10.6539241666667
    vertex 10.4660006719154 14.7569055443999 10.6539241666667
    vertex 10.091293289371 14.6432393025819 10.6539241666667
  endloop
endfacet
facet normal 4.42809128522594e-017 2.22044604925029e-016 1.0
  outer loop
    vertex 10.0912932893711 3.31077908789196 10.6539241666667
    vertex 10.091293289371 14.6432393025819 10.6539241666667
    vertex 9.7248223119986 3.44870899692507 10.6539241666667
  endloop
endfacet
facet normal 4.42809128522594e-017 2.22044604925029e-016 1.0
  outer loop
    vertex 9.7248223119986 3.44870899692507 10.6539241666667
    vertex 10.091293289371 14.6432393025819 10.6539241666667
    vertex 9.72482231199856 14.5053093935488 10.6539241666667
  endloop
endfacet
facet normal 4.42809128522594e-017 2.22044604925029e-016 1.0
  outer loop
    vertex 9.7248223119986 3.44870899692507 10.6539241666667
    vertex 9.72482231199856 14.5053093935488 10.6539241666667
    vertex 9.36815702478462 3.6103119361275 10.6539241666667
  endloop
endfacet
facet normal 4.42809128522594e-017 2.22044604925029e-016 1.0
  outer loop
    vertex 9.36815702478462 3.6103119361275 10.6539241666667
    vertex 9.72482231199856 14.5053093935488 10.6539241666667
    vertex 9.36815702478461 14.3437064543464 10.6539241666667
  endloop
endfacet
facet normal 4.42809128522594e-017 2.22044604925029e-016 1.0
  outer loop
    vertex 9.36815702478462 3.6103119361275 10.6539241666667
    vertex 9.36815702478461 14.3437064543464 10.6539241666667
    vertex 9.02282472324539 3.79489589690372 10.6539241666667
  endloop
endfacet
facet normal 4.42809128522594e-017 2.22044604925029e-016 1.0
  outer loop
    vertex 9.02282472324539 3.79489589690372 10.6539241666667
    vertex 9.36815702478461 14.3437064543464 10.6539241666667
    vertex 9.02282472324536 14.1591224935701 10.6539241666667
  endloop
endfacet
facet normal 4.42809128522594e-017 2.22044604925029e-016 1.0
  outer loop
    vertex 9.02282472324539 3.79489589690372 10.6539241666667
    vertex 9.02282472324536 14.1591224935701 10.6539241666667
    vertex 8.69030417331233 4.00167046239597 10.6539241666667
  endloop
endfacet
facet normal 4.42809128522594e-017 2.22044604925029e-016 1.0
  outer loop
    vertex 8.69030417331233 4.00167046239597 10.6539241666667
    vertex 9.02282472324536 14.1591224935701 10.6539241666667
    vertex 8.69030417331236 13.9523479280779 10.6539241666667
  endloop
endfacet
facet normal 4.42809128522594e-017 2.22044604925029e-016 1.0
  outer loop
    vertex 8.69030417331233 4.00167046239597 10.6539241666667
    vertex 8.69030417331236 13.9523479280779 10.6539241666667
    vertex 8.37201927902992 13.7242681983038 10.6539241666667
  endloop
endfacet
facet normal 4.42809128522594e-017 2.22044604925029e-016 1.0
  outer loop
    vertex 8.69030417331233 4.00167046239597 10.6539241666667
    vertex 8.37201927902992 13.7242681983038 10.6539241666667
    vertex 8.37201927902992 4.22975019217006 10.6539241666667
  endloop
endfacet
facet normal 4.42809128522594e-017 2.22044604925029e-016 1.0
  outer loop
    vertex 8.37201927902992 4.22975019217006 10.6539241666667
    vertex 8.37201927902992 13.7242681983038 10.6539241666667
    vertex 8.0693329851793 13.4758599766661 10.6539241666667
  endloop
endfacet
facet normal 4.42809128522594e-017 2.22044604925029e-016 1.0
  outer loop
    vertex 8.37201927902992 4.22975019217006 10.6539241666667
    vertex 8.0693329851793 13.4758599766661 10.6539241666667
    vertex 8.0693329851793 4.4781584138078 10.6539241666667
  endloop
endfacet
facet normal 4.42809128522594e-017 2.22044604925029e-016 1.0
  outer loop
    vertex 8.0693329851793 4.4781584138078 10.6539241666667
    vertex 8.0693329851793 13.4758599766661 10.6539241666667
    vertex 7.78354144094005 13.2081869853061 10.6539241666667
  endloop
endfacet
facet normal 4.42809128522594e-017 2.22044604925029e-016 1.0
  outer loop
    vertex 8.0693329851793 4.4781584138078 10.6539241666667
    vertex 7.78354144094005 13.2081869853061 10.6539241666667
    vertex 7.78354144094002 4.74583140516779 10.6539241666667
  endloop
endfacet
facet normal 4.42809128522594e-017 2.22044604925029e-016 1.0
  outer loop
    vertex 7.78354144094002 4.74583140516779 10.6539241666667
    vertex 7.78354144094005 13.2081869853061 10.6539241666667
    vertex 7.51586844958008 12.9223954410668 10.6539241666667
  endloop
endfacet
facet normal 4.42809128522594e-017 2.22044604925029e-016 1.0
  outer loop
    vertex 7.78354144094002 4.74583140516779 10.6539241666667
    vertex 7.51586844958008 12.9223954410668 10.6539241666667
    vertex 7.5158684495801 5.03162294940702 10.6539241666667
  endloop
endfacet
facet normal 4.42809128522594e-017 2.22044604925029e-016 1.0
  outer loop
    vertex 7.5158684495801 5.03162294940702 10.6539241666667
    vertex 7.51586844958008 12.9223954410668 10.6539241666667
    vertex 7.26746022794237 5.33430924325763 10.6539241666667
  endloop
endfacet
facet normal 4.42809128522594e-017 2.22044604925029e-016 1.0
  outer loop
    vertex 7.26746022794237 5.33430924325763 10.6539241666667
    vertex 7.51586844958008 12.9223954410668 10.6539241666667
    vertex 7.26746022794235 12.6197091472162 10.6539241666667
  endloop
endfacet
facet normal 4.42809128522594e-017 2.22044604925029e-016 1.0
  outer loop
    vertex 7.26746022794237 5.33430924325763 10.6539241666667
    vertex 7.26746022794235 12.6197091472162 10.6539241666667
    vertex 7.03938049816824 5.65259413754006 10.6539241666667
  endloop
endfacet
facet normal 4.42809128522594e-017 2.22044604925029e-016 1.0
  outer loop
    vertex 7.03938049816824 5.65259413754006 10.6539241666667
    vertex 7.26746022794235 12.6197091472162 10.6539241666667
    vertex 7.0393804981682 12.3014242529338 10.6539241666667
  endloop
endfacet
facet normal 4.42809128522594e-017 2.22044604925029e-016 1.0
  outer loop
    vertex 7.03938049816824 5.65259413754006 10.6539241666667
    vertex 7.0393804981682 12.3014242529338 10.6539241666667
    vertex 6.83260593267596 5.98511468747317 10.6539241666667
  endloop
endfacet
facet normal 4.42809128522594e-017 2.22044604925029e-016 1.0
  outer loop
    vertex 6.83260593267596 5.98511468747317 10.6539241666667
    vertex 7.0393804981682 12.3014242529338 10.6539241666667
    vertex 6.83260593267597 11.9689037030008 10.6539241666667
  endloop
endfacet
facet normal 4.42809128522594e-017 2.22044604925029e-016 1.0
  outer loop
    vertex 6.83260593267596 5.98511468747317 10.6539241666667
    vertex 6.83260593267597 11.9689037030008 10.6539241666667
    vertex 6.64802197189973 11.6235714014615 10.6539241666667
  endloop
endfacet
facet normal 4.42809128522594e-017 2.22044604925029e-016 1.0
  outer loop
    vertex 6.83260593267596 5.98511468747317 10.6539241666667
    vertex 6.64802197189973 11.6235714014615 10.6539241666667
    vertex 6.64802197189975 6.33044698901235 10.6539241666667
  endloop
endfacet
facet normal 4.42809128522594e-017 2.22044604925029e-016 1.0
  outer loop
    vertex 6.64802197189975 6.33044698901235 10.6539241666667
    vertex 6.64802197189973 11.6235714014615 10.6539241666667
    vertex 6.48641903269736 6.68711227622629 10.6539241666667
  endloop
endfacet
facet normal 4.42809128522594e-017 2.22044604925029e-016 1.0
  outer loop
    vertex 6.48641903269736 6.68711227622629 10.6539241666667
    vertex 6.64802197189973 11.6235714014615 10.6539241666667
    vertex 6.48641903269735 11.2669061142476 10.6539241666667
  endloop
endfacet
facet normal 4.42809128522594e-017 2.22044604925029e-016 1.0
  outer loop
    vertex 6.48641903269736 6.68711227622629 10.6539241666667
    vertex 6.48641903269735 11.2669061142476 10.6539241666667
    vertex 6.34848912366423 7.0535832535988 10.6539241666667
  endloop
endfacet
facet normal 4.42809128522594e-017 2.22044604925029e-016 1.0
  outer loop
    vertex 6.34848912366423 7.0535832535988 10.6539241666667
    vertex 6.48641903269735 11.2669061142476 10.6539241666667
    vertex 6.34848912366421 10.9004351368751 10.6539241666667
  endloop
endfacet
facet normal 4.42809128522594e-017 2.22044604925029e-016 1.0
  outer loop
    vertex 6.34848912366423 7.0535832535988 10.6539241666667
    vertex 6.34848912366421 10.9004351368751 10.6539241666667
    vertex 6.2348228818462 7.42829063614318 10.6539241666667
  endloop
endfacet
facet normal 4.42809128522594e-017 2.22044604925029e-016 1.0
  outer loop
    vertex 6.2348228818462 7.42829063614318 10.6539241666667
    vertex 6.34848912366421 10.9004351368751 10.6539241666667
    vertex 6.23482288184621 10.5257277543307 10.6539241666667
  endloop
endfacet
facet normal 4.42809128522594e-017 2.22044604925029e-016 1.0
  outer loop
    vertex 6.2348228818462 7.42829063614318 10.6539241666667
    vertex 6.23482288184621 10.5257277543307 10.6539241666667
    vertex 6.14590704354116 10.1443885211528 10.6539241666667
  endloop
endfacet
facet normal 4.42809128522594e-017 2.22044604925029e-016 1.0
  outer loop
    vertex 6.2348228818462 7.42829063614318 10.6539241666667
    vertex 6.14590704354116 10.1443885211528 10.6539241666667
    vertex 6.14590704354115 7.80962986932113 10.6539241666667
  endloop
endfacet
facet normal 4.42809128522594e-017 2.22044604925029e-016 1.0
  outer loop
    vertex 6.14590704354115 7.80962986932113 10.6539241666667
    vertex 6.14590704354116 10.1443885211528 10.6539241666667
    vertex 6.08212236001927 9.75805039048189 10.6539241666667
  endloop
endfacet
facet normal 4.42809128522594e-017 2.22044604925029e-016 1.0
  outer loop
    vertex 6.14590704354115 7.80962986932113 10.6539241666667
    vertex 6.08212236001927 9.75805039048189 10.6539241666667
    vertex 6.08212236001927 8.19596799999196 10.6539241666667
  endloop
endfacet
facet normal 4.42809128522594e-017 2.22044604925029e-016 1.0
  outer loop
    vertex 6.08212236001927 8.19596799999196 10.6539241666667
    vertex 6.08212236001927 9.75805039048189 10.6539241666667
    vertex 6.04374196708781 8.58565066896845 10.6539241666667
  endloop
endfacet
facet normal 4.42809128522594e-017 2.22044604925029e-016 1.0
  outer loop
    vertex 6.04374196708781 8.58565066896845 10.6539241666667
    vertex 6.08212236001927 9.75805039048189 10.6539241666667
    vertex 6.04374196708781 9.36836772150545 10.6539241666667
  endloop
endfacet
facet normal 4.42809128522594e-017 2.22044604925029e-016 1.0
  outer loop
    vertex 6.04374196708781 8.58565066896845 10.6539241666667
    vertex 6.04374196708781 9.36836772150545 10.6539241666667
    vertex 6.03093021548156 8.97700919523694 10.6539241666667
  endloop
endfacet
facet normal 0.162895473394589 -0.986643332084879 2.59498145681017e-016
  outer loop
    vertex 10.8473399050933 14.845821382705 10.6539241666667
    vertex 11.2336780357642 14.9096060662269 12.25931
    vertex 10.8473399050933 14.845821382705 12.25931
  endloop
endfacet
facet normal 0.162895473394589 -0.986643332084879 2.59498145681017e-016
  outer loop
    vertex 11.2336780357642 14.9096060662269 12.25931
    vertex 10.8473399050933 14.845821382705 10.6539241666667
    vertex 11.2336780357642 14.9096060662269 10.6539241666667
  endloop
endfacet
facet normal 0.0980171403295702 -0.995184726672196 2.45947090565114e-016
  outer loop
    vertex 11.2336780357642 14.9096060662269 10.6539241666667
    vertex 11.6233607047407 14.9479864591583 12.25931
    vertex 11.2336780357642 14.9096060662269 12.25931
  endloop
endfacet
facet normal 0.0980171403295702 -0.995184726672196 2.45947090565114e-016
  outer loop
    vertex 11.6233607047407 14.9479864591583 12.25931
    vertex 11.2336780357642 14.9096060662269 10.6539241666667
    vertex 11.6233607047407 14.9479864591583 10.6539241666667
  endloop
endfacet
facet normal 0.0327190828217704 -0.999464587476366 2.30280579654218e-016
  outer loop
    vertex 11.6233607047407 14.9479864591583 10.6539241666667
    vertex 12.0147192310092 14.9607982107646 12.25931
    vertex 11.6233607047407 14.9479864591583 12.25931
  endloop
endfacet
facet normal 0.0327190828217704 -0.999464587476366 2.30280579654218e-016
  outer loop
    vertex 12.0147192310092 14.9607982107646 12.25931
    vertex 11.6233607047407 14.9479864591583 10.6539241666667
    vertex 12.0147192310092 14.9607982107646 10.6539241666667
  endloop
endfacet
facet normal -0.0327190828217682 -0.999464587476366 2.1357085927128e-016
  outer loop
    vertex 12.0147192310092 14.9607982107646 10.6539241666667
    vertex 12.4060777572776 14.9479864591583 12.25931
    vertex 12.0147192310092 14.9607982107646 12.25931
  endloop
endfacet
facet normal -0.0327190828217682 -0.999464587476366 2.1357085927128e-016
  outer loop
    vertex 12.4060777572776 14.9479864591583 12.25931
    vertex 12.0147192310092 14.9607982107646 10.6539241666667
    vertex 12.4060777572776 14.9479864591583 10.6539241666667
  endloop
endfacet
facet normal -0.0980171403295586 -0.995184726672197 1.95889483004268e-016
  outer loop
    vertex 12.4060777572776 14.9479864591583 10.6539241666667
    vertex 12.7957604262542 14.9096060662269 12.25931
    vertex 12.4060777572776 14.9479864591583 12.25931
  endloop
endfacet
facet normal -0.0980171403295586 -0.995184726672197 1.95889483004268e-016
  outer loop
    vertex 12.7957604262542 14.9096060662269 12.25931
    vertex 12.4060777572776 14.9479864591583 10.6539241666667
    vertex 12.7957604262542 14.9096060662269 10.6539241666667
  endloop
endfacet
facet normal -0.162895473394583 -0.98664333208488 1.77483258685634e-016
  outer loop
    vertex 12.7957604262542 14.9096060662269 10.6539241666667
    vertex 13.1820985569251 14.845821382705 12.25931
    vertex 12.7957604262542 14.9096060662269 12.25931
  endloop
endfacet
facet normal -0.162895473394583 -0.98664333208488 1.77483258685634e-016
  outer loop
    vertex 13.1820985569251 14.845821382705 12.25931
    vertex 12.7957604262542 14.9096060662269 10.6539241666667
    vertex 13.1820985569251 14.845821382705 10.6539241666667
  endloop
endfacet
facet normal -0.22707626303438 -0.973876979277332 1.58259911128902e-016
  outer loop
    vertex 13.1820985569251 14.845821382705 10.6539241666667
    vertex 13.563437790103 14.7569055443999 12.25931
    vertex 13.1820985569251 14.845821382705 12.25931
  endloop
endfacet
facet normal -0.22707626303438 -0.973876979277332 1.58259911128902e-016
  outer loop
    vertex 13.563437790103 14.7569055443999 12.25931
    vertex 13.1820985569251 14.845821382705 10.6539241666667
    vertex 13.563437790103 14.7569055443999 10.6539241666667
  endloop
endfacet
facet normal -0.290284677254458 -0.95694033573221 1.3835887033622e-016
  outer loop
    vertex 13.563437790103 14.7569055443999 10.6539241666667
    vertex 13.9381451726473 14.6432393025819 12.25931
    vertex 13.563437790103 14.7569055443999 12.25931
  endloop
endfacet
facet normal -0.290284677254458 -0.95694033573221 1.3835887033622e-016
  outer loop
    vertex 13.9381451726473 14.6432393025819 12.25931
    vertex 13.563437790103 14.7569055443999 10.6539241666667
    vertex 13.9381451726473 14.6432393025819 10.6539241666667
  endloop
endfacet
facet normal -0.352250047921225 -0.935905926757329 1.17865355619516e-016
  outer loop
    vertex 13.9381451726473 14.6432393025819 10.6539241666667
    vertex 14.3046161500198 14.5053093935488 12.25931
    vertex 13.9381451726473 14.6432393025819 12.25931
  endloop
endfacet
facet normal -0.352250047921225 -0.935905926757329 1.17865355619516e-016
  outer loop
    vertex 14.3046161500198 14.5053093935488 12.25931
    vertex 13.9381451726473 14.6432393025819 10.6539241666667
    vertex 14.3046161500198 14.5053093935488 10.6539241666667
  endloop
endfacet
facet normal -0.412707029804392 -0.910863824921177 3.84978813811437e-016
  outer loop
    vertex 14.3046161500198 14.5053093935488 10.6539241666667
    vertex 14.6612814372338 14.3437064543464 12.25931
    vertex 14.3046161500198 14.5053093935488 12.25931
  endloop
endfacet
facet normal -0.412707029804392 -0.910863824921177 3.84978813811437e-016
  outer loop
    vertex 14.6612814372338 14.3437064543464 12.25931
    vertex 14.3046161500198 14.5053093935488 10.6539241666667
    vertex 14.6612814372338 14.3437064543464 10.6539241666667
  endloop
endfacet
facet normal -0.471396736825997 -0.881921264348356 7.43424626142062e-016
  outer loop
    vertex 14.6612814372338 14.3437064543464 10.6539241666667
    vertex 15.006613738773 14.1591224935702 12.25931
    vertex 14.6612814372338 14.3437064543464 12.25931
  endloop
endfacet
facet normal -0.471396736825997 -0.881921264348356 7.43424626142062e-016
  outer loop
    vertex 15.006613738773 14.1591224935702 12.25931
    vertex 14.6612814372338 14.3437064543464 10.6539241666667
    vertex 15.006613738773 14.1591224935702 10.6539241666667
  endloop
endfacet
facet normal -0.528067850650355 -0.849202181526587 8.04147503572706e-016
  outer loop
    vertex 15.006613738773 14.1591224935702 10.6539241666667
    vertex 15.3391342887061 13.9523479280779 12.25931
    vertex 15.006613738773 14.1591224935702 12.25931
  endloop
endfacet
facet normal -0.528067850650355 -0.849202181526587 8.04147503572706e-016
  outer loop
    vertex 15.3391342887061 13.9523479280779 12.25931
    vertex 15.006613738773 14.1591224935702 10.6539241666667
    vertex 15.3391342887061 13.9523479280779 10.6539241666667
  endloop
endfacet
facet normal -0.582477696867808 -0.812846684591611 8.59502378857703e-016
  outer loop
    vertex 15.3391342887061 13.9523479280779 10.6539241666667
    vertex 15.6574191829885 13.7242681983038 12.25931
    vertex 15.3391342887061 13.9523479280779 12.25931
  endloop
endfacet
facet normal -0.582477696867808 -0.812846684591611 8.59502378857703e-016
  outer loop
    vertex 15.6574191829885 13.7242681983038 12.25931
    vertex 15.3391342887061 13.9523479280779 10.6539241666667
    vertex 15.6574191829885 13.7242681983038 10.6539241666667
  endloop
endfacet
facet normal -0.634393284163644 -0.773010453362738 9.11176733003198e-016
  outer loop
    vertex 15.6574191829885 13.7242681983038 10.6539241666667
    vertex 15.9601054768391 13.4758599766661 12.25931
    vertex 15.6574191829885 13.7242681983038 12.25931
  endloop
endfacet
facet normal -0.634393284163644 -0.773010453362738 9.11176733003198e-016
  outer loop
    vertex 15.9601054768391 13.4758599766661 12.25931
    vertex 15.6574191829885 13.7242681983038 10.6539241666667
    vertex 15.9601054768391 13.4758599766661 10.6539241666667
  endloop
endfacet
facet normal -0.683592302022871 -0.729864072697836 9.59026288911291e-016
  outer loop
    vertex 15.9601054768391 13.4758599766661 10.6539241666667
    vertex 16.2458970210784 13.2081869853061 12.25931
    vertex 15.9601054768391 13.4758599766661 12.25931
  endloop
endfacet
facet normal -0.683592302022871 -0.729864072697836 9.59026288911291e-016
  outer loop
    vertex 16.2458970210784 13.2081869853061 12.25931
    vertex 15.9601054768391 13.4758599766661 10.6539241666667
    vertex 16.2458970210784 13.2081869853061 10.6539241666667
  endloop
endfacet
facet normal -0.729864072697833 -0.683592302022874 1.00261547590608e-015
  outer loop
    vertex 16.2458970210784 13.2081869853061 12.25931
    vertex 16.5135700124383 12.9223954410669 10.6539241666667
    vertex 16.5135700124383 12.9223954410669 12.25931
  endloop
endfacet
facet normal -0.729864072697833 -0.683592302022874 1.00261547590608e-015
  outer loop
    vertex 16.5135700124383 12.9223954410669 10.6539241666667
    vertex 16.2458970210784 13.2081869853061 12.25931
    vertex 16.2458970210784 13.2081869853061 10.6539241666667
  endloop
endfacet
facet normal -0.773010453362736 -0.634393284163646 1.04198830992841e-015
  outer loop
    vertex 16.5135700124383 12.9223954410669 12.25931
    vertex 16.761978234076 12.6197091472163 10.6539241666667
    vertex 16.761978234076 12.6197091472163 12.25931
  endloop
endfacet
facet normal -0.773010453362736 -0.634393284163646 1.04198830992841e-015
  outer loop
    vertex 16.761978234076 12.6197091472163 10.6539241666667
    vertex 16.5135700124383 12.9223954410669 12.25931
    vertex 16.5135700124383 12.9223954410669 10.6539241666667
  endloop
endfacet
facet normal -0.812846684591617 -0.5824776968678 1.07689919003868e-015
  outer loop
    vertex 16.761978234076 12.6197091472163 12.25931
    vertex 16.9900579638502 12.3014242529338 10.6539241666667
    vertex 16.9900579638502 12.3014242529338 12.25931
  endloop
endfacet
facet normal -0.812846684591617 -0.5824776968678 1.07689919003868e-015
  outer loop
    vertex 16.9900579638502 12.3014242529338 10.6539241666667
    vertex 16.761978234076 12.6197091472163 12.25931
    vertex 16.761978234076 12.6197091472163 10.6539241666667
  endloop
endfacet
facet normal -0.849202181526577 -0.528067850650371 1.10719862248863e-015
  outer loop
    vertex 16.9900579638502 12.3014242529338 12.25931
    vertex 17.1968325293424 11.9689037030008 10.6539241666667
    vertex 17.1968325293424 11.9689037030008 12.25931
  endloop
endfacet
facet normal -0.849202181526577 -0.528067850650371 1.10719862248863e-015
  outer loop
    vertex 17.1968325293424 11.9689037030008 10.6539241666667
    vertex 16.9900579638502 12.3014242529338 12.25931
    vertex 16.9900579638502 12.3014242529338 10.6539241666667
  endloop
endfacet
facet normal -0.881921264348356 -0.471396736825996 1.13275686045686e-015
  outer loop
    vertex 17.1968325293424 11.9689037030008 12.25931
    vertex 17.3814164901187 11.6235714014615 10.6539241666667
    vertex 17.3814164901187 11.6235714014615 12.25931
  endloop
endfacet
facet normal -0.881921264348356 -0.471396736825996 1.13275686045686e-015
  outer loop
    vertex 17.3814164901187 11.6235714014615 10.6539241666667
    vertex 17.1968325293424 11.9689037030008 12.25931
    vertex 17.1968325293424 11.9689037030008 10.6539241666667
  endloop
endfacet
facet normal -0.910863824921177 -0.412707029804391 1.15346445964461e-015
  outer loop
    vertex 17.3814164901187 11.6235714014615 12.25931
    vertex 17.5430194293211 11.2669061142476 10.6539241666667
    vertex 17.5430194293211 11.2669061142476 12.25931
  endloop
endfacet
facet normal -0.910863824921177 -0.412707029804391 1.15346445964461e-015
  outer loop
    vertex 17.5430194293211 11.2669061142476 10.6539241666667
    vertex 17.3814164901187 11.6235714014615 12.25931
    vertex 17.3814164901187 11.6235714014615 10.6539241666667
  endloop
endfacet
facet normal -0.935905926757326 -0.352250047921232 1.16923274693308e-015
  outer loop
    vertex 17.5430194293211 11.2669061142476 12.25931
    vertex 17.6809493383542 10.9004351368751 10.6539241666667
    vertex 17.6809493383542 10.9004351368751 12.25931
  endloop
endfacet
facet normal -0.935905926757326 -0.352250047921232 1.16923274693308e-015
  outer loop
    vertex 17.6809493383542 10.9004351368751 10.6539241666667
    vertex 17.5430194293211 11.2669061142476 12.25931
    vertex 17.5430194293211 11.2669061142476 10.6539241666667
  endloop
endfacet
facet normal -0.956940335732211 -0.290284677254455 1.17999420009531e-015
  outer loop
    vertex 17.6809493383542 10.9004351368751 12.25931
    vertex 17.7946155801722 10.5257277543308 10.6539241666667
    vertex 17.7946155801722 10.5257277543308 12.25931
  endloop
endfacet
facet normal -0.956940335732211 -0.290284677254455 1.17999420009531e-015
  outer loop
    vertex 17.7946155801722 10.5257277543308 10.6539241666667
    vertex 17.6809493383542 10.9004351368751 12.25931
    vertex 17.6809493383542 10.9004351368751 10.6539241666667
  endloop
endfacet
facet normal -0.973876979277331 -0.227076263034384 1.18570273693672e-015
  outer loop
    vertex 17.7946155801722 10.5257277543308 12.25931
    vertex 17.8835314184773 10.1443885211528 10.6539241666667
    vertex 17.8835314184773 10.1443885211528 12.25931
  endloop
endfacet
facet normal -0.973876979277331 -0.227076263034384 1.18570273693672e-015
  outer loop
    vertex 17.8835314184773 10.1443885211528 10.6539241666667
    vertex 17.7946155801722 10.5257277543308 12.25931
    vertex 17.7946155801722 10.5257277543308 10.6539241666667
  endloop
endfacet
facet normal -0.986643332084879 -0.162895473394589 1.18633391262617e-015
  outer loop
    vertex 17.8835314184773 10.1443885211528 12.25931
    vertex 17.9473161019991 9.75805039048194 10.6539241666667
    vertex 17.9473161019991 9.75805039048194 12.25931
  endloop
endfacet
facet normal -0.986643332084879 -0.162895473394589 1.18633391262617e-015
  outer loop
    vertex 17.9473161019991 9.75805039048194 10.6539241666667
    vertex 17.8835314184773 10.1443885211528 12.25931
    vertex 17.8835314184773 10.1443885211528 10.6539241666667
  endloop
endfacet
facet normal -0.995184726672197 -0.098017140329564 1.18188502437246e-015
  outer loop
    vertex 17.9473161019991 9.75805039048194 12.25931
    vertex 17.9856964949306 9.36836772150542 10.6539241666667
    vertex 17.9856964949306 9.36836772150542 12.25931
  endloop
endfacet
facet normal -0.995184726672197 -0.098017140329564 1.18188502437246e-015
  outer loop
    vertex 17.9856964949306 9.36836772150542 10.6539241666667
    vertex 17.9473161019991 9.75805039048194 12.25931
    vertex 17.9473161019991 9.75805039048194 10.6539241666667
  endloop
endfacet
facet normal -0.999464587476365 -0.0327190828217784 1.1723751229981e-015
  outer loop
    vertex 17.9856964949306 9.36836772150542 12.25931
    vertex 17.9985082465369 8.97700919523695 10.6539241666667
    vertex 17.9985082465369 8.97700919523695 12.25931
  endloop
endfacet
facet normal -0.999464587476365 -0.0327190828217784 1.1723751229981e-015
  outer loop
    vertex 17.9985082465369 8.97700919523695 10.6539241666667
    vertex 17.9856964949306 9.36836772150542 12.25931
    vertex 17.9856964949306 9.36836772150542 10.6539241666667
  endloop
endfacet
facet normal -0.999464587476365 0.032719082821779 1.15784493136076e-015
  outer loop
    vertex 17.9985082465369 8.97700919523695 12.25931
    vertex 17.9856964949306 8.58565066896847 10.6539241666667
    vertex 17.9856964949306 8.58565066896847 12.25931
  endloop
endfacet
facet normal -0.999464587476365 0.032719082821779 1.15784493136076e-015
  outer loop
    vertex 17.9856964949306 8.58565066896847 10.6539241666667
    vertex 17.9985082465369 8.97700919523695 12.25931
    vertex 17.9985082465369 8.97700919523695 10.6539241666667
  endloop
endfacet
facet normal -0.995184726672197 0.0980171403295562 1.13835666997175e-015
  outer loop
    vertex 17.9856964949306 8.58565066896847 12.25931
    vertex 17.9473161019991 8.19596799999198 10.6539241666667
    vertex 17.9473161019991 8.19596799999198 12.25931
  endloop
endfacet
facet normal -0.995184726672197 0.0980171403295562 1.13835666997175e-015
  outer loop
    vertex 17.9473161019991 8.19596799999198 10.6539241666667
    vertex 17.9856964949306 8.58565066896847 12.25931
    vertex 17.9856964949306 8.58565066896847 10.6539241666667
  endloop
endfacet
facet normal -0.98664333208488 0.162895473394585 1.11399379055822e-015
  outer loop
    vertex 17.9473161019991 8.19596799999198 12.25931
    vertex 17.8835314184773 7.80962986932112 10.6539241666667
    vertex 17.8835314184773 7.80962986932112 12.25931
  endloop
endfacet
facet normal -0.98664333208488 0.162895473394585 1.11399379055822e-015
  outer loop
    vertex 17.8835314184773 7.80962986932112 10.6539241666667
    vertex 17.9473161019991 8.19596799999198 12.25931
    vertex 17.9473161019991 8.19596799999198 10.6539241666667
  endloop
endfacet
facet normal -0.973876979277335 0.227076263034366 1.08486061871008e-015
  outer loop
    vertex 17.8835314184773 7.80962986932112 12.25931
    vertex 17.7946155801722 7.42829063614312 10.6539241666667
    vertex 17.7946155801722 7.42829063614312 12.25931
  endloop
endfacet
facet normal -0.973876979277335 0.227076263034366 1.08486061871008e-015
  outer loop
    vertex 17.7946155801722 7.42829063614312 10.6539241666667
    vertex 17.8835314184773 7.80962986932112 12.25931
    vertex 17.8835314184773 7.80962986932112 10.6539241666667
  endloop
endfacet
facet normal -0.956940335732208 0.290284677254465 1.05108190714179e-015
  outer loop
    vertex 17.7946155801722 7.42829063614312 12.25931
    vertex 17.6809493383542 7.0535832535988 10.6539241666667
    vertex 17.6809493383542 7.0535832535988 12.25931
  endloop
endfacet
facet normal -0.956940335732208 0.290284677254465 1.05108190714179e-015
  outer loop
    vertex 17.6809493383542 7.0535832535988 10.6539241666667
    vertex 17.7946155801722 7.42829063614312 12.25931
    vertex 17.7946155801722 7.42829063614312 10.6539241666667
  endloop
endfacet
facet normal -0.935905926757325 0.352250047921234 1.01280230148209e-015
  outer loop
    vertex 17.6809493383542 7.0535832535988 12.25931
    vertex 17.5430194293211 6.68711227622631 10.6539241666667
    vertex 17.5430194293211 6.68711227622631 12.25931
  endloop
endfacet
facet normal -0.935905926757325 0.352250047921234 1.01280230148209e-015
  outer loop
    vertex 17.5430194293211 6.68711227622631 10.6539241666667
    vertex 17.6809493383542 7.0535832535988 12.25931
    vertex 17.6809493383542 7.0535832535988 10.6539241666667
  endloop
endfacet
facet normal -0.910863824921177 0.412707029804392 9.7018572087921e-016
  outer loop
    vertex 17.5430194293211 6.68711227622631 12.25931
    vertex 17.3814164901187 6.33044698901234 10.6539241666667
    vertex 17.3814164901187 6.33044698901234 12.25931
  endloop
endfacet
facet normal -0.910863824921177 0.412707029804392 9.7018572087921e-016
  outer loop
    vertex 17.3814164901187 6.33044698901234 10.6539241666667
    vertex 17.5430194293211 6.68711227622631 12.25931
    vertex 17.5430194293211 6.68711227622631 10.6539241666667
  endloop
endfacet
facet normal -0.881921264348351 0.471396736826005 9.23414656073893e-016
  outer loop
    vertex 17.3814164901187 6.33044698901234 12.25931
    vertex 17.1968325293424 5.98511468747312 10.6539241666667
    vertex 17.1968325293424 5.98511468747312 12.25931
  endloop
endfacet
facet normal -0.881921264348351 0.471396736826005 9.23414656073893e-016
  outer loop
    vertex 17.1968325293424 5.98511468747312 10.6539241666667
    vertex 17.3814164901187 6.33044698901234 12.25931
    vertex 17.3814164901187 6.33044698901234 10.6539241666667
  endloop
endfacet
facet normal -0.849202181526578 0.528067850650369 8.72689387946083e-016
  outer loop
    vertex 17.1968325293424 5.98511468747312 12.25931
    vertex 16.9900579638502 5.6525941375401 10.6539241666667
    vertex 16.9900579638502 5.6525941375401 12.25931
  endloop
endfacet
facet normal -0.849202181526578 0.528067850650369 8.72689387946083e-016
  outer loop
    vertex 16.9900579638502 5.6525941375401 10.6539241666667
    vertex 17.1968325293424 5.98511468747312 12.25931
    vertex 17.1968325293424 5.98511468747312 10.6539241666667
  endloop
endfacet
facet normal -0.812846684591613 0.582477696867805 8.18227129881369e-016
  outer loop
    vertex 16.9900579638502 5.6525941375401 12.25931
    vertex 16.7619782340761 5.33430924325765 10.6539241666667
    vertex 16.7619782340761 5.33430924325765 12.25931
  endloop
endfacet
facet normal -0.812846684591613 0.582477696867805 8.18227129881369e-016
  outer loop
    vertex 16.7619782340761 5.33430924325765 10.6539241666667
    vertex 16.9900579638502 5.6525941375401 12.25931
    vertex 16.9900579638502 5.6525941375401 10.6539241666667
  endloop
endfacet
facet normal -0.773010453362741 0.63439328416364 7.6026109763e-016
  outer loop
    vertex 16.7619782340761 5.33430924325765 12.25931
    vertex 16.5135700124383 5.03162294940704 10.6539241666667
    vertex 16.5135700124383 5.03162294940704 12.25931
  endloop
endfacet
facet normal -0.773010453362741 0.63439328416364 7.6026109763e-016
  outer loop
    vertex 16.5135700124383 5.03162294940704 10.6539241666667
    vertex 16.7619782340761 5.33430924325765 12.25931
    vertex 16.7619782340761 5.33430924325765 10.6539241666667
  endloop
endfacet
facet normal -0.729864072697838 0.683592302022868 6.9903951064116e-016
  outer loop
    vertex 16.5135700124383 5.03162294940704 12.25931
    vertex 16.2458970210784 4.74583140516779 10.6539241666667
    vertex 16.2458970210784 4.74583140516779 12.25931
  endloop
endfacet
facet normal -0.729864072697838 0.683592302022868 6.9903951064116e-016
  outer loop
    vertex 16.2458970210784 4.74583140516779 10.6539241666667
    vertex 16.5135700124383 5.03162294940704 12.25931
    vertex 16.5135700124383 5.03162294940704 10.6539241666667
  endloop
endfacet
facet normal -0.683592302022872 0.729864072697835 6.34901529568961e-016
  outer loop
    vertex 16.2458970210784 4.74583140516779 10.6539241666667
    vertex 15.9601054768391 4.47815841380784 12.25931
    vertex 16.2458970210784 4.74583140516779 12.25931
  endloop
endfacet
facet normal -0.683592302022872 0.729864072697835 6.34901529568961e-016
  outer loop
    vertex 15.9601054768391 4.47815841380784 12.25931
    vertex 16.2458970210784 4.74583140516779 10.6539241666667
    vertex 15.9601054768391 4.47815841380784 10.6539241666667
  endloop
endfacet
facet normal -0.634393284163648 0.773010453362735 5.67891131563506e-016
  outer loop
    vertex 15.9601054768391 4.47815841380784 10.6539241666667
    vertex 15.6574191829885 4.22975019217012 12.25931
    vertex 15.9601054768391 4.47815841380784 12.25931
  endloop
endfacet
facet normal -0.634393284163648 0.773010453362735 5.67891131563506e-016
  outer loop
    vertex 15.6574191829885 4.22975019217012 12.25931
    vertex 15.9601054768391 4.47815841380784 10.6539241666667
    vertex 15.6574191829885 4.22975019217012 10.6539241666667
  endloop
endfacet
facet normal -0.582477696867809 0.81284668459161 4.98525936968171e-016
  outer loop
    vertex 15.6574191829885 4.22975019217012 10.6539241666667
    vertex 15.339134288706 4.00167046239594 12.25931
    vertex 15.6574191829885 4.22975019217012 12.25931
  endloop
endfacet
facet normal -0.582477696867809 0.81284668459161 4.98525936968171e-016
  outer loop
    vertex 15.339134288706 4.00167046239594 12.25931
    vertex 15.6574191829885 4.22975019217012 10.6539241666667
    vertex 15.339134288706 4.00167046239594 10.6539241666667
  endloop
endfacet
facet normal -0.528067850650365 0.849202181526581 4.27025977775627e-016
  outer loop
    vertex 15.339134288706 4.00167046239594 10.6539241666667
    vertex 15.006613738773 3.79489589690373 12.25931
    vertex 15.339134288706 4.00167046239594 12.25931
  endloop
endfacet
facet normal -0.528067850650365 0.849202181526581 4.27025977775627e-016
  outer loop
    vertex 15.006613738773 3.79489589690373 12.25931
    vertex 15.339134288706 4.00167046239594 10.6539241666667
    vertex 15.006613738773 3.79489589690373 10.6539241666667
  endloop
endfacet
facet normal -0.471396736825997 0.881921264348355 3.51772908707639e-016
  outer loop
    vertex 15.006613738773 3.79489589690373 10.6539241666667
    vertex 14.6612814372338 3.61031193612748 12.25931
    vertex 15.006613738773 3.79489589690373 12.25931
  endloop
endfacet
facet normal -0.471396736825997 0.881921264348355 3.51772908707639e-016
  outer loop
    vertex 14.6612814372338 3.61031193612748 12.25931
    vertex 15.006613738773 3.79489589690373 10.6539241666667
    vertex 14.6612814372338 3.61031193612748 10.6539241666667
  endloop
endfacet
facet normal -0.412707029804396 0.910863824921175 -1.9525982478801e-017
  outer loop
    vertex 14.6612814372338 3.61031193612748 10.6539241666667
    vertex 14.3046161500198 3.44870899692509 12.25931
    vertex 14.6612814372338 3.61031193612748 12.25931
  endloop
endfacet
facet normal -0.412707029804396 0.910863824921175 -1.9525982478801e-017
  outer loop
    vertex 14.3046161500198 3.44870899692509 12.25931
    vertex 14.6612814372338 3.61031193612748 10.6539241666667
    vertex 14.3046161500198 3.44870899692509 10.6539241666667
  endloop
endfacet
facet normal -0.352250047921238 0.935905926757324 -2.97760367888138e-016
  outer loop
    vertex 14.3046161500198 3.44870899692509 10.6539241666667
    vertex 13.9381451726473 3.31077908789194 12.25931
    vertex 14.3046161500198 3.44870899692509 12.25931
  endloop
endfacet
facet normal -0.352250047921238 0.935905926757324 -2.97760367888138e-016
  outer loop
    vertex 13.9381451726473 3.31077908789194 12.25931
    vertex 14.3046161500198 3.44870899692509 10.6539241666667
    vertex 13.9381451726473 3.31077908789194 10.6539241666667
  endloop
endfacet
facet normal -0.290284677254461 0.956940335732209 -2.86608007232751e-016
  outer loop
    vertex 13.9381451726473 3.31077908789194 10.6539241666667
    vertex 13.5634377901031 3.19711284607396 12.25931
    vertex 13.9381451726473 3.31077908789194 12.25931
  endloop
endfacet
facet normal -0.290284677254461 0.956940335732209 -2.86608007232751e-016
  outer loop
    vertex 13.5634377901031 3.19711284607396 12.25931
    vertex 13.9381451726473 3.31077908789194 10.6539241666667
    vertex 13.5634377901031 3.19711284607396 10.6539241666667
  endloop
endfacet
facet normal -0.227076263034371 0.973876979277334 -2.74228347089532e-016
  outer loop
    vertex 13.5634377901031 3.19711284607396 10.6539241666667
    vertex 13.1820985569251 3.10819700776889 12.25931
    vertex 13.5634377901031 3.19711284607396 12.25931
  endloop
endfacet
facet normal -0.227076263034371 0.973876979277334 -2.74228347089532e-016
  outer loop
    vertex 13.1820985569251 3.10819700776889 12.25931
    vertex 13.5634377901031 3.19711284607396 10.6539241666667
    vertex 13.1820985569251 3.10819700776889 10.6539241666667
  endloop
endfacet
facet normal -0.16289547339459 0.986643332084879 -2.60674399063775e-016
  outer loop
    vertex 13.1820985569251 3.10819700776889 10.6539241666667
    vertex 12.7957604262542 3.044412324247 12.25931
    vertex 13.1820985569251 3.10819700776889 12.25931
  endloop
endfacet
facet normal -0.16289547339459 0.986643332084879 -2.60674399063775e-016
  outer loop
    vertex 12.7957604262542 3.044412324247 12.25931
    vertex 13.1820985569251 3.10819700776889 10.6539241666667
    vertex 12.7957604262542 3.044412324247 10.6539241666667
  endloop
endfacet
facet normal -0.0980171403295652 0.995184726672197 -2.46061315918427e-016
  outer loop
    vertex 12.7957604262542 3.044412324247 10.6539241666667
    vertex 12.4060777572777 3.00603193131554 12.25931
    vertex 12.7957604262542 3.044412324247 12.25931
  endloop
endfacet
facet normal -0.0980171403295652 0.995184726672197 -2.46061315918427e-016
  outer loop
    vertex 12.4060777572777 3.00603193131554 12.25931
    vertex 12.7957604262542 3.044412324247 10.6539241666667
    vertex 12.4060777572777 3.00603193131554 10.6539241666667
  endloop
endfacet
facet normal 0.773010453362731 -0.634393284163653 -2.11004135326481e-016
  outer loop
    vertex 7.51586844958008 12.9223954410668 10.6539241666667
    vertex 7.26746022794235 12.6197091472162 12.25931
    vertex 7.26746022794235 12.6197091472162 10.6539241666667
  endloop
endfacet
facet normal 0.773010453362731 -0.634393284163653 -2.11004135326481e-016
  outer loop
    vertex 7.26746022794235 12.6197091472162 12.25931
    vertex 7.51586844958008 12.9223954410668 10.6539241666667
    vertex 7.51586844958008 12.9223954410668 12.25931
  endloop
endfacet
facet normal 0.412707029804403 -0.910863824921172 1.58447536138809e-016
  outer loop
    vertex 9.36815702478461 14.3437064543464 10.6539241666667
    vertex 9.72482231199856 14.5053093935488 12.25931
    vertex 9.36815702478461 14.3437064543464 12.25931
  endloop
endfacet
facet normal 0.412707029804403 -0.910863824921172 1.58447536138809e-016
  outer loop
    vertex 9.72482231199856 14.5053093935488 12.25931
    vertex 9.36815702478461 14.3437064543464 10.6539241666667
    vertex 9.72482231199856 14.5053093935488 10.6539241666667
  endloop
endfacet
facet normal 0.290284677254468 -0.956940335732207 2.86608007232752e-016
  outer loop
    vertex 10.091293289371 14.6432393025819 10.6539241666667
    vertex 10.4660006719154 14.7569055443999 12.25931
    vertex 10.091293289371 14.6432393025819 12.25931
  endloop
endfacet
facet normal 0.290284677254468 -0.956940335732207 2.86608007232752e-016
  outer loop
    vertex 10.4660006719154 14.7569055443999 12.25931
    vertex 10.091293289371 14.6432393025819 10.6539241666667
    vertex 10.4660006719154 14.7569055443999 10.6539241666667
  endloop
endfacet
facet normal 0.935905926757324 -0.352250047921238 -3.47801143869855e-016
  outer loop
    vertex 6.48641903269735 11.2669061142476 10.6539241666667
    vertex 6.34848912366421 10.9004351368751 12.25931
    vertex 6.34848912366421 10.9004351368751 10.6539241666667
  endloop
endfacet
facet normal 0.935905926757324 -0.352250047921238 -3.47801143869855e-016
  outer loop
    vertex 6.34848912366421 10.9004351368751 12.25931
    vertex 6.48641903269735 11.2669061142476 10.6539241666667
    vertex 6.48641903269735 11.2669061142476 12.25931
  endloop
endfacet
facet normal 0.91086382492118 -0.412707029804386 -3.22978046814818e-016
  outer loop
    vertex 6.64802197189973 11.6235714014615 10.6539241666667
    vertex 6.48641903269735 11.2669061142476 12.25931
    vertex 6.48641903269735 11.2669061142476 10.6539241666667
  endloop
endfacet
facet normal 0.91086382492118 -0.412707029804386 -3.22978046814818e-016
  outer loop
    vertex 6.48641903269735 11.2669061142476 12.25931
    vertex 6.64802197189973 11.6235714014615 10.6539241666667
    vertex 6.64802197189973 11.6235714014615 12.25931
  endloop
endfacet
facet normal 0.849202181526579 -0.528067850650368 -2.6929494667075e-016
  outer loop
    vertex 7.0393804981682 12.3014242529338 10.6539241666667
    vertex 6.83260593267597 11.9689037030008 12.25931
    vertex 6.83260593267597 11.9689037030008 10.6539241666667
  endloop
endfacet
facet normal 0.849202181526579 -0.528067850650368 -2.6929494667075e-016
  outer loop
    vertex 6.83260593267597 11.9689037030008 12.25931
    vertex 7.0393804981682 12.3014242529338 10.6539241666667
    vertex 7.0393804981682 12.3014242529338 12.25931
  endloop
endfacet
facet normal 0.471396736825997 -0.881921264348355 -2.25989389361324e-017
  outer loop
    vertex 9.02282472324536 14.1591224935701 10.6539241666667
    vertex 9.36815702478461 14.3437064543464 12.25931
    vertex 9.02282472324536 14.1591224935701 12.25931
  endloop
endfacet
facet normal 0.471396736825997 -0.881921264348355 -2.25989389361324e-017
  outer loop
    vertex 9.36815702478461 14.3437064543464 12.25931
    vertex 9.02282472324536 14.1591224935701 10.6539241666667
    vertex 9.36815702478461 14.3437064543464 10.6539241666667
  endloop
endfacet
facet normal 0.582477696867797 -0.812846684591619 -8.4650640716474e-017
  outer loop
    vertex 8.37201927902992 13.7242681983038 10.6539241666667
    vertex 8.69030417331236 13.9523479280779 12.25931
    vertex 8.37201927902992 13.7242681983038 12.25931
  endloop
endfacet
facet normal 0.582477696867797 -0.812846684591619 -8.4650640716474e-017
  outer loop
    vertex 8.69030417331236 13.9523479280779 12.25931
    vertex 8.37201927902992 13.7242681983038 10.6539241666667
    vertex 8.69030417331236 13.9523479280779 10.6539241666667
  endloop
endfacet
facet normal 0.634393284163642 -0.77301045336274 -1.17127591886035e-016
  outer loop
    vertex 8.0693329851793 13.4758599766661 10.6539241666667
    vertex 8.37201927902992 13.7242681983038 12.25931
    vertex 8.0693329851793 13.4758599766661 12.25931
  endloop
endfacet
facet normal 0.634393284163642 -0.77301045336274 -1.17127591886035e-016
  outer loop
    vertex 8.37201927902992 13.7242681983038 12.25931
    vertex 8.0693329851793 13.4758599766661 10.6539241666667
    vertex 8.37201927902992 13.7242681983038 10.6539241666667
  endloop
endfacet
facet normal 0.729864072697839 -0.683592302022867 -1.80362895273737e-016
  outer loop
    vertex 7.78354144094005 13.2081869853061 10.6539241666667
    vertex 7.51586844958008 12.9223954410668 12.25931
    vertex 7.51586844958008 12.9223954410668 10.6539241666667
  endloop
endfacet
facet normal 0.729864072697839 -0.683592302022867 -1.80362895273737e-016
  outer loop
    vertex 7.51586844958008 12.9223954410668 12.25931
    vertex 7.78354144094005 13.2081869853061 10.6539241666667
    vertex 7.78354144094005 13.2081869853061 12.25931
  endloop
endfacet
facet normal 0.227076263034375 -0.973876979277333 2.74228347089533e-016
  outer loop
    vertex 10.4660006719154 14.7569055443999 10.6539241666667
    vertex 10.8473399050933 14.845821382705 12.25931
    vertex 10.4660006719154 14.7569055443999 12.25931
  endloop
endfacet
facet normal 0.227076263034375 -0.973876979277333 2.74228347089533e-016
  outer loop
    vertex 10.8473399050933 14.845821382705 12.25931
    vertex 10.4660006719154 14.7569055443999 10.6539241666667
    vertex 10.8473399050933 14.845821382705 10.6539241666667
  endloop
endfacet
facet normal 0.683592302022868 -0.729864072697839 -1.49102984725383e-016
  outer loop
    vertex 7.78354144094005 13.2081869853061 10.6539241666667
    vertex 8.0693329851793 13.4758599766661 12.25931
    vertex 7.78354144094005 13.2081869853061 12.25931
  endloop
endfacet
facet normal 0.683592302022868 -0.729864072697839 -1.49102984725383e-016
  outer loop
    vertex 8.0693329851793 13.4758599766661 12.25931
    vertex 7.78354144094005 13.2081869853061 10.6539241666667
    vertex 8.0693329851793 13.4758599766661 10.6539241666667
  endloop
endfacet
facet normal 0.812846684591622 -0.582477696867793 -2.4066482285813e-016
  outer loop
    vertex 7.26746022794235 12.6197091472162 10.6539241666667
    vertex 7.0393804981682 12.3014242529338 12.25931
    vertex 7.0393804981682 12.3014242529338 10.6539241666667
  endloop
endfacet
facet normal 0.812846684591622 -0.582477696867793 -2.4066482285813e-016
  outer loop
    vertex 7.0393804981682 12.3014242529338 12.25931
    vertex 7.26746022794235 12.6197091472162 10.6539241666667
    vertex 7.26746022794235 12.6197091472162 12.25931
  endloop
endfacet
facet normal 0.881921264348358 -0.471396736825992 -2.96771908178822e-016
  outer loop
    vertex 6.83260593267597 11.9689037030008 10.6539241666667
    vertex 6.64802197189973 11.6235714014615 12.25931
    vertex 6.64802197189973 11.6235714014615 10.6539241666667
  endloop
endfacet
facet normal 0.881921264348358 -0.471396736825992 -2.96771908178822e-016
  outer loop
    vertex 6.64802197189973 11.6235714014615 12.25931
    vertex 6.83260593267597 11.9689037030008 10.6539241666667
    vertex 6.83260593267597 11.9689037030008 12.25931
  endloop
endfacet
facet normal 0.352250047921232 -0.935905926757326 2.97760367888137e-016
  outer loop
    vertex 9.72482231199856 14.5053093935488 10.6539241666667
    vertex 10.091293289371 14.6432393025819 12.25931
    vertex 9.72482231199856 14.5053093935488 12.25931
  endloop
endfacet
facet normal 0.352250047921232 -0.935905926757326 2.97760367888137e-016
  outer loop
    vertex 10.091293289371 14.6432393025819 12.25931
    vertex 9.72482231199856 14.5053093935488 10.6539241666667
    vertex 10.091293289371 14.6432393025819 10.6539241666667
  endloop
endfacet
facet normal 0.528067850650377 -0.849202181526574 -5.18112025075716e-017
  outer loop
    vertex 8.69030417331236 13.9523479280779 10.6539241666667
    vertex 9.02282472324536 14.1591224935701 12.25931
    vertex 8.69030417331236 13.9523479280779 12.25931
  endloop
endfacet
facet normal 0.528067850650377 -0.849202181526574 -5.18112025075716e-017
  outer loop
    vertex 9.02282472324536 14.1591224935701 12.25931
    vertex 8.69030417331236 13.9523479280779 10.6539241666667
    vertex 9.02282472324536 14.1591224935701 10.6539241666667
  endloop
endfacet
facet normal -0.032719082821769 0.999464587476366 -2.30280579654218e-016
  outer loop
    vertex 12.4060777572777 3.00603193131554 10.6539241666667
    vertex 12.0147192310092 2.9932201797093 12.25931
    vertex 12.4060777572777 3.00603193131554 12.25931
  endloop
endfacet
facet normal -0.032719082821769 0.999464587476366 -2.30280579654218e-016
  outer loop
    vertex 12.0147192310092 2.9932201797093 12.25931
    vertex 12.4060777572777 3.00603193131554 10.6539241666667
    vertex 12.0147192310092 2.9932201797093 10.6539241666667
  endloop
endfacet
facet normal 0.0327190828217777 0.999464587476366 -2.13570859271278e-016
  outer loop
    vertex 12.0147192310092 2.9932201797093 10.6539241666667
    vertex 11.6233607047408 3.00603193131554 12.25931
    vertex 12.0147192310092 2.9932201797093 12.25931
  endloop
endfacet
facet normal 0.0327190828217777 0.999464587476366 -2.13570859271278e-016
  outer loop
    vertex 11.6233607047408 3.00603193131554 12.25931
    vertex 12.0147192310092 2.9932201797093 10.6539241666667
    vertex 11.6233607047408 3.00603193131554 10.6539241666667
  endloop
endfacet
facet normal 0.0980171403295487 0.995184726672198 -1.9600370835763e-016
  outer loop
    vertex 11.6233607047408 3.00603193131554 10.6539241666667
    vertex 11.2336780357642 3.044412324247 12.25931
    vertex 11.6233607047408 3.00603193131554 12.25931
  endloop
endfacet
facet normal 0.0980171403295487 0.995184726672198 -1.9600370835763e-016
  outer loop
    vertex 11.2336780357642 3.044412324247 12.25931
    vertex 11.6233607047408 3.00603193131554 10.6539241666667
    vertex 11.2336780357642 3.044412324247 10.6539241666667
  endloop
endfacet
facet normal 0.162895473394589 0.986643332084879 -1.78659512068391e-016
  outer loop
    vertex 11.2336780357642 3.044412324247 10.6539241666667
    vertex 10.8473399050934 3.10819700776889 12.25931
    vertex 11.2336780357642 3.044412324247 12.25931
  endloop
endfacet
facet normal 0.162895473394589 0.986643332084879 -1.78659512068391e-016
  outer loop
    vertex 10.8473399050934 3.10819700776889 12.25931
    vertex 11.2336780357642 3.044412324247 10.6539241666667
    vertex 10.8473399050934 3.10819700776889 10.6539241666667
  endloop
endfacet
facet normal 0.227076263034369 0.973876979277335 -1.58259911128905e-016
  outer loop
    vertex 10.8473399050934 3.10819700776889 10.6539241666667
    vertex 10.4660006719154 3.19711284607396 12.25931
    vertex 10.8473399050934 3.10819700776889 12.25931
  endloop
endfacet
facet normal 0.227076263034369 0.973876979277335 -1.58259911128905e-016
  outer loop
    vertex 10.4660006719154 3.19711284607396 12.25931
    vertex 10.8473399050934 3.10819700776889 10.6539241666667
    vertex 10.4660006719154 3.19711284607396 10.6539241666667
  endloop
endfacet
facet normal 0.29028467725446 0.95694033573221 -1.3835887033622e-016
  outer loop
    vertex 10.4660006719154 3.19711284607396 10.6539241666667
    vertex 10.0912932893711 3.31077908789196 12.25931
    vertex 10.4660006719154 3.19711284607396 12.25931
  endloop
endfacet
facet normal 0.29028467725446 0.95694033573221 -1.3835887033622e-016
  outer loop
    vertex 10.0912932893711 3.31077908789196 12.25931
    vertex 10.4660006719154 3.19711284607396 10.6539241666667
    vertex 10.0912932893711 3.31077908789196 10.6539241666667
  endloop
endfacet
facet normal 0.352250047921234 0.935905926757326 -1.17865355619514e-016
  outer loop
    vertex 10.0912932893711 3.31077908789196 10.6539241666667
    vertex 9.7248223119986 3.44870899692507 12.25931
    vertex 10.0912932893711 3.31077908789196 12.25931
  endloop
endfacet
facet normal 0.352250047921234 0.935905926757326 -1.17865355619514e-016
  outer loop
    vertex 9.7248223119986 3.44870899692507 12.25931
    vertex 10.0912932893711 3.31077908789196 10.6539241666667
    vertex 9.7248223119986 3.44870899692507 10.6539241666667
  endloop
endfacet
facet normal 0.412707029804389 0.910863824921179 -2.46057260151464e-016
  outer loop
    vertex 9.7248223119986 3.44870899692507 10.6539241666667
    vertex 9.36815702478462 3.6103119361275 12.25931
    vertex 9.7248223119986 3.44870899692507 12.25931
  endloop
endfacet
facet normal 0.412707029804389 0.910863824921179 -2.46057260151464e-016
  outer loop
    vertex 9.36815702478462 3.6103119361275 12.25931
    vertex 9.7248223119986 3.44870899692507 10.6539241666667
    vertex 9.36815702478462 3.6103119361275 10.6539241666667
  endloop
endfacet
facet normal 0.471396736826 0.881921264348354 -4.14250656370574e-016
  outer loop
    vertex 9.36815702478462 3.6103119361275 10.6539241666667
    vertex 9.02282472324539 3.79489589690373 12.25931
    vertex 9.36815702478462 3.6103119361275 12.25931
  endloop
endfacet
facet normal 0.471396736826 0.881921264348354 -4.14250656370574e-016
  outer loop
    vertex 9.02282472324539 3.79489589690373 12.25931
    vertex 9.36815702478462 3.6103119361275 10.6539241666667
    vertex 9.02282472324539 3.79489589690372 10.6539241666667
  endloop
endfacet
facet normal 0.52806785065037 0.849202181526577 -4.28932728304655e-016
  outer loop
    vertex 9.02282472324539 3.79489589690372 10.6539241666667
    vertex 8.69030417331233 4.00167046239597 12.25931
    vertex 9.02282472324539 3.79489589690373 12.25931
  endloop
endfacet
facet normal 0.52806785065037 0.849202181526577 -4.28932728304655e-016
  outer loop
    vertex 8.69030417331233 4.00167046239597 12.25931
    vertex 9.02282472324539 3.79489589690372 10.6539241666667
    vertex 8.69030417331233 4.00167046239597 10.6539241666667
  endloop
endfacet
facet normal 0.58247769686781 0.81284668459161 -4.45627082606013e-016
  outer loop
    vertex 8.69030417331233 4.00167046239597 10.6539241666667
    vertex 8.37201927902994 4.22975019217007 12.25931
    vertex 8.69030417331233 4.00167046239597 12.25931
  endloop
endfacet
facet normal 0.58247769686781 0.81284668459161 -4.45627082606013e-016
  outer loop
    vertex 8.37201927902994 4.22975019217007 12.25931
    vertex 8.69030417331233 4.00167046239597 10.6539241666667
    vertex 8.37201927902992 4.22975019217006 10.6539241666667
  endloop
endfacet
facet normal 0.634393284163642 0.77301045336274 -4.60413193325733e-016
  outer loop
    vertex 8.37201927902992 4.22975019217006 10.6539241666667
    vertex 8.0693329851793 4.4781584138078 12.25931
    vertex 8.37201927902994 4.22975019217007 12.25931
  endloop
endfacet
facet normal 0.634393284163642 0.77301045336274 -4.60413193325733e-016
  outer loop
    vertex 8.0693329851793 4.4781584138078 12.25931
    vertex 8.37201927902992 4.22975019217006 10.6539241666667
    vertex 8.0693329851793 4.4781584138078 10.6539241666667
  endloop
endfacet
facet normal 0.683592302022865 0.729864072697841 -4.73227744067715e-016
  outer loop
    vertex 8.0693329851793 4.4781584138078 10.6539241666667
    vertex 7.78354144094002 4.74583140516779 12.25931
    vertex 8.0693329851793 4.4781584138078 12.25931
  endloop
endfacet
facet normal 0.683592302022865 0.729864072697841 -4.73227744067715e-016
  outer loop
    vertex 7.78354144094002 4.74583140516779 12.25931
    vertex 8.0693329851793 4.4781584138078 10.6539241666667
    vertex 7.78354144094002 4.74583140516779 10.6539241666667
  endloop
endfacet
facet normal 0.72986407269784 0.683592302022867 -4.83938860538663e-016
  outer loop
    vertex 7.5158684495801 5.03162294940702 10.6539241666667
    vertex 7.78354144094002 4.74583140516779 12.25931
    vertex 7.78354144094002 4.74583140516779 10.6539241666667
  endloop
endfacet
facet normal 0.72986407269784 0.683592302022867 -4.83938860538663e-016
  outer loop
    vertex 7.78354144094002 4.74583140516779 12.25931
    vertex 7.5158684495801 5.03162294940702 10.6539241666667
    vertex 7.5158684495801 5.03162294940702 12.25931
  endloop
endfacet
facet normal 0.773010453362733 0.63439328416365 -4.92731347624904e-016
  outer loop
    vertex 7.26746022794237 5.33430924325763 10.6539241666667
    vertex 7.5158684495801 5.03162294940702 12.25931
    vertex 7.5158684495801 5.03162294940702 10.6539241666667
  endloop
endfacet
facet normal 0.773010453362733 0.63439328416365 -4.92731347624904e-016
  outer loop
    vertex 7.5158684495801 5.03162294940702 12.25931
    vertex 7.26746022794237 5.33430924325763 10.6539241666667
    vertex 7.26746022794237 5.33430924325763 12.25931
  endloop
endfacet
facet normal 0.812846684591613 0.582477696867806 -4.99336883015431e-016
  outer loop
    vertex 7.03938049816824 5.65259413754006 10.6539241666667
    vertex 7.26746022794237 5.33430924325763 12.25931
    vertex 7.26746022794237 5.33430924325763 10.6539241666667
  endloop
endfacet
facet normal 0.812846684591613 0.582477696867806 -4.99336883015431e-016
  outer loop
    vertex 7.26746022794237 5.33430924325763 12.25931
    vertex 7.03938049816824 5.65259413754006 10.6539241666667
    vertex 7.03938049816824 5.65259413754006 12.25931
  endloop
endfacet
facet normal 0.849202181526582 0.528067850650364 -5.03804181213294e-016
  outer loop
    vertex 6.83260593267596 5.98511468747317 10.6539241666667
    vertex 7.03938049816824 5.65259413754006 12.25931
    vertex 7.03938049816824 5.65259413754006 10.6539241666667
  endloop
endfacet
facet normal 0.849202181526582 0.528067850650364 -5.03804181213294e-016
  outer loop
    vertex 7.03938049816824 5.65259413754006 12.25931
    vertex 6.83260593267596 5.98511468747317 10.6539241666667
    vertex 6.83260593267596 5.98511468747317 12.25931
  endloop
endfacet
facet normal 0.881921264348353 0.471396736826001 -5.06114112561775e-016
  outer loop
    vertex 6.64802197189975 6.33044698901235 10.6539241666667
    vertex 6.83260593267596 5.98511468747317 12.25931
    vertex 6.83260593267596 5.98511468747317 10.6539241666667
  endloop
endfacet
facet normal 0.881921264348353 0.471396736826001 -5.06114112561775e-016
  outer loop
    vertex 6.83260593267596 5.98511468747317 12.25931
    vertex 6.64802197189975 6.33044698901235 10.6539241666667
    vertex 6.64802197189977 6.33044698901235 12.25931
  endloop
endfacet
facet normal 0.910863824921175 0.412707029804397 -5.06256785580214e-016
  outer loop
    vertex 6.48641903269736 6.68711227622629 10.6539241666667
    vertex 6.64802197189977 6.33044698901235 12.25931
    vertex 6.64802197189975 6.33044698901235 10.6539241666667
  endloop
endfacet
facet normal 0.910863824921175 0.412707029804397 -5.06256785580214e-016
  outer loop
    vertex 6.64802197189977 6.33044698901235 12.25931
    vertex 6.48641903269736 6.68711227622629 10.6539241666667
    vertex 6.48641903269736 6.68711227622629 12.25931
  endloop
endfacet
facet normal 0.935905926757322 0.352250047921244 -5.04231589320844e-016
  outer loop
    vertex 6.34848912366423 7.0535832535988 10.6539241666667
    vertex 6.48641903269736 6.68711227622629 12.25931
    vertex 6.48641903269736 6.68711227622629 10.6539241666667
  endloop
endfacet
facet normal 0.935905926757322 0.352250047921244 -5.04231589320844e-016
  outer loop
    vertex 6.48641903269736 6.68711227622629 12.25931
    vertex 6.34848912366423 7.0535832535988 10.6539241666667
    vertex 6.34848912366423 7.0535832535988 12.25931
  endloop
endfacet
facet normal 0.956940335732211 0.290284677254453 -5.00047195984959e-016
  outer loop
    vertex 6.2348228818462 7.42829063614318 10.6539241666667
    vertex 6.34848912366423 7.0535832535988 12.25931
    vertex 6.34848912366423 7.0535832535988 10.6539241666667
  endloop
endfacet
facet normal 0.956940335732211 0.290284677254453 -5.00047195984959e-016
  outer loop
    vertex 6.34848912366423 7.0535832535988 12.25931
    vertex 6.2348228818462 7.42829063614318 10.6539241666667
    vertex 6.23482288184622 7.42829063614318 12.25931
  endloop
endfacet
facet normal 0.973876979277336 0.227076263034364 -4.07223872143538e-016
  outer loop
    vertex 6.14590704354115 7.80962986932113 10.6539241666667
    vertex 6.23482288184622 7.42829063614318 12.25931
    vertex 6.2348228818462 7.42829063614318 10.6539241666667
  endloop
endfacet
facet normal 0.973876979277336 0.227076263034364 -4.07223872143538e-016
  outer loop
    vertex 6.23482288184622 7.42829063614318 12.25931
    vertex 6.14590704354115 7.80962986932113 10.6539241666667
    vertex 6.14590704354115 7.80962986932113 12.25931
  endloop
endfacet
facet normal 0.98664333208488 0.162895473394583 -3.10018597127366e-016
  outer loop
    vertex 6.08212236001927 8.19596799999196 10.6539241666667
    vertex 6.14590704354115 7.80962986932113 12.25931
    vertex 6.14590704354115 7.80962986932113 10.6539241666667
  endloop
endfacet
facet normal 0.98664333208488 0.162895473394583 -3.10018597127366e-016
  outer loop
    vertex 6.14590704354115 7.80962986932113 12.25931
    vertex 6.08212236001927 8.19596799999196 10.6539241666667
    vertex 6.08212236001927 8.19596799999196 12.25931
  endloop
endfacet
facet normal 0.995184726672196 0.0980171403295674 -2.97926313850403e-016
  outer loop
    vertex 6.04374196708781 8.58565066896845 10.6539241666667
    vertex 6.08212236001927 8.19596799999196 12.25931
    vertex 6.08212236001927 8.19596799999196 10.6539241666667
  endloop
endfacet
facet normal 0.995184726672196 0.0980171403295674 -2.97926313850403e-016
  outer loop
    vertex 6.08212236001927 8.19596799999196 12.25931
    vertex 6.04374196708781 8.58565066896845 10.6539241666667
    vertex 6.04374196708781 8.58565066896845 12.25931
  endloop
endfacet
facet normal 0.999464587476366 0.0327190828217734 -2.84672245147117e-016
  outer loop
    vertex 6.03093021548156 8.97700919523694 10.6539241666667
    vertex 6.04374196708781 8.58565066896845 12.25931
    vertex 6.04374196708781 8.58565066896845 10.6539241666667
  endloop
endfacet
facet normal 0.999464587476366 0.0327190828217734 -2.84672245147117e-016
  outer loop
    vertex 6.04374196708781 8.58565066896845 12.25931
    vertex 6.03093021548156 8.97700919523694 10.6539241666667
    vertex 6.03093021548156 8.97700919523694 12.25931
  endloop
endfacet
facet normal 0.999464587476366 -0.0327190828217686 -2.70142053509778e-016
  outer loop
    vertex 6.04374196708781 9.36836772150545 10.6539241666667
    vertex 6.03093021548156 8.97700919523694 12.25931
    vertex 6.03093021548156 8.97700919523694 10.6539241666667
  endloop
endfacet
facet normal 0.999464587476366 -0.0327190828217686 -2.70142053509778e-016
  outer loop
    vertex 6.03093021548156 8.97700919523694 12.25931
    vertex 6.04374196708781 9.36836772150545 10.6539241666667
    vertex 6.04374196708781 9.36836772150545 12.25931
  endloop
endfacet
facet normal 0.995184726672196 -0.0980171403295691 -2.54397959449687e-016
  outer loop
    vertex 6.08212236001927 9.75805039048189 10.6539241666667
    vertex 6.04374196708781 9.36836772150545 12.25931
    vertex 6.04374196708781 9.36836772150545 10.6539241666667
  endloop
endfacet
facet normal 0.995184726672196 -0.0980171403295691 -2.54397959449687e-016
  outer loop
    vertex 6.04374196708781 9.36836772150545 12.25931
    vertex 6.08212236001927 9.75805039048189 10.6539241666667
    vertex 6.08212236001927 9.75805039048189 12.25931
  endloop
endfacet
facet normal 0.986643332084881 -0.162895473394578 -2.37678475059415e-016
  outer loop
    vertex 6.14590704354116 10.1443885211528 10.6539241666667
    vertex 6.08212236001927 9.75805039048189 12.25931
    vertex 6.08212236001927 9.75805039048189 10.6539241666667
  endloop
endfacet
facet normal 0.986643332084881 -0.162895473394578 -2.37678475059415e-016
  outer loop
    vertex 6.08212236001927 9.75805039048189 12.25931
    vertex 6.14590704354116 10.1443885211528 10.6539241666667
    vertex 6.14590704354116 10.1443885211528 12.25931
  endloop
endfacet
facet normal 0.973876979277333 -0.227076263034377 -3.06381753916898e-016
  outer loop
    vertex 6.23482288184621 10.5257277543307 10.6539241666667
    vertex 6.14590704354116 10.1443885211528 12.25931
    vertex 6.14590704354116 10.1443885211528 10.6539241666667
  endloop
endfacet
facet normal 0.973876979277333 -0.227076263034377 -3.06381753916898e-016
  outer loop
    vertex 6.14590704354116 10.1443885211528 12.25931
    vertex 6.23482288184621 10.5257277543307 10.6539241666667
    vertex 6.23482288184621 10.5257277543307 12.25931
  endloop
endfacet
facet normal 0.956940335732214 -0.290284677254445 -3.71134903031451e-016
  outer loop
    vertex 6.34848912366421 10.9004351368751 10.6539241666667
    vertex 6.23482288184621 10.5257277543307 12.25931
    vertex 6.23482288184621 10.5257277543307 10.6539241666667
  endloop
endfacet
facet normal 0.956940335732214 -0.290284677254445 -3.71134903031451e-016
  outer loop
    vertex 6.23482288184621 10.5257277543307 12.25931
    vertex 6.34848912366421 10.9004351368751 10.6539241666667
    vertex 6.34848912366421 10.9004351368751 12.25931
  endloop
endfacet
facet normal -0.0 2.22044604925031e-016 1.0
  outer loop
    vertex 19.0200392310092 20.6525425285703 12.25931
    vertex 17.9473161019991 9.75805039048194 12.25931
    vertex 19.0200392310092 0.220359195236947 12.25931
  endloop
endfacet
facet normal -0.0 2.22044604925031e-016 1.0
  outer loop
    vertex 17.9473161019991 9.75805039048194 12.25931
    vertex 19.0200392310092 20.6525425285703 12.25931
    vertex 17.8835314184773 10.1443885211528 12.25931
  endloop
endfacet
facet normal -0.0 2.22044604925031e-016 1.0
  outer loop
    vertex 17.8835314184773 10.1443885211528 12.25931
    vertex 19.0200392310092 20.6525425285703 12.25931
    vertex 17.7946155801722 10.5257277543308 12.25931
  endloop
endfacet
facet normal -0.0 2.22044604925031e-016 1.0
  outer loop
    vertex 17.7946155801722 10.5257277543308 12.25931
    vertex 19.0200392310092 20.6525425285703 12.25931
    vertex 17.6809493383542 10.9004351368751 12.25931
  endloop
endfacet
facet normal -0.0 2.22044604925031e-016 1.0
  outer loop
    vertex 17.6809493383542 10.9004351368751 12.25931
    vertex 19.0200392310092 20.6525425285703 12.25931
    vertex 17.5430194293211 11.2669061142476 12.25931
  endloop
endfacet
facet normal -0.0 2.22044604925031e-016 1.0
  outer loop
    vertex 17.5430194293211 11.2669061142476 12.25931
    vertex 19.0200392310092 20.6525425285703 12.25931
    vertex 17.3814164901187 11.6235714014615 12.25931
  endloop
endfacet
facet normal -0.0 2.22044604925031e-016 1.0
  outer loop
    vertex 17.3814164901187 11.6235714014615 12.25931
    vertex 19.0200392310092 20.6525425285703 12.25931
    vertex 17.1968325293424 11.9689037030008 12.25931
  endloop
endfacet
facet normal -0.0 2.22044604925031e-016 1.0
  outer loop
    vertex 17.1968325293424 11.9689037030008 12.25931
    vertex 19.0200392310092 20.6525425285703 12.25931
    vertex 16.9900579638502 12.3014242529338 12.25931
  endloop
endfacet
facet normal -0.0 2.22044604925031e-016 1.0
  outer loop
    vertex 16.9900579638502 12.3014242529338 12.25931
    vertex 19.0200392310092 20.6525425285703 12.25931
    vertex 16.761978234076 12.6197091472163 12.25931
  endloop
endfacet
facet normal -0.0 2.22044604925031e-016 1.0
  outer loop
    vertex 16.761978234076 12.6197091472163 12.25931
    vertex 19.0200392310092 20.6525425285703 12.25931
    vertex 16.5135700124383 12.9223954410669 12.25931
  endloop
endfacet
facet normal -0.0 2.22044604925031e-016 1.0
  outer loop
    vertex 16.5135700124383 12.9223954410669 12.25931
    vertex 19.0200392310092 20.6525425285703 12.25931
    vertex 16.2458970210784 13.2081869853061 12.25931
  endloop
endfacet
facet normal -0.0 2.22044604925031e-016 1.0
  outer loop
    vertex 16.2458970210784 13.2081869853061 12.25931
    vertex 19.0200392310092 20.6525425285703 12.25931
    vertex 15.9601054768391 13.4758599766661 12.25931
  endloop
endfacet
facet normal -0.0 2.22044604925031e-016 1.0
  outer loop
    vertex 15.9601054768391 13.4758599766661 12.25931
    vertex 19.0200392310092 20.6525425285703 12.25931
    vertex 15.6574191829885 13.7242681983038 12.25931
  endloop
endfacet
facet normal -0.0 2.22044604925031e-016 1.0
  outer loop
    vertex 15.6574191829885 13.7242681983038 12.25931
    vertex 19.0200392310092 20.6525425285703 12.25931
    vertex 15.3391342887061 13.9523479280779 12.25931
  endloop
endfacet
facet normal -0.0 2.22044604925031e-016 1.0
  outer loop
    vertex 15.3391342887061 13.9523479280779 12.25931
    vertex 19.0200392310092 20.6525425285703 12.25931
    vertex 5.0093992310092 20.6525425285703 12.25931
  endloop
endfacet
facet normal -0.0 2.22044604925031e-016 1.0
  outer loop
    vertex 19.0200392310092 0.220359195236947 12.25931
    vertex 17.9473161019991 9.75805039048194 12.25931
    vertex 17.9856964949306 9.36836772150542 12.25931
  endloop
endfacet
facet normal -0.0 2.22044604925031e-016 1.0
  outer loop
    vertex 19.0200392310092 0.220359195236947 12.25931
    vertex 17.9856964949306 9.36836772150542 12.25931
    vertex 17.9985082465369 8.97700919523695 12.25931
  endloop
endfacet
facet normal -0.0 2.22044604925031e-016 1.0
  outer loop
    vertex 15.3391342887061 13.9523479280779 12.25931
    vertex 5.0093992310092 20.6525425285703 12.25931
    vertex 15.006613738773 14.1591224935702 12.25931
  endloop
endfacet
facet normal -0.0 2.22044604925031e-016 1.0
  outer loop
    vertex 15.006613738773 14.1591224935702 12.25931
    vertex 5.0093992310092 20.6525425285703 12.25931
    vertex 14.6612814372338 14.3437064543464 12.25931
  endloop
endfacet
facet normal -0.0 2.22044604925031e-016 1.0
  outer loop
    vertex 14.6612814372338 14.3437064543464 12.25931
    vertex 5.0093992310092 20.6525425285703 12.25931
    vertex 14.3046161500198 14.5053093935488 12.25931
  endloop
endfacet
facet normal -0.0 2.22044604925031e-016 1.0
  outer loop
    vertex 14.3046161500198 14.5053093935488 12.25931
    vertex 5.0093992310092 20.6525425285703 12.25931
    vertex 13.9381451726473 14.6432393025819 12.25931
  endloop
endfacet
facet normal -0.0 2.22044604925031e-016 1.0
  outer loop
    vertex 13.9381451726473 14.6432393025819 12.25931
    vertex 5.0093992310092 20.6525425285703 12.25931
    vertex 13.563437790103 14.7569055443999 12.25931
  endloop
endfacet
facet normal -0.0 2.22044604925031e-016 1.0
  outer loop
    vertex 13.563437790103 14.7569055443999 12.25931
    vertex 5.0093992310092 20.6525425285703 12.25931
    vertex 13.1820985569251 14.845821382705 12.25931
  endloop
endfacet
facet normal -0.0 2.22044604925031e-016 1.0
  outer loop
    vertex 13.1820985569251 14.845821382705 12.25931
    vertex 5.0093992310092 20.6525425285703 12.25931
    vertex 12.7957604262542 14.9096060662269 12.25931
  endloop
endfacet
facet normal -0.0 2.22044604925031e-016 1.0
  outer loop
    vertex 12.7957604262542 14.9096060662269 12.25931
    vertex 5.0093992310092 20.6525425285703 12.25931
    vertex 12.4060777572776 14.9479864591583 12.25931
  endloop
endfacet
facet normal -0.0 2.22044604925031e-016 1.0
  outer loop
    vertex 12.4060777572776 14.9479864591583 12.25931
    vertex 5.0093992310092 20.6525425285703 12.25931
    vertex 12.0147192310092 14.9607982107646 12.25931
  endloop
endfacet
facet normal -0.0 2.22044604925031e-016 1.0
  outer loop
    vertex 12.0147192310092 14.9607982107646 12.25931
    vertex 5.0093992310092 20.6525425285703 12.25931
    vertex 11.6233607047407 14.9479864591583 12.25931
  endloop
endfacet
facet normal -0.0 2.22044604925031e-016 1.0
  outer loop
    vertex 11.6233607047407 14.9479864591583 12.25931
    vertex 5.0093992310092 20.6525425285703 12.25931
    vertex 11.2336780357642 14.9096060662269 12.25931
  endloop
endfacet
facet normal -0.0 2.22044604925031e-016 1.0
  outer loop
    vertex 11.2336780357642 14.9096060662269 12.25931
    vertex 5.0093992310092 20.6525425285703 12.25931
    vertex 10.8473399050933 14.845821382705 12.25931
  endloop
endfacet
facet normal -0.0 2.22044604925031e-016 1.0
  outer loop
    vertex 10.8473399050933 14.845821382705 12.25931
    vertex 5.0093992310092 20.6525425285703 12.25931
    vertex 10.4660006719154 14.7569055443999 12.25931
  endloop
endfacet
facet normal -0.0 2.22044604925031e-016 1.0
  outer loop
    vertex 10.4660006719154 14.7569055443999 12.25931
    vertex 5.0093992310092 20.6525425285703 12.25931
    vertex 10.091293289371 14.6432393025819 12.25931
  endloop
endfacet
facet normal -0.0 2.22044604925031e-016 1.0
  outer loop
    vertex 10.091293289371 14.6432393025819 12.25931
    vertex 5.0093992310092 20.6525425285703 12.25931
    vertex 9.72482231199856 14.5053093935488 12.25931
  endloop
endfacet
facet normal -0.0 2.22044604925031e-016 1.0
  outer loop
    vertex 9.72482231199856 14.5053093935488 12.25931
    vertex 5.0093992310092 20.6525425285703 12.25931
    vertex 9.36815702478461 14.3437064543464 12.25931
  endloop
endfacet
facet normal -0.0 2.22044604925031e-016 1.0
  outer loop
    vertex 9.36815702478461 14.3437064543464 12.25931
    vertex 5.0093992310092 20.6525425285703 12.25931
    vertex 9.02282472324536 14.1591224935701 12.25931
  endloop
endfacet
facet normal -0.0 2.22044604925031e-016 1.0
  outer loop
    vertex 9.02282472324536 14.1591224935701 12.25931
    vertex 5.0093992310092 20.6525425285703 12.25931
    vertex 8.69030417331236 13.9523479280779 12.25931
  endloop
endfacet
facet normal -0.0 2.22044604925031e-016 1.0
  outer loop
    vertex 8.69030417331236 13.9523479280779 12.25931
    vertex 5.0093992310092 20.6525425285703 12.25931
    vertex 8.37201927902992 13.7242681983038 12.25931
  endloop
endfacet
facet normal -0.0 2.22044604925031e-016 1.0
  outer loop
    vertex 8.37201927902992 13.7242681983038 12.25931
    vertex 5.0093992310092 20.6525425285703 12.25931
    vertex 8.0693329851793 13.4758599766661 12.25931
  endloop
endfacet
facet normal -0.0 2.22044604925031e-016 1.0
  outer loop
    vertex 8.0693329851793 13.4758599766661 12.25931
    vertex 5.0093992310092 20.6525425285703 12.25931
    vertex 7.78354144094005 13.2081869853061 12.25931
  endloop
endfacet
facet normal -0.0 2.22044604925031e-016 1.0
  outer loop
    vertex 7.78354144094005 13.2081869853061 12.25931
    vertex 5.0093992310092 20.6525425285703 12.25931
    vertex 7.51586844958008 12.9223954410668 12.25931
  endloop
endfacet
facet normal -0.0 2.22044604925031e-016 1.0
  outer loop
    vertex 7.51586844958008 12.9223954410668 12.25931
    vertex 5.0093992310092 20.6525425285703 12.25931
    vertex 7.26746022794235 12.6197091472162 12.25931
  endloop
endfacet
facet normal -0.0 2.22044604925031e-016 1.0
  outer loop
    vertex 7.26746022794235 12.6197091472162 12.25931
    vertex 5.0093992310092 20.6525425285703 12.25931
    vertex 7.0393804981682 12.3014242529338 12.25931
  endloop
endfacet
facet normal -0.0 2.22044604925031e-016 1.0
  outer loop
    vertex 7.0393804981682 12.3014242529338 12.25931
    vertex 5.0093992310092 20.6525425285703 12.25931
    vertex 6.83260593267597 11.9689037030008 12.25931
  endloop
endfacet
facet normal -0.0 2.22044604925031e-016 1.0
  outer loop
    vertex 6.83260593267597 11.9689037030008 12.25931
    vertex 5.0093992310092 20.6525425285703 12.25931
    vertex 6.64802197189973 11.6235714014615 12.25931
  endloop
endfacet
facet normal -0.0 2.22044604925031e-016 1.0
  outer loop
    vertex 6.64802197189973 11.6235714014615 12.25931
    vertex 5.0093992310092 20.6525425285703 12.25931
    vertex 6.48641903269735 11.2669061142476 12.25931
  endloop
endfacet
facet normal -0.0 2.22044604925031e-016 1.0
  outer loop
    vertex 6.48641903269735 11.2669061142476 12.25931
    vertex 5.0093992310092 20.6525425285703 12.25931
    vertex 6.34848912366421 10.9004351368751 12.25931
  endloop
endfacet
facet normal -0.0 2.22044604925031e-016 1.0
  outer loop
    vertex 6.34848912366421 10.9004351368751 12.25931
    vertex 5.0093992310092 20.6525425285703 12.25931
    vertex 6.23482288184621 10.5257277543307 12.25931
  endloop
endfacet
facet normal -0.0 2.22044604925031e-016 1.0
  outer loop
    vertex 6.23482288184621 10.5257277543307 12.25931
    vertex 5.0093992310092 20.6525425285703 12.25931
    vertex 6.14590704354116 10.1443885211528 12.25931
  endloop
endfacet
facet normal -0.0 2.22044604925031e-016 1.0
  outer loop
    vertex 6.14590704354116 10.1443885211528 12.25931
    vertex 5.0093992310092 20.6525425285703 12.25931
    vertex 6.08212236001927 9.75805039048189 12.25931
  endloop
endfacet
facet normal -0.0 2.22044604925031e-016 1.0
  outer loop
    vertex 6.08212236001927 9.75805039048189 12.25931
    vertex 5.0093992310092 20.6525425285703 12.25931
    vertex 6.04374196708781 9.36836772150545 12.25931
  endloop
endfacet
facet normal -0.0 2.22044604925031e-016 1.0
  outer loop
    vertex 6.04374196708781 9.36836772150545 12.25931
    vertex 5.0093992310092 20.6525425285703 12.25931
    vertex 6.03093021548156 8.97700919523694 12.25931
  endloop
endfacet
facet normal -0.0 2.22044604925031e-016 1.0
  outer loop
    vertex 19.0200392310092 0.220359195236947 12.25931
    vertex 13.9381451726473 3.31077908789194 12.25931
    vertex 5.00939923100921 0.220359195236941 12.25931
  endloop
endfacet
facet normal -0.0 2.22044604925031e-016 1.0
  outer loop
    vertex 13.9381451726473 3.31077908789194 12.25931
    vertex 19.0200392310092 0.220359195236947 12.25931
    vertex 14.3046161500198 3.44870899692509 12.25931
  endloop
endfacet
facet normal -0.0 2.22044604925031e-016 1.0
  outer loop
    vertex 14.3046161500198 3.44870899692509 12.25931
    vertex 19.0200392310092 0.220359195236947 12.25931
    vertex 14.6612814372338 3.61031193612748 12.25931
  endloop
endfacet
facet normal -0.0 2.22044604925031e-016 1.0
  outer loop
    vertex 14.6612814372338 3.61031193612748 12.25931
    vertex 19.0200392310092 0.220359195236947 12.25931
    vertex 15.006613738773 3.79489589690373 12.25931
  endloop
endfacet
facet normal -0.0 2.22044604925031e-016 1.0
  outer loop
    vertex 15.006613738773 3.79489589690373 12.25931
    vertex 19.0200392310092 0.220359195236947 12.25931
    vertex 15.339134288706 4.00167046239594 12.25931
  endloop
endfacet
facet normal -0.0 2.22044604925031e-016 1.0
  outer loop
    vertex 15.339134288706 4.00167046239594 12.25931
    vertex 19.0200392310092 0.220359195236947 12.25931
    vertex 15.6574191829885 4.22975019217012 12.25931
  endloop
endfacet
facet normal -0.0 2.22044604925031e-016 1.0
  outer loop
    vertex 15.6574191829885 4.22975019217012 12.25931
    vertex 19.0200392310092 0.220359195236947 12.25931
    vertex 15.9601054768391 4.47815841380784 12.25931
  endloop
endfacet
facet normal -0.0 2.22044604925031e-016 1.0
  outer loop
    vertex 15.9601054768391 4.47815841380784 12.25931
    vertex 19.0200392310092 0.220359195236947 12.25931
    vertex 16.2458970210784 4.74583140516779 12.25931
  endloop
endfacet
facet normal -0.0 2.22044604925031e-016 1.0
  outer loop
    vertex 16.2458970210784 4.74583140516779 12.25931
    vertex 19.0200392310092 0.220359195236947 12.25931
    vertex 16.5135700124383 5.03162294940704 12.25931
  endloop
endfacet
facet normal -0.0 2.22044604925031e-016 1.0
  outer loop
    vertex 16.5135700124383 5.03162294940704 12.25931
    vertex 19.0200392310092 0.220359195236947 12.25931
    vertex 16.7619782340761 5.33430924325765 12.25931
  endloop
endfacet
facet normal -0.0 2.22044604925031e-016 1.0
  outer loop
    vertex 16.7619782340761 5.33430924325765 12.25931
    vertex 19.0200392310092 0.220359195236947 12.25931
    vertex 16.9900579638502 5.6525941375401 12.25931
  endloop
endfacet
facet normal -0.0 2.22044604925031e-016 1.0
  outer loop
    vertex 16.9900579638502 5.6525941375401 12.25931
    vertex 19.0200392310092 0.220359195236947 12.25931
    vertex 17.1968325293424 5.98511468747312 12.25931
  endloop
endfacet
facet normal -0.0 2.22044604925031e-016 1.0
  outer loop
    vertex 17.1968325293424 5.98511468747312 12.25931
    vertex 19.0200392310092 0.220359195236947 12.25931
    vertex 17.3814164901187 6.33044698901234 12.25931
  endloop
endfacet
facet normal -0.0 2.22044604925031e-016 1.0
  outer loop
    vertex 17.3814164901187 6.33044698901234 12.25931
    vertex 19.0200392310092 0.220359195236947 12.25931
    vertex 17.5430194293211 6.68711227622631 12.25931
  endloop
endfacet
facet normal -0.0 2.22044604925031e-016 1.0
  outer loop
    vertex 17.5430194293211 6.68711227622631 12.25931
    vertex 19.0200392310092 0.220359195236947 12.25931
    vertex 17.6809493383542 7.0535832535988 12.25931
  endloop
endfacet
facet normal -0.0 2.22044604925031e-016 1.0
  outer loop
    vertex 17.6809493383542 7.0535832535988 12.25931
    vertex 19.0200392310092 0.220359195236947 12.25931
    vertex 17.7946155801722 7.42829063614312 12.25931
  endloop
endfacet
facet normal -0.0 2.22044604925031e-016 1.0
  outer loop
    vertex 17.7946155801722 7.42829063614312 12.25931
    vertex 19.0200392310092 0.220359195236947 12.25931
    vertex 17.8835314184773 7.80962986932112 12.25931
  endloop
endfacet
facet normal -0.0 2.22044604925031e-016 1.0
  outer loop
    vertex 17.8835314184773 7.80962986932112 12.25931
    vertex 19.0200392310092 0.220359195236947 12.25931
    vertex 17.9473161019991 8.19596799999198 12.25931
  endloop
endfacet
facet normal -0.0 2.22044604925031e-016 1.0
  outer loop
    vertex 17.9473161019991 8.19596799999198 12.25931
    vertex 19.0200392310092 0.220359195236947 12.25931
    vertex 17.9856964949306 8.58565066896847 12.25931
  endloop
endfacet
facet normal -0.0 2.22044604925031e-016 1.0
  outer loop
    vertex 17.9856964949306 8.58565066896847 12.25931
    vertex 19.0200392310092 0.220359195236947 12.25931
    vertex 17.9985082465369 8.97700919523695 12.25931
  endloop
endfacet
facet normal -0.0 2.22044604925031e-016 1.0
  outer loop
    vertex 5.00939923100921 0.220359195236941 12.25931
    vertex 13.9381451726473 3.31077908789194 12.25931
    vertex 13.5634377901031 3.19711284607396 12.25931
  endloop
endfacet
facet normal -0.0 2.22044604925031e-016 1.0
  outer loop
    vertex 5.00939923100921 0.220359195236941 12.25931
    vertex 13.5634377901031 3.19711284607396 12.25931
    vertex 13.1820985569251 3.10819700776889 12.25931
  endloop
endfacet
facet normal -0.0 2.22044604925031e-016 1.0
  outer loop
    vertex 5.00939923100921 0.220359195236941 12.25931
    vertex 13.1820985569251 3.10819700776889 12.25931
    vertex 12.7957604262542 3.044412324247 12.25931
  endloop
endfacet
facet normal -0.0 2.22044604925031e-016 1.0
  outer loop
    vertex 5.00939923100921 0.220359195236941 12.25931
    vertex 12.7957604262542 3.044412324247 12.25931
    vertex 12.4060777572777 3.00603193131554 12.25931
  endloop
endfacet
facet normal -0.0 2.22044604925031e-016 1.0
  outer loop
    vertex 5.00939923100921 0.220359195236941 12.25931
    vertex 12.4060777572777 3.00603193131554 12.25931
    vertex 12.0147192310092 2.9932201797093 12.25931
  endloop
endfacet
facet normal -0.0 2.22044604925031e-016 1.0
  outer loop
    vertex 5.00939923100921 0.220359195236941 12.25931
    vertex 12.0147192310092 2.9932201797093 12.25931
    vertex 11.6233607047408 3.00603193131554 12.25931
  endloop
endfacet
facet normal -0.0 2.22044604925031e-016 1.0
  outer loop
    vertex 5.00939923100921 0.220359195236941 12.25931
    vertex 11.6233607047408 3.00603193131554 12.25931
    vertex 11.2336780357642 3.044412324247 12.25931
  endloop
endfacet
facet normal -0.0 2.22044604925031e-016 1.0
  outer loop
    vertex 5.00939923100921 0.220359195236941 12.25931
    vertex 11.2336780357642 3.044412324247 12.25931
    vertex 10.8473399050934 3.10819700776889 12.25931
  endloop
endfacet
facet normal -0.0 2.22044604925031e-016 1.0
  outer loop
    vertex 5.00939923100921 0.220359195236941 12.25931
    vertex 10.8473399050934 3.10819700776889 12.25931
    vertex 10.4660006719154 3.19711284607396 12.25931
  endloop
endfacet
facet normal -0.0 2.22044604925031e-016 1.0
  outer loop
    vertex 5.00939923100921 0.220359195236941 12.25931
    vertex 10.4660006719154 3.19711284607396 12.25931
    vertex 10.0912932893711 3.31077908789196 12.25931
  endloop
endfacet
facet normal -0.0 2.22044604925031e-016 1.0
  outer loop
    vertex 5.00939923100921 0.220359195236941 12.25931
    vertex 10.0912932893711 3.31077908789196 12.25931
    vertex 9.7248223119986 3.44870899692507 12.25931
  endloop
endfacet
facet normal -0.0 2.22044604925031e-016 1.0
  outer loop
    vertex 5.00939923100921 0.220359195236941 12.25931
    vertex 9.7248223119986 3.44870899692507 12.25931
    vertex 9.36815702478462 3.6103119361275 12.25931
  endloop
endfacet
facet normal -0.0 2.22044604925031e-016 1.0
  outer loop
    vertex 5.00939923100921 0.220359195236941 12.25931
    vertex 9.36815702478462 3.6103119361275 12.25931
    vertex 9.02282472324539 3.79489589690373 12.25931
  endloop
endfacet
facet normal -0.0 2.22044604925031e-016 1.0
  outer loop
    vertex 5.00939923100921 0.220359195236941 12.25931
    vertex 9.02282472324539 3.79489589690373 12.25931
    vertex 8.69030417331233 4.00167046239597 12.25931
  endloop
endfacet
facet normal -0.0 2.22044604925031e-016 1.0
  outer loop
    vertex 5.00939923100921 0.220359195236941 12.25931
    vertex 8.69030417331233 4.00167046239597 12.25931
    vertex 8.37201927902994 4.22975019217007 12.25931
  endloop
endfacet
facet normal -0.0 2.22044604925031e-016 1.0
  outer loop
    vertex 5.00939923100921 0.220359195236941 12.25931
    vertex 8.37201927902994 4.22975019217007 12.25931
    vertex 8.0693329851793 4.4781584138078 12.25931
  endloop
endfacet
facet normal -0.0 2.22044604925031e-016 1.0
  outer loop
    vertex 5.00939923100921 0.220359195236941 12.25931
    vertex 8.0693329851793 4.4781584138078 12.25931
    vertex 7.78354144094002 4.74583140516779 12.25931
  endloop
endfacet
facet normal -0.0 2.22044604925031e-016 1.0
  outer loop
    vertex 5.00939923100921 0.220359195236941 12.25931
    vertex 7.78354144094002 4.74583140516779 12.25931
    vertex 7.5158684495801 5.03162294940702 12.25931
  endloop
endfacet
facet normal -0.0 2.22044604925031e-016 1.0
  outer loop
    vertex 5.00939923100921 0.220359195236941 12.25931
    vertex 7.5158684495801 5.03162294940702 12.25931
    vertex 7.26746022794237 5.33430924325763 12.25931
  endloop
endfacet
facet normal -0.0 2.22044604925031e-016 1.0
  outer loop
    vertex 5.00939923100921 0.220359195236941 12.25931
    vertex 7.26746022794237 5.33430924325763 12.25931
    vertex 7.03938049816824 5.65259413754006 12.25931
  endloop
endfacet
facet normal -0.0 2.22044604925031e-016 1.0
  outer loop
    vertex 5.00939923100921 0.220359195236941 12.25931
    vertex 7.03938049816824 5.65259413754006 12.25931
    vertex 6.83260593267596 5.98511468747317 12.25931
  endloop
endfacet
facet normal -0.0 2.22044604925031e-016 1.0
  outer loop
    vertex 5.00939923100921 0.220359195236941 12.25931
    vertex 6.83260593267596 5.98511468747317 12.25931
    vertex 6.64802197189977 6.33044698901235 12.25931
  endloop
endfacet
facet normal -0.0 2.22044604925031e-016 1.0
  outer loop
    vertex 5.00939923100921 0.220359195236941 12.25931
    vertex 6.64802197189977 6.33044698901235 12.25931
    vertex 6.48641903269736 6.68711227622629 12.25931
  endloop
endfacet
facet normal -0.0 2.22044604925031e-016 1.0
  outer loop
    vertex 5.00939923100921 0.220359195236941 12.25931
    vertex 6.48641903269736 6.68711227622629 12.25931
    vertex 6.34848912366423 7.0535832535988 12.25931
  endloop
endfacet
facet normal -0.0 2.22044604925031e-016 1.0
  outer loop
    vertex 5.00939923100921 0.220359195236941 12.25931
    vertex 6.34848912366423 7.0535832535988 12.25931
    vertex 6.23482288184622 7.42829063614318 12.25931
  endloop
endfacet
facet normal -0.0 2.22044604925031e-016 1.0
  outer loop
    vertex 5.00939923100921 0.220359195236941 12.25931
    vertex 6.23482288184622 7.42829063614318 12.25931
    vertex 6.14590704354115 7.80962986932113 12.25931
  endloop
endfacet
facet normal -0.0 2.22044604925031e-016 1.0
  outer loop
    vertex 5.00939923100921 0.220359195236941 12.25931
    vertex 6.14590704354115 7.80962986932113 12.25931
    vertex 6.08212236001927 8.19596799999196 12.25931
  endloop
endfacet
facet normal -0.0 2.22044604925031e-016 1.0
  outer loop
    vertex 5.00939923100921 0.220359195236941 12.25931
    vertex 6.08212236001927 8.19596799999196 12.25931
    vertex 6.04374196708781 8.58565066896845 12.25931
  endloop
endfacet
facet normal -0.0 2.22044604925031e-016 1.0
  outer loop
    vertex 5.00939923100921 0.220359195236941 12.25931
    vertex 6.04374196708781 8.58565066896845 12.25931
    vertex 6.03093021548156 8.97700919523694 12.25931
  endloop
endfacet
facet normal -0.0 2.22044604925031e-016 1.0
  outer loop
    vertex 5.00939923100921 0.220359195236941 12.25931
    vertex 6.03093021548156 8.97700919523694 12.25931
    vertex 5.0093992310092 20.6525425285703 12.25931
  endloop
endfacet
facet normal 2.14519825567715e-029 2.26432360896175e-016 -1.0
  outer loop
    vertex -7.87374577719238 5.6693695512824 -5.28743715477731e-016
    vertex -7.12866239999954 4.38955147435925 -3.08433834028676e-016
    vertex -7.87374577719252 4.38955147435933 -2.64371857738865e-016
  endloop
endfacet
facet normal 2.14519825567715e-029 2.26432360896175e-016 -1.0
  outer loop
    vertex -7.12866239999954 4.38955147435925 -3.08433834028676e-016
    vertex -7.87374577719238 5.6693695512824 -5.28743715477731e-016
    vertex -7.1286623999994 5.66936955128232 -5.72805691767542e-016
  endloop
endfacet
facet normal 2.14519825567715e-029 2.26432360896175e-016 -1.0
  outer loop
    vertex -7.1286623999994 5.66936955128232 -5.72805691767542e-016
    vertex -7.87374577719238 5.6693695512824 -5.28743715477731e-016
    vertex -5.2544320491222 5.66936955128212 -6.16867668057353e-016
  endloop
endfacet
facet normal 2.14519825567715e-029 2.26432360896175e-016 -1.0
  outer loop
    vertex -9.89392029473637 4.38955147435955 -1.76247905159244e-016
    vertex -10.6390036719294 4.38955147435963 -1.32185928869433e-016
    vertex -9.89392029473624 5.66936955128261 -4.40619762898109e-016
  endloop
endfacet
facet normal 2.14519825567715e-029 2.26432360896175e-016 -1.0
  outer loop
    vertex -10.6390036719294 4.38955147435963 -1.32185928869433e-016
    vertex -9.89392029473637 4.38955147435955 -1.76247905159244e-016
    vertex -12.6591781894732 4.38955147435984 -4.40619762898109e-017
  endloop
endfacet
facet normal 2.14519825567715e-029 2.26432360896175e-016 -1.0
  outer loop
    vertex -9.89392029473624 5.66936955128261 -4.40619762898109e-016
    vertex -10.6390036719294 4.38955147435963 -1.32185928869433e-016
    vertex -10.6390036719292 5.6693695512827 -3.96557786608298e-016
  endloop
endfacet
facet normal 2.14519825567715e-029 2.26432360896175e-016 -1.0
  outer loop
    vertex -9.89392029473624 5.66936955128261 -4.40619762898109e-016
    vertex -10.6390036719292 5.6693695512827 -3.96557786608298e-016
    vertex -7.87374577719238 5.6693695512824 -5.28743715477731e-016
  endloop
endfacet
facet normal 2.14519825567715e-029 2.26432360896175e-016 -1.0
  outer loop
    vertex -13.4042615666662 4.38955147435992 -4.40619762898109e-017
    vertex -12.6591781894732 4.38955147435984 -4.40619762898109e-017
    vertex -9.89392029473637 4.38955147435955 -1.76247905159244e-016
  endloop
endfacet
facet normal 2.14519825567715e-029 2.26432360896175e-016 -1.0
  outer loop
    vertex -12.6591781894732 4.38955147435984 -4.40619762898109e-017
    vertex -13.4042615666662 4.38955147435992 -4.40619762898109e-017
    vertex -13.4042615666661 5.669369551283 -3.08433834028676e-016
  endloop
endfacet
facet normal 2.14519825567715e-029 2.26432360896175e-016 -1.0
  outer loop
    vertex -12.6591781894732 4.38955147435984 -4.40619762898109e-017
    vertex -13.4042615666661 5.669369551283 -3.08433834028676e-016
    vertex -12.6591781894731 5.66936955128292 -3.08433834028676e-016
  endloop
endfacet
facet normal 2.14519825567715e-029 2.26432360896175e-016 -1.0
  outer loop
    vertex -12.6591781894731 5.66936955128292 -3.08433834028676e-016
    vertex -13.4042615666661 5.669369551283 -3.08433834028676e-016
    vertex -10.6390036719292 5.6693695512827 -3.96557786608298e-016
  endloop
endfacet
facet normal 2.14519825567715e-029 2.26432360896175e-016 -1.0
  outer loop
    vertex -7.12866239999933 6.27559916666694 -6.60929644347164e-016
    vertex -7.87374577719232 6.27559916666702 -6.16867668057353e-016
    vertex -7.1286623999992 7.55541724359003 -8.81239525796218e-016
  endloop
endfacet
facet normal 2.14519825567715e-029 2.26432360896175e-016 -1.0
  outer loop
    vertex -7.87374577719232 6.27559916666702 -6.16867668057353e-016
    vertex -7.12866239999933 6.27559916666694 -6.60929644347164e-016
    vertex -9.89392029473617 6.27559916666723 -5.28743715477731e-016
  endloop
endfacet
facet normal 2.14519825567715e-029 2.26432360896175e-016 -1.0
  outer loop
    vertex -7.1286623999992 7.55541724359003 -8.81239525796218e-016
    vertex -7.87374577719232 6.27559916666702 -6.16867668057353e-016
    vertex -7.87374577719218 7.55541724359011 -8.37177549506407e-016
  endloop
endfacet
facet normal 2.14519825567715e-029 2.26432360896175e-016 -1.0
  outer loop
    vertex -7.1286623999992 7.55541724359003 -8.81239525796218e-016
    vertex -7.87374577719218 7.55541724359011 -8.37177549506407e-016
    vertex -5.25443204912201 7.55541724358983 -9.25301502086029e-016
  endloop
endfacet
facet normal 2.14519825567715e-029 2.26432360896175e-016 -1.0
  outer loop
    vertex -12.659178189473 6.27559916666753 -3.96557786608298e-016
    vertex -13.404261566666 6.27559916666761 -3.96557786608298e-016
    vertex -12.6591781894729 7.55541724359062 -6.16867668057353e-016
  endloop
endfacet
facet normal 2.14519825567715e-029 2.26432360896175e-016 -1.0
  outer loop
    vertex -13.404261566666 6.27559916666761 -3.96557786608298e-016
    vertex -12.659178189473 6.27559916666753 -3.96557786608298e-016
    vertex -15.4244360842099 6.27559916666783 -3.08433834028676e-016
  endloop
endfacet
facet normal 2.14519825567715e-029 2.26432360896175e-016 -1.0
  outer loop
    vertex -12.6591781894729 7.55541724359062 -6.16867668057353e-016
    vertex -13.404261566666 6.27559916666761 -3.96557786608298e-016
    vertex -13.4042615666659 7.5554172435907 -6.16867668057353e-016
  endloop
endfacet
facet normal 2.14519825567715e-029 2.26432360896175e-016 -1.0
  outer loop
    vertex -12.6591781894729 7.55541724359062 -6.16867668057353e-016
    vertex -13.4042615666659 7.5554172435907 -6.16867668057353e-016
    vertex -10.639003671929 7.5554172435904 -7.04991620636974e-016
  endloop
endfacet
facet normal 2.14519825567715e-029 2.26432360896175e-016 -1.0
  outer loop
    vertex -10.639003671929 7.5554172435904 -7.04991620636974e-016
    vertex -13.4042615666659 7.5554172435907 -6.16867668057353e-016
    vertex -9.89392029473604 7.55541724359032 -7.49053596926785e-016
  endloop
endfacet
facet normal 2.14519825567715e-029 2.26432360896175e-016 -1.0
  outer loop
    vertex -9.89392029473604 7.55541724359032 -7.49053596926785e-016
    vertex -13.4042615666659 7.5554172435907 -6.16867668057353e-016
    vertex -7.87374577719218 7.55541724359011 -8.37177549506407e-016
  endloop
endfacet
facet normal 2.14519825567715e-029 2.26432360896175e-016 -1.0
  outer loop
    vertex -16.1772007333333 1.23934272194027e-012 8.37177549506407e-016
    vertex -15.4244360842105 0.617456089744749 7.04991620636974e-016
    vertex -4.5016674 6.60929644347163e-017 3.52495810318487e-016
  endloop
endfacet
facet normal 2.14519825567715e-029 2.26432360896175e-016 -1.0
  outer loop
    vertex -15.4244360842105 0.617456089744749 7.04991620636974e-016
    vertex -16.1772007333333 1.23934272194027e-012 8.37177549506407e-016
    vertex -16.1772007333325 8.17287333333458 -6.16867668057353e-016
  endloop
endfacet
facet normal 2.14519825567715e-029 2.26432360896175e-016 -1.0
  outer loop
    vertex -15.4244360842105 0.617456089744749 7.04991620636974e-016
    vertex -16.1772007333325 8.17287333333458 -6.16867668057353e-016
    vertex -15.4244360842103 1.89727416666783 4.40619762898109e-016
  endloop
endfacet
facet normal 2.14519825567715e-029 2.26432360896175e-016 -1.0
  outer loop
    vertex -15.4244360842103 1.89727416666783 4.40619762898109e-016
    vertex -16.1772007333325 8.17287333333458 -6.16867668057353e-016
    vertex -15.4244360842103 2.50350378205244 3.52495810318487e-016
  endloop
endfacet
facet normal 2.14519825567715e-029 2.26432360896175e-016 -1.0
  outer loop
    vertex -15.4244360842103 1.89727416666783 4.40619762898109e-016
    vertex -15.4244360842103 2.50350378205244 3.52495810318487e-016
    vertex -13.4042615666665 1.89727416666761 3.52495810318487e-016
  endloop
endfacet
facet normal 2.14519825567715e-029 2.26432360896175e-016 -1.0
  outer loop
    vertex -13.4042615666665 1.89727416666761 3.52495810318487e-016
    vertex -15.4244360842103 2.50350378205244 3.52495810318487e-016
    vertex -12.6591781894734 2.50350378205215 2.64371857738865e-016
  endloop
endfacet
facet normal 2.14519825567715e-029 2.26432360896175e-016 -1.0
  outer loop
    vertex -13.4042615666665 1.89727416666761 3.52495810318487e-016
    vertex -12.6591781894734 2.50350378205215 2.64371857738865e-016
    vertex -7.12866239999973 2.50350378205155 0.0
  endloop
endfacet
facet normal 2.14519825567715e-029 2.26432360896175e-016 -1.0
  outer loop
    vertex -7.12866239999973 2.50350378205155 0.0
    vertex -12.6591781894734 2.50350378205215 2.64371857738865e-016
    vertex -9.89392029473657 2.50350378205185 1.32185928869433e-016
  endloop
endfacet
facet normal 2.14519825567715e-029 2.26432360896175e-016 -1.0
  outer loop
    vertex -15.4244360842103 2.50350378205244 3.52495810318487e-016
    vertex -16.1772007333325 8.17287333333458 -6.16867668057353e-016
    vertex -15.4244360842101 3.78332185897552 1.32185928869433e-016
  endloop
endfacet
facet normal 2.14519825567715e-029 2.26432360896175e-016 -1.0
  outer loop
    vertex -15.4244360842101 3.78332185897552 1.32185928869433e-016
    vertex -16.1772007333325 8.17287333333458 -6.16867668057353e-016
    vertex -15.4244360842101 4.38955147436013 4.40619762898109e-017
  endloop
endfacet
facet normal 2.14519825567715e-029 2.26432360896175e-016 -1.0
  outer loop
    vertex -15.4244360842101 3.78332185897552 1.32185928869433e-016
    vertex -15.4244360842101 4.38955147436013 4.40619762898109e-017
    vertex -13.4042615666663 3.7833218589753 4.40619762898109e-017
  endloop
endfacet
facet normal 2.14519825567715e-029 2.26432360896175e-016 -1.0
  outer loop
    vertex -13.4042615666663 3.7833218589753 4.40619762898109e-017
    vertex -15.4244360842101 4.38955147436013 4.40619762898109e-017
    vertex -9.89392029473644 3.78332185897493 -8.81239525796218e-017
  endloop
endfacet
facet normal 2.14519825567715e-029 2.26432360896175e-016 -1.0
  outer loop
    vertex -9.89392029473644 3.78332185897493 -8.81239525796218e-017
    vertex -15.4244360842101 4.38955147436013 4.40619762898109e-017
    vertex -7.87374577719258 3.78332185897472 -1.76247905159244e-016
  endloop
endfacet
facet normal 2.14519825567715e-029 2.26432360896175e-016 -1.0
  outer loop
    vertex -7.87374577719258 3.78332185897472 -1.76247905159244e-016
    vertex -15.4244360842101 4.38955147436013 4.40619762898109e-017
    vertex -7.1286623999996 3.78332185897464 -2.20309881449055e-016
  endloop
endfacet
facet normal 2.14519825567715e-029 2.26432360896175e-016 -1.0
  outer loop
    vertex -7.1286623999996 3.78332185897464 -2.20309881449055e-016
    vertex -15.4244360842101 4.38955147436013 4.40619762898109e-017
    vertex -5.2544320491224 3.78332185897444 -2.64371857738865e-016
  endloop
endfacet
facet normal 2.14519825567715e-029 2.26432360896175e-016 -1.0
  outer loop
    vertex -15.4244360842101 4.38955147436013 4.40619762898109e-017
    vertex -16.1772007333325 8.17287333333458 -6.16867668057353e-016
    vertex -15.4244360842099 5.66936955128321 -2.20309881449055e-016
  endloop
endfacet
facet normal 2.14519825567715e-029 2.26432360896175e-016 -1.0
  outer loop
    vertex -15.4244360842099 5.66936955128321 -2.20309881449055e-016
    vertex -16.1772007333325 8.17287333333458 -6.16867668057353e-016
    vertex -15.4244360842099 6.27559916666783 -3.08433834028676e-016
  endloop
endfacet
facet normal 2.14519825567715e-029 2.26432360896175e-016 -1.0
  outer loop
    vertex -15.4244360842099 5.66936955128321 -2.20309881449055e-016
    vertex -15.4244360842099 6.27559916666783 -3.08433834028676e-016
    vertex -13.4042615666661 5.669369551283 -3.08433834028676e-016
  endloop
endfacet
facet normal 2.14519825567715e-029 2.26432360896175e-016 -1.0
  outer loop
    vertex -13.4042615666661 5.669369551283 -3.08433834028676e-016
    vertex -15.4244360842099 6.27559916666783 -3.08433834028676e-016
    vertex -12.659178189473 6.27559916666753 -3.96557786608298e-016
  endloop
endfacet
facet normal 2.14519825567715e-029 2.26432360896175e-016 -1.0
  outer loop
    vertex -13.4042615666661 5.669369551283 -3.08433834028676e-016
    vertex -12.659178189473 6.27559916666753 -3.96557786608298e-016
    vertex -7.12866239999933 6.27559916666694 -6.60929644347164e-016
  endloop
endfacet
facet normal 2.14519825567715e-029 2.26432360896175e-016 -1.0
  outer loop
    vertex -7.12866239999933 6.27559916666694 -6.60929644347164e-016
    vertex -12.659178189473 6.27559916666753 -3.96557786608298e-016
    vertex -9.89392029473617 6.27559916666723 -5.28743715477731e-016
  endloop
endfacet
facet normal 2.14519825567715e-029 2.26432360896175e-016 -1.0
  outer loop
    vertex -15.4244360842099 6.27559916666783 -3.08433834028676e-016
    vertex -16.1772007333325 8.17287333333458 -6.16867668057353e-016
    vertex -15.4244360842097 7.55541724359092 -5.28743715477731e-016
  endloop
endfacet
facet normal 2.14519825567715e-029 2.26432360896175e-016 -1.0
  outer loop
    vertex -15.4244360842097 7.55541724359092 -5.28743715477731e-016
    vertex -16.1772007333325 8.17287333333458 -6.16867668057353e-016
    vertex -13.4042615666659 7.5554172435907 -6.16867668057353e-016
  endloop
endfacet
facet normal 2.14519825567715e-029 2.26432360896175e-016 -1.0
  outer loop
    vertex -4.5016674 6.60929644347163e-017 3.52495810318487e-016
    vertex -5.25443204912274 0.617456089743669 3.08433834028676e-016
    vertex -4.50166739999913 8.17287333333334 -1.10154940724527e-015
  endloop
endfacet
facet normal 2.14519825567715e-029 2.26432360896175e-016 -1.0
  outer loop
    vertex -5.25443204912274 0.617456089743669 3.08433834028676e-016
    vertex -4.5016674 6.60929644347163e-017 3.52495810318487e-016
    vertex -15.4244360842105 0.617456089744749 7.04991620636974e-016
  endloop
endfacet
facet normal 2.14519825567715e-029 2.26432360896175e-016 -1.0
  outer loop
    vertex -5.25443204912274 0.617456089743669 3.08433834028676e-016
    vertex -15.4244360842105 0.617456089744749 7.04991620636974e-016
    vertex -13.4042615666666 0.617456089744534 6.16867668057353e-016
  endloop
endfacet
facet normal 2.14519825567715e-029 2.26432360896175e-016 -1.0
  outer loop
    vertex -5.25443204912274 0.617456089743669 3.08433834028676e-016
    vertex -13.4042615666666 0.617456089744534 6.16867668057353e-016
    vertex -12.6591781894736 0.617456089744455 6.16867668057353e-016
  endloop
endfacet
facet normal 2.14519825567715e-029 2.26432360896175e-016 -1.0
  outer loop
    vertex -5.25443204912274 0.617456089743669 3.08433834028676e-016
    vertex -12.6591781894736 0.617456089744455 6.16867668057353e-016
    vertex -10.6390036719298 0.617456089744241 5.28743715477731e-016
  endloop
endfacet
facet normal 2.14519825567715e-029 2.26432360896175e-016 -1.0
  outer loop
    vertex -5.25443204912274 0.617456089743669 3.08433834028676e-016
    vertex -10.6390036719298 0.617456089744241 5.28743715477731e-016
    vertex -9.89392029473677 0.617456089744162 4.8468173918792e-016
  endloop
endfacet
facet normal 2.14519825567715e-029 2.26432360896175e-016 -1.0
  outer loop
    vertex -5.25443204912274 0.617456089743669 3.08433834028676e-016
    vertex -9.89392029473677 0.617456089744162 4.8468173918792e-016
    vertex -7.87374577719292 0.617456089743948 3.96557786608298e-016
  endloop
endfacet
facet normal 2.14519825567715e-029 2.26432360896175e-016 -1.0
  outer loop
    vertex -5.25443204912274 0.617456089743669 3.08433834028676e-016
    vertex -7.87374577719292 0.617456089743948 3.96557786608298e-016
    vertex -7.03847678598493 0.617456089743859 3.52495810318487e-016
  endloop
endfacet
facet normal 2.14519825567715e-029 2.26432360896175e-016 -1.0
  outer loop
    vertex -4.50166739999913 8.17287333333334 -1.10154940724527e-015
    vertex -5.25443204912274 0.617456089743669 3.08433834028676e-016
    vertex -5.2544320491226 1.89727416666674 4.40619762898109e-017
  endloop
endfacet
facet normal 2.14519825567715e-029 2.26432360896175e-016 -1.0
  outer loop
    vertex -4.50166739999913 8.17287333333334 -1.10154940724527e-015
    vertex -5.2544320491226 1.89727416666674 4.40619762898109e-017
    vertex -5.25443204912254 2.50350378205136 -4.40619762898109e-017
  endloop
endfacet
facet normal 2.14519825567715e-029 2.26432360896175e-016 -1.0
  outer loop
    vertex -5.25443204912254 2.50350378205136 -4.40619762898109e-017
    vertex -5.2544320491226 1.89727416666674 4.40619762898109e-017
    vertex -7.87374577719278 1.89727416666702 1.32185928869433e-016
  endloop
endfacet
facet normal 2.14519825567715e-029 2.26432360896175e-016 -1.0
  outer loop
    vertex -5.25443204912254 2.50350378205136 -4.40619762898109e-017
    vertex -7.87374577719278 1.89727416666702 1.32185928869433e-016
    vertex -10.6390036719296 1.89727416666732 2.64371857738865e-016
  endloop
endfacet
facet normal 2.14519825567715e-029 2.26432360896175e-016 -1.0
  outer loop
    vertex -5.25443204912254 2.50350378205136 -4.40619762898109e-017
    vertex -10.6390036719296 1.89727416666732 2.64371857738865e-016
    vertex -13.4042615666665 1.89727416666761 3.52495810318487e-016
  endloop
endfacet
facet normal 2.14519825567715e-029 2.26432360896175e-016 -1.0
  outer loop
    vertex -5.25443204912254 2.50350378205136 -4.40619762898109e-017
    vertex -13.4042615666665 1.89727416666761 3.52495810318487e-016
    vertex -7.12866239999973 2.50350378205155 0.0
  endloop
endfacet
facet normal 2.14519825567715e-029 2.26432360896175e-016 -1.0
  outer loop
    vertex -4.50166739999913 8.17287333333334 -1.10154940724527e-015
    vertex -5.25443204912254 2.50350378205136 -4.40619762898109e-017
    vertex -5.2544320491224 3.78332185897444 -2.64371857738865e-016
  endloop
endfacet
facet normal 2.14519825567715e-029 2.26432360896175e-016 -1.0
  outer loop
    vertex -4.50166739999913 8.17287333333334 -1.10154940724527e-015
    vertex -5.2544320491224 3.78332185897444 -2.64371857738865e-016
    vertex -5.25443204912234 4.38955147435905 -3.52495810318487e-016
  endloop
endfacet
facet normal 2.14519825567715e-029 2.26432360896175e-016 -1.0
  outer loop
    vertex -5.25443204912234 4.38955147435905 -3.52495810318487e-016
    vertex -5.2544320491224 3.78332185897444 -2.64371857738865e-016
    vertex -15.4244360842101 4.38955147436013 4.40619762898109e-017
  endloop
endfacet
facet normal 2.14519825567715e-029 2.26432360896175e-016 -1.0
  outer loop
    vertex -5.25443204912234 4.38955147435905 -3.52495810318487e-016
    vertex -15.4244360842101 4.38955147436013 4.40619762898109e-017
    vertex -13.4042615666662 4.38955147435992 -4.40619762898109e-017
  endloop
endfacet
facet normal 2.14519825567715e-029 2.26432360896175e-016 -1.0
  outer loop
    vertex -5.25443204912234 4.38955147435905 -3.52495810318487e-016
    vertex -13.4042615666662 4.38955147435992 -4.40619762898109e-017
    vertex -9.89392029473637 4.38955147435955 -1.76247905159244e-016
  endloop
endfacet
facet normal 2.14519825567715e-029 2.26432360896175e-016 -1.0
  outer loop
    vertex -5.25443204912234 4.38955147435905 -3.52495810318487e-016
    vertex -9.89392029473637 4.38955147435955 -1.76247905159244e-016
    vertex -7.87374577719252 4.38955147435933 -2.64371857738865e-016
  endloop
endfacet
facet normal 2.14519825567715e-029 2.26432360896175e-016 -1.0
  outer loop
    vertex -5.25443204912234 4.38955147435905 -3.52495810318487e-016
    vertex -7.87374577719252 4.38955147435933 -2.64371857738865e-016
    vertex -7.12866239999954 4.38955147435925 -3.08433834028676e-016
  endloop
endfacet
facet normal 2.14519825567715e-029 2.26432360896175e-016 -1.0
  outer loop
    vertex -4.50166739999913 8.17287333333334 -1.10154940724527e-015
    vertex -5.25443204912234 4.38955147435905 -3.52495810318487e-016
    vertex -5.2544320491222 5.66936955128212 -6.16867668057353e-016
  endloop
endfacet
facet normal 2.14519825567715e-029 2.26432360896175e-016 -1.0
  outer loop
    vertex -4.50166739999913 8.17287333333334 -1.10154940724527e-015
    vertex -5.2544320491222 5.66936955128212 -6.16867668057353e-016
    vertex -5.25443204912214 6.27559916666674 -7.04991620636974e-016
  endloop
endfacet
facet normal 2.14519825567715e-029 2.26432360896175e-016 -1.0
  outer loop
    vertex -5.25443204912214 6.27559916666674 -7.04991620636974e-016
    vertex -5.2544320491222 5.66936955128212 -6.16867668057353e-016
    vertex -7.87374577719238 5.6693695512824 -5.28743715477731e-016
  endloop
endfacet
facet normal 2.14519825567715e-029 2.26432360896175e-016 -1.0
  outer loop
    vertex -5.25443204912214 6.27559916666674 -7.04991620636974e-016
    vertex -7.87374577719238 5.6693695512824 -5.28743715477731e-016
    vertex -10.6390036719292 5.6693695512827 -3.96557786608298e-016
  endloop
endfacet
facet normal 2.14519825567715e-029 2.26432360896175e-016 -1.0
  outer loop
    vertex -5.25443204912214 6.27559916666674 -7.04991620636974e-016
    vertex -10.6390036719292 5.6693695512827 -3.96557786608298e-016
    vertex -13.4042615666661 5.669369551283 -3.08433834028676e-016
  endloop
endfacet
facet normal 2.14519825567715e-029 2.26432360896175e-016 -1.0
  outer loop
    vertex -5.25443204912214 6.27559916666674 -7.04991620636974e-016
    vertex -13.4042615666661 5.669369551283 -3.08433834028676e-016
    vertex -7.12866239999933 6.27559916666694 -6.60929644347164e-016
  endloop
endfacet
facet normal 2.14519825567715e-029 2.26432360896175e-016 -1.0
  outer loop
    vertex -4.50166739999913 8.17287333333334 -1.10154940724527e-015
    vertex -5.25443204912214 6.27559916666674 -7.04991620636974e-016
    vertex -5.25443204912201 7.55541724358983 -9.25301502086029e-016
  endloop
endfacet
facet normal 2.14519825567715e-029 2.26432360896175e-016 -1.0
  outer loop
    vertex -4.50166739999913 8.17287333333334 -1.10154940724527e-015
    vertex -5.25443204912201 7.55541724358983 -9.25301502086029e-016
    vertex -7.87374577719218 7.55541724359011 -8.37177549506407e-016
  endloop
endfacet
facet normal 2.14519825567715e-029 2.26432360896175e-016 -1.0
  outer loop
    vertex -4.50166739999913 8.17287333333334 -1.10154940724527e-015
    vertex -7.87374577719218 7.55541724359011 -8.37177549506407e-016
    vertex -13.4042615666659 7.5554172435907 -6.16867668057353e-016
  endloop
endfacet
facet normal 2.14519825567715e-029 2.26432360896175e-016 -1.0
  outer loop
    vertex -4.50166739999913 8.17287333333334 -1.10154940724527e-015
    vertex -13.4042615666659 7.5554172435907 -6.16867668057353e-016
    vertex -16.1772007333325 8.17287333333458 -6.16867668057353e-016
  endloop
endfacet
facet normal 2.14519825567715e-029 2.26432360896175e-016 -1.0
  outer loop
    vertex -9.89392029473617 6.27559916666723 -5.28743715477731e-016
    vertex -10.6390036719292 6.27559916666731 -4.8468173918792e-016
    vertex -9.89392029473604 7.55541724359032 -7.49053596926785e-016
  endloop
endfacet
facet normal 2.14519825567715e-029 2.26432360896175e-016 -1.0
  outer loop
    vertex -10.6390036719292 6.27559916666731 -4.8468173918792e-016
    vertex -9.89392029473617 6.27559916666723 -5.28743715477731e-016
    vertex -12.659178189473 6.27559916666753 -3.96557786608298e-016
  endloop
endfacet
facet normal 2.14519825567715e-029 2.26432360896175e-016 -1.0
  outer loop
    vertex -9.89392029473604 7.55541724359032 -7.49053596926785e-016
    vertex -10.6390036719292 6.27559916666731 -4.8468173918792e-016
    vertex -10.639003671929 7.5554172435904 -7.04991620636974e-016
  endloop
endfacet
facet normal 2.14519825567715e-029 2.26432360896175e-016 -1.0
  outer loop
    vertex -12.6591781894734 2.50350378205215 2.64371857738865e-016
    vertex -13.4042615666664 2.50350378205223 2.64371857738865e-016
    vertex -12.6591781894733 3.78332185897522 4.40619762898109e-017
  endloop
endfacet
facet normal 2.14519825567715e-029 2.26432360896175e-016 -1.0
  outer loop
    vertex -13.4042615666664 2.50350378205223 2.64371857738865e-016
    vertex -12.6591781894734 2.50350378205215 2.64371857738865e-016
    vertex -15.4244360842103 2.50350378205244 3.52495810318487e-016
  endloop
endfacet
facet normal 2.14519825567715e-029 2.26432360896175e-016 -1.0
  outer loop
    vertex -12.6591781894733 3.78332185897522 4.40619762898109e-017
    vertex -13.4042615666664 2.50350378205223 2.64371857738865e-016
    vertex -13.4042615666663 3.7833218589753 4.40619762898109e-017
  endloop
endfacet
facet normal 2.14519825567715e-029 2.26432360896175e-016 -1.0
  outer loop
    vertex -12.6591781894733 3.78332185897522 4.40619762898109e-017
    vertex -13.4042615666663 3.7833218589753 4.40619762898109e-017
    vertex -10.6390036719294 3.78332185897501 -4.40619762898109e-017
  endloop
endfacet
facet normal 2.14519825567715e-029 2.26432360896175e-016 -1.0
  outer loop
    vertex -7.12866239999973 2.50350378205155 0.0
    vertex -7.87374577719272 2.50350378205164 4.40619762898109e-017
    vertex -7.1286623999996 3.78332185897464 -2.20309881449055e-016
  endloop
endfacet
facet normal 2.14519825567715e-029 2.26432360896175e-016 -1.0
  outer loop
    vertex -7.87374577719272 2.50350378205164 4.40619762898109e-017
    vertex -7.12866239999973 2.50350378205155 0.0
    vertex -9.89392029473657 2.50350378205185 1.32185928869433e-016
  endloop
endfacet
facet normal 2.14519825567715e-029 2.26432360896175e-016 -1.0
  outer loop
    vertex -7.1286623999996 3.78332185897464 -2.20309881449055e-016
    vertex -7.87374577719272 2.50350378205164 4.40619762898109e-017
    vertex -7.87374577719258 3.78332185897472 -1.76247905159244e-016
  endloop
endfacet
facet normal 2.14519825567715e-029 2.26432360896175e-016 -1.0
  outer loop
    vertex -9.89392029473657 2.50350378205185 1.32185928869433e-016
    vertex -10.6390036719296 2.50350378205193 1.76247905159244e-016
    vertex -9.89392029473644 3.78332185897493 -8.81239525796218e-017
  endloop
endfacet
facet normal 2.14519825567715e-029 2.26432360896175e-016 -1.0
  outer loop
    vertex -10.6390036719296 2.50350378205193 1.76247905159244e-016
    vertex -9.89392029473657 2.50350378205185 1.32185928869433e-016
    vertex -12.6591781894734 2.50350378205215 2.64371857738865e-016
  endloop
endfacet
facet normal 2.14519825567715e-029 2.26432360896175e-016 -1.0
  outer loop
    vertex -9.89392029473644 3.78332185897493 -8.81239525796218e-017
    vertex -10.6390036719296 2.50350378205193 1.76247905159244e-016
    vertex -10.6390036719294 3.78332185897501 -4.40619762898109e-017
  endloop
endfacet
facet normal 2.14519825567715e-029 2.26432360896175e-016 -1.0
  outer loop
    vertex -9.89392029473644 3.78332185897493 -8.81239525796218e-017
    vertex -10.6390036719294 3.78332185897501 -4.40619762898109e-017
    vertex -13.4042615666663 3.7833218589753 4.40619762898109e-017
  endloop
endfacet
facet normal 2.14519825567715e-029 2.26432360896175e-016 -1.0
  outer loop
    vertex -7.87374577719278 1.89727416666702 1.32185928869433e-016
    vertex -7.03847678598493 0.617456089743859 3.52495810318487e-016
    vertex -7.87374577719292 0.617456089743948 3.96557786608298e-016
  endloop
endfacet
facet normal 2.14519825567715e-029 2.26432360896175e-016 -1.0
  outer loop
    vertex -7.03847678598493 0.617456089743859 3.52495810318487e-016
    vertex -7.87374577719278 1.89727416666702 1.32185928869433e-016
    vertex -7.0384767859848 1.89727416666693 8.81239525796218e-017
  endloop
endfacet
facet normal 2.14519825567715e-029 2.26432360896175e-016 -1.0
  outer loop
    vertex -7.0384767859848 1.89727416666693 8.81239525796218e-017
    vertex -7.87374577719278 1.89727416666702 1.32185928869433e-016
    vertex -5.2544320491226 1.89727416666674 4.40619762898109e-017
  endloop
endfacet
facet normal 2.14519825567715e-029 2.26432360896175e-016 -1.0
  outer loop
    vertex -10.6390036719296 1.89727416666732 2.64371857738865e-016
    vertex -9.89392029473677 0.617456089744162 4.8468173918792e-016
    vertex -10.6390036719298 0.617456089744241 5.28743715477731e-016
  endloop
endfacet
facet normal 2.14519825567715e-029 2.26432360896175e-016 -1.0
  outer loop
    vertex -9.89392029473677 0.617456089744162 4.8468173918792e-016
    vertex -10.6390036719296 1.89727416666732 2.64371857738865e-016
    vertex -9.89392029473664 1.89727416666724 2.20309881449055e-016
  endloop
endfacet
facet normal 2.14519825567715e-029 2.26432360896175e-016 -1.0
  outer loop
    vertex -9.89392029473664 1.89727416666724 2.20309881449055e-016
    vertex -10.6390036719296 1.89727416666732 2.64371857738865e-016
    vertex -7.87374577719278 1.89727416666702 1.32185928869433e-016
  endloop
endfacet
facet normal 2.14519825567715e-029 2.26432360896175e-016 -1.0
  outer loop
    vertex -13.4042615666665 1.89727416666761 3.52495810318487e-016
    vertex -12.6591781894736 0.617456089744455 6.16867668057353e-016
    vertex -13.4042615666666 0.617456089744534 6.16867668057353e-016
  endloop
endfacet
facet normal 2.14519825567715e-029 2.26432360896175e-016 -1.0
  outer loop
    vertex -12.6591781894736 0.617456089744455 6.16867668057353e-016
    vertex -13.4042615666665 1.89727416666761 3.52495810318487e-016
    vertex -12.6591781894735 1.89727416666753 3.52495810318487e-016
  endloop
endfacet
facet normal 2.14519825567715e-029 2.26432360896175e-016 -1.0
  outer loop
    vertex -12.6591781894735 1.89727416666753 3.52495810318487e-016
    vertex -13.4042615666665 1.89727416666761 3.52495810318487e-016
    vertex -10.6390036719296 1.89727416666732 2.64371857738865e-016
  endloop
endfacet
facet normal -2.14519825567715e-029 -2.26432360896175e-016 1.0
  outer loop
    vertex -9.89392029473644 3.78332185897493 0.875665
    vertex -10.6390036719296 2.50350378205193 0.875665
    vertex -9.89392029473657 2.50350378205185 0.875665
  endloop
endfacet
facet normal -2.14519825567715e-029 -2.26432360896175e-016 1.0
  outer loop
    vertex -10.6390036719296 2.50350378205193 0.875665
    vertex -9.89392029473644 3.78332185897493 0.875665
    vertex -10.6390036719294 3.78332185897501 0.875665
  endloop
endfacet
facet normal -2.14519825567715e-029 -2.26432360896175e-016 1.0
  outer loop
    vertex -10.6390036719294 3.78332185897501 0.875665
    vertex -9.89392029473644 3.78332185897493 0.875665
    vertex -12.6591781894733 3.78332185897522 0.875665
  endloop
endfacet
facet normal -2.14519825567715e-029 -2.26432360896175e-016 1.0
  outer loop
    vertex -12.6591781894733 3.78332185897522 0.875665
    vertex -13.4042615666664 2.50350378205223 0.875665
    vertex -12.6591781894734 2.50350378205215 0.875665
  endloop
endfacet
facet normal -2.14519825567715e-029 -2.26432360896175e-016 1.0
  outer loop
    vertex -13.4042615666664 2.50350378205223 0.875665
    vertex -12.6591781894733 3.78332185897522 0.875665
    vertex -13.4042615666663 3.7833218589753 0.875665
  endloop
endfacet
facet normal -2.14519825567715e-029 -2.26432360896175e-016 1.0
  outer loop
    vertex -13.4042615666663 3.7833218589753 0.875665
    vertex -12.6591781894733 3.78332185897522 0.875665
    vertex -9.89392029473644 3.78332185897493 0.875665
  endloop
endfacet
facet normal -2.14519825567715e-029 -2.26432360896175e-016 1.0
  outer loop
    vertex -7.1286623999996 3.78332185897464 0.875665
    vertex -7.87374577719272 2.50350378205164 0.875665
    vertex -7.12866239999973 2.50350378205155 0.875665
  endloop
endfacet
facet normal -2.14519825567715e-029 -2.26432360896175e-016 1.0
  outer loop
    vertex -7.87374577719272 2.50350378205164 0.875665
    vertex -7.1286623999996 3.78332185897464 0.875665
    vertex -7.87374577719258 3.78332185897472 0.875665
  endloop
endfacet
facet normal -2.14519825567715e-029 -2.26432360896175e-016 1.0
  outer loop
    vertex -12.6591781894735 1.89727416666753 0.875665
    vertex -13.4042615666666 0.617456089744534 0.875665000000001
    vertex -12.6591781894736 0.617456089744455 0.875665000000001
  endloop
endfacet
facet normal -2.14519825567715e-029 -2.26432360896175e-016 1.0
  outer loop
    vertex -13.4042615666666 0.617456089744534 0.875665000000001
    vertex -12.6591781894735 1.89727416666753 0.875665
    vertex -13.4042615666665 1.89727416666761 0.875665
  endloop
endfacet
facet normal -2.14519825567715e-029 -2.26432360896175e-016 1.0
  outer loop
    vertex -9.89392029473664 1.89727416666724 0.875665
    vertex -10.6390036719298 0.617456089744241 0.875665000000001
    vertex -9.89392029473677 0.617456089744162 0.875665000000001
  endloop
endfacet
facet normal -2.14519825567715e-029 -2.26432360896175e-016 1.0
  outer loop
    vertex -10.6390036719298 0.617456089744241 0.875665000000001
    vertex -9.89392029473664 1.89727416666724 0.875665
    vertex -10.6390036719296 1.89727416666732 0.875665
  endloop
endfacet
facet normal -2.14519825567715e-029 -2.26432360896175e-016 1.0
  outer loop
    vertex -7.0384767859848 1.89727416666693 0.875665
    vertex -7.87374577719292 0.617456089743947 0.875665000000001
    vertex -7.03847678598493 0.617456089743859 0.875665
  endloop
endfacet
facet normal -2.14519825567715e-029 -2.26432360896175e-016 1.0
  outer loop
    vertex -7.87374577719292 0.617456089743947 0.875665000000001
    vertex -7.0384767859848 1.89727416666693 0.875665
    vertex -7.87374577719278 1.89727416666702 0.875665
  endloop
endfacet
facet normal -2.14519825567715e-029 -2.26432360896175e-016 1.0
  outer loop
    vertex -4.5016674 -1.32185928869433e-016 0.875665
    vertex -5.25443204912274 0.617456089743669 0.875665
    vertex -16.1772007333333 1.23914444304697e-012 0.875665000000001
  endloop
endfacet
facet normal -2.14519825567715e-029 -2.26432360896175e-016 1.0
  outer loop
    vertex -5.25443204912274 0.617456089743669 0.875665
    vertex -4.5016674 -1.32185928869433e-016 0.875665
    vertex -4.50166739999913 8.17287333333334 0.875664999999999
  endloop
endfacet
facet normal -2.14519825567715e-029 -2.26432360896175e-016 1.0
  outer loop
    vertex -5.25443204912274 0.617456089743669 0.875665
    vertex -4.50166739999913 8.17287333333334 0.875664999999999
    vertex -5.2544320491226 1.89727416666674 0.875665
  endloop
endfacet
facet normal -2.14519825567715e-029 -2.26432360896175e-016 1.0
  outer loop
    vertex -5.2544320491226 1.89727416666674 0.875665
    vertex -4.50166739999913 8.17287333333334 0.875664999999999
    vertex -5.25443204912254 2.50350378205136 0.875665
  endloop
endfacet
facet normal -2.14519825567715e-029 -2.26432360896175e-016 1.0
  outer loop
    vertex -5.2544320491226 1.89727416666674 0.875665
    vertex -5.25443204912254 2.50350378205136 0.875665
    vertex -7.0384767859848 1.89727416666693 0.875665
  endloop
endfacet
facet normal -2.14519825567715e-029 -2.26432360896175e-016 1.0
  outer loop
    vertex -7.0384767859848 1.89727416666693 0.875665
    vertex -5.25443204912254 2.50350378205136 0.875665
    vertex -7.87374577719278 1.89727416666702 0.875665
  endloop
endfacet
facet normal -2.14519825567715e-029 -2.26432360896175e-016 1.0
  outer loop
    vertex -7.87374577719278 1.89727416666702 0.875665
    vertex -5.25443204912254 2.50350378205136 0.875665
    vertex -9.89392029473664 1.89727416666724 0.875665
  endloop
endfacet
facet normal -2.14519825567715e-029 -2.26432360896175e-016 1.0
  outer loop
    vertex -9.89392029473664 1.89727416666724 0.875665
    vertex -5.25443204912254 2.50350378205136 0.875665
    vertex -10.6390036719296 1.89727416666732 0.875665
  endloop
endfacet
facet normal -2.14519825567715e-029 -2.26432360896175e-016 1.0
  outer loop
    vertex -10.6390036719296 1.89727416666732 0.875665
    vertex -5.25443204912254 2.50350378205136 0.875665
    vertex -12.6591781894735 1.89727416666753 0.875665
  endloop
endfacet
facet normal -2.14519825567715e-029 -2.26432360896175e-016 1.0
  outer loop
    vertex -12.6591781894735 1.89727416666753 0.875665
    vertex -5.25443204912254 2.50350378205136 0.875665
    vertex -13.4042615666665 1.89727416666761 0.875665
  endloop
endfacet
facet normal -2.14519825567715e-029 -2.26432360896175e-016 1.0
  outer loop
    vertex -13.4042615666665 1.89727416666761 0.875665
    vertex -5.25443204912254 2.50350378205136 0.875665
    vertex -15.4244360842103 1.89727416666783 0.875665000000001
  endloop
endfacet
facet normal -2.14519825567715e-029 -2.26432360896175e-016 1.0
  outer loop
    vertex -5.25443204912254 2.50350378205136 0.875665
    vertex -4.50166739999913 8.17287333333334 0.875664999999999
    vertex -5.2544320491224 3.78332185897444 0.875665
  endloop
endfacet
facet normal -2.14519825567715e-029 -2.26432360896175e-016 1.0
  outer loop
    vertex -5.2544320491224 3.78332185897444 0.875665
    vertex -4.50166739999913 8.17287333333334 0.875664999999999
    vertex -5.25443204912234 4.38955147435905 0.875664999999998
  endloop
endfacet
facet normal -2.14519825567715e-029 -2.26432360896175e-016 1.0
  outer loop
    vertex -5.2544320491224 3.78332185897444 0.875665
    vertex -5.25443204912234 4.38955147435905 0.875664999999998
    vertex -7.1286623999996 3.78332185897464 0.875665
  endloop
endfacet
facet normal -2.14519825567715e-029 -2.26432360896175e-016 1.0
  outer loop
    vertex -7.1286623999996 3.78332185897464 0.875665
    vertex -5.25443204912234 4.38955147435905 0.875664999999998
    vertex -7.87374577719258 3.78332185897472 0.875665
  endloop
endfacet
facet normal -2.14519825567715e-029 -2.26432360896175e-016 1.0
  outer loop
    vertex -7.87374577719258 3.78332185897472 0.875665
    vertex -5.25443204912234 4.38955147435905 0.875664999999998
    vertex -9.89392029473644 3.78332185897493 0.875665
  endloop
endfacet
facet normal -2.14519825567715e-029 -2.26432360896175e-016 1.0
  outer loop
    vertex -9.89392029473644 3.78332185897493 0.875665
    vertex -5.25443204912234 4.38955147435905 0.875664999999998
    vertex -13.4042615666663 3.7833218589753 0.875665
  endloop
endfacet
facet normal -2.14519825567715e-029 -2.26432360896175e-016 1.0
  outer loop
    vertex -13.4042615666663 3.7833218589753 0.875665
    vertex -5.25443204912234 4.38955147435905 0.875664999999998
    vertex -15.4244360842101 3.78332185897552 0.875665
  endloop
endfacet
facet normal -2.14519825567715e-029 -2.26432360896175e-016 1.0
  outer loop
    vertex -5.25443204912234 4.38955147435905 0.875664999999998
    vertex -4.50166739999913 8.17287333333334 0.875664999999999
    vertex -5.2544320491222 5.66936955128212 0.875664999999997
  endloop
endfacet
facet normal -2.14519825567715e-029 -2.26432360896175e-016 1.0
  outer loop
    vertex -5.2544320491222 5.66936955128212 0.875664999999997
    vertex -4.50166739999913 8.17287333333334 0.875664999999999
    vertex -5.25443204912214 6.27559916666674 0.875664999999999
  endloop
endfacet
facet normal -2.14519825567715e-029 -2.26432360896175e-016 1.0
  outer loop
    vertex -5.2544320491222 5.66936955128212 0.875664999999997
    vertex -5.25443204912214 6.27559916666674 0.875664999999999
    vertex -7.1286623999994 5.66936955128232 0.875664999999997
  endloop
endfacet
facet normal -2.14519825567715e-029 -2.26432360896175e-016 1.0
  outer loop
    vertex -7.1286623999994 5.66936955128232 0.875664999999997
    vertex -5.25443204912214 6.27559916666674 0.875664999999999
    vertex -7.87374577719238 5.6693695512824 0.875665000000002
  endloop
endfacet
facet normal -2.14519825567715e-029 -2.26432360896175e-016 1.0
  outer loop
    vertex -7.87374577719238 5.6693695512824 0.875665000000002
    vertex -5.25443204912214 6.27559916666674 0.875664999999999
    vertex -9.89392029473624 5.66936955128261 0.875665000000002
  endloop
endfacet
facet normal -2.14519825567715e-029 -2.26432360896175e-016 1.0
  outer loop
    vertex -9.89392029473624 5.66936955128261 0.875665000000002
    vertex -5.25443204912214 6.27559916666674 0.875664999999999
    vertex -10.6390036719292 5.6693695512827 0.875665
  endloop
endfacet
facet normal -2.14519825567715e-029 -2.26432360896175e-016 1.0
  outer loop
    vertex -10.6390036719292 5.6693695512827 0.875665
    vertex -5.25443204912214 6.27559916666674 0.875664999999999
    vertex -12.6591781894731 5.66936955128292 0.875665
  endloop
endfacet
facet normal -2.14519825567715e-029 -2.26432360896175e-016 1.0
  outer loop
    vertex -12.6591781894731 5.66936955128292 0.875665
    vertex -5.25443204912214 6.27559916666674 0.875664999999999
    vertex -13.4042615666661 5.669369551283 0.875665
  endloop
endfacet
facet normal -2.14519825567715e-029 -2.26432360896175e-016 1.0
  outer loop
    vertex -13.4042615666661 5.669369551283 0.875665
    vertex -5.25443204912214 6.27559916666674 0.875664999999999
    vertex -15.4244360842099 5.66936955128321 0.875665
  endloop
endfacet
facet normal -2.14519825567715e-029 -2.26432360896175e-016 1.0
  outer loop
    vertex -5.25443204912214 6.27559916666674 0.875664999999999
    vertex -4.50166739999913 8.17287333333334 0.875664999999999
    vertex -5.25443204912201 7.55541724358983 0.875664999999999
  endloop
endfacet
facet normal -2.14519825567715e-029 -2.26432360896175e-016 1.0
  outer loop
    vertex -5.25443204912201 7.55541724358983 0.875664999999999
    vertex -4.50166739999913 8.17287333333334 0.875664999999999
    vertex -7.1286623999992 7.55541724359003 0.875664999999999
  endloop
endfacet
facet normal -2.14519825567715e-029 -2.26432360896175e-016 1.0
  outer loop
    vertex -7.1286623999992 7.55541724359003 0.875664999999999
    vertex -4.50166739999913 8.17287333333334 0.875664999999999
    vertex -7.87374577719218 7.55541724359011 0.875664999999999
  endloop
endfacet
facet normal -2.14519825567715e-029 -2.26432360896175e-016 1.0
  outer loop
    vertex -7.87374577719218 7.55541724359011 0.875664999999999
    vertex -4.50166739999913 8.17287333333334 0.875664999999999
    vertex -9.89392029473604 7.55541724359032 0.875664999999999
  endloop
endfacet
facet normal -2.14519825567715e-029 -2.26432360896175e-016 1.0
  outer loop
    vertex -9.89392029473604 7.55541724359032 0.875664999999999
    vertex -4.50166739999913 8.17287333333334 0.875664999999999
    vertex -10.639003671929 7.5554172435904 0.875664999999999
  endloop
endfacet
facet normal -2.14519825567715e-029 -2.26432360896175e-016 1.0
  outer loop
    vertex -10.639003671929 7.5554172435904 0.875664999999999
    vertex -4.50166739999913 8.17287333333334 0.875664999999999
    vertex -12.6591781894729 7.55541724359062 0.875665
  endloop
endfacet
facet normal -2.14519825567715e-029 -2.26432360896175e-016 1.0
  outer loop
    vertex -12.6591781894729 7.55541724359062 0.875665
    vertex -4.50166739999913 8.17287333333334 0.875664999999999
    vertex -13.4042615666659 7.5554172435907 0.875665
  endloop
endfacet
facet normal -2.14519825567715e-029 -2.26432360896175e-016 1.0
  outer loop
    vertex -13.4042615666659 7.5554172435907 0.875665
    vertex -4.50166739999913 8.17287333333334 0.875664999999999
    vertex -15.4244360842097 7.55541724359092 0.875665
  endloop
endfacet
facet normal -2.14519825567715e-029 -2.26432360896175e-016 1.0
  outer loop
    vertex -16.1772007333333 1.23914444304697e-012 0.875665000000001
    vertex -15.4244360842105 0.617456089744749 0.875665000000001
    vertex -16.1772007333325 8.17287333333458 0.875665
  endloop
endfacet
facet normal -2.14519825567715e-029 -2.26432360896175e-016 1.0
  outer loop
    vertex -15.4244360842105 0.617456089744749 0.875665000000001
    vertex -16.1772007333333 1.23914444304697e-012 0.875665000000001
    vertex -5.25443204912274 0.617456089743669 0.875665
  endloop
endfacet
facet normal -2.14519825567715e-029 -2.26432360896175e-016 1.0
  outer loop
    vertex -15.4244360842105 0.617456089744749 0.875665000000001
    vertex -5.25443204912274 0.617456089743669 0.875665
    vertex -7.03847678598493 0.617456089743859 0.875665
  endloop
endfacet
facet normal -2.14519825567715e-029 -2.26432360896175e-016 1.0
  outer loop
    vertex -15.4244360842105 0.617456089744749 0.875665000000001
    vertex -7.03847678598493 0.617456089743859 0.875665
    vertex -7.87374577719292 0.617456089743947 0.875665000000001
  endloop
endfacet
facet normal -2.14519825567715e-029 -2.26432360896175e-016 1.0
  outer loop
    vertex -15.4244360842105 0.617456089744749 0.875665000000001
    vertex -7.87374577719292 0.617456089743947 0.875665000000001
    vertex -9.89392029473677 0.617456089744162 0.875665000000001
  endloop
endfacet
facet normal -2.14519825567715e-029 -2.26432360896175e-016 1.0
  outer loop
    vertex -15.4244360842105 0.617456089744749 0.875665000000001
    vertex -9.89392029473677 0.617456089744162 0.875665000000001
    vertex -10.6390036719298 0.617456089744241 0.875665000000001
  endloop
endfacet
facet normal -2.14519825567715e-029 -2.26432360896175e-016 1.0
  outer loop
    vertex -15.4244360842105 0.617456089744749 0.875665000000001
    vertex -10.6390036719298 0.617456089744241 0.875665000000001
    vertex -12.6591781894736 0.617456089744455 0.875665000000001
  endloop
endfacet
facet normal -2.14519825567715e-029 -2.26432360896175e-016 1.0
  outer loop
    vertex -15.4244360842105 0.617456089744749 0.875665000000001
    vertex -12.6591781894736 0.617456089744455 0.875665000000001
    vertex -13.4042615666666 0.617456089744534 0.875665000000001
  endloop
endfacet
facet normal -2.14519825567715e-029 -2.26432360896175e-016 1.0
  outer loop
    vertex -16.1772007333325 8.17287333333458 0.875665
    vertex -15.4244360842105 0.617456089744749 0.875665000000001
    vertex -15.4244360842103 1.89727416666783 0.875665000000001
  endloop
endfacet
facet normal -2.14519825567715e-029 -2.26432360896175e-016 1.0
  outer loop
    vertex -16.1772007333325 8.17287333333458 0.875665
    vertex -15.4244360842103 1.89727416666783 0.875665000000001
    vertex -15.4244360842103 2.50350378205244 0.875665
  endloop
endfacet
facet normal -2.14519825567715e-029 -2.26432360896175e-016 1.0
  outer loop
    vertex -15.4244360842103 2.50350378205244 0.875665
    vertex -15.4244360842103 1.89727416666783 0.875665000000001
    vertex -12.6591781894734 2.50350378205215 0.875665
  endloop
endfacet
facet normal -2.14519825567715e-029 -2.26432360896175e-016 1.0
  outer loop
    vertex -12.6591781894734 2.50350378205215 0.875665
    vertex -15.4244360842103 1.89727416666783 0.875665000000001
    vertex -7.12866239999973 2.50350378205155 0.875665
  endloop
endfacet
facet normal -2.14519825567715e-029 -2.26432360896175e-016 1.0
  outer loop
    vertex -7.12866239999973 2.50350378205155 0.875665
    vertex -15.4244360842103 1.89727416666783 0.875665000000001
    vertex -5.25443204912254 2.50350378205136 0.875665
  endloop
endfacet
facet normal -2.14519825567715e-029 -2.26432360896175e-016 1.0
  outer loop
    vertex -12.6591781894734 2.50350378205215 0.875665
    vertex -7.12866239999973 2.50350378205155 0.875665
    vertex -9.89392029473657 2.50350378205185 0.875665
  endloop
endfacet
facet normal -2.14519825567715e-029 -2.26432360896175e-016 1.0
  outer loop
    vertex -9.89392029473657 2.50350378205185 0.875665
    vertex -7.12866239999973 2.50350378205155 0.875665
    vertex -7.87374577719272 2.50350378205164 0.875665
  endloop
endfacet
facet normal -2.14519825567715e-029 -2.26432360896175e-016 1.0
  outer loop
    vertex -12.6591781894734 2.50350378205215 0.875665
    vertex -9.89392029473657 2.50350378205185 0.875665
    vertex -10.6390036719296 2.50350378205193 0.875665
  endloop
endfacet
facet normal -2.14519825567715e-029 -2.26432360896175e-016 1.0
  outer loop
    vertex -15.4244360842103 2.50350378205244 0.875665
    vertex -12.6591781894734 2.50350378205215 0.875665
    vertex -13.4042615666664 2.50350378205223 0.875665
  endloop
endfacet
facet normal -2.14519825567715e-029 -2.26432360896175e-016 1.0
  outer loop
    vertex -16.1772007333325 8.17287333333458 0.875665
    vertex -15.4244360842103 2.50350378205244 0.875665
    vertex -15.4244360842101 3.78332185897552 0.875665
  endloop
endfacet
facet normal -2.14519825567715e-029 -2.26432360896175e-016 1.0
  outer loop
    vertex -16.1772007333325 8.17287333333458 0.875665
    vertex -15.4244360842101 3.78332185897552 0.875665
    vertex -15.4244360842101 4.38955147436013 0.875665
  endloop
endfacet
facet normal -2.14519825567715e-029 -2.26432360896175e-016 1.0
  outer loop
    vertex -15.4244360842101 4.38955147436013 0.875665
    vertex -15.4244360842101 3.78332185897552 0.875665
    vertex -5.25443204912234 4.38955147435905 0.875664999999998
  endloop
endfacet
facet normal -2.14519825567715e-029 -2.26432360896175e-016 1.0
  outer loop
    vertex -15.4244360842101 4.38955147436013 0.875665
    vertex -5.25443204912234 4.38955147435905 0.875664999999998
    vertex -7.12866239999954 4.38955147435925 0.875664999999998
  endloop
endfacet
facet normal -2.14519825567715e-029 -2.26432360896175e-016 1.0
  outer loop
    vertex -15.4244360842101 4.38955147436013 0.875665
    vertex -7.12866239999954 4.38955147435925 0.875664999999998
    vertex -7.87374577719252 4.38955147435933 0.875665000000002
  endloop
endfacet
facet normal -2.14519825567715e-029 -2.26432360896175e-016 1.0
  outer loop
    vertex -15.4244360842101 4.38955147436013 0.875665
    vertex -7.87374577719252 4.38955147435933 0.875665000000002
    vertex -9.89392029473637 4.38955147435955 0.875665000000002
  endloop
endfacet
facet normal -2.14519825567715e-029 -2.26432360896175e-016 1.0
  outer loop
    vertex -15.4244360842101 4.38955147436013 0.875665
    vertex -9.89392029473637 4.38955147435955 0.875665000000002
    vertex -13.4042615666662 4.38955147435992 0.875665
  endloop
endfacet
facet normal -2.14519825567715e-029 -2.26432360896175e-016 1.0
  outer loop
    vertex -16.1772007333325 8.17287333333458 0.875665
    vertex -15.4244360842101 4.38955147436013 0.875665
    vertex -15.4244360842099 5.66936955128321 0.875665
  endloop
endfacet
facet normal -2.14519825567715e-029 -2.26432360896175e-016 1.0
  outer loop
    vertex -16.1772007333325 8.17287333333458 0.875665
    vertex -15.4244360842099 5.66936955128321 0.875665
    vertex -15.4244360842099 6.27559916666783 0.875665
  endloop
endfacet
facet normal -2.14519825567715e-029 -2.26432360896175e-016 1.0
  outer loop
    vertex -15.4244360842099 6.27559916666783 0.875665
    vertex -15.4244360842099 5.66936955128321 0.875665
    vertex -12.659178189473 6.27559916666753 0.875665
  endloop
endfacet
facet normal -2.14519825567715e-029 -2.26432360896175e-016 1.0
  outer loop
    vertex -12.659178189473 6.27559916666753 0.875665
    vertex -15.4244360842099 5.66936955128321 0.875665
    vertex -7.12866239999933 6.27559916666694 0.875665
  endloop
endfacet
facet normal -2.14519825567715e-029 -2.26432360896175e-016 1.0
  outer loop
    vertex -7.12866239999933 6.27559916666694 0.875665
    vertex -15.4244360842099 5.66936955128321 0.875665
    vertex -5.25443204912214 6.27559916666674 0.875664999999999
  endloop
endfacet
facet normal -2.14519825567715e-029 -2.26432360896175e-016 1.0
  outer loop
    vertex -12.659178189473 6.27559916666753 0.875665
    vertex -7.12866239999933 6.27559916666694 0.875665
    vertex -9.89392029473617 6.27559916666723 0.875665
  endloop
endfacet
facet normal -2.14519825567715e-029 -2.26432360896175e-016 1.0
  outer loop
    vertex -9.89392029473617 6.27559916666723 0.875665
    vertex -7.12866239999933 6.27559916666694 0.875665
    vertex -7.87374577719232 6.27559916666702 0.875665
  endloop
endfacet
facet normal -2.14519825567715e-029 -2.26432360896175e-016 1.0
  outer loop
    vertex -12.659178189473 6.27559916666753 0.875665
    vertex -9.89392029473617 6.27559916666723 0.875665
    vertex -10.6390036719292 6.27559916666731 0.875665
  endloop
endfacet
facet normal -2.14519825567715e-029 -2.26432360896175e-016 1.0
  outer loop
    vertex -15.4244360842099 6.27559916666783 0.875665
    vertex -12.659178189473 6.27559916666753 0.875665
    vertex -13.404261566666 6.27559916666761 0.875665
  endloop
endfacet
facet normal -2.14519825567715e-029 -2.26432360896175e-016 1.0
  outer loop
    vertex -16.1772007333325 8.17287333333458 0.875665
    vertex -15.4244360842099 6.27559916666783 0.875665
    vertex -15.4244360842097 7.55541724359092 0.875665
  endloop
endfacet
facet normal -2.14519825567715e-029 -2.26432360896175e-016 1.0
  outer loop
    vertex -16.1772007333325 8.17287333333458 0.875665
    vertex -15.4244360842097 7.55541724359092 0.875665
    vertex -4.50166739999913 8.17287333333334 0.875664999999999
  endloop
endfacet
facet normal -2.14519825567715e-029 -2.26432360896175e-016 1.0
  outer loop
    vertex -12.6591781894729 7.55541724359062 0.875665
    vertex -13.404261566666 6.27559916666761 0.875665
    vertex -12.659178189473 6.27559916666753 0.875665
  endloop
endfacet
facet normal -2.14519825567715e-029 -2.26432360896175e-016 1.0
  outer loop
    vertex -13.404261566666 6.27559916666761 0.875665
    vertex -12.6591781894729 7.55541724359062 0.875665
    vertex -13.4042615666659 7.5554172435907 0.875665
  endloop
endfacet
facet normal -2.14519825567715e-029 -2.26432360896175e-016 1.0
  outer loop
    vertex -9.89392029473604 7.55541724359032 0.875664999999999
    vertex -10.6390036719292 6.27559916666731 0.875665
    vertex -9.89392029473617 6.27559916666723 0.875665
  endloop
endfacet
facet normal -2.14519825567715e-029 -2.26432360896175e-016 1.0
  outer loop
    vertex -10.6390036719292 6.27559916666731 0.875665
    vertex -9.89392029473604 7.55541724359032 0.875664999999999
    vertex -10.639003671929 7.5554172435904 0.875664999999999
  endloop
endfacet
facet normal -2.14519825567715e-029 -2.26432360896175e-016 1.0
  outer loop
    vertex -7.1286623999992 7.55541724359003 0.875664999999999
    vertex -7.87374577719232 6.27559916666702 0.875665
    vertex -7.12866239999933 6.27559916666694 0.875665
  endloop
endfacet
facet normal -2.14519825567715e-029 -2.26432360896175e-016 1.0
  outer loop
    vertex -7.87374577719232 6.27559916666702 0.875665
    vertex -7.1286623999992 7.55541724359003 0.875664999999999
    vertex -7.87374577719218 7.55541724359011 0.875664999999999
  endloop
endfacet
facet normal -2.14519825567715e-029 -2.26432360896175e-016 1.0
  outer loop
    vertex -13.4042615666662 4.38955147435992 0.875665
    vertex -12.6591781894732 4.38955147435984 0.875665
    vertex -13.4042615666661 5.669369551283 0.875665
  endloop
endfacet
facet normal -2.14519825567715e-029 -2.26432360896175e-016 1.0
  outer loop
    vertex -12.6591781894732 4.38955147435984 0.875665
    vertex -13.4042615666662 4.38955147435992 0.875665
    vertex -10.6390036719294 4.38955147435963 0.875665
  endloop
endfacet
facet normal -2.14519825567715e-029 -2.26432360896175e-016 1.0
  outer loop
    vertex -13.4042615666661 5.669369551283 0.875665
    vertex -12.6591781894732 4.38955147435984 0.875665
    vertex -12.6591781894731 5.66936955128292 0.875665
  endloop
endfacet
facet normal -2.14519825567715e-029 -2.26432360896175e-016 1.0
  outer loop
    vertex -9.89392029473637 4.38955147435955 0.875665000000002
    vertex -10.6390036719294 4.38955147435963 0.875665
    vertex -13.4042615666662 4.38955147435992 0.875665
  endloop
endfacet
facet normal -2.14519825567715e-029 -2.26432360896175e-016 1.0
  outer loop
    vertex -10.6390036719294 4.38955147435963 0.875665
    vertex -9.89392029473637 4.38955147435955 0.875665000000002
    vertex -9.89392029473624 5.66936955128261 0.875665000000002
  endloop
endfacet
facet normal -2.14519825567715e-029 -2.26432360896175e-016 1.0
  outer loop
    vertex -10.6390036719294 4.38955147435963 0.875665
    vertex -9.89392029473624 5.66936955128261 0.875665000000002
    vertex -10.6390036719292 5.6693695512827 0.875665
  endloop
endfacet
facet normal -2.14519825567715e-029 -2.26432360896175e-016 1.0
  outer loop
    vertex -7.1286623999994 5.66936955128232 0.875664999999997
    vertex -7.87374577719252 4.38955147435933 0.875665000000002
    vertex -7.12866239999954 4.38955147435925 0.875664999999998
  endloop
endfacet
facet normal -2.14519825567715e-029 -2.26432360896175e-016 1.0
  outer loop
    vertex -7.87374577719252 4.38955147435933 0.875665000000002
    vertex -7.1286623999994 5.66936955128232 0.875664999999997
    vertex -7.87374577719238 5.6693695512824 0.875665000000002
  endloop
endfacet
facet normal 1.06143042342891e-013 1.0 -1.75215517360135e-016
  outer loop
    vertex -16.1772007333325 8.17287333333458 -6.16867668057353e-016
    vertex -4.50166739999913 8.17287333333334 0.875664999999999
    vertex -4.50166739999913 8.17287333333334 -1.10154940724527e-015
  endloop
endfacet
facet normal 1.06143042342891e-013 1.0 -1.75215517360135e-016
  outer loop
    vertex -4.50166739999913 8.17287333333334 0.875664999999999
    vertex -16.1772007333325 8.17287333333458 -6.16867668057353e-016
    vertex -16.1772007333325 8.17287333333458 0.875665
  endloop
endfacet
facet normal -1.0 1.06143042342891e-013 4.16333634233572e-017
  outer loop
    vertex -16.1772007333333 1.23914444304697e-012 0.875665000000001
    vertex -16.1772007333325 8.17287333333458 -6.16867668057353e-016
    vertex -16.1772007333333 1.23934272194027e-012 8.37177549506407e-016
  endloop
endfacet
facet normal -1.0 1.06143042342891e-013 4.16333634233572e-017
  outer loop
    vertex -16.1772007333325 8.17287333333458 -6.16867668057353e-016
    vertex -16.1772007333333 1.23914444304697e-012 0.875665000000001
    vertex -16.1772007333325 8.17287333333458 0.875665
  endloop
endfacet
facet normal -1.06143042342891e-013 -1.0 1.75215517360135e-016
  outer loop
    vertex -16.1772007333333 1.23914444304697e-012 0.875665000000001
    vertex -4.5016674 6.60929644347163e-017 3.52495810318487e-016
    vertex -4.5016674 -1.32185928869433e-016 0.875665
  endloop
endfacet
facet normal -1.06143042342891e-013 -1.0 1.75215517360135e-016
  outer loop
    vertex -4.5016674 6.60929644347163e-017 3.52495810318487e-016
    vertex -16.1772007333333 1.23914444304697e-012 0.875665000000001
    vertex -16.1772007333333 1.23934272194027e-012 8.37177549506407e-016
  endloop
endfacet
facet normal 1.0 -1.06143042342891e-013 -4.16333634233572e-017
  outer loop
    vertex -4.50166739999913 8.17287333333334 0.875664999999999
    vertex -4.5016674 6.60929644347163e-017 3.52495810318487e-016
    vertex -4.50166739999913 8.17287333333334 -1.10154940724527e-015
  endloop
endfacet
facet normal 1.0 -1.06143042342891e-013 -4.16333634233572e-017
  outer loop
    vertex -4.5016674 6.60929644347163e-017 3.52495810318487e-016
    vertex -4.50166739999913 8.17287333333334 0.875664999999999
    vertex -4.5016674 -1.32185928869433e-016 0.875665
  endloop
endfacet
facet normal -1.06143042342891e-013 -1.0 1.75215517360135e-016
  outer loop
    vertex -15.4244360842097 7.55541724359092 0.875665
    vertex -13.4042615666659 7.5554172435907 -6.16867668057353e-016
    vertex -13.4042615666659 7.5554172435907 0.875665
  endloop
endfacet
facet normal -1.06143042342891e-013 -1.0 1.75215517360135e-016
  outer loop
    vertex -13.4042615666659 7.5554172435907 -6.16867668057353e-016
    vertex -15.4244360842097 7.55541724359092 0.875665
    vertex -15.4244360842097 7.55541724359092 -5.28743715477731e-016
  endloop
endfacet
facet normal -1.0 1.06143042342891e-013 4.16333634233572e-017
  outer loop
    vertex -13.404261566666 6.27559916666761 0.875665
    vertex -13.4042615666659 7.5554172435907 -6.16867668057353e-016
    vertex -13.404261566666 6.27559916666761 -3.96557786608298e-016
  endloop
endfacet
facet normal -1.0 1.06143042342891e-013 4.16333634233572e-017
  outer loop
    vertex -13.4042615666659 7.5554172435907 -6.16867668057353e-016
    vertex -13.404261566666 6.27559916666761 0.875665
    vertex -13.4042615666659 7.5554172435907 0.875665
  endloop
endfacet
facet normal 1.06143042342891e-013 1.0 -1.75215517360135e-016
  outer loop
    vertex -15.4244360842099 6.27559916666783 -3.08433834028676e-016
    vertex -13.404261566666 6.27559916666761 0.875665
    vertex -13.404261566666 6.27559916666761 -3.96557786608298e-016
  endloop
endfacet
facet normal 1.06143042342891e-013 1.0 -1.75215517360135e-016
  outer loop
    vertex -13.404261566666 6.27559916666761 0.875665
    vertex -15.4244360842099 6.27559916666783 -3.08433834028676e-016
    vertex -15.4244360842099 6.27559916666783 0.875665
  endloop
endfacet
facet normal 1.0 -1.06143042342891e-013 -4.16333634233572e-017
  outer loop
    vertex -15.4244360842097 7.55541724359092 0.875665
    vertex -15.4244360842099 6.27559916666783 -3.08433834028676e-016
    vertex -15.4244360842097 7.55541724359092 -5.28743715477731e-016
  endloop
endfacet
facet normal 1.0 -1.06143042342891e-013 -4.16333634233572e-017
  outer loop
    vertex -15.4244360842099 6.27559916666783 -3.08433834028676e-016
    vertex -15.4244360842097 7.55541724359092 0.875665
    vertex -15.4244360842099 6.27559916666783 0.875665
  endloop
endfacet
facet normal -1.06143042342891e-013 -1.0 1.75215517360135e-016
  outer loop
    vertex -15.4244360842099 5.66936955128321 0.875665
    vertex -13.4042615666661 5.669369551283 -3.08433834028676e-016
    vertex -13.4042615666661 5.669369551283 0.875665
  endloop
endfacet
facet normal -1.06143042342891e-013 -1.0 1.75215517360135e-016
  outer loop
    vertex -13.4042615666661 5.669369551283 -3.08433834028676e-016
    vertex -15.4244360842099 5.66936955128321 0.875665
    vertex -15.4244360842099 5.66936955128321 -2.20309881449055e-016
  endloop
endfacet
facet normal -1.0 1.06143042342891e-013 4.16333634233572e-017
  outer loop
    vertex -13.4042615666662 4.38955147435992 0.875665
    vertex -13.4042615666661 5.669369551283 -3.08433834028676e-016
    vertex -13.4042615666662 4.38955147435992 -4.40619762898109e-017
  endloop
endfacet
facet normal -1.0 1.06143042342891e-013 4.16333634233572e-017
  outer loop
    vertex -13.4042615666661 5.669369551283 -3.08433834028676e-016
    vertex -13.4042615666662 4.38955147435992 0.875665
    vertex -13.4042615666661 5.669369551283 0.875665
  endloop
endfacet
facet normal 1.06143042342891e-013 1.0 -1.75215517360135e-016
  outer loop
    vertex -15.4244360842101 4.38955147436013 4.40619762898109e-017
    vertex -13.4042615666662 4.38955147435992 0.875665
    vertex -13.4042615666662 4.38955147435992 -4.40619762898109e-017
  endloop
endfacet
facet normal 1.06143042342891e-013 1.0 -1.75215517360135e-016
  outer loop
    vertex -13.4042615666662 4.38955147435992 0.875665
    vertex -15.4244360842101 4.38955147436013 4.40619762898109e-017
    vertex -15.4244360842101 4.38955147436013 0.875665
  endloop
endfacet
facet normal 1.0 -1.06143042342891e-013 -4.16333634233572e-017
  outer loop
    vertex -15.4244360842099 5.66936955128321 0.875665
    vertex -15.4244360842101 4.38955147436013 4.40619762898109e-017
    vertex -15.4244360842099 5.66936955128321 -2.20309881449055e-016
  endloop
endfacet
facet normal 1.0 -1.06143042342891e-013 -4.16333634233572e-017
  outer loop
    vertex -15.4244360842101 4.38955147436013 4.40619762898109e-017
    vertex -15.4244360842099 5.66936955128321 0.875665
    vertex -15.4244360842101 4.38955147436013 0.875665
  endloop
endfacet
facet normal -1.06143042342891e-013 -1.0 1.75215517360135e-016
  outer loop
    vertex -15.4244360842101 3.78332185897552 0.875665
    vertex -13.4042615666663 3.7833218589753 4.40619762898109e-017
    vertex -13.4042615666663 3.7833218589753 0.875665
  endloop
endfacet
facet normal -1.06143042342891e-013 -1.0 1.75215517360135e-016
  outer loop
    vertex -13.4042615666663 3.7833218589753 4.40619762898109e-017
    vertex -15.4244360842101 3.78332185897552 0.875665
    vertex -15.4244360842101 3.78332185897552 1.32185928869433e-016
  endloop
endfacet
facet normal -1.0 1.06143042342891e-013 4.16333634233572e-017
  outer loop
    vertex -13.4042615666664 2.50350378205223 0.875665
    vertex -13.4042615666663 3.7833218589753 4.40619762898109e-017
    vertex -13.4042615666664 2.50350378205223 2.64371857738865e-016
  endloop
endfacet
facet normal -1.0 1.06143042342891e-013 4.16333634233572e-017
  outer loop
    vertex -13.4042615666663 3.7833218589753 4.40619762898109e-017
    vertex -13.4042615666664 2.50350378205223 0.875665
    vertex -13.4042615666663 3.7833218589753 0.875665
  endloop
endfacet
facet normal 1.06143042342891e-013 1.0 -1.75215517360135e-016
  outer loop
    vertex -15.4244360842103 2.50350378205244 3.52495810318487e-016
    vertex -13.4042615666664 2.50350378205223 0.875665
    vertex -13.4042615666664 2.50350378205223 2.64371857738865e-016
  endloop
endfacet
facet normal 1.06143042342891e-013 1.0 -1.75215517360135e-016
  outer loop
    vertex -13.4042615666664 2.50350378205223 0.875665
    vertex -15.4244360842103 2.50350378205244 3.52495810318487e-016
    vertex -15.4244360842103 2.50350378205244 0.875665
  endloop
endfacet
facet normal 1.0 -1.06143042342891e-013 -4.16333634233572e-017
  outer loop
    vertex -15.4244360842101 3.78332185897552 0.875665
    vertex -15.4244360842103 2.50350378205244 3.52495810318487e-016
    vertex -15.4244360842101 3.78332185897552 1.32185928869433e-016
  endloop
endfacet
facet normal 1.0 -1.06143042342891e-013 -4.16333634233572e-017
  outer loop
    vertex -15.4244360842103 2.50350378205244 3.52495810318487e-016
    vertex -15.4244360842101 3.78332185897552 0.875665
    vertex -15.4244360842103 2.50350378205244 0.875665
  endloop
endfacet
facet normal -1.06143042342891e-013 -1.0 1.75215517360135e-016
  outer loop
    vertex -15.4244360842103 1.89727416666783 0.875665000000001
    vertex -13.4042615666665 1.89727416666761 3.52495810318487e-016
    vertex -13.4042615666665 1.89727416666761 0.875665
  endloop
endfacet
facet normal -1.06143042342891e-013 -1.0 1.75215517360135e-016
  outer loop
    vertex -13.4042615666665 1.89727416666761 3.52495810318487e-016
    vertex -15.4244360842103 1.89727416666783 0.875665000000001
    vertex -15.4244360842103 1.89727416666783 4.40619762898109e-016
  endloop
endfacet
facet normal -1.0 1.06143042342891e-013 4.16333634233572e-017
  outer loop
    vertex -13.4042615666666 0.617456089744534 0.875665000000001
    vertex -13.4042615666665 1.89727416666761 3.52495810318487e-016
    vertex -13.4042615666666 0.617456089744534 6.16867668057353e-016
  endloop
endfacet
facet normal -1.0 1.06143042342891e-013 4.16333634233572e-017
  outer loop
    vertex -13.4042615666665 1.89727416666761 3.52495810318487e-016
    vertex -13.4042615666666 0.617456089744534 0.875665000000001
    vertex -13.4042615666665 1.89727416666761 0.875665
  endloop
endfacet
facet normal 1.06143042342891e-013 1.0 -1.75215517360135e-016
  outer loop
    vertex -15.4244360842105 0.617456089744749 7.04991620636974e-016
    vertex -13.4042615666666 0.617456089744534 0.875665000000001
    vertex -13.4042615666666 0.617456089744534 6.16867668057353e-016
  endloop
endfacet
facet normal 1.06143042342891e-013 1.0 -1.75215517360135e-016
  outer loop
    vertex -13.4042615666666 0.617456089744534 0.875665000000001
    vertex -15.4244360842105 0.617456089744749 7.04991620636974e-016
    vertex -15.4244360842105 0.617456089744749 0.875665000000001
  endloop
endfacet
facet normal 1.0 -1.06143042342891e-013 -4.16333634233572e-017
  outer loop
    vertex -15.4244360842103 1.89727416666783 0.875665000000001
    vertex -15.4244360842105 0.617456089744749 7.04991620636974e-016
    vertex -15.4244360842103 1.89727416666783 4.40619762898109e-016
  endloop
endfacet
facet normal 1.0 -1.06143042342891e-013 -4.16333634233572e-017
  outer loop
    vertex -15.4244360842105 0.617456089744749 7.04991620636974e-016
    vertex -15.4244360842103 1.89727416666783 0.875665000000001
    vertex -15.4244360842105 0.617456089744749 0.875665000000001
  endloop
endfacet
facet normal 1.06143042342891e-013 1.0 -1.75215517360135e-016
  outer loop
    vertex -12.659178189473 6.27559916666753 -3.96557786608298e-016
    vertex -10.6390036719292 6.27559916666731 0.875665
    vertex -10.6390036719292 6.27559916666731 -4.8468173918792e-016
  endloop
endfacet
facet normal 1.06143042342891e-013 1.0 -1.75215517360135e-016
  outer loop
    vertex -10.6390036719292 6.27559916666731 0.875665
    vertex -12.659178189473 6.27559916666753 -3.96557786608298e-016
    vertex -12.659178189473 6.27559916666753 0.875665
  endloop
endfacet
facet normal 1.0 -1.06143042342891e-013 -4.16333634233572e-017
  outer loop
    vertex -12.6591781894729 7.55541724359062 0.875665
    vertex -12.659178189473 6.27559916666753 -3.96557786608298e-016
    vertex -12.6591781894729 7.55541724359062 -6.16867668057353e-016
  endloop
endfacet
facet normal 1.0 -1.06143042342891e-013 -4.16333634233572e-017
  outer loop
    vertex -12.659178189473 6.27559916666753 -3.96557786608298e-016
    vertex -12.6591781894729 7.55541724359062 0.875665
    vertex -12.659178189473 6.27559916666753 0.875665
  endloop
endfacet
facet normal -1.06143042342891e-013 -1.0 1.75215517360135e-016
  outer loop
    vertex -12.6591781894729 7.55541724359062 0.875665
    vertex -10.639003671929 7.5554172435904 -7.04991620636974e-016
    vertex -10.639003671929 7.5554172435904 0.875664999999999
  endloop
endfacet
facet normal -1.06143042342891e-013 -1.0 1.75215517360135e-016
  outer loop
    vertex -10.639003671929 7.5554172435904 -7.04991620636974e-016
    vertex -12.6591781894729 7.55541724359062 0.875665
    vertex -12.6591781894729 7.55541724359062 -6.16867668057353e-016
  endloop
endfacet
facet normal -1.0 1.06143042342891e-013 4.16333634233572e-017
  outer loop
    vertex -10.6390036719292 6.27559916666731 0.875665
    vertex -10.639003671929 7.5554172435904 -7.04991620636974e-016
    vertex -10.6390036719292 6.27559916666731 -4.8468173918792e-016
  endloop
endfacet
facet normal -1.0 1.06143042342891e-013 4.16333634233572e-017
  outer loop
    vertex -10.639003671929 7.5554172435904 -7.04991620636974e-016
    vertex -10.6390036719292 6.27559916666731 0.875665
    vertex -10.639003671929 7.5554172435904 0.875664999999999
  endloop
endfacet
facet normal 1.06143042342891e-013 1.0 -1.75215517360135e-016
  outer loop
    vertex -12.6591781894732 4.38955147435984 -4.40619762898109e-017
    vertex -10.6390036719294 4.38955147435963 0.875665
    vertex -10.6390036719294 4.38955147435963 -1.32185928869433e-016
  endloop
endfacet
facet normal 1.06143042342891e-013 1.0 -1.75215517360135e-016
  outer loop
    vertex -10.6390036719294 4.38955147435963 0.875665
    vertex -12.6591781894732 4.38955147435984 -4.40619762898109e-017
    vertex -12.6591781894732 4.38955147435984 0.875665
  endloop
endfacet
facet normal 1.0 -1.06143042342891e-013 -4.16333634233572e-017
  outer loop
    vertex -12.6591781894731 5.66936955128292 0.875665
    vertex -12.6591781894732 4.38955147435984 -4.40619762898109e-017
    vertex -12.6591781894731 5.66936955128292 -3.08433834028676e-016
  endloop
endfacet
facet normal 1.0 -1.06143042342891e-013 -4.16333634233572e-017
  outer loop
    vertex -12.6591781894732 4.38955147435984 -4.40619762898109e-017
    vertex -12.6591781894731 5.66936955128292 0.875665
    vertex -12.6591781894732 4.38955147435984 0.875665
  endloop
endfacet
facet normal -1.06143042342891e-013 -1.0 1.75215517360135e-016
  outer loop
    vertex -12.6591781894731 5.66936955128292 0.875665
    vertex -10.6390036719292 5.6693695512827 -3.96557786608298e-016
    vertex -10.6390036719292 5.6693695512827 0.875665
  endloop
endfacet
facet normal -1.06143042342891e-013 -1.0 1.75215517360135e-016
  outer loop
    vertex -10.6390036719292 5.6693695512827 -3.96557786608298e-016
    vertex -12.6591781894731 5.66936955128292 0.875665
    vertex -12.6591781894731 5.66936955128292 -3.08433834028676e-016
  endloop
endfacet
facet normal -1.0 1.06143042342891e-013 4.16333634233572e-017
  outer loop
    vertex -10.6390036719294 4.38955147435963 0.875665
    vertex -10.6390036719292 5.6693695512827 -3.96557786608298e-016
    vertex -10.6390036719294 4.38955147435963 -1.32185928869433e-016
  endloop
endfacet
facet normal -1.0 1.06143042342891e-013 4.16333634233572e-017
  outer loop
    vertex -10.6390036719292 5.6693695512827 -3.96557786608298e-016
    vertex -10.6390036719294 4.38955147435963 0.875665
    vertex -10.6390036719292 5.6693695512827 0.875665
  endloop
endfacet
facet normal 1.06143042342891e-013 1.0 -1.75215517360135e-016
  outer loop
    vertex -12.6591781894734 2.50350378205215 2.64371857738865e-016
    vertex -10.6390036719296 2.50350378205193 0.875665
    vertex -10.6390036719296 2.50350378205193 1.76247905159244e-016
  endloop
endfacet
facet normal 1.06143042342891e-013 1.0 -1.75215517360135e-016
  outer loop
    vertex -10.6390036719296 2.50350378205193 0.875665
    vertex -12.6591781894734 2.50350378205215 2.64371857738865e-016
    vertex -12.6591781894734 2.50350378205215 0.875665
  endloop
endfacet
facet normal 1.0 -1.06143042342891e-013 -4.16333634233572e-017
  outer loop
    vertex -12.6591781894733 3.78332185897522 0.875665
    vertex -12.6591781894734 2.50350378205215 2.64371857738865e-016
    vertex -12.6591781894733 3.78332185897522 4.40619762898109e-017
  endloop
endfacet
facet normal 1.0 -1.06143042342891e-013 -4.16333634233572e-017
  outer loop
    vertex -12.6591781894734 2.50350378205215 2.64371857738865e-016
    vertex -12.6591781894733 3.78332185897522 0.875665
    vertex -12.6591781894734 2.50350378205215 0.875665
  endloop
endfacet
facet normal -1.06143042342891e-013 -1.0 1.75215517360135e-016
  outer loop
    vertex -12.6591781894733 3.78332185897522 0.875665
    vertex -10.6390036719294 3.78332185897501 -4.40619762898109e-017
    vertex -10.6390036719294 3.78332185897501 0.875665
  endloop
endfacet
facet normal -1.06143042342891e-013 -1.0 1.75215517360135e-016
  outer loop
    vertex -10.6390036719294 3.78332185897501 -4.40619762898109e-017
    vertex -12.6591781894733 3.78332185897522 0.875665
    vertex -12.6591781894733 3.78332185897522 4.40619762898109e-017
  endloop
endfacet
facet normal -1.0 1.06143042342891e-013 4.16333634233572e-017
  outer loop
    vertex -10.6390036719296 2.50350378205193 0.875665
    vertex -10.6390036719294 3.78332185897501 -4.40619762898109e-017
    vertex -10.6390036719296 2.50350378205193 1.76247905159244e-016
  endloop
endfacet
facet normal -1.0 1.06143042342891e-013 4.16333634233572e-017
  outer loop
    vertex -10.6390036719294 3.78332185897501 -4.40619762898109e-017
    vertex -10.6390036719296 2.50350378205193 0.875665
    vertex -10.6390036719294 3.78332185897501 0.875665
  endloop
endfacet
facet normal 1.06143042342891e-013 1.0 -1.75215517360135e-016
  outer loop
    vertex -12.6591781894736 0.617456089744455 6.16867668057353e-016
    vertex -10.6390036719298 0.617456089744241 0.875665000000001
    vertex -10.6390036719298 0.617456089744241 5.28743715477731e-016
  endloop
endfacet
facet normal 1.06143042342891e-013 1.0 -1.75215517360135e-016
  outer loop
    vertex -10.6390036719298 0.617456089744241 0.875665000000001
    vertex -12.6591781894736 0.617456089744455 6.16867668057353e-016
    vertex -12.6591781894736 0.617456089744455 0.875665000000001
  endloop
endfacet
facet normal 1.0 -1.06143042342891e-013 -4.16333634233572e-017
  outer loop
    vertex -12.6591781894735 1.89727416666753 0.875665
    vertex -12.6591781894736 0.617456089744455 6.16867668057353e-016
    vertex -12.6591781894735 1.89727416666753 3.52495810318487e-016
  endloop
endfacet
facet normal 1.0 -1.06143042342891e-013 -4.16333634233572e-017
  outer loop
    vertex -12.6591781894736 0.617456089744455 6.16867668057353e-016
    vertex -12.6591781894735 1.89727416666753 0.875665
    vertex -12.6591781894736 0.617456089744455 0.875665000000001
  endloop
endfacet
facet normal -1.06143042342891e-013 -1.0 1.75215517360135e-016
  outer loop
    vertex -12.6591781894735 1.89727416666753 0.875665
    vertex -10.6390036719296 1.89727416666732 2.64371857738865e-016
    vertex -10.6390036719296 1.89727416666732 0.875665
  endloop
endfacet
facet normal -1.06143042342891e-013 -1.0 1.75215517360135e-016
  outer loop
    vertex -10.6390036719296 1.89727416666732 2.64371857738865e-016
    vertex -12.6591781894735 1.89727416666753 0.875665
    vertex -12.6591781894735 1.89727416666753 3.52495810318487e-016
  endloop
endfacet
facet normal -1.0 1.06143042342891e-013 4.16333634233572e-017
  outer loop
    vertex -10.6390036719298 0.617456089744241 0.875665000000001
    vertex -10.6390036719296 1.89727416666732 2.64371857738865e-016
    vertex -10.6390036719298 0.617456089744241 5.28743715477731e-016
  endloop
endfacet
facet normal -1.0 1.06143042342891e-013 4.16333634233572e-017
  outer loop
    vertex -10.6390036719296 1.89727416666732 2.64371857738865e-016
    vertex -10.6390036719298 0.617456089744241 0.875665000000001
    vertex -10.6390036719296 1.89727416666732 0.875665
  endloop
endfacet
facet normal -1.06143042342891e-013 -1.0 1.75215517360135e-016
  outer loop
    vertex -9.89392029473604 7.55541724359032 0.875664999999999
    vertex -7.87374577719218 7.55541724359011 -8.37177549506407e-016
    vertex -7.87374577719218 7.55541724359011 0.875664999999999
  endloop
endfacet
facet normal -1.06143042342891e-013 -1.0 1.75215517360135e-016
  outer loop
    vertex -7.87374577719218 7.55541724359011 -8.37177549506407e-016
    vertex -9.89392029473604 7.55541724359032 0.875664999999999
    vertex -9.89392029473604 7.55541724359032 -7.49053596926785e-016
  endloop
endfacet
facet normal -1.0 1.06143042342891e-013 4.16333634233572e-017
  outer loop
    vertex -7.87374577719232 6.27559916666702 0.875665
    vertex -7.87374577719218 7.55541724359011 -8.37177549506407e-016
    vertex -7.87374577719232 6.27559916666702 -6.16867668057353e-016
  endloop
endfacet
facet normal -1.0 1.06143042342891e-013 4.16333634233572e-017
  outer loop
    vertex -7.87374577719218 7.55541724359011 -8.37177549506407e-016
    vertex -7.87374577719232 6.27559916666702 0.875665
    vertex -7.87374577719218 7.55541724359011 0.875664999999999
  endloop
endfacet
facet normal 1.06143042342891e-013 1.0 -1.75215517360135e-016
  outer loop
    vertex -9.89392029473617 6.27559916666723 -5.28743715477731e-016
    vertex -7.87374577719232 6.27559916666702 0.875665
    vertex -7.87374577719232 6.27559916666702 -6.16867668057353e-016
  endloop
endfacet
facet normal 1.06143042342891e-013 1.0 -1.75215517360135e-016
  outer loop
    vertex -7.87374577719232 6.27559916666702 0.875665
    vertex -9.89392029473617 6.27559916666723 -5.28743715477731e-016
    vertex -9.89392029473617 6.27559916666723 0.875665
  endloop
endfacet
facet normal 1.0 -1.06143042342891e-013 -4.16333634233572e-017
  outer loop
    vertex -9.89392029473604 7.55541724359032 0.875664999999999
    vertex -9.89392029473617 6.27559916666723 -5.28743715477731e-016
    vertex -9.89392029473604 7.55541724359032 -7.49053596926785e-016
  endloop
endfacet
facet normal 1.0 -1.06143042342891e-013 -4.16333634233572e-017
  outer loop
    vertex -9.89392029473617 6.27559916666723 -5.28743715477731e-016
    vertex -9.89392029473604 7.55541724359032 0.875664999999999
    vertex -9.89392029473617 6.27559916666723 0.875665
  endloop
endfacet
facet normal -1.06143042342891e-013 -1.0 1.75215517360135e-016
  outer loop
    vertex -9.89392029473624 5.66936955128261 0.875665000000002
    vertex -7.87374577719238 5.6693695512824 -5.28743715477731e-016
    vertex -7.87374577719238 5.6693695512824 0.875665000000002
  endloop
endfacet
facet normal -1.06143042342891e-013 -1.0 1.75215517360135e-016
  outer loop
    vertex -7.87374577719238 5.6693695512824 -5.28743715477731e-016
    vertex -9.89392029473624 5.66936955128261 0.875665000000002
    vertex -9.89392029473624 5.66936955128261 -4.40619762898109e-016
  endloop
endfacet
facet normal -1.0 1.06143042342891e-013 4.16333634233572e-017
  outer loop
    vertex -7.87374577719252 4.38955147435933 0.875665000000002
    vertex -7.87374577719238 5.6693695512824 -5.28743715477731e-016
    vertex -7.87374577719252 4.38955147435933 -2.64371857738865e-016
  endloop
endfacet
facet normal -1.0 1.06143042342891e-013 4.16333634233572e-017
  outer loop
    vertex -7.87374577719238 5.6693695512824 -5.28743715477731e-016
    vertex -7.87374577719252 4.38955147435933 0.875665000000002
    vertex -7.87374577719238 5.6693695512824 0.875665000000002
  endloop
endfacet
facet normal 1.06143042342891e-013 1.0 -1.75215517360135e-016
  outer loop
    vertex -9.89392029473637 4.38955147435955 -1.76247905159244e-016
    vertex -7.87374577719252 4.38955147435933 0.875665000000002
    vertex -7.87374577719252 4.38955147435933 -2.64371857738865e-016
  endloop
endfacet
facet normal 1.06143042342891e-013 1.0 -1.75215517360135e-016
  outer loop
    vertex -7.87374577719252 4.38955147435933 0.875665000000002
    vertex -9.89392029473637 4.38955147435955 -1.76247905159244e-016
    vertex -9.89392029473637 4.38955147435955 0.875665000000002
  endloop
endfacet
facet normal 1.0 -1.06143042342891e-013 -4.16333634233572e-017
  outer loop
    vertex -9.89392029473624 5.66936955128261 0.875665000000002
    vertex -9.89392029473637 4.38955147435955 -1.76247905159244e-016
    vertex -9.89392029473624 5.66936955128261 -4.40619762898109e-016
  endloop
endfacet
facet normal 1.0 -1.06143042342891e-013 -4.16333634233572e-017
  outer loop
    vertex -9.89392029473637 4.38955147435955 -1.76247905159244e-016
    vertex -9.89392029473624 5.66936955128261 0.875665000000002
    vertex -9.89392029473637 4.38955147435955 0.875665000000002
  endloop
endfacet
facet normal -1.06143042342891e-013 -1.0 1.75215517360135e-016
  outer loop
    vertex -9.89392029473644 3.78332185897493 0.875665
    vertex -7.87374577719258 3.78332185897472 -1.76247905159244e-016
    vertex -7.87374577719258 3.78332185897472 0.875665
  endloop
endfacet
facet normal -1.06143042342891e-013 -1.0 1.75215517360135e-016
  outer loop
    vertex -7.87374577719258 3.78332185897472 -1.76247905159244e-016
    vertex -9.89392029473644 3.78332185897493 0.875665
    vertex -9.89392029473644 3.78332185897493 -8.81239525796218e-017
  endloop
endfacet
facet normal -1.0 1.06143042342891e-013 4.16333634233572e-017
  outer loop
    vertex -7.87374577719272 2.50350378205164 0.875665
    vertex -7.87374577719258 3.78332185897472 -1.76247905159244e-016
    vertex -7.87374577719272 2.50350378205164 4.40619762898109e-017
  endloop
endfacet
facet normal -1.0 1.06143042342891e-013 4.16333634233572e-017
  outer loop
    vertex -7.87374577719258 3.78332185897472 -1.76247905159244e-016
    vertex -7.87374577719272 2.50350378205164 0.875665
    vertex -7.87374577719258 3.78332185897472 0.875665
  endloop
endfacet
facet normal 1.06143042342891e-013 1.0 -1.75215517360135e-016
  outer loop
    vertex -9.89392029473657 2.50350378205185 1.32185928869433e-016
    vertex -7.87374577719272 2.50350378205164 0.875665
    vertex -7.87374577719272 2.50350378205164 4.40619762898109e-017
  endloop
endfacet
facet normal 1.06143042342891e-013 1.0 -1.75215517360135e-016
  outer loop
    vertex -7.87374577719272 2.50350378205164 0.875665
    vertex -9.89392029473657 2.50350378205185 1.32185928869433e-016
    vertex -9.89392029473657 2.50350378205185 0.875665
  endloop
endfacet
facet normal 1.0 -1.06143042342891e-013 -4.16333634233572e-017
  outer loop
    vertex -9.89392029473644 3.78332185897493 0.875665
    vertex -9.89392029473657 2.50350378205185 1.32185928869433e-016
    vertex -9.89392029473644 3.78332185897493 -8.81239525796218e-017
  endloop
endfacet
facet normal 1.0 -1.06143042342891e-013 -4.16333634233572e-017
  outer loop
    vertex -9.89392029473657 2.50350378205185 1.32185928869433e-016
    vertex -9.89392029473644 3.78332185897493 0.875665
    vertex -9.89392029473657 2.50350378205185 0.875665
  endloop
endfacet
facet normal -1.06143042342891e-013 -1.0 1.75215517360135e-016
  outer loop
    vertex -9.89392029473664 1.89727416666724 0.875665
    vertex -7.87374577719278 1.89727416666702 1.32185928869433e-016
    vertex -7.87374577719278 1.89727416666702 0.875665
  endloop
endfacet
facet normal -1.06143042342891e-013 -1.0 1.75215517360135e-016
  outer loop
    vertex -7.87374577719278 1.89727416666702 1.32185928869433e-016
    vertex -9.89392029473664 1.89727416666724 0.875665
    vertex -9.89392029473664 1.89727416666724 2.20309881449055e-016
  endloop
endfacet
facet normal -1.0 1.06143042342891e-013 4.16333634233572e-017
  outer loop
    vertex -7.87374577719292 0.617456089743947 0.875665000000001
    vertex -7.87374577719278 1.89727416666702 1.32185928869433e-016
    vertex -7.87374577719292 0.617456089743948 3.96557786608298e-016
  endloop
endfacet
facet normal -1.0 1.06143042342891e-013 4.16333634233572e-017
  outer loop
    vertex -7.87374577719278 1.89727416666702 1.32185928869433e-016
    vertex -7.87374577719292 0.617456089743947 0.875665000000001
    vertex -7.87374577719278 1.89727416666702 0.875665
  endloop
endfacet
facet normal 1.06143042342891e-013 1.0 -1.75215517360135e-016
  outer loop
    vertex -9.89392029473677 0.617456089744162 4.8468173918792e-016
    vertex -7.87374577719292 0.617456089743947 0.875665000000001
    vertex -7.87374577719292 0.617456089743948 3.96557786608298e-016
  endloop
endfacet
facet normal 1.06143042342891e-013 1.0 -1.75215517360135e-016
  outer loop
    vertex -7.87374577719292 0.617456089743947 0.875665000000001
    vertex -9.89392029473677 0.617456089744162 4.8468173918792e-016
    vertex -9.89392029473677 0.617456089744162 0.875665000000001
  endloop
endfacet
facet normal 1.0 -1.06143042342891e-013 -4.16333634233572e-017
  outer loop
    vertex -9.89392029473664 1.89727416666724 0.875665
    vertex -9.89392029473677 0.617456089744162 4.8468173918792e-016
    vertex -9.89392029473664 1.89727416666724 2.20309881449055e-016
  endloop
endfacet
facet normal 1.0 -1.06143042342891e-013 -4.16333634233572e-017
  outer loop
    vertex -9.89392029473677 0.617456089744162 4.8468173918792e-016
    vertex -9.89392029473664 1.89727416666724 0.875665
    vertex -9.89392029473677 0.617456089744162 0.875665000000001
  endloop
endfacet
facet normal 1.06143042342891e-013 1.0 -1.75215517360135e-016
  outer loop
    vertex -7.12866239999933 6.27559916666694 -6.60929644347164e-016
    vertex -5.25443204912214 6.27559916666674 0.875664999999999
    vertex -5.25443204912214 6.27559916666674 -7.04991620636974e-016
  endloop
endfacet
facet normal 1.06143042342891e-013 1.0 -1.75215517360135e-016
  outer loop
    vertex -5.25443204912214 6.27559916666674 0.875664999999999
    vertex -7.12866239999933 6.27559916666694 -6.60929644347164e-016
    vertex -7.12866239999933 6.27559916666694 0.875665
  endloop
endfacet
facet normal 1.0 -1.06143042342891e-013 -4.16333634233572e-017
  outer loop
    vertex -7.1286623999992 7.55541724359003 0.875664999999999
    vertex -7.12866239999933 6.27559916666694 -6.60929644347164e-016
    vertex -7.1286623999992 7.55541724359003 -8.81239525796218e-016
  endloop
endfacet
facet normal 1.0 -1.06143042342891e-013 -4.16333634233572e-017
  outer loop
    vertex -7.12866239999933 6.27559916666694 -6.60929644347164e-016
    vertex -7.1286623999992 7.55541724359003 0.875664999999999
    vertex -7.12866239999933 6.27559916666694 0.875665
  endloop
endfacet
facet normal -1.06143042342891e-013 -1.0 1.75215517360135e-016
  outer loop
    vertex -7.1286623999992 7.55541724359003 0.875664999999999
    vertex -5.25443204912201 7.55541724358983 -9.25301502086029e-016
    vertex -5.25443204912201 7.55541724358983 0.875664999999999
  endloop
endfacet
facet normal -1.06143042342891e-013 -1.0 1.75215517360135e-016
  outer loop
    vertex -5.25443204912201 7.55541724358983 -9.25301502086029e-016
    vertex -7.1286623999992 7.55541724359003 0.875664999999999
    vertex -7.1286623999992 7.55541724359003 -8.81239525796218e-016
  endloop
endfacet
facet normal -1.0 1.06143042342891e-013 4.16333634233572e-017
  outer loop
    vertex -5.25443204912214 6.27559916666674 0.875664999999999
    vertex -5.25443204912201 7.55541724358983 -9.25301502086029e-016
    vertex -5.25443204912214 6.27559916666674 -7.04991620636974e-016
  endloop
endfacet
facet normal -1.0 1.06143042342891e-013 4.16333634233572e-017
  outer loop
    vertex -5.25443204912201 7.55541724358983 -9.25301502086029e-016
    vertex -5.25443204912214 6.27559916666674 0.875664999999999
    vertex -5.25443204912201 7.55541724358983 0.875664999999999
  endloop
endfacet
facet normal 1.06143042342891e-013 1.0 -1.75215517360135e-016
  outer loop
    vertex -7.12866239999954 4.38955147435925 -3.08433834028676e-016
    vertex -5.25443204912234 4.38955147435905 0.875664999999998
    vertex -5.25443204912234 4.38955147435905 -3.52495810318487e-016
  endloop
endfacet
facet normal 1.06143042342891e-013 1.0 -1.75215517360135e-016
  outer loop
    vertex -5.25443204912234 4.38955147435905 0.875664999999998
    vertex -7.12866239999954 4.38955147435925 -3.08433834028676e-016
    vertex -7.12866239999954 4.38955147435925 0.875664999999998
  endloop
endfacet
facet normal 1.0 -1.06143042342891e-013 -4.16333634233572e-017
  outer loop
    vertex -7.1286623999994 5.66936955128232 0.875664999999997
    vertex -7.12866239999954 4.38955147435925 -3.08433834028676e-016
    vertex -7.1286623999994 5.66936955128232 -5.72805691767542e-016
  endloop
endfacet
facet normal 1.0 -1.06143042342891e-013 -4.16333634233572e-017
  outer loop
    vertex -7.12866239999954 4.38955147435925 -3.08433834028676e-016
    vertex -7.1286623999994 5.66936955128232 0.875664999999997
    vertex -7.12866239999954 4.38955147435925 0.875664999999998
  endloop
endfacet
facet normal -1.06143042342891e-013 -1.0 1.75215517360135e-016
  outer loop
    vertex -7.1286623999994 5.66936955128232 0.875664999999997
    vertex -5.2544320491222 5.66936955128212 -6.16867668057353e-016
    vertex -5.2544320491222 5.66936955128212 0.875664999999997
  endloop
endfacet
facet normal -1.06143042342891e-013 -1.0 1.75215517360135e-016
  outer loop
    vertex -5.2544320491222 5.66936955128212 -6.16867668057353e-016
    vertex -7.1286623999994 5.66936955128232 0.875664999999997
    vertex -7.1286623999994 5.66936955128232 -5.72805691767542e-016
  endloop
endfacet
facet normal -1.0 1.06143042342891e-013 4.16333634233572e-017
  outer loop
    vertex -5.25443204912234 4.38955147435905 0.875664999999998
    vertex -5.2544320491222 5.66936955128212 -6.16867668057353e-016
    vertex -5.25443204912234 4.38955147435905 -3.52495810318487e-016
  endloop
endfacet
facet normal -1.0 1.06143042342891e-013 4.16333634233572e-017
  outer loop
    vertex -5.2544320491222 5.66936955128212 -6.16867668057353e-016
    vertex -5.25443204912234 4.38955147435905 0.875664999999998
    vertex -5.2544320491222 5.66936955128212 0.875664999999997
  endloop
endfacet
facet normal 1.06143042342891e-013 1.0 -1.75215517360135e-016
  outer loop
    vertex -7.12866239999973 2.50350378205155 0.0
    vertex -5.25443204912254 2.50350378205136 0.875665
    vertex -5.25443204912254 2.50350378205136 -4.40619762898109e-017
  endloop
endfacet
facet normal 1.06143042342891e-013 1.0 -1.75215517360135e-016
  outer loop
    vertex -5.25443204912254 2.50350378205136 0.875665
    vertex -7.12866239999973 2.50350378205155 0.0
    vertex -7.12866239999973 2.50350378205155 0.875665
  endloop
endfacet
facet normal 1.0 -1.06143042342891e-013 -4.16333634233572e-017
  outer loop
    vertex -7.1286623999996 3.78332185897464 0.875665
    vertex -7.12866239999973 2.50350378205155 0.0
    vertex -7.1286623999996 3.78332185897464 -2.20309881449055e-016
  endloop
endfacet
facet normal 1.0 -1.06143042342891e-013 -4.16333634233572e-017
  outer loop
    vertex -7.12866239999973 2.50350378205155 0.0
    vertex -7.1286623999996 3.78332185897464 0.875665
    vertex -7.12866239999973 2.50350378205155 0.875665
  endloop
endfacet
facet normal -1.06143042342891e-013 -1.0 1.75215517360135e-016
  outer loop
    vertex -7.1286623999996 3.78332185897464 0.875665
    vertex -5.2544320491224 3.78332185897444 -2.64371857738865e-016
    vertex -5.2544320491224 3.78332185897444 0.875665
  endloop
endfacet
facet normal -1.06143042342891e-013 -1.0 1.75215517360135e-016
  outer loop
    vertex -5.2544320491224 3.78332185897444 -2.64371857738865e-016
    vertex -7.1286623999996 3.78332185897464 0.875665
    vertex -7.1286623999996 3.78332185897464 -2.20309881449055e-016
  endloop
endfacet
facet normal -1.0 1.06143042342891e-013 4.16333634233572e-017
  outer loop
    vertex -5.25443204912254 2.50350378205136 0.875665
    vertex -5.2544320491224 3.78332185897444 -2.64371857738865e-016
    vertex -5.25443204912254 2.50350378205136 -4.40619762898109e-017
  endloop
endfacet
facet normal -1.0 1.06143042342891e-013 4.16333634233572e-017
  outer loop
    vertex -5.2544320491224 3.78332185897444 -2.64371857738865e-016
    vertex -5.25443204912254 2.50350378205136 0.875665
    vertex -5.2544320491224 3.78332185897444 0.875665
  endloop
endfacet
facet normal 1.06143042342891e-013 1.0 -1.75215517360135e-016
  outer loop
    vertex -7.03847678598493 0.617456089743859 3.52495810318487e-016
    vertex -5.25443204912274 0.617456089743669 0.875665
    vertex -5.25443204912274 0.617456089743669 3.08433834028676e-016
  endloop
endfacet
facet normal 1.06143042342891e-013 1.0 -1.75215517360135e-016
  outer loop
    vertex -5.25443204912274 0.617456089743669 0.875665
    vertex -7.03847678598493 0.617456089743859 3.52495810318487e-016
    vertex -7.03847678598493 0.617456089743859 0.875665
  endloop
endfacet
facet normal 1.0 -1.06143042342891e-013 -4.16333634233572e-017
  outer loop
    vertex -7.0384767859848 1.89727416666693 0.875665
    vertex -7.03847678598493 0.617456089743859 3.52495810318487e-016
    vertex -7.0384767859848 1.89727416666693 8.81239525796218e-017
  endloop
endfacet
facet normal 1.0 -1.06143042342891e-013 -4.16333634233572e-017
  outer loop
    vertex -7.03847678598493 0.617456089743859 3.52495810318487e-016
    vertex -7.0384767859848 1.89727416666693 0.875665
    vertex -7.03847678598493 0.617456089743859 0.875665
  endloop
endfacet
facet normal -1.06143042342891e-013 -1.0 1.75215517360135e-016
  outer loop
    vertex -7.0384767859848 1.89727416666693 0.875665
    vertex -5.2544320491226 1.89727416666674 4.40619762898109e-017
    vertex -5.2544320491226 1.89727416666674 0.875665
  endloop
endfacet
facet normal -1.06143042342891e-013 -1.0 1.75215517360135e-016
  outer loop
    vertex -5.2544320491226 1.89727416666674 4.40619762898109e-017
    vertex -7.0384767859848 1.89727416666693 0.875665
    vertex -7.0384767859848 1.89727416666693 8.81239525796218e-017
  endloop
endfacet
facet normal -1.0 1.06143042342891e-013 4.16333634233572e-017
  outer loop
    vertex -5.25443204912274 0.617456089743669 0.875665
    vertex -5.2544320491226 1.89727416666674 4.40619762898109e-017
    vertex -5.25443204912274 0.617456089743669 3.08433834028676e-016
  endloop
endfacet
facet normal -1.0 1.06143042342891e-013 4.16333634233572e-017
  outer loop
    vertex -5.2544320491226 1.89727416666674 4.40619762898109e-017
    vertex -5.25443204912274 0.617456089743669 0.875665
    vertex -5.2544320491226 1.89727416666674 0.875665
  endloop
endfacet
facet normal -1.11607691114973e-028 -9.14504955526987e-016 1.0
  outer loop
    vertex -7.87374577719185 11.698473115385 0.875665000000002
    vertex -7.12866239999873 12.978291192308 0.875665000000003
    vertex -7.87374577719172 12.9782911923081 0.875665000000003
  endloop
endfacet
facet normal -1.11607691114973e-028 -9.14504955526987e-016 1.0
  outer loop
    vertex -7.12866239999873 12.978291192308 0.875665000000003
    vertex -7.87374577719185 11.698473115385 0.875665000000002
    vertex -7.12866239999887 11.6984731153849 0.875665000000002
  endloop
endfacet
facet normal -1.11607691114973e-028 -9.14504955526987e-016 1.0
  outer loop
    vertex -7.12866239999887 11.6984731153849 0.875665000000002
    vertex -7.87374577719185 11.698473115385 0.875665000000002
    vertex -5.25443204912167 11.6984731153847 0.875665000000002
  endloop
endfacet
facet normal -1.11607691114973e-028 -9.14504955526987e-016 1.0
  outer loop
    vertex -9.89392029473557 12.9782911923083 0.875665000000003
    vertex -10.6390036719286 12.9782911923083 0.875665000000003
    vertex -9.89392029473571 11.6984731153852 0.875665000000002
  endloop
endfacet
facet normal -1.11607691114973e-028 -9.14504955526987e-016 1.0
  outer loop
    vertex -10.6390036719286 12.9782911923083 0.875665000000003
    vertex -9.89392029473557 12.9782911923083 0.875665000000003
    vertex -12.6591781894724 12.9782911923086 0.875665000000003
  endloop
endfacet
facet normal -1.11607691114973e-028 -9.14504955526987e-016 1.0
  outer loop
    vertex -9.89392029473571 11.6984731153852 0.875665000000002
    vertex -10.6390036719286 12.9782911923083 0.875665000000003
    vertex -10.6390036719287 11.6984731153853 0.875665000000002
  endloop
endfacet
facet normal -1.11607691114973e-028 -9.14504955526987e-016 1.0
  outer loop
    vertex -9.89392029473571 11.6984731153852 0.875665000000002
    vertex -10.6390036719287 11.6984731153853 0.875665000000002
    vertex -7.87374577719185 11.698473115385 0.875665000000002
  endloop
endfacet
facet normal -1.11607691114973e-028 -9.14504955526987e-016 1.0
  outer loop
    vertex -13.4042615666654 12.9782911923086 0.875665000000003
    vertex -12.6591781894724 12.9782911923086 0.875665000000003
    vertex -9.89392029473557 12.9782911923083 0.875665000000003
  endloop
endfacet
facet normal -1.11607691114973e-028 -9.14504955526987e-016 1.0
  outer loop
    vertex -12.6591781894724 12.9782911923086 0.875665000000003
    vertex -13.4042615666654 12.9782911923086 0.875665000000003
    vertex -13.4042615666655 11.6984731153856 0.875665000000001
  endloop
endfacet
facet normal -1.11607691114973e-028 -9.14504955526987e-016 1.0
  outer loop
    vertex -12.6591781894724 12.9782911923086 0.875665000000003
    vertex -13.4042615666655 11.6984731153856 0.875665000000001
    vertex -12.6591781894725 11.6984731153855 0.875665000000001
  endloop
endfacet
facet normal -1.11607691114973e-028 -9.14504955526987e-016 1.0
  outer loop
    vertex -12.6591781894725 11.6984731153855 0.875665000000001
    vertex -13.4042615666655 11.6984731153856 0.875665000000001
    vertex -10.6390036719287 11.6984731153853 0.875665000000002
  endloop
endfacet
facet normal -1.11607691114973e-028 -9.14504955526987e-016 1.0
  outer loop
    vertex -7.12866239999893 11.0922435000003 0.875665000000001
    vertex -7.87374577719191 11.0922435000004 0.875665000000001
    vertex -7.12866239999907 9.8124254230772 0.875665
  endloop
endfacet
facet normal -1.11607691114973e-028 -9.14504955526987e-016 1.0
  outer loop
    vertex -7.87374577719191 11.0922435000004 0.875665000000001
    vertex -7.12866239999893 11.0922435000003 0.875665000000001
    vertex -9.89392029473577 11.0922435000006 0.875665000000001
  endloop
endfacet
facet normal -1.11607691114973e-028 -9.14504955526987e-016 1.0
  outer loop
    vertex -7.12866239999907 9.8124254230772 0.875665
    vertex -7.87374577719191 11.0922435000004 0.875665000000001
    vertex -7.87374577719205 9.81242542307728 0.875665
  endloop
endfacet
facet normal -1.11607691114973e-028 -9.14504955526987e-016 1.0
  outer loop
    vertex -7.12866239999907 9.8124254230772 0.875665
    vertex -7.87374577719205 9.81242542307728 0.875665
    vertex -5.25443204912188 9.812425423077 0.875665
  endloop
endfacet
facet normal -1.11607691114973e-028 -9.14504955526987e-016 1.0
  outer loop
    vertex -12.6591781894726 11.0922435000009 0.875665000000001
    vertex -13.4042615666656 11.0922435000009 0.875665000000001
    vertex -12.6591781894727 9.81242542307778 0.875665
  endloop
endfacet
facet normal -1.11607691114973e-028 -9.14504955526987e-016 1.0
  outer loop
    vertex -13.4042615666656 11.0922435000009 0.875665000000001
    vertex -12.6591781894726 11.0922435000009 0.875665000000001
    vertex -15.4244360842095 11.0922435000012 0.875665000000001
  endloop
endfacet
facet normal -1.11607691114973e-028 -9.14504955526987e-016 1.0
  outer loop
    vertex -12.6591781894727 9.81242542307778 0.875665
    vertex -13.4042615666656 11.0922435000009 0.875665000000001
    vertex -13.4042615666657 9.81242542307785 0.875665
  endloop
endfacet
facet normal -1.11607691114973e-028 -9.14504955526987e-016 1.0
  outer loop
    vertex -12.6591781894727 9.81242542307778 0.875665
    vertex -13.4042615666657 9.81242542307785 0.875665
    vertex -10.6390036719289 9.81242542307757 0.875665
  endloop
endfacet
facet normal -1.11607691114973e-028 -9.14504955526987e-016 1.0
  outer loop
    vertex -10.6390036719289 9.81242542307757 0.875665
    vertex -13.4042615666657 9.81242542307785 0.875665
    vertex -9.89392029473591 9.81242542307749 0.875665
  endloop
endfacet
facet normal -1.11607691114973e-028 -9.14504955526987e-016 1.0
  outer loop
    vertex -9.89392029473591 9.81242542307749 0.875665
    vertex -13.4042615666657 9.81242542307785 0.875665
    vertex -7.87374577719205 9.81242542307728 0.875665
  endloop
endfacet
facet normal -1.11607691114973e-028 -9.14504955526987e-016 1.0
  outer loop
    vertex -16.1772007333316 17.3678426666679 0.875665000000007
    vertex -15.4244360842089 16.7503865769242 0.875665000000007
    vertex -4.50166739999827 17.3678426666667 0.875665000000008
  endloop
endfacet
facet normal -1.11607691114973e-028 -9.14504955526987e-016 1.0
  outer loop
    vertex -15.4244360842089 16.7503865769242 0.875665000000007
    vertex -16.1772007333316 17.3678426666679 0.875665000000007
    vertex -16.1772007333325 9.19496933333457 0.875664999999999
  endloop
endfacet
facet normal -1.11607691114973e-028 -9.14504955526987e-016 1.0
  outer loop
    vertex -15.4244360842089 16.7503865769242 0.875665000000007
    vertex -16.1772007333325 9.19496933333457 0.875664999999999
    vertex -15.424436084209 15.4705685000012 0.875665000000005
  endloop
endfacet
facet normal -1.11607691114973e-028 -9.14504955526987e-016 1.0
  outer loop
    vertex -15.424436084209 15.4705685000012 0.875665000000005
    vertex -16.1772007333325 9.19496933333457 0.875664999999999
    vertex -15.4244360842091 14.8643388846165 0.875665000000005
  endloop
endfacet
facet normal -1.11607691114973e-028 -9.14504955526987e-016 1.0
  outer loop
    vertex -15.424436084209 15.4705685000012 0.875665000000005
    vertex -15.4244360842091 14.8643388846165 0.875665000000005
    vertex -13.4042615666651 15.4705685000009 0.875665000000005
  endloop
endfacet
facet normal -1.11607691114973e-028 -9.14504955526987e-016 1.0
  outer loop
    vertex -13.4042615666651 15.4705685000009 0.875665000000005
    vertex -15.4244360842091 14.8643388846165 0.875665000000005
    vertex -12.6591781894722 14.8643388846163 0.875665000000005
  endloop
endfacet
facet normal -1.11607691114973e-028 -9.14504955526987e-016 1.0
  outer loop
    vertex -13.4042615666651 15.4705685000009 0.875665000000005
    vertex -12.6591781894722 14.8643388846163 0.875665000000005
    vertex -7.12866239999853 14.8643388846157 0.875665000000005
  endloop
endfacet
facet normal -1.11607691114973e-028 -9.14504955526987e-016 1.0
  outer loop
    vertex -7.12866239999853 14.8643388846157 0.875665000000005
    vertex -12.6591781894722 14.8643388846163 0.875665000000005
    vertex -9.89392029473537 14.864338884616 0.875665000000005
  endloop
endfacet
facet normal -1.11607691114973e-028 -9.14504955526987e-016 1.0
  outer loop
    vertex -15.4244360842091 14.8643388846165 0.875665000000005
    vertex -16.1772007333325 9.19496933333457 0.875664999999999
    vertex -15.4244360842092 13.5845208076935 0.875665000000003
  endloop
endfacet
facet normal -1.11607691114973e-028 -9.14504955526987e-016 1.0
  outer loop
    vertex -15.4244360842092 13.5845208076935 0.875665000000003
    vertex -16.1772007333325 9.19496933333457 0.875664999999999
    vertex -15.4244360842093 12.9782911923089 0.875665000000003
  endloop
endfacet
facet normal -1.11607691114973e-028 -9.14504955526987e-016 1.0
  outer loop
    vertex -15.4244360842092 13.5845208076935 0.875665000000003
    vertex -15.4244360842093 12.9782911923089 0.875665000000003
    vertex -13.4042615666653 13.5845208076933 0.875665000000004
  endloop
endfacet
facet normal -1.11607691114973e-028 -9.14504955526987e-016 1.0
  outer loop
    vertex -13.4042615666653 13.5845208076933 0.875665000000004
    vertex -15.4244360842093 12.9782911923089 0.875665000000003
    vertex -9.89392029473551 13.5845208076929 0.875665000000004
  endloop
endfacet
facet normal -1.11607691114973e-028 -9.14504955526987e-016 1.0
  outer loop
    vertex -9.89392029473551 13.5845208076929 0.875665000000004
    vertex -15.4244360842093 12.9782911923089 0.875665000000003
    vertex -7.87374577719165 13.5845208076927 0.875665000000004
  endloop
endfacet
facet normal -1.11607691114973e-028 -9.14504955526987e-016 1.0
  outer loop
    vertex -7.87374577719165 13.5845208076927 0.875665000000004
    vertex -15.4244360842093 12.9782911923089 0.875665000000003
    vertex -7.12866239999867 13.5845208076926 0.875665000000004
  endloop
endfacet
facet normal -1.11607691114973e-028 -9.14504955526987e-016 1.0
  outer loop
    vertex -7.12866239999867 13.5845208076926 0.875665000000004
    vertex -15.4244360842093 12.9782911923089 0.875665000000003
    vertex -5.25443204912147 13.5845208076924 0.875665000000004
  endloop
endfacet
facet normal -1.11607691114973e-028 -9.14504955526987e-016 1.0
  outer loop
    vertex -15.4244360842093 12.9782911923089 0.875665000000003
    vertex -16.1772007333325 9.19496933333457 0.875664999999999
    vertex -15.4244360842094 11.6984731153858 0.875665000000001
  endloop
endfacet
facet normal -1.11607691114973e-028 -9.14504955526987e-016 1.0
  outer loop
    vertex -15.4244360842094 11.6984731153858 0.875665000000001
    vertex -16.1772007333325 9.19496933333457 0.875664999999999
    vertex -15.4244360842095 11.0922435000012 0.875665000000001
  endloop
endfacet
facet normal -1.11607691114973e-028 -9.14504955526987e-016 1.0
  outer loop
    vertex -15.4244360842094 11.6984731153858 0.875665000000001
    vertex -15.4244360842095 11.0922435000012 0.875665000000001
    vertex -13.4042615666655 11.6984731153856 0.875665000000001
  endloop
endfacet
facet normal -1.11607691114973e-028 -9.14504955526987e-016 1.0
  outer loop
    vertex -13.4042615666655 11.6984731153856 0.875665000000001
    vertex -15.4244360842095 11.0922435000012 0.875665000000001
    vertex -12.6591781894726 11.0922435000009 0.875665000000001
  endloop
endfacet
facet normal -1.11607691114973e-028 -9.14504955526987e-016 1.0
  outer loop
    vertex -13.4042615666655 11.6984731153856 0.875665000000001
    vertex -12.6591781894726 11.0922435000009 0.875665000000001
    vertex -7.12866239999893 11.0922435000003 0.875665000000001
  endloop
endfacet
facet normal -1.11607691114973e-028 -9.14504955526987e-016 1.0
  outer loop
    vertex -7.12866239999893 11.0922435000003 0.875665000000001
    vertex -12.6591781894726 11.0922435000009 0.875665000000001
    vertex -9.89392029473577 11.0922435000006 0.875665000000001
  endloop
endfacet
facet normal -1.11607691114973e-028 -9.14504955526987e-016 1.0
  outer loop
    vertex -15.4244360842095 11.0922435000012 0.875665000000001
    vertex -16.1772007333325 9.19496933333457 0.875664999999999
    vertex -15.4244360842096 9.81242542307807 0.875665
  endloop
endfacet
facet normal -1.11607691114973e-028 -9.14504955526987e-016 1.0
  outer loop
    vertex -15.4244360842096 9.81242542307807 0.875665
    vertex -16.1772007333325 9.19496933333457 0.875664999999999
    vertex -13.4042615666657 9.81242542307785 0.875665
  endloop
endfacet
facet normal -1.11607691114973e-028 -9.14504955526987e-016 1.0
  outer loop
    vertex -4.50166739999827 17.3678426666667 0.875665000000008
    vertex -5.25443204912114 16.7503865769232 0.875665000000007
    vertex -4.50166739999913 9.19496933333333 0.875664999999999
  endloop
endfacet
facet normal -1.11607691114973e-028 -9.14504955526987e-016 1.0
  outer loop
    vertex -5.25443204912114 16.7503865769232 0.875665000000007
    vertex -4.50166739999827 17.3678426666667 0.875665000000008
    vertex -15.4244360842089 16.7503865769242 0.875665000000007
  endloop
endfacet
facet normal -1.11607691114973e-028 -9.14504955526987e-016 1.0
  outer loop
    vertex -5.25443204912114 16.7503865769232 0.875665000000007
    vertex -15.4244360842089 16.7503865769242 0.875665000000007
    vertex -13.404261566665 16.750386576924 0.875665000000007
  endloop
endfacet
facet normal -1.11607691114973e-028 -9.14504955526987e-016 1.0
  outer loop
    vertex -5.25443204912114 16.7503865769232 0.875665000000007
    vertex -13.404261566665 16.750386576924 0.875665000000007
    vertex -12.659178189472 16.7503865769239 0.875665000000007
  endloop
endfacet
facet normal -1.11607691114973e-028 -9.14504955526987e-016 1.0
  outer loop
    vertex -5.25443204912114 16.7503865769232 0.875665000000007
    vertex -12.659178189472 16.7503865769239 0.875665000000007
    vertex -10.6390036719282 16.7503865769237 0.875665000000007
  endloop
endfacet
facet normal -1.11607691114973e-028 -9.14504955526987e-016 1.0
  outer loop
    vertex -5.25443204912114 16.7503865769232 0.875665000000007
    vertex -10.6390036719282 16.7503865769237 0.875665000000007
    vertex -9.89392029473517 16.7503865769236 0.875665000000007
  endloop
endfacet
facet normal -1.11607691114973e-028 -9.14504955526987e-016 1.0
  outer loop
    vertex -5.25443204912114 16.7503865769232 0.875665000000007
    vertex -9.89392029473517 16.7503865769236 0.875665000000007
    vertex -7.87374577719132 16.7503865769234 0.875665000000007
  endloop
endfacet
facet normal -1.11607691114973e-028 -9.14504955526987e-016 1.0
  outer loop
    vertex -5.25443204912114 16.7503865769232 0.875665000000007
    vertex -7.87374577719132 16.7503865769234 0.875665000000007
    vertex -7.03847678598333 16.7503865769233 0.875665000000007
  endloop
endfacet
facet normal -1.11607691114973e-028 -9.14504955526987e-016 1.0
  outer loop
    vertex -4.50166739999913 9.19496933333333 0.875664999999999
    vertex -5.25443204912114 16.7503865769232 0.875665000000007
    vertex -5.25443204912127 15.4705685000001 0.875665000000006
  endloop
endfacet
facet normal -1.11607691114973e-028 -9.14504955526987e-016 1.0
  outer loop
    vertex -4.50166739999913 9.19496933333333 0.875664999999999
    vertex -5.25443204912127 15.4705685000001 0.875665000000006
    vertex -5.25443204912134 14.8643388846155 0.875665000000005
  endloop
endfacet
facet normal -1.11607691114973e-028 -9.14504955526987e-016 1.0
  outer loop
    vertex -5.25443204912134 14.8643388846155 0.875665000000005
    vertex -5.25443204912127 15.4705685000001 0.875665000000006
    vertex -7.87374577719145 15.4705685000004 0.875665000000006
  endloop
endfacet
facet normal -1.11607691114973e-028 -9.14504955526987e-016 1.0
  outer loop
    vertex -5.25443204912134 14.8643388846155 0.875665000000005
    vertex -7.87374577719145 15.4705685000004 0.875665000000006
    vertex -10.6390036719283 15.4705685000007 0.875665000000006
  endloop
endfacet
facet normal -1.11607691114973e-028 -9.14504955526987e-016 1.0
  outer loop
    vertex -5.25443204912134 14.8643388846155 0.875665000000005
    vertex -10.6390036719283 15.4705685000007 0.875665000000006
    vertex -13.4042615666651 15.4705685000009 0.875665000000005
  endloop
endfacet
facet normal -1.11607691114973e-028 -9.14504955526987e-016 1.0
  outer loop
    vertex -5.25443204912134 14.8643388846155 0.875665000000005
    vertex -13.4042615666651 15.4705685000009 0.875665000000005
    vertex -7.12866239999853 14.8643388846157 0.875665000000005
  endloop
endfacet
facet normal -1.11607691114973e-028 -9.14504955526987e-016 1.0
  outer loop
    vertex -4.50166739999913 9.19496933333333 0.875664999999999
    vertex -5.25443204912134 14.8643388846155 0.875665000000005
    vertex -5.25443204912147 13.5845208076924 0.875665000000004
  endloop
endfacet
facet normal -1.11607691114973e-028 -9.14504955526987e-016 1.0
  outer loop
    vertex -4.50166739999913 9.19496933333333 0.875664999999999
    vertex -5.25443204912147 13.5845208076924 0.875665000000004
    vertex -5.25443204912154 12.9782911923078 0.875665000000003
  endloop
endfacet
facet normal -1.11607691114973e-028 -9.14504955526987e-016 1.0
  outer loop
    vertex -5.25443204912154 12.9782911923078 0.875665000000003
    vertex -5.25443204912147 13.5845208076924 0.875665000000004
    vertex -15.4244360842093 12.9782911923089 0.875665000000003
  endloop
endfacet
facet normal -1.11607691114973e-028 -9.14504955526987e-016 1.0
  outer loop
    vertex -5.25443204912154 12.9782911923078 0.875665000000003
    vertex -15.4244360842093 12.9782911923089 0.875665000000003
    vertex -13.4042615666654 12.9782911923086 0.875665000000003
  endloop
endfacet
facet normal -1.11607691114973e-028 -9.14504955526987e-016 1.0
  outer loop
    vertex -5.25443204912154 12.9782911923078 0.875665000000003
    vertex -13.4042615666654 12.9782911923086 0.875665000000003
    vertex -9.89392029473557 12.9782911923083 0.875665000000003
  endloop
endfacet
facet normal -1.11607691114973e-028 -9.14504955526987e-016 1.0
  outer loop
    vertex -5.25443204912154 12.9782911923078 0.875665000000003
    vertex -9.89392029473557 12.9782911923083 0.875665000000003
    vertex -7.87374577719172 12.9782911923081 0.875665000000003
  endloop
endfacet
facet normal -1.11607691114973e-028 -9.14504955526987e-016 1.0
  outer loop
    vertex -5.25443204912154 12.9782911923078 0.875665000000003
    vertex -7.87374577719172 12.9782911923081 0.875665000000003
    vertex -7.12866239999873 12.978291192308 0.875665000000003
  endloop
endfacet
facet normal -1.11607691114973e-028 -9.14504955526987e-016 1.0
  outer loop
    vertex -4.50166739999913 9.19496933333333 0.875664999999999
    vertex -5.25443204912154 12.9782911923078 0.875665000000003
    vertex -5.25443204912167 11.6984731153847 0.875665000000002
  endloop
endfacet
facet normal -1.11607691114973e-028 -9.14504955526987e-016 1.0
  outer loop
    vertex -4.50166739999913 9.19496933333333 0.875664999999999
    vertex -5.25443204912167 11.6984731153847 0.875665000000002
    vertex -5.25443204912174 11.0922435000001 0.875665000000001
  endloop
endfacet
facet normal -1.11607691114973e-028 -9.14504955526987e-016 1.0
  outer loop
    vertex -5.25443204912174 11.0922435000001 0.875665000000001
    vertex -5.25443204912167 11.6984731153847 0.875665000000002
    vertex -7.87374577719185 11.698473115385 0.875665000000002
  endloop
endfacet
facet normal -1.11607691114973e-028 -9.14504955526987e-016 1.0
  outer loop
    vertex -5.25443204912174 11.0922435000001 0.875665000000001
    vertex -7.87374577719185 11.698473115385 0.875665000000002
    vertex -10.6390036719287 11.6984731153853 0.875665000000002
  endloop
endfacet
facet normal -1.11607691114973e-028 -9.14504955526987e-016 1.0
  outer loop
    vertex -5.25443204912174 11.0922435000001 0.875665000000001
    vertex -10.6390036719287 11.6984731153853 0.875665000000002
    vertex -13.4042615666655 11.6984731153856 0.875665000000001
  endloop
endfacet
facet normal -1.11607691114973e-028 -9.14504955526987e-016 1.0
  outer loop
    vertex -5.25443204912174 11.0922435000001 0.875665000000001
    vertex -13.4042615666655 11.6984731153856 0.875665000000001
    vertex -7.12866239999893 11.0922435000003 0.875665000000001
  endloop
endfacet
facet normal -1.11607691114973e-028 -9.14504955526987e-016 1.0
  outer loop
    vertex -4.50166739999913 9.19496933333333 0.875664999999999
    vertex -5.25443204912174 11.0922435000001 0.875665000000001
    vertex -5.25443204912188 9.812425423077 0.875665
  endloop
endfacet
facet normal -1.11607691114973e-028 -9.14504955526987e-016 1.0
  outer loop
    vertex -4.50166739999913 9.19496933333333 0.875664999999999
    vertex -5.25443204912188 9.812425423077 0.875665
    vertex -7.87374577719205 9.81242542307728 0.875665
  endloop
endfacet
facet normal -1.11607691114973e-028 -9.14504955526987e-016 1.0
  outer loop
    vertex -4.50166739999913 9.19496933333333 0.875664999999999
    vertex -7.87374577719205 9.81242542307728 0.875665
    vertex -13.4042615666657 9.81242542307785 0.875665
  endloop
endfacet
facet normal -1.11607691114973e-028 -9.14504955526987e-016 1.0
  outer loop
    vertex -4.50166739999913 9.19496933333333 0.875664999999999
    vertex -13.4042615666657 9.81242542307785 0.875665
    vertex -16.1772007333325 9.19496933333457 0.875664999999999
  endloop
endfacet
facet normal -1.11607691114973e-028 -9.14504955526987e-016 1.0
  outer loop
    vertex -9.89392029473577 11.0922435000006 0.875665000000001
    vertex -10.6390036719288 11.0922435000007 0.875665000000001
    vertex -9.89392029473591 9.81242542307749 0.875665
  endloop
endfacet
facet normal -1.11607691114973e-028 -9.14504955526987e-016 1.0
  outer loop
    vertex -10.6390036719288 11.0922435000007 0.875665000000001
    vertex -9.89392029473577 11.0922435000006 0.875665000000001
    vertex -12.6591781894726 11.0922435000009 0.875665000000001
  endloop
endfacet
facet normal -1.11607691114973e-028 -9.14504955526987e-016 1.0
  outer loop
    vertex -9.89392029473591 9.81242542307749 0.875665
    vertex -10.6390036719288 11.0922435000007 0.875665000000001
    vertex -10.6390036719289 9.81242542307757 0.875665
  endloop
endfacet
facet normal -1.11607691114973e-028 -9.14504955526987e-016 1.0
  outer loop
    vertex -12.6591781894722 14.8643388846163 0.875665000000005
    vertex -13.4042615666652 14.8643388846163 0.875665000000005
    vertex -12.6591781894724 13.5845208076932 0.875665000000004
  endloop
endfacet
facet normal -1.11607691114973e-028 -9.14504955526987e-016 1.0
  outer loop
    vertex -13.4042615666652 14.8643388846163 0.875665000000005
    vertex -12.6591781894722 14.8643388846163 0.875665000000005
    vertex -15.4244360842091 14.8643388846165 0.875665000000005
  endloop
endfacet
facet normal -1.11607691114973e-028 -9.14504955526987e-016 1.0
  outer loop
    vertex -12.6591781894724 13.5845208076932 0.875665000000004
    vertex -13.4042615666652 14.8643388846163 0.875665000000005
    vertex -13.4042615666653 13.5845208076933 0.875665000000004
  endloop
endfacet
facet normal -1.11607691114973e-028 -9.14504955526987e-016 1.0
  outer loop
    vertex -12.6591781894724 13.5845208076932 0.875665000000004
    vertex -13.4042615666653 13.5845208076933 0.875665000000004
    vertex -10.6390036719285 13.584520807693 0.875665000000004
  endloop
endfacet
facet normal -1.11607691114973e-028 -9.14504955526987e-016 1.0
  outer loop
    vertex -7.12866239999853 14.8643388846157 0.875665000000005
    vertex -7.87374577719152 14.8643388846157 0.875665000000005
    vertex -7.12866239999867 13.5845208076926 0.875665000000004
  endloop
endfacet
facet normal -1.11607691114973e-028 -9.14504955526987e-016 1.0
  outer loop
    vertex -7.87374577719152 14.8643388846157 0.875665000000005
    vertex -7.12866239999853 14.8643388846157 0.875665000000005
    vertex -9.89392029473537 14.864338884616 0.875665000000005
  endloop
endfacet
facet normal -1.11607691114973e-028 -9.14504955526987e-016 1.0
  outer loop
    vertex -7.12866239999867 13.5845208076926 0.875665000000004
    vertex -7.87374577719152 14.8643388846157 0.875665000000005
    vertex -7.87374577719165 13.5845208076927 0.875665000000004
  endloop
endfacet
facet normal -1.11607691114973e-028 -9.14504955526987e-016 1.0
  outer loop
    vertex -9.89392029473537 14.864338884616 0.875665000000005
    vertex -10.6390036719284 14.864338884616 0.875665000000005
    vertex -9.89392029473551 13.5845208076929 0.875665000000004
  endloop
endfacet
facet normal -1.11607691114973e-028 -9.14504955526987e-016 1.0
  outer loop
    vertex -10.6390036719284 14.864338884616 0.875665000000005
    vertex -9.89392029473537 14.864338884616 0.875665000000005
    vertex -12.6591781894722 14.8643388846163 0.875665000000005
  endloop
endfacet
facet normal -1.11607691114973e-028 -9.14504955526987e-016 1.0
  outer loop
    vertex -9.89392029473551 13.5845208076929 0.875665000000004
    vertex -10.6390036719284 14.864338884616 0.875665000000005
    vertex -10.6390036719285 13.584520807693 0.875665000000004
  endloop
endfacet
facet normal -1.11607691114973e-028 -9.14504955526987e-016 1.0
  outer loop
    vertex -9.89392029473551 13.5845208076929 0.875665000000004
    vertex -10.6390036719285 13.584520807693 0.875665000000004
    vertex -13.4042615666653 13.5845208076933 0.875665000000004
  endloop
endfacet
facet normal -1.11607691114973e-028 -9.14504955526987e-016 1.0
  outer loop
    vertex -7.87374577719145 15.4705685000004 0.875665000000006
    vertex -7.03847678598333 16.7503865769233 0.875665000000007
    vertex -7.87374577719132 16.7503865769234 0.875665000000007
  endloop
endfacet
facet normal -1.11607691114973e-028 -9.14504955526987e-016 1.0
  outer loop
    vertex -7.03847678598333 16.7503865769233 0.875665000000007
    vertex -7.87374577719145 15.4705685000004 0.875665000000006
    vertex -7.03847678598347 15.4705685000003 0.875665000000006
  endloop
endfacet
facet normal -1.11607691114973e-028 -9.14504955526987e-016 1.0
  outer loop
    vertex -7.03847678598347 15.4705685000003 0.875665000000006
    vertex -7.87374577719145 15.4705685000004 0.875665000000006
    vertex -5.25443204912127 15.4705685000001 0.875665000000006
  endloop
endfacet
facet normal -1.11607691114973e-028 -9.14504955526987e-016 1.0
  outer loop
    vertex -10.6390036719283 15.4705685000007 0.875665000000006
    vertex -9.89392029473517 16.7503865769236 0.875665000000007
    vertex -10.6390036719282 16.7503865769237 0.875665000000007
  endloop
endfacet
facet normal -1.11607691114973e-028 -9.14504955526987e-016 1.0
  outer loop
    vertex -9.89392029473517 16.7503865769236 0.875665000000007
    vertex -10.6390036719283 15.4705685000007 0.875665000000006
    vertex -9.89392029473531 15.4705685000006 0.875665000000006
  endloop
endfacet
facet normal -1.11607691114973e-028 -9.14504955526987e-016 1.0
  outer loop
    vertex -9.89392029473531 15.4705685000006 0.875665000000006
    vertex -10.6390036719283 15.4705685000007 0.875665000000006
    vertex -7.87374577719145 15.4705685000004 0.875665000000006
  endloop
endfacet
facet normal -1.11607691114973e-028 -9.14504955526987e-016 1.0
  outer loop
    vertex -13.4042615666651 15.4705685000009 0.875665000000005
    vertex -12.659178189472 16.7503865769239 0.875665000000007
    vertex -13.404261566665 16.750386576924 0.875665000000007
  endloop
endfacet
facet normal -1.11607691114973e-028 -9.14504955526987e-016 1.0
  outer loop
    vertex -12.659178189472 16.7503865769239 0.875665000000007
    vertex -13.4042615666651 15.4705685000009 0.875665000000005
    vertex -12.6591781894722 15.4705685000009 0.875665000000005
  endloop
endfacet
facet normal -1.11607691114973e-028 -9.14504955526987e-016 1.0
  outer loop
    vertex -12.6591781894722 15.4705685000009 0.875665000000005
    vertex -13.4042615666651 15.4705685000009 0.875665000000005
    vertex -10.6390036719283 15.4705685000007 0.875665000000006
  endloop
endfacet
facet normal 1.11607691114973e-028 9.14504955526987e-016 -1.0
  outer loop
    vertex -9.89392029473551 13.5845208076929 3.61308205576449e-015
    vertex -10.6390036719284 14.864338884616 4.93494134445882e-015
    vertex -9.89392029473537 14.864338884616 4.93494134445882e-015
  endloop
endfacet
facet normal 1.11607691114973e-028 9.14504955526987e-016 -1.0
  outer loop
    vertex -10.6390036719284 14.864338884616 4.93494134445882e-015
    vertex -9.89392029473551 13.5845208076929 3.61308205576449e-015
    vertex -10.6390036719285 13.584520807693 3.61308205576449e-015
  endloop
endfacet
facet normal 1.11607691114973e-028 9.14504955526987e-016 -1.0
  outer loop
    vertex -10.6390036719285 13.584520807693 3.61308205576449e-015
    vertex -9.89392029473551 13.5845208076929 3.61308205576449e-015
    vertex -12.6591781894724 13.5845208076932 3.52495810318487e-015
  endloop
endfacet
facet normal 1.11607691114973e-028 9.14504955526987e-016 -1.0
  outer loop
    vertex -12.6591781894724 13.5845208076932 3.52495810318487e-015
    vertex -13.4042615666652 14.8643388846163 4.8468173918792e-015
    vertex -12.6591781894722 14.8643388846163 4.8468173918792e-015
  endloop
endfacet
facet normal 1.11607691114973e-028 9.14504955526987e-016 -1.0
  outer loop
    vertex -13.4042615666652 14.8643388846163 4.8468173918792e-015
    vertex -12.6591781894724 13.5845208076932 3.52495810318487e-015
    vertex -13.4042615666653 13.5845208076933 3.52495810318487e-015
  endloop
endfacet
facet normal 1.11607691114973e-028 9.14504955526987e-016 -1.0
  outer loop
    vertex -13.4042615666653 13.5845208076933 3.52495810318487e-015
    vertex -12.6591781894724 13.5845208076932 3.52495810318487e-015
    vertex -9.89392029473551 13.5845208076929 3.61308205576449e-015
  endloop
endfacet
facet normal 1.11607691114973e-028 9.14504955526987e-016 -1.0
  outer loop
    vertex -7.12866239999867 13.5845208076926 3.78932996092374e-015
    vertex -7.87374577719152 14.8643388846157 5.02306529703844e-015
    vertex -7.12866239999853 14.8643388846157 5.11118924961806e-015
  endloop
endfacet
facet normal 1.11607691114973e-028 9.14504955526987e-016 -1.0
  outer loop
    vertex -7.87374577719152 14.8643388846157 5.02306529703844e-015
    vertex -7.12866239999867 13.5845208076926 3.78932996092374e-015
    vertex -7.87374577719165 13.5845208076927 3.70120600834412e-015
  endloop
endfacet
facet normal 1.11607691114973e-028 9.14504955526987e-016 -1.0
  outer loop
    vertex -12.6591781894722 15.4705685000009 5.46368505993655e-015
    vertex -13.404261566665 16.750386576924 6.78554434863088e-015
    vertex -12.659178189472 16.7503865769239 6.78554434863088e-015
  endloop
endfacet
facet normal 1.11607691114973e-028 9.14504955526987e-016 -1.0
  outer loop
    vertex -13.404261566665 16.750386576924 6.78554434863088e-015
    vertex -12.6591781894722 15.4705685000009 5.46368505993655e-015
    vertex -13.4042615666651 15.4705685000009 5.46368505993655e-015
  endloop
endfacet
facet normal 1.11607691114973e-028 9.14504955526987e-016 -1.0
  outer loop
    vertex -9.89392029473531 15.4705685000006 5.55180901251617e-015
    vertex -10.6390036719282 16.7503865769237 6.8736683012105e-015
    vertex -9.89392029473517 16.7503865769237 6.8736683012105e-015
  endloop
endfacet
facet normal 1.11607691114973e-028 9.14504955526987e-016 -1.0
  outer loop
    vertex -10.6390036719282 16.7503865769237 6.8736683012105e-015
    vertex -9.89392029473531 15.4705685000006 5.55180901251617e-015
    vertex -10.6390036719283 15.4705685000007 5.55180901251617e-015
  endloop
endfacet
facet normal 1.11607691114973e-028 9.14504955526987e-016 -1.0
  outer loop
    vertex -7.03847678598347 15.4705685000003 5.72805691767542e-015
    vertex -7.87374577719132 16.7503865769234 6.96179225379012e-015
    vertex -7.03847678598333 16.7503865769233 7.04991620636974e-015
  endloop
endfacet
facet normal 1.11607691114973e-028 9.14504955526987e-016 -1.0
  outer loop
    vertex -7.87374577719132 16.7503865769234 6.96179225379012e-015
    vertex -7.03847678598347 15.4705685000003 5.72805691767542e-015
    vertex -7.87374577719145 15.4705685000004 5.63993296509579e-015
  endloop
endfacet
facet normal 1.11607691114973e-028 9.14504955526987e-016 -1.0
  outer loop
    vertex -4.50166739999827 17.3678426666667 7.75490782700672e-015
    vertex -5.25443204912114 16.7503865769232 7.13804015894937e-015
    vertex -16.1772007333316 17.3678426666679 7.22616411152899e-015
  endloop
endfacet
facet normal 1.11607691114973e-028 9.14504955526987e-016 -1.0
  outer loop
    vertex -5.25443204912114 16.7503865769232 7.13804015894937e-015
    vertex -4.50166739999827 17.3678426666667 7.75490782700672e-015
    vertex -4.50166739999913 9.19496933333333 -6.16867668057353e-016
  endloop
endfacet
facet normal 1.11607691114973e-028 9.14504955526987e-016 -1.0
  outer loop
    vertex -5.25443204912114 16.7503865769232 7.13804015894937e-015
    vertex -4.50166739999913 9.19496933333333 -6.16867668057353e-016
    vertex -5.25443204912127 15.4705685000001 5.81618087025504e-015
  endloop
endfacet
facet normal 1.11607691114973e-028 9.14504955526987e-016 -1.0
  outer loop
    vertex -5.25443204912127 15.4705685000001 5.81618087025504e-015
    vertex -4.50166739999913 9.19496933333333 -6.16867668057353e-016
    vertex -5.25443204912134 14.8643388846155 5.19931320219769e-015
  endloop
endfacet
facet normal 1.11607691114973e-028 9.14504955526987e-016 -1.0
  outer loop
    vertex -5.25443204912127 15.4705685000001 5.81618087025504e-015
    vertex -5.25443204912134 14.8643388846155 5.19931320219769e-015
    vertex -7.03847678598347 15.4705685000003 5.72805691767542e-015
  endloop
endfacet
facet normal 1.11607691114973e-028 9.14504955526987e-016 -1.0
  outer loop
    vertex -7.03847678598347 15.4705685000003 5.72805691767542e-015
    vertex -5.25443204912134 14.8643388846155 5.19931320219769e-015
    vertex -7.87374577719145 15.4705685000004 5.63993296509579e-015
  endloop
endfacet
facet normal 1.11607691114973e-028 9.14504955526987e-016 -1.0
  outer loop
    vertex -7.87374577719145 15.4705685000004 5.63993296509579e-015
    vertex -5.25443204912134 14.8643388846155 5.19931320219769e-015
    vertex -9.89392029473531 15.4705685000006 5.55180901251617e-015
  endloop
endfacet
facet normal 1.11607691114973e-028 9.14504955526987e-016 -1.0
  outer loop
    vertex -9.89392029473531 15.4705685000006 5.55180901251617e-015
    vertex -5.25443204912134 14.8643388846155 5.19931320219769e-015
    vertex -10.6390036719283 15.4705685000007 5.55180901251617e-015
  endloop
endfacet
facet normal 1.11607691114973e-028 9.14504955526987e-016 -1.0
  outer loop
    vertex -10.6390036719283 15.4705685000007 5.55180901251617e-015
    vertex -5.25443204912134 14.8643388846155 5.19931320219769e-015
    vertex -12.6591781894722 15.4705685000009 5.46368505993655e-015
  endloop
endfacet
facet normal 1.11607691114973e-028 9.14504955526987e-016 -1.0
  outer loop
    vertex -12.6591781894722 15.4705685000009 5.46368505993655e-015
    vertex -5.25443204912134 14.8643388846155 5.19931320219769e-015
    vertex -13.4042615666651 15.4705685000009 5.46368505993655e-015
  endloop
endfacet
facet normal 1.11607691114973e-028 9.14504955526987e-016 -1.0
  outer loop
    vertex -13.4042615666651 15.4705685000009 5.46368505993655e-015
    vertex -5.25443204912134 14.8643388846155 5.19931320219769e-015
    vertex -15.424436084209 15.4705685000012 5.37556110735693e-015
  endloop
endfacet
facet normal 1.11607691114973e-028 9.14504955526987e-016 -1.0
  outer loop
    vertex -5.25443204912134 14.8643388846155 5.19931320219769e-015
    vertex -4.50166739999913 9.19496933333333 -6.16867668057353e-016
    vertex -5.25443204912147 13.5845208076924 3.87745391350336e-015
  endloop
endfacet
facet normal 1.11607691114973e-028 9.14504955526987e-016 -1.0
  outer loop
    vertex -5.25443204912147 13.5845208076924 3.87745391350336e-015
    vertex -4.50166739999913 9.19496933333333 -6.16867668057353e-016
    vertex -5.25443204912154 12.9782911923078 5.37556110735693e-015
  endloop
endfacet
facet normal 1.11607691114973e-028 9.14504955526987e-016 -1.0
  outer loop
    vertex -5.25443204912147 13.5845208076924 3.87745391350336e-015
    vertex -5.25443204912154 12.9782911923078 5.37556110735693e-015
    vertex -7.12866239999867 13.5845208076926 3.78932996092374e-015
  endloop
endfacet
facet normal 1.11607691114973e-028 9.14504955526987e-016 -1.0
  outer loop
    vertex -7.12866239999867 13.5845208076926 3.78932996092374e-015
    vertex -5.25443204912154 12.9782911923078 5.37556110735693e-015
    vertex -7.87374577719165 13.5845208076927 3.70120600834412e-015
  endloop
endfacet
facet normal 1.11607691114973e-028 9.14504955526987e-016 -1.0
  outer loop
    vertex -7.87374577719165 13.5845208076927 3.70120600834412e-015
    vertex -5.25443204912154 12.9782911923078 5.37556110735693e-015
    vertex -9.89392029473551 13.5845208076929 3.61308205576449e-015
  endloop
endfacet
facet normal 1.11607691114973e-028 9.14504955526987e-016 -1.0
  outer loop
    vertex -9.89392029473551 13.5845208076929 3.61308205576449e-015
    vertex -5.25443204912154 12.9782911923078 5.37556110735693e-015
    vertex -13.4042615666653 13.5845208076933 3.52495810318487e-015
  endloop
endfacet
facet normal 1.11607691114973e-028 9.14504955526987e-016 -1.0
  outer loop
    vertex -13.4042615666653 13.5845208076933 3.52495810318487e-015
    vertex -5.25443204912154 12.9782911923078 5.37556110735693e-015
    vertex -15.4244360842092 13.5845208076935 3.43683415060525e-015
  endloop
endfacet
facet normal 1.11607691114973e-028 9.14504955526987e-016 -1.0
  outer loop
    vertex -5.25443204912154 12.9782911923078 5.37556110735693e-015
    vertex -4.50166739999913 9.19496933333333 -6.16867668057353e-016
    vertex -5.25443204912167 11.6984731153847 4.0537018186626e-015
  endloop
endfacet
facet normal 1.11607691114973e-028 9.14504955526987e-016 -1.0
  outer loop
    vertex -5.25443204912167 11.6984731153847 4.0537018186626e-015
    vertex -4.50166739999913 9.19496933333333 -6.16867668057353e-016
    vertex -5.25443204912174 11.0922435000001 1.32185928869433e-015
  endloop
endfacet
facet normal 1.11607691114973e-028 9.14504955526987e-016 -1.0
  outer loop
    vertex -5.25443204912167 11.6984731153847 4.0537018186626e-015
    vertex -5.25443204912174 11.0922435000001 1.32185928869433e-015
    vertex -7.12866239999887 11.6984731153849 3.96557786608298e-015
  endloop
endfacet
facet normal 1.11607691114973e-028 9.14504955526987e-016 -1.0
  outer loop
    vertex -7.12866239999887 11.6984731153849 3.96557786608298e-015
    vertex -5.25443204912174 11.0922435000001 1.32185928869433e-015
    vertex -7.87374577719185 11.698473115385 -3.52495810318487e-016
  endloop
endfacet
facet normal 1.11607691114973e-028 9.14504955526987e-016 -1.0
  outer loop
    vertex -7.87374577719185 11.698473115385 -3.52495810318487e-016
    vertex -5.25443204912174 11.0922435000001 1.32185928869433e-015
    vertex -9.89392029473571 11.6984731153852 -4.40619762898109e-016
  endloop
endfacet
facet normal 1.11607691114973e-028 9.14504955526987e-016 -1.0
  outer loop
    vertex -9.89392029473571 11.6984731153852 -4.40619762898109e-016
    vertex -5.25443204912174 11.0922435000001 1.32185928869433e-015
    vertex -10.6390036719287 11.6984731153853 1.67435509901281e-015
  endloop
endfacet
facet normal 1.11607691114973e-028 9.14504955526987e-016 -1.0
  outer loop
    vertex -10.6390036719287 11.6984731153853 1.67435509901281e-015
    vertex -5.25443204912174 11.0922435000001 1.32185928869433e-015
    vertex -12.6591781894725 11.6984731153855 1.58623114643319e-015
  endloop
endfacet
facet normal 1.11607691114973e-028 9.14504955526987e-016 -1.0
  outer loop
    vertex -12.6591781894725 11.6984731153855 1.58623114643319e-015
    vertex -5.25443204912174 11.0922435000001 1.32185928869433e-015
    vertex -13.4042615666655 11.6984731153856 1.58623114643319e-015
  endloop
endfacet
facet normal 1.11607691114973e-028 9.14504955526987e-016 -1.0
  outer loop
    vertex -13.4042615666655 11.6984731153856 1.58623114643319e-015
    vertex -5.25443204912174 11.0922435000001 1.32185928869433e-015
    vertex -15.4244360842094 11.6984731153858 1.49810719385357e-015
  endloop
endfacet
facet normal 1.11607691114973e-028 9.14504955526987e-016 -1.0
  outer loop
    vertex -5.25443204912174 11.0922435000001 1.32185928869433e-015
    vertex -4.50166739999913 9.19496933333333 -6.16867668057353e-016
    vertex -5.25443204912188 9.812425423077 0.0
  endloop
endfacet
facet normal 1.11607691114973e-028 9.14504955526987e-016 -1.0
  outer loop
    vertex -5.25443204912188 9.812425423077 0.0
    vertex -4.50166739999913 9.19496933333333 -6.16867668057353e-016
    vertex -7.12866239999907 9.8124254230772 -8.81239525796218e-017
  endloop
endfacet
facet normal 1.11607691114973e-028 9.14504955526987e-016 -1.0
  outer loop
    vertex -7.12866239999907 9.8124254230772 -8.81239525796218e-017
    vertex -4.50166739999913 9.19496933333333 -6.16867668057353e-016
    vertex -7.87374577719205 9.81242542307728 -1.76247905159244e-016
  endloop
endfacet
facet normal 1.11607691114973e-028 9.14504955526987e-016 -1.0
  outer loop
    vertex -7.87374577719205 9.81242542307728 -1.76247905159244e-016
    vertex -4.50166739999913 9.19496933333333 -6.16867668057353e-016
    vertex -9.89392029473591 9.81242542307749 -2.64371857738865e-016
  endloop
endfacet
facet normal 1.11607691114973e-028 9.14504955526987e-016 -1.0
  outer loop
    vertex -9.89392029473591 9.81242542307749 -2.64371857738865e-016
    vertex -4.50166739999913 9.19496933333333 -6.16867668057353e-016
    vertex -10.6390036719289 9.81242542307757 -2.64371857738865e-016
  endloop
endfacet
facet normal 1.11607691114973e-028 9.14504955526987e-016 -1.0
  outer loop
    vertex -10.6390036719289 9.81242542307757 -2.64371857738865e-016
    vertex -4.50166739999913 9.19496933333333 -6.16867668057353e-016
    vertex -12.6591781894727 9.81242542307778 -3.52495810318487e-016
  endloop
endfacet
facet normal 1.11607691114973e-028 9.14504955526987e-016 -1.0
  outer loop
    vertex -12.6591781894727 9.81242542307778 -3.52495810318487e-016
    vertex -4.50166739999913 9.19496933333333 -6.16867668057353e-016
    vertex -13.4042615666657 9.81242542307785 -3.52495810318487e-016
  endloop
endfacet
facet normal 1.11607691114973e-028 9.14504955526987e-016 -1.0
  outer loop
    vertex -13.4042615666657 9.81242542307785 -3.52495810318487e-016
    vertex -4.50166739999913 9.19496933333333 -6.16867668057353e-016
    vertex -15.4244360842096 9.81242542307807 -4.40619762898109e-016
  endloop
endfacet
facet normal 1.11607691114973e-028 9.14504955526987e-016 -1.0
  outer loop
    vertex -16.1772007333316 17.3678426666679 7.22616411152899e-015
    vertex -15.4244360842089 16.7503865769242 6.69742039605126e-015
    vertex -16.1772007333325 9.19496933333457 -1.14561138353508e-015
  endloop
endfacet
facet normal 1.11607691114973e-028 9.14504955526987e-016 -1.0
  outer loop
    vertex -15.4244360842089 16.7503865769242 6.69742039605126e-015
    vertex -16.1772007333316 17.3678426666679 7.22616411152899e-015
    vertex -5.25443204912114 16.7503865769232 7.13804015894937e-015
  endloop
endfacet
facet normal 1.11607691114973e-028 9.14504955526987e-016 -1.0
  outer loop
    vertex -15.4244360842089 16.7503865769242 6.69742039605126e-015
    vertex -5.25443204912114 16.7503865769232 7.13804015894937e-015
    vertex -7.03847678598333 16.7503865769233 7.04991620636974e-015
  endloop
endfacet
facet normal 1.11607691114973e-028 9.14504955526987e-016 -1.0
  outer loop
    vertex -15.4244360842089 16.7503865769242 6.69742039605126e-015
    vertex -7.03847678598333 16.7503865769233 7.04991620636974e-015
    vertex -7.87374577719132 16.7503865769234 6.96179225379012e-015
  endloop
endfacet
facet normal 1.11607691114973e-028 9.14504955526987e-016 -1.0
  outer loop
    vertex -15.4244360842089 16.7503865769242 6.69742039605126e-015
    vertex -7.87374577719132 16.7503865769234 6.96179225379012e-015
    vertex -9.89392029473517 16.7503865769237 6.8736683012105e-015
  endloop
endfacet
facet normal 1.11607691114973e-028 9.14504955526987e-016 -1.0
  outer loop
    vertex -15.4244360842089 16.7503865769242 6.69742039605126e-015
    vertex -9.89392029473517 16.7503865769237 6.8736683012105e-015
    vertex -10.6390036719282 16.7503865769237 6.8736683012105e-015
  endloop
endfacet
facet normal 1.11607691114973e-028 9.14504955526987e-016 -1.0
  outer loop
    vertex -15.4244360842089 16.7503865769242 6.69742039605126e-015
    vertex -10.6390036719282 16.7503865769237 6.8736683012105e-015
    vertex -12.659178189472 16.7503865769239 6.78554434863088e-015
  endloop
endfacet
facet normal 1.11607691114973e-028 9.14504955526987e-016 -1.0
  outer loop
    vertex -15.4244360842089 16.7503865769242 6.69742039605126e-015
    vertex -12.659178189472 16.7503865769239 6.78554434863088e-015
    vertex -13.404261566665 16.750386576924 6.78554434863088e-015
  endloop
endfacet
facet normal 1.11607691114973e-028 9.14504955526987e-016 -1.0
  outer loop
    vertex -16.1772007333325 9.19496933333457 -1.14561138353508e-015
    vertex -15.4244360842089 16.7503865769242 6.69742039605126e-015
    vertex -15.424436084209 15.4705685000012 5.37556110735693e-015
  endloop
endfacet
facet normal 1.11607691114973e-028 9.14504955526987e-016 -1.0
  outer loop
    vertex -16.1772007333325 9.19496933333457 -1.14561138353508e-015
    vertex -15.424436084209 15.4705685000012 5.37556110735693e-015
    vertex -15.4244360842091 14.8643388846165 4.75869343929958e-015
  endloop
endfacet
facet normal 1.11607691114973e-028 9.14504955526987e-016 -1.0
  outer loop
    vertex -15.4244360842091 14.8643388846165 4.75869343929958e-015
    vertex -15.424436084209 15.4705685000012 5.37556110735693e-015
    vertex -12.6591781894722 14.8643388846163 4.8468173918792e-015
  endloop
endfacet
facet normal 1.11607691114973e-028 9.14504955526987e-016 -1.0
  outer loop
    vertex -12.6591781894722 14.8643388846163 4.8468173918792e-015
    vertex -15.424436084209 15.4705685000012 5.37556110735693e-015
    vertex -7.12866239999853 14.8643388846157 5.11118924961806e-015
  endloop
endfacet
facet normal 1.11607691114973e-028 9.14504955526987e-016 -1.0
  outer loop
    vertex -7.12866239999853 14.8643388846157 5.11118924961806e-015
    vertex -15.424436084209 15.4705685000012 5.37556110735693e-015
    vertex -5.25443204912134 14.8643388846155 5.19931320219769e-015
  endloop
endfacet
facet normal 1.11607691114973e-028 9.14504955526987e-016 -1.0
  outer loop
    vertex -12.6591781894722 14.8643388846163 4.8468173918792e-015
    vertex -7.12866239999853 14.8643388846157 5.11118924961806e-015
    vertex -9.89392029473537 14.864338884616 4.93494134445882e-015
  endloop
endfacet
facet normal 1.11607691114973e-028 9.14504955526987e-016 -1.0
  outer loop
    vertex -9.89392029473537 14.864338884616 4.93494134445882e-015
    vertex -7.12866239999853 14.8643388846157 5.11118924961806e-015
    vertex -7.87374577719152 14.8643388846157 5.02306529703844e-015
  endloop
endfacet
facet normal 1.11607691114973e-028 9.14504955526987e-016 -1.0
  outer loop
    vertex -12.6591781894722 14.8643388846163 4.8468173918792e-015
    vertex -9.89392029473537 14.864338884616 4.93494134445882e-015
    vertex -10.6390036719284 14.864338884616 4.93494134445882e-015
  endloop
endfacet
facet normal 1.11607691114973e-028 9.14504955526987e-016 -1.0
  outer loop
    vertex -15.4244360842091 14.8643388846165 4.75869343929958e-015
    vertex -12.6591781894722 14.8643388846163 4.8468173918792e-015
    vertex -13.4042615666652 14.8643388846163 4.8468173918792e-015
  endloop
endfacet
facet normal 1.11607691114973e-028 9.14504955526987e-016 -1.0
  outer loop
    vertex -16.1772007333325 9.19496933333457 -1.14561138353508e-015
    vertex -15.4244360842091 14.8643388846165 4.75869343929958e-015
    vertex -15.4244360842092 13.5845208076935 3.43683415060525e-015
  endloop
endfacet
facet normal 1.11607691114973e-028 9.14504955526987e-016 -1.0
  outer loop
    vertex -16.1772007333325 9.19496933333457 -1.14561138353508e-015
    vertex -15.4244360842092 13.5845208076935 3.43683415060525e-015
    vertex -15.4244360842093 12.9782911923089 2.8199664825479e-015
  endloop
endfacet
facet normal 1.11607691114973e-028 9.14504955526987e-016 -1.0
  outer loop
    vertex -15.4244360842093 12.9782911923089 2.8199664825479e-015
    vertex -15.4244360842092 13.5845208076935 3.43683415060525e-015
    vertex -5.25443204912154 12.9782911923078 5.37556110735693e-015
  endloop
endfacet
facet normal 1.11607691114973e-028 9.14504955526987e-016 -1.0
  outer loop
    vertex -15.4244360842093 12.9782911923089 2.8199664825479e-015
    vertex -5.25443204912154 12.9782911923078 5.37556110735693e-015
    vertex -7.12866239999873 12.978291192308 5.28743715477731e-015
  endloop
endfacet
facet normal 1.11607691114973e-028 9.14504955526987e-016 -1.0
  outer loop
    vertex -15.4244360842093 12.9782911923089 2.8199664825479e-015
    vertex -7.12866239999873 12.978291192308 5.28743715477731e-015
    vertex -7.87374577719172 12.9782911923081 9.6936347837584e-016
  endloop
endfacet
facet normal 1.11607691114973e-028 9.14504955526987e-016 -1.0
  outer loop
    vertex -15.4244360842093 12.9782911923089 2.8199664825479e-015
    vertex -7.87374577719172 12.9782911923081 9.6936347837584e-016
    vertex -9.89392029473557 12.9782911923083 8.81239525796218e-016
  endloop
endfacet
facet normal 1.11607691114973e-028 9.14504955526987e-016 -1.0
  outer loop
    vertex -15.4244360842093 12.9782911923089 2.8199664825479e-015
    vertex -9.89392029473557 12.9782911923083 8.81239525796218e-016
    vertex -13.4042615666654 12.9782911923086 2.90809043512752e-015
  endloop
endfacet
facet normal 1.11607691114973e-028 9.14504955526987e-016 -1.0
  outer loop
    vertex -16.1772007333325 9.19496933333457 -1.14561138353508e-015
    vertex -15.4244360842093 12.9782911923089 2.8199664825479e-015
    vertex -15.4244360842094 11.6984731153858 1.49810719385357e-015
  endloop
endfacet
facet normal 1.11607691114973e-028 9.14504955526987e-016 -1.0
  outer loop
    vertex -16.1772007333325 9.19496933333457 -1.14561138353508e-015
    vertex -15.4244360842094 11.6984731153858 1.49810719385357e-015
    vertex -15.4244360842095 11.0922435000012 8.81239525796218e-016
  endloop
endfacet
facet normal 1.11607691114973e-028 9.14504955526987e-016 -1.0
  outer loop
    vertex -15.4244360842095 11.0922435000012 8.81239525796218e-016
    vertex -15.4244360842094 11.6984731153858 1.49810719385357e-015
    vertex -12.6591781894726 11.0922435000009 9.6936347837584e-016
  endloop
endfacet
facet normal 1.11607691114973e-028 9.14504955526987e-016 -1.0
  outer loop
    vertex -12.6591781894726 11.0922435000009 9.6936347837584e-016
    vertex -15.4244360842094 11.6984731153858 1.49810719385357e-015
    vertex -7.12866239999893 11.0922435000003 1.23373533611471e-015
  endloop
endfacet
facet normal 1.11607691114973e-028 9.14504955526987e-016 -1.0
  outer loop
    vertex -7.12866239999893 11.0922435000003 1.23373533611471e-015
    vertex -15.4244360842094 11.6984731153858 1.49810719385357e-015
    vertex -5.25443204912174 11.0922435000001 1.32185928869433e-015
  endloop
endfacet
facet normal 1.11607691114973e-028 9.14504955526987e-016 -1.0
  outer loop
    vertex -12.6591781894726 11.0922435000009 9.6936347837584e-016
    vertex -7.12866239999893 11.0922435000003 1.23373533611471e-015
    vertex -9.89392029473577 11.0922435000006 1.05748743095546e-015
  endloop
endfacet
facet normal 1.11607691114973e-028 9.14504955526987e-016 -1.0
  outer loop
    vertex -9.89392029473577 11.0922435000006 1.05748743095546e-015
    vertex -7.12866239999893 11.0922435000003 1.23373533611471e-015
    vertex -7.87374577719191 11.0922435000004 1.14561138353508e-015
  endloop
endfacet
facet normal 1.11607691114973e-028 9.14504955526987e-016 -1.0
  outer loop
    vertex -12.6591781894726 11.0922435000009 9.6936347837584e-016
    vertex -9.89392029473577 11.0922435000006 1.05748743095546e-015
    vertex -10.6390036719288 11.0922435000007 1.05748743095546e-015
  endloop
endfacet
facet normal 1.11607691114973e-028 9.14504955526987e-016 -1.0
  outer loop
    vertex -15.4244360842095 11.0922435000012 8.81239525796218e-016
    vertex -12.6591781894726 11.0922435000009 9.6936347837584e-016
    vertex -13.4042615666656 11.0922435000009 9.6936347837584e-016
  endloop
endfacet
facet normal 1.11607691114973e-028 9.14504955526987e-016 -1.0
  outer loop
    vertex -16.1772007333325 9.19496933333457 -1.14561138353508e-015
    vertex -15.4244360842095 11.0922435000012 8.81239525796218e-016
    vertex -15.4244360842096 9.81242542307807 -4.40619762898109e-016
  endloop
endfacet
facet normal 1.11607691114973e-028 9.14504955526987e-016 -1.0
  outer loop
    vertex -16.1772007333325 9.19496933333457 -1.14561138353508e-015
    vertex -15.4244360842096 9.81242542307807 -4.40619762898109e-016
    vertex -4.50166739999913 9.19496933333333 -6.16867668057353e-016
  endloop
endfacet
facet normal 1.11607691114973e-028 9.14504955526987e-016 -1.0
  outer loop
    vertex -12.6591781894727 9.81242542307778 -3.52495810318487e-016
    vertex -13.4042615666656 11.0922435000009 9.6936347837584e-016
    vertex -12.6591781894726 11.0922435000009 9.6936347837584e-016
  endloop
endfacet
facet normal 1.11607691114973e-028 9.14504955526987e-016 -1.0
  outer loop
    vertex -13.4042615666656 11.0922435000009 9.6936347837584e-016
    vertex -12.6591781894727 9.81242542307778 -3.52495810318487e-016
    vertex -13.4042615666657 9.81242542307785 -3.52495810318487e-016
  endloop
endfacet
facet normal 1.11607691114973e-028 9.14504955526987e-016 -1.0
  outer loop
    vertex -9.89392029473591 9.81242542307749 -2.64371857738865e-016
    vertex -10.6390036719288 11.0922435000007 1.05748743095546e-015
    vertex -9.89392029473577 11.0922435000006 1.05748743095546e-015
  endloop
endfacet
facet normal 1.11607691114973e-028 9.14504955526987e-016 -1.0
  outer loop
    vertex -10.6390036719288 11.0922435000007 1.05748743095546e-015
    vertex -9.89392029473591 9.81242542307749 -2.64371857738865e-016
    vertex -10.6390036719289 9.81242542307757 -2.64371857738865e-016
  endloop
endfacet
facet normal 1.11607691114973e-028 9.14504955526987e-016 -1.0
  outer loop
    vertex -7.12866239999907 9.8124254230772 -8.81239525796218e-017
    vertex -7.87374577719191 11.0922435000004 1.14561138353508e-015
    vertex -7.12866239999893 11.0922435000003 1.23373533611471e-015
  endloop
endfacet
facet normal 1.11607691114973e-028 9.14504955526987e-016 -1.0
  outer loop
    vertex -7.87374577719191 11.0922435000004 1.14561138353508e-015
    vertex -7.12866239999907 9.8124254230772 -8.81239525796218e-017
    vertex -7.87374577719205 9.81242542307728 -1.76247905159244e-016
  endloop
endfacet
facet normal 1.11607691114973e-028 9.14504955526987e-016 -1.0
  outer loop
    vertex -13.4042615666654 12.9782911923086 2.90809043512752e-015
    vertex -12.6591781894724 12.9782911923086 2.90809043512752e-015
    vertex -13.4042615666655 11.6984731153856 1.58623114643319e-015
  endloop
endfacet
facet normal 1.11607691114973e-028 9.14504955526987e-016 -1.0
  outer loop
    vertex -12.6591781894724 12.9782911923086 2.90809043512752e-015
    vertex -13.4042615666654 12.9782911923086 2.90809043512752e-015
    vertex -10.6390036719286 12.9782911923083 2.99621438770714e-015
  endloop
endfacet
facet normal 1.11607691114973e-028 9.14504955526987e-016 -1.0
  outer loop
    vertex -13.4042615666655 11.6984731153856 1.58623114643319e-015
    vertex -12.6591781894724 12.9782911923086 2.90809043512752e-015
    vertex -12.6591781894725 11.6984731153855 1.58623114643319e-015
  endloop
endfacet
facet normal 1.11607691114973e-028 9.14504955526987e-016 -1.0
  outer loop
    vertex -9.89392029473557 12.9782911923083 8.81239525796218e-016
    vertex -10.6390036719286 12.9782911923083 2.99621438770714e-015
    vertex -13.4042615666654 12.9782911923086 2.90809043512752e-015
  endloop
endfacet
facet normal 1.11607691114973e-028 9.14504955526987e-016 -1.0
  outer loop
    vertex -10.6390036719286 12.9782911923083 2.99621438770714e-015
    vertex -9.89392029473557 12.9782911923083 8.81239525796218e-016
    vertex -9.89392029473571 11.6984731153852 -4.40619762898109e-016
  endloop
endfacet
facet normal 1.11607691114973e-028 9.14504955526987e-016 -1.0
  outer loop
    vertex -10.6390036719286 12.9782911923083 2.99621438770714e-015
    vertex -9.89392029473571 11.6984731153852 -4.40619762898109e-016
    vertex -10.6390036719287 11.6984731153853 1.67435509901281e-015
  endloop
endfacet
facet normal 1.11607691114973e-028 9.14504955526987e-016 -1.0
  outer loop
    vertex -7.12866239999887 11.6984731153849 3.96557786608298e-015
    vertex -7.87374577719172 12.9782911923081 9.6936347837584e-016
    vertex -7.12866239999873 12.978291192308 5.28743715477731e-015
  endloop
endfacet
facet normal 1.11607691114973e-028 9.14504955526987e-016 -1.0
  outer loop
    vertex -7.87374577719172 12.9782911923081 9.6936347837584e-016
    vertex -7.12866239999887 11.6984731153849 3.96557786608298e-015
    vertex -7.87374577719185 11.698473115385 -3.52495810318487e-016
  endloop
endfacet
facet normal -1.06143042342891e-013 -1.0 -1.02772113597507e-015
  outer loop
    vertex -16.1772007333325 9.19496933333457 0.875664999999999
    vertex -4.50166739999913 9.19496933333333 -6.16867668057353e-016
    vertex -4.50166739999913 9.19496933333333 0.875664999999999
  endloop
endfacet
facet normal -1.06143042342891e-013 -1.0 -1.02772113597507e-015
  outer loop
    vertex -4.50166739999913 9.19496933333333 -6.16867668057353e-016
    vertex -16.1772007333325 9.19496933333457 0.875664999999999
    vertex -16.1772007333325 9.19496933333457 -1.14561138353508e-015
  endloop
endfacet
facet normal -1.0 1.06143042342891e-013 -4.16333634234549e-017
  outer loop
    vertex -16.1772007333316 17.3678426666679 7.22616411152899e-015
    vertex -16.1772007333325 9.19496933333457 0.875664999999999
    vertex -16.1772007333316 17.3678426666679 0.875665000000007
  endloop
endfacet
facet normal -1.0 1.06143042342891e-013 -4.16333634234549e-017
  outer loop
    vertex -16.1772007333325 9.19496933333457 0.875664999999999
    vertex -16.1772007333316 17.3678426666679 7.22616411152899e-015
    vertex -16.1772007333325 9.19496933333457 -1.14561138353508e-015
  endloop
endfacet
facet normal 1.06143042342891e-013 1.0 1.02772113597507e-015
  outer loop
    vertex -16.1772007333316 17.3678426666679 7.22616411152899e-015
    vertex -4.50166739999827 17.3678426666667 0.875665000000008
    vertex -4.50166739999827 17.3678426666667 7.75490782700672e-015
  endloop
endfacet
facet normal 1.06143042342891e-013 1.0 1.02772113597507e-015
  outer loop
    vertex -4.50166739999827 17.3678426666667 0.875665000000008
    vertex -16.1772007333316 17.3678426666679 7.22616411152899e-015
    vertex -16.1772007333316 17.3678426666679 0.875665000000007
  endloop
endfacet
facet normal 1.0 -1.06143042342891e-013 4.16333634234549e-017
  outer loop
    vertex -4.50166739999913 9.19496933333333 -6.16867668057353e-016
    vertex -4.50166739999827 17.3678426666667 0.875665000000008
    vertex -4.50166739999913 9.19496933333333 0.875664999999999
  endloop
endfacet
facet normal 1.0 -1.06143042342891e-013 4.16333634234549e-017
  outer loop
    vertex -4.50166739999827 17.3678426666667 0.875665000000008
    vertex -4.50166739999913 9.19496933333333 -6.16867668057353e-016
    vertex -4.50166739999827 17.3678426666667 7.75490782700672e-015
  endloop
endfacet
facet normal 1.06143042342891e-013 1.0 1.02772113597507e-015
  outer loop
    vertex -15.4244360842096 9.81242542307807 -4.40619762898109e-016
    vertex -13.4042615666657 9.81242542307785 0.875665
    vertex -13.4042615666657 9.81242542307785 -3.52495810318487e-016
  endloop
endfacet
facet normal 1.06143042342891e-013 1.0 1.02772113597507e-015
  outer loop
    vertex -13.4042615666657 9.81242542307785 0.875665
    vertex -15.4244360842096 9.81242542307807 -4.40619762898109e-016
    vertex -15.4244360842096 9.81242542307807 0.875665
  endloop
endfacet
facet normal -1.0 1.06143042342891e-013 -4.16333634234549e-017
  outer loop
    vertex -13.4042615666656 11.0922435000009 9.6936347837584e-016
    vertex -13.4042615666657 9.81242542307785 0.875665
    vertex -13.4042615666656 11.0922435000009 0.875665000000001
  endloop
endfacet
facet normal -1.0 1.06143042342891e-013 -4.16333634234549e-017
  outer loop
    vertex -13.4042615666657 9.81242542307785 0.875665
    vertex -13.4042615666656 11.0922435000009 9.6936347837584e-016
    vertex -13.4042615666657 9.81242542307785 -3.52495810318487e-016
  endloop
endfacet
facet normal -1.06143042342891e-013 -1.0 -1.02772113597507e-015
  outer loop
    vertex -15.4244360842095 11.0922435000012 0.875665000000001
    vertex -13.4042615666656 11.0922435000009 9.6936347837584e-016
    vertex -13.4042615666656 11.0922435000009 0.875665000000001
  endloop
endfacet
facet normal -1.06143042342891e-013 -1.0 -1.02772113597507e-015
  outer loop
    vertex -13.4042615666656 11.0922435000009 9.6936347837584e-016
    vertex -15.4244360842095 11.0922435000012 0.875665000000001
    vertex -15.4244360842095 11.0922435000012 8.81239525796218e-016
  endloop
endfacet
facet normal 1.0 -1.06143042342891e-013 4.16333634234549e-017
  outer loop
    vertex -15.4244360842096 9.81242542307807 -4.40619762898109e-016
    vertex -15.4244360842095 11.0922435000012 0.875665000000001
    vertex -15.4244360842096 9.81242542307807 0.875665
  endloop
endfacet
facet normal 1.0 -1.06143042342891e-013 4.16333634234549e-017
  outer loop
    vertex -15.4244360842095 11.0922435000012 0.875665000000001
    vertex -15.4244360842096 9.81242542307807 -4.40619762898109e-016
    vertex -15.4244360842095 11.0922435000012 8.81239525796218e-016
  endloop
endfacet
facet normal 1.06143042342891e-013 1.0 1.02772113597507e-015
  outer loop
    vertex -15.4244360842094 11.6984731153858 1.49810719385357e-015
    vertex -13.4042615666655 11.6984731153856 0.875665000000001
    vertex -13.4042615666655 11.6984731153856 1.58623114643319e-015
  endloop
endfacet
facet normal 1.06143042342891e-013 1.0 1.02772113597507e-015
  outer loop
    vertex -13.4042615666655 11.6984731153856 0.875665000000001
    vertex -15.4244360842094 11.6984731153858 1.49810719385357e-015
    vertex -15.4244360842094 11.6984731153858 0.875665000000001
  endloop
endfacet
facet normal -1.0 1.06143042342891e-013 -4.16333634234549e-017
  outer loop
    vertex -13.4042615666654 12.9782911923086 2.90809043512752e-015
    vertex -13.4042615666655 11.6984731153856 0.875665000000001
    vertex -13.4042615666654 12.9782911923086 0.875665000000003
  endloop
endfacet
facet normal -1.0 1.06143042342891e-013 -4.16333634234549e-017
  outer loop
    vertex -13.4042615666655 11.6984731153856 0.875665000000001
    vertex -13.4042615666654 12.9782911923086 2.90809043512752e-015
    vertex -13.4042615666655 11.6984731153856 1.58623114643319e-015
  endloop
endfacet
facet normal -1.06143042342891e-013 -1.0 -1.02772113597507e-015
  outer loop
    vertex -15.4244360842093 12.9782911923089 0.875665000000003
    vertex -13.4042615666654 12.9782911923086 2.90809043512752e-015
    vertex -13.4042615666654 12.9782911923086 0.875665000000003
  endloop
endfacet
facet normal -1.06143042342891e-013 -1.0 -1.02772113597507e-015
  outer loop
    vertex -13.4042615666654 12.9782911923086 2.90809043512752e-015
    vertex -15.4244360842093 12.9782911923089 0.875665000000003
    vertex -15.4244360842093 12.9782911923089 2.8199664825479e-015
  endloop
endfacet
facet normal 1.0 -1.06143042342891e-013 4.16333634234549e-017
  outer loop
    vertex -15.4244360842094 11.6984731153858 1.49810719385357e-015
    vertex -15.4244360842093 12.9782911923089 0.875665000000003
    vertex -15.4244360842094 11.6984731153858 0.875665000000001
  endloop
endfacet
facet normal 1.0 -1.06143042342891e-013 4.16333634234549e-017
  outer loop
    vertex -15.4244360842093 12.9782911923089 0.875665000000003
    vertex -15.4244360842094 11.6984731153858 1.49810719385357e-015
    vertex -15.4244360842093 12.9782911923089 2.8199664825479e-015
  endloop
endfacet
facet normal 1.06143042342891e-013 1.0 1.02772113597507e-015
  outer loop
    vertex -15.4244360842092 13.5845208076935 3.43683415060525e-015
    vertex -13.4042615666653 13.5845208076933 0.875665000000004
    vertex -13.4042615666653 13.5845208076933 3.52495810318487e-015
  endloop
endfacet
facet normal 1.06143042342891e-013 1.0 1.02772113597507e-015
  outer loop
    vertex -13.4042615666653 13.5845208076933 0.875665000000004
    vertex -15.4244360842092 13.5845208076935 3.43683415060525e-015
    vertex -15.4244360842092 13.5845208076935 0.875665000000003
  endloop
endfacet
facet normal -1.0 1.06143042342891e-013 -4.16333634234549e-017
  outer loop
    vertex -13.4042615666652 14.8643388846163 4.8468173918792e-015
    vertex -13.4042615666653 13.5845208076933 0.875665000000004
    vertex -13.4042615666652 14.8643388846163 0.875665000000005
  endloop
endfacet
facet normal -1.0 1.06143042342891e-013 -4.16333634234549e-017
  outer loop
    vertex -13.4042615666653 13.5845208076933 0.875665000000004
    vertex -13.4042615666652 14.8643388846163 4.8468173918792e-015
    vertex -13.4042615666653 13.5845208076933 3.52495810318487e-015
  endloop
endfacet
facet normal -1.06143042342891e-013 -1.0 -1.02772113597507e-015
  outer loop
    vertex -15.4244360842091 14.8643388846165 0.875665000000005
    vertex -13.4042615666652 14.8643388846163 4.8468173918792e-015
    vertex -13.4042615666652 14.8643388846163 0.875665000000005
  endloop
endfacet
facet normal -1.06143042342891e-013 -1.0 -1.02772113597507e-015
  outer loop
    vertex -13.4042615666652 14.8643388846163 4.8468173918792e-015
    vertex -15.4244360842091 14.8643388846165 0.875665000000005
    vertex -15.4244360842091 14.8643388846165 4.75869343929958e-015
  endloop
endfacet
facet normal 1.0 -1.06143042342891e-013 4.16333634234549e-017
  outer loop
    vertex -15.4244360842092 13.5845208076935 3.43683415060525e-015
    vertex -15.4244360842091 14.8643388846165 0.875665000000005
    vertex -15.4244360842092 13.5845208076935 0.875665000000003
  endloop
endfacet
facet normal 1.0 -1.06143042342891e-013 4.16333634234549e-017
  outer loop
    vertex -15.4244360842091 14.8643388846165 0.875665000000005
    vertex -15.4244360842092 13.5845208076935 3.43683415060525e-015
    vertex -15.4244360842091 14.8643388846165 4.75869343929958e-015
  endloop
endfacet
facet normal 1.06143042342891e-013 1.0 1.02772113597507e-015
  outer loop
    vertex -15.424436084209 15.4705685000012 5.37556110735693e-015
    vertex -13.4042615666651 15.4705685000009 0.875665000000005
    vertex -13.4042615666651 15.4705685000009 5.46368505993655e-015
  endloop
endfacet
facet normal 1.06143042342891e-013 1.0 1.02772113597507e-015
  outer loop
    vertex -13.4042615666651 15.4705685000009 0.875665000000005
    vertex -15.424436084209 15.4705685000012 5.37556110735693e-015
    vertex -15.424436084209 15.4705685000012 0.875665000000005
  endloop
endfacet
facet normal -1.0 1.06143042342891e-013 -4.16333634234549e-017
  outer loop
    vertex -13.404261566665 16.750386576924 6.78554434863088e-015
    vertex -13.4042615666651 15.4705685000009 0.875665000000005
    vertex -13.404261566665 16.750386576924 0.875665000000007
  endloop
endfacet
facet normal -1.0 1.06143042342891e-013 -4.16333634234549e-017
  outer loop
    vertex -13.4042615666651 15.4705685000009 0.875665000000005
    vertex -13.404261566665 16.750386576924 6.78554434863088e-015
    vertex -13.4042615666651 15.4705685000009 5.46368505993655e-015
  endloop
endfacet
facet normal -1.06143042342891e-013 -1.0 -1.02772113597507e-015
  outer loop
    vertex -15.4244360842089 16.7503865769242 0.875665000000007
    vertex -13.404261566665 16.750386576924 6.78554434863088e-015
    vertex -13.404261566665 16.750386576924 0.875665000000007
  endloop
endfacet
facet normal -1.06143042342891e-013 -1.0 -1.02772113597507e-015
  outer loop
    vertex -13.404261566665 16.750386576924 6.78554434863088e-015
    vertex -15.4244360842089 16.7503865769242 0.875665000000007
    vertex -15.4244360842089 16.7503865769242 6.69742039605126e-015
  endloop
endfacet
facet normal 1.0 -1.06143042342891e-013 4.16333634234549e-017
  outer loop
    vertex -15.424436084209 15.4705685000012 5.37556110735693e-015
    vertex -15.4244360842089 16.7503865769242 0.875665000000007
    vertex -15.424436084209 15.4705685000012 0.875665000000005
  endloop
endfacet
facet normal 1.0 -1.06143042342891e-013 4.16333634234549e-017
  outer loop
    vertex -15.4244360842089 16.7503865769242 0.875665000000007
    vertex -15.424436084209 15.4705685000012 5.37556110735693e-015
    vertex -15.4244360842089 16.7503865769242 6.69742039605126e-015
  endloop
endfacet
facet normal -1.06143042342891e-013 -1.0 -1.02772113597507e-015
  outer loop
    vertex -12.6591781894726 11.0922435000009 0.875665000000001
    vertex -10.6390036719288 11.0922435000007 1.05748743095546e-015
    vertex -10.6390036719288 11.0922435000007 0.875665000000001
  endloop
endfacet
facet normal -1.06143042342891e-013 -1.0 -1.02772113597507e-015
  outer loop
    vertex -10.6390036719288 11.0922435000007 1.05748743095546e-015
    vertex -12.6591781894726 11.0922435000009 0.875665000000001
    vertex -12.6591781894726 11.0922435000009 9.6936347837584e-016
  endloop
endfacet
facet normal 1.0 -1.06143042342891e-013 4.16333634234549e-017
  outer loop
    vertex -12.6591781894727 9.81242542307778 -3.52495810318487e-016
    vertex -12.6591781894726 11.0922435000009 0.875665000000001
    vertex -12.6591781894727 9.81242542307778 0.875665
  endloop
endfacet
facet normal 1.0 -1.06143042342891e-013 4.16333634234549e-017
  outer loop
    vertex -12.6591781894726 11.0922435000009 0.875665000000001
    vertex -12.6591781894727 9.81242542307778 -3.52495810318487e-016
    vertex -12.6591781894726 11.0922435000009 9.6936347837584e-016
  endloop
endfacet
facet normal 1.06143042342891e-013 1.0 1.02772113597507e-015
  outer loop
    vertex -12.6591781894727 9.81242542307778 -3.52495810318487e-016
    vertex -10.6390036719289 9.81242542307757 0.875665
    vertex -10.6390036719289 9.81242542307757 -2.64371857738865e-016
  endloop
endfacet
facet normal 1.06143042342891e-013 1.0 1.02772113597507e-015
  outer loop
    vertex -10.6390036719289 9.81242542307757 0.875665
    vertex -12.6591781894727 9.81242542307778 -3.52495810318487e-016
    vertex -12.6591781894727 9.81242542307778 0.875665
  endloop
endfacet
facet normal -1.0 1.06143042342891e-013 -4.16333634234549e-017
  outer loop
    vertex -10.6390036719288 11.0922435000007 1.05748743095546e-015
    vertex -10.6390036719289 9.81242542307757 0.875665
    vertex -10.6390036719288 11.0922435000007 0.875665000000001
  endloop
endfacet
facet normal -1.0 1.06143042342891e-013 -4.16333634234549e-017
  outer loop
    vertex -10.6390036719289 9.81242542307757 0.875665
    vertex -10.6390036719288 11.0922435000007 1.05748743095546e-015
    vertex -10.6390036719289 9.81242542307757 -2.64371857738865e-016
  endloop
endfacet
facet normal -1.06143042342891e-013 -1.0 -1.02772113597507e-015
  outer loop
    vertex -12.6591781894724 12.9782911923086 0.875665000000003
    vertex -10.6390036719286 12.9782911923083 2.99621438770714e-015
    vertex -10.6390036719286 12.9782911923083 0.875665000000003
  endloop
endfacet
facet normal -1.06143042342891e-013 -1.0 -1.02772113597507e-015
  outer loop
    vertex -10.6390036719286 12.9782911923083 2.99621438770714e-015
    vertex -12.6591781894724 12.9782911923086 0.875665000000003
    vertex -12.6591781894724 12.9782911923086 2.90809043512752e-015
  endloop
endfacet
facet normal 1.0 -1.06143042342891e-013 4.16333634234549e-017
  outer loop
    vertex -12.6591781894725 11.6984731153855 1.58623114643319e-015
    vertex -12.6591781894724 12.9782911923086 0.875665000000003
    vertex -12.6591781894725 11.6984731153855 0.875665000000001
  endloop
endfacet
facet normal 1.0 -1.06143042342891e-013 4.16333634234549e-017
  outer loop
    vertex -12.6591781894724 12.9782911923086 0.875665000000003
    vertex -12.6591781894725 11.6984731153855 1.58623114643319e-015
    vertex -12.6591781894724 12.9782911923086 2.90809043512752e-015
  endloop
endfacet
facet normal 1.06143042342891e-013 1.0 1.02772113597507e-015
  outer loop
    vertex -12.6591781894725 11.6984731153855 1.58623114643319e-015
    vertex -10.6390036719287 11.6984731153853 0.875665000000002
    vertex -10.6390036719287 11.6984731153853 1.67435509901281e-015
  endloop
endfacet
facet normal 1.06143042342891e-013 1.0 1.02772113597507e-015
  outer loop
    vertex -10.6390036719287 11.6984731153853 0.875665000000002
    vertex -12.6591781894725 11.6984731153855 1.58623114643319e-015
    vertex -12.6591781894725 11.6984731153855 0.875665000000001
  endloop
endfacet
facet normal -1.0 1.06143042342891e-013 -4.16333634234549e-017
  outer loop
    vertex -10.6390036719286 12.9782911923083 2.99621438770714e-015
    vertex -10.6390036719287 11.6984731153853 0.875665000000002
    vertex -10.6390036719286 12.9782911923083 0.875665000000003
  endloop
endfacet
facet normal -1.0 1.06143042342891e-013 -4.16333634234549e-017
  outer loop
    vertex -10.6390036719287 11.6984731153853 0.875665000000002
    vertex -10.6390036719286 12.9782911923083 2.99621438770714e-015
    vertex -10.6390036719287 11.6984731153853 1.67435509901281e-015
  endloop
endfacet
facet normal -1.06143042342891e-013 -1.0 -1.02772113597507e-015
  outer loop
    vertex -12.6591781894722 14.8643388846163 0.875665000000005
    vertex -10.6390036719284 14.864338884616 4.93494134445882e-015
    vertex -10.6390036719284 14.864338884616 0.875665000000005
  endloop
endfacet
facet normal -1.06143042342891e-013 -1.0 -1.02772113597507e-015
  outer loop
    vertex -10.6390036719284 14.864338884616 4.93494134445882e-015
    vertex -12.6591781894722 14.8643388846163 0.875665000000005
    vertex -12.6591781894722 14.8643388846163 4.8468173918792e-015
  endloop
endfacet
facet normal 1.0 -1.06143042342891e-013 4.16333634234549e-017
  outer loop
    vertex -12.6591781894724 13.5845208076932 3.52495810318487e-015
    vertex -12.6591781894722 14.8643388846163 0.875665000000005
    vertex -12.6591781894724 13.5845208076932 0.875665000000004
  endloop
endfacet
facet normal 1.0 -1.06143042342891e-013 4.16333634234549e-017
  outer loop
    vertex -12.6591781894722 14.8643388846163 0.875665000000005
    vertex -12.6591781894724 13.5845208076932 3.52495810318487e-015
    vertex -12.6591781894722 14.8643388846163 4.8468173918792e-015
  endloop
endfacet
facet normal 1.06143042342891e-013 1.0 1.02772113597507e-015
  outer loop
    vertex -12.6591781894724 13.5845208076932 3.52495810318487e-015
    vertex -10.6390036719285 13.584520807693 0.875665000000004
    vertex -10.6390036719285 13.584520807693 3.61308205576449e-015
  endloop
endfacet
facet normal 1.06143042342891e-013 1.0 1.02772113597507e-015
  outer loop
    vertex -10.6390036719285 13.584520807693 0.875665000000004
    vertex -12.6591781894724 13.5845208076932 3.52495810318487e-015
    vertex -12.6591781894724 13.5845208076932 0.875665000000004
  endloop
endfacet
facet normal -1.0 1.06143042342891e-013 -4.16333634234549e-017
  outer loop
    vertex -10.6390036719284 14.864338884616 4.93494134445882e-015
    vertex -10.6390036719285 13.584520807693 0.875665000000004
    vertex -10.6390036719284 14.864338884616 0.875665000000005
  endloop
endfacet
facet normal -1.0 1.06143042342891e-013 -4.16333634234549e-017
  outer loop
    vertex -10.6390036719285 13.584520807693 0.875665000000004
    vertex -10.6390036719284 14.864338884616 4.93494134445882e-015
    vertex -10.6390036719285 13.584520807693 3.61308205576449e-015
  endloop
endfacet
facet normal -1.06143042342891e-013 -1.0 -1.02772113597507e-015
  outer loop
    vertex -12.659178189472 16.7503865769239 0.875665000000007
    vertex -10.6390036719282 16.7503865769237 6.8736683012105e-015
    vertex -10.6390036719282 16.7503865769237 0.875665000000007
  endloop
endfacet
facet normal -1.06143042342891e-013 -1.0 -1.02772113597507e-015
  outer loop
    vertex -10.6390036719282 16.7503865769237 6.8736683012105e-015
    vertex -12.659178189472 16.7503865769239 0.875665000000007
    vertex -12.659178189472 16.7503865769239 6.78554434863088e-015
  endloop
endfacet
facet normal 1.0 -1.06143042342891e-013 4.16333634234549e-017
  outer loop
    vertex -12.6591781894722 15.4705685000009 5.46368505993655e-015
    vertex -12.659178189472 16.7503865769239 0.875665000000007
    vertex -12.6591781894722 15.4705685000009 0.875665000000005
  endloop
endfacet
facet normal 1.0 -1.06143042342891e-013 4.16333634234549e-017
  outer loop
    vertex -12.659178189472 16.7503865769239 0.875665000000007
    vertex -12.6591781894722 15.4705685000009 5.46368505993655e-015
    vertex -12.659178189472 16.7503865769239 6.78554434863088e-015
  endloop
endfacet
facet normal 1.06143042342891e-013 1.0 1.02772113597507e-015
  outer loop
    vertex -12.6591781894722 15.4705685000009 5.46368505993655e-015
    vertex -10.6390036719283 15.4705685000007 0.875665000000006
    vertex -10.6390036719283 15.4705685000007 5.55180901251617e-015
  endloop
endfacet
facet normal 1.06143042342891e-013 1.0 1.02772113597507e-015
  outer loop
    vertex -10.6390036719283 15.4705685000007 0.875665000000006
    vertex -12.6591781894722 15.4705685000009 5.46368505993655e-015
    vertex -12.6591781894722 15.4705685000009 0.875665000000005
  endloop
endfacet
facet normal -1.0 1.06143042342891e-013 -4.16333634234549e-017
  outer loop
    vertex -10.6390036719282 16.7503865769237 6.8736683012105e-015
    vertex -10.6390036719283 15.4705685000007 0.875665000000006
    vertex -10.6390036719282 16.7503865769237 0.875665000000007
  endloop
endfacet
facet normal -1.0 1.06143042342891e-013 -4.16333634234549e-017
  outer loop
    vertex -10.6390036719283 15.4705685000007 0.875665000000006
    vertex -10.6390036719282 16.7503865769237 6.8736683012105e-015
    vertex -10.6390036719283 15.4705685000007 5.55180901251617e-015
  endloop
endfacet
facet normal 1.06143042342891e-013 1.0 1.02772113597507e-015
  outer loop
    vertex -9.89392029473591 9.81242542307749 -2.64371857738865e-016
    vertex -7.87374577719205 9.81242542307728 0.875665
    vertex -7.87374577719205 9.81242542307728 -1.76247905159244e-016
  endloop
endfacet
facet normal 1.06143042342891e-013 1.0 1.02772113597507e-015
  outer loop
    vertex -7.87374577719205 9.81242542307728 0.875665
    vertex -9.89392029473591 9.81242542307749 -2.64371857738865e-016
    vertex -9.89392029473591 9.81242542307749 0.875665
  endloop
endfacet
facet normal -1.0 1.06143042342891e-013 -4.16333634234549e-017
  outer loop
    vertex -7.87374577719191 11.0922435000004 1.14561138353508e-015
    vertex -7.87374577719205 9.81242542307728 0.875665
    vertex -7.87374577719191 11.0922435000004 0.875665000000001
  endloop
endfacet
facet normal -1.0 1.06143042342891e-013 -4.16333634234549e-017
  outer loop
    vertex -7.87374577719205 9.81242542307728 0.875665
    vertex -7.87374577719191 11.0922435000004 1.14561138353508e-015
    vertex -7.87374577719205 9.81242542307728 -1.76247905159244e-016
  endloop
endfacet
facet normal -1.06143042342891e-013 -1.0 -1.02772113597507e-015
  outer loop
    vertex -9.89392029473577 11.0922435000006 0.875665000000001
    vertex -7.87374577719191 11.0922435000004 1.14561138353508e-015
    vertex -7.87374577719191 11.0922435000004 0.875665000000001
  endloop
endfacet
facet normal -1.06143042342891e-013 -1.0 -1.02772113597507e-015
  outer loop
    vertex -7.87374577719191 11.0922435000004 1.14561138353508e-015
    vertex -9.89392029473577 11.0922435000006 0.875665000000001
    vertex -9.89392029473577 11.0922435000006 1.05748743095546e-015
  endloop
endfacet
facet normal 1.0 -1.06143042342891e-013 4.16333634234549e-017
  outer loop
    vertex -9.89392029473591 9.81242542307749 -2.64371857738865e-016
    vertex -9.89392029473577 11.0922435000006 0.875665000000001
    vertex -9.89392029473591 9.81242542307749 0.875665
  endloop
endfacet
facet normal 1.0 -1.06143042342891e-013 4.16333634234549e-017
  outer loop
    vertex -9.89392029473577 11.0922435000006 0.875665000000001
    vertex -9.89392029473591 9.81242542307749 -2.64371857738865e-016
    vertex -9.89392029473577 11.0922435000006 1.05748743095546e-015
  endloop
endfacet
facet normal 1.06143042342891e-013 1.0 1.02772113597507e-015
  outer loop
    vertex -9.89392029473571 11.6984731153852 -4.40619762898109e-016
    vertex -7.87374577719185 11.698473115385 0.875665000000002
    vertex -7.87374577719185 11.698473115385 -3.52495810318487e-016
  endloop
endfacet
facet normal 1.06143042342891e-013 1.0 1.02772113597507e-015
  outer loop
    vertex -7.87374577719185 11.698473115385 0.875665000000002
    vertex -9.89392029473571 11.6984731153852 -4.40619762898109e-016
    vertex -9.89392029473571 11.6984731153852 0.875665000000002
  endloop
endfacet
facet normal -1.0 1.06143042342891e-013 -4.16333634234549e-017
  outer loop
    vertex -7.87374577719172 12.9782911923081 9.6936347837584e-016
    vertex -7.87374577719185 11.698473115385 0.875665000000002
    vertex -7.87374577719172 12.9782911923081 0.875665000000003
  endloop
endfacet
facet normal -1.0 1.06143042342891e-013 -4.16333634234549e-017
  outer loop
    vertex -7.87374577719185 11.698473115385 0.875665000000002
    vertex -7.87374577719172 12.9782911923081 9.6936347837584e-016
    vertex -7.87374577719185 11.698473115385 -3.52495810318487e-016
  endloop
endfacet
facet normal -1.06143042342891e-013 -1.0 -1.02772113597507e-015
  outer loop
    vertex -9.89392029473557 12.9782911923083 0.875665000000003
    vertex -7.87374577719172 12.9782911923081 9.6936347837584e-016
    vertex -7.87374577719172 12.9782911923081 0.875665000000003
  endloop
endfacet
facet normal -1.06143042342891e-013 -1.0 -1.02772113597507e-015
  outer loop
    vertex -7.87374577719172 12.9782911923081 9.6936347837584e-016
    vertex -9.89392029473557 12.9782911923083 0.875665000000003
    vertex -9.89392029473557 12.9782911923083 8.81239525796218e-016
  endloop
endfacet
facet normal 1.0 -1.06143042342891e-013 4.16333634234549e-017
  outer loop
    vertex -9.89392029473571 11.6984731153852 -4.40619762898109e-016
    vertex -9.89392029473557 12.9782911923083 0.875665000000003
    vertex -9.89392029473571 11.6984731153852 0.875665000000002
  endloop
endfacet
facet normal 1.0 -1.06143042342891e-013 4.16333634234549e-017
  outer loop
    vertex -9.89392029473557 12.9782911923083 0.875665000000003
    vertex -9.89392029473571 11.6984731153852 -4.40619762898109e-016
    vertex -9.89392029473557 12.9782911923083 8.81239525796218e-016
  endloop
endfacet
facet normal 1.06143042342891e-013 1.0 1.02772113597507e-015
  outer loop
    vertex -9.89392029473551 13.5845208076929 3.61308205576449e-015
    vertex -7.87374577719165 13.5845208076927 0.875665000000004
    vertex -7.87374577719165 13.5845208076927 3.70120600834412e-015
  endloop
endfacet
facet normal 1.06143042342891e-013 1.0 1.02772113597507e-015
  outer loop
    vertex -7.87374577719165 13.5845208076927 0.875665000000004
    vertex -9.89392029473551 13.5845208076929 3.61308205576449e-015
    vertex -9.89392029473551 13.5845208076929 0.875665000000004
  endloop
endfacet
facet normal -1.0 1.06143042342891e-013 -4.16333634234549e-017
  outer loop
    vertex -7.87374577719152 14.8643388846157 5.02306529703844e-015
    vertex -7.87374577719165 13.5845208076927 0.875665000000004
    vertex -7.87374577719152 14.8643388846157 0.875665000000005
  endloop
endfacet
facet normal -1.0 1.06143042342891e-013 -4.16333634234549e-017
  outer loop
    vertex -7.87374577719165 13.5845208076927 0.875665000000004
    vertex -7.87374577719152 14.8643388846157 5.02306529703844e-015
    vertex -7.87374577719165 13.5845208076927 3.70120600834412e-015
  endloop
endfacet
facet normal -1.06143042342891e-013 -1.0 -1.02772113597507e-015
  outer loop
    vertex -9.89392029473537 14.864338884616 0.875665000000005
    vertex -7.87374577719152 14.8643388846157 5.02306529703844e-015
    vertex -7.87374577719152 14.8643388846157 0.875665000000005
  endloop
endfacet
facet normal -1.06143042342891e-013 -1.0 -1.02772113597507e-015
  outer loop
    vertex -7.87374577719152 14.8643388846157 5.02306529703844e-015
    vertex -9.89392029473537 14.864338884616 0.875665000000005
    vertex -9.89392029473537 14.864338884616 4.93494134445882e-015
  endloop
endfacet
facet normal 1.0 -1.06143042342891e-013 4.16333634234549e-017
  outer loop
    vertex -9.89392029473551 13.5845208076929 3.61308205576449e-015
    vertex -9.89392029473537 14.864338884616 0.875665000000005
    vertex -9.89392029473551 13.5845208076929 0.875665000000004
  endloop
endfacet
facet normal 1.0 -1.06143042342891e-013 4.16333634234549e-017
  outer loop
    vertex -9.89392029473537 14.864338884616 0.875665000000005
    vertex -9.89392029473551 13.5845208076929 3.61308205576449e-015
    vertex -9.89392029473537 14.864338884616 4.93494134445882e-015
  endloop
endfacet
facet normal 1.06143042342891e-013 1.0 1.02772113597507e-015
  outer loop
    vertex -9.89392029473531 15.4705685000006 5.55180901251617e-015
    vertex -7.87374577719145 15.4705685000004 0.875665000000006
    vertex -7.87374577719145 15.4705685000004 5.63993296509579e-015
  endloop
endfacet
facet normal 1.06143042342891e-013 1.0 1.02772113597507e-015
  outer loop
    vertex -7.87374577719145 15.4705685000004 0.875665000000006
    vertex -9.89392029473531 15.4705685000006 5.55180901251617e-015
    vertex -9.89392029473531 15.4705685000006 0.875665000000006
  endloop
endfacet
facet normal -1.0 1.06143042342891e-013 -4.16333634234549e-017
  outer loop
    vertex -7.87374577719132 16.7503865769234 6.96179225379012e-015
    vertex -7.87374577719145 15.4705685000004 0.875665000000006
    vertex -7.87374577719132 16.7503865769234 0.875665000000007
  endloop
endfacet
facet normal -1.0 1.06143042342891e-013 -4.16333634234549e-017
  outer loop
    vertex -7.87374577719145 15.4705685000004 0.875665000000006
    vertex -7.87374577719132 16.7503865769234 6.96179225379012e-015
    vertex -7.87374577719145 15.4705685000004 5.63993296509579e-015
  endloop
endfacet
facet normal -1.06143042342891e-013 -1.0 -1.02772113597507e-015
  outer loop
    vertex -9.89392029473517 16.7503865769236 0.875665000000007
    vertex -7.87374577719132 16.7503865769234 6.96179225379012e-015
    vertex -7.87374577719132 16.7503865769234 0.875665000000007
  endloop
endfacet
facet normal -1.06143042342891e-013 -1.0 -1.02772113597507e-015
  outer loop
    vertex -7.87374577719132 16.7503865769234 6.96179225379012e-015
    vertex -9.89392029473517 16.7503865769236 0.875665000000007
    vertex -9.89392029473517 16.7503865769237 6.8736683012105e-015
  endloop
endfacet
facet normal 1.0 -1.06143042342891e-013 4.16333634234549e-017
  outer loop
    vertex -9.89392029473531 15.4705685000006 5.55180901251617e-015
    vertex -9.89392029473517 16.7503865769236 0.875665000000007
    vertex -9.89392029473531 15.4705685000006 0.875665000000006
  endloop
endfacet
facet normal 1.0 -1.06143042342891e-013 4.16333634234549e-017
  outer loop
    vertex -9.89392029473517 16.7503865769236 0.875665000000007
    vertex -9.89392029473531 15.4705685000006 5.55180901251617e-015
    vertex -9.89392029473517 16.7503865769237 6.8736683012105e-015
  endloop
endfacet
facet normal -1.06143042342891e-013 -1.0 -1.02772113597507e-015
  outer loop
    vertex -7.12866239999893 11.0922435000003 0.875665000000001
    vertex -5.25443204912174 11.0922435000001 1.32185928869433e-015
    vertex -5.25443204912174 11.0922435000001 0.875665000000001
  endloop
endfacet
facet normal -1.06143042342891e-013 -1.0 -1.02772113597507e-015
  outer loop
    vertex -5.25443204912174 11.0922435000001 1.32185928869433e-015
    vertex -7.12866239999893 11.0922435000003 0.875665000000001
    vertex -7.12866239999893 11.0922435000003 1.23373533611471e-015
  endloop
endfacet
facet normal 1.0 -1.06143042342891e-013 4.16333634234549e-017
  outer loop
    vertex -7.12866239999907 9.8124254230772 -8.81239525796218e-017
    vertex -7.12866239999893 11.0922435000003 0.875665000000001
    vertex -7.12866239999907 9.8124254230772 0.875665
  endloop
endfacet
facet normal 1.0 -1.06143042342891e-013 4.16333634234549e-017
  outer loop
    vertex -7.12866239999893 11.0922435000003 0.875665000000001
    vertex -7.12866239999907 9.8124254230772 -8.81239525796218e-017
    vertex -7.12866239999893 11.0922435000003 1.23373533611471e-015
  endloop
endfacet
facet normal 1.06143042342891e-013 1.0 1.02772113597507e-015
  outer loop
    vertex -7.12866239999907 9.8124254230772 -8.81239525796218e-017
    vertex -5.25443204912188 9.812425423077 0.875665
    vertex -5.25443204912188 9.812425423077 0.0
  endloop
endfacet
facet normal 1.06143042342891e-013 1.0 1.02772113597507e-015
  outer loop
    vertex -5.25443204912188 9.812425423077 0.875665
    vertex -7.12866239999907 9.8124254230772 -8.81239525796218e-017
    vertex -7.12866239999907 9.8124254230772 0.875665
  endloop
endfacet
facet normal -1.0 1.06143042342891e-013 -4.16333634234549e-017
  outer loop
    vertex -5.25443204912174 11.0922435000001 1.32185928869433e-015
    vertex -5.25443204912188 9.812425423077 0.875665
    vertex -5.25443204912174 11.0922435000001 0.875665000000001
  endloop
endfacet
facet normal -1.0 1.06143042342891e-013 -4.16333634234549e-017
  outer loop
    vertex -5.25443204912188 9.812425423077 0.875665
    vertex -5.25443204912174 11.0922435000001 1.32185928869433e-015
    vertex -5.25443204912188 9.812425423077 0.0
  endloop
endfacet
facet normal -1.06143042342891e-013 -1.0 -1.02772113597507e-015
  outer loop
    vertex -7.12866239999873 12.978291192308 0.875665000000003
    vertex -5.25443204912154 12.9782911923078 5.37556110735693e-015
    vertex -5.25443204912154 12.9782911923078 0.875665000000003
  endloop
endfacet
facet normal -1.06143042342891e-013 -1.0 -1.02772113597507e-015
  outer loop
    vertex -5.25443204912154 12.9782911923078 5.37556110735693e-015
    vertex -7.12866239999873 12.978291192308 0.875665000000003
    vertex -7.12866239999873 12.978291192308 5.28743715477731e-015
  endloop
endfacet
facet normal 1.0 -1.06143042342891e-013 4.16333634234549e-017
  outer loop
    vertex -7.12866239999887 11.6984731153849 3.96557786608298e-015
    vertex -7.12866239999873 12.978291192308 0.875665000000003
    vertex -7.12866239999887 11.6984731153849 0.875665000000002
  endloop
endfacet
facet normal 1.0 -1.06143042342891e-013 4.16333634234549e-017
  outer loop
    vertex -7.12866239999873 12.978291192308 0.875665000000003
    vertex -7.12866239999887 11.6984731153849 3.96557786608298e-015
    vertex -7.12866239999873 12.978291192308 5.28743715477731e-015
  endloop
endfacet
facet normal 1.06143042342891e-013 1.0 1.02772113597507e-015
  outer loop
    vertex -7.12866239999887 11.6984731153849 3.96557786608298e-015
    vertex -5.25443204912167 11.6984731153847 0.875665000000002
    vertex -5.25443204912167 11.6984731153847 4.0537018186626e-015
  endloop
endfacet
facet normal 1.06143042342891e-013 1.0 1.02772113597507e-015
  outer loop
    vertex -5.25443204912167 11.6984731153847 0.875665000000002
    vertex -7.12866239999887 11.6984731153849 3.96557786608298e-015
    vertex -7.12866239999887 11.6984731153849 0.875665000000002
  endloop
endfacet
facet normal -1.0 1.06143042342891e-013 -4.16333634234549e-017
  outer loop
    vertex -5.25443204912154 12.9782911923078 5.37556110735693e-015
    vertex -5.25443204912167 11.6984731153847 0.875665000000002
    vertex -5.25443204912154 12.9782911923078 0.875665000000003
  endloop
endfacet
facet normal -1.0 1.06143042342891e-013 -4.16333634234549e-017
  outer loop
    vertex -5.25443204912167 11.6984731153847 0.875665000000002
    vertex -5.25443204912154 12.9782911923078 5.37556110735693e-015
    vertex -5.25443204912167 11.6984731153847 4.0537018186626e-015
  endloop
endfacet
facet normal -1.06143042342891e-013 -1.0 -1.02772113597507e-015
  outer loop
    vertex -7.12866239999853 14.8643388846157 0.875665000000005
    vertex -5.25443204912134 14.8643388846155 5.19931320219769e-015
    vertex -5.25443204912134 14.8643388846155 0.875665000000005
  endloop
endfacet
facet normal -1.06143042342891e-013 -1.0 -1.02772113597507e-015
  outer loop
    vertex -5.25443204912134 14.8643388846155 5.19931320219769e-015
    vertex -7.12866239999853 14.8643388846157 0.875665000000005
    vertex -7.12866239999853 14.8643388846157 5.11118924961806e-015
  endloop
endfacet
facet normal 1.0 -1.06143042342891e-013 4.16333634234549e-017
  outer loop
    vertex -7.12866239999867 13.5845208076926 3.78932996092374e-015
    vertex -7.12866239999853 14.8643388846157 0.875665000000005
    vertex -7.12866239999867 13.5845208076926 0.875665000000004
  endloop
endfacet
facet normal 1.0 -1.06143042342891e-013 4.16333634234549e-017
  outer loop
    vertex -7.12866239999853 14.8643388846157 0.875665000000005
    vertex -7.12866239999867 13.5845208076926 3.78932996092374e-015
    vertex -7.12866239999853 14.8643388846157 5.11118924961806e-015
  endloop
endfacet
facet normal 1.06143042342891e-013 1.0 1.02772113597507e-015
  outer loop
    vertex -7.12866239999867 13.5845208076926 3.78932996092374e-015
    vertex -5.25443204912147 13.5845208076924 0.875665000000004
    vertex -5.25443204912147 13.5845208076924 3.87745391350336e-015
  endloop
endfacet
facet normal 1.06143042342891e-013 1.0 1.02772113597507e-015
  outer loop
    vertex -5.25443204912147 13.5845208076924 0.875665000000004
    vertex -7.12866239999867 13.5845208076926 3.78932996092374e-015
    vertex -7.12866239999867 13.5845208076926 0.875665000000004
  endloop
endfacet
facet normal -1.0 1.06143042342891e-013 -4.16333634234549e-017
  outer loop
    vertex -5.25443204912134 14.8643388846155 5.19931320219769e-015
    vertex -5.25443204912147 13.5845208076924 0.875665000000004
    vertex -5.25443204912134 14.8643388846155 0.875665000000005
  endloop
endfacet
facet normal -1.0 1.06143042342891e-013 -4.16333634234549e-017
  outer loop
    vertex -5.25443204912147 13.5845208076924 0.875665000000004
    vertex -5.25443204912134 14.8643388846155 5.19931320219769e-015
    vertex -5.25443204912147 13.5845208076924 3.87745391350336e-015
  endloop
endfacet
facet normal -1.06143042342891e-013 -1.0 -1.02772113597507e-015
  outer loop
    vertex -7.03847678598333 16.7503865769233 0.875665000000007
    vertex -5.25443204912114 16.7503865769232 7.13804015894937e-015
    vertex -5.25443204912114 16.7503865769232 0.875665000000007
  endloop
endfacet
facet normal -1.06143042342891e-013 -1.0 -1.02772113597507e-015
  outer loop
    vertex -5.25443204912114 16.7503865769232 7.13804015894937e-015
    vertex -7.03847678598333 16.7503865769233 0.875665000000007
    vertex -7.03847678598333 16.7503865769233 7.04991620636974e-015
  endloop
endfacet
facet normal 1.0 -1.06143042342891e-013 4.16333634234549e-017
  outer loop
    vertex -7.03847678598347 15.4705685000003 5.72805691767542e-015
    vertex -7.03847678598333 16.7503865769233 0.875665000000007
    vertex -7.03847678598347 15.4705685000003 0.875665000000006
  endloop
endfacet
facet normal 1.0 -1.06143042342891e-013 4.16333634234549e-017
  outer loop
    vertex -7.03847678598333 16.7503865769233 0.875665000000007
    vertex -7.03847678598347 15.4705685000003 5.72805691767542e-015
    vertex -7.03847678598333 16.7503865769233 7.04991620636974e-015
  endloop
endfacet
facet normal 1.06143042342891e-013 1.0 1.02772113597507e-015
  outer loop
    vertex -7.03847678598347 15.4705685000003 5.72805691767542e-015
    vertex -5.25443204912127 15.4705685000001 0.875665000000006
    vertex -5.25443204912127 15.4705685000001 5.81618087025504e-015
  endloop
endfacet
facet normal 1.06143042342891e-013 1.0 1.02772113597507e-015
  outer loop
    vertex -5.25443204912127 15.4705685000001 0.875665000000006
    vertex -7.03847678598347 15.4705685000003 5.72805691767542e-015
    vertex -7.03847678598347 15.4705685000003 0.875665000000006
  endloop
endfacet
facet normal -1.0 1.06143042342891e-013 -4.16333634234549e-017
  outer loop
    vertex -5.25443204912114 16.7503865769232 7.13804015894937e-015
    vertex -5.25443204912127 15.4705685000001 0.875665000000006
    vertex -5.25443204912114 16.7503865769232 0.875665000000007
  endloop
endfacet
facet normal -1.0 1.06143042342891e-013 -4.16333634234549e-017
  outer loop
    vertex -5.25443204912127 15.4705685000001 0.875665000000006
    vertex -5.25443204912114 16.7503865769232 7.13804015894937e-015
    vertex -5.25443204912127 15.4705685000001 5.81618087025504e-015
  endloop
endfacet
facet normal -5.51421820446174e-016 2.22044604925031e-016 1.0
  outer loop
    vertex 34.8011000388396 -1.12776991823655 0.875665000000002
    vertex 34.1967299611604 -1.12776991823655 0.875665000000001
    vertex 34.498915 -1.16755333333333 0.875665000000002
  endloop
endfacet
facet normal -5.51421820446174e-016 2.22044604925031e-016 1.0
  outer loop
    vertex 34.1967299611604 -1.12776991823655 0.875665000000001
    vertex 34.8011000388396 -1.12776991823655 0.875665000000002
    vertex 35.0826916666667 -1.01113084693986 0.875665000000002
  endloop
endfacet
facet normal -5.51421820446174e-016 2.22044604925031e-016 1.0
  outer loop
    vertex 34.1967299611604 -1.12776991823655 0.875665000000001
    vertex 35.0826916666667 -1.01113084693986 0.875665000000002
    vertex 29.8287016666667 -0.583776666666661 0.875664999999999
  endloop
endfacet
facet normal -5.51421820446174e-016 2.22044604925031e-016 1.0
  outer loop
    vertex 29.8287016666667 -0.583776666666661 0.875664999999999
    vertex 35.0826916666667 -1.01113084693986 0.875665000000002
    vertex 35.324499879397 -0.825584879396949 0.875665000000002
  endloop
endfacet
facet normal -5.51421820446174e-016 2.22044604925031e-016 1.0
  outer loop
    vertex 29.8287016666667 -0.583776666666661 0.875664999999999
    vertex 35.324499879397 -0.825584879396949 0.875665000000002
    vertex 35.5100458469399 -0.583776666666658 0.875665000000002
  endloop
endfacet
facet normal -5.51421820446174e-016 2.22044604925031e-016 1.0
  outer loop
    vertex 29.8287016666667 -0.583776666666661 0.875664999999999
    vertex 35.5100458469399 -0.583776666666658 0.875665000000002
    vertex 29.8287016666667 0.583776666666672 0.875664999999998
  endloop
endfacet
facet normal -5.51421820446174e-016 2.22044604925031e-016 1.0
  outer loop
    vertex 29.8287016666667 0.583776666666672 0.875664999999998
    vertex 35.5100458469399 -0.583776666666658 0.875665000000002
    vertex 35.6266849182365 -0.30218503883959 0.875665000000002
  endloop
endfacet
facet normal -5.51421820446174e-016 2.22044604925031e-016 1.0
  outer loop
    vertex 29.8287016666667 0.583776666666672 0.875664999999998
    vertex 35.6266849182365 -0.30218503883959 0.875665000000002
    vertex 35.6664683333333 8.98864316312142e-015 0.875665000000002
  endloop
endfacet
facet normal -5.51421820446174e-016 2.22044604925031e-016 1.0
  outer loop
    vertex 29.8287016666667 0.583776666666672 0.875664999999998
    vertex 35.6664683333333 8.98864316312142e-015 0.875665000000002
    vertex 35.6266849182365 0.302185038839608 0.875665000000002
  endloop
endfacet
facet normal -5.51421820446174e-016 2.22044604925031e-016 1.0
  outer loop
    vertex 29.8287016666667 0.583776666666672 0.875664999999998
    vertex 35.6266849182365 0.302185038839608 0.875665000000002
    vertex 35.5100458469399 0.583776666666675 0.875665000000002
  endloop
endfacet
facet normal -5.51421820446174e-016 2.22044604925031e-016 1.0
  outer loop
    vertex 29.8287016666667 0.583776666666672 0.875664999999998
    vertex 35.5100458469399 0.583776666666675 0.875665000000002
    vertex 34.1967299611604 1.12776991823656 0.875665000000001
  endloop
endfacet
facet normal -5.51421820446174e-016 2.22044604925031e-016 1.0
  outer loop
    vertex 34.1967299611604 1.12776991823656 0.875665000000001
    vertex 35.5100458469399 0.583776666666675 0.875665000000002
    vertex 35.324499879397 0.825584879396966 0.875665000000002
  endloop
endfacet
facet normal -5.51421820446174e-016 2.22044604925031e-016 1.0
  outer loop
    vertex 34.1967299611604 1.12776991823656 0.875665000000001
    vertex 35.324499879397 0.825584879396966 0.875665000000002
    vertex 35.0826916666667 1.01113084693988 0.875665000000001
  endloop
endfacet
facet normal -5.51421820446174e-016 2.22044604925031e-016 1.0
  outer loop
    vertex 34.1967299611604 1.12776991823656 0.875665000000001
    vertex 35.0826916666667 1.01113084693988 0.875665000000001
    vertex 34.8011000388396 1.12776991823656 0.875665000000001
  endloop
endfacet
facet normal -5.51421820446174e-016 2.22044604925031e-016 1.0
  outer loop
    vertex 34.1967299611604 1.12776991823656 0.875665000000001
    vertex 34.8011000388396 1.12776991823656 0.875665000000001
    vertex 34.498915 1.16755333333334 0.875665000000001
  endloop
endfacet
facet normal -0.123585048944393 0.992333983937571 -2.91484792462843e-016
  outer loop
    vertex 34.1967299611604 1.12776991823656 0.875665000000001
    vertex 29.8287016666667 0.583776666666672 -1.23373533611471e-015
    vertex 29.8287016666667 0.583776666666672 0.875664999999998
  endloop
endfacet
facet normal -0.123585048944393 0.992333983937571 -2.91484792462843e-016
  outer loop
    vertex 29.8287016666667 0.583776666666672 -1.23373533611471e-015
    vertex 34.1967299611604 1.12776991823656 0.875665000000001
    vertex 34.1967299611604 1.12776991823656 1.05748743095546e-015
  endloop
endfacet
facet normal 0.923879532511286 -0.382683432365091 6.16808915735851e-016
  outer loop
    vertex 35.5100458469399 -0.583776666666658 2.11497486191092e-015
    vertex 35.6266849182365 -0.30218503883959 0.875665000000002
    vertex 35.5100458469399 -0.583776666666658 0.875665000000002
  endloop
endfacet
facet normal 0.923879532511286 -0.382683432365091 6.16808915735851e-016
  outer loop
    vertex 35.6266849182365 -0.30218503883959 0.875665000000002
    vertex 35.5100458469399 -0.583776666666658 2.11497486191092e-015
    vertex 35.6266849182365 -0.302185038839591 2.11497486191092e-015
  endloop
endfacet
facet normal 0.793353340291237 -0.608761429008719 5.91870224412224e-016
  outer loop
    vertex 35.324499879397 -0.825584879396949 2.11497486191092e-015
    vertex 35.5100458469399 -0.583776666666658 0.875665000000002
    vertex 35.324499879397 -0.825584879396949 0.875665000000002
  endloop
endfacet
facet normal 0.793353340291237 -0.608761429008719 5.91870224412224e-016
  outer loop
    vertex 35.5100458469399 -0.583776666666658 0.875665000000002
    vertex 35.324499879397 -0.825584879396949 2.11497486191092e-015
    vertex 35.5100458469399 -0.583776666666658 2.11497486191092e-015
  endloop
endfacet
facet normal 0.608761429008722 -0.793353340291234 5.26596555406696e-016
  outer loop
    vertex 35.324499879397 -0.825584879396949 2.11497486191092e-015
    vertex 35.0826916666667 -1.01113084693986 0.875665000000002
    vertex 35.0826916666667 -1.01113084693986 2.11497486191092e-015
  endloop
endfacet
facet normal 0.608761429008722 -0.793353340291234 5.26596555406696e-016
  outer loop
    vertex 35.0826916666667 -1.01113084693986 0.875665000000002
    vertex 35.324499879397 -0.825584879396949 2.11497486191092e-015
    vertex 35.324499879397 -0.825584879396949 0.875665000000002
  endloop
endfacet
facet normal 0.38268343236509 -0.923879532511287 4.25436201392155e-016
  outer loop
    vertex 35.0826916666667 -1.01113084693986 2.11497486191092e-015
    vertex 34.8011000388396 -1.12776991823655 0.875665000000002
    vertex 34.8011000388396 -1.12776991823655 1.93872695675168e-015
  endloop
endfacet
facet normal 0.38268343236509 -0.923879532511287 4.25436201392155e-016
  outer loop
    vertex 34.8011000388396 -1.12776991823655 0.875665000000002
    vertex 35.0826916666667 -1.01113084693986 2.11497486191092e-015
    vertex 35.0826916666667 -1.01113084693986 0.875665000000002
  endloop
endfacet
facet normal 0.130526192220052 -0.99144486137381 2.95283073319305e-016
  outer loop
    vertex 34.8011000388396 -1.12776991823655 1.93872695675168e-015
    vertex 34.498915 -1.16755333333333 0.875665000000002
    vertex 34.498915 -1.16755333333333 1.76247905159244e-015
  endloop
endfacet
facet normal 0.130526192220052 -0.99144486137381 2.95283073319305e-016
  outer loop
    vertex 34.498915 -1.16755333333333 0.875665000000002
    vertex 34.8011000388396 -1.12776991823655 1.93872695675168e-015
    vertex 34.8011000388396 -1.12776991823655 0.875665000000002
  endloop
endfacet
facet normal -0.130526192220051 -0.99144486137381 1.45006891778095e-016
  outer loop
    vertex 34.498915 -1.16755333333333 1.76247905159244e-015
    vertex 34.1967299611604 -1.12776991823655 0.875665000000001
    vertex 34.1967299611604 -1.12776991823655 1.58623114643319e-015
  endloop
endfacet
facet normal -0.130526192220051 -0.99144486137381 1.45006891778095e-016
  outer loop
    vertex 34.1967299611604 -1.12776991823655 0.875665000000001
    vertex 34.498915 -1.16755333333333 1.76247905159244e-015
    vertex 34.498915 -1.16755333333333 0.875665000000002
  endloop
endfacet
facet normal -0.123585048944393 -0.992333983937571 1.49200022371358e-016
  outer loop
    vertex 29.8287016666667 -0.583776666666661 -1.05748743095546e-015
    vertex 34.1967299611604 -1.12776991823655 0.875665000000001
    vertex 29.8287016666667 -0.583776666666661 0.875664999999999
  endloop
endfacet
facet normal -0.123585048944393 -0.992333983937571 1.49200022371358e-016
  outer loop
    vertex 34.1967299611604 -1.12776991823655 0.875665000000001
    vertex 29.8287016666667 -0.583776666666661 -1.05748743095546e-015
    vertex 34.1967299611604 -1.12776991823655 1.58623114643319e-015
  endloop
endfacet
facet normal -0.130526192220053 0.99144486137381 -2.95283073319306e-016
  outer loop
    vertex 34.498915 1.16755333333334 0.875665000000001
    vertex 34.1967299611604 1.12776991823656 1.05748743095546e-015
    vertex 34.1967299611604 1.12776991823656 0.875665000000001
  endloop
endfacet
facet normal -0.130526192220053 0.99144486137381 -2.95283073319306e-016
  outer loop
    vertex 34.1967299611604 1.12776991823656 1.05748743095546e-015
    vertex 34.498915 1.16755333333334 0.875665000000001
    vertex 34.498915 1.16755333333334 1.23373533611471e-015
  endloop
endfacet
facet normal 0.130526192220051 0.99144486137381 -1.45006891778096e-016
  outer loop
    vertex 34.8011000388396 1.12776991823656 0.875665000000001
    vertex 34.498915 1.16755333333334 1.23373533611471e-015
    vertex 34.498915 1.16755333333334 0.875665000000001
  endloop
endfacet
facet normal 0.130526192220051 0.99144486137381 -1.45006891778096e-016
  outer loop
    vertex 34.498915 1.16755333333334 1.23373533611471e-015
    vertex 34.8011000388396 1.12776991823656 0.875665000000001
    vertex 34.8011000388396 1.12776991823656 1.40998324127395e-015
  endloop
endfacet
facet normal 0.382683432365088 0.923879532511287 1.51512698025724e-017
  outer loop
    vertex 35.0826916666667 1.01113084693988 0.875665000000001
    vertex 34.8011000388396 1.12776991823656 1.40998324127395e-015
    vertex 34.8011000388396 1.12776991823656 0.875665000000001
  endloop
endfacet
facet normal 0.382683432365088 0.923879532511287 1.51512698025724e-017
  outer loop
    vertex 34.8011000388396 1.12776991823656 1.40998324127395e-015
    vertex 35.0826916666667 1.01113084693988 0.875665000000001
    vertex 35.0826916666667 1.01113084693988 1.58623114643319e-015
  endloop
endfacet
facet normal 0.60876142900872 0.793353340291236 1.74276897384853e-016
  outer loop
    vertex 35.324499879397 0.825584879396966 0.875665000000002
    vertex 35.0826916666667 1.01113084693988 1.58623114643319e-015
    vertex 35.0826916666667 1.01113084693988 0.875665000000001
  endloop
endfacet
facet normal 0.60876142900872 0.793353340291236 1.74276897384853e-016
  outer loop
    vertex 35.0826916666667 1.01113084693988 1.58623114643319e-015
    vertex 35.324499879397 0.825584879396966 0.875665000000002
    vertex 35.324499879397 0.825584879396966 1.76247905159244e-015
  endloop
endfacet
facet normal 0.793353340291234 0.608761429008722 3.21525842416545e-016
  outer loop
    vertex 35.5100458469399 0.583776666666674 1.93872695675168e-015
    vertex 35.324499879397 0.825584879396966 0.875665000000002
    vertex 35.5100458469399 0.583776666666675 0.875665000000002
  endloop
endfacet
facet normal 0.793353340291234 0.608761429008722 3.21525842416545e-016
  outer loop
    vertex 35.324499879397 0.825584879396966 0.875665000000002
    vertex 35.5100458469399 0.583776666666674 1.93872695675168e-015
    vertex 35.324499879397 0.825584879396966 1.76247905159244e-015
  endloop
endfacet
facet normal 0.923879532511287 0.38268343236509 4.46863332634128e-016
  outer loop
    vertex 35.6266849182365 0.302185038839608 2.11497486191092e-015
    vertex 35.5100458469399 0.583776666666675 0.875665000000002
    vertex 35.6266849182365 0.302185038839608 0.875665000000002
  endloop
endfacet
facet normal 0.923879532511287 0.38268343236509 4.46863332634128e-016
  outer loop
    vertex 35.5100458469399 0.583776666666675 0.875665000000002
    vertex 35.6266849182365 0.302185038839608 2.11497486191092e-015
    vertex 35.5100458469399 0.583776666666674 1.93872695675168e-015
  endloop
endfacet
facet normal 0.99144486137381 0.130526192220054 5.41747825209268e-016
  outer loop
    vertex 35.6664683333333 8.81239525796218e-015 2.11497486191092e-015
    vertex 35.6266849182365 0.302185038839608 0.875665000000002
    vertex 35.6664683333333 8.98864316312142e-015 0.875665000000002
  endloop
endfacet
facet normal 0.99144486137381 0.130526192220054 5.41747825209268e-016
  outer loop
    vertex 35.6266849182365 0.302185038839608 0.875665000000002
    vertex 35.6664683333333 8.81239525796218e-015 2.11497486191092e-015
    vertex 35.6266849182365 0.302185038839608 2.11497486191092e-015
  endloop
endfacet
facet normal 0.991444861373811 -0.13052619222005 5.99713098777009e-016
  outer loop
    vertex 35.6266849182365 -0.302185038839591 2.11497486191092e-015
    vertex 35.6664683333333 8.98864316312142e-015 0.875665000000002
    vertex 35.6266849182365 -0.30218503883959 0.875665000000002
  endloop
endfacet
facet normal 0.991444861373811 -0.13052619222005 5.99713098777009e-016
  outer loop
    vertex 35.6664683333333 8.98864316312142e-015 0.875665000000002
    vertex 35.6266849182365 -0.302185038839591 2.11497486191092e-015
    vertex 35.6664683333333 8.81239525796218e-015 2.11497486191092e-015
  endloop
endfacet
facet normal 5.7565527265157e-016 -2.22044604925031e-016 -1.0
  outer loop
    vertex 34.1967299611604 -1.12776991823655 1.58623114643319e-015
    vertex 34.8011000388396 -1.12776991823655 1.93872695675168e-015
    vertex 34.498915 -1.16755333333333 1.76247905159244e-015
  endloop
endfacet
facet normal 5.7565527265157e-016 -2.22044604925031e-016 -1.0
  outer loop
    vertex 34.8011000388396 -1.12776991823655 1.93872695675168e-015
    vertex 34.1967299611604 -1.12776991823655 1.58623114643319e-015
    vertex 35.0826916666667 -1.01113084693986 2.11497486191092e-015
  endloop
endfacet
facet normal 5.7565527265157e-016 -2.22044604925031e-016 -1.0
  outer loop
    vertex 35.0826916666667 -1.01113084693986 2.11497486191092e-015
    vertex 34.1967299611604 -1.12776991823655 1.58623114643319e-015
    vertex 29.8287016666667 -0.583776666666661 -1.05748743095546e-015
  endloop
endfacet
facet normal 5.7565527265157e-016 -2.22044604925031e-016 -1.0
  outer loop
    vertex 35.0826916666667 -1.01113084693986 2.11497486191092e-015
    vertex 29.8287016666667 -0.583776666666661 -1.05748743095546e-015
    vertex 35.324499879397 -0.825584879396949 2.11497486191092e-015
  endloop
endfacet
facet normal 5.7565527265157e-016 -2.22044604925031e-016 -1.0
  outer loop
    vertex 35.324499879397 -0.825584879396949 2.11497486191092e-015
    vertex 29.8287016666667 -0.583776666666661 -1.05748743095546e-015
    vertex 35.5100458469399 -0.583776666666658 2.11497486191092e-015
  endloop
endfacet
facet normal 5.7565527265157e-016 -2.22044604925031e-016 -1.0
  outer loop
    vertex 35.5100458469399 -0.583776666666658 2.11497486191092e-015
    vertex 29.8287016666667 -0.583776666666661 -1.05748743095546e-015
    vertex 29.8287016666667 0.583776666666672 -1.23373533611471e-015
  endloop
endfacet
facet normal 5.7565527265157e-016 -2.22044604925031e-016 -1.0
  outer loop
    vertex 35.5100458469399 -0.583776666666658 2.11497486191092e-015
    vertex 29.8287016666667 0.583776666666672 -1.23373533611471e-015
    vertex 35.6266849182365 -0.302185038839591 2.11497486191092e-015
  endloop
endfacet
facet normal 5.7565527265157e-016 -2.22044604925031e-016 -1.0
  outer loop
    vertex 35.6266849182365 -0.302185038839591 2.11497486191092e-015
    vertex 29.8287016666667 0.583776666666672 -1.23373533611471e-015
    vertex 35.6664683333333 8.81239525796218e-015 2.11497486191092e-015
  endloop
endfacet
facet normal 5.7565527265157e-016 -2.22044604925031e-016 -1.0
  outer loop
    vertex 35.6664683333333 8.81239525796218e-015 2.11497486191092e-015
    vertex 29.8287016666667 0.583776666666672 -1.23373533611471e-015
    vertex 35.6266849182365 0.302185038839608 2.11497486191092e-015
  endloop
endfacet
facet normal 5.7565527265157e-016 -2.22044604925031e-016 -1.0
  outer loop
    vertex 35.6266849182365 0.302185038839608 2.11497486191092e-015
    vertex 29.8287016666667 0.583776666666672 -1.23373533611471e-015
    vertex 35.5100458469399 0.583776666666674 1.93872695675168e-015
  endloop
endfacet
facet normal 5.7565527265157e-016 -2.22044604925031e-016 -1.0
  outer loop
    vertex 35.5100458469399 0.583776666666674 1.93872695675168e-015
    vertex 29.8287016666667 0.583776666666672 -1.23373533611471e-015
    vertex 34.1967299611604 1.12776991823656 1.05748743095546e-015
  endloop
endfacet
facet normal 5.7565527265157e-016 -2.22044604925031e-016 -1.0
  outer loop
    vertex 35.5100458469399 0.583776666666674 1.93872695675168e-015
    vertex 34.1967299611604 1.12776991823656 1.05748743095546e-015
    vertex 35.324499879397 0.825584879396966 1.76247905159244e-015
  endloop
endfacet
facet normal 5.7565527265157e-016 -2.22044604925031e-016 -1.0
  outer loop
    vertex 35.324499879397 0.825584879396966 1.76247905159244e-015
    vertex 34.1967299611604 1.12776991823656 1.05748743095546e-015
    vertex 35.0826916666667 1.01113084693988 1.58623114643319e-015
  endloop
endfacet
facet normal 5.7565527265157e-016 -2.22044604925031e-016 -1.0
  outer loop
    vertex 35.0826916666667 1.01113084693988 1.58623114643319e-015
    vertex 34.1967299611604 1.12776991823656 1.05748743095546e-015
    vertex 34.8011000388396 1.12776991823656 1.40998324127395e-015
  endloop
endfacet
facet normal 5.7565527265157e-016 -2.22044604925031e-016 -1.0
  outer loop
    vertex 34.8011000388396 1.12776991823656 1.40998324127395e-015
    vertex 34.1967299611604 1.12776991823656 1.05748743095546e-015
    vertex 34.498915 1.16755333333334 1.23373533611471e-015
  endloop
endfacet
facet normal -1.0 -3.82856869892695e-016 -5.7565527265157e-016
  outer loop
    vertex 29.8287016666667 0.583776666666672 -1.23373533611471e-015
    vertex 29.8287016666667 -0.583776666666661 0.875664999999999
    vertex 29.8287016666667 0.583776666666672 0.875664999999998
  endloop
endfacet
facet normal -1.0 -3.82856869892695e-016 -5.7565527265157e-016
  outer loop
    vertex 29.8287016666667 -0.583776666666661 0.875664999999999
    vertex 29.8287016666667 0.583776666666672 -1.23373533611471e-015
    vertex 29.8287016666667 -0.583776666666661 -1.05748743095546e-015
  endloop
endfacet
facet normal -5.36243666409192e-016 1.8540129959716e-016 1.0
  outer loop
    vertex 34.1421720311944 2.71856285092117 0.875665000000001
    vertex 33.7148178509212 2.29120867064797 0.875665000000001
    vertex 33.9566260636514 2.47675463819088 0.875665000000001
  endloop
endfacet
facet normal -5.36243666409192e-016 1.8540129959716e-016 1.0
  outer loop
    vertex 33.7148178509212 2.29120867064797 0.875665000000001
    vertex 34.1421720311944 2.71856285092117 0.875665000000001
    vertex 34.258811102491 3.00015447874824 0.875665000000001
  endloop
endfacet
facet normal -5.36243666409192e-016 1.8540129959716e-016 1.0
  outer loop
    vertex 33.7148178509212 2.29120867064797 0.875665000000001
    vertex 34.258811102491 3.00015447874824 0.875665000000001
    vertex 30.2414941063651 -0.412792439698471 0.875664999999999
  endloop
endfacet
facet normal -5.36243666409192e-016 1.8540129959716e-016 1.0
  outer loop
    vertex 30.2414941063651 -0.412792439698471 0.875664999999999
    vertex 34.258811102491 3.00015447874824 0.875665000000001
    vertex 34.2985945175878 3.30233951758784 0.875665000000001
  endloop
endfacet
facet normal -5.36243666409192e-016 1.8540129959716e-016 1.0
  outer loop
    vertex 30.2414941063651 -0.412792439698471 0.875664999999999
    vertex 34.2985945175878 3.30233951758784 0.875665000000001
    vertex 34.258811102491 3.60452455642744 0.875665000000001
  endloop
endfacet
facet normal -5.36243666409192e-016 1.8540129959716e-016 1.0
  outer loop
    vertex 30.2414941063651 -0.412792439698471 0.875664999999999
    vertex 34.258811102491 3.60452455642744 0.875665000000001
    vertex 29.4159092269682 0.412792439698486 0.875664999999998
  endloop
endfacet
facet normal -5.36243666409192e-016 1.8540129959716e-016 1.0
  outer loop
    vertex 29.4159092269682 0.412792439698486 0.875664999999998
    vertex 34.258811102491 3.60452455642744 0.875665000000001
    vertex 34.1421720311944 3.88611618425451 0.875665
  endloop
endfacet
facet normal -5.36243666409192e-016 1.8540129959716e-016 1.0
  outer loop
    vertex 29.4159092269682 0.412792439698486 0.875664999999998
    vertex 34.1421720311944 3.88611618425451 0.875665
    vertex 33.9566260636514 4.1279243969848 0.875665
  endloop
endfacet
facet normal -5.36243666409192e-016 1.8540129959716e-016 1.0
  outer loop
    vertex 29.4159092269682 0.412792439698486 0.875664999999998
    vertex 33.9566260636514 4.1279243969848 0.875665
    vertex 33.7148178509212 4.3134703645277 0.875665
  endloop
endfacet
facet normal -5.36243666409192e-016 1.8540129959716e-016 1.0
  outer loop
    vertex 29.4159092269682 0.412792439698486 0.875664999999998
    vertex 33.7148178509212 4.3134703645277 0.875665
    vertex 33.4332262230941 4.43010943582439 0.875665
  endloop
endfacet
facet normal -5.36243666409192e-016 1.8540129959716e-016 1.0
  outer loop
    vertex 29.4159092269682 0.412792439698486 0.875664999999998
    vertex 33.4332262230941 4.43010943582439 0.875665
    vertex 32.1199103373146 3.8861161842545 0.875664999999999
  endloop
endfacet
facet normal -5.36243666409192e-016 1.8540129959716e-016 1.0
  outer loop
    vertex 32.1199103373146 3.8861161842545 0.875664999999999
    vertex 33.4332262230941 4.43010943582439 0.875665
    vertex 33.1310411842545 4.46989285092117 0.875665
  endloop
endfacet
facet normal -5.36243666409192e-016 1.8540129959716e-016 1.0
  outer loop
    vertex 32.1199103373146 3.8861161842545 0.875664999999999
    vertex 33.1310411842545 4.46989285092117 0.875665
    vertex 32.8288561454149 4.43010943582439 0.875665
  endloop
endfacet
facet normal -5.36243666409192e-016 1.8540129959716e-016 1.0
  outer loop
    vertex 32.1199103373146 3.8861161842545 0.875664999999999
    vertex 32.8288561454149 4.43010943582439 0.875665
    vertex 32.5472645175878 4.3134703645277 0.875665
  endloop
endfacet
facet normal -5.36243666409192e-016 1.8540129959716e-016 1.0
  outer loop
    vertex 32.1199103373146 3.8861161842545 0.875664999999999
    vertex 32.5472645175878 4.3134703645277 0.875665
    vertex 32.3054563048575 4.12792439698479 0.875664999999999
  endloop
endfacet
facet normal -0.789073915405971 0.614298263082267 -5.4002247815778e-016
  outer loop
    vertex 32.1199103373146 3.8861161842545 0.875664999999999
    vertex 29.4159092269682 0.412792439698486 -1.40998324127395e-015
    vertex 29.4159092269682 0.412792439698486 0.875664999999998
  endloop
endfacet
facet normal -0.789073915405971 0.614298263082267 -5.4002247815778e-016
  outer loop
    vertex 29.4159092269682 0.412792439698486 -1.40998324127395e-015
    vertex 32.1199103373146 3.8861161842545 0.875664999999999
    vertex 32.1199103373146 3.8861161842545 -5.28743715477731e-016
  endloop
endfacet
facet normal 0.923879532511287 0.382683432365088 4.46863332634129e-016
  outer loop
    vertex 34.258811102491 3.60452455642744 7.04991620636974e-016
    vertex 34.1421720311944 3.88611618425451 0.875665
    vertex 34.258811102491 3.60452455642744 0.875665000000001
  endloop
endfacet
facet normal 0.923879532511287 0.382683432365088 4.46863332634129e-016
  outer loop
    vertex 34.1421720311944 3.88611618425451 0.875665
    vertex 34.258811102491 3.60452455642744 7.04991620636974e-016
    vertex 34.1421720311944 3.88611618425451 5.28743715477731e-016
  endloop
endfacet
facet normal 0.99144486137381 0.130526192220054 5.26681992090516e-016
  outer loop
    vertex 34.2985945175878 3.30233951758784 7.04991620636974e-016
    vertex 34.258811102491 3.60452455642744 0.875665000000001
    vertex 34.2985945175878 3.30233951758784 0.875665000000001
  endloop
endfacet
facet normal 0.99144486137381 0.130526192220054 5.26681992090516e-016
  outer loop
    vertex 34.258811102491 3.60452455642744 0.875665000000001
    vertex 34.2985945175878 3.30233951758784 7.04991620636974e-016
    vertex 34.258811102491 3.60452455642744 7.04991620636974e-016
  endloop
endfacet
facet normal 0.991444861373811 -0.130526192220049 5.70608144169082e-016
  outer loop
    vertex 34.2985945175878 3.30233951758784 7.04991620636974e-016
    vertex 34.258811102491 3.00015447874824 0.875665000000001
    vertex 34.258811102491 3.00015447874824 7.04991620636974e-016
  endloop
endfacet
facet normal 0.991444861373811 -0.130526192220049 5.70608144169082e-016
  outer loop
    vertex 34.258811102491 3.00015447874824 0.875665000000001
    vertex 34.2985945175878 3.30233951758784 7.04991620636974e-016
    vertex 34.2985945175878 3.30233951758784 0.875665000000001
  endloop
endfacet
facet normal 0.923879532511287 -0.382683432365089 5.75648294197068e-016
  outer loop
    vertex 34.258811102491 3.00015447874824 7.04991620636974e-016
    vertex 34.1421720311944 2.71856285092117 0.875665000000001
    vertex 34.1421720311944 2.71856285092117 7.04991620636974e-016
  endloop
endfacet
facet normal 0.923879532511287 -0.382683432365089 5.75648294197068e-016
  outer loop
    vertex 34.1421720311944 2.71856285092117 0.875665000000001
    vertex 34.258811102491 3.00015447874824 7.04991620636974e-016
    vertex 34.258811102491 3.00015447874824 0.875665000000001
  endloop
endfacet
facet normal 0.793353340291236 -0.60876142900872 5.41458964279309e-016
  outer loop
    vertex 34.1421720311944 2.71856285092117 7.04991620636974e-016
    vertex 33.9566260636514 2.47675463819088 0.875665000000001
    vertex 33.9566260636514 2.47675463819088 7.04991620636974e-016
  endloop
endfacet
facet normal 0.793353340291236 -0.60876142900872 5.41458964279309e-016
  outer loop
    vertex 33.9566260636514 2.47675463819088 0.875665000000001
    vertex 34.1421720311944 2.71856285092117 7.04991620636974e-016
    vertex 34.1421720311944 2.71856285092117 0.875665000000001
  endloop
endfacet
facet normal 0.608761429008722 -0.793353340291235 4.70370100749161e-016
  outer loop
    vertex 33.9566260636514 2.47675463819088 7.04991620636974e-016
    vertex 33.7148178509212 2.29120867064797 0.875665000000001
    vertex 33.7148178509212 2.29120867064797 7.04991620636974e-016
  endloop
endfacet
facet normal 0.608761429008722 -0.793353340291235 4.70370100749161e-016
  outer loop
    vertex 33.7148178509212 2.29120867064797 0.875665000000001
    vertex 33.9566260636514 2.47675463819088 7.04991620636974e-016
    vertex 33.9566260636514 2.47675463819088 0.875665000000001
  endloop
endfacet
facet normal 0.614298263082268 -0.789073915405971 4.72713989881624e-016
  outer loop
    vertex 30.2414941063651 -0.412792439698471 -8.81239525796218e-016
    vertex 33.7148178509212 2.29120867064797 0.875665000000001
    vertex 30.2414941063651 -0.412792439698471 0.875664999999999
  endloop
endfacet
facet normal 0.614298263082268 -0.789073915405971 4.72713989881624e-016
  outer loop
    vertex 33.7148178509212 2.29120867064797 0.875665000000001
    vertex 30.2414941063651 -0.412792439698471 -8.81239525796218e-016
    vertex 33.7148178509212 2.29120867064797 7.04991620636974e-016
  endloop
endfacet
facet normal -0.793353340291236 0.608761429008719 -5.41458964279309e-016
  outer loop
    vertex 32.3054563048575 4.12792439698479 0.875664999999999
    vertex 32.1199103373146 3.8861161842545 -5.28743715477731e-016
    vertex 32.1199103373146 3.8861161842545 0.875664999999999
  endloop
endfacet
facet normal -0.793353340291236 0.608761429008719 -5.41458964279309e-016
  outer loop
    vertex 32.1199103373146 3.8861161842545 -5.28743715477731e-016
    vertex 32.3054563048575 4.12792439698479 0.875664999999999
    vertex 32.3054563048575 4.12792439698479 -5.28743715477731e-016
  endloop
endfacet
facet normal -0.608761429008722 0.793353340291234 -4.70370100749161e-016
  outer loop
    vertex 32.5472645175878 4.3134703645277 0.875665
    vertex 32.3054563048575 4.12792439698479 -5.28743715477731e-016
    vertex 32.3054563048575 4.12792439698479 0.875664999999999
  endloop
endfacet
facet normal -0.608761429008722 0.793353340291234 -4.70370100749161e-016
  outer loop
    vertex 32.3054563048575 4.12792439698479 -5.28743715477731e-016
    vertex 32.5472645175878 4.3134703645277 0.875665
    vertex 32.5472645175878 4.3134703645277 -3.52495810318487e-016
  endloop
endfacet
facet normal -0.382683432365091 0.923879532511286 -3.67226292176303e-016
  outer loop
    vertex 32.8288561454149 4.43010943582439 0.875665
    vertex 32.5472645175878 4.3134703645277 -3.52495810318487e-016
    vertex 32.5472645175878 4.3134703645277 0.875665
  endloop
endfacet
facet normal -0.382683432365091 0.923879532511286 -3.67226292176303e-016
  outer loop
    vertex 32.5472645175878 4.3134703645277 -3.52495810318487e-016
    vertex 32.8288561454149 4.43010943582439 0.875665
    vertex 32.8288561454149 4.43010943582439 -1.76247905159244e-016
  endloop
endfacet
facet normal -0.130526192220053 0.99144486137381 -2.39056618661771e-016
  outer loop
    vertex 33.1310411842545 4.46989285092117 0.875665
    vertex 32.8288561454149 4.43010943582439 -1.76247905159244e-016
    vertex 32.8288561454149 4.43010943582439 0.875665
  endloop
endfacet
facet normal -0.130526192220053 0.99144486137381 -2.39056618661771e-016
  outer loop
    vertex 32.8288561454149 4.43010943582439 -1.76247905159244e-016
    vertex 33.1310411842545 4.46989285092117 0.875665
    vertex 33.1310411842545 4.46989285092117 -1.76247905159244e-016
  endloop
endfacet
facet normal 0.130526192220049 0.991444861373811 -9.45956316451817e-017
  outer loop
    vertex 33.4332262230941 4.43010943582439 0.0
    vertex 33.1310411842545 4.46989285092117 0.875665
    vertex 33.4332262230941 4.43010943582439 0.875665
  endloop
endfacet
facet normal 0.130526192220049 0.991444861373811 -9.45956316451817e-017
  outer loop
    vertex 33.1310411842545 4.46989285092117 0.875665
    vertex 33.4332262230941 4.43010943582439 0.0
    vertex 33.1310411842545 4.46989285092117 -1.76247905159244e-016
  endloop
endfacet
facet normal 0.382683432365089 0.923879532511287 5.63118913413559e-017
  outer loop
    vertex 33.7148178509212 4.3134703645277 1.76247905159244e-016
    vertex 33.4332262230941 4.43010943582439 0.875665
    vertex 33.7148178509212 4.3134703645277 0.875665
  endloop
endfacet
facet normal 0.382683432365089 0.923879532511287 5.63118913413559e-017
  outer loop
    vertex 33.4332262230941 4.43010943582439 0.875665
    vertex 33.7148178509212 4.3134703645277 1.76247905159244e-016
    vertex 33.4332262230941 4.43010943582439 0.0
  endloop
endfacet
facet normal 0.608761429008719 0.793353340291237 2.03381851992778e-016
  outer loop
    vertex 33.9566260636514 4.1279243969848 3.52495810318487e-016
    vertex 33.7148178509212 4.3134703645277 0.875665
    vertex 33.9566260636514 4.1279243969848 0.875665
  endloop
endfacet
facet normal 0.608761429008719 0.793353340291237 2.03381851992778e-016
  outer loop
    vertex 33.7148178509212 4.3134703645277 0.875665
    vertex 33.9566260636514 4.1279243969848 3.52495810318487e-016
    vertex 33.7148178509212 4.3134703645277 1.76247905159244e-016
  endloop
endfacet
facet normal 0.793353340291234 0.608761429008722 3.36591675535296e-016
  outer loop
    vertex 34.1421720311944 3.88611618425451 5.28743715477731e-016
    vertex 33.9566260636514 4.1279243969848 0.875665
    vertex 34.1421720311944 3.88611618425451 0.875665
  endloop
endfacet
facet normal 0.793353340291234 0.608761429008722 3.36591675535296e-016
  outer loop
    vertex 33.9566260636514 4.1279243969848 0.875665
    vertex 34.1421720311944 3.88611618425451 5.28743715477731e-016
    vertex 33.9566260636514 4.1279243969848 3.52495810318487e-016
  endloop
endfacet
facet normal 5.53379304795187e-016 -1.68265661211165e-016 -1.0
  outer loop
    vertex 33.7148178509212 2.29120867064797 7.04991620636974e-016
    vertex 34.1421720311944 2.71856285092117 7.04991620636974e-016
    vertex 33.9566260636514 2.47675463819088 7.04991620636974e-016
  endloop
endfacet
facet normal 5.53379304795187e-016 -1.68265661211165e-016 -1.0
  outer loop
    vertex 34.1421720311944 2.71856285092117 7.04991620636974e-016
    vertex 33.7148178509212 2.29120867064797 7.04991620636974e-016
    vertex 34.258811102491 3.00015447874824 7.04991620636974e-016
  endloop
endfacet
facet normal 5.53379304795187e-016 -1.68265661211165e-016 -1.0
  outer loop
    vertex 34.258811102491 3.00015447874824 7.04991620636974e-016
    vertex 33.7148178509212 2.29120867064797 7.04991620636974e-016
    vertex 30.2414941063651 -0.412792439698471 -8.81239525796218e-016
  endloop
endfacet
facet normal 5.53379304795187e-016 -1.68265661211165e-016 -1.0
  outer loop
    vertex 34.258811102491 3.00015447874824 7.04991620636974e-016
    vertex 30.2414941063651 -0.412792439698471 -8.81239525796218e-016
    vertex 34.2985945175878 3.30233951758784 7.04991620636974e-016
  endloop
endfacet
facet normal 5.53379304795187e-016 -1.68265661211165e-016 -1.0
  outer loop
    vertex 34.2985945175878 3.30233951758784 7.04991620636974e-016
    vertex 30.2414941063651 -0.412792439698471 -8.81239525796218e-016
    vertex 34.258811102491 3.60452455642744 7.04991620636974e-016
  endloop
endfacet
facet normal 5.53379304795187e-016 -1.68265661211165e-016 -1.0
  outer loop
    vertex 34.258811102491 3.60452455642744 7.04991620636974e-016
    vertex 30.2414941063651 -0.412792439698471 -8.81239525796218e-016
    vertex 29.4159092269682 0.412792439698486 -1.40998324127395e-015
  endloop
endfacet
facet normal 5.53379304795187e-016 -1.68265661211165e-016 -1.0
  outer loop
    vertex 34.258811102491 3.60452455642744 7.04991620636974e-016
    vertex 29.4159092269682 0.412792439698486 -1.40998324127395e-015
    vertex 34.1421720311944 3.88611618425451 5.28743715477731e-016
  endloop
endfacet
facet normal 5.53379304795187e-016 -1.68265661211165e-016 -1.0
  outer loop
    vertex 34.1421720311944 3.88611618425451 5.28743715477731e-016
    vertex 29.4159092269682 0.412792439698486 -1.40998324127395e-015
    vertex 33.9566260636514 4.1279243969848 3.52495810318487e-016
  endloop
endfacet
facet normal 5.53379304795187e-016 -1.68265661211165e-016 -1.0
  outer loop
    vertex 33.9566260636514 4.1279243969848 3.52495810318487e-016
    vertex 29.4159092269682 0.412792439698486 -1.40998324127395e-015
    vertex 33.7148178509212 4.3134703645277 1.76247905159244e-016
  endloop
endfacet
facet normal 5.53379304795187e-016 -1.68265661211165e-016 -1.0
  outer loop
    vertex 33.7148178509212 4.3134703645277 1.76247905159244e-016
    vertex 29.4159092269682 0.412792439698486 -1.40998324127395e-015
    vertex 33.4332262230941 4.43010943582439 0.0
  endloop
endfacet
facet normal 5.53379304795187e-016 -1.68265661211165e-016 -1.0
  outer loop
    vertex 33.4332262230941 4.43010943582439 0.0
    vertex 29.4159092269682 0.412792439698486 -1.40998324127395e-015
    vertex 32.1199103373146 3.8861161842545 -5.28743715477731e-016
  endloop
endfacet
facet normal 5.53379304795187e-016 -1.68265661211165e-016 -1.0
  outer loop
    vertex 33.4332262230941 4.43010943582439 0.0
    vertex 32.1199103373146 3.8861161842545 -5.28743715477731e-016
    vertex 33.1310411842545 4.46989285092117 -1.76247905159244e-016
  endloop
endfacet
facet normal 5.53379304795187e-016 -1.68265661211165e-016 -1.0
  outer loop
    vertex 33.1310411842545 4.46989285092117 -1.76247905159244e-016
    vertex 32.1199103373146 3.8861161842545 -5.28743715477731e-016
    vertex 32.8288561454149 4.43010943582439 -1.76247905159244e-016
  endloop
endfacet
facet normal 5.53379304795187e-016 -1.68265661211165e-016 -1.0
  outer loop
    vertex 32.8288561454149 4.43010943582439 -1.76247905159244e-016
    vertex 32.1199103373146 3.8861161842545 -5.28743715477731e-016
    vertex 32.5472645175878 4.3134703645277 -3.52495810318487e-016
  endloop
endfacet
facet normal 5.53379304795187e-016 -1.68265661211165e-016 -1.0
  outer loop
    vertex 32.5472645175878 4.3134703645277 -3.52495810318487e-016
    vertex 32.1199103373146 3.8861161842545 -5.28743715477731e-016
    vertex 32.3054563048575 4.12792439698479 -5.28743715477731e-016
  endloop
endfacet
facet normal -0.707106781186547 -0.707106781186548 -2.72316468905721e-016
  outer loop
    vertex 29.4159092269682 0.412792439698486 -1.40998324127395e-015
    vertex 30.2414941063651 -0.412792439698471 0.875664999999999
    vertex 29.4159092269682 0.412792439698486 0.875664999999998
  endloop
endfacet
facet normal -0.707106781186547 -0.707106781186548 -2.72316468905721e-016
  outer loop
    vertex 30.2414941063651 -0.412792439698471 0.875664999999999
    vertex 29.4159092269682 0.412792439698486 -1.40998324127395e-015
    vertex 30.2414941063651 -0.412792439698471 -8.81239525796218e-016
  endloop
endfacet
facet normal -4.9960036108132e-016 1.70223145560177e-016 1.0
  outer loop
    vertex 30.9564715849032 4.97239837217294 0.875664999999999
    vertex 30.9564715849032 4.36802829449374 0.875664999999999
    vertex 30.996255 4.67021333333334 0.875664999999999
  endloop
endfacet
facet normal -4.9960036108132e-016 1.70223145560177e-016 1.0
  outer loop
    vertex 30.9564715849032 4.36802829449374 0.875664999999999
    vertex 30.9564715849032 4.97239837217294 0.875664999999999
    vertex 30.8398325136065 5.25399000000001 0.875664999999998
  endloop
endfacet
facet normal -4.9960036108132e-016 1.70223145560177e-016 1.0
  outer loop
    vertex 30.9564715849032 4.36802829449374 0.875664999999999
    vertex 30.8398325136065 5.25399000000001 0.875664999999998
    vertex 30.4124783333333 8.61795563284428e-015 0.875664999999999
  endloop
endfacet
facet normal -4.9960036108132e-016 1.70223145560177e-016 1.0
  outer loop
    vertex 30.4124783333333 8.61795563284428e-015 0.875664999999999
    vertex 30.8398325136065 5.25399000000001 0.875664999999998
    vertex 30.6542865460636 5.4957982127303 0.875664999999998
  endloop
endfacet
facet normal -4.9960036108132e-016 1.70223145560177e-016 1.0
  outer loop
    vertex 30.4124783333333 8.61795563284428e-015 0.875664999999999
    vertex 30.6542865460636 5.4957982127303 0.875664999999998
    vertex 30.4124783333333 5.6813441802732 0.875664999999998
  endloop
endfacet
facet normal -4.9960036108132e-016 1.70223145560177e-016 1.0
  outer loop
    vertex 30.4124783333333 8.61795563284428e-015 0.875664999999999
    vertex 30.4124783333333 5.6813441802732 0.875664999999998
    vertex 29.244925 7.68485809578231e-015 0.875664999999998
  endloop
endfacet
facet normal -4.9960036108132e-016 1.70223145560177e-016 1.0
  outer loop
    vertex 29.244925 7.68485809578231e-015 0.875664999999998
    vertex 30.4124783333333 5.6813441802732 0.875664999999998
    vertex 30.1308867055063 5.79798325156989 0.875664999999998
  endloop
endfacet
facet normal -4.9960036108132e-016 1.70223145560177e-016 1.0
  outer loop
    vertex 29.244925 7.68485809578231e-015 0.875664999999998
    vertex 30.1308867055063 5.79798325156989 0.875664999999998
    vertex 29.8287016666667 5.83776666666667 0.875664999999998
  endloop
endfacet
facet normal -4.9960036108132e-016 1.70223145560177e-016 1.0
  outer loop
    vertex 29.244925 7.68485809578231e-015 0.875664999999998
    vertex 29.8287016666667 5.83776666666667 0.875664999999998
    vertex 29.5265166278271 5.79798325156989 0.875664999999998
  endloop
endfacet
facet normal -4.9960036108132e-016 1.70223145560177e-016 1.0
  outer loop
    vertex 29.244925 7.68485809578231e-015 0.875664999999998
    vertex 29.5265166278271 5.79798325156989 0.875664999999998
    vertex 29.244925 5.6813441802732 0.875664999999998
  endloop
endfacet
facet normal -4.9960036108132e-016 1.70223145560177e-016 1.0
  outer loop
    vertex 29.244925 7.68485809578231e-015 0.875664999999998
    vertex 29.244925 5.6813441802732 0.875664999999998
    vertex 28.7009317484301 4.36802829449374 0.875664999999998
  endloop
endfacet
facet normal -4.9960036108132e-016 1.70223145560177e-016 1.0
  outer loop
    vertex 28.7009317484301 4.36802829449374 0.875664999999998
    vertex 29.244925 5.6813441802732 0.875664999999998
    vertex 29.0031167872697 5.49579821273029 0.875664999999997
  endloop
endfacet
facet normal -4.9960036108132e-016 1.70223145560177e-016 1.0
  outer loop
    vertex 28.7009317484301 4.36802829449374 0.875664999999998
    vertex 29.0031167872697 5.49579821273029 0.875664999999997
    vertex 28.8175708197268 5.25399 0.875664999999997
  endloop
endfacet
facet normal -4.9960036108132e-016 1.70223145560177e-016 1.0
  outer loop
    vertex 28.7009317484301 4.36802829449374 0.875664999999998
    vertex 28.8175708197268 5.25399 0.875664999999997
    vertex 28.7009317484301 4.97239837217293 0.875664999999997
  endloop
endfacet
facet normal -4.9960036108132e-016 1.70223145560177e-016 1.0
  outer loop
    vertex 28.7009317484301 4.36802829449374 0.875664999999998
    vertex 28.7009317484301 4.97239837217293 0.875664999999997
    vertex 28.6611483333333 4.67021333333334 0.875664999999997
  endloop
endfacet
facet normal -0.992333983937571 -0.123585048944394 -4.77728273289848e-016
  outer loop
    vertex 28.7009317484301 4.36802829449374 0.875664999999998
    vertex 29.244925 7.49042140681063e-015 -1.40998324127395e-015
    vertex 29.244925 7.68485809578231e-015 0.875664999999998
  endloop
endfacet
facet normal -0.992333983937571 -0.123585048944394 -4.77728273289848e-016
  outer loop
    vertex 29.244925 7.49042140681063e-015 -1.40998324127395e-015
    vertex 28.7009317484301 4.36802829449374 0.875664999999998
    vertex 28.7009317484301 4.36802829449374 -2.29122276707017e-015
  endloop
endfacet
facet normal 0.382683432365091 0.923879532511286 5.63118913413568e-017
  outer loop
    vertex 30.4124783333333 5.6813441802732 -1.76247905159244e-015
    vertex 30.1308867055063 5.79798325156989 0.875664999999998
    vertex 30.4124783333333 5.6813441802732 0.875664999999998
  endloop
endfacet
facet normal 0.382683432365091 0.923879532511286 5.63118913413568e-017
  outer loop
    vertex 30.1308867055063 5.79798325156989 0.875664999999998
    vertex 30.4124783333333 5.6813441802732 -1.76247905159244e-015
    vertex 30.1308867055063 5.79798325156989 -1.93872695675168e-015
  endloop
endfacet
facet normal 0.608761429008718 0.793353340291237 1.88316018874027e-016
  outer loop
    vertex 30.6542865460636 5.4957982127303 -1.58623114643319e-015
    vertex 30.4124783333333 5.6813441802732 0.875664999999998
    vertex 30.6542865460636 5.4957982127303 0.875664999999998
  endloop
endfacet
facet normal 0.608761429008718 0.793353340291237 1.88316018874027e-016
  outer loop
    vertex 30.4124783333333 5.6813441802732 0.875664999999998
    vertex 30.6542865460636 5.4957982127303 -1.58623114643319e-015
    vertex 30.4124783333333 5.6813441802732 -1.76247905159244e-015
  endloop
endfacet
facet normal 0.793353340291234 0.608761429008722 3.0748672092737e-016
  outer loop
    vertex 30.6542865460636 5.4957982127303 -1.58623114643319e-015
    vertex 30.8398325136065 5.25399000000001 0.875664999999998
    vertex 30.8398325136065 5.25399000000001 -1.40998324127395e-015
  endloop
endfacet
facet normal 0.793353340291234 0.608761429008722 3.0748672092737e-016
  outer loop
    vertex 30.8398325136065 5.25399000000001 0.875664999999998
    vertex 30.6542865460636 5.4957982127303 -1.58623114643319e-015
    vertex 30.6542865460636 5.4957982127303 0.875664999999998
  endloop
endfacet
facet normal 0.923879532511287 0.38268343236509 4.05702711095345e-016
  outer loop
    vertex 30.8398325136065 5.25399000000001 -1.40998324127395e-015
    vertex 30.9564715849032 4.97239837217294 0.875664999999999
    vertex 30.9564715849032 4.97239837217294 -1.23373533611471e-015
  endloop
endfacet
facet normal 0.923879532511287 0.38268343236509 4.05702711095345e-016
  outer loop
    vertex 30.9564715849032 4.97239837217294 0.875664999999999
    vertex 30.8398325136065 5.25399000000001 -1.40998324127395e-015
    vertex 30.8398325136065 5.25399000000001 0.875664999999998
  endloop
endfacet
facet normal 0.99144486137381 0.130526192220053 4.76270731957602e-016
  outer loop
    vertex 30.9564715849032 4.97239837217294 -1.23373533611471e-015
    vertex 30.996255 4.67021333333334 0.875664999999999
    vertex 30.996255 4.67021333333334 -1.23373533611471e-015
  endloop
endfacet
facet normal 0.99144486137381 0.130526192220053 4.76270731957602e-016
  outer loop
    vertex 30.996255 4.67021333333334 0.875664999999999
    vertex 30.9564715849032 4.97239837217294 -1.23373533611471e-015
    vertex 30.9564715849032 4.97239837217294 0.875664999999999
  endloop
endfacet
facet normal 0.991444861373811 -0.13052619222005 5.14381689511548e-016
  outer loop
    vertex 30.996255 4.67021333333334 -1.23373533611471e-015
    vertex 30.9564715849032 4.36802829449374 0.875664999999999
    vertex 30.9564715849032 4.36802829449374 -1.23373533611471e-015
  endloop
endfacet
facet normal 0.991444861373811 -0.13052619222005 5.14381689511548e-016
  outer loop
    vertex 30.9564715849032 4.36802829449374 0.875664999999999
    vertex 30.996255 4.67021333333334 -1.23373533611471e-015
    vertex 30.996255 4.67021333333334 0.875664999999999
  endloop
endfacet
facet normal 0.992333983937571 -0.123585048944392 5.13812560087103e-016
  outer loop
    vertex 30.4124783333333 8.45592505870122e-015 -8.81239525796218e-016
    vertex 30.9564715849032 4.36802829449374 0.875664999999999
    vertex 30.4124783333333 8.61795563284428e-015 0.875664999999999
  endloop
endfacet
facet normal 0.992333983937571 -0.123585048944392 5.13812560087103e-016
  outer loop
    vertex 30.9564715849032 4.36802829449374 0.875664999999999
    vertex 30.4124783333333 8.45592505870122e-015 -8.81239525796218e-016
    vertex 30.9564715849032 4.36802829449374 -1.23373533611471e-015
  endloop
endfacet
facet normal -0.99144486137381 -0.130526192220053 -4.76270731957602e-016
  outer loop
    vertex 28.6611483333333 4.67021333333334 0.875664999999997
    vertex 28.7009317484301 4.36802829449374 -2.29122276707017e-015
    vertex 28.7009317484301 4.36802829449374 0.875664999999998
  endloop
endfacet
facet normal -0.99144486137381 -0.130526192220053 -4.76270731957602e-016
  outer loop
    vertex 28.7009317484301 4.36802829449374 -2.29122276707017e-015
    vertex 28.6611483333333 4.67021333333334 0.875664999999997
    vertex 28.6611483333333 4.67021333333334 -2.46747067222941e-015
  endloop
endfacet
facet normal -0.991444861373811 0.13052619222005 -5.14381689511548e-016
  outer loop
    vertex 28.7009317484301 4.97239837217293 0.875664999999997
    vertex 28.6611483333333 4.67021333333334 -2.46747067222941e-015
    vertex 28.6611483333333 4.67021333333334 0.875664999999997
  endloop
endfacet
facet normal -0.991444861373811 0.13052619222005 -5.14381689511548e-016
  outer loop
    vertex 28.6611483333333 4.67021333333334 -2.46747067222941e-015
    vertex 28.7009317484301 4.97239837217293 0.875664999999997
    vertex 28.7009317484301 4.97239837217293 -2.46747067222941e-015
  endloop
endfacet
facet normal -0.923879532511288 0.382683432365088 -5.17438384981215e-016
  outer loop
    vertex 28.8175708197268 5.25399 0.875664999999997
    vertex 28.7009317484301 4.97239837217293 -2.46747067222941e-015
    vertex 28.7009317484301 4.97239837217293 0.875664999999997
  endloop
endfacet
facet normal -0.923879532511288 0.382683432365088 -5.17438384981215e-016
  outer loop
    vertex 28.7009317484301 4.97239837217293 -2.46747067222941e-015
    vertex 28.8175708197268 5.25399 0.875664999999997
    vertex 28.8175708197268 5.25399 -2.46747067222941e-015
  endloop
endfacet
facet normal -0.793353340291236 0.60876142900872 -4.85232509621775e-016
  outer loop
    vertex 29.0031167872697 5.49579821273029 0.875664999999997
    vertex 28.8175708197268 5.25399 -2.46747067222941e-015
    vertex 28.8175708197268 5.25399 0.875664999999997
  endloop
endfacet
facet normal -0.793353340291236 0.60876142900872 -4.85232509621775e-016
  outer loop
    vertex 28.8175708197268 5.25399 -2.46747067222941e-015
    vertex 29.0031167872697 5.49579821273029 0.875664999999997
    vertex 29.0031167872697 5.49579821273029 -2.46747067222941e-015
  endloop
endfacet
facet normal -0.608761429008723 0.793353340291234 -4.19958840616247e-016
  outer loop
    vertex 29.244925 5.6813441802732 -2.29122276707017e-015
    vertex 29.0031167872697 5.49579821273029 0.875664999999997
    vertex 29.244925 5.6813441802732 0.875664999999998
  endloop
endfacet
facet normal -0.608761429008723 0.793353340291234 -4.19958840616247e-016
  outer loop
    vertex 29.0031167872697 5.49579821273029 0.875664999999997
    vertex 29.244925 5.6813441802732 -2.29122276707017e-015
    vertex 29.0031167872697 5.49579821273029 -2.46747067222941e-015
  endloop
endfacet
facet normal -0.38268343236509 0.923879532511287 -3.2606567063752e-016
  outer loop
    vertex 29.5265166278271 5.79798325156989 -2.11497486191092e-015
    vertex 29.244925 5.6813441802732 0.875664999999998
    vertex 29.5265166278271 5.79798325156989 0.875664999999998
  endloop
endfacet
facet normal -0.38268343236509 0.923879532511287 -3.2606567063752e-016
  outer loop
    vertex 29.244925 5.6813441802732 0.875664999999998
    vertex 29.5265166278271 5.79798325156989 -2.11497486191092e-015
    vertex 29.244925 5.6813441802732 -2.29122276707017e-015
  endloop
endfacet
facet normal -0.130526192220054 0.99144486137381 -2.09951664053845e-016
  outer loop
    vertex 29.8287016666667 5.83776666666667 -2.11497486191092e-015
    vertex 29.5265166278271 5.79798325156989 0.875664999999998
    vertex 29.8287016666667 5.83776666666667 0.875664999999998
  endloop
endfacet
facet normal -0.130526192220054 0.99144486137381 -2.09951664053845e-016
  outer loop
    vertex 29.5265166278271 5.79798325156989 0.875664999999998
    vertex 29.8287016666667 5.83776666666667 -2.11497486191092e-015
    vertex 29.5265166278271 5.79798325156989 -2.11497486191092e-015
  endloop
endfacet
facet normal 0.13052619222005 0.991444861373811 -7.95297985264301e-017
  outer loop
    vertex 30.1308867055063 5.79798325156989 -1.93872695675168e-015
    vertex 29.8287016666667 5.83776666666667 0.875664999999998
    vertex 30.1308867055063 5.79798325156989 0.875664999999998
  endloop
endfacet
facet normal 0.13052619222005 0.991444861373811 -7.95297985264301e-017
  outer loop
    vertex 29.8287016666667 5.83776666666667 0.875664999999998
    vertex 30.1308867055063 5.79798325156989 -1.93872695675168e-015
    vertex 29.8287016666667 5.83776666666667 -2.11497486191092e-015
  endloop
endfacet
facet normal 4.9960036108132e-016 -1.45989693354782e-016 -1.0
  outer loop
    vertex 30.9564715849032 4.36802829449374 -1.23373533611471e-015
    vertex 30.9564715849032 4.97239837217294 -1.23373533611471e-015
    vertex 30.996255 4.67021333333334 -1.23373533611471e-015
  endloop
endfacet
facet normal 4.9960036108132e-016 -1.45989693354782e-016 -1.0
  outer loop
    vertex 30.9564715849032 4.97239837217294 -1.23373533611471e-015
    vertex 30.9564715849032 4.36802829449374 -1.23373533611471e-015
    vertex 30.8398325136065 5.25399000000001 -1.40998324127395e-015
  endloop
endfacet
facet normal 4.9960036108132e-016 -1.45989693354782e-016 -1.0
  outer loop
    vertex 30.8398325136065 5.25399000000001 -1.40998324127395e-015
    vertex 30.9564715849032 4.36802829449374 -1.23373533611471e-015
    vertex 30.4124783333333 8.45592505870122e-015 -8.81239525796218e-016
  endloop
endfacet
facet normal 4.9960036108132e-016 -1.45989693354782e-016 -1.0
  outer loop
    vertex 30.8398325136065 5.25399000000001 -1.40998324127395e-015
    vertex 30.4124783333333 8.45592505870122e-015 -8.81239525796218e-016
    vertex 30.6542865460636 5.4957982127303 -1.58623114643319e-015
  endloop
endfacet
facet normal 4.9960036108132e-016 -1.45989693354782e-016 -1.0
  outer loop
    vertex 30.6542865460636 5.4957982127303 -1.58623114643319e-015
    vertex 30.4124783333333 8.45592505870122e-015 -8.81239525796218e-016
    vertex 30.4124783333333 5.6813441802732 -1.76247905159244e-015
  endloop
endfacet
facet normal 4.9960036108132e-016 -1.45989693354782e-016 -1.0
  outer loop
    vertex 30.4124783333333 5.6813441802732 -1.76247905159244e-015
    vertex 30.4124783333333 8.45592505870122e-015 -8.81239525796218e-016
    vertex 29.244925 7.49042140681063e-015 -1.40998324127395e-015
  endloop
endfacet
facet normal 4.9960036108132e-016 -1.45989693354782e-016 -1.0
  outer loop
    vertex 30.4124783333333 5.6813441802732 -1.76247905159244e-015
    vertex 29.244925 7.49042140681063e-015 -1.40998324127395e-015
    vertex 30.1308867055063 5.79798325156989 -1.93872695675168e-015
  endloop
endfacet
facet normal 4.9960036108132e-016 -1.45989693354782e-016 -1.0
  outer loop
    vertex 30.1308867055063 5.79798325156989 -1.93872695675168e-015
    vertex 29.244925 7.49042140681063e-015 -1.40998324127395e-015
    vertex 29.8287016666667 5.83776666666667 -2.11497486191092e-015
  endloop
endfacet
facet normal 4.9960036108132e-016 -1.45989693354782e-016 -1.0
  outer loop
    vertex 29.8287016666667 5.83776666666667 -2.11497486191092e-015
    vertex 29.244925 7.49042140681063e-015 -1.40998324127395e-015
    vertex 29.5265166278271 5.79798325156989 -2.11497486191092e-015
  endloop
endfacet
facet normal 4.9960036108132e-016 -1.45989693354782e-016 -1.0
  outer loop
    vertex 29.5265166278271 5.79798325156989 -2.11497486191092e-015
    vertex 29.244925 7.49042140681063e-015 -1.40998324127395e-015
    vertex 29.244925 5.6813441802732 -2.29122276707017e-015
  endloop
endfacet
facet normal 4.9960036108132e-016 -1.45989693354782e-016 -1.0
  outer loop
    vertex 29.244925 5.6813441802732 -2.29122276707017e-015
    vertex 29.244925 7.49042140681063e-015 -1.40998324127395e-015
    vertex 28.7009317484301 4.36802829449374 -2.29122276707017e-015
  endloop
endfacet
facet normal 4.9960036108132e-016 -1.45989693354782e-016 -1.0
  outer loop
    vertex 29.244925 5.6813441802732 -2.29122276707017e-015
    vertex 28.7009317484301 4.36802829449374 -2.29122276707017e-015
    vertex 29.0031167872697 5.49579821273029 -2.46747067222941e-015
  endloop
endfacet
facet normal 4.9960036108132e-016 -1.45989693354782e-016 -1.0
  outer loop
    vertex 29.0031167872697 5.49579821273029 -2.46747067222941e-015
    vertex 28.7009317484301 4.36802829449374 -2.29122276707017e-015
    vertex 28.8175708197268 5.25399 -2.46747067222941e-015
  endloop
endfacet
facet normal 4.9960036108132e-016 -1.45989693354782e-016 -1.0
  outer loop
    vertex 28.8175708197268 5.25399 -2.46747067222941e-015
    vertex 28.7009317484301 4.36802829449374 -2.29122276707017e-015
    vertex 28.7009317484301 4.97239837217293 -2.46747067222941e-015
  endloop
endfacet
facet normal 4.9960036108132e-016 -1.45989693354782e-016 -1.0
  outer loop
    vertex 28.7009317484301 4.97239837217293 -2.46747067222941e-015
    vertex 28.7009317484301 4.36802829449374 -2.29122276707017e-015
    vertex 28.6611483333333 4.67021333333334 -2.46747067222941e-015
  endloop
endfacet
facet normal 6.60412626048984e-016 -1.0 1.45989693354782e-016
  outer loop
    vertex 29.244925 7.49042140681063e-015 -1.40998324127395e-015
    vertex 30.4124783333333 8.61795563284428e-015 0.875664999999999
    vertex 29.244925 7.68485809578231e-015 0.875664999999998
  endloop
endfacet
facet normal 6.60412626048984e-016 -1.0 1.45989693354782e-016
  outer loop
    vertex 30.4124783333333 8.61795563284428e-015 0.875664999999999
    vertex 29.244925 7.49042140681063e-015 -1.40998324127395e-015
    vertex 30.4124783333333 8.45592505870122e-015 -8.81239525796218e-016
  endloop
endfacet
facet normal -4.62957055753449e-016 1.8540129959716e-016 1.0
  outer loop
    vertex 27.1101388157455 4.3134703645277 0.875664999999997
    vertex 27.5374929960187 3.8861161842545 0.875664999999997
    vertex 27.3519470284758 4.12792439698479 0.875664999999997
  endloop
endfacet
facet normal -4.62957055753449e-016 1.8540129959716e-016 1.0
  outer loop
    vertex 27.5374929960187 3.8861161842545 0.875664999999997
    vertex 27.1101388157455 4.3134703645277 0.875664999999997
    vertex 26.8285471879184 4.43010943582439 0.875664999999997
  endloop
endfacet
facet normal -4.62957055753449e-016 1.8540129959716e-016 1.0
  outer loop
    vertex 27.5374929960187 3.8861161842545 0.875664999999997
    vertex 26.8285471879184 4.43010943582439 0.875664999999997
    vertex 30.2414941063651 0.412792439698487 0.875664999999999
  endloop
endfacet
facet normal -4.62957055753449e-016 1.8540129959716e-016 1.0
  outer loop
    vertex 30.2414941063651 0.412792439698487 0.875664999999999
    vertex 26.8285471879184 4.43010943582439 0.875664999999997
    vertex 26.5263621490788 4.46989285092116 0.875664999999997
  endloop
endfacet
facet normal -4.62957055753449e-016 1.8540129959716e-016 1.0
  outer loop
    vertex 30.2414941063651 0.412792439698487 0.875664999999999
    vertex 26.5263621490788 4.46989285092116 0.875664999999997
    vertex 26.2241771102392 4.43010943582439 0.875664999999996
  endloop
endfacet
facet normal -4.62957055753449e-016 1.8540129959716e-016 1.0
  outer loop
    vertex 30.2414941063651 0.412792439698487 0.875664999999999
    vertex 26.2241771102392 4.43010943582439 0.875664999999996
    vertex 29.4159092269682 -0.412792439698472 0.875664999999999
  endloop
endfacet
facet normal -4.62957055753449e-016 1.8540129959716e-016 1.0
  outer loop
    vertex 29.4159092269682 -0.412792439698472 0.875664999999999
    vertex 26.2241771102392 4.43010943582439 0.875664999999996
    vertex 25.9425854824122 4.3134703645277 0.875664999999996
  endloop
endfacet
facet normal -4.62957055753449e-016 1.8540129959716e-016 1.0
  outer loop
    vertex 29.4159092269682 -0.412792439698472 0.875664999999999
    vertex 25.9425854824122 4.3134703645277 0.875664999999996
    vertex 25.7007772696819 4.12792439698479 0.875664999999996
  endloop
endfacet
facet normal -4.62957055753449e-016 1.8540129959716e-016 1.0
  outer loop
    vertex 29.4159092269682 -0.412792439698472 0.875664999999999
    vertex 25.7007772696819 4.12792439698479 0.875664999999996
    vertex 25.515231302139 3.88611618425449 0.875664999999996
  endloop
endfacet
facet normal -4.62957055753449e-016 1.8540129959716e-016 1.0
  outer loop
    vertex 29.4159092269682 -0.412792439698472 0.875664999999999
    vertex 25.515231302139 3.88611618425449 0.875664999999996
    vertex 25.3985922308423 3.60452455642743 0.875664999999996
  endloop
endfacet
facet normal -4.62957055753449e-016 1.8540129959716e-016 1.0
  outer loop
    vertex 29.4159092269682 -0.412792439698472 0.875664999999999
    vertex 25.3985922308423 3.60452455642743 0.875664999999996
    vertex 25.9425854824122 2.29120867064796 0.875664999999997
  endloop
endfacet
facet normal -4.62957055753449e-016 1.8540129959716e-016 1.0
  outer loop
    vertex 25.9425854824122 2.29120867064796 0.875664999999997
    vertex 25.3985922308423 3.60452455642743 0.875664999999996
    vertex 25.3588088157455 3.30233951758783 0.875664999999996
  endloop
endfacet
facet normal -4.62957055753449e-016 1.8540129959716e-016 1.0
  outer loop
    vertex 25.9425854824122 2.29120867064796 0.875664999999997
    vertex 25.3588088157455 3.30233951758783 0.875664999999996
    vertex 25.3985922308423 3.00015447874823 0.875664999999996
  endloop
endfacet
facet normal -4.62957055753449e-016 1.8540129959716e-016 1.0
  outer loop
    vertex 25.9425854824122 2.29120867064796 0.875664999999997
    vertex 25.3985922308423 3.00015447874823 0.875664999999996
    vertex 25.515231302139 2.71856285092116 0.875664999999996
  endloop
endfacet
facet normal -4.62957055753449e-016 1.8540129959716e-016 1.0
  outer loop
    vertex 25.9425854824122 2.29120867064796 0.875664999999997
    vertex 25.515231302139 2.71856285092116 0.875664999999996
    vertex 25.7007772696819 2.47675463819087 0.875664999999997
  endloop
endfacet
facet normal -0.614298263082266 -0.789073915405972 -1.41093278213433e-016
  outer loop
    vertex 25.9425854824122 2.29120867064796 0.875664999999997
    vertex 29.4159092269682 -0.412792439698472 -1.23373533611471e-015
    vertex 29.4159092269682 -0.412792439698472 0.875664999999999
  endloop
endfacet
facet normal -0.614298263082266 -0.789073915405972 -1.41093278213433e-016
  outer loop
    vertex 29.4159092269682 -0.412792439698472 -1.23373533611471e-015
    vertex 25.9425854824122 2.29120867064796 0.875664999999997
    vertex 25.9425854824122 2.29120867064796 -3.17246229286638e-015
  endloop
endfacet
facet normal -0.382683432365089 0.923879532511287 -3.26065670637519e-016
  outer loop
    vertex 26.2241771102392 4.43010943582439 -3.52495810318487e-015
    vertex 25.9425854824122 4.3134703645277 0.875664999999996
    vertex 26.2241771102392 4.43010943582439 0.875664999999996
  endloop
endfacet
facet normal -0.382683432365089 0.923879532511287 -3.26065670637519e-016
  outer loop
    vertex 25.9425854824122 4.3134703645277 0.875664999999996
    vertex 26.2241771102392 4.43010943582439 -3.52495810318487e-015
    vertex 25.9425854824122 4.3134703645277 -3.70120600834412e-015
  endloop
endfacet
facet normal -0.130526192220055 0.99144486137381 -2.25017497172597e-016
  outer loop
    vertex 26.5263621490788 4.46989285092116 -3.34871019802563e-015
    vertex 26.2241771102392 4.43010943582439 0.875664999999996
    vertex 26.5263621490788 4.46989285092116 0.875664999999997
  endloop
endfacet
facet normal -0.130526192220055 0.99144486137381 -2.25017497172597e-016
  outer loop
    vertex 26.2241771102392 4.43010943582439 0.875664999999996
    vertex 26.5263621490788 4.46989285092116 -3.34871019802563e-015
    vertex 26.2241771102392 4.43010943582439 -3.52495810318487e-015
  endloop
endfacet
facet normal 0.130526192220049 0.991444861373811 -1.08634753134357e-016
  outer loop
    vertex 26.5263621490788 4.46989285092116 -3.34871019802563e-015
    vertex 26.8285471879184 4.43010943582439 0.875664999999997
    vertex 26.8285471879184 4.43010943582439 -3.17246229286638e-015
  endloop
endfacet
facet normal 0.130526192220049 0.991444861373811 -1.08634753134357e-016
  outer loop
    vertex 26.8285471879184 4.43010943582439 0.875664999999997
    vertex 26.5263621490788 4.46989285092116 -3.34871019802563e-015
    vertex 26.5263621490788 4.46989285092116 0.875664999999997
  endloop
endfacet
facet normal 0.382683432365089 0.923879532511287 1.51512698025726e-017
  outer loop
    vertex 26.8285471879184 4.43010943582439 -3.17246229286638e-015
    vertex 27.1101388157455 4.3134703645277 0.875664999999997
    vertex 27.1101388157455 4.3134703645277 -2.99621438770714e-015
  endloop
endfacet
facet normal 0.382683432365089 0.923879532511287 1.51512698025726e-017
  outer loop
    vertex 27.1101388157455 4.3134703645277 0.875664999999997
    vertex 26.8285471879184 4.43010943582439 -3.17246229286638e-015
    vertex 26.8285471879184 4.43010943582439 0.875664999999997
  endloop
endfacet
facet normal 0.608761429008719 0.793353340291236 1.37904758741113e-016
  outer loop
    vertex 27.1101388157455 4.3134703645277 -2.99621438770714e-015
    vertex 27.3519470284758 4.12792439698479 0.875664999999997
    vertex 27.3519470284758 4.12792439698479 -2.99621438770714e-015
  endloop
endfacet
facet normal 0.608761429008719 0.793353340291236 1.37904758741113e-016
  outer loop
    vertex 27.3519470284758 4.12792439698479 0.875664999999997
    vertex 27.1101388157455 4.3134703645277 -2.99621438770714e-015
    vertex 27.1101388157455 4.3134703645277 0.875664999999997
  endloop
endfacet
facet normal 0.793353340291234 0.608761429008722 2.51260266269836e-016
  outer loop
    vertex 27.3519470284758 4.12792439698479 -2.99621438770714e-015
    vertex 27.5374929960187 3.8861161842545 0.875664999999997
    vertex 27.5374929960187 3.8861161842545 -2.8199664825479e-015
  endloop
endfacet
facet normal 0.793353340291234 0.608761429008722 2.51260266269836e-016
  outer loop
    vertex 27.5374929960187 3.8861161842545 0.875664999999997
    vertex 27.3519470284758 4.12792439698479 -2.99621438770714e-015
    vertex 27.3519470284758 4.12792439698479 0.875664999999997
  endloop
endfacet
facet normal 0.78907391540597 0.614298263082268 2.48420747955568e-016
  outer loop
    vertex 30.2414941063651 0.412792439698486 -1.05748743095546e-015
    vertex 27.5374929960187 3.8861161842545 0.875664999999997
    vertex 30.2414941063651 0.412792439698487 0.875664999999999
  endloop
endfacet
facet normal 0.78907391540597 0.614298263082268 2.48420747955568e-016
  outer loop
    vertex 27.5374929960187 3.8861161842545 0.875664999999997
    vertex 30.2414941063651 0.412792439698486 -1.05748743095546e-015
    vertex 27.5374929960187 3.8861161842545 -2.8199664825479e-015
  endloop
endfacet
facet normal -0.608761429008719 -0.793353340291237 -1.37904758741113e-016
  outer loop
    vertex 25.7007772696819 2.47675463819087 0.875664999999997
    vertex 25.9425854824122 2.29120867064796 -3.17246229286638e-015
    vertex 25.9425854824122 2.29120867064796 0.875664999999997
  endloop
endfacet
facet normal -0.608761429008719 -0.793353340291237 -1.37904758741113e-016
  outer loop
    vertex 25.9425854824122 2.29120867064796 -3.17246229286638e-015
    vertex 25.7007772696819 2.47675463819087 0.875664999999997
    vertex 25.7007772696819 2.47675463819087 -3.34871019802563e-015
  endloop
endfacet
facet normal -0.793353340291234 -0.608761429008722 -2.51260266269836e-016
  outer loop
    vertex 25.515231302139 2.71856285092116 0.875664999999996
    vertex 25.7007772696819 2.47675463819087 -3.34871019802563e-015
    vertex 25.7007772696819 2.47675463819087 0.875664999999997
  endloop
endfacet
facet normal -0.793353340291234 -0.608761429008722 -2.51260266269836e-016
  outer loop
    vertex 25.7007772696819 2.47675463819087 -3.34871019802563e-015
    vertex 25.515231302139 2.71856285092116 0.875664999999996
    vertex 25.515231302139 2.71856285092116 -3.52495810318487e-015
  endloop
endfacet
facet normal -0.923879532511286 -0.382683432365092 -3.47492801879492e-016
  outer loop
    vertex 25.3985922308423 3.00015447874823 0.875664999999996
    vertex 25.515231302139 2.71856285092116 -3.52495810318487e-015
    vertex 25.515231302139 2.71856285092116 0.875664999999996
  endloop
endfacet
facet normal -0.923879532511286 -0.382683432365092 -3.47492801879492e-016
  outer loop
    vertex 25.515231302139 2.71856285092116 -3.52495810318487e-015
    vertex 25.3985922308423 3.00015447874823 0.875664999999996
    vertex 25.3985922308423 3.00015447874823 -3.70120600834412e-015
  endloop
endfacet
facet normal -0.99144486137381 -0.130526192220054 -4.20044277300068e-016
  outer loop
    vertex 25.3588088157455 3.30233951758783 0.875664999999996
    vertex 25.3985922308423 3.00015447874823 -3.70120600834412e-015
    vertex 25.3985922308423 3.00015447874823 0.875664999999996
  endloop
endfacet
facet normal -0.99144486137381 -0.130526192220054 -4.20044277300068e-016
  outer loop
    vertex 25.3985922308423 3.00015447874823 -3.70120600834412e-015
    vertex 25.3588088157455 3.30233951758783 0.875664999999996
    vertex 25.3588088157455 3.30233951758783 -3.70120600834412e-015
  endloop
endfacet
facet normal -0.991444861373811 0.130526192220049 -4.63970429378633e-016
  outer loop
    vertex 25.3985922308423 3.60452455642743 -3.70120600834412e-015
    vertex 25.3588088157455 3.30233951758783 0.875664999999996
    vertex 25.3985922308423 3.60452455642743 0.875664999999996
  endloop
endfacet
facet normal -0.991444861373811 0.130526192220049 -4.63970429378633e-016
  outer loop
    vertex 25.3588088157455 3.30233951758783 0.875664999999996
    vertex 25.3985922308423 3.60452455642743 -3.70120600834412e-015
    vertex 25.3588088157455 3.30233951758783 -3.70120600834412e-015
  endloop
endfacet
facet normal -0.923879532511287 0.382683432365089 -4.76277763442432e-016
  outer loop
    vertex 25.515231302139 3.88611618425449 -3.70120600834412e-015
    vertex 25.3985922308423 3.60452455642743 0.875664999999996
    vertex 25.515231302139 3.88611618425449 0.875664999999996
  endloop
endfacet
facet normal -0.923879532511287 0.382683432365089 -4.76277763442432e-016
  outer loop
    vertex 25.3985922308423 3.60452455642743 0.875664999999996
    vertex 25.515231302139 3.88611618425449 -3.70120600834412e-015
    vertex 25.3985922308423 3.60452455642743 -3.70120600834412e-015
  endloop
endfacet
facet normal -0.793353340291237 0.608761429008718 -4.56127555013848e-016
  outer loop
    vertex 25.7007772696819 4.12792439698479 -3.70120600834412e-015
    vertex 25.515231302139 3.88611618425449 0.875664999999996
    vertex 25.7007772696819 4.12792439698479 0.875664999999996
  endloop
endfacet
facet normal -0.793353340291237 0.608761429008718 -4.56127555013848e-016
  outer loop
    vertex 25.515231302139 3.88611618425449 0.875664999999996
    vertex 25.7007772696819 4.12792439698479 -3.70120600834412e-015
    vertex 25.515231302139 3.88611618425449 -3.70120600834412e-015
  endloop
endfacet
facet normal -0.608761429008723 0.793353340291234 -4.04893007497496e-016
  outer loop
    vertex 25.9425854824122 4.3134703645277 -3.70120600834412e-015
    vertex 25.7007772696819 4.12792439698479 0.875664999999996
    vertex 25.9425854824122 4.3134703645277 0.875664999999996
  endloop
endfacet
facet normal -0.608761429008723 0.793353340291234 -4.04893007497496e-016
  outer loop
    vertex 25.7007772696819 4.12792439698479 0.875664999999996
    vertex 25.9425854824122 4.3134703645277 -3.70120600834412e-015
    vertex 25.7007772696819 4.12792439698479 -3.70120600834412e-015
  endloop
endfacet
facet normal 4.45821417367454e-016 -1.68265661211165e-016 -1.0
  outer loop
    vertex 27.5374929960187 3.8861161842545 -2.8199664825479e-015
    vertex 27.1101388157455 4.3134703645277 -2.99621438770714e-015
    vertex 27.3519470284758 4.12792439698479 -2.99621438770714e-015
  endloop
endfacet
facet normal 4.45821417367454e-016 -1.68265661211165e-016 -1.0
  outer loop
    vertex 27.1101388157455 4.3134703645277 -2.99621438770714e-015
    vertex 27.5374929960187 3.8861161842545 -2.8199664825479e-015
    vertex 26.8285471879184 4.43010943582439 -3.17246229286638e-015
  endloop
endfacet
facet normal 4.45821417367454e-016 -1.68265661211165e-016 -1.0
  outer loop
    vertex 26.8285471879184 4.43010943582439 -3.17246229286638e-015
    vertex 27.5374929960187 3.8861161842545 -2.8199664825479e-015
    vertex 30.2414941063651 0.412792439698486 -1.05748743095546e-015
  endloop
endfacet
facet normal 4.45821417367454e-016 -1.68265661211165e-016 -1.0
  outer loop
    vertex 26.8285471879184 4.43010943582439 -3.17246229286638e-015
    vertex 30.2414941063651 0.412792439698486 -1.05748743095546e-015
    vertex 26.5263621490788 4.46989285092116 -3.34871019802563e-015
  endloop
endfacet
facet normal 4.45821417367454e-016 -1.68265661211165e-016 -1.0
  outer loop
    vertex 26.5263621490788 4.46989285092116 -3.34871019802563e-015
    vertex 30.2414941063651 0.412792439698486 -1.05748743095546e-015
    vertex 26.2241771102392 4.43010943582439 -3.52495810318487e-015
  endloop
endfacet
facet normal 4.45821417367454e-016 -1.68265661211165e-016 -1.0
  outer loop
    vertex 26.2241771102392 4.43010943582439 -3.52495810318487e-015
    vertex 30.2414941063651 0.412792439698486 -1.05748743095546e-015
    vertex 29.4159092269682 -0.412792439698472 -1.23373533611471e-015
  endloop
endfacet
facet normal 4.45821417367454e-016 -1.68265661211165e-016 -1.0
  outer loop
    vertex 26.2241771102392 4.43010943582439 -3.52495810318487e-015
    vertex 29.4159092269682 -0.412792439698472 -1.23373533611471e-015
    vertex 25.9425854824122 4.3134703645277 -3.70120600834412e-015
  endloop
endfacet
facet normal 4.45821417367454e-016 -1.68265661211165e-016 -1.0
  outer loop
    vertex 25.9425854824122 4.3134703645277 -3.70120600834412e-015
    vertex 29.4159092269682 -0.412792439698472 -1.23373533611471e-015
    vertex 25.7007772696819 4.12792439698479 -3.70120600834412e-015
  endloop
endfacet
facet normal 4.45821417367454e-016 -1.68265661211165e-016 -1.0
  outer loop
    vertex 25.7007772696819 4.12792439698479 -3.70120600834412e-015
    vertex 29.4159092269682 -0.412792439698472 -1.23373533611471e-015
    vertex 25.515231302139 3.88611618425449 -3.70120600834412e-015
  endloop
endfacet
facet normal 4.45821417367454e-016 -1.68265661211165e-016 -1.0
  outer loop
    vertex 25.515231302139 3.88611618425449 -3.70120600834412e-015
    vertex 29.4159092269682 -0.412792439698472 -1.23373533611471e-015
    vertex 25.3985922308423 3.60452455642743 -3.70120600834412e-015
  endloop
endfacet
facet normal 4.45821417367454e-016 -1.68265661211165e-016 -1.0
  outer loop
    vertex 25.3985922308423 3.60452455642743 -3.70120600834412e-015
    vertex 29.4159092269682 -0.412792439698472 -1.23373533611471e-015
    vertex 25.9425854824122 2.29120867064796 -3.17246229286638e-015
  endloop
endfacet
facet normal 4.45821417367454e-016 -1.68265661211165e-016 -1.0
  outer loop
    vertex 25.3985922308423 3.60452455642743 -3.70120600834412e-015
    vertex 25.9425854824122 2.29120867064796 -3.17246229286638e-015
    vertex 25.3588088157455 3.30233951758783 -3.70120600834412e-015
  endloop
endfacet
facet normal 4.45821417367454e-016 -1.68265661211165e-016 -1.0
  outer loop
    vertex 25.3588088157455 3.30233951758783 -3.70120600834412e-015
    vertex 25.9425854824122 2.29120867064796 -3.17246229286638e-015
    vertex 25.3985922308423 3.00015447874823 -3.70120600834412e-015
  endloop
endfacet
facet normal 4.45821417367454e-016 -1.68265661211165e-016 -1.0
  outer loop
    vertex 25.3985922308423 3.00015447874823 -3.70120600834412e-015
    vertex 25.9425854824122 2.29120867064796 -3.17246229286638e-015
    vertex 25.515231302139 2.71856285092116 -3.52495810318487e-015
  endloop
endfacet
facet normal 4.45821417367454e-016 -1.68265661211165e-016 -1.0
  outer loop
    vertex 25.515231302139 2.71856285092116 -3.52495810318487e-015
    vertex 25.9425854824122 2.29120867064796 -3.17246229286638e-015
    vertex 25.7007772696819 2.47675463819087 -3.34871019802563e-015
  endloop
endfacet
facet normal 0.707106781186548 -0.707106781186547 4.34225137501978e-016
  outer loop
    vertex 29.4159092269682 -0.412792439698472 -1.23373533611471e-015
    vertex 30.2414941063651 0.412792439698487 0.875664999999999
    vertex 29.4159092269682 -0.412792439698472 0.875664999999999
  endloop
endfacet
facet normal 0.707106781186548 -0.707106781186547 4.34225137501978e-016
  outer loop
    vertex 30.2414941063651 0.412792439698487 0.875664999999999
    vertex 29.4159092269682 -0.412792439698472 -1.23373533611471e-015
    vertex 30.2414941063651 0.412792439698486 -1.05748743095546e-015
  endloop
endfacet
facet normal -4.47778901716467e-016 2.22044604925031e-016 1.0
  outer loop
    vertex 24.8563032944937 1.12776991823656 0.875664999999997
    vertex 25.4606733721729 1.12776991823656 0.875664999999997
    vertex 25.1584883333333 1.16755333333333 0.875664999999997
  endloop
endfacet
facet normal -4.47778901716467e-016 2.22044604925031e-016 1.0
  outer loop
    vertex 25.4606733721729 1.12776991823656 0.875664999999997
    vertex 24.8563032944937 1.12776991823656 0.875664999999997
    vertex 24.5747116666667 1.01113084693987 0.875664999999996
  endloop
endfacet
facet normal -4.47778901716467e-016 2.22044604925031e-016 1.0
  outer loop
    vertex 25.4606733721729 1.12776991823656 0.875664999999997
    vertex 24.5747116666667 1.01113084693987 0.875664999999996
    vertex 29.8287016666667 0.583776666666672 0.875664999999999
  endloop
endfacet
facet normal -4.47778901716467e-016 2.22044604925031e-016 1.0
  outer loop
    vertex 29.8287016666667 0.583776666666672 0.875664999999999
    vertex 24.5747116666667 1.01113084693987 0.875664999999996
    vertex 24.3329034539364 0.825584879396956 0.875664999999996
  endloop
endfacet
facet normal -4.47778901716467e-016 2.22044604925031e-016 1.0
  outer loop
    vertex 29.8287016666667 0.583776666666672 0.875664999999999
    vertex 24.3329034539364 0.825584879396956 0.875664999999996
    vertex 24.1473574863935 0.583776666666665 0.875664999999996
  endloop
endfacet
facet normal -4.47778901716467e-016 2.22044604925031e-016 1.0
  outer loop
    vertex 29.8287016666667 0.583776666666672 0.875664999999999
    vertex 24.1473574863935 0.583776666666665 0.875664999999996
    vertex 29.8287016666667 -0.583776666666661 0.875664999999999
  endloop
endfacet
facet normal -4.47778901716467e-016 2.22044604925031e-016 1.0
  outer loop
    vertex 29.8287016666667 -0.583776666666661 0.875664999999999
    vertex 24.1473574863935 0.583776666666665 0.875664999999996
    vertex 24.0307184150968 0.302185038839598 0.875664999999996
  endloop
endfacet
facet normal -4.47778901716467e-016 2.22044604925031e-016 1.0
  outer loop
    vertex 29.8287016666667 -0.583776666666661 0.875664999999999
    vertex 24.0307184150968 0.302185038839598 0.875664999999996
    vertex 23.990935 -1.93872695675168e-015 0.875664999999996
  endloop
endfacet
facet normal -4.47778901716467e-016 2.22044604925031e-016 1.0
  outer loop
    vertex 29.8287016666667 -0.583776666666661 0.875664999999999
    vertex 23.990935 -1.93872695675168e-015 0.875664999999996
    vertex 24.0307184150968 -0.302185038839601 0.875664999999996
  endloop
endfacet
facet normal -4.47778901716467e-016 2.22044604925031e-016 1.0
  outer loop
    vertex 29.8287016666667 -0.583776666666661 0.875664999999999
    vertex 24.0307184150968 -0.302185038839601 0.875664999999996
    vertex 24.1473574863935 -0.583776666666668 0.875664999999997
  endloop
endfacet
facet normal -4.47778901716467e-016 2.22044604925031e-016 1.0
  outer loop
    vertex 29.8287016666667 -0.583776666666661 0.875664999999999
    vertex 24.1473574863935 -0.583776666666668 0.875664999999997
    vertex 25.4606733721729 -1.12776991823656 0.875664999999997
  endloop
endfacet
facet normal -4.47778901716467e-016 2.22044604925031e-016 1.0
  outer loop
    vertex 25.4606733721729 -1.12776991823656 0.875664999999997
    vertex 24.1473574863935 -0.583776666666668 0.875664999999997
    vertex 24.3329034539364 -0.825584879396959 0.875664999999997
  endloop
endfacet
facet normal -4.47778901716467e-016 2.22044604925031e-016 1.0
  outer loop
    vertex 25.4606733721729 -1.12776991823656 0.875664999999997
    vertex 24.3329034539364 -0.825584879396959 0.875664999999997
    vertex 24.5747116666667 -1.01113084693987 0.875664999999997
  endloop
endfacet
facet normal -4.47778901716467e-016 2.22044604925031e-016 1.0
  outer loop
    vertex 25.4606733721729 -1.12776991823656 0.875664999999997
    vertex 24.5747116666667 -1.01113084693987 0.875664999999997
    vertex 24.8563032944937 -1.12776991823656 0.875664999999997
  endloop
endfacet
facet normal -4.47778901716467e-016 2.22044604925031e-016 1.0
  outer loop
    vertex 25.4606733721729 -1.12776991823656 0.875664999999997
    vertex 24.8563032944937 -1.12776991823656 0.875664999999997
    vertex 25.1584883333333 -1.16755333333333 0.875664999999997
  endloop
endfacet
facet normal 0.123585048944394 -0.992333983937571 2.72686292525101e-016
  outer loop
    vertex 25.4606733721729 -1.12776991823656 0.875664999999997
    vertex 29.8287016666667 -0.583776666666661 -8.81239525796218e-016
    vertex 29.8287016666667 -0.583776666666661 0.875664999999999
  endloop
endfacet
facet normal 0.123585048944394 -0.992333983937571 2.72686292525101e-016
  outer loop
    vertex 29.8287016666667 -0.583776666666661 -8.81239525796218e-016
    vertex 25.4606733721729 -1.12776991823656 0.875664999999997
    vertex 25.4606733721729 -1.12776991823656 -2.46747067222941e-015
  endloop
endfacet
facet normal -0.923879532511286 0.382683432365091 -4.76277763442432e-016
  outer loop
    vertex 24.1473574863935 0.583776666666665 -3.52495810318487e-015
    vertex 24.0307184150968 0.302185038839598 0.875664999999996
    vertex 24.1473574863935 0.583776666666665 0.875664999999996
  endloop
endfacet
facet normal -0.923879532511286 0.382683432365091 -4.76277763442432e-016
  outer loop
    vertex 24.0307184150968 0.302185038839598 0.875664999999996
    vertex 24.1473574863935 0.583776666666665 -3.52495810318487e-015
    vertex 24.0307184150968 0.302185038839598 -3.52495810318487e-015
  endloop
endfacet
facet normal -0.793353340291237 0.608761429008718 -4.711933881326e-016
  outer loop
    vertex 24.3329034539364 0.825584879396956 -3.52495810318487e-015
    vertex 24.1473574863935 0.583776666666665 0.875664999999996
    vertex 24.3329034539364 0.825584879396956 0.875664999999996
  endloop
endfacet
facet normal -0.793353340291237 0.608761429008718 -4.711933881326e-016
  outer loop
    vertex 24.1473574863935 0.583776666666665 0.875664999999996
    vertex 24.3329034539364 0.825584879396956 -3.52495810318487e-015
    vertex 24.1473574863935 0.583776666666665 -3.52495810318487e-015
  endloop
endfacet
facet normal -0.608761429008723 0.793353340291234 -4.33997962105422e-016
  outer loop
    vertex 24.3329034539364 0.825584879396956 -3.52495810318487e-015
    vertex 24.5747116666667 1.01113084693987 0.875664999999996
    vertex 24.5747116666667 1.01113084693987 -3.52495810318487e-015
  endloop
endfacet
facet normal -0.608761429008723 0.793353340291234 -4.33997962105422e-016
  outer loop
    vertex 24.5747116666667 1.01113084693987 0.875664999999996
    vertex 24.3329034539364 0.825584879396956 -3.52495810318487e-015
    vertex 24.3329034539364 0.825584879396956 0.875664999999996
  endloop
endfacet
facet normal -0.382683432365091 0.923879532511286 -3.67226292176303e-016
  outer loop
    vertex 24.5747116666667 1.01113084693987 -3.52495810318487e-015
    vertex 24.8563032944937 1.12776991823656 0.875664999999997
    vertex 24.8563032944937 1.12776991823656 -3.34871019802563e-015
  endloop
endfacet
facet normal -0.382683432365091 0.923879532511286 -3.67226292176303e-016
  outer loop
    vertex 24.8563032944937 1.12776991823656 0.875664999999997
    vertex 24.5747116666667 1.01113084693987 -3.52495810318487e-015
    vertex 24.5747116666667 1.01113084693987 0.875664999999996
  endloop
endfacet
facet normal -0.130526192220053 0.99144486137381 -2.75428757305511e-016
  outer loop
    vertex 24.8563032944937 1.12776991823656 -3.34871019802563e-015
    vertex 25.1584883333333 1.16755333333333 0.875664999999997
    vertex 25.1584883333333 1.16755333333333 -3.17246229286638e-015
  endloop
endfacet
facet normal -0.130526192220053 0.99144486137381 -2.75428757305511e-016
  outer loop
    vertex 25.1584883333333 1.16755333333333 0.875664999999997
    vertex 24.8563032944937 1.12776991823656 -3.34871019802563e-015
    vertex 24.8563032944937 1.12776991823656 0.875664999999997
  endloop
endfacet
facet normal 0.13052619222005 0.991444861373811 -1.64861207791891e-016
  outer loop
    vertex 25.1584883333333 1.16755333333333 -3.17246229286638e-015
    vertex 25.4606733721729 1.12776991823656 0.875664999999997
    vertex 25.4606733721729 1.12776991823656 -2.99621438770714e-015
  endloop
endfacet
facet normal 0.13052619222005 0.991444861373811 -1.64861207791891e-016
  outer loop
    vertex 25.4606733721729 1.12776991823656 0.875664999999997
    vertex 25.1584883333333 1.16755333333333 -3.17246229286638e-015
    vertex 25.1584883333333 1.16755333333333 0.875664999999997
  endloop
endfacet
facet normal 0.123585048944392 0.992333983937571 -1.679985223091e-016
  outer loop
    vertex 29.8287016666667 0.583776666666672 -1.05748743095546e-015
    vertex 25.4606733721729 1.12776991823656 0.875664999999997
    vertex 29.8287016666667 0.583776666666672 0.875664999999999
  endloop
endfacet
facet normal 0.123585048944392 0.992333983937571 -1.679985223091e-016
  outer loop
    vertex 25.4606733721729 1.12776991823656 0.875664999999997
    vertex 29.8287016666667 0.583776666666672 -1.05748743095546e-015
    vertex 25.4606733721729 1.12776991823656 -2.99621438770714e-015
  endloop
endfacet
facet normal 0.130526192220054 -0.99144486137381 2.75428757305511e-016
  outer loop
    vertex 25.1584883333333 -1.16755333333333 0.875664999999997
    vertex 25.4606733721729 -1.12776991823656 -2.46747067222941e-015
    vertex 25.4606733721729 -1.12776991823656 0.875664999999997
  endloop
endfacet
facet normal 0.130526192220054 -0.99144486137381 2.75428757305511e-016
  outer loop
    vertex 25.4606733721729 -1.12776991823656 -2.46747067222941e-015
    vertex 25.1584883333333 -1.16755333333333 0.875664999999997
    vertex 25.1584883333333 -1.16755333333333 -2.64371857738865e-015
  endloop
endfacet
facet normal -0.13052619222005 -0.991444861373811 1.64861207791891e-016
  outer loop
    vertex 24.8563032944937 -1.12776991823656 0.875664999999997
    vertex 25.1584883333333 -1.16755333333333 -2.64371857738865e-015
    vertex 25.1584883333333 -1.16755333333333 0.875664999999997
  endloop
endfacet
facet normal -0.13052619222005 -0.991444861373811 1.64861207791891e-016
  outer loop
    vertex 25.1584883333333 -1.16755333333333 -2.64371857738865e-015
    vertex 24.8563032944937 -1.12776991823656 0.875664999999997
    vertex 24.8563032944937 -1.12776991823656 -2.8199664825479e-015
  endloop
endfacet
facet normal -0.382683432365088 -0.923879532511288 4.30586394132808e-017
  outer loop
    vertex 24.5747116666667 -1.01113084693987 0.875664999999997
    vertex 24.8563032944937 -1.12776991823656 -2.8199664825479e-015
    vertex 24.8563032944937 -1.12776991823656 0.875664999999997
  endloop
endfacet
facet normal -0.382683432365088 -0.923879532511288 4.30586394132808e-017
  outer loop
    vertex 24.8563032944937 -1.12776991823656 -2.8199664825479e-015
    vertex 24.5747116666667 -1.01113084693987 0.875664999999997
    vertex 24.5747116666667 -1.01113084693987 -2.99621438770714e-015
  endloop
endfacet
facet normal -0.608761429008719 -0.793353340291236 -8.16783040835785e-017
  outer loop
    vertex 24.3329034539364 -0.825584879396959 0.875664999999997
    vertex 24.5747116666667 -1.01113084693987 -2.99621438770714e-015
    vertex 24.5747116666667 -1.01113084693987 0.875664999999997
  endloop
endfacet
facet normal -0.608761429008719 -0.793353340291236 -8.16783040835785e-017
  outer loop
    vertex 24.5747116666667 -1.01113084693987 -2.99621438770714e-015
    vertex 24.3329034539364 -0.825584879396959 0.875664999999997
    vertex 24.3329034539364 -0.825584879396959 -3.17246229286638e-015
  endloop
endfacet
facet normal -0.793353340291233 -0.608761429008723 -2.00849006136921e-016
  outer loop
    vertex 24.1473574863935 -0.583776666666668 -3.34871019802563e-015
    vertex 24.3329034539364 -0.825584879396959 0.875664999999997
    vertex 24.1473574863935 -0.583776666666668 0.875664999999997
  endloop
endfacet
facet normal -0.793353340291233 -0.608761429008723 -2.00849006136921e-016
  outer loop
    vertex 24.3329034539364 -0.825584879396959 0.875664999999997
    vertex 24.1473574863935 -0.583776666666668 -3.34871019802563e-015
    vertex 24.3329034539364 -0.825584879396959 -3.17246229286638e-015
  endloop
endfacet
facet normal -0.923879532511286 -0.382683432365091 -3.0633218034071e-016
  outer loop
    vertex 24.0307184150968 -0.302185038839601 -3.52495810318487e-015
    vertex 24.1473574863935 -0.583776666666668 0.875664999999997
    vertex 24.0307184150968 -0.302185038839601 0.875664999999996
  endloop
endfacet
facet normal -0.923879532511286 -0.382683432365091 -3.0633218034071e-016
  outer loop
    vertex 24.1473574863935 -0.583776666666668 0.875664999999997
    vertex 24.0307184150968 -0.302185038839601 -3.52495810318487e-015
    vertex 24.1473574863935 -0.583776666666668 -3.34871019802563e-015
  endloop
endfacet
facet normal -0.99144486137381 -0.130526192220054 -3.90939322692141e-016
  outer loop
    vertex 23.990935 -2.11497486191092e-015 -3.52495810318487e-015
    vertex 24.0307184150968 -0.302185038839601 0.875664999999996
    vertex 23.990935 -1.93872695675168e-015 0.875664999999996
  endloop
endfacet
facet normal -0.99144486137381 -0.130526192220054 -3.90939322692141e-016
  outer loop
    vertex 24.0307184150968 -0.302185038839601 0.875664999999996
    vertex 23.990935 -2.11497486191092e-015 -3.52495810318487e-015
    vertex 24.0307184150968 -0.302185038839601 -3.52495810318487e-015
  endloop
endfacet
facet normal -0.991444861373811 0.130526192220049 -4.48904596259882e-016
  outer loop
    vertex 24.0307184150968 0.302185038839598 -3.52495810318487e-015
    vertex 23.990935 -1.93872695675168e-015 0.875664999999996
    vertex 24.0307184150968 0.302185038839598 0.875664999999996
  endloop
endfacet
facet normal -0.991444861373811 0.130526192220049 -4.48904596259882e-016
  outer loop
    vertex 23.990935 -1.93872695675168e-015 0.875664999999996
    vertex 24.0307184150968 0.302185038839598 -3.52495810318487e-015
    vertex 23.990935 -2.11497486191092e-015 -3.52495810318487e-015
  endloop
endfacet
facet normal 4.23545449511071e-016 -2.22044604925031e-016 -1.0
  outer loop
    vertex 25.4606733721729 1.12776991823656 -2.99621438770714e-015
    vertex 24.8563032944937 1.12776991823656 -3.34871019802563e-015
    vertex 25.1584883333333 1.16755333333333 -3.17246229286638e-015
  endloop
endfacet
facet normal 4.23545449511071e-016 -2.22044604925031e-016 -1.0
  outer loop
    vertex 24.8563032944937 1.12776991823656 -3.34871019802563e-015
    vertex 25.4606733721729 1.12776991823656 -2.99621438770714e-015
    vertex 24.5747116666667 1.01113084693987 -3.52495810318487e-015
  endloop
endfacet
facet normal 4.23545449511071e-016 -2.22044604925031e-016 -1.0
  outer loop
    vertex 24.5747116666667 1.01113084693987 -3.52495810318487e-015
    vertex 25.4606733721729 1.12776991823656 -2.99621438770714e-015
    vertex 29.8287016666667 0.583776666666672 -1.05748743095546e-015
  endloop
endfacet
facet normal 4.23545449511071e-016 -2.22044604925031e-016 -1.0
  outer loop
    vertex 24.5747116666667 1.01113084693987 -3.52495810318487e-015
    vertex 29.8287016666667 0.583776666666672 -1.05748743095546e-015
    vertex 24.3329034539364 0.825584879396956 -3.52495810318487e-015
  endloop
endfacet
facet normal 4.23545449511071e-016 -2.22044604925031e-016 -1.0
  outer loop
    vertex 24.3329034539364 0.825584879396956 -3.52495810318487e-015
    vertex 29.8287016666667 0.583776666666672 -1.05748743095546e-015
    vertex 24.1473574863935 0.583776666666665 -3.52495810318487e-015
  endloop
endfacet
facet normal 4.23545449511071e-016 -2.22044604925031e-016 -1.0
  outer loop
    vertex 24.1473574863935 0.583776666666665 -3.52495810318487e-015
    vertex 29.8287016666667 0.583776666666672 -1.05748743095546e-015
    vertex 29.8287016666667 -0.583776666666661 -8.81239525796218e-016
  endloop
endfacet
facet normal 4.23545449511071e-016 -2.22044604925031e-016 -1.0
  outer loop
    vertex 24.1473574863935 0.583776666666665 -3.52495810318487e-015
    vertex 29.8287016666667 -0.583776666666661 -8.81239525796218e-016
    vertex 24.0307184150968 0.302185038839598 -3.52495810318487e-015
  endloop
endfacet
facet normal 4.23545449511071e-016 -2.22044604925031e-016 -1.0
  outer loop
    vertex 24.0307184150968 0.302185038839598 -3.52495810318487e-015
    vertex 29.8287016666667 -0.583776666666661 -8.81239525796218e-016
    vertex 23.990935 -2.11497486191092e-015 -3.52495810318487e-015
  endloop
endfacet
facet normal 4.23545449511071e-016 -2.22044604925031e-016 -1.0
  outer loop
    vertex 23.990935 -2.11497486191092e-015 -3.52495810318487e-015
    vertex 29.8287016666667 -0.583776666666661 -8.81239525796218e-016
    vertex 24.0307184150968 -0.302185038839601 -3.52495810318487e-015
  endloop
endfacet
facet normal 4.23545449511071e-016 -2.22044604925031e-016 -1.0
  outer loop
    vertex 24.0307184150968 -0.302185038839601 -3.52495810318487e-015
    vertex 29.8287016666667 -0.583776666666661 -8.81239525796218e-016
    vertex 24.1473574863935 -0.583776666666668 -3.34871019802563e-015
  endloop
endfacet
facet normal 4.23545449511071e-016 -2.22044604925031e-016 -1.0
  outer loop
    vertex 24.1473574863935 -0.583776666666668 -3.34871019802563e-015
    vertex 29.8287016666667 -0.583776666666661 -8.81239525796218e-016
    vertex 25.4606733721729 -1.12776991823656 -2.46747067222941e-015
  endloop
endfacet
facet normal 4.23545449511071e-016 -2.22044604925031e-016 -1.0
  outer loop
    vertex 24.1473574863935 -0.583776666666668 -3.34871019802563e-015
    vertex 25.4606733721729 -1.12776991823656 -2.46747067222941e-015
    vertex 24.3329034539364 -0.825584879396959 -3.17246229286638e-015
  endloop
endfacet
facet normal 4.23545449511071e-016 -2.22044604925031e-016 -1.0
  outer loop
    vertex 24.3329034539364 -0.825584879396959 -3.17246229286638e-015
    vertex 25.4606733721729 -1.12776991823656 -2.46747067222941e-015
    vertex 24.5747116666667 -1.01113084693987 -2.99621438770714e-015
  endloop
endfacet
facet normal 4.23545449511071e-016 -2.22044604925031e-016 -1.0
  outer loop
    vertex 24.5747116666667 -1.01113084693987 -2.99621438770714e-015
    vertex 25.4606733721729 -1.12776991823656 -2.46747067222941e-015
    vertex 24.8563032944937 -1.12776991823656 -2.8199664825479e-015
  endloop
endfacet
facet normal 4.23545449511071e-016 -2.22044604925031e-016 -1.0
  outer loop
    vertex 24.8563032944937 -1.12776991823656 -2.8199664825479e-015
    vertex 25.4606733721729 -1.12776991823656 -2.46747067222941e-015
    vertex 25.1584883333333 -1.16755333333333 -2.64371857738865e-015
  endloop
endfacet
facet normal 1.0 1.10450183589905e-015 4.23545449511071e-016
  outer loop
    vertex 29.8287016666667 -0.583776666666661 -8.81239525796218e-016
    vertex 29.8287016666667 0.583776666666672 0.875664999999999
    vertex 29.8287016666667 -0.583776666666661 0.875664999999999
  endloop
endfacet
facet normal 1.0 1.10450183589905e-015 4.23545449511071e-016
  outer loop
    vertex 29.8287016666667 0.583776666666672 0.875664999999999
    vertex 29.8287016666667 -0.583776666666661 -8.81239525796218e-016
    vertex 29.8287016666667 0.583776666666672 -1.05748743095546e-015
  endloop
endfacet
facet normal -4.62957055753449e-016 2.58687910252902e-016 1.0
  outer loop
    vertex 25.515231302139 -2.71856285092116 0.875664999999998
    vertex 25.9425854824122 -2.29120867064796 0.875664999999998
    vertex 25.7007772696819 -2.47675463819087 0.875664999999998
  endloop
endfacet
facet normal -4.62957055753449e-016 2.58687910252902e-016 1.0
  outer loop
    vertex 25.9425854824122 -2.29120867064796 0.875664999999998
    vertex 25.515231302139 -2.71856285092116 0.875664999999998
    vertex 25.3985922308423 -3.00015447874823 0.875664999999998
  endloop
endfacet
facet normal -4.62957055753449e-016 2.58687910252902e-016 1.0
  outer loop
    vertex 25.9425854824122 -2.29120867064796 0.875664999999998
    vertex 25.3985922308423 -3.00015447874823 0.875664999999998
    vertex 29.4159092269682 0.412792439698482 0.875664999999998
  endloop
endfacet
facet normal -4.62957055753449e-016 2.58687910252902e-016 1.0
  outer loop
    vertex 29.4159092269682 0.412792439698482 0.875664999999998
    vertex 25.3985922308423 -3.00015447874823 0.875664999999998
    vertex 25.3588088157455 -3.30233951758783 0.875664999999998
  endloop
endfacet
facet normal -4.62957055753449e-016 2.58687910252902e-016 1.0
  outer loop
    vertex 29.4159092269682 0.412792439698482 0.875664999999998
    vertex 25.3588088157455 -3.30233951758783 0.875664999999998
    vertex 25.3985922308423 -3.60452455642743 0.875664999999998
  endloop
endfacet
facet normal -4.62957055753449e-016 2.58687910252902e-016 1.0
  outer loop
    vertex 29.4159092269682 0.412792439698482 0.875664999999998
    vertex 25.3985922308423 -3.60452455642743 0.875664999999998
    vertex 30.2414941063651 -0.412792439698474 0.875664999999999
  endloop
endfacet
facet normal -4.62957055753449e-016 2.58687910252902e-016 1.0
  outer loop
    vertex 30.2414941063651 -0.412792439698474 0.875664999999999
    vertex 25.3985922308423 -3.60452455642743 0.875664999999998
    vertex 25.515231302139 -3.8861161842545 0.875664999999998
  endloop
endfacet
facet normal -4.62957055753449e-016 2.58687910252902e-016 1.0
  outer loop
    vertex 30.2414941063651 -0.412792439698474 0.875664999999999
    vertex 25.515231302139 -3.8861161842545 0.875664999999998
    vertex 25.7007772696819 -4.12792439698479 0.875664999999998
  endloop
endfacet
facet normal -4.62957055753449e-016 2.58687910252902e-016 1.0
  outer loop
    vertex 30.2414941063651 -0.412792439698474 0.875664999999999
    vertex 25.7007772696819 -4.12792439698479 0.875664999999998
    vertex 25.9425854824122 -4.3134703645277 0.875664999999998
  endloop
endfacet
facet normal -4.62957055753449e-016 2.58687910252902e-016 1.0
  outer loop
    vertex 30.2414941063651 -0.412792439698474 0.875664999999999
    vertex 25.9425854824122 -4.3134703645277 0.875664999999998
    vertex 26.2241771102392 -4.43010943582438 0.875664999999998
  endloop
endfacet
facet normal -4.62957055753449e-016 2.58687910252902e-016 1.0
  outer loop
    vertex 30.2414941063651 -0.412792439698474 0.875664999999999
    vertex 26.2241771102392 -4.43010943582438 0.875664999999998
    vertex 27.5374929960187 -3.88611618425449 0.875664999999999
  endloop
endfacet
facet normal -4.62957055753449e-016 2.58687910252902e-016 1.0
  outer loop
    vertex 27.5374929960187 -3.88611618425449 0.875664999999999
    vertex 26.2241771102392 -4.43010943582438 0.875664999999998
    vertex 26.5263621490788 -4.46989285092116 0.875664999999999
  endloop
endfacet
facet normal -4.62957055753449e-016 2.58687910252902e-016 1.0
  outer loop
    vertex 27.5374929960187 -3.88611618425449 0.875664999999999
    vertex 26.5263621490788 -4.46989285092116 0.875664999999999
    vertex 26.8285471879184 -4.43010943582438 0.875664999999999
  endloop
endfacet
facet normal -4.62957055753449e-016 2.58687910252902e-016 1.0
  outer loop
    vertex 27.5374929960187 -3.88611618425449 0.875664999999999
    vertex 26.8285471879184 -4.43010943582438 0.875664999999999
    vertex 27.1101388157455 -4.31347036452769 0.875664999999999
  endloop
endfacet
facet normal -4.62957055753449e-016 2.58687910252902e-016 1.0
  outer loop
    vertex 27.5374929960187 -3.88611618425449 0.875664999999999
    vertex 27.1101388157455 -4.31347036452769 0.875664999999999
    vertex 27.3519470284758 -4.12792439698478 0.875664999999999
  endloop
endfacet
facet normal 0.789073915405972 -0.614298263082266 5.21223978220039e-016
  outer loop
    vertex 27.5374929960187 -3.88611618425449 0.875664999999999
    vertex 30.2414941063651 -0.412792439698474 -7.04991620636974e-016
    vertex 30.2414941063651 -0.412792439698474 0.875664999999999
  endloop
endfacet
facet normal 0.789073915405972 -0.614298263082266 5.21223978220039e-016
  outer loop
    vertex 30.2414941063651 -0.412792439698474 -7.04991620636974e-016
    vertex 27.5374929960187 -3.88611618425449 0.875664999999999
    vertex 27.5374929960187 -3.88611618425449 -8.81239525796218e-016
  endloop
endfacet
facet normal -0.923879532511287 -0.382683432365089 -3.0633218034071e-016
  outer loop
    vertex 25.3985922308423 -3.60452455642743 -2.11497486191092e-015
    vertex 25.515231302139 -3.8861161842545 0.875664999999998
    vertex 25.3985922308423 -3.60452455642743 0.875664999999998
  endloop
endfacet
facet normal -0.923879532511287 -0.382683432365089 -3.0633218034071e-016
  outer loop
    vertex 25.515231302139 -3.8861161842545 0.875664999999998
    vertex 25.3985922308423 -3.60452455642743 -2.11497486191092e-015
    vertex 25.515231302139 -3.8861161842545 -1.93872695675168e-015
  endloop
endfacet
facet normal -0.99144486137381 -0.130526192220055 -4.06005155810892e-016
  outer loop
    vertex 25.3588088157455 -3.30233951758783 -2.11497486191092e-015
    vertex 25.3985922308423 -3.60452455642743 0.875664999999998
    vertex 25.3588088157455 -3.30233951758783 0.875664999999998
  endloop
endfacet
facet normal -0.99144486137381 -0.130526192220055 -4.06005155810892e-016
  outer loop
    vertex 25.3985922308423 -3.60452455642743 0.875664999999998
    vertex 25.3588088157455 -3.30233951758783 -2.11497486191092e-015
    vertex 25.3985922308423 -3.60452455642743 -2.11497486191092e-015
  endloop
endfacet
facet normal -0.991444861373811 0.130526192220049 -4.78009550867808e-016
  outer loop
    vertex 25.3588088157455 -3.30233951758783 -2.11497486191092e-015
    vertex 25.3985922308423 -3.00015447874823 0.875664999999998
    vertex 25.3985922308423 -3.00015447874823 -2.11497486191092e-015
  endloop
endfacet
facet normal -0.991444861373811 0.130526192220049 -4.78009550867808e-016
  outer loop
    vertex 25.3985922308423 -3.00015447874823 0.875664999999998
    vertex 25.3588088157455 -3.30233951758783 -2.11497486191092e-015
    vertex 25.3588088157455 -3.30233951758783 0.875664999999998
  endloop
endfacet
facet normal -0.923879532511287 0.382683432365089 -5.17438384981215e-016
  outer loop
    vertex 25.3985922308423 -3.00015447874823 -2.11497486191092e-015
    vertex 25.515231302139 -2.71856285092116 0.875664999999998
    vertex 25.515231302139 -2.71856285092116 -2.11497486191092e-015
  endloop
endfacet
facet normal -0.923879532511287 0.382683432365089 -5.17438384981215e-016
  outer loop
    vertex 25.515231302139 -2.71856285092116 0.875664999999998
    vertex 25.3985922308423 -3.00015447874823 -2.11497486191092e-015
    vertex 25.3985922308423 -3.00015447874823 0.875664999999998
  endloop
endfacet
facet normal -0.793353340291236 0.608761429008719 -5.21604648265514e-016
  outer loop
    vertex 25.515231302139 -2.71856285092116 -2.11497486191092e-015
    vertex 25.7007772696819 -2.47675463819087 0.875664999999998
    vertex 25.7007772696819 -2.47675463819087 -2.11497486191092e-015
  endloop
endfacet
facet normal -0.793353340291236 0.608761429008719 -5.21604648265514e-016
  outer loop
    vertex 25.7007772696819 -2.47675463819087 0.875664999999998
    vertex 25.515231302139 -2.71856285092116 -2.11497486191092e-015
    vertex 25.515231302139 -2.71856285092116 0.875664999999998
  endloop
endfacet
facet normal -0.608761429008722 0.793353340291234 -4.90224416762956e-016
  outer loop
    vertex 25.7007772696819 -2.47675463819087 -2.11497486191092e-015
    vertex 25.9425854824122 -2.29120867064796 0.875664999999998
    vertex 25.9425854824122 -2.29120867064796 -2.11497486191092e-015
  endloop
endfacet
facet normal -0.608761429008722 0.793353340291234 -4.90224416762956e-016
  outer loop
    vertex 25.9425854824122 -2.29120867064796 0.875664999999998
    vertex 25.7007772696819 -2.47675463819087 -2.11497486191092e-015
    vertex 25.7007772696819 -2.47675463819087 0.875664999999998
  endloop
endfacet
facet normal -0.614298263082268 0.78907391540597 -4.91512489819366e-016
  outer loop
    vertex 29.4159092269682 0.412792439698482 -1.23373533611471e-015
    vertex 25.9425854824122 -2.29120867064796 0.875664999999998
    vertex 29.4159092269682 0.412792439698482 0.875664999999998
  endloop
endfacet
facet normal -0.614298263082268 0.78907391540597 -4.91512489819366e-016
  outer loop
    vertex 25.9425854824122 -2.29120867064796 0.875664999999998
    vertex 29.4159092269682 0.412792439698482 -1.23373533611471e-015
    vertex 25.9425854824122 -2.29120867064796 -2.11497486191092e-015
  endloop
endfacet
facet normal 0.793353340291236 -0.608761429008719 5.21604648265514e-016
  outer loop
    vertex 27.3519470284758 -4.12792439698478 0.875664999999999
    vertex 27.5374929960187 -3.88611618425449 -8.81239525796218e-016
    vertex 27.5374929960187 -3.88611618425449 0.875664999999999
  endloop
endfacet
facet normal 0.793353340291236 -0.608761429008719 5.21604648265514e-016
  outer loop
    vertex 27.5374929960187 -3.88611618425449 -8.81239525796218e-016
    vertex 27.3519470284758 -4.12792439698478 0.875664999999999
    vertex 27.3519470284758 -4.12792439698478 -8.81239525796218e-016
  endloop
endfacet
facet normal 0.608761429008722 -0.793353340291234 4.90224416762956e-016
  outer loop
    vertex 27.1101388157455 -4.31347036452769 0.875664999999999
    vertex 27.3519470284758 -4.12792439698478 -8.81239525796218e-016
    vertex 27.3519470284758 -4.12792439698478 0.875664999999999
  endloop
endfacet
facet normal 0.608761429008722 -0.793353340291234 4.90224416762956e-016
  outer loop
    vertex 27.3519470284758 -4.12792439698478 -8.81239525796218e-016
    vertex 27.1101388157455 -4.31347036452769 0.875664999999999
    vertex 27.1101388157455 -4.31347036452769 -1.05748743095546e-015
  endloop
endfacet
facet normal 0.382683432365092 -0.923879532511286 4.25436201392156e-016
  outer loop
    vertex 26.8285471879184 -4.43010943582438 0.875664999999999
    vertex 27.1101388157455 -4.31347036452769 -1.05748743095546e-015
    vertex 27.1101388157455 -4.31347036452769 0.875664999999999
  endloop
endfacet
facet normal 0.382683432365092 -0.923879532511286 4.25436201392156e-016
  outer loop
    vertex 27.1101388157455 -4.31347036452769 -1.05748743095546e-015
    vertex 26.8285471879184 -4.43010943582438 0.875664999999999
    vertex 26.8285471879184 -4.43010943582438 -1.23373533611471e-015
  endloop
endfacet
facet normal 0.130526192220053 -0.99144486137381 3.31655211963045e-016
  outer loop
    vertex 26.5263621490788 -4.46989285092116 0.875664999999999
    vertex 26.8285471879184 -4.43010943582438 -1.23373533611471e-015
    vertex 26.8285471879184 -4.43010943582438 0.875664999999999
  endloop
endfacet
facet normal 0.130526192220053 -0.99144486137381 3.31655211963045e-016
  outer loop
    vertex 26.8285471879184 -4.43010943582438 -1.23373533611471e-015
    vertex 26.5263621490788 -4.46989285092116 0.875664999999999
    vertex 26.5263621490788 -4.46989285092116 -1.23373533611471e-015
  endloop
endfacet
facet normal -0.130526192220049 -0.991444861373811 2.15272467924806e-016
  outer loop
    vertex 26.2241771102392 -4.43010943582438 -1.40998324127395e-015
    vertex 26.5263621490788 -4.46989285092116 0.875664999999999
    vertex 26.2241771102392 -4.43010943582438 0.875664999999998
  endloop
endfacet
facet normal -0.130526192220049 -0.991444861373811 2.15272467924806e-016
  outer loop
    vertex 26.5263621490788 -4.46989285092116 0.875664999999999
    vertex 26.2241771102392 -4.43010943582438 -1.40998324127395e-015
    vertex 26.5263621490788 -4.46989285092116 -1.23373533611471e-015
  endloop
endfacet
facet normal -0.382683432365089 -0.923879532511287 8.42192609520629e-017
  outer loop
    vertex 25.9425854824122 -4.3134703645277 -1.58623114643319e-015
    vertex 26.2241771102392 -4.43010943582438 0.875664999999998
    vertex 25.9425854824122 -4.3134703645277 0.875664999999998
  endloop
endfacet
facet normal -0.382683432365089 -0.923879532511287 8.42192609520629e-017
  outer loop
    vertex 26.2241771102392 -4.43010943582438 0.875664999999998
    vertex 25.9425854824122 -4.3134703645277 -1.58623114643319e-015
    vertex 26.2241771102392 -4.43010943582438 -1.40998324127395e-015
  endloop
endfacet
facet normal -0.608761429008718 -0.793353340291237 -5.25733494756516e-017
  outer loop
    vertex 25.7007772696819 -4.12792439698479 -1.76247905159244e-015
    vertex 25.9425854824122 -4.3134703645277 0.875664999999998
    vertex 25.7007772696819 -4.12792439698479 0.875664999999998
  endloop
endfacet
facet normal -0.608761429008718 -0.793353340291237 -5.25733494756516e-017
  outer loop
    vertex 25.9425854824122 -4.3134703645277 0.875664999999998
    vertex 25.7007772696819 -4.12792439698479 -1.76247905159244e-015
    vertex 25.9425854824122 -4.3134703645277 -1.58623114643319e-015
  endloop
endfacet
facet normal -0.793353340291234 -0.608761429008723 -1.8578317301817e-016
  outer loop
    vertex 25.515231302139 -3.8861161842545 -1.93872695675168e-015
    vertex 25.7007772696819 -4.12792439698479 0.875664999999998
    vertex 25.515231302139 -3.8861161842545 0.875664999999998
  endloop
endfacet
facet normal -0.793353340291234 -0.608761429008723 -1.8578317301817e-016
  outer loop
    vertex 25.7007772696819 -4.12792439698479 0.875664999999998
    vertex 25.515231302139 -3.8861161842545 -1.93872695675168e-015
    vertex 25.7007772696819 -4.12792439698479 -1.76247905159244e-015
  endloop
endfacet
facet normal 4.45821417367454e-016 -2.75823548638898e-016 -1.0
  outer loop
    vertex 25.9425854824122 -2.29120867064796 -2.11497486191092e-015
    vertex 25.515231302139 -2.71856285092116 -2.11497486191092e-015
    vertex 25.7007772696819 -2.47675463819087 -2.11497486191092e-015
  endloop
endfacet
facet normal 4.45821417367454e-016 -2.75823548638898e-016 -1.0
  outer loop
    vertex 25.515231302139 -2.71856285092116 -2.11497486191092e-015
    vertex 25.9425854824122 -2.29120867064796 -2.11497486191092e-015
    vertex 25.3985922308423 -3.00015447874823 -2.11497486191092e-015
  endloop
endfacet
facet normal 4.45821417367454e-016 -2.75823548638898e-016 -1.0
  outer loop
    vertex 25.3985922308423 -3.00015447874823 -2.11497486191092e-015
    vertex 25.9425854824122 -2.29120867064796 -2.11497486191092e-015
    vertex 29.4159092269682 0.412792439698482 -1.23373533611471e-015
  endloop
endfacet
facet normal 4.45821417367454e-016 -2.75823548638898e-016 -1.0
  outer loop
    vertex 25.3985922308423 -3.00015447874823 -2.11497486191092e-015
    vertex 29.4159092269682 0.412792439698482 -1.23373533611471e-015
    vertex 25.3588088157455 -3.30233951758783 -2.11497486191092e-015
  endloop
endfacet
facet normal 4.45821417367454e-016 -2.75823548638898e-016 -1.0
  outer loop
    vertex 25.3588088157455 -3.30233951758783 -2.11497486191092e-015
    vertex 29.4159092269682 0.412792439698482 -1.23373533611471e-015
    vertex 25.3985922308423 -3.60452455642743 -2.11497486191092e-015
  endloop
endfacet
facet normal 4.45821417367454e-016 -2.75823548638898e-016 -1.0
  outer loop
    vertex 25.3985922308423 -3.60452455642743 -2.11497486191092e-015
    vertex 29.4159092269682 0.412792439698482 -1.23373533611471e-015
    vertex 30.2414941063651 -0.412792439698474 -7.04991620636974e-016
  endloop
endfacet
facet normal 4.45821417367454e-016 -2.75823548638898e-016 -1.0
  outer loop
    vertex 25.3985922308423 -3.60452455642743 -2.11497486191092e-015
    vertex 30.2414941063651 -0.412792439698474 -7.04991620636974e-016
    vertex 25.515231302139 -3.8861161842545 -1.93872695675168e-015
  endloop
endfacet
facet normal 4.45821417367454e-016 -2.75823548638898e-016 -1.0
  outer loop
    vertex 25.515231302139 -3.8861161842545 -1.93872695675168e-015
    vertex 30.2414941063651 -0.412792439698474 -7.04991620636974e-016
    vertex 25.7007772696819 -4.12792439698479 -1.76247905159244e-015
  endloop
endfacet
facet normal 4.45821417367454e-016 -2.75823548638898e-016 -1.0
  outer loop
    vertex 25.7007772696819 -4.12792439698479 -1.76247905159244e-015
    vertex 30.2414941063651 -0.412792439698474 -7.04991620636974e-016
    vertex 25.9425854824122 -4.3134703645277 -1.58623114643319e-015
  endloop
endfacet
facet normal 4.45821417367454e-016 -2.75823548638898e-016 -1.0
  outer loop
    vertex 25.9425854824122 -4.3134703645277 -1.58623114643319e-015
    vertex 30.2414941063651 -0.412792439698474 -7.04991620636974e-016
    vertex 26.2241771102392 -4.43010943582438 -1.40998324127395e-015
  endloop
endfacet
facet normal 4.45821417367454e-016 -2.75823548638898e-016 -1.0
  outer loop
    vertex 26.2241771102392 -4.43010943582438 -1.40998324127395e-015
    vertex 30.2414941063651 -0.412792439698474 -7.04991620636974e-016
    vertex 27.5374929960187 -3.88611618425449 -8.81239525796218e-016
  endloop
endfacet
facet normal 4.45821417367454e-016 -2.75823548638898e-016 -1.0
  outer loop
    vertex 26.2241771102392 -4.43010943582438 -1.40998324127395e-015
    vertex 27.5374929960187 -3.88611618425449 -8.81239525796218e-016
    vertex 26.5263621490788 -4.46989285092116 -1.23373533611471e-015
  endloop
endfacet
facet normal 4.45821417367454e-016 -2.75823548638898e-016 -1.0
  outer loop
    vertex 26.5263621490788 -4.46989285092116 -1.23373533611471e-015
    vertex 27.5374929960187 -3.88611618425449 -8.81239525796218e-016
    vertex 26.8285471879184 -4.43010943582438 -1.23373533611471e-015
  endloop
endfacet
facet normal 4.45821417367454e-016 -2.75823548638898e-016 -1.0
  outer loop
    vertex 26.8285471879184 -4.43010943582438 -1.23373533611471e-015
    vertex 27.5374929960187 -3.88611618425449 -8.81239525796218e-016
    vertex 27.1101388157455 -4.31347036452769 -1.05748743095546e-015
  endloop
endfacet
facet normal 4.45821417367454e-016 -2.75823548638898e-016 -1.0
  outer loop
    vertex 27.1101388157455 -4.31347036452769 -1.05748743095546e-015
    vertex 27.5374929960187 -3.88611618425449 -8.81239525796218e-016
    vertex 27.3519470284758 -4.12792439698478 -8.81239525796218e-016
  endloop
endfacet
facet normal 0.707106781186547 0.707106781186548 1.20206645765222e-016
  outer loop
    vertex 30.2414941063651 -0.412792439698474 -7.04991620636974e-016
    vertex 29.4159092269682 0.412792439698482 0.875664999999998
    vertex 30.2414941063651 -0.412792439698474 0.875664999999999
  endloop
endfacet
facet normal 0.707106781186547 0.707106781186548 1.20206645765222e-016
  outer loop
    vertex 29.4159092269682 0.412792439698482 0.875664999999998
    vertex 30.2414941063651 -0.412792439698474 -7.04991620636974e-016
    vertex 29.4159092269682 0.412792439698482 -1.23373533611471e-015
  endloop
endfacet
facet normal -4.99600361081321e-016 2.73866064289885e-016 1.0
  outer loop
    vertex 28.7009317484301 -4.97239837217293 0.875665
    vertex 28.7009317484301 -4.36802829449373 0.875665
    vertex 28.6611483333333 -4.67021333333333 0.875665
  endloop
endfacet
facet normal -4.99600361081321e-016 2.73866064289885e-016 1.0
  outer loop
    vertex 28.7009317484301 -4.36802829449373 0.875665
    vertex 28.7009317484301 -4.97239837217293 0.875665
    vertex 28.8175708197268 -5.25398999999999 0.875665
  endloop
endfacet
facet normal -4.99600361081321e-016 2.73866064289885e-016 1.0
  outer loop
    vertex 28.7009317484301 -4.36802829449373 0.875665
    vertex 28.8175708197268 -5.25398999999999 0.875665
    vertex 29.244925 2.43506749354702e-015 0.875664999999998
  endloop
endfacet
facet normal -4.99600361081321e-016 2.73866064289885e-016 1.0
  outer loop
    vertex 29.244925 2.43506749354702e-015 0.875664999999998
    vertex 28.8175708197268 -5.25398999999999 0.875665
    vertex 29.0031167872697 -5.49579821273028 0.875665
  endloop
endfacet
facet normal -4.99600361081321e-016 2.73866064289885e-016 1.0
  outer loop
    vertex 29.244925 2.43506749354702e-015 0.875664999999998
    vertex 29.0031167872697 -5.49579821273028 0.875665
    vertex 29.244925 -5.68134418027319 0.875665
  endloop
endfacet
facet normal -4.99600361081321e-016 2.73866064289885e-016 1.0
  outer loop
    vertex 29.244925 2.43506749354702e-015 0.875664999999998
    vertex 29.244925 -5.68134418027319 0.875665
    vertex 30.4124783333333 3.82185063820957e-015 0.875664999999999
  endloop
endfacet
facet normal -4.99600361081321e-016 2.73866064289885e-016 1.0
  outer loop
    vertex 30.4124783333333 3.82185063820957e-015 0.875664999999999
    vertex 29.244925 -5.68134418027319 0.875665
    vertex 29.5265166278271 -5.79798325156988 0.875665
  endloop
endfacet
facet normal -4.99600361081321e-016 2.73866064289885e-016 1.0
  outer loop
    vertex 30.4124783333333 3.82185063820957e-015 0.875664999999999
    vertex 29.5265166278271 -5.79798325156988 0.875665
    vertex 29.8287016666667 -5.83776666666666 0.875665000000001
  endloop
endfacet
facet normal -4.99600361081321e-016 2.73866064289885e-016 1.0
  outer loop
    vertex 30.4124783333333 3.82185063820957e-015 0.875664999999999
    vertex 29.8287016666667 -5.83776666666666 0.875665000000001
    vertex 30.1308867055063 -5.79798325156988 0.875665000000001
  endloop
endfacet
facet normal -4.99600361081321e-016 2.73866064289885e-016 1.0
  outer loop
    vertex 30.4124783333333 3.82185063820957e-015 0.875664999999999
    vertex 30.1308867055063 -5.79798325156988 0.875665000000001
    vertex 30.4124783333333 -5.68134418027319 0.875665000000001
  endloop
endfacet
facet normal -4.99600361081321e-016 2.73866064289885e-016 1.0
  outer loop
    vertex 30.4124783333333 3.82185063820957e-015 0.875664999999999
    vertex 30.4124783333333 -5.68134418027319 0.875665000000001
    vertex 30.9564715849032 -4.36802829449373 0.875665000000001
  endloop
endfacet
facet normal -4.99600361081321e-016 2.73866064289885e-016 1.0
  outer loop
    vertex 30.9564715849032 -4.36802829449373 0.875665000000001
    vertex 30.4124783333333 -5.68134418027319 0.875665000000001
    vertex 30.6542865460636 -5.49579821273028 0.875665000000001
  endloop
endfacet
facet normal -4.99600361081321e-016 2.73866064289885e-016 1.0
  outer loop
    vertex 30.9564715849032 -4.36802829449373 0.875665000000001
    vertex 30.6542865460636 -5.49579821273028 0.875665000000001
    vertex 30.8398325136065 -5.25398999999999 0.875665000000001
  endloop
endfacet
facet normal -4.99600361081321e-016 2.73866064289885e-016 1.0
  outer loop
    vertex 30.9564715849032 -4.36802829449373 0.875665000000001
    vertex 30.8398325136065 -5.25398999999999 0.875665000000001
    vertex 30.9564715849032 -4.97239837217292 0.875665000000001
  endloop
endfacet
facet normal -4.99600361081321e-016 2.73866064289885e-016 1.0
  outer loop
    vertex 30.9564715849032 -4.36802829449373 0.875665000000001
    vertex 30.9564715849032 -4.97239837217292 0.875665000000001
    vertex 30.996255 -4.67021333333332 0.875665000000001
  endloop
endfacet
facet normal 0.992333983937571 0.123585048944394 4.58929773352106e-016
  outer loop
    vertex 30.9564715849032 -4.36802829449373 0.875665000000001
    vertex 30.4124783333333 3.62741394923789e-015 -7.04991620636974e-016
    vertex 30.4124783333333 3.82185063820957e-015 0.875664999999999
  endloop
endfacet
facet normal 0.992333983937571 0.123585048944394 4.58929773352106e-016
  outer loop
    vertex 30.4124783333333 3.62741394923789e-015 -7.04991620636974e-016
    vertex 30.9564715849032 -4.36802829449373 0.875665000000001
    vertex 30.9564715849032 -4.36802829449373 8.81239525796218e-016
  endloop
endfacet
facet normal -0.382683432365091 -0.923879532511286 8.42192609520617e-017
  outer loop
    vertex 29.244925 -5.68134418027319 3.52495810318487e-016
    vertex 29.5265166278271 -5.79798325156988 0.875665
    vertex 29.244925 -5.68134418027319 0.875665
  endloop
endfacet
facet normal -0.382683432365091 -0.923879532511286 8.42192609520617e-017
  outer loop
    vertex 29.5265166278271 -5.79798325156988 0.875665
    vertex 29.244925 -5.68134418027319 3.52495810318487e-016
    vertex 29.5265166278271 -5.79798325156988 5.28743715477731e-016
  endloop
endfacet
facet normal -0.608761429008718 -0.793353340291237 -6.76391825944027e-017
  outer loop
    vertex 29.0031167872697 -5.49579821273028 1.76247905159244e-016
    vertex 29.244925 -5.68134418027319 0.875665
    vertex 29.0031167872697 -5.49579821273028 0.875665
  endloop
endfacet
facet normal -0.608761429008718 -0.793353340291237 -6.76391825944027e-017
  outer loop
    vertex 29.244925 -5.68134418027319 0.875665
    vertex 29.0031167872697 -5.49579821273028 1.76247905159244e-016
    vertex 29.244925 -5.68134418027319 3.52495810318487e-016
  endloop
endfacet
facet normal -0.793353340291234 -0.608761429008723 -2.14888127626096e-016
  outer loop
    vertex 29.0031167872697 -5.49579821273028 1.76247905159244e-016
    vertex 28.8175708197268 -5.25398999999999 0.875665
    vertex 28.8175708197268 -5.25398999999999 0.0
  endloop
endfacet
facet normal -0.793353340291234 -0.608761429008723 -2.14888127626096e-016
  outer loop
    vertex 28.8175708197268 -5.25398999999999 0.875665
    vertex 29.0031167872697 -5.49579821273028 1.76247905159244e-016
    vertex 29.0031167872697 -5.49579821273028 0.875665
  endloop
endfacet
facet normal -0.923879532511286 -0.382683432365091 -3.47492801879492e-016
  outer loop
    vertex 28.8175708197268 -5.25398999999999 0.0
    vertex 28.7009317484301 -4.97239837217293 0.875665
    vertex 28.7009317484301 -4.97239837217293 -1.76247905159244e-016
  endloop
endfacet
facet normal -0.923879532511286 -0.382683432365091 -3.47492801879492e-016
  outer loop
    vertex 28.7009317484301 -4.97239837217293 0.875665
    vertex 28.8175708197268 -5.25398999999999 0.0
    vertex 28.8175708197268 -5.25398999999999 0.875665
  endloop
endfacet
facet normal -0.99144486137381 -0.130526192220053 -4.56416415943807e-016
  outer loop
    vertex 28.7009317484301 -4.97239837217293 -1.76247905159244e-016
    vertex 28.6611483333333 -4.67021333333333 0.875665
    vertex 28.6611483333333 -4.67021333333333 -1.76247905159244e-016
  endloop
endfacet
facet normal -0.99144486137381 -0.130526192220053 -4.56416415943807e-016
  outer loop
    vertex 28.6611483333333 -4.67021333333333 0.875665
    vertex 28.7009317484301 -4.97239837217293 -1.76247905159244e-016
    vertex 28.7009317484301 -4.97239837217293 0.875665
  endloop
endfacet
facet normal -0.991444861373811 0.13052619222005 -5.34236005525342e-016
  outer loop
    vertex 28.6611483333333 -4.67021333333333 -1.76247905159244e-016
    vertex 28.7009317484301 -4.36802829449373 0.875665
    vertex 28.7009317484301 -4.36802829449373 -1.76247905159244e-016
  endloop
endfacet
facet normal -0.991444861373811 0.13052619222005 -5.34236005525342e-016
  outer loop
    vertex 28.7009317484301 -4.36802829449373 0.875665
    vertex 28.6611483333333 -4.67021333333333 -1.76247905159244e-016
    vertex 28.6611483333333 -4.67021333333333 0.875665
  endloop
endfacet
facet normal -0.992333983937571 0.123585048944392 -5.32611060024845e-016
  outer loop
    vertex 29.244925 2.20822468974672e-015 -1.23373533611471e-015
    vertex 28.7009317484301 -4.36802829449373 0.875665
    vertex 29.244925 2.43506749354702e-015 0.875664999999998
  endloop
endfacet
facet normal -0.992333983937571 0.123585048944392 -5.32611060024845e-016
  outer loop
    vertex 28.7009317484301 -4.36802829449373 0.875665
    vertex 29.244925 2.20822468974672e-015 -1.23373533611471e-015
    vertex 28.7009317484301 -4.36802829449373 -1.76247905159244e-016
  endloop
endfacet
facet normal 0.99144486137381 0.130526192220054 4.56416415943807e-016
  outer loop
    vertex 30.996255 -4.67021333333332 0.875665000000001
    vertex 30.9564715849032 -4.36802829449373 8.81239525796218e-016
    vertex 30.9564715849032 -4.36802829449373 0.875665000000001
  endloop
endfacet
facet normal 0.99144486137381 0.130526192220054 4.56416415943807e-016
  outer loop
    vertex 30.9564715849032 -4.36802829449373 8.81239525796218e-016
    vertex 30.996255 -4.67021333333332 0.875665000000001
    vertex 30.996255 -4.67021333333332 1.05748743095546e-015
  endloop
endfacet
facet normal 0.991444861373811 -0.13052619222005 5.34236005525342e-016
  outer loop
    vertex 30.9564715849032 -4.97239837217292 0.875665000000001
    vertex 30.996255 -4.67021333333332 1.05748743095546e-015
    vertex 30.996255 -4.67021333333332 0.875665000000001
  endloop
endfacet
facet normal 0.991444861373811 -0.13052619222005 5.34236005525342e-016
  outer loop
    vertex 30.996255 -4.67021333333332 1.05748743095546e-015
    vertex 30.9564715849032 -4.97239837217292 0.875665000000001
    vertex 30.9564715849032 -4.97239837217292 1.05748743095546e-015
  endloop
endfacet
facet normal 0.923879532511288 -0.382683432365088 5.75648294197068e-016
  outer loop
    vertex 30.8398325136065 -5.25398999999999 0.875665000000001
    vertex 30.9564715849032 -4.97239837217292 1.05748743095546e-015
    vertex 30.9564715849032 -4.97239837217292 0.875665000000001
  endloop
endfacet
facet normal 0.923879532511288 -0.382683432365088 5.75648294197068e-016
  outer loop
    vertex 30.9564715849032 -4.97239837217292 1.05748743095546e-015
    vertex 30.8398325136065 -5.25398999999999 0.875665000000001
    vertex 30.8398325136065 -5.25398999999999 1.05748743095546e-015
  endloop
endfacet
facet normal 0.793353340291236 -0.608761429008719 5.77831102923049e-016
  outer loop
    vertex 30.6542865460636 -5.49579821273028 0.875665000000001
    vertex 30.8398325136065 -5.25398999999999 1.05748743095546e-015
    vertex 30.8398325136065 -5.25398999999999 0.875665000000001
  endloop
endfacet
facet normal 0.793353340291236 -0.608761429008719 5.77831102923049e-016
  outer loop
    vertex 30.8398325136065 -5.25398999999999 1.05748743095546e-015
    vertex 30.6542865460636 -5.49579821273028 0.875665000000001
    vertex 30.6542865460636 -5.49579821273028 1.05748743095546e-015
  endloop
endfacet
facet normal 0.608761429008723 -0.793353340291234 5.40635676895871e-016
  outer loop
    vertex 30.4124783333333 -5.68134418027319 8.81239525796218e-016
    vertex 30.6542865460636 -5.49579821273028 0.875665000000001
    vertex 30.4124783333333 -5.68134418027319 0.875665000000001
  endloop
endfacet
facet normal 0.608761429008723 -0.793353340291234 5.40635676895871e-016
  outer loop
    vertex 30.6542865460636 -5.49579821273028 0.875665000000001
    vertex 30.4124783333333 -5.68134418027319 8.81239525796218e-016
    vertex 30.6542865460636 -5.49579821273028 1.05748743095546e-015
  endloop
endfacet
facet normal 0.38268343236509 -0.923879532511286 4.66596822930939e-016
  outer loop
    vertex 30.1308867055063 -5.79798325156988 7.04991620636974e-016
    vertex 30.4124783333333 -5.68134418027319 0.875665000000001
    vertex 30.1308867055063 -5.79798325156988 0.875665000000001
  endloop
endfacet
facet normal 0.38268343236509 -0.923879532511286 4.66596822930939e-016
  outer loop
    vertex 30.4124783333333 -5.68134418027319 0.875665000000001
    vertex 30.1308867055063 -5.79798325156988 7.04991620636974e-016
    vertex 30.4124783333333 -5.68134418027319 8.81239525796218e-016
  endloop
endfacet
facet normal 0.130526192220054 -0.99144486137381 3.60760166570972e-016
  outer loop
    vertex 29.8287016666667 -5.83776666666666 7.04991620636974e-016
    vertex 30.1308867055063 -5.79798325156988 0.875665000000001
    vertex 29.8287016666667 -5.83776666666666 0.875665000000001
  endloop
endfacet
facet normal 0.130526192220054 -0.99144486137381 3.60760166570972e-016
  outer loop
    vertex 30.1308867055063 -5.79798325156988 0.875665000000001
    vertex 29.8287016666667 -5.83776666666666 7.04991620636974e-016
    vertex 30.1308867055063 -5.79798325156988 7.04991620636974e-016
  endloop
endfacet
facet normal -0.130526192220049 -0.991444861373811 2.30338301043557e-016
  outer loop
    vertex 29.5265166278271 -5.79798325156988 5.28743715477731e-016
    vertex 29.8287016666667 -5.83776666666666 0.875665000000001
    vertex 29.5265166278271 -5.79798325156988 0.875665
  endloop
endfacet
facet normal -0.130526192220049 -0.991444861373811 2.30338301043557e-016
  outer loop
    vertex 29.8287016666667 -5.83776666666666 0.875665000000001
    vertex 29.5265166278271 -5.79798325156988 5.28743715477731e-016
    vertex 29.8287016666667 -5.83776666666666 7.04991620636974e-016
  endloop
endfacet
facet normal 4.99600361081321e-016 -2.9809951649528e-016 -1.0
  outer loop
    vertex 28.7009317484301 -4.36802829449373 -1.76247905159244e-016
    vertex 28.7009317484301 -4.97239837217293 -1.76247905159244e-016
    vertex 28.6611483333333 -4.67021333333333 -1.76247905159244e-016
  endloop
endfacet
facet normal 4.99600361081321e-016 -2.9809951649528e-016 -1.0
  outer loop
    vertex 28.7009317484301 -4.97239837217293 -1.76247905159244e-016
    vertex 28.7009317484301 -4.36802829449373 -1.76247905159244e-016
    vertex 28.8175708197268 -5.25398999999999 0.0
  endloop
endfacet
facet normal 4.99600361081321e-016 -2.9809951649528e-016 -1.0
  outer loop
    vertex 28.8175708197268 -5.25398999999999 0.0
    vertex 28.7009317484301 -4.36802829449373 -1.76247905159244e-016
    vertex 29.244925 2.20822468974672e-015 -1.23373533611471e-015
  endloop
endfacet
facet normal 4.99600361081321e-016 -2.9809951649528e-016 -1.0
  outer loop
    vertex 28.8175708197268 -5.25398999999999 0.0
    vertex 29.244925 2.20822468974672e-015 -1.23373533611471e-015
    vertex 29.0031167872697 -5.49579821273028 1.76247905159244e-016
  endloop
endfacet
facet normal 4.99600361081321e-016 -2.9809951649528e-016 -1.0
  outer loop
    vertex 29.0031167872697 -5.49579821273028 1.76247905159244e-016
    vertex 29.244925 2.20822468974672e-015 -1.23373533611471e-015
    vertex 29.244925 -5.68134418027319 3.52495810318487e-016
  endloop
endfacet
facet normal 4.99600361081321e-016 -2.9809951649528e-016 -1.0
  outer loop
    vertex 29.244925 -5.68134418027319 3.52495810318487e-016
    vertex 29.244925 2.20822468974672e-015 -1.23373533611471e-015
    vertex 30.4124783333333 3.62741394923789e-015 -7.04991620636974e-016
  endloop
endfacet
facet normal 4.99600361081321e-016 -2.9809951649528e-016 -1.0
  outer loop
    vertex 29.244925 -5.68134418027319 3.52495810318487e-016
    vertex 30.4124783333333 3.62741394923789e-015 -7.04991620636974e-016
    vertex 29.5265166278271 -5.79798325156988 5.28743715477731e-016
  endloop
endfacet
facet normal 4.99600361081321e-016 -2.9809951649528e-016 -1.0
  outer loop
    vertex 29.5265166278271 -5.79798325156988 5.28743715477731e-016
    vertex 30.4124783333333 3.62741394923789e-015 -7.04991620636974e-016
    vertex 29.8287016666667 -5.83776666666666 7.04991620636974e-016
  endloop
endfacet
facet normal 4.99600361081321e-016 -2.9809951649528e-016 -1.0
  outer loop
    vertex 29.8287016666667 -5.83776666666666 7.04991620636974e-016
    vertex 30.4124783333333 3.62741394923789e-015 -7.04991620636974e-016
    vertex 30.1308867055063 -5.79798325156988 7.04991620636974e-016
  endloop
endfacet
facet normal 4.99600361081321e-016 -2.9809951649528e-016 -1.0
  outer loop
    vertex 30.1308867055063 -5.79798325156988 7.04991620636974e-016
    vertex 30.4124783333333 3.62741394923789e-015 -7.04991620636974e-016
    vertex 30.4124783333333 -5.68134418027319 8.81239525796218e-016
  endloop
endfacet
facet normal 4.99600361081321e-016 -2.9809951649528e-016 -1.0
  outer loop
    vertex 30.4124783333333 -5.68134418027319 8.81239525796218e-016
    vertex 30.4124783333333 3.62741394923789e-015 -7.04991620636974e-016
    vertex 30.9564715849032 -4.36802829449373 8.81239525796218e-016
  endloop
endfacet
facet normal 4.99600361081321e-016 -2.9809951649528e-016 -1.0
  outer loop
    vertex 30.4124783333333 -5.68134418027319 8.81239525796218e-016
    vertex 30.9564715849032 -4.36802829449373 8.81239525796218e-016
    vertex 30.6542865460636 -5.49579821273028 1.05748743095546e-015
  endloop
endfacet
facet normal 4.99600361081321e-016 -2.9809951649528e-016 -1.0
  outer loop
    vertex 30.6542865460636 -5.49579821273028 1.05748743095546e-015
    vertex 30.9564715849032 -4.36802829449373 8.81239525796218e-016
    vertex 30.8398325136065 -5.25398999999999 1.05748743095546e-015
  endloop
endfacet
facet normal 4.99600361081321e-016 -2.9809951649528e-016 -1.0
  outer loop
    vertex 30.8398325136065 -5.25398999999999 1.05748743095546e-015
    vertex 30.9564715849032 -4.36802829449373 8.81239525796218e-016
    vertex 30.9564715849032 -4.97239837217292 1.05748743095546e-015
  endloop
endfacet
facet normal 4.99600361081321e-016 -2.9809951649528e-016 -1.0
  outer loop
    vertex 30.9564715849032 -4.97239837217292 1.05748743095546e-015
    vertex 30.9564715849032 -4.36802829449373 8.81239525796218e-016
    vertex 30.996255 -4.67021333333332 1.05748743095546e-015
  endloop
endfacet
facet normal -1.04899068466779e-015 1.0 -2.98099516495281e-016
  outer loop
    vertex 30.4124783333333 3.62741394923789e-015 -7.04991620636974e-016
    vertex 29.244925 2.43506749354702e-015 0.875664999999998
    vertex 30.4124783333333 3.82185063820957e-015 0.875664999999999
  endloop
endfacet
facet normal -1.04899068466779e-015 1.0 -2.98099516495281e-016
  outer loop
    vertex 29.244925 2.43506749354702e-015 0.875664999999998
    vertex 30.4124783333333 3.62741394923789e-015 -7.04991620636974e-016
    vertex 29.244925 2.20822468974672e-015 -1.23373533611471e-015
  endloop
endfacet
facet normal -5.36243666409192e-016 2.58687910252902e-016 1.0
  outer loop
    vertex 32.5472645175878 -4.31347036452769 0.875665000000001
    vertex 32.1199103373146 -3.88611618425449 0.875665000000001
    vertex 32.3054563048575 -4.12792439698478 0.875665000000001
  endloop
endfacet
facet normal -5.36243666409192e-016 2.58687910252902e-016 1.0
  outer loop
    vertex 32.1199103373146 -3.88611618425449 0.875665000000001
    vertex 32.5472645175878 -4.31347036452769 0.875665000000001
    vertex 32.8288561454149 -4.43010943582438 0.875665000000002
  endloop
endfacet
facet normal -5.36243666409192e-016 2.58687910252902e-016 1.0
  outer loop
    vertex 32.1199103373146 -3.88611618425449 0.875665000000001
    vertex 32.8288561454149 -4.43010943582438 0.875665000000002
    vertex 29.4159092269682 -0.412792439698475 0.875664999999999
  endloop
endfacet
facet normal -5.36243666409192e-016 2.58687910252902e-016 1.0
  outer loop
    vertex 29.4159092269682 -0.412792439698475 0.875664999999999
    vertex 32.8288561454149 -4.43010943582438 0.875665000000002
    vertex 33.1310411842545 -4.46989285092115 0.875665000000002
  endloop
endfacet
facet normal -5.36243666409192e-016 2.58687910252902e-016 1.0
  outer loop
    vertex 29.4159092269682 -0.412792439698475 0.875664999999999
    vertex 33.1310411842545 -4.46989285092115 0.875665000000002
    vertex 33.4332262230941 -4.43010943582437 0.875665000000002
  endloop
endfacet
facet normal -5.36243666409192e-016 2.58687910252902e-016 1.0
  outer loop
    vertex 29.4159092269682 -0.412792439698475 0.875664999999999
    vertex 33.4332262230941 -4.43010943582437 0.875665000000002
    vertex 30.2414941063651 0.412792439698483 0.875664999999999
  endloop
endfacet
facet normal -5.36243666409192e-016 2.58687910252902e-016 1.0
  outer loop
    vertex 30.2414941063651 0.412792439698483 0.875664999999999
    vertex 33.4332262230941 -4.43010943582437 0.875665000000002
    vertex 33.7148178509212 -4.31347036452769 0.875665000000002
  endloop
endfacet
facet normal -5.36243666409192e-016 2.58687910252902e-016 1.0
  outer loop
    vertex 30.2414941063651 0.412792439698483 0.875664999999999
    vertex 33.7148178509212 -4.31347036452769 0.875665000000002
    vertex 33.9566260636514 -4.12792439698477 0.875665000000002
  endloop
endfacet
facet normal -5.36243666409192e-016 2.58687910252902e-016 1.0
  outer loop
    vertex 30.2414941063651 0.412792439698483 0.875664999999999
    vertex 33.9566260636514 -4.12792439698477 0.875665000000002
    vertex 34.1421720311944 -3.88611618425448 0.875665000000002
  endloop
endfacet
facet normal -5.36243666409192e-016 2.58687910252902e-016 1.0
  outer loop
    vertex 30.2414941063651 0.412792439698483 0.875664999999999
    vertex 34.1421720311944 -3.88611618425448 0.875665000000002
    vertex 34.2588111024911 -3.60452455642742 0.875665000000002
  endloop
endfacet
facet normal -5.36243666409192e-016 2.58687910252902e-016 1.0
  outer loop
    vertex 30.2414941063651 0.412792439698483 0.875664999999999
    vertex 34.2588111024911 -3.60452455642742 0.875665000000002
    vertex 33.7148178509212 -2.29120867064795 0.875665000000002
  endloop
endfacet
facet normal -5.36243666409192e-016 2.58687910252902e-016 1.0
  outer loop
    vertex 33.7148178509212 -2.29120867064795 0.875665000000002
    vertex 34.2588111024911 -3.60452455642742 0.875665000000002
    vertex 34.2985945175878 -3.30233951758782 0.875665000000002
  endloop
endfacet
facet normal -5.36243666409192e-016 2.58687910252902e-016 1.0
  outer loop
    vertex 33.7148178509212 -2.29120867064795 0.875665000000002
    vertex 34.2985945175878 -3.30233951758782 0.875665000000002
    vertex 34.258811102491 -3.00015447874822 0.875665000000002
  endloop
endfacet
facet normal -5.36243666409192e-016 2.58687910252902e-016 1.0
  outer loop
    vertex 33.7148178509212 -2.29120867064795 0.875665000000002
    vertex 34.258811102491 -3.00015447874822 0.875665000000002
    vertex 34.1421720311944 -2.71856285092115 0.875665000000002
  endloop
endfacet
facet normal -5.36243666409192e-016 2.58687910252902e-016 1.0
  outer loop
    vertex 33.7148178509212 -2.29120867064795 0.875665000000002
    vertex 34.1421720311944 -2.71856285092115 0.875665000000002
    vertex 33.9566260636514 -2.47675463819086 0.875665000000002
  endloop
endfacet
facet normal 0.614298263082266 0.789073915405972 1.22294778275691e-016
  outer loop
    vertex 33.7148178509212 -2.29120867064795 0.875665000000002
    vertex 30.2414941063651 0.412792439698483 -8.81239525796218e-016
    vertex 30.2414941063651 0.412792439698483 0.875664999999999
  endloop
endfacet
facet normal 0.614298263082266 0.789073915405972 1.22294778275691e-016
  outer loop
    vertex 30.2414941063651 0.412792439698483 -8.81239525796218e-016
    vertex 33.7148178509212 -2.29120867064795 0.875665000000002
    vertex 33.7148178509212 -2.29120867064795 1.76247905159244e-015
  endloop
endfacet
facet normal 0.382683432365089 -0.923879532511287 4.66596822930938e-016
  outer loop
    vertex 33.4332262230941 -4.43010943582437 2.11497486191092e-015
    vertex 33.7148178509212 -4.31347036452769 0.875665000000002
    vertex 33.4332262230941 -4.43010943582437 0.875665000000002
  endloop
endfacet
facet normal 0.382683432365089 -0.923879532511287 4.66596822930938e-016
  outer loop
    vertex 33.7148178509212 -4.31347036452769 0.875665000000002
    vertex 33.4332262230941 -4.43010943582437 2.11497486191092e-015
    vertex 33.7148178509212 -4.31347036452769 2.29122276707017e-015
  endloop
endfacet
facet normal 0.130526192220055 -0.99144486137381 3.45694333452221e-016
  outer loop
    vertex 33.1310411842545 -4.46989285092115 1.93872695675168e-015
    vertex 33.4332262230941 -4.43010943582437 0.875665000000002
    vertex 33.1310411842545 -4.46989285092115 0.875665000000002
  endloop
endfacet
facet normal 0.130526192220055 -0.99144486137381 3.45694333452221e-016
  outer loop
    vertex 33.4332262230941 -4.43010943582437 0.875665000000002
    vertex 33.1310411842545 -4.46989285092115 1.93872695675168e-015
    vertex 33.4332262230941 -4.43010943582437 2.11497486191092e-015
  endloop
endfacet
facet normal -0.130526192220049 -0.991444861373811 2.01233346435631e-016
  outer loop
    vertex 33.1310411842545 -4.46989285092115 1.93872695675168e-015
    vertex 32.8288561454149 -4.43010943582438 0.875665000000002
    vertex 32.8288561454149 -4.43010943582438 1.76247905159244e-015
  endloop
endfacet
facet normal -0.130526192220049 -0.991444861373811 2.01233346435631e-016
  outer loop
    vertex 32.8288561454149 -4.43010943582438 0.875665000000002
    vertex 33.1310411842545 -4.46989285092115 1.93872695675168e-015
    vertex 33.1310411842545 -4.46989285092115 0.875665000000002
  endloop
endfacet
facet normal -0.382683432365089 -0.923879532511287 4.30586394132801e-017
  outer loop
    vertex 32.8288561454149 -4.43010943582438 1.76247905159244e-015
    vertex 32.5472645175878 -4.31347036452769 0.875665000000001
    vertex 32.5472645175878 -4.31347036452769 1.58623114643319e-015
  endloop
endfacet
facet normal -0.382683432365089 -0.923879532511287 4.30586394132801e-017
  outer loop
    vertex 32.5472645175878 -4.31347036452769 0.875665000000001
    vertex 32.8288561454149 -4.43010943582438 1.76247905159244e-015
    vertex 32.8288561454149 -4.43010943582438 0.875665000000002
  endloop
endfacet
facet normal -0.608761429008719 -0.793353340291236 -1.18050442727318e-016
  outer loop
    vertex 32.5472645175878 -4.31347036452769 1.58623114643319e-015
    vertex 32.3054563048575 -4.12792439698478 0.875665000000001
    vertex 32.3054563048575 -4.12792439698478 1.58623114643319e-015
  endloop
endfacet
facet normal -0.608761429008719 -0.793353340291236 -1.18050442727318e-016
  outer loop
    vertex 32.3054563048575 -4.12792439698478 0.875665000000001
    vertex 32.5472645175878 -4.31347036452769 1.58623114643319e-015
    vertex 32.5472645175878 -4.31347036452769 0.875665000000001
  endloop
endfacet
facet normal -0.793353340291234 -0.608761429008722 -2.71114582283631e-016
  outer loop
    vertex 32.3054563048575 -4.12792439698478 1.58623114643319e-015
    vertex 32.1199103373146 -3.88611618425449 0.875665000000001
    vertex 32.1199103373146 -3.88611618425449 1.40998324127395e-015
  endloop
endfacet
facet normal -0.793353340291234 -0.608761429008722 -2.71114582283631e-016
  outer loop
    vertex 32.1199103373146 -3.88611618425449 0.875665000000001
    vertex 32.3054563048575 -4.12792439698478 1.58623114643319e-015
    vertex 32.3054563048575 -4.12792439698478 0.875665000000001
  endloop
endfacet
facet normal -0.78907391540597 -0.614298263082268 -2.6721924789331e-016
  outer loop
    vertex 29.4159092269682 -0.412792439698475 -1.05748743095546e-015
    vertex 32.1199103373146 -3.88611618425449 0.875665000000001
    vertex 29.4159092269682 -0.412792439698475 0.875664999999999
  endloop
endfacet
facet normal -0.78907391540597 -0.614298263082268 -2.6721924789331e-016
  outer loop
    vertex 32.1199103373146 -3.88611618425449 0.875665000000001
    vertex 29.4159092269682 -0.412792439698475 -1.05748743095546e-015
    vertex 32.1199103373146 -3.88611618425449 1.40998324127395e-015
  endloop
endfacet
facet normal 0.608761429008719 0.793353340291236 1.18050442727318e-016
  outer loop
    vertex 33.9566260636514 -2.47675463819086 0.875665000000002
    vertex 33.7148178509212 -2.29120867064795 1.76247905159244e-015
    vertex 33.7148178509212 -2.29120867064795 0.875665000000002
  endloop
endfacet
facet normal 0.608761429008719 0.793353340291236 1.18050442727318e-016
  outer loop
    vertex 33.7148178509212 -2.29120867064795 1.76247905159244e-015
    vertex 33.9566260636514 -2.47675463819086 0.875665000000002
    vertex 33.9566260636514 -2.47675463819086 1.93872695675168e-015
  endloop
endfacet
facet normal 0.793353340291234 0.608761429008722 2.7111458228363e-016
  outer loop
    vertex 34.1421720311944 -2.71856285092115 0.875665000000002
    vertex 33.9566260636514 -2.47675463819086 1.93872695675168e-015
    vertex 33.9566260636514 -2.47675463819086 0.875665000000002
  endloop
endfacet
facet normal 0.793353340291234 0.608761429008722 2.7111458228363e-016
  outer loop
    vertex 33.9566260636514 -2.47675463819086 1.93872695675168e-015
    vertex 34.1421720311944 -2.71856285092115 0.875665000000002
    vertex 34.1421720311944 -2.71856285092115 2.11497486191092e-015
  endloop
endfacet
facet normal 0.923879532511286 0.382683432365092 4.05702711095345e-016
  outer loop
    vertex 34.258811102491 -3.00015447874822 0.875665000000002
    vertex 34.1421720311944 -2.71856285092115 2.11497486191092e-015
    vertex 34.1421720311944 -2.71856285092115 0.875665000000002
  endloop
endfacet
facet normal 0.923879532511286 0.382683432365092 4.05702711095345e-016
  outer loop
    vertex 34.1421720311944 -2.71856285092115 2.11497486191092e-015
    vertex 34.258811102491 -3.00015447874822 0.875665000000002
    vertex 34.2588111024911 -3.00015447874822 2.29122276707017e-015
  endloop
endfacet
facet normal 0.99144486137381 0.130526192220053 5.12642870601342e-016
  outer loop
    vertex 34.2985945175878 -3.30233951758782 0.875665000000002
    vertex 34.2588111024911 -3.00015447874822 2.29122276707017e-015
    vertex 34.258811102491 -3.00015447874822 0.875665000000002
  endloop
endfacet
facet normal 0.99144486137381 0.130526192220053 5.12642870601342e-016
  outer loop
    vertex 34.2588111024911 -3.00015447874822 2.29122276707017e-015
    vertex 34.2985945175878 -3.30233951758782 0.875665000000002
    vertex 34.2985945175878 -3.30233951758782 2.29122276707017e-015
  endloop
endfacet
facet normal 0.991444861373811 -0.130526192220049 5.84647265658257e-016
  outer loop
    vertex 34.2588111024911 -3.60452455642742 2.29122276707017e-015
    vertex 34.2985945175878 -3.30233951758782 0.875665000000002
    vertex 34.2588111024911 -3.60452455642742 0.875665000000002
  endloop
endfacet
facet normal 0.991444861373811 -0.130526192220049 5.84647265658257e-016
  outer loop
    vertex 34.2985945175878 -3.30233951758782 0.875665000000002
    vertex 34.2588111024911 -3.60452455642742 2.29122276707017e-015
    vertex 34.2985945175878 -3.30233951758782 2.29122276707017e-015
  endloop
endfacet
facet normal 0.923879532511287 -0.382683432365089 6.16808915735851e-016
  outer loop
    vertex 34.1421720311944 -3.88611618425448 2.29122276707017e-015
    vertex 34.2588111024911 -3.60452455642742 0.875665000000002
    vertex 34.1421720311944 -3.88611618425448 0.875665000000002
  endloop
endfacet
facet normal 0.923879532511287 -0.382683432365089 6.16808915735851e-016
  outer loop
    vertex 34.2588111024911 -3.60452455642742 0.875665000000002
    vertex 34.1421720311944 -3.88611618425448 2.29122276707017e-015
    vertex 34.2588111024911 -3.60452455642742 2.29122276707017e-015
  endloop
endfacet
facet normal 0.793353340291237 -0.608761429008718 6.06936057530975e-016
  outer loop
    vertex 33.9566260636514 -4.12792439698477 2.29122276707017e-015
    vertex 34.1421720311944 -3.88611618425448 0.875665000000002
    vertex 33.9566260636514 -4.12792439698477 0.875665000000002
  endloop
endfacet
facet normal 0.793353340291237 -0.608761429008718 6.06936057530975e-016
  outer loop
    vertex 34.1421720311944 -3.88611618425448 0.875665000000002
    vertex 33.9566260636514 -4.12792439698477 2.29122276707017e-015
    vertex 34.1421720311944 -3.88611618425448 2.29122276707017e-015
  endloop
endfacet
facet normal 0.608761429008723 -0.793353340291234 5.55701510014622e-016
  outer loop
    vertex 33.7148178509212 -4.31347036452769 2.29122276707017e-015
    vertex 33.9566260636514 -4.12792439698477 0.875665000000002
    vertex 33.7148178509212 -4.31347036452769 0.875665000000002
  endloop
endfacet
facet normal 0.608761429008723 -0.793353340291234 5.55701510014622e-016
  outer loop
    vertex 33.9566260636514 -4.12792439698477 0.875665000000002
    vertex 33.7148178509212 -4.31347036452769 2.29122276707017e-015
    vertex 33.9566260636514 -4.12792439698477 2.29122276707017e-015
  endloop
endfacet
facet normal 5.53379304795187e-016 -2.75823548638898e-016 -1.0
  outer loop
    vertex 32.1199103373146 -3.88611618425449 1.40998324127395e-015
    vertex 32.5472645175878 -4.31347036452769 1.58623114643319e-015
    vertex 32.3054563048575 -4.12792439698478 1.58623114643319e-015
  endloop
endfacet
facet normal 5.53379304795187e-016 -2.75823548638898e-016 -1.0
  outer loop
    vertex 32.5472645175878 -4.31347036452769 1.58623114643319e-015
    vertex 32.1199103373146 -3.88611618425449 1.40998324127395e-015
    vertex 32.8288561454149 -4.43010943582438 1.76247905159244e-015
  endloop
endfacet
facet normal 5.53379304795187e-016 -2.75823548638898e-016 -1.0
  outer loop
    vertex 32.8288561454149 -4.43010943582438 1.76247905159244e-015
    vertex 32.1199103373146 -3.88611618425449 1.40998324127395e-015
    vertex 29.4159092269682 -0.412792439698475 -1.05748743095546e-015
  endloop
endfacet
facet normal 5.53379304795187e-016 -2.75823548638898e-016 -1.0
  outer loop
    vertex 32.8288561454149 -4.43010943582438 1.76247905159244e-015
    vertex 29.4159092269682 -0.412792439698475 -1.05748743095546e-015
    vertex 33.1310411842545 -4.46989285092115 1.93872695675168e-015
  endloop
endfacet
facet normal 5.53379304795187e-016 -2.75823548638898e-016 -1.0
  outer loop
    vertex 33.1310411842545 -4.46989285092115 1.93872695675168e-015
    vertex 29.4159092269682 -0.412792439698475 -1.05748743095546e-015
    vertex 33.4332262230941 -4.43010943582437 2.11497486191092e-015
  endloop
endfacet
facet normal 5.53379304795187e-016 -2.75823548638898e-016 -1.0
  outer loop
    vertex 33.4332262230941 -4.43010943582437 2.11497486191092e-015
    vertex 29.4159092269682 -0.412792439698475 -1.05748743095546e-015
    vertex 30.2414941063651 0.412792439698483 -8.81239525796218e-016
  endloop
endfacet
facet normal 5.53379304795187e-016 -2.75823548638898e-016 -1.0
  outer loop
    vertex 33.4332262230941 -4.43010943582437 2.11497486191092e-015
    vertex 30.2414941063651 0.412792439698483 -8.81239525796218e-016
    vertex 33.7148178509212 -4.31347036452769 2.29122276707017e-015
  endloop
endfacet
facet normal 5.53379304795187e-016 -2.75823548638898e-016 -1.0
  outer loop
    vertex 33.7148178509212 -4.31347036452769 2.29122276707017e-015
    vertex 30.2414941063651 0.412792439698483 -8.81239525796218e-016
    vertex 33.9566260636514 -4.12792439698477 2.29122276707017e-015
  endloop
endfacet
facet normal 5.53379304795187e-016 -2.75823548638898e-016 -1.0
  outer loop
    vertex 33.9566260636514 -4.12792439698477 2.29122276707017e-015
    vertex 30.2414941063651 0.412792439698483 -8.81239525796218e-016
    vertex 34.1421720311944 -3.88611618425448 2.29122276707017e-015
  endloop
endfacet
facet normal 5.53379304795187e-016 -2.75823548638898e-016 -1.0
  outer loop
    vertex 34.1421720311944 -3.88611618425448 2.29122276707017e-015
    vertex 30.2414941063651 0.412792439698483 -8.81239525796218e-016
    vertex 34.2588111024911 -3.60452455642742 2.29122276707017e-015
  endloop
endfacet
facet normal 5.53379304795187e-016 -2.75823548638898e-016 -1.0
  outer loop
    vertex 34.2588111024911 -3.60452455642742 2.29122276707017e-015
    vertex 30.2414941063651 0.412792439698483 -8.81239525796218e-016
    vertex 33.7148178509212 -2.29120867064795 1.76247905159244e-015
  endloop
endfacet
facet normal 5.53379304795187e-016 -2.75823548638898e-016 -1.0
  outer loop
    vertex 34.2588111024911 -3.60452455642742 2.29122276707017e-015
    vertex 33.7148178509212 -2.29120867064795 1.76247905159244e-015
    vertex 34.2985945175878 -3.30233951758782 2.29122276707017e-015
  endloop
endfacet
facet normal 5.53379304795187e-016 -2.75823548638898e-016 -1.0
  outer loop
    vertex 34.2985945175878 -3.30233951758782 2.29122276707017e-015
    vertex 33.7148178509212 -2.29120867064795 1.76247905159244e-015
    vertex 34.2588111024911 -3.00015447874822 2.29122276707017e-015
  endloop
endfacet
facet normal 5.53379304795187e-016 -2.75823548638898e-016 -1.0
  outer loop
    vertex 34.2588111024911 -3.00015447874822 2.29122276707017e-015
    vertex 33.7148178509212 -2.29120867064795 1.76247905159244e-015
    vertex 34.1421720311944 -2.71856285092115 2.11497486191092e-015
  endloop
endfacet
facet normal 5.53379304795187e-016 -2.75823548638898e-016 -1.0
  outer loop
    vertex 34.1421720311944 -2.71856285092115 2.11497486191092e-015
    vertex 33.7148178509212 -2.29120867064795 1.76247905159244e-015
    vertex 33.9566260636514 -2.47675463819086 1.93872695675168e-015
  endloop
endfacet
facet normal -0.707106781186548 0.707106781186547 -5.86334960642476e-016
  outer loop
    vertex 30.2414941063651 0.412792439698483 -8.81239525796218e-016
    vertex 29.4159092269682 -0.412792439698475 0.875664999999999
    vertex 30.2414941063651 0.412792439698483 0.875664999999999
  endloop
endfacet
facet normal -0.707106781186548 0.707106781186547 -5.86334960642476e-016
  outer loop
    vertex 29.4159092269682 -0.412792439698475 0.875664999999999
    vertex 30.2414941063651 0.412792439698483 -8.81239525796218e-016
    vertex 29.4159092269682 -0.412792439698475 -1.05748743095546e-015
  endloop
endfacet
facet normal -5.51421820446174e-016 2.22044604925031e-016 1.0
  outer loop
    vertex 34.8011000388396 -1.12776991823655 0.875665000000002
    vertex 34.1967299611604 -1.12776991823655 0.875665000000001
    vertex 34.498915 -1.16755333333333 0.875665000000002
  endloop
endfacet
facet normal -5.51421820446174e-016 2.22044604925031e-016 1.0
  outer loop
    vertex 34.1967299611604 -1.12776991823655 0.875665000000001
    vertex 34.8011000388396 -1.12776991823655 0.875665000000002
    vertex 35.0826916666667 -1.01113084693986 0.875665000000002
  endloop
endfacet
facet normal -5.51421820446174e-016 2.22044604925031e-016 1.0
  outer loop
    vertex 34.1967299611604 -1.12776991823655 0.875665000000001
    vertex 35.0826916666667 -1.01113084693986 0.875665000000002
    vertex 29.8287016666667 -0.583776666666661 0.875664999999999
  endloop
endfacet
facet normal -5.51421820446174e-016 2.22044604925031e-016 1.0
  outer loop
    vertex 29.8287016666667 -0.583776666666661 0.875664999999999
    vertex 35.0826916666667 -1.01113084693986 0.875665000000002
    vertex 35.324499879397 -0.825584879396949 0.875665000000002
  endloop
endfacet
facet normal -5.51421820446174e-016 2.22044604925031e-016 1.0
  outer loop
    vertex 29.8287016666667 -0.583776666666661 0.875664999999999
    vertex 35.324499879397 -0.825584879396949 0.875665000000002
    vertex 35.5100458469399 -0.583776666666658 0.875665000000002
  endloop
endfacet
facet normal -5.51421820446174e-016 2.22044604925031e-016 1.0
  outer loop
    vertex 29.8287016666667 -0.583776666666661 0.875664999999999
    vertex 35.5100458469399 -0.583776666666658 0.875665000000002
    vertex 29.8287016666667 0.583776666666672 0.875664999999998
  endloop
endfacet
facet normal -5.51421820446174e-016 2.22044604925031e-016 1.0
  outer loop
    vertex 29.8287016666667 0.583776666666672 0.875664999999998
    vertex 35.5100458469399 -0.583776666666658 0.875665000000002
    vertex 35.6266849182365 -0.30218503883959 0.875665000000002
  endloop
endfacet
facet normal -5.51421820446174e-016 2.22044604925031e-016 1.0
  outer loop
    vertex 29.8287016666667 0.583776666666672 0.875664999999998
    vertex 35.6266849182365 -0.30218503883959 0.875665000000002
    vertex 35.6664683333333 8.98864316312142e-015 0.875665000000002
  endloop
endfacet
facet normal -5.51421820446174e-016 2.22044604925031e-016 1.0
  outer loop
    vertex 29.8287016666667 0.583776666666672 0.875664999999998
    vertex 35.6664683333333 8.98864316312142e-015 0.875665000000002
    vertex 35.6266849182365 0.302185038839608 0.875665000000002
  endloop
endfacet
facet normal -5.51421820446174e-016 2.22044604925031e-016 1.0
  outer loop
    vertex 29.8287016666667 0.583776666666672 0.875664999999998
    vertex 35.6266849182365 0.302185038839608 0.875665000000002
    vertex 35.5100458469399 0.583776666666675 0.875665000000002
  endloop
endfacet
facet normal -5.51421820446174e-016 2.22044604925031e-016 1.0
  outer loop
    vertex 29.8287016666667 0.583776666666672 0.875664999999998
    vertex 35.5100458469399 0.583776666666675 0.875665000000002
    vertex 34.1967299611604 1.12776991823656 0.875665000000001
  endloop
endfacet
facet normal -5.51421820446174e-016 2.22044604925031e-016 1.0
  outer loop
    vertex 34.1967299611604 1.12776991823656 0.875665000000001
    vertex 35.5100458469399 0.583776666666675 0.875665000000002
    vertex 35.324499879397 0.825584879396966 0.875665000000002
  endloop
endfacet
facet normal -5.51421820446174e-016 2.22044604925031e-016 1.0
  outer loop
    vertex 34.1967299611604 1.12776991823656 0.875665000000001
    vertex 35.324499879397 0.825584879396966 0.875665000000002
    vertex 35.0826916666667 1.01113084693988 0.875665000000001
  endloop
endfacet
facet normal -5.51421820446174e-016 2.22044604925031e-016 1.0
  outer loop
    vertex 34.1967299611604 1.12776991823656 0.875665000000001
    vertex 35.0826916666667 1.01113084693988 0.875665000000001
    vertex 34.8011000388396 1.12776991823656 0.875665000000001
  endloop
endfacet
facet normal -5.51421820446174e-016 2.22044604925031e-016 1.0
  outer loop
    vertex 34.1967299611604 1.12776991823656 0.875665000000001
    vertex 34.8011000388396 1.12776991823656 0.875665000000001
    vertex 34.498915 1.16755333333334 0.875665000000001
  endloop
endfacet
facet normal -0.123585048944393 0.992333983937571 -2.91484792462843e-016
  outer loop
    vertex 34.1967299611604 1.12776991823656 0.875665000000001
    vertex 29.8287016666667 0.583776666666672 -1.23373533611471e-015
    vertex 29.8287016666667 0.583776666666672 0.875664999999998
  endloop
endfacet
facet normal -0.123585048944393 0.992333983937571 -2.91484792462843e-016
  outer loop
    vertex 29.8287016666667 0.583776666666672 -1.23373533611471e-015
    vertex 34.1967299611604 1.12776991823656 0.875665000000001
    vertex 34.1967299611604 1.12776991823656 1.05748743095546e-015
  endloop
endfacet
facet normal 0.923879532511286 -0.382683432365091 6.16808915735851e-016
  outer loop
    vertex 35.5100458469399 -0.583776666666658 2.11497486191092e-015
    vertex 35.6266849182365 -0.30218503883959 0.875665000000002
    vertex 35.5100458469399 -0.583776666666658 0.875665000000002
  endloop
endfacet
facet normal 0.923879532511286 -0.382683432365091 6.16808915735851e-016
  outer loop
    vertex 35.6266849182365 -0.30218503883959 0.875665000000002
    vertex 35.5100458469399 -0.583776666666658 2.11497486191092e-015
    vertex 35.6266849182365 -0.302185038839591 2.11497486191092e-015
  endloop
endfacet
facet normal 0.793353340291237 -0.608761429008719 5.91870224412224e-016
  outer loop
    vertex 35.324499879397 -0.825584879396949 2.11497486191092e-015
    vertex 35.5100458469399 -0.583776666666658 0.875665000000002
    vertex 35.324499879397 -0.825584879396949 0.875665000000002
  endloop
endfacet
facet normal 0.793353340291237 -0.608761429008719 5.91870224412224e-016
  outer loop
    vertex 35.5100458469399 -0.583776666666658 0.875665000000002
    vertex 35.324499879397 -0.825584879396949 2.11497486191092e-015
    vertex 35.5100458469399 -0.583776666666658 2.11497486191092e-015
  endloop
endfacet
facet normal 0.608761429008722 -0.793353340291234 5.26596555406696e-016
  outer loop
    vertex 35.324499879397 -0.825584879396949 2.11497486191092e-015
    vertex 35.0826916666667 -1.01113084693986 0.875665000000002
    vertex 35.0826916666667 -1.01113084693986 2.11497486191092e-015
  endloop
endfacet
facet normal 0.608761429008722 -0.793353340291234 5.26596555406696e-016
  outer loop
    vertex 35.0826916666667 -1.01113084693986 0.875665000000002
    vertex 35.324499879397 -0.825584879396949 2.11497486191092e-015
    vertex 35.324499879397 -0.825584879396949 0.875665000000002
  endloop
endfacet
facet normal 0.38268343236509 -0.923879532511287 4.25436201392155e-016
  outer loop
    vertex 35.0826916666667 -1.01113084693986 2.11497486191092e-015
    vertex 34.8011000388396 -1.12776991823655 0.875665000000002
    vertex 34.8011000388396 -1.12776991823655 1.93872695675168e-015
  endloop
endfacet
facet normal 0.38268343236509 -0.923879532511287 4.25436201392155e-016
  outer loop
    vertex 34.8011000388396 -1.12776991823655 0.875665000000002
    vertex 35.0826916666667 -1.01113084693986 2.11497486191092e-015
    vertex 35.0826916666667 -1.01113084693986 0.875665000000002
  endloop
endfacet
facet normal 0.130526192220052 -0.99144486137381 2.95283073319305e-016
  outer loop
    vertex 34.8011000388396 -1.12776991823655 1.93872695675168e-015
    vertex 34.498915 -1.16755333333333 0.875665000000002
    vertex 34.498915 -1.16755333333333 1.76247905159244e-015
  endloop
endfacet
facet normal 0.130526192220052 -0.99144486137381 2.95283073319305e-016
  outer loop
    vertex 34.498915 -1.16755333333333 0.875665000000002
    vertex 34.8011000388396 -1.12776991823655 1.93872695675168e-015
    vertex 34.8011000388396 -1.12776991823655 0.875665000000002
  endloop
endfacet
facet normal -0.130526192220051 -0.99144486137381 1.45006891778095e-016
  outer loop
    vertex 34.498915 -1.16755333333333 1.76247905159244e-015
    vertex 34.1967299611604 -1.12776991823655 0.875665000000001
    vertex 34.1967299611604 -1.12776991823655 1.58623114643319e-015
  endloop
endfacet
facet normal -0.130526192220051 -0.99144486137381 1.45006891778095e-016
  outer loop
    vertex 34.1967299611604 -1.12776991823655 0.875665000000001
    vertex 34.498915 -1.16755333333333 1.76247905159244e-015
    vertex 34.498915 -1.16755333333333 0.875665000000002
  endloop
endfacet
facet normal -0.123585048944393 -0.992333983937571 1.49200022371358e-016
  outer loop
    vertex 29.8287016666667 -0.583776666666661 -1.05748743095546e-015
    vertex 34.1967299611604 -1.12776991823655 0.875665000000001
    vertex 29.8287016666667 -0.583776666666661 0.875664999999999
  endloop
endfacet
facet normal -0.123585048944393 -0.992333983937571 1.49200022371358e-016
  outer loop
    vertex 34.1967299611604 -1.12776991823655 0.875665000000001
    vertex 29.8287016666667 -0.583776666666661 -1.05748743095546e-015
    vertex 34.1967299611604 -1.12776991823655 1.58623114643319e-015
  endloop
endfacet
facet normal -0.130526192220053 0.99144486137381 -2.95283073319306e-016
  outer loop
    vertex 34.498915 1.16755333333334 0.875665000000001
    vertex 34.1967299611604 1.12776991823656 1.05748743095546e-015
    vertex 34.1967299611604 1.12776991823656 0.875665000000001
  endloop
endfacet
facet normal -0.130526192220053 0.99144486137381 -2.95283073319306e-016
  outer loop
    vertex 34.1967299611604 1.12776991823656 1.05748743095546e-015
    vertex 34.498915 1.16755333333334 0.875665000000001
    vertex 34.498915 1.16755333333334 1.23373533611471e-015
  endloop
endfacet
facet normal 0.130526192220051 0.99144486137381 -1.45006891778096e-016
  outer loop
    vertex 34.8011000388396 1.12776991823656 0.875665000000001
    vertex 34.498915 1.16755333333334 1.23373533611471e-015
    vertex 34.498915 1.16755333333334 0.875665000000001
  endloop
endfacet
facet normal 0.130526192220051 0.99144486137381 -1.45006891778096e-016
  outer loop
    vertex 34.498915 1.16755333333334 1.23373533611471e-015
    vertex 34.8011000388396 1.12776991823656 0.875665000000001
    vertex 34.8011000388396 1.12776991823656 1.40998324127395e-015
  endloop
endfacet
facet normal 0.382683432365088 0.923879532511287 1.51512698025724e-017
  outer loop
    vertex 35.0826916666667 1.01113084693988 0.875665000000001
    vertex 34.8011000388396 1.12776991823656 1.40998324127395e-015
    vertex 34.8011000388396 1.12776991823656 0.875665000000001
  endloop
endfacet
facet normal 0.382683432365088 0.923879532511287 1.51512698025724e-017
  outer loop
    vertex 34.8011000388396 1.12776991823656 1.40998324127395e-015
    vertex 35.0826916666667 1.01113084693988 0.875665000000001
    vertex 35.0826916666667 1.01113084693988 1.58623114643319e-015
  endloop
endfacet
facet normal 0.60876142900872 0.793353340291236 1.74276897384853e-016
  outer loop
    vertex 35.324499879397 0.825584879396966 0.875665000000002
    vertex 35.0826916666667 1.01113084693988 1.58623114643319e-015
    vertex 35.0826916666667 1.01113084693988 0.875665000000001
  endloop
endfacet
facet normal 0.60876142900872 0.793353340291236 1.74276897384853e-016
  outer loop
    vertex 35.0826916666667 1.01113084693988 1.58623114643319e-015
    vertex 35.324499879397 0.825584879396966 0.875665000000002
    vertex 35.324499879397 0.825584879396966 1.76247905159244e-015
  endloop
endfacet
facet normal 0.793353340291234 0.608761429008722 3.21525842416545e-016
  outer loop
    vertex 35.5100458469399 0.583776666666674 1.93872695675168e-015
    vertex 35.324499879397 0.825584879396966 0.875665000000002
    vertex 35.5100458469399 0.583776666666675 0.875665000000002
  endloop
endfacet
facet normal 0.793353340291234 0.608761429008722 3.21525842416545e-016
  outer loop
    vertex 35.324499879397 0.825584879396966 0.875665000000002
    vertex 35.5100458469399 0.583776666666674 1.93872695675168e-015
    vertex 35.324499879397 0.825584879396966 1.76247905159244e-015
  endloop
endfacet
facet normal 0.923879532511287 0.38268343236509 4.46863332634128e-016
  outer loop
    vertex 35.6266849182365 0.302185038839608 2.11497486191092e-015
    vertex 35.5100458469399 0.583776666666675 0.875665000000002
    vertex 35.6266849182365 0.302185038839608 0.875665000000002
  endloop
endfacet
facet normal 0.923879532511287 0.38268343236509 4.46863332634128e-016
  outer loop
    vertex 35.5100458469399 0.583776666666675 0.875665000000002
    vertex 35.6266849182365 0.302185038839608 2.11497486191092e-015
    vertex 35.5100458469399 0.583776666666674 1.93872695675168e-015
  endloop
endfacet
facet normal 0.99144486137381 0.130526192220054 5.41747825209268e-016
  outer loop
    vertex 35.6664683333333 8.81239525796218e-015 2.11497486191092e-015
    vertex 35.6266849182365 0.302185038839608 0.875665000000002
    vertex 35.6664683333333 8.98864316312142e-015 0.875665000000002
  endloop
endfacet
facet normal 0.99144486137381 0.130526192220054 5.41747825209268e-016
  outer loop
    vertex 35.6266849182365 0.302185038839608 0.875665000000002
    vertex 35.6664683333333 8.81239525796218e-015 2.11497486191092e-015
    vertex 35.6266849182365 0.302185038839608 2.11497486191092e-015
  endloop
endfacet
facet normal 0.991444861373811 -0.13052619222005 5.99713098777009e-016
  outer loop
    vertex 35.6266849182365 -0.302185038839591 2.11497486191092e-015
    vertex 35.6664683333333 8.98864316312142e-015 0.875665000000002
    vertex 35.6266849182365 -0.30218503883959 0.875665000000002
  endloop
endfacet
facet normal 0.991444861373811 -0.13052619222005 5.99713098777009e-016
  outer loop
    vertex 35.6664683333333 8.98864316312142e-015 0.875665000000002
    vertex 35.6266849182365 -0.302185038839591 2.11497486191092e-015
    vertex 35.6664683333333 8.81239525796218e-015 2.11497486191092e-015
  endloop
endfacet
facet normal 5.7565527265157e-016 -2.22044604925031e-016 -1.0
  outer loop
    vertex 34.1967299611604 -1.12776991823655 1.58623114643319e-015
    vertex 34.8011000388396 -1.12776991823655 1.93872695675168e-015
    vertex 34.498915 -1.16755333333333 1.76247905159244e-015
  endloop
endfacet
facet normal 5.7565527265157e-016 -2.22044604925031e-016 -1.0
  outer loop
    vertex 34.8011000388396 -1.12776991823655 1.93872695675168e-015
    vertex 34.1967299611604 -1.12776991823655 1.58623114643319e-015
    vertex 35.0826916666667 -1.01113084693986 2.11497486191092e-015
  endloop
endfacet
facet normal 5.7565527265157e-016 -2.22044604925031e-016 -1.0
  outer loop
    vertex 35.0826916666667 -1.01113084693986 2.11497486191092e-015
    vertex 34.1967299611604 -1.12776991823655 1.58623114643319e-015
    vertex 29.8287016666667 -0.583776666666661 -1.05748743095546e-015
  endloop
endfacet
facet normal 5.7565527265157e-016 -2.22044604925031e-016 -1.0
  outer loop
    vertex 35.0826916666667 -1.01113084693986 2.11497486191092e-015
    vertex 29.8287016666667 -0.583776666666661 -1.05748743095546e-015
    vertex 35.324499879397 -0.825584879396949 2.11497486191092e-015
  endloop
endfacet
facet normal 5.7565527265157e-016 -2.22044604925031e-016 -1.0
  outer loop
    vertex 35.324499879397 -0.825584879396949 2.11497486191092e-015
    vertex 29.8287016666667 -0.583776666666661 -1.05748743095546e-015
    vertex 35.5100458469399 -0.583776666666658 2.11497486191092e-015
  endloop
endfacet
facet normal 5.7565527265157e-016 -2.22044604925031e-016 -1.0
  outer loop
    vertex 35.5100458469399 -0.583776666666658 2.11497486191092e-015
    vertex 29.8287016666667 -0.583776666666661 -1.05748743095546e-015
    vertex 29.8287016666667 0.583776666666672 -1.23373533611471e-015
  endloop
endfacet
facet normal 5.7565527265157e-016 -2.22044604925031e-016 -1.0
  outer loop
    vertex 35.5100458469399 -0.583776666666658 2.11497486191092e-015
    vertex 29.8287016666667 0.583776666666672 -1.23373533611471e-015
    vertex 35.6266849182365 -0.302185038839591 2.11497486191092e-015
  endloop
endfacet
facet normal 5.7565527265157e-016 -2.22044604925031e-016 -1.0
  outer loop
    vertex 35.6266849182365 -0.302185038839591 2.11497486191092e-015
    vertex 29.8287016666667 0.583776666666672 -1.23373533611471e-015
    vertex 35.6664683333333 8.81239525796218e-015 2.11497486191092e-015
  endloop
endfacet
facet normal 5.7565527265157e-016 -2.22044604925031e-016 -1.0
  outer loop
    vertex 35.6664683333333 8.81239525796218e-015 2.11497486191092e-015
    vertex 29.8287016666667 0.583776666666672 -1.23373533611471e-015
    vertex 35.6266849182365 0.302185038839608 2.11497486191092e-015
  endloop
endfacet
facet normal 5.7565527265157e-016 -2.22044604925031e-016 -1.0
  outer loop
    vertex 35.6266849182365 0.302185038839608 2.11497486191092e-015
    vertex 29.8287016666667 0.583776666666672 -1.23373533611471e-015
    vertex 35.5100458469399 0.583776666666674 1.93872695675168e-015
  endloop
endfacet
facet normal 5.7565527265157e-016 -2.22044604925031e-016 -1.0
  outer loop
    vertex 35.5100458469399 0.583776666666674 1.93872695675168e-015
    vertex 29.8287016666667 0.583776666666672 -1.23373533611471e-015
    vertex 34.1967299611604 1.12776991823656 1.05748743095546e-015
  endloop
endfacet
facet normal 5.7565527265157e-016 -2.22044604925031e-016 -1.0
  outer loop
    vertex 35.5100458469399 0.583776666666674 1.93872695675168e-015
    vertex 34.1967299611604 1.12776991823656 1.05748743095546e-015
    vertex 35.324499879397 0.825584879396966 1.76247905159244e-015
  endloop
endfacet
facet normal 5.7565527265157e-016 -2.22044604925031e-016 -1.0
  outer loop
    vertex 35.324499879397 0.825584879396966 1.76247905159244e-015
    vertex 34.1967299611604 1.12776991823656 1.05748743095546e-015
    vertex 35.0826916666667 1.01113084693988 1.58623114643319e-015
  endloop
endfacet
facet normal 5.7565527265157e-016 -2.22044604925031e-016 -1.0
  outer loop
    vertex 35.0826916666667 1.01113084693988 1.58623114643319e-015
    vertex 34.1967299611604 1.12776991823656 1.05748743095546e-015
    vertex 34.8011000388396 1.12776991823656 1.40998324127395e-015
  endloop
endfacet
facet normal 5.7565527265157e-016 -2.22044604925031e-016 -1.0
  outer loop
    vertex 34.8011000388396 1.12776991823656 1.40998324127395e-015
    vertex 34.1967299611604 1.12776991823656 1.05748743095546e-015
    vertex 34.498915 1.16755333333334 1.23373533611471e-015
  endloop
endfacet
facet normal -1.0 -3.82856869892695e-016 -5.7565527265157e-016
  outer loop
    vertex 29.8287016666667 0.583776666666672 -1.23373533611471e-015
    vertex 29.8287016666667 -0.583776666666661 0.875664999999999
    vertex 29.8287016666667 0.583776666666672 0.875664999999998
  endloop
endfacet
facet normal -1.0 -3.82856869892695e-016 -5.7565527265157e-016
  outer loop
    vertex 29.8287016666667 -0.583776666666661 0.875664999999999
    vertex 29.8287016666667 0.583776666666672 -1.23373533611471e-015
    vertex 29.8287016666667 -0.583776666666661 -1.05748743095546e-015
  endloop
endfacet
facet normal -5.36243666409192e-016 1.8540129959716e-016 1.0
  outer loop
    vertex 34.1421720311944 2.71856285092117 0.875665000000001
    vertex 33.7148178509212 2.29120867064797 0.875665000000001
    vertex 33.9566260636514 2.47675463819088 0.875665000000001
  endloop
endfacet
facet normal -5.36243666409192e-016 1.8540129959716e-016 1.0
  outer loop
    vertex 33.7148178509212 2.29120867064797 0.875665000000001
    vertex 34.1421720311944 2.71856285092117 0.875665000000001
    vertex 34.258811102491 3.00015447874824 0.875665000000001
  endloop
endfacet
facet normal -5.36243666409192e-016 1.8540129959716e-016 1.0
  outer loop
    vertex 33.7148178509212 2.29120867064797 0.875665000000001
    vertex 34.258811102491 3.00015447874824 0.875665000000001
    vertex 30.2414941063651 -0.412792439698471 0.875664999999999
  endloop
endfacet
facet normal -5.36243666409192e-016 1.8540129959716e-016 1.0
  outer loop
    vertex 30.2414941063651 -0.412792439698471 0.875664999999999
    vertex 34.258811102491 3.00015447874824 0.875665000000001
    vertex 34.2985945175878 3.30233951758784 0.875665000000001
  endloop
endfacet
facet normal -5.36243666409192e-016 1.8540129959716e-016 1.0
  outer loop
    vertex 30.2414941063651 -0.412792439698471 0.875664999999999
    vertex 34.2985945175878 3.30233951758784 0.875665000000001
    vertex 34.258811102491 3.60452455642744 0.875665000000001
  endloop
endfacet
facet normal -5.36243666409192e-016 1.8540129959716e-016 1.0
  outer loop
    vertex 30.2414941063651 -0.412792439698471 0.875664999999999
    vertex 34.258811102491 3.60452455642744 0.875665000000001
    vertex 29.4159092269682 0.412792439698485 0.875664999999998
  endloop
endfacet
facet normal -5.36243666409192e-016 1.8540129959716e-016 1.0
  outer loop
    vertex 29.4159092269682 0.412792439698485 0.875664999999998
    vertex 34.258811102491 3.60452455642744 0.875665000000001
    vertex 34.1421720311944 3.88611618425451 0.875665
  endloop
endfacet
facet normal -5.36243666409192e-016 1.8540129959716e-016 1.0
  outer loop
    vertex 29.4159092269682 0.412792439698485 0.875664999999998
    vertex 34.1421720311944 3.88611618425451 0.875665
    vertex 33.9566260636514 4.1279243969848 0.875665
  endloop
endfacet
facet normal -5.36243666409192e-016 1.8540129959716e-016 1.0
  outer loop
    vertex 29.4159092269682 0.412792439698485 0.875664999999998
    vertex 33.9566260636514 4.1279243969848 0.875665
    vertex 33.7148178509211 4.31347036452771 0.875665
  endloop
endfacet
facet normal -5.36243666409192e-016 1.8540129959716e-016 1.0
  outer loop
    vertex 29.4159092269682 0.412792439698485 0.875664999999998
    vertex 33.7148178509211 4.31347036452771 0.875665
    vertex 33.4332262230941 4.43010943582439 0.875665
  endloop
endfacet
facet normal -5.36243666409192e-016 1.8540129959716e-016 1.0
  outer loop
    vertex 29.4159092269682 0.412792439698485 0.875664999999998
    vertex 33.4332262230941 4.43010943582439 0.875665
    vertex 32.1199103373146 3.8861161842545 0.875664999999999
  endloop
endfacet
facet normal -5.36243666409192e-016 1.8540129959716e-016 1.0
  outer loop
    vertex 32.1199103373146 3.8861161842545 0.875664999999999
    vertex 33.4332262230941 4.43010943582439 0.875665
    vertex 33.1310411842545 4.46989285092117 0.875665
  endloop
endfacet
facet normal -5.36243666409192e-016 1.8540129959716e-016 1.0
  outer loop
    vertex 32.1199103373146 3.8861161842545 0.875664999999999
    vertex 33.1310411842545 4.46989285092117 0.875665
    vertex 32.8288561454149 4.43010943582439 0.875665
  endloop
endfacet
facet normal -5.36243666409192e-016 1.8540129959716e-016 1.0
  outer loop
    vertex 32.1199103373146 3.8861161842545 0.875664999999999
    vertex 32.8288561454149 4.43010943582439 0.875665
    vertex 32.5472645175878 4.3134703645277 0.875665
  endloop
endfacet
facet normal -5.36243666409192e-016 1.8540129959716e-016 1.0
  outer loop
    vertex 32.1199103373146 3.8861161842545 0.875664999999999
    vertex 32.5472645175878 4.3134703645277 0.875665
    vertex 32.3054563048575 4.12792439698479 0.875664999999999
  endloop
endfacet
facet normal -0.789073915405971 0.614298263082267 -5.4002247815778e-016
  outer loop
    vertex 32.1199103373146 3.8861161842545 0.875664999999999
    vertex 29.4159092269682 0.412792439698485 -1.40998324127395e-015
    vertex 29.4159092269682 0.412792439698485 0.875664999999998
  endloop
endfacet
facet normal -0.789073915405971 0.614298263082267 -5.4002247815778e-016
  outer loop
    vertex 29.4159092269682 0.412792439698485 -1.40998324127395e-015
    vertex 32.1199103373146 3.8861161842545 0.875664999999999
    vertex 32.1199103373146 3.8861161842545 -5.28743715477731e-016
  endloop
endfacet
facet normal 0.923879532511287 0.382683432365089 4.46863332634129e-016
  outer loop
    vertex 34.258811102491 3.60452455642744 7.04991620636974e-016
    vertex 34.1421720311944 3.88611618425451 0.875665
    vertex 34.258811102491 3.60452455642744 0.875665000000001
  endloop
endfacet
facet normal 0.923879532511287 0.382683432365089 4.46863332634129e-016
  outer loop
    vertex 34.1421720311944 3.88611618425451 0.875665
    vertex 34.258811102491 3.60452455642744 7.04991620636974e-016
    vertex 34.1421720311944 3.88611618425451 5.28743715477731e-016
  endloop
endfacet
facet normal 0.99144486137381 0.130526192220055 5.26681992090516e-016
  outer loop
    vertex 34.2985945175878 3.30233951758784 7.04991620636974e-016
    vertex 34.258811102491 3.60452455642744 0.875665000000001
    vertex 34.2985945175878 3.30233951758784 0.875665000000001
  endloop
endfacet
facet normal 0.99144486137381 0.130526192220055 5.26681992090516e-016
  outer loop
    vertex 34.258811102491 3.60452455642744 0.875665000000001
    vertex 34.2985945175878 3.30233951758784 7.04991620636974e-016
    vertex 34.258811102491 3.60452455642744 7.04991620636974e-016
  endloop
endfacet
facet normal 0.991444861373811 -0.130526192220049 5.70608144169082e-016
  outer loop
    vertex 34.2985945175878 3.30233951758784 7.04991620636974e-016
    vertex 34.258811102491 3.00015447874824 0.875665000000001
    vertex 34.258811102491 3.00015447874824 7.04991620636974e-016
  endloop
endfacet
facet normal 0.991444861373811 -0.130526192220049 5.70608144169082e-016
  outer loop
    vertex 34.258811102491 3.00015447874824 0.875665000000001
    vertex 34.2985945175878 3.30233951758784 7.04991620636974e-016
    vertex 34.2985945175878 3.30233951758784 0.875665000000001
  endloop
endfacet
facet normal 0.923879532511287 -0.382683432365089 5.75648294197068e-016
  outer loop
    vertex 34.258811102491 3.00015447874824 7.04991620636974e-016
    vertex 34.1421720311944 2.71856285092117 0.875665000000001
    vertex 34.1421720311944 2.71856285092117 7.04991620636974e-016
  endloop
endfacet
facet normal 0.923879532511287 -0.382683432365089 5.75648294197068e-016
  outer loop
    vertex 34.1421720311944 2.71856285092117 0.875665000000001
    vertex 34.258811102491 3.00015447874824 7.04991620636974e-016
    vertex 34.258811102491 3.00015447874824 0.875665000000001
  endloop
endfacet
facet normal 0.793353340291236 -0.60876142900872 5.41458964279309e-016
  outer loop
    vertex 34.1421720311944 2.71856285092117 7.04991620636974e-016
    vertex 33.9566260636514 2.47675463819088 0.875665000000001
    vertex 33.9566260636514 2.47675463819088 7.04991620636974e-016
  endloop
endfacet
facet normal 0.793353340291236 -0.60876142900872 5.41458964279309e-016
  outer loop
    vertex 33.9566260636514 2.47675463819088 0.875665000000001
    vertex 34.1421720311944 2.71856285092117 7.04991620636974e-016
    vertex 34.1421720311944 2.71856285092117 0.875665000000001
  endloop
endfacet
facet normal 0.608761429008722 -0.793353340291234 4.70370100749162e-016
  outer loop
    vertex 33.9566260636514 2.47675463819088 7.04991620636974e-016
    vertex 33.7148178509212 2.29120867064797 0.875665000000001
    vertex 33.7148178509212 2.29120867064797 7.04991620636974e-016
  endloop
endfacet
facet normal 0.608761429008722 -0.793353340291234 4.70370100749162e-016
  outer loop
    vertex 33.7148178509212 2.29120867064797 0.875665000000001
    vertex 33.9566260636514 2.47675463819088 7.04991620636974e-016
    vertex 33.9566260636514 2.47675463819088 0.875665000000001
  endloop
endfacet
facet normal 0.614298263082268 -0.78907391540597 4.72713989881625e-016
  outer loop
    vertex 30.2414941063651 -0.412792439698471 -8.81239525796218e-016
    vertex 33.7148178509212 2.29120867064797 0.875665000000001
    vertex 30.2414941063651 -0.412792439698471 0.875664999999999
  endloop
endfacet
facet normal 0.614298263082268 -0.78907391540597 4.72713989881625e-016
  outer loop
    vertex 33.7148178509212 2.29120867064797 0.875665000000001
    vertex 30.2414941063651 -0.412792439698471 -8.81239525796218e-016
    vertex 33.7148178509212 2.29120867064797 7.04991620636974e-016
  endloop
endfacet
facet normal -0.793353340291236 0.608761429008719 -5.41458964279309e-016
  outer loop
    vertex 32.3054563048575 4.12792439698479 0.875664999999999
    vertex 32.1199103373146 3.8861161842545 -5.28743715477731e-016
    vertex 32.1199103373146 3.8861161842545 0.875664999999999
  endloop
endfacet
facet normal -0.793353340291236 0.608761429008719 -5.41458964279309e-016
  outer loop
    vertex 32.1199103373146 3.8861161842545 -5.28743715477731e-016
    vertex 32.3054563048575 4.12792439698479 0.875664999999999
    vertex 32.3054563048575 4.12792439698479 -5.28743715477731e-016
  endloop
endfacet
facet normal -0.608761429008722 0.793353340291234 -4.70370100749162e-016
  outer loop
    vertex 32.5472645175878 4.3134703645277 0.875665
    vertex 32.3054563048575 4.12792439698479 -5.28743715477731e-016
    vertex 32.3054563048575 4.12792439698479 0.875664999999999
  endloop
endfacet
facet normal -0.608761429008722 0.793353340291234 -4.70370100749162e-016
  outer loop
    vertex 32.3054563048575 4.12792439698479 -5.28743715477731e-016
    vertex 32.5472645175878 4.3134703645277 0.875665
    vertex 32.5472645175878 4.3134703645277 -3.52495810318487e-016
  endloop
endfacet
facet normal -0.382683432365092 0.923879532511286 -3.67226292176303e-016
  outer loop
    vertex 32.8288561454149 4.43010943582439 0.875665
    vertex 32.5472645175878 4.3134703645277 -3.52495810318487e-016
    vertex 32.5472645175878 4.3134703645277 0.875665
  endloop
endfacet
facet normal -0.382683432365092 0.923879532511286 -3.67226292176303e-016
  outer loop
    vertex 32.5472645175878 4.3134703645277 -3.52495810318487e-016
    vertex 32.8288561454149 4.43010943582439 0.875665
    vertex 32.8288561454149 4.43010943582439 -1.76247905159244e-016
  endloop
endfacet
facet normal -0.130526192220053 0.99144486137381 -2.39056618661771e-016
  outer loop
    vertex 33.1310411842545 4.46989285092117 0.875665
    vertex 32.8288561454149 4.43010943582439 -1.76247905159244e-016
    vertex 32.8288561454149 4.43010943582439 0.875665
  endloop
endfacet
facet normal -0.130526192220053 0.99144486137381 -2.39056618661771e-016
  outer loop
    vertex 32.8288561454149 4.43010943582439 -1.76247905159244e-016
    vertex 33.1310411842545 4.46989285092117 0.875665
    vertex 33.1310411842545 4.46989285092117 -1.76247905159244e-016
  endloop
endfacet
facet normal 0.130526192220049 0.991444861373811 -9.4595631645182e-017
  outer loop
    vertex 33.4332262230941 4.43010943582439 0.0
    vertex 33.1310411842545 4.46989285092117 0.875665
    vertex 33.4332262230941 4.43010943582439 0.875665
  endloop
endfacet
facet normal 0.130526192220049 0.991444861373811 -9.4595631645182e-017
  outer loop
    vertex 33.1310411842545 4.46989285092117 0.875665
    vertex 33.4332262230941 4.43010943582439 0.0
    vertex 33.1310411842545 4.46989285092117 -1.76247905159244e-016
  endloop
endfacet
facet normal 0.382683432365089 0.923879532511287 5.63118913413557e-017
  outer loop
    vertex 33.7148178509211 4.31347036452771 1.76247905159244e-016
    vertex 33.4332262230941 4.43010943582439 0.875665
    vertex 33.7148178509211 4.31347036452771 0.875665
  endloop
endfacet
facet normal 0.382683432365089 0.923879532511287 5.63118913413557e-017
  outer loop
    vertex 33.4332262230941 4.43010943582439 0.875665
    vertex 33.7148178509211 4.31347036452771 1.76247905159244e-016
    vertex 33.4332262230941 4.43010943582439 0.0
  endloop
endfacet
facet normal 0.608761429008719 0.793353340291237 2.03381851992778e-016
  outer loop
    vertex 33.9566260636514 4.1279243969848 3.52495810318487e-016
    vertex 33.7148178509211 4.31347036452771 0.875665
    vertex 33.9566260636514 4.1279243969848 0.875665
  endloop
endfacet
facet normal 0.608761429008719 0.793353340291237 2.03381851992778e-016
  outer loop
    vertex 33.7148178509211 4.31347036452771 0.875665
    vertex 33.9566260636514 4.1279243969848 3.52495810318487e-016
    vertex 33.7148178509211 4.31347036452771 1.76247905159244e-016
  endloop
endfacet
facet normal 0.793353340291234 0.608761429008723 3.36591675535296e-016
  outer loop
    vertex 34.1421720311944 3.88611618425451 5.28743715477731e-016
    vertex 33.9566260636514 4.1279243969848 0.875665
    vertex 34.1421720311944 3.88611618425451 0.875665
  endloop
endfacet
facet normal 0.793353340291234 0.608761429008723 3.36591675535296e-016
  outer loop
    vertex 33.9566260636514 4.1279243969848 0.875665
    vertex 34.1421720311944 3.88611618425451 5.28743715477731e-016
    vertex 33.9566260636514 4.1279243969848 3.52495810318487e-016
  endloop
endfacet
facet normal 5.53379304795187e-016 -1.68265661211165e-016 -1.0
  outer loop
    vertex 33.7148178509212 2.29120867064797 7.04991620636974e-016
    vertex 34.1421720311944 2.71856285092117 7.04991620636974e-016
    vertex 33.9566260636514 2.47675463819088 7.04991620636974e-016
  endloop
endfacet
facet normal 5.53379304795187e-016 -1.68265661211165e-016 -1.0
  outer loop
    vertex 34.1421720311944 2.71856285092117 7.04991620636974e-016
    vertex 33.7148178509212 2.29120867064797 7.04991620636974e-016
    vertex 34.258811102491 3.00015447874824 7.04991620636974e-016
  endloop
endfacet
facet normal 5.53379304795187e-016 -1.68265661211165e-016 -1.0
  outer loop
    vertex 34.258811102491 3.00015447874824 7.04991620636974e-016
    vertex 33.7148178509212 2.29120867064797 7.04991620636974e-016
    vertex 30.2414941063651 -0.412792439698471 -8.81239525796218e-016
  endloop
endfacet
facet normal 5.53379304795187e-016 -1.68265661211165e-016 -1.0
  outer loop
    vertex 34.258811102491 3.00015447874824 7.04991620636974e-016
    vertex 30.2414941063651 -0.412792439698471 -8.81239525796218e-016
    vertex 34.2985945175878 3.30233951758784 7.04991620636974e-016
  endloop
endfacet
facet normal 5.53379304795187e-016 -1.68265661211165e-016 -1.0
  outer loop
    vertex 34.2985945175878 3.30233951758784 7.04991620636974e-016
    vertex 30.2414941063651 -0.412792439698471 -8.81239525796218e-016
    vertex 34.258811102491 3.60452455642744 7.04991620636974e-016
  endloop
endfacet
facet normal 5.53379304795187e-016 -1.68265661211165e-016 -1.0
  outer loop
    vertex 34.258811102491 3.60452455642744 7.04991620636974e-016
    vertex 30.2414941063651 -0.412792439698471 -8.81239525796218e-016
    vertex 29.4159092269682 0.412792439698485 -1.40998324127395e-015
  endloop
endfacet
facet normal 5.53379304795187e-016 -1.68265661211165e-016 -1.0
  outer loop
    vertex 34.258811102491 3.60452455642744 7.04991620636974e-016
    vertex 29.4159092269682 0.412792439698485 -1.40998324127395e-015
    vertex 34.1421720311944 3.88611618425451 5.28743715477731e-016
  endloop
endfacet
facet normal 5.53379304795187e-016 -1.68265661211165e-016 -1.0
  outer loop
    vertex 34.1421720311944 3.88611618425451 5.28743715477731e-016
    vertex 29.4159092269682 0.412792439698485 -1.40998324127395e-015
    vertex 33.9566260636514 4.1279243969848 3.52495810318487e-016
  endloop
endfacet
facet normal 5.53379304795187e-016 -1.68265661211165e-016 -1.0
  outer loop
    vertex 33.9566260636514 4.1279243969848 3.52495810318487e-016
    vertex 29.4159092269682 0.412792439698485 -1.40998324127395e-015
    vertex 33.7148178509211 4.31347036452771 1.76247905159244e-016
  endloop
endfacet
facet normal 5.53379304795187e-016 -1.68265661211165e-016 -1.0
  outer loop
    vertex 33.7148178509211 4.31347036452771 1.76247905159244e-016
    vertex 29.4159092269682 0.412792439698485 -1.40998324127395e-015
    vertex 33.4332262230941 4.43010943582439 0.0
  endloop
endfacet
facet normal 5.53379304795187e-016 -1.68265661211165e-016 -1.0
  outer loop
    vertex 33.4332262230941 4.43010943582439 0.0
    vertex 29.4159092269682 0.412792439698485 -1.40998324127395e-015
    vertex 32.1199103373146 3.8861161842545 -5.28743715477731e-016
  endloop
endfacet
facet normal 5.53379304795187e-016 -1.68265661211165e-016 -1.0
  outer loop
    vertex 33.4332262230941 4.43010943582439 0.0
    vertex 32.1199103373146 3.8861161842545 -5.28743715477731e-016
    vertex 33.1310411842545 4.46989285092117 -1.76247905159244e-016
  endloop
endfacet
facet normal 5.53379304795187e-016 -1.68265661211165e-016 -1.0
  outer loop
    vertex 33.1310411842545 4.46989285092117 -1.76247905159244e-016
    vertex 32.1199103373146 3.8861161842545 -5.28743715477731e-016
    vertex 32.8288561454149 4.43010943582439 -1.76247905159244e-016
  endloop
endfacet
facet normal 5.53379304795187e-016 -1.68265661211165e-016 -1.0
  outer loop
    vertex 32.8288561454149 4.43010943582439 -1.76247905159244e-016
    vertex 32.1199103373146 3.8861161842545 -5.28743715477731e-016
    vertex 32.5472645175878 4.3134703645277 -3.52495810318487e-016
  endloop
endfacet
facet normal 5.53379304795187e-016 -1.68265661211165e-016 -1.0
  outer loop
    vertex 32.5472645175878 4.3134703645277 -3.52495810318487e-016
    vertex 32.1199103373146 3.8861161842545 -5.28743715477731e-016
    vertex 32.3054563048575 4.12792439698479 -5.28743715477731e-016
  endloop
endfacet
facet normal -0.707106781186547 -0.707106781186548 -2.72316468905721e-016
  outer loop
    vertex 29.4159092269682 0.412792439698485 -1.40998324127395e-015
    vertex 30.2414941063651 -0.412792439698471 0.875664999999999
    vertex 29.4159092269682 0.412792439698485 0.875664999999998
  endloop
endfacet
facet normal -0.707106781186547 -0.707106781186548 -2.72316468905721e-016
  outer loop
    vertex 30.2414941063651 -0.412792439698471 0.875664999999999
    vertex 29.4159092269682 0.412792439698485 -1.40998324127395e-015
    vertex 30.2414941063651 -0.412792439698471 -8.81239525796218e-016
  endloop
endfacet
endsolid Untitled-5f9c350e
