# This file uses centimeters as units for non-parametric coordinates.

mtllib cot_remix_roof02.mtl
g default
v -71.396530 16.200211 145.868286
v -71.396530 16.200211 146.769333
v -71.396530 16.200211 150.875534
v -71.396530 16.200211 151.714539
v -70.972748 16.864594 145.272934
v -70.972748 16.864594 146.769333
v -70.972748 16.864594 150.875534
v -70.972748 16.864594 152.331558
v -70.599297 15.691655 125.586288
v -70.599297 15.691655 126.901588
v -70.599297 15.691655 129.326309
v -70.599297 15.691655 135.172577
v -70.449783 15.596279 149.277710
v -70.175514 16.356039 124.673645
v -70.175514 16.356039 127.518600
v -70.175514 16.356039 128.730972
v -70.175514 16.356039 135.789581
v -70.067810 15.352617 104.513359
v -70.067810 15.352617 105.042450
v -70.067810 15.352617 106.647728
v -70.067810 15.352617 107.548149
v -70.067810 15.352617 109.462509
v -70.067810 15.352617 110.359619
v -70.067810 15.352617 137.597290
v -70.067810 15.352617 140.226669
v -70.067810 15.352617 154.139267
v -70.067810 15.352617 157.835953
v -70.067810 15.352617 159.985535
v -69.875023 16.497358 149.277710
v -69.669197 15.098340 112.784348
v -69.669197 15.098340 118.630600
v -69.669197 15.098340 140.226669
v -69.669197 15.098340 143.443558
v -69.644028 16.017002 103.918015
v -69.644028 16.017002 105.042450
v -69.644028 16.017002 106.647728
v -69.644028 16.017002 107.548149
v -69.644028 16.017002 109.462509
v -69.644028 16.017002 110.976631
v -69.644028 16.017002 137.001953
v -69.644028 16.017002 140.946991
v -69.644028 16.017002 153.543915
v -69.644028 16.017002 157.835953
v -69.644028 16.017002 159.985535
v -69.644028 16.017002 160.602539
v -69.300598 14.863209 105.992882
v -69.245415 15.762723 112.188995
v -69.245415 15.762723 119.247620
v -69.245415 15.762723 140.946991
v -69.245415 15.762723 144.060577
v -69.206833 14.803398 108.686111
v -69.188042 12.921980 111.523956
v -69.188042 12.921980 112.621002
v -69.188042 12.921980 114.059937
v -69.188042 12.921980 115.155502
v -69.118279 15.962038 140.946991
v -69.118279 15.962038 144.060577
v -68.967316 14.650610 159.402740
v -68.764259 13.586363 111.523956
v -68.764259 13.586363 112.621002
v -68.764259 13.586363 114.059937
v -68.764259 13.586363 115.155502
v -68.739090 14.505024 121.055328
v -68.739090 14.505024 125.586288
v -68.656548 12.582942 144.926361
v -68.656548 12.582942 148.239441
v -68.632118 15.911214 105.992882
v -68.523682 12.498182 126.763901
v -68.523682 12.498182 128.287109
v -68.508453 15.898285 108.686111
v -68.315308 15.169408 110.976631
v -68.315308 15.169408 119.247620
v -68.315308 15.169408 124.673645
v -68.315308 15.169408 127.518600
v -68.315308 15.169408 135.789581
v -68.315308 15.169408 144.060577
v -68.315308 15.169408 152.331558
v -68.315308 15.169408 160.602539
v -68.232765 13.247326 144.926361
v -68.232765 13.247326 148.239441
v -68.192543 15.865260 159.402740
v -68.099899 13.162566 126.763901
v -68.099899 13.162566 128.774353
v -68.080818 15.537024 103.047058
v -68.000671 18.389601 103.047058
v -68.000671 18.389601 160.124054
v -67.891525 15.833792 103.322670
v -67.891525 15.833792 110.976631
v -67.891525 15.833792 111.593651
v -67.891525 15.833792 119.247620
v -67.891525 15.833792 119.864639
v -67.891525 15.833792 124.673645
v -67.891525 15.833792 127.518600
v -67.891525 15.833792 128.135620
v -67.891525 15.833792 135.789581
v -67.891525 15.833792 136.406601
v -67.891525 15.833792 144.060577
v -67.891525 15.833792 144.677597
v -67.891525 15.833792 152.331558
v -67.891525 15.833792 152.948578
v -67.891525 15.833792 160.602539
v -67.891525 15.833792 161.219559
v -67.726448 11.989626 117.580238
v -67.726448 11.989626 123.426491
v -67.662453 16.192917 103.047058
v -67.662453 16.192917 161.219559
v -67.534050 11.866896 146.188339
v -67.456749 11.817585 125.851219
v -67.327744 11.735294 143.551910
v -67.302666 12.654010 117.580238
v -67.302666 12.654010 123.426491
v -67.226524 11.670725 113.619919
v -67.194954 11.650589 152.011597
v -67.194954 11.650589 155.038147
v -66.939789 12.798552 146.188339
v -66.929214 11.481070 128.287109
v -66.929214 11.481070 131.697479
v -66.862823 12.748711 125.851219
v -66.796341 11.396311 134.122208
v -66.796341 11.396311 139.968460
v -66.771179 12.314973 152.011597
v -66.771179 12.314973 155.038147
v -66.729019 11.353364 110.812157
v -66.702148 12.716071 143.551910
v -66.552498 12.727425 113.619919
v -66.530594 11.226792 103.047058
v -66.530594 11.226792 106.884521
v -66.505432 12.145454 128.774353
v -66.372559 12.060694 133.526855
v -66.372559 12.060694 140.585480
v -66.251160 12.544085 128.774353
v -66.251160 12.544085 131.697479
v -66.126076 10.968748 120.784332
v -66.106812 11.891176 103.047058
v -66.106812 11.891176 107.501541
v -65.991524 12.509569 110.812157
v -65.866234 10.802996 109.309250
v -65.866234 10.802996 115.155502
v -65.866234 10.802996 123.426491
v -65.866234 10.802996 131.697479
v -65.866234 10.802996 142.393188
v -65.866234 10.802996 148.239441
v -65.866234 10.802996 150.664169
v -65.866234 10.802996 156.510437
v -65.776497 18.389601 103.047058
v -65.776497 18.389601 160.124054
v -65.517952 8.711395 105.917137
v -65.517952 8.711395 107.495117
v -65.517952 8.711395 110.976501
v -65.517952 8.711395 111.763397
v -65.442451 11.467379 107.501541
v -65.442451 11.467379 140.585480
v -65.385078 8.626635 130.730087
v -65.385078 8.626635 133.326889
v -65.337708 12.204712 120.784332
v -65.119339 8.457116 147.272064
v -65.119339 8.457116 153.118317
v -65.094170 9.375777 105.300117
v -65.094170 9.375777 107.495117
v -65.094170 9.375777 110.976501
v -65.094170 9.375777 112.358742
v -65.018677 12.131763 103.047058
v -65.018677 12.131763 104.513359
v -65.018677 12.131763 107.501541
v -65.018677 12.131763 108.118561
v -65.018677 12.131763 109.309250
v -65.018677 12.131763 110.359619
v -65.018677 12.131763 112.784348
v -65.018677 12.131763 115.155502
v -65.018677 12.131763 116.389542
v -65.018677 12.131763 118.630600
v -65.018677 12.131763 121.055328
v -65.018677 12.131763 123.426491
v -65.018677 12.131763 124.660522
v -65.018677 12.131763 126.901588
v -65.018677 12.131763 129.326309
v -65.018677 12.131763 131.697479
v -65.018677 12.131763 132.931519
v -65.018677 12.131763 135.172577
v -65.018677 12.131763 137.597290
v -65.018677 12.131763 140.597595
v -65.018677 12.131763 141.202499
v -65.018677 12.131763 143.443558
v -65.018677 12.131763 145.868286
v -65.018677 12.131763 148.239441
v -65.018677 12.131763 149.473480
v -65.018677 12.131763 150.664169
v -65.018677 12.131763 151.714539
v -65.018677 12.131763 154.139267
v -65.018677 12.131763 156.510437
v -65.018677 12.131763 157.744461
v -64.986465 8.372357 125.382233
v -64.986465 8.372357 128.305359
v -64.961296 9.291018 130.113068
v -64.961296 9.291018 133.326889
v -64.695557 9.121500 146.655045
v -64.695557 9.121500 153.713669
v -64.562683 9.036740 125.382233
v -64.562683 9.036740 128.900711
v -64.424278 14.127278 103.047058
v -64.424278 14.127278 160.124054
v -64.424278 14.127278 161.219559
v -64.360405 13.163763 103.047058
v -64.322105 7.948561 103.047058
v -64.322105 7.948561 103.492409
v -64.322105 7.948561 157.039185
v -64.322105 7.948561 160.928238
v -64.171112 13.460529 103.322670
v -64.171112 13.460529 111.593651
v -64.171112 13.460529 119.864639
v -64.171112 13.460529 128.135620
v -64.171112 13.460529 136.406601
v -64.171112 13.460529 144.677597
v -64.171112 13.460529 152.948578
v -63.923489 7.694283 115.130325
v -63.923489 7.694283 119.216583
v -63.898323 8.612944 103.047058
v -63.898323 8.612944 104.087753
v -63.898323 8.612944 157.039185
v -63.898323 8.612944 160.928238
v -63.790615 7.609523 139.001068
v -63.790615 7.609523 144.847336
v -63.706497 7.555864 109.175705
v -63.631992 15.833792 103.047058
v -63.631992 15.833792 149.049408
v -63.631992 20.862469 103.047058
v -63.631992 20.862469 149.049408
v -63.534004 7.445829 122.459106
v -63.512096 13.040145 161.219559
v -63.499706 8.358666 115.130325
v -63.499706 8.358666 119.216583
v -63.366833 8.273907 138.384064
v -63.366833 8.273907 145.442688
v -63.309460 5.433163 137.247818
v -63.309460 5.433163 139.205475
v -63.043716 5.263643 119.931923
v -63.043716 5.263643 121.764145
v -62.993382 7.100967 114.188126
v -62.993382 7.100967 120.034378
v -62.993382 7.100967 136.576355
v -62.993382 7.100967 155.368042
v -62.978638 8.696963 109.175705
v -62.885677 6.097547 137.247818
v -62.885677 6.097547 139.205475
v -62.801388 8.594384 122.459106
v -62.619934 5.928027 119.931923
v -62.619934 5.928027 121.764145
v -62.607388 14.612672 154.160782
v -62.607388 14.612672 159.272156
v -62.569603 7.765351 104.087753
v -62.569603 7.765351 112.358742
v -62.569603 7.765351 128.900711
v -62.569603 7.765351 145.442688
v -62.569603 7.765351 153.713669
v -62.379353 4.839848 150.684418
v -62.379353 4.839848 156.244614
v -62.246483 4.755089 126.046463
v -62.246483 4.755089 128.154373
v -62.246483 4.755089 130.023544
v -62.246483 4.755089 131.892715
v -62.145821 8.429734 103.047058
v -62.145821 8.429734 104.087753
v -62.145821 8.429734 104.683105
v -62.145821 8.429734 106.884521
v -62.145821 8.429734 109.309250
v -62.145821 8.429734 112.370850
v -62.145821 8.429734 112.954086
v -62.145821 8.429734 114.188126
v -62.145821 8.429734 115.155502
v -62.145821 8.429734 117.580238
v -62.145821 8.429734 120.034378
v -62.145821 8.429734 121.225067
v -62.145821 8.429734 123.426491
v -62.145821 8.429734 125.851219
v -62.145821 8.429734 128.900711
v -62.145821 8.429734 129.496063
v -62.145821 8.429734 131.697479
v -62.145821 8.429734 134.122208
v -62.145821 8.429734 136.576355
v -62.145821 8.429734 137.767044
v -62.145821 8.429734 139.968460
v -62.145821 8.429734 142.393188
v -62.145821 8.429734 145.442688
v -62.145821 8.429734 146.038025
v -62.145821 8.429734 148.239441
v -62.145821 8.429734 150.664169
v -62.145821 8.429734 153.713669
v -62.145821 8.429734 154.309006
v -62.145821 8.429734 155.368042
v -62.145821 8.429734 156.510437
v -62.145821 8.429734 158.935150
v -62.145821 8.429734 160.928238
v -61.955574 5.504230 150.154892
v -61.955574 5.504230 156.244614
v -61.892956 4.529573 135.738800
v -61.822701 5.419472 125.429443
v -61.822701 5.419472 128.154373
v -61.822701 5.419472 130.023544
v -61.822701 5.419472 132.488068
v -61.714993 4.416050 140.163696
v -61.449249 4.246531 105.466866
v -61.449249 4.246531 107.079765
v -61.449249 4.246531 109.504494
v -61.449249 4.246531 115.350754
v -61.449249 4.246531 144.407303
v -61.449249 4.246531 146.725235
v -61.302189 15.707900 155.864563
v -61.302189 15.707900 159.272156
v -61.298256 9.758501 108.118561
v -61.298256 9.758501 116.389542
v -61.298256 9.758501 124.660522
v -61.298256 9.758501 132.931519
v -61.298256 9.758501 141.202499
v -61.298256 9.758501 149.473480
v -61.298256 9.758501 157.744461
v -61.291214 5.080434 140.759048
v -61.280933 5.489072 135.738800
v -61.079323 5.412623 140.758270
v -61.079323 5.412625 140.158981
v -61.063980 4.000767 103.047058
v -61.032509 9.588982 156.244614
v -61.032509 9.588982 157.744461
v -61.032509 9.588982 159.985535
v -61.025467 4.910915 105.466866
v -61.025467 4.910915 107.675110
v -61.025467 4.910915 108.887474
v -61.025467 4.910915 115.946098
v -61.025467 4.910915 144.407303
v -61.025467 4.910915 146.725235
v -60.964603 12.654808 154.160782
v -60.964603 12.654808 159.272156
v -60.852768 9.870771 156.244614
v -60.852768 9.870771 160.124054
v -60.852768 9.870771 160.247223
v -60.764122 3.809487 128.885803
v -60.603901 3.707282 103.783165
v -60.517319 4.857793 103.047058
v -60.224365 11.772597 103.047058
v -60.224365 11.772597 149.049408
v -60.224365 15.833792 103.047058
v -60.224365 15.833792 149.049408
v -60.137024 9.017751 156.244614
v -60.137024 9.017751 157.744461
v -60.120529 3.398938 117.775475
v -60.120529 3.398938 123.621735
v -60.120529 3.398938 134.317444
v -60.120529 3.398938 142.588440
v -60.120529 3.398938 148.434692
v -60.044849 4.937124 128.885803
v -59.910503 4.794354 103.783165
v -59.905117 1.392097 146.595337
v -59.905117 1.392097 147.496399
v -59.905117 1.392097 151.602600
v -59.905117 1.392097 152.441605
v -59.696747 4.063322 107.675110
v -59.696747 4.063322 115.946098
v -59.696747 4.063322 132.488068
v -59.696747 4.063322 140.759048
v -59.659405 13.750036 155.864563
v -59.659405 13.750036 159.272156
v -59.613338 1.556465 103.047058
v -59.481335 2.056480 146.000000
v -59.481335 2.056480 147.496399
v -59.481335 2.056480 151.602600
v -59.481335 2.056480 153.058624
v -59.348461 1.971722 103.047058
v -59.348461 1.971722 103.432709
v -59.272964 4.727705 103.047058
v -59.272964 4.727705 103.492409
v -59.272964 4.727705 105.917137
v -59.272964 4.727705 107.675110
v -59.272964 4.727705 108.270454
v -59.272964 4.727705 111.763397
v -59.272964 4.727705 114.188126
v -59.272964 4.727705 115.946098
v -59.272964 4.727705 116.541443
v -59.272964 4.727705 117.775475
v -59.272964 4.727705 120.034378
v -59.272964 4.727705 122.459106
v -59.272964 4.727705 123.621735
v -59.272964 4.727705 124.812424
v -59.272964 4.727705 128.305359
v -59.272964 4.727705 130.730087
v -59.272964 4.727705 132.488068
v -59.272964 4.727705 133.083405
v -59.272964 4.727705 136.576355
v -59.272964 4.727705 139.001068
v -59.272964 4.727705 140.759048
v -59.272964 4.727705 141.354401
v -59.272964 4.727705 142.588440
v -59.272964 4.727705 143.493500
v -59.272964 4.727705 144.847336
v -59.272964 4.727705 147.272064
v -59.272964 4.727705 148.434692
v -59.272964 4.727705 149.625381
v -59.272964 4.727705 153.118317
v -59.272964 4.727705 155.368042
v -59.272964 4.727705 156.244614
v -59.272964 4.727707 133.700424
v -59.107883 0.883541 126.313347
v -59.107883 0.883541 127.628647
v -59.107883 0.883541 130.053375
v -59.107883 0.883541 135.899628
v -58.958370 0.788164 150.004776
v -58.684101 1.547924 125.400711
v -58.684101 1.547924 128.245667
v -58.684101 1.547924 129.458038
v -58.684101 1.547924 136.516647
v -58.576393 0.544504 105.240417
v -58.576393 0.544504 105.769508
v -58.576393 0.544504 107.374786
v -58.576393 0.544504 108.275215
v -58.576393 0.544504 110.189568
v -58.576393 0.544504 111.086678
v -58.576393 0.544504 138.324356
v -58.576393 0.544504 140.953720
v -58.576393 0.544504 154.866333
v -58.576393 0.544504 158.563019
v -58.576393 0.544504 160.712585
v -58.425400 6.056472 104.683105
v -58.425400 6.056472 112.954086
v -58.425400 6.056472 121.225067
v -58.425400 6.056472 129.496063
v -58.425400 6.056472 137.767044
v -58.425400 6.056472 146.038025
v -58.425400 6.056472 154.309006
v -58.383610 1.689243 150.004776
v -58.177780 0.290224 113.511406
v -58.177780 0.290224 119.357666
v -58.177780 0.290224 140.953720
v -58.177780 0.290224 144.170624
v -58.159657 5.886953 156.244614
v -58.159657 5.886953 158.935150
v -58.152615 1.208887 104.645073
v -58.152615 1.208887 105.769508
v -58.152615 1.208887 107.374786
v -58.152615 1.208887 108.275215
v -58.152615 1.208887 110.189568
v -58.152615 1.208887 111.703697
v -58.152615 1.208887 137.729019
v -58.152615 1.208887 141.674042
v -58.152615 1.208887 154.270981
v -58.152615 1.208887 158.563019
v -58.152615 1.208887 160.712585
v -58.152615 1.208887 161.329605
v -57.879112 6.326779 156.244614
v -57.879112 6.326779 158.541046
v -57.809181 0.055094 106.719940
v -57.753998 0.954609 112.916061
v -57.753998 0.954609 119.974678
v -57.753998 0.954609 141.674042
v -57.753998 0.954609 144.787628
v -57.715416 -0.004717 109.413170
v -57.696625 -1.886135 112.251022
v -57.696625 -1.886135 113.348061
v -57.696625 -1.886135 114.787003
v -57.696625 -1.886135 115.882568
v -57.626862 1.153925 141.674042
v -57.626862 1.153925 144.787628
v -57.475903 -0.157505 160.129807
v -57.272842 -1.221750 112.251022
v -57.272842 -1.221750 113.348061
v -57.272842 -1.221750 114.787003
v -57.272842 -1.221750 115.882568
v -57.247673 -0.303089 121.782394
v -57.247673 -0.303089 126.313347
v -57.165134 -2.225172 143.120255
v -57.165134 -2.225172 145.653427
v -57.165134 -2.225172 148.966507
v -57.140701 1.103100 106.719940
v -57.131435 8.086459 154.160782
v -57.131435 8.086459 159.272156
v -57.032261 -2.309933 127.490959
v -57.032261 -2.309933 129.014160
v -57.017036 1.090172 109.413170
v -56.823891 0.361294 103.432709
v -56.823891 0.361294 111.703697
v -56.823891 0.361294 119.974678
v -56.823891 0.361294 125.400711
v -56.823891 0.361294 128.245667
v -56.823891 0.361294 136.516647
v -56.823891 0.361294 144.787628
v -56.823891 0.361294 153.058624
v -56.823891 0.361294 161.329605
v -56.816738 15.833792 103.047058
v -56.816738 15.833792 149.049408
v -56.816738 20.862469 103.047058
v -56.816738 20.862469 149.049408
v -56.761955 4.995356 156.244614
v -56.761955 4.995356 160.124054
v -56.761955 4.995356 160.928238
v -56.741352 -1.560789 143.120255
v -56.741352 -1.560789 145.653427
v -56.741352 -1.560789 148.966507
v -56.701126 1.057146 160.129807
v -56.608482 -1.645548 127.490959
v -56.608482 -1.645548 129.501404
v -56.400112 1.025677 103.047058
v -56.400112 1.025677 103.432709
v -56.400112 1.025677 104.049728
v -56.400112 1.025677 107.079765
v -56.400112 1.025677 109.504494
v -56.400112 1.025677 111.703697
v -56.400112 1.025677 112.320717
v -56.400112 1.025677 115.350754
v -56.400112 1.025677 117.775475
v -56.400112 1.025677 119.974678
v -56.400112 1.025677 120.591698
v -56.400112 1.025677 123.621735
v -56.400112 1.025677 125.400711
v -56.400112 1.025677 126.046463
v -56.400112 1.025677 128.245667
v -56.400112 1.025677 128.862686
v -56.400112 1.025677 131.892715
v -56.400112 1.025677 134.317444
v -56.400112 1.025677 136.516647
v -56.400112 1.025677 137.133667
v -56.400112 1.025677 140.163696
v -56.400112 1.025677 142.588440
v -56.400112 1.025677 144.787628
v -56.400112 1.025677 145.404648
v -56.400112 1.025677 148.434692
v -56.400112 1.025677 150.684418
v -56.400112 1.025677 153.058624
v -56.400112 1.025677 153.675629
v -56.400112 1.025677 156.244614
v -56.400112 1.025677 161.329605
v -56.400112 1.025677 161.946625
v -56.235031 -2.818489 118.307297
v -56.235031 -2.818489 124.153549
v -56.042633 -2.941219 146.915405
v -55.965332 -2.990530 126.578278
v -55.836330 -3.072819 144.278961
v -55.826241 9.181687 155.864563
v -55.826241 9.181687 159.272156
v -55.811249 -2.154104 118.307297
v -55.811249 -2.154104 124.153549
v -55.735107 -3.137390 114.346985
v -55.703541 -3.157526 152.738647
v -55.703541 -3.157526 155.765213
v -55.552547 2.354443 141.354401
v -55.552547 2.354445 108.270454
v -55.552547 2.354445 116.541443
v -55.552547 2.354445 124.812424
v -55.552547 2.354445 133.083405
v -55.552547 2.354445 149.625381
v -55.488651 6.128596 154.160782
v -55.488651 6.128596 159.272156
v -55.448372 -2.009563 146.915405
v -55.437798 -3.327044 129.014160
v -55.437798 -3.327044 132.424530
v -55.371407 -2.059404 126.578278
v -55.304924 -3.411802 134.849274
v -55.304924 -3.411802 140.695526
v -55.286804 2.184925 156.244614
v -55.286804 2.184925 160.928238
v -55.279758 -2.493141 152.738647
v -55.279758 -2.493141 155.765213
v -55.237598 -3.454750 111.539215
v -55.210735 -2.092043 144.278961
v -55.061081 -2.080688 114.346985
v -55.039181 -3.581322 103.047058
v -55.039181 -3.581322 107.611580
v -55.014015 -2.662661 129.501404
v -54.905453 2.782787 156.244614
v -54.905453 2.782787 160.124054
v -54.905453 2.782787 160.928238
v -54.881142 -2.747419 134.253922
v -54.881142 -2.747419 141.312546
v -54.759747 -2.264030 129.501404
v -54.759747 -2.264030 132.424530
v -54.634663 -3.839367 121.511391
v -54.615398 -2.916939 103.047058
v -54.615398 -2.916939 108.228600
v -54.500107 -2.298546 111.539215
v -54.374821 -4.005119 110.036308
v -54.374821 -4.005119 115.882568
v -54.374821 -4.005119 124.153549
v -54.374821 -4.005119 132.424530
v -54.374821 -4.005119 148.966507
v -54.374821 -4.005119 151.391235
v -54.374821 -4.005119 157.237488
v -54.183453 7.223825 155.864563
v -54.183453 7.223825 159.272156
v -54.026535 -6.096720 106.644196
v -54.026535 -6.096720 108.222183
v -54.026535 -6.096720 111.703568
v -54.026535 -6.096720 112.490456
v -53.951038 -3.340734 108.228600
v -53.951038 -3.340734 141.312546
v -53.893665 -6.181479 131.457153
v -53.893665 -6.181479 134.053955
v -53.846291 -2.603403 121.511391
v -53.627918 -6.350998 147.999130
v -53.627918 -6.350998 153.845383
v -53.602753 -5.432335 106.027184
v -53.602753 -5.432335 108.222183
v -53.602753 -5.432335 111.703568
v -53.602753 -5.432335 113.085800
v -53.527256 -2.676352 103.047058
v -53.527256 -2.676352 105.240417
v -53.527256 -2.676352 108.228600
v -53.527256 -2.676352 108.845619
v -53.527256 -2.676352 110.036308
v -53.527256 -2.676352 111.086678
v -53.527256 -2.676352 113.511406
v -53.527256 -2.676352 115.882568
v -53.527256 -2.676352 117.116608
v -53.527256 -2.676352 119.357666
v -53.527256 -2.676352 121.782394
v -53.527256 -2.676352 124.153549
v -53.527256 -2.676352 125.387589
v -53.527256 -2.676352 127.628647
v -53.527256 -2.676352 130.053375
v -53.527256 -2.676352 132.424530
v -53.527256 -2.676352 133.658569
v -53.527256 -2.676352 135.899628
v -53.527256 -2.676352 138.324356
v -53.527256 -2.676352 141.324646
v -53.527256 -2.676352 141.929565
v -53.527256 -2.676352 144.170624
v -53.527256 -2.676352 146.595337
v -53.527256 -2.676352 148.966507
v -53.527256 -2.676352 150.200546
v -53.527256 -2.676352 151.391235
v -53.527256 -2.676352 152.441605
v -53.527256 -2.676352 154.866333
v -53.527256 -2.676352 157.237488
v -53.527256 -2.676352 158.471527
v -53.495049 -6.435757 126.109299
v -53.495049 -6.435757 129.032425
v -53.469883 -5.517096 130.840134
v -53.469883 -5.517096 134.053955
v -53.368347 -2.427225 103.047058
v -53.204140 -5.686615 147.382111
v -53.204140 -5.686615 154.440735
v -53.071266 -5.771374 126.109299
v -53.071266 -5.771374 129.627777
v -52.830688 -6.859552 103.690384
v -52.830688 -6.859552 104.219475
v -52.830688 -6.859552 157.766251
v -52.830688 -6.859552 161.655304
v -52.679695 -1.347584 104.049728
v -52.679695 -1.347584 112.320717
v -52.679695 -1.347584 120.591698
v -52.679695 -1.347584 128.862686
v -52.679695 -1.347584 137.133667
v -52.679695 -1.347584 145.404648
v -52.679695 -1.347584 153.675629
v -52.432072 -7.113832 115.857391
v -52.432072 -7.113832 119.943649
v -52.406906 -6.195171 103.690384
v -52.406906 -6.195171 104.814819
v -52.406906 -6.195171 157.766251
v -52.406906 -6.195171 161.655304
v -52.311378 -7.190821 103.047058
v -52.299198 -7.198591 139.728134
v -52.299198 -7.198591 145.574402
v -52.215080 -7.252249 109.902763
v -52.042587 -7.362286 123.186172
v -52.008289 -6.449448 115.857391
v -52.008289 -6.449448 119.943649
v -51.875420 -6.534208 139.111115
v -51.875420 -6.534208 146.169739
v -51.818043 -9.374952 135.044510
v -51.818043 -9.374952 136.017212
v -51.818043 -9.374952 137.974884
v -51.818043 -9.374952 139.932541
v -51.721970 -6.266775 103.047058
v -51.655483 1.560247 154.160782
v -51.655483 1.560247 159.272156
v -51.552299 -9.544470 120.658981
v -51.552299 -9.544470 122.491203
v -51.501968 -7.707148 114.915184
v -51.501968 -7.707148 120.761444
v -51.501968 -7.707148 137.303406
v -51.501968 -7.707148 156.095108
v -51.487221 -6.111151 109.902763
v -51.394260 -8.710567 134.427490
v -51.394260 -8.710567 136.017212
v -51.394260 -8.710567 137.974884
v -51.394260 -8.710567 139.932541
v -51.309975 -6.213730 123.186172
v -51.128517 -8.880087 120.658981
v -51.128517 -8.880087 122.491203
v -51.078186 -7.042763 104.814819
v -51.078186 -7.042763 113.085800
v -51.078186 -7.042763 129.627777
v -51.078186 -7.042763 146.169739
v -51.078186 -7.042763 154.440735
v -50.887939 -9.968266 151.411469
v -50.887939 -9.968266 156.971664
v -50.755066 -10.053026 126.773529
v -50.755066 -10.053026 128.881439
v -50.755066 -10.053026 130.750610
v -50.755066 -10.053026 132.619781
v -50.755066 -10.053026 157.823151
v -50.755066 -10.053026 159.277618
v -50.755066 -10.053026 160.567352
v -50.755066 -10.053026 161.857071
v -50.654404 -6.378380 103.047058
v -50.654404 -6.378380 104.814819
v -50.654404 -6.378380 105.410164
v -50.654404 -6.378380 107.611580
v -50.654404 -6.378380 110.036308
v -50.654404 -6.378380 113.097916
v -50.654404 -6.378380 113.681145
v -50.654404 -6.378380 114.915184
v -50.654404 -6.378380 115.882568
v -50.654404 -6.378380 118.307297
v -50.654404 -6.378380 120.761444
v -50.654404 -6.378380 121.952133
v -50.654404 -6.378380 124.153549
v -50.654404 -6.378380 126.578278
v -50.654404 -6.378380 129.627777
v -50.654404 -6.378380 130.223114
v -50.654404 -6.378380 132.424530
v -50.654404 -6.378380 134.849274
v -50.654404 -6.378380 137.303406
v -50.654404 -6.378380 138.494110
v -50.654404 -6.378380 140.695526
v -50.654404 -6.378380 143.120255
v -50.654404 -6.378380 146.169739
v -50.654404 -6.378380 146.765091
v -50.654404 -6.378380 148.966507
v -50.654404 -6.378380 151.391235
v -50.654404 -6.378380 154.440735
v -50.654404 -6.378380 155.036072
v -50.654404 -6.378380 156.095108
v -50.654404 -6.378380 157.237488
v -50.654404 -6.378380 159.662216
v -50.654404 -6.378380 161.655304
v -50.464157 -9.303885 150.881958
v -50.464157 -9.303885 156.971664
v -50.401543 -10.278542 136.465866
v -50.350288 2.655477 155.864563
v -50.350288 2.655477 159.272156
v -50.331284 -9.388643 126.156509
v -50.331284 -9.388643 128.881439
v -50.331284 -9.388643 130.750610
v -50.331284 -9.388643 133.215134
v -50.331284 -9.388643 157.397415
v -50.331284 -9.388643 159.277618
v -50.331284 -9.388643 160.567352
v -50.331284 -9.388643 162.267853
v -50.223579 -10.392063 140.890762
v -50.012699 -0.397617 154.160782
v -50.012699 -0.397617 159.272156
v -50.011810 -3.049433 156.244614
v -50.011810 -3.049433 160.124054
v -50.011810 -3.049433 161.946625
v -49.957832 -10.561581 103.047058
v -49.957832 -10.561581 103.157707
v -49.957832 -10.561581 106.193932
v -49.957832 -10.561581 107.806824
v -49.957832 -10.561581 110.231552
v -49.957832 -10.561581 116.077812
v -49.957832 -10.561581 145.134369
v -49.957832 -10.561581 147.452301
v -49.806839 -5.049614 108.845619
v -49.806839 -5.049614 117.116608
v -49.806839 -5.049614 125.387589
v -49.806839 -5.049614 133.658569
v -49.806839 -5.049614 141.929565
v -49.806839 -5.049614 150.200546
v -49.806839 -5.049614 158.471527
v -49.799797 -9.727680 141.486115
v -49.789520 -9.319040 136.465866
v -49.587906 -9.395491 141.485321
v -49.587906 -9.395489 140.886032
v -49.541096 -5.219131 158.471527
v -49.541096 -5.219131 160.712585
v -49.534050 -9.897198 103.047058
v -49.534050 -9.897198 103.157707
v -49.534050 -9.897198 106.193932
v -49.534050 -9.897198 108.402176
v -49.534050 -9.897198 109.614532
v -49.534050 -9.897198 116.673157
v -49.534050 -9.897198 145.134369
v -49.534050 -9.897198 147.452301
v -49.272705 -10.998629 129.612869
v -49.272705 -10.998629 159.782303
v -49.112484 -11.100834 104.510223
v -48.958138 -4.305197 158.471527
v -48.958138 -4.305197 160.124054
v -48.958138 -4.305197 161.561371
v -48.707504 0.697613 155.864563
v -48.707504 0.697613 159.272156
v -48.629112 -11.409176 118.502541
v -48.629112 -11.409176 124.348801
v -48.629112 -11.409176 143.315491
v -48.629112 -11.409176 149.161743
v -48.553432 -9.870991 129.612869
v -48.553432 -9.870991 159.782303
v -48.419086 -10.013758 104.510223
v -48.280830 -13.500774 105.695389
v -48.280830 -13.500774 107.273369
v -48.280830 -13.500774 110.754753
v -48.280830 -13.500774 111.541641
v -48.205330 -10.744793 108.402176
v -48.205330 -10.744793 116.673157
v -48.205330 -10.744793 133.215134
v -48.205330 -10.744793 141.486115
v -48.205330 -10.744793 162.267853
v -48.147957 -13.585535 130.508347
v -48.147957 -13.585535 133.105133
v -47.882210 -13.755056 147.050308
v -47.882210 -13.755056 152.896576
v -47.857048 -12.836393 105.078369
v -47.857048 -12.836393 107.273369
v -47.857048 -12.836393 110.754753
v -47.857048 -12.836393 112.136993
v -47.781548 -10.080410 103.047058
v -47.781548 -10.080410 104.219475
v -47.781548 -10.080410 106.644196
v -47.781548 -10.080410 108.402176
v -47.781548 -10.080410 108.997520
v -47.781548 -10.080410 112.490456
v -47.781548 -10.080410 114.915184
v -47.781548 -10.080410 116.673157
v -47.781548 -10.080410 117.268501
v -47.781548 -10.080410 118.502541
v -47.781548 -10.080410 120.761444
v -47.781548 -10.080410 123.186172
v -47.781548 -10.080410 124.348801
v -47.781548 -10.080410 125.539490
v -47.781548 -10.080410 129.032425
v -47.781548 -10.080410 131.457153
v -47.781548 -10.080410 133.215134
v -47.781548 -10.080410 133.810471
v -47.781548 -10.080410 137.303406
v -47.781548 -10.080410 139.728134
v -47.781548 -10.080410 141.486115
v -47.781548 -10.080410 142.081451
v -47.781548 -10.080410 143.315491
v -47.781548 -10.080410 144.220551
v -47.781548 -10.080410 145.574402
v -47.781548 -10.080410 147.999130
v -47.781548 -10.080410 149.161743
v -47.781548 -10.080410 150.352448
v -47.781548 -10.080410 153.845383
v -47.781548 -10.080410 156.095108
v -47.781548 -10.080410 156.971664
v -47.781548 -10.080410 161.655304
v -47.781548 -10.080410 162.267853
v -47.781548 -10.080410 162.678650
v -47.749340 -13.839811 125.160484
v -47.749340 -13.839811 128.083618
v -47.724174 -12.921152 129.891327
v -47.724174 -12.921152 133.105133
v -47.547050 -9.712774 147.657700
v -47.458431 -13.090670 146.433289
v -47.458431 -13.090670 153.491913
v -47.325558 -13.175430 125.160484
v -47.325558 -13.175430 128.678955
v -47.084980 -14.263609 103.047058
v -47.084980 -14.263609 103.270660
v -47.084980 -14.263609 156.817444
v -47.084980 -14.263609 160.706482
v -47.010406 -8.871452 146.657715
v -46.933983 -8.751642 105.410164
v -46.933983 -8.751642 113.681145
v -46.933983 -8.751642 121.952133
v -46.933983 -8.751642 130.223114
v -46.933983 -8.751642 138.494110
v -46.933983 -8.751642 146.765091
v -46.933983 -8.751642 155.036072
v -46.686363 -14.517889 114.908577
v -46.686363 -14.517889 118.994835
v -46.668243 -8.921162 158.471527
v -46.668243 -8.921162 159.662216
v -46.661198 -13.599228 103.047058
v -46.661198 -13.599228 103.866005
v -46.661198 -13.599228 156.817444
v -46.661198 -13.599228 160.706482
v -46.636738 -7.071827 158.471527
v -46.553490 -14.602648 138.779327
v -46.553490 -14.602648 144.625580
v -46.469376 -14.656305 108.953949
v -46.296879 -14.766344 122.237358
v -46.262581 -13.853506 114.908577
v -46.262581 -13.853506 118.994835
v -46.129711 -13.938265 138.162308
v -46.129711 -13.938265 145.220932
v -46.072334 -16.779009 142.254425
v -46.072334 -16.779009 143.227127
v -46.072334 -16.779009 145.184784
v -46.072334 -16.779009 147.142456
v -45.984474 -7.849188 158.471527
v -45.984474 -7.849188 158.701630
v -45.806591 -16.948526 127.868896
v -45.806591 -16.948526 129.701111
v -45.756260 -15.111204 113.966370
v -45.756260 -15.111204 119.812630
v -45.756260 -15.111204 136.354599
v -45.756260 -15.111204 155.146301
v -45.741516 -13.515207 108.953949
v -45.648552 -16.114626 141.637405
v -45.648552 -16.114626 143.227127
v -45.648552 -16.114626 145.184784
v -45.648552 -16.114626 147.142456
v -45.564266 -13.617788 122.237358
v -45.382809 -16.284143 127.868896
v -45.382809 -16.284143 129.701111
v -45.332478 -14.446821 103.866005
v -45.332478 -14.446821 112.136993
v -45.332478 -14.446821 128.678955
v -45.332478 -14.446821 145.220932
v -45.332478 -14.446821 153.491913
v -45.142231 -17.372324 158.250732
v -45.142231 -17.372324 161.864853
v -45.009357 -17.457087 133.983429
v -45.009357 -17.457087 136.091354
v -45.009357 -17.457087 137.960526
v -45.009357 -17.457087 139.829697
v -44.908695 -13.782434 103.047058
v -44.908695 -13.782434 103.866005
v -44.908695 -13.782434 104.461349
v -44.908695 -13.782434 107.806824
v -44.908695 -13.782434 110.231552
v -44.908695 -13.782434 112.149101
v -44.908695 -13.782434 112.732338
v -44.908695 -13.782434 113.966370
v -44.908695 -13.782434 116.077812
v -44.908695 -13.782434 118.502541
v -44.908695 -13.782434 119.812630
v -44.908695 -13.782434 121.003319
v -44.908695 -13.782434 124.348801
v -44.908695 -13.782434 126.773529
v -44.908695 -13.782434 128.678955
v -44.908695 -13.782434 129.274307
v -44.908695 -13.782434 132.619781
v -44.908695 -13.782434 135.044510
v -44.908695 -13.782434 136.354599
v -44.908695 -13.782434 137.545288
v -44.908695 -13.782434 140.890762
v -44.908695 -13.782434 143.315491
v -44.908695 -13.782434 145.220932
v -44.908695 -13.782434 145.816284
v -44.908695 -13.782434 149.161743
v -44.908695 -13.782434 151.411469
v -44.908695 -13.782434 153.491913
v -44.908695 -13.782434 154.087265
v -44.908695 -13.782434 155.146301
v -44.908695 -13.782434 156.971664
v -44.908695 -13.782434 157.823151
v -44.908695 -13.782434 160.706482
v -44.718449 -16.707941 157.906540
v -44.718449 -16.707941 161.864853
v -44.655830 -17.682596 143.675781
v -44.585579 -16.792700 133.366425
v -44.585579 -16.792700 136.091354
v -44.585579 -16.792700 137.960526
v -44.585579 -16.792700 140.425049
v -44.477871 -17.796122 148.100677
v -44.262951 -7.250139 154.160782
v -44.262951 -7.250139 159.272156
v -44.212128 -17.965639 109.170479
v -44.212128 -17.965639 110.367622
v -44.212128 -17.965639 113.403839
v -44.212128 -17.965639 115.016739
v -44.212128 -17.965639 117.441467
v -44.212128 -17.965639 123.287720
v -44.212128 -17.965639 152.344269
v -44.212128 -17.965639 154.662201
v -44.061131 -12.453671 108.997520
v -44.061131 -12.453671 117.268501
v -44.061131 -12.453671 125.539490
v -44.061131 -12.453671 133.810471
v -44.061131 -12.453671 142.081451
v -44.061131 -12.453671 150.352448
v -44.061131 -12.453671 156.971664
v -44.054085 -17.131735 148.696030
v -44.043808 -16.723101 143.675781
v -43.842201 -16.799547 148.695236
v -43.842197 -16.799547 148.095947
v -43.795387 -12.623188 159.662216
v -43.795387 -12.623188 161.655304
v -43.788345 -17.301256 108.553467
v -43.788345 -17.301256 110.367622
v -43.788345 -17.301256 113.403839
v -43.788345 -17.301256 115.612083
v -43.788345 -17.301256 116.824448
v -43.788345 -17.301256 123.883072
v -43.788345 -17.301256 152.344269
v -43.788345 -17.301256 154.662201
v -43.547768 -18.389437 103.047058
v -43.547768 -18.389437 106.745750
v -43.526997 -18.402681 136.822784
v -43.366776 -18.504889 111.720139
v -43.261665 -11.094223 158.471527
v -43.261665 -11.094223 160.124054
v -43.261665 -11.094223 161.655304
v -43.123985 -17.725054 103.047058
v -43.123985 -17.725054 107.341103
v -43.010818 -11.393179 159.662216
v -43.010818 -11.393179 160.124054
v -43.010818 -11.393179 161.655304
v -42.957752 -6.154911 155.864563
v -42.957752 -6.154911 159.272156
v -42.883408 -18.813234 125.712448
v -42.883408 -18.813234 131.558716
v -42.883408 -18.813234 150.525406
v -42.883408 -18.813234 156.371658
v -42.807724 -17.275045 136.822784
v -42.673378 -17.417818 111.720139
v -42.667992 -20.820076 145.646530
v -42.667992 -20.820076 146.547577
v -42.667992 -20.820076 150.653778
v -42.667992 -20.820076 151.492798
v -42.620163 -9.208002 154.160782
v -42.620163 -9.208002 159.272156
v -42.459625 -18.148848 107.341103
v -42.459625 -18.148848 115.612083
v -42.459625 -18.148848 123.883072
v -42.459625 -18.148848 140.425049
v -42.459625 -18.148848 148.696030
v -42.244209 -20.155693 145.051178
v -42.244209 -20.155693 146.547577
v -42.244209 -20.155693 150.653778
v -42.244209 -20.155693 152.109802
v -42.035843 -17.484465 103.047058
v -42.035843 -17.484465 103.270660
v -42.035843 -17.484465 105.695389
v -42.035843 -17.484465 107.341103
v -42.035843 -17.484465 107.936447
v -42.035843 -17.484465 111.541641
v -42.035843 -17.484465 113.966370
v -42.035843 -17.484465 115.612083
v -42.035843 -17.484465 116.207428
v -42.035843 -17.484465 119.812630
v -42.035843 -17.484465 122.237358
v -42.035843 -17.484465 123.883072
v -42.035843 -17.484465 124.478416
v -42.035843 -17.484465 125.712448
v -42.035843 -17.484465 128.083618
v -42.035843 -17.484465 130.508347
v -42.035843 -17.484465 131.558716
v -42.035843 -17.484465 132.749405
v -42.035843 -17.484465 136.354599
v -42.035843 -17.484465 138.779327
v -42.035843 -17.484465 140.425049
v -42.035843 -17.484465 141.020386
v -42.035843 -17.484465 144.625580
v -42.035843 -17.484465 147.050308
v -42.035843 -17.484465 148.696030
v -42.035843 -17.484465 149.291367
v -42.035843 -17.484465 150.525406
v -42.035843 -17.484465 152.896576
v -42.035843 -17.484465 155.146301
v -42.035843 -17.484465 156.371658
v -42.035843 -17.484465 157.562347
v -42.035843 -17.484465 160.706482
v -42.035843 -17.484465 161.864853
v -41.870762 -21.328629 125.364540
v -41.870762 -21.328629 126.679832
v -41.870762 -21.328629 129.104568
v -41.870762 -21.328629 134.950821
v -41.721245 -21.424004 149.055969
v -41.446976 -20.664246 124.451897
v -41.446976 -20.664246 127.296852
v -41.446976 -20.664246 128.509216
v -41.446976 -20.664246 135.567841
v -41.339272 -21.667671 104.291611
v -41.339272 -21.667671 104.820702
v -41.339272 -21.667671 106.425980
v -41.339272 -21.667671 107.326401
v -41.339272 -21.667671 109.240761
v -41.339272 -21.667671 110.137863
v -41.339272 -21.667671 137.375549
v -41.339272 -21.667671 140.004913
v -41.339272 -21.667671 153.917511
v -41.339272 -21.667671 157.614197
v -41.339272 -21.667671 159.763763
v -41.314964 -8.112776 155.864563
v -41.314964 -8.112776 159.272156
v -41.188278 -16.155699 104.461349
v -41.188278 -16.155699 112.732338
v -41.188278 -16.155699 121.003319
v -41.188278 -16.155699 129.274307
v -41.188278 -16.155699 137.545288
v -41.188278 -16.155699 145.816284
v -41.188278 -16.155699 154.087265
v -41.146484 -20.522926 149.055969
v -40.940659 -21.921944 112.562592
v -40.940659 -21.921944 118.408852
v -40.940659 -21.921944 140.004913
v -40.940659 -21.921944 143.221802
v -40.922531 -16.325216 158.471527
v -40.922531 -16.325216 160.706482
v -40.922531 -16.325216 161.857071
v -40.915489 -21.003288 103.696266
v -40.915489 -21.003288 104.820702
v -40.915489 -21.003288 106.425980
v -40.915489 -21.003288 107.326401
v -40.915489 -21.003288 109.240761
v -40.915489 -21.003288 110.754883
v -40.915489 -21.003288 136.780212
v -40.915489 -21.003288 140.725235
v -40.915489 -21.003288 153.322174
v -40.915489 -21.003288 157.614197
v -40.915489 -21.003288 159.763763
v -40.915489 -21.003288 160.380798
v -40.572056 -22.157074 105.771133
v -40.516876 -21.257561 111.967247
v -40.516876 -21.257561 119.025871
v -40.516876 -21.257561 140.725235
v -40.516876 -21.257561 143.838821
v -40.478294 -22.216888 108.464355
v -40.459499 -24.098305 119.460938
v -40.459499 -24.098305 120.557976
v -40.459499 -24.098305 121.996910
v -40.459499 -24.098305 123.092484
v -40.389740 -21.058250 140.725235
v -40.389740 -21.058250 143.838821
v -40.238777 -22.369675 159.181000
v -40.074970 -14.996450 159.662216
v -40.074970 -14.996450 162.678650
v -40.037159 -14.937174 158.471527
v -40.037159 -14.937174 159.662216
v -40.035717 -23.433922 119.460938
v -40.035717 -23.433922 120.557976
v -40.035717 -23.433922 121.996910
v -40.035717 -23.433922 123.092484
v -40.010551 -22.515266 120.833580
v -40.010551 -22.515266 125.364540
v -39.928009 -24.437340 152.863342
v -39.928009 -24.437340 156.176422
v -39.903580 -21.109070 105.771133
v -39.795139 -24.522102 134.700867
v -39.795139 -24.522102 136.224075
v -39.779911 -21.122002 108.464355
v -39.586769 -21.850876 110.754883
v -39.586769 -21.850876 119.025871
v -39.586769 -21.850876 124.451897
v -39.586769 -21.850876 127.296852
v -39.586769 -21.850876 135.567841
v -39.586769 -21.850876 143.838821
v -39.586769 -21.850876 152.109802
v -39.586769 -21.850876 160.380798
v -39.504230 -23.772957 152.863342
v -39.504230 -23.772957 156.176422
v -39.464005 -21.155029 159.181000
v -39.371357 -23.857719 134.700867
v -39.371357 -23.857719 136.711319
v -39.162987 -21.186493 103.100914
v -39.162987 -21.186493 106.745750
v -39.162987 -21.186493 109.170479
v -39.162987 -21.186493 110.754883
v -39.162987 -21.186493 111.371902
v -39.162987 -21.186493 115.016739
v -39.162987 -21.186493 117.441467
v -39.162987 -21.186493 119.025871
v -39.162987 -21.186493 119.642883
v -39.162987 -21.186493 123.287720
v -39.162987 -21.186493 124.451897
v -39.162987 -21.186493 125.712448
v -39.162987 -21.186493 127.296852
v -39.162987 -21.186493 127.913872
v -39.162987 -21.186493 131.558716
v -39.162987 -21.186493 133.983429
v -39.162987 -21.186493 135.567841
v -39.162987 -21.186493 136.184860
v -39.162987 -21.186493 139.829697
v -39.162987 -21.186493 142.254425
v -39.162987 -21.186493 143.838821
v -39.162987 -21.186493 144.455841
v -39.162987 -21.186493 148.100677
v -39.162987 -21.186493 150.525406
v -39.162987 -21.186493 152.109802
v -39.162987 -21.186493 152.726822
v -39.162987 -21.186493 156.371658
v -39.162987 -21.186493 158.250732
v -39.162987 -21.186493 160.380798
v -39.162987 -21.186493 160.997803
v -38.997910 -25.030663 125.517212
v -38.997910 -25.030663 131.363464
v -38.805508 -25.153389 154.125320
v -38.786995 -13.776354 154.160782
v -38.786995 -13.776354 159.272156
v -38.728207 -25.202705 133.788193
v -38.599205 -25.284988 151.488876
v -38.574127 -24.366272 125.517212
v -38.574127 -24.366272 131.363464
v -38.497982 -25.349564 121.556900
v -38.466415 -25.369698 105.353371
v -38.466415 -25.369698 106.550514
v -38.466415 -25.369698 159.075897
v -38.466415 -25.369698 161.061829
v -38.315422 -19.857727 107.936447
v -38.315422 -19.857727 116.207428
v -38.315422 -19.857727 124.478416
v -38.315422 -19.857727 132.749405
v -38.315422 -19.857727 141.020386
v -38.315422 -19.857727 149.291367
v -38.315422 -19.857727 157.562347
v -38.211246 -24.221733 154.125320
v -38.200676 -25.539215 136.224075
v -38.200676 -25.539215 139.634460
v -38.134281 -24.271576 133.788193
v -38.099945 -25.603470 103.047058
v -38.067802 -25.623978 142.059174
v -38.067802 -25.623978 147.905426
v -38.049683 -20.027245 159.763763
v -38.049683 -20.027245 160.706482
v -38.042633 -24.705315 105.353371
v -38.042633 -24.705315 107.167526
v -38.042633 -24.705315 159.075897
v -38.042633 -24.705315 161.061829
v -37.973610 -24.304214 151.488876
v -37.823959 -24.292862 121.556900
v -37.802055 -25.793495 108.975235
v -37.802055 -25.793495 114.821495
v -37.776894 -24.874832 136.711319
v -37.644020 -24.959595 141.463837
v -37.644020 -24.959595 148.522461
v -37.621071 -25.908943 104.000854
v -37.559284 -24.755844 103.047058
v -37.522621 -24.476204 136.711319
v -37.522621 -24.476204 139.634460
v -37.481800 -12.681124 155.864563
v -37.481800 -12.681124 159.272156
v -37.397537 -26.051537 128.721298
v -37.378273 -25.129112 108.379890
v -37.378273 -25.129112 115.438515
v -37.202118 -18.698481 159.763763
v -37.202118 -18.698481 160.706482
v -37.144211 -15.734217 154.160782
v -37.144211 -15.734217 159.272156
v -37.137699 -26.217285 117.246223
v -37.137699 -26.217285 123.092484
v -37.137699 -26.217285 131.363464
v -37.137699 -26.217285 139.634460
v -37.137699 -26.217285 150.330170
v -37.137699 -26.217285 156.176422
v -37.137699 -26.217285 158.191757
v -37.137699 -26.217285 162.027893
v -36.927673 -24.821877 104.000854
v -36.713917 -25.552910 107.167526
v -36.713917 -25.552910 115.438515
v -36.713917 -25.552910 148.522461
v -36.609169 -24.815575 128.721298
v -36.511520 -19.139015 158.471527
v -36.511520 -19.139015 159.763763
v -36.290131 -24.888527 103.047058
v -36.290131 -24.888527 104.291611
v -36.290131 -24.888527 107.167526
v -36.290131 -24.888527 107.784546
v -36.290131 -24.888527 110.137863
v -36.290131 -24.888527 112.562592
v -36.290131 -24.888527 115.438515
v -36.290131 -24.888527 116.055534
v -36.290131 -24.888527 117.246223
v -36.290131 -24.888527 118.408852
v -36.290131 -24.888527 120.833580
v -36.290131 -24.888527 123.092484
v -36.290131 -24.888527 124.326515
v -36.290131 -24.888527 126.679832
v -36.290131 -24.888527 129.104568
v -36.290131 -24.888527 131.363464
v -36.290131 -24.888527 132.597504
v -36.290131 -24.888527 134.950821
v -36.290131 -24.888527 137.375549
v -36.290131 -24.888527 139.634460
v -36.290131 -24.888527 140.868484
v -36.290131 -24.888527 143.221802
v -36.290131 -24.888527 145.646530
v -36.290131 -24.888527 148.534561
v -36.290131 -24.888527 149.139465
v -36.290131 -24.888527 150.330170
v -36.290131 -24.888527 151.492798
v -36.290131 -24.888527 153.917511
v -36.290131 -24.888527 156.176422
v -36.290131 -24.888527 157.410461
v -36.290131 -24.888527 158.191757
v -36.290131 -24.888527 159.763763
v -36.290131 -24.888527 162.027893
v -36.290131 -24.888527 162.837646
v -36.290131 -23.019089 103.047058
v -36.290131 -23.019089 103.100914
v -35.839016 -14.638987 155.864563
v -35.839016 -14.638987 159.272156
v -35.442570 -23.559753 111.371902
v -35.442570 -23.559753 119.642883
v -35.442570 -23.559753 127.913872
v -35.442570 -23.559753 136.184860
v -35.442570 -23.559753 144.455841
v -35.442570 -23.559753 152.726822
v -35.176826 -23.729279 159.763763
v -35.176826 -23.729279 160.997803
v -35.176826 -23.729279 161.864853
v -34.329262 -22.400505 159.763763
v -34.329262 -22.400505 161.864853
v -33.311047 -20.302567 154.160782
v -33.311047 -20.302567 159.272156
v -32.303974 -27.431305 159.763763
v -32.005848 -19.207336 155.864563
v -32.005848 -19.207336 159.272156
v -31.668259 -22.260429 154.160782
v -31.668259 -22.260429 159.272156
v -31.456409 -26.102539 159.763763
v -31.456409 -26.102539 160.997803
v -30.708977 -33.797348 103.047058
v -30.708977 -33.797348 110.413719
v -30.708977 -33.797348 156.130920
v -30.708977 -33.797348 166.110336
v -30.708977 -32.812996 137.827087
v -30.708977 -30.699539 168.217056
v -30.708977 -30.318184 103.047058
v -30.708977 -30.318184 106.550514
v -30.708977 -30.318184 108.975235
v -30.708977 -30.318184 114.821495
v -30.708977 -30.318184 117.246223
v -30.708977 -30.318184 123.092484
v -30.708977 -30.318184 125.517212
v -30.708977 -30.318184 131.363464
v -30.708977 -30.318184 133.788193
v -30.708977 -30.318184 139.634460
v -30.708977 -30.318184 142.059174
v -30.708977 -30.318184 147.905426
v -30.708977 -30.318184 150.330170
v -30.708977 -30.318184 156.176422
v -30.708977 -30.318184 158.191757
v -30.708977 -30.318184 162.027893
v -30.708977 -28.448753 107.784546
v -30.708977 -28.448753 116.055534
v -30.708977 -28.448753 124.326515
v -30.708977 -28.448753 132.597504
v -30.708977 -28.448753 140.868484
v -30.708977 -28.448753 149.139465
v -30.708977 -28.448753 157.410461
v -30.708977 -28.448753 159.763763
v -30.708977 -28.448753 162.837646
v -30.708977 -28.004181 159.763763
v -30.708977 -28.004181 168.217056
v -30.363064 -21.165199 155.864563
v -30.363064 -21.165199 159.272156
v -29.073017 -28.004181 159.763763
v -29.073017 -28.004181 160.124054
v -28.338902 -33.797348 137.453812
v -27.000000 -33.797348 168.217056
v -27.000000 -27.824036 103.047058
v -27.000000 -27.824036 160.124054
v -26.311092 -33.797348 125.755867
v -26.311092 -33.797348 151.366791
v -24.926979 -28.004181 159.763763
v -24.926979 -28.004181 160.124054
v -23.636932 -21.165199 155.864563
v -23.636932 -21.165199 159.272156
v -23.291019 -33.797348 103.047058
v -23.291019 -33.797348 117.753151
v -23.291019 -33.797348 131.862930
v -23.291019 -33.797348 149.146561
v -23.291019 -33.797348 158.303223
v -23.291019 -33.797348 168.217056
v -23.291019 -31.898476 153.283386
v -23.291019 -31.330635 125.371620
v -23.291019 -30.318184 103.047058
v -23.291019 -30.318184 106.550514
v -23.291019 -30.318184 108.975235
v -23.291019 -30.318184 114.821495
v -23.291019 -30.318184 117.246223
v -23.291019 -30.318184 123.092484
v -23.291019 -30.318184 125.517212
v -23.291019 -30.318184 131.363464
v -23.291019 -30.318184 133.788193
v -23.291019 -30.318184 139.634460
v -23.291019 -30.318184 142.059174
v -23.291019 -30.318184 147.905426
v -23.291019 -30.318184 150.330170
v -23.291019 -30.318184 156.176422
v -23.291019 -30.318184 158.191757
v -23.291019 -30.318184 162.027893
v -23.291019 -28.448753 107.784546
v -23.291019 -28.448753 116.055534
v -23.291019 -28.448753 124.326515
v -23.291019 -28.448753 132.597504
v -23.291019 -28.448753 140.868484
v -23.291019 -28.448753 149.139465
v -23.291019 -28.448753 157.410461
v -23.291019 -28.448753 159.763763
v -23.291019 -28.448753 162.837646
v -23.291019 -28.004181 159.763763
v -23.291019 -28.004181 168.217056
v -22.543591 -26.102539 159.763763
v -22.543591 -26.102539 160.997803
v -22.331734 -22.260429 154.160782
v -22.331734 -22.260429 159.272156
v -21.994148 -19.207336 155.864563
v -21.994148 -19.207336 159.272156
v -21.696026 -27.431305 159.763763
v -20.688953 -20.302567 154.160782
v -20.688953 -20.302567 159.272156
v -19.670734 -22.400505 159.763763
v -19.670734 -22.400505 161.864853
v -18.823170 -23.729279 159.763763
v -18.823170 -23.729279 160.997803
v -18.823170 -23.729279 161.864853
v -18.557426 -23.559753 111.371902
v -18.557426 -23.559753 119.642883
v -18.557426 -23.559753 127.913872
v -18.557426 -23.559753 136.184860
v -18.557426 -23.559753 144.455841
v -18.557426 -23.559753 152.726822
v -18.160980 -14.638987 155.864563
v -18.160980 -14.638987 159.272156
v -17.709866 -24.888527 103.047058
v -17.709866 -24.888527 104.291611
v -17.709866 -24.888527 107.167526
v -17.709866 -24.888527 107.784546
v -17.709866 -24.888527 110.137863
v -17.709866 -24.888527 112.562592
v -17.709866 -24.888527 115.438515
v -17.709866 -24.888527 116.055534
v -17.709866 -24.888527 117.246223
v -17.709866 -24.888527 118.408852
v -17.709866 -24.888527 120.833580
v -17.709866 -24.888527 123.092484
v -17.709866 -24.888527 124.326515
v -17.709866 -24.888527 126.679832
v -17.709866 -24.888527 129.104568
v -17.709866 -24.888527 131.363464
v -17.709866 -24.888527 132.597504
v -17.709866 -24.888527 134.950821
v -17.709866 -24.888527 137.375549
v -17.709866 -24.888527 139.634460
v -17.709866 -24.888527 140.868484
v -17.709866 -24.888527 143.221802
v -17.709866 -24.888527 145.646530
v -17.709866 -24.888527 148.534561
v -17.709866 -24.888527 149.139465
v -17.709866 -24.888527 150.330170
v -17.709866 -24.888527 151.492798
v -17.709866 -24.888527 153.917511
v -17.709866 -24.888527 156.176422
v -17.709866 -24.888527 157.410461
v -17.709866 -24.888527 158.191757
v -17.709866 -24.888527 159.763763
v -17.709866 -24.888527 162.027893
v -17.709866 -24.888527 162.837646
v -17.709866 -23.019089 103.047058
v -17.709866 -23.019089 103.100914
v -17.488480 -19.139015 158.471527
v -17.488480 -19.139015 159.763763
v -17.390831 -24.815575 128.721298
v -17.286083 -25.552910 107.167526
v -17.286083 -25.552910 115.438515
v -17.286083 -25.552910 148.522461
v -17.072327 -24.821877 104.000854
v -16.862301 -26.217285 117.246223
v -16.862301 -26.217285 123.092484
v -16.862301 -26.217285 131.363464
v -16.862301 -26.217285 139.634460
v -16.862301 -26.217285 150.330170
v -16.862301 -26.217285 156.176422
v -16.862301 -26.217285 158.191757
v -16.862301 -26.217285 162.027893
v -16.855785 -15.734217 154.160782
v -16.855785 -15.734217 159.272156
v -16.797882 -18.698481 159.763763
v -16.797882 -18.698481 160.706482
v -16.621719 -25.129112 108.379890
v -16.621719 -25.129112 115.438515
v -16.602459 -26.051537 128.721298
v -16.518196 -12.681124 155.864563
v -16.518196 -12.681124 159.272156
v -16.477375 -24.476204 136.711319
v -16.477375 -24.476204 139.634460
v -16.440712 -24.755844 103.047058
v -16.378929 -25.908943 104.000854
v -16.355976 -24.959595 141.463837
v -16.355976 -24.959595 148.522461
v -16.223106 -24.874832 136.711319
v -16.197941 -25.793495 108.975235
v -16.197941 -25.793495 114.821495
v -16.176037 -24.292862 121.556900
v -16.026386 -24.304214 151.488876
v -15.957359 -24.705315 105.353371
v -15.957359 -24.705315 107.167526
v -15.957359 -24.705315 159.075897
v -15.957359 -24.705315 161.061829
v -15.950317 -20.027245 159.763763
v -15.950317 -20.027245 160.706482
v -15.932194 -25.623978 142.059174
v -15.932194 -25.623978 147.905426
v -15.900047 -25.603470 103.047058
v -15.865715 -24.271576 133.788193
v -15.799324 -25.539215 136.224075
v -15.799324 -25.539215 139.634460
v -15.788754 -24.221733 154.125320
v -15.684574 -19.857727 107.936447
v -15.684574 -19.857727 116.207428
v -15.684574 -19.857727 124.478416
v -15.684574 -19.857727 132.749405
v -15.684574 -19.857727 141.020386
v -15.684574 -19.857727 149.291367
v -15.684574 -19.857727 157.562347
v -15.533577 -25.369698 105.353371
v -15.533577 -25.369698 106.550514
v -15.533577 -25.369698 159.075897
v -15.533577 -25.369698 161.061829
v -15.502014 -25.349564 121.556900
v -15.425873 -24.366272 125.517212
v -15.425873 -24.366272 131.363464
v -15.400791 -25.284988 151.488876
v -15.271790 -25.202705 133.788193
v -15.212997 -13.776354 154.160782
v -15.212997 -13.776354 159.272156
v -15.194489 -25.153389 154.125320
v -15.002090 -25.030663 125.517212
v -15.002090 -25.030663 131.363464
v -14.837009 -21.186493 103.100914
v -14.837009 -21.186493 106.745750
v -14.837009 -21.186493 109.170479
v -14.837009 -21.186493 110.754883
v -14.837009 -21.186493 111.371902
v -14.837009 -21.186493 115.016739
v -14.837009 -21.186493 117.441467
v -14.837009 -21.186493 119.025871
v -14.837009 -21.186493 119.642883
v -14.837009 -21.186493 123.287720
v -14.837009 -21.186493 124.451897
v -14.837009 -21.186493 125.712448
v -14.837009 -21.186493 127.296852
v -14.837009 -21.186493 127.913872
v -14.837009 -21.186493 131.558716
v -14.837009 -21.186493 133.983429
v -14.837009 -21.186493 135.567841
v -14.837009 -21.186493 136.184860
v -14.837009 -21.186493 139.829697
v -14.837009 -21.186493 142.254425
v -14.837009 -21.186493 143.838821
v -14.837009 -21.186493 144.455841
v -14.837009 -21.186493 148.100677
v -14.837009 -21.186493 150.525406
v -14.837009 -21.186493 152.109802
v -14.837009 -21.186493 152.726822
v -14.837009 -21.186493 156.371658
v -14.837009 -21.186493 158.250732
v -14.837009 -21.186493 160.380798
v -14.837009 -21.186493 160.997803
v -14.628643 -23.857719 134.700867
v -14.628643 -23.857719 136.711319
v -14.535995 -21.155029 159.181000
v -14.495770 -23.772957 152.863342
v -14.495770 -23.772957 156.176422
v -14.413227 -21.850876 110.754883
v -14.413227 -21.850876 119.025871
v -14.413227 -21.850876 124.451897
v -14.413227 -21.850876 127.296852
v -14.413227 -21.850876 135.567841
v -14.413227 -21.850876 143.838821
v -14.413227 -21.850876 152.109802
v -14.413227 -21.850876 160.380798
v -14.220089 -21.122002 108.464355
v -14.204857 -24.522102 134.700867
v -14.204857 -24.522102 136.224075
v -14.096420 -21.109070 105.771133
v -14.071987 -24.437340 152.863342
v -14.071987 -24.437340 156.176422
v -13.989445 -22.515266 120.833580
v -13.989445 -22.515266 125.364540
v -13.964283 -23.433922 119.460938
v -13.964283 -23.433922 120.557976
v -13.964283 -23.433922 121.996910
v -13.964283 -23.433922 123.092484
v -13.962837 -14.937174 158.471527
v -13.962837 -14.937174 159.662216
v -13.925026 -14.996450 159.662216
v -13.925026 -14.996450 162.678650
v -13.761219 -22.369675 159.181000
v -13.610260 -21.058250 140.725235
v -13.610260 -21.058250 143.838821
v -13.540501 -24.098305 119.460938
v -13.540501 -24.098305 120.557976
v -13.540501 -24.098305 121.996910
v -13.540501 -24.098305 123.092484
v -13.521702 -22.216888 108.464355
v -13.483124 -21.257561 111.967247
v -13.483124 -21.257561 119.025871
v -13.483124 -21.257561 140.725235
v -13.483124 -21.257561 143.838821
v -13.427940 -22.157074 105.771133
v -13.084503 -21.003288 103.696266
v -13.084503 -21.003288 104.820702
v -13.084503 -21.003288 106.425980
v -13.084503 -21.003288 107.326401
v -13.084503 -21.003288 109.240761
v -13.084503 -21.003288 110.754883
v -13.084503 -21.003288 136.780212
v -13.084503 -21.003288 140.725235
v -13.084503 -21.003288 153.322174
v -13.084503 -21.003288 157.614197
v -13.084503 -21.003288 159.763763
v -13.084503 -21.003288 160.380798
v -13.077465 -16.325216 158.471527
v -13.077465 -16.325216 160.706482
v -13.077465 -16.325216 161.857071
v -13.059338 -21.921944 112.562592
v -13.059338 -21.921944 118.408852
v -13.059338 -21.921944 140.004913
v -13.059338 -21.921944 143.221802
v -12.853512 -20.522926 149.055969
v -12.811718 -16.155699 104.461349
v -12.811718 -16.155699 112.732338
v -12.811718 -16.155699 121.003319
v -12.811718 -16.155699 129.274307
v -12.811718 -16.155699 137.545288
v -12.811718 -16.155699 145.816284
v -12.811718 -16.155699 154.087265
v -12.685032 -8.112776 155.864563
v -12.685032 -8.112776 159.272156
v -12.660721 -21.667671 104.291611
v -12.660721 -21.667671 104.820702
v -12.660721 -21.667671 106.425980
v -12.660721 -21.667671 107.326401
v -12.660721 -21.667671 109.240761
v -12.660721 -21.667671 110.137863
v -12.660721 -21.667671 137.375549
v -12.660721 -21.667671 140.004913
v -12.660721 -21.667671 153.917511
v -12.660721 -21.667671 157.614197
v -12.660721 -21.667671 159.763763
v -12.553017 -20.664246 124.451897
v -12.553017 -20.664246 127.296852
v -12.553017 -20.664246 128.509216
v -12.553017 -20.664246 135.567841
v -12.278751 -21.424004 149.055969
v -12.129234 -21.328629 125.364540
v -12.129234 -21.328629 126.679832
v -12.129234 -21.328629 129.104568
v -12.129234 -21.328629 134.950821
v -11.964153 -17.484465 103.047058
v -11.964153 -17.484465 103.270660
v -11.964153 -17.484465 105.695389
v -11.964153 -17.484465 107.341103
v -11.964153 -17.484465 107.936447
v -11.964153 -17.484465 111.541641
v -11.964153 -17.484465 113.966370
v -11.964153 -17.484465 115.612083
v -11.964153 -17.484465 116.207428
v -11.964153 -17.484465 119.812630
v -11.964153 -17.484465 122.237358
v -11.964153 -17.484465 123.883072
v -11.964153 -17.484465 124.478416
v -11.964153 -17.484465 125.712448
v -11.964153 -17.484465 128.083618
v -11.964153 -17.484465 130.508347
v -11.964153 -17.484465 131.558716
v -11.964153 -17.484465 132.749405
v -11.964153 -17.484465 136.354599
v -11.964153 -17.484465 138.779327
v -11.964153 -17.484465 140.425049
v -11.964153 -17.484465 141.020386
v -11.964153 -17.484465 144.625580
v -11.964153 -17.484465 147.050308
v -11.964153 -17.484465 148.696030
v -11.964153 -17.484465 149.291367
v -11.964153 -17.484465 150.525406
v -11.964153 -17.484465 152.896576
v -11.964153 -17.484465 155.146301
v -11.964153 -17.484465 156.371658
v -11.964153 -17.484465 157.562347
v -11.964153 -17.484465 160.706482
v -11.964153 -17.484465 161.864853
v -11.755787 -20.155693 145.051178
v -11.755787 -20.155693 146.547577
v -11.755787 -20.155693 150.653778
v -11.755787 -20.155693 152.109802
v -11.540371 -18.148848 107.341103
v -11.540371 -18.148848 115.612083
v -11.540371 -18.148848 123.883072
v -11.540371 -18.148848 140.425049
v -11.540371 -18.148848 148.696030
v -11.379833 -9.208002 154.160782
v -11.379833 -9.208002 159.272156
v -11.332005 -20.820076 145.646530
v -11.332005 -20.820076 146.547577
v -11.332005 -20.820076 150.653778
v -11.332005 -20.820076 151.492798
v -11.326614 -17.417818 111.720139
v -11.192268 -17.275045 136.822784
v -11.116589 -18.813234 125.712448
v -11.116589 -18.813234 131.558716
v -11.116589 -18.813234 150.525406
v -11.116589 -18.813234 156.371658
v -11.042248 -6.154911 155.864563
v -11.042248 -6.154911 159.272156
v -10.989178 -11.393179 159.662216
v -10.989178 -11.393179 160.124054
v -10.989178 -11.393179 161.655304
v -10.876015 -17.725054 103.047058
v -10.876015 -17.725054 107.341103
v -10.738335 -11.094223 158.471527
v -10.738335 -11.094223 160.124054
v -10.738335 -11.094223 161.655304
v -10.633221 -18.504889 111.720139
v -10.473000 -18.402681 136.822784
v -10.452232 -18.389437 103.047058
v -10.452232 -18.389437 106.745750
v -10.211651 -17.301256 108.553467
v -10.211651 -17.301256 110.367622
v -10.211651 -17.301256 113.403839
v -10.211651 -17.301256 115.612083
v -10.211651 -17.301256 116.824448
v -10.211651 -17.301256 123.883072
v -10.211651 -17.301256 152.344269
v -10.211651 -17.301256 154.662201
v -10.204609 -12.623188 159.662216
v -10.204609 -12.623188 161.655304
v -10.157799 -16.799547 148.095947
v -10.157799 -16.799547 148.695236
v -9.956188 -16.723101 143.675781
v -9.945908 -17.131735 148.696030
v -9.938866 -12.453671 108.997520
v -9.938866 -12.453671 117.268501
v -9.938866 -12.453671 125.539490
v -9.938866 -12.453671 133.810471
v -9.938866 -12.453671 142.081451
v -9.938866 -12.453671 150.352448
v -9.938866 -12.453671 156.971664
v -9.787868 -17.965639 109.170479
v -9.787868 -17.965639 110.367622
v -9.787868 -17.965639 113.403839
v -9.787868 -17.965639 115.016739
v -9.787868 -17.965639 117.441467
v -9.787868 -17.965639 123.287720
v -9.787868 -17.965639 152.344269
v -9.787868 -17.965639 154.662201
v -9.737049 -7.250139 154.160782
v -9.737049 -7.250139 159.272156
v -9.522129 -17.796122 148.100677
v -9.414421 -16.792700 133.366425
v -9.414421 -16.792700 136.091354
v -9.414421 -16.792700 137.960526
v -9.414421 -16.792700 140.425049
v -9.344166 -17.682596 143.675781
v -9.281551 -16.707941 157.906540
v -9.281551 -16.707941 161.864853
v -9.091301 -13.782434 103.047058
v -9.091301 -13.782434 103.866005
v -9.091301 -13.782434 104.461349
v -9.091301 -13.782434 107.806824
v -9.091301 -13.782434 110.231552
v -9.091301 -13.782434 112.149101
v -9.091301 -13.782434 112.732338
v -9.091301 -13.782434 113.966370
v -9.091301 -13.782434 116.077812
v -9.091301 -13.782434 118.502541
v -9.091301 -13.782434 119.812630
v -9.091301 -13.782434 121.003319
v -9.091301 -13.782434 124.348801
v -9.091301 -13.782434 126.773529
v -9.091301 -13.782434 128.678955
v -9.091301 -13.782434 129.274307
v -9.091301 -13.782434 132.619781
v -9.091301 -13.782434 135.044510
v -9.091301 -13.782434 136.354599
v -9.091301 -13.782434 137.545288
v -9.091301 -13.782434 140.890762
v -9.091301 -13.782434 143.315491
v -9.091301 -13.782434 145.220932
v -9.091301 -13.782434 145.816284
v -9.091301 -13.782434 149.161743
v -9.091301 -13.782434 151.411469
v -9.091301 -13.782434 153.491913
v -9.091301 -13.782434 154.087265
v -9.091301 -13.782434 155.146301
v -9.091301 -13.782434 156.971664
v -9.091301 -13.782434 157.823151
v -9.091301 -13.782434 160.706482
v -8.990639 -17.457087 133.983429
v -8.990639 -17.457087 136.091354
v -8.990639 -17.457087 137.960526
v -8.990639 -17.457087 139.829697
v -8.857769 -17.372324 158.250732
v -8.857769 -17.372324 161.864853
v -8.667519 -14.446821 103.866005
v -8.667519 -14.446821 112.136993
v -8.667519 -14.446821 128.678955
v -8.667519 -14.446821 145.220932
v -8.667519 -14.446821 153.491913
v -8.617188 -16.284143 127.868896
v -8.617188 -16.284143 129.701111
v -8.435734 -13.617788 122.237358
v -8.351448 -16.114626 141.637405
v -8.351448 -16.114626 143.227127
v -8.351448 -16.114626 145.184784
v -8.351448 -16.114626 147.142456
v -8.258484 -13.515207 108.953949
v -8.243736 -15.111204 113.966370
v -8.243736 -15.111204 119.812630
v -8.243736 -15.111204 136.354599
v -8.243736 -15.111204 155.146301
v -8.193405 -16.948526 127.868896
v -8.193405 -16.948526 129.701111
v -8.015518 -7.849188 158.471527
v -8.015518 -7.849188 158.701630
v -7.927666 -16.779009 142.254425
v -7.927666 -16.779009 143.227127
v -7.927666 -16.779009 145.184784
v -7.927666 -16.779009 147.142456
v -7.870285 -13.938265 138.162308
v -7.870285 -13.938265 145.220932
v -7.737415 -13.853506 114.908577
v -7.737415 -13.853506 118.994835
v -7.703117 -14.766344 122.237358
v -7.530621 -14.656305 108.953949
v -7.446503 -14.602648 138.779327
v -7.446503 -14.602648 144.625580
v -7.363258 -7.071827 158.471527
v -7.338799 -13.599228 103.047058
v -7.338799 -13.599228 103.866005
v -7.338799 -13.599228 156.817444
v -7.338799 -13.599228 160.706482
v -7.331757 -8.921162 158.471527
v -7.331757 -8.921162 159.662216
v -7.313633 -14.517889 114.908577
v -7.313633 -14.517889 118.994835
v -7.066013 -8.751642 105.410164
v -7.066013 -8.751642 113.681145
v -7.066013 -8.751642 121.952133
v -7.066013 -8.751642 130.223114
v -7.066013 -8.751642 138.494110
v -7.066013 -8.751642 146.765091
v -7.066013 -8.751642 155.036072
v -6.989594 -8.871452 146.657715
v -6.915016 -14.263609 103.047058
v -6.915016 -14.263609 103.270660
v -6.915016 -14.263609 156.817444
v -6.915016 -14.263609 160.706482
v -6.674438 -13.175430 125.160484
v -6.674438 -13.175430 128.678955
v -6.541569 -13.090670 146.433289
v -6.541569 -13.090670 153.491913
v -6.452946 -9.712774 147.657700
v -6.275822 -12.921152 129.891327
v -6.275822 -12.921152 133.105133
v -6.250656 -13.839811 125.160484
v -6.250656 -13.839811 128.083618
v -6.218449 -10.080410 103.047058
v -6.218449 -10.080410 104.219475
v -6.218449 -10.080410 106.644196
v -6.218449 -10.080410 108.402176
v -6.218449 -10.080410 108.997520
v -6.218449 -10.080410 112.490456
v -6.218449 -10.080410 114.915184
v -6.218449 -10.080410 116.673157
v -6.218449 -10.080410 117.268501
v -6.218449 -10.080410 118.502541
v -6.218449 -10.080410 120.761444
v -6.218449 -10.080410 123.186172
v -6.218449 -10.080410 124.348801
v -6.218449 -10.080410 125.539490
v -6.218449 -10.080410 129.032425
v -6.218449 -10.080410 131.457153
v -6.218449 -10.080410 133.215134
v -6.218449 -10.080410 133.810471
v -6.218449 -10.080410 137.303406
v -6.218449 -10.080410 139.728134
v -6.218449 -10.080410 141.486115
v -6.218449 -10.080410 142.081451
v -6.218449 -10.080410 143.315491
v -6.218449 -10.080410 144.220551
v -6.218449 -10.080410 145.574402
v -6.218449 -10.080410 147.999130
v -6.218449 -10.080410 149.161743
v -6.218449 -10.080410 150.352448
v -6.218449 -10.080410 153.845383
v -6.218449 -10.080410 156.095108
v -6.218449 -10.080410 156.971664
v -6.218449 -10.080410 161.655304
v -6.218449 -10.080410 162.267853
v -6.218449 -10.080410 162.678650
v -6.142952 -12.836393 105.078369
v -6.142952 -12.836393 107.273369
v -6.142952 -12.836393 110.754753
v -6.142952 -12.836393 112.136993
v -6.117786 -13.755056 147.050308
v -6.117786 -13.755056 152.896576
v -5.852039 -13.585535 130.508347
v -5.852039 -13.585535 133.105133
v -5.794666 -10.744793 108.402176
v -5.794666 -10.744793 116.673157
v -5.794666 -10.744793 133.215134
v -5.794666 -10.744793 141.486115
v -5.794666 -10.744793 162.267853
v -5.719170 -13.500774 105.695389
v -5.719170 -13.500774 107.273369
v -5.719170 -13.500774 110.754753
v -5.719170 -13.500774 111.541641
v -5.580910 -10.013758 104.510223
v -5.446564 -9.870991 129.612869
v -5.446564 -9.870991 159.782303
v -5.370884 -11.409176 118.502541
v -5.370884 -11.409176 124.348801
v -5.370884 -11.409176 143.315491
v -5.370884 -11.409176 149.161743
v -5.292492 0.697613 155.864563
v -5.292492 0.697613 159.272156
v -5.041866 -4.305197 158.471527
v -5.041866 -4.305197 160.124054
v -5.041866 -4.305197 161.561371
v -4.887516 -11.100834 104.510223
v -4.727295 -10.998629 129.612869
v -4.727295 -10.998629 159.782303
v -4.465950 -9.897198 103.047058
v -4.465950 -9.897198 103.157707
v -4.465950 -9.897198 106.193932
v -4.465950 -9.897198 108.402176
v -4.465950 -9.897198 109.614532
v -4.465950 -9.897198 116.673157
v -4.465950 -9.897198 145.134369
v -4.465950 -9.897198 147.452301
v -4.458904 -5.219131 158.471527
v -4.458904 -5.219131 160.712585
v -4.412094 -9.395491 141.485321
v -4.412094 -9.395489 140.886032
v -4.210476 -9.319040 136.465866
v -4.200203 -9.727680 141.486115
v -4.193157 -5.049614 108.845619
v -4.193157 -5.049614 117.116608
v -4.193157 -5.049614 125.387589
v -4.193157 -5.049614 133.658569
v -4.193157 -5.049614 141.929565
v -4.193157 -5.049614 150.200546
v -4.193157 -5.049614 158.471527
v -4.042164 -10.561581 103.047058
v -4.042164 -10.561581 103.157707
v -4.042164 -10.561581 106.193932
v -4.042164 -10.561581 107.806824
v -4.042164 -10.561581 110.231552
v -4.042164 -10.561581 116.077812
v -4.042164 -10.561581 145.134369
v -4.042164 -10.561581 147.452301
v -3.988186 -3.049433 156.244614
v -3.988186 -3.049433 160.124054
v -3.988186 -3.049433 161.946625
v -3.987293 -0.397617 154.160782
v -3.987293 -0.397617 159.272156
v -3.776417 -10.392063 140.890762
v -3.668713 -9.388643 126.156509
v -3.668713 -9.388643 128.881439
v -3.668713 -9.388643 130.750610
v -3.668713 -9.388643 133.215134
v -3.668713 -9.388643 157.397415
v -3.668713 -9.388643 159.277618
v -3.668713 -9.388643 160.567352
v -3.668713 -9.388643 162.267853
v -3.649708 2.655477 155.864563
v -3.649708 2.655477 159.272156
v -3.598454 -10.278542 136.465866
v -3.535839 -9.303885 150.881958
v -3.535839 -9.303885 156.971664
v -3.345592 -6.378380 103.047058
v -3.345592 -6.378380 104.814819
v -3.345592 -6.378380 105.410164
v -3.345592 -6.378380 107.611580
v -3.345592 -6.378380 110.036308
v -3.345592 -6.378380 113.097916
v -3.345592 -6.378380 113.681145
v -3.345592 -6.378380 114.915184
v -3.345592 -6.378380 115.882568
v -3.345592 -6.378380 118.307297
v -3.345592 -6.378380 120.761444
v -3.345592 -6.378380 121.952133
v -3.345592 -6.378380 124.153549
v -3.345592 -6.378380 126.578278
v -3.345592 -6.378380 129.627777
v -3.345592 -6.378380 130.223114
v -3.345592 -6.378380 132.424530
v -3.345592 -6.378380 134.849274
v -3.345592 -6.378380 137.303406
v -3.345592 -6.378380 138.494110
v -3.345592 -6.378380 140.695526
v -3.345592 -6.378380 143.120255
v -3.345592 -6.378380 146.169739
v -3.345592 -6.378380 146.765091
v -3.345592 -6.378380 148.966507
v -3.345592 -6.378380 151.391235
v -3.345592 -6.378380 154.440735
v -3.345592 -6.378380 155.036072
v -3.345592 -6.378380 156.095108
v -3.345592 -6.378380 157.237488
v -3.345592 -6.378380 159.662216
v -3.345592 -6.378380 161.655304
v -3.244930 -10.053026 126.773529
v -3.244930 -10.053026 128.881439
v -3.244930 -10.053026 130.750610
v -3.244930 -10.053026 132.619781
v -3.244930 -10.053026 157.823151
v -3.244930 -10.053026 159.277618
v -3.244930 -10.053026 160.567352
v -3.244930 -10.053026 161.857071
v -3.112057 -9.968266 151.411469
v -3.112057 -9.968266 156.971664
v -2.921818 -7.042763 104.814819
v -2.921818 -7.042763 113.085800
v -2.921818 -7.042763 129.627777
v -2.921818 -7.042763 146.169739
v -2.921818 -7.042763 154.440735
v -2.871479 -8.880087 120.658981
v -2.871479 -8.880087 122.491203
v -2.690022 -6.213730 123.186172
v -2.605740 -8.710567 134.427490
v -2.605740 -8.710567 136.017212
v -2.605740 -8.710567 137.974884
v -2.605740 -8.710567 139.932541
v -2.512775 -6.111151 109.902763
v -2.498035 -7.707148 114.915184
v -2.498035 -7.707148 120.761444
v -2.498035 -7.707148 137.303406
v -2.498035 -7.707148 156.095108
v -2.447697 -9.544470 120.658981
v -2.447697 -9.544470 122.491203
v -2.344517 1.560247 154.160782
v -2.344517 1.560247 159.272156
v -2.278027 -6.266775 103.047058
v -2.181957 -9.374952 135.044510
v -2.181957 -9.374952 136.017212
v -2.181957 -9.374952 137.974884
v -2.181957 -9.374952 139.932541
v -2.124584 -6.534208 139.111115
v -2.124584 -6.534208 146.169739
v -1.991703 -6.449448 115.857391
v -1.991703 -6.449448 119.943649
v -1.957409 -7.362286 123.186172
v -1.784916 -7.252249 109.902763
v -1.700802 -7.198591 139.728134
v -1.700802 -7.198591 145.574402
v -1.688618 -7.190821 103.047058
v -1.593090 -6.195171 103.690384
v -1.593090 -6.195171 104.814819
v -1.593090 -6.195171 157.766251
v -1.593090 -6.195171 161.655304
v -1.567921 -7.113832 115.857391
v -1.567921 -7.113832 119.943649
v -1.320301 -1.347584 104.049728
v -1.320301 -1.347584 112.320717
v -1.320301 -1.347584 120.591698
v -1.320301 -1.347584 128.862686
v -1.320301 -1.347584 137.133667
v -1.320301 -1.347584 145.404648
v -1.320301 -1.347584 153.675629
v -1.169308 -6.859552 103.690384
v -1.169308 -6.859552 104.219475
v -1.169308 -6.859552 157.766251
v -1.169308 -6.859552 161.655304
v -0.928730 -5.771374 126.109299
v -0.928730 -5.771374 129.627777
v -0.795856 -5.686615 147.382111
v -0.795856 -5.686615 154.440735
v -0.631649 -2.427225 103.047058
v -0.530117 -5.517096 130.840134
v -0.530117 -5.517096 134.053955
v -0.504948 -6.435757 126.109299
v -0.504948 -6.435757 129.032425
v -0.472736 -2.676352 103.047058
v -0.472736 -2.676352 105.240417
v -0.472736 -2.676352 108.228600
v -0.472736 -2.676352 108.845619
v -0.472736 -2.676352 110.036308
v -0.472736 -2.676352 111.086678
v -0.472736 -2.676352 113.511406
v -0.472736 -2.676352 115.882568
v -0.472736 -2.676352 117.116608
v -0.472736 -2.676352 119.357666
v -0.472736 -2.676352 121.782394
v -0.472736 -2.676352 124.153549
v -0.472736 -2.676352 125.387589
v -0.472736 -2.676352 127.628647
v -0.472736 -2.676352 130.053375
v -0.472736 -2.676352 132.424530
v -0.472736 -2.676352 133.658569
v -0.472736 -2.676352 135.899628
v -0.472736 -2.676352 138.324356
v -0.472736 -2.676352 141.324646
v -0.472736 -2.676352 141.929565
v -0.472736 -2.676352 144.170624
v -0.472736 -2.676352 146.595337
v -0.472736 -2.676352 148.966507
v -0.472736 -2.676352 150.200546
v -0.472736 -2.676352 151.391235
v -0.472736 -2.676352 152.441605
v -0.472736 -2.676352 154.866333
v -0.472736 -2.676352 157.237488
v -0.472736 -2.676352 158.471527
v -0.397243 -5.432335 106.027184
v -0.397243 -5.432335 108.222183
v -0.397243 -5.432335 111.703568
v -0.397243 -5.432335 113.085800
v -0.372074 -6.350998 147.999130
v -0.372074 -6.350998 153.845383
v -0.153706 -2.603403 121.511391
v -0.106335 -6.181479 131.457153
v -0.106335 -6.181479 134.053955
v -0.048954 -3.340734 108.228600
v -0.048954 -3.340734 141.312546
v 0.026539 -6.096720 106.644196
v 0.026539 -6.096720 108.222183
v 0.026539 -6.096720 111.703568
v 0.026539 -6.096720 112.490456
v 0.183453 7.223825 155.864563
v 0.183453 7.223825 159.272156
v 0.374828 -4.005119 110.036308
v 0.374828 -4.005119 115.882568
v 0.374828 -4.005119 124.153549
v 0.374828 -4.005119 132.424530
v 0.374828 -4.005119 148.966507
v 0.374828 -4.005119 151.391235
v 0.374828 -4.005119 157.237488
v 0.500111 -2.298546 111.539215
v 0.615398 -2.916939 103.047058
v 0.615398 -2.916939 108.228600
v 0.634663 -3.839367 121.511391
v 0.759747 -2.264030 129.501404
v 0.759747 -2.264030 132.424530
v 0.881145 -2.747419 134.253922
v 0.881145 -2.747419 141.312546
v 0.905453 2.782787 156.244614
v 0.905453 2.782787 160.124054
v 0.905453 2.782787 160.928238
v 1.014019 -2.662661 129.501404
v 1.039181 -3.581322 103.047058
v 1.039181 -3.581322 107.611580
v 1.061085 -2.080688 114.346985
v 1.210735 -2.092043 144.278961
v 1.237598 -3.454750 111.539215
v 1.279766 -2.493141 152.738647
v 1.279766 -2.493141 155.765213
v 1.286808 2.184925 156.244614
v 1.286808 2.184925 160.928238
v 1.304928 -3.411802 134.849274
v 1.304928 -3.411802 140.695526
v 1.371403 -2.059404 126.578278
v 1.437801 -3.327044 129.014160
v 1.437801 -3.327044 132.424530
v 1.448376 -2.009563 146.915405
v 1.488651 6.128596 154.160782
v 1.488651 6.128596 159.272156
v 1.552547 2.354443 141.354401
v 1.552547 2.354445 108.270454
v 1.552547 2.354445 116.541443
v 1.552547 2.354445 124.812424
v 1.552547 2.354445 133.083405
v 1.552547 2.354445 149.625381
v 1.703548 -3.157526 152.738647
v 1.703548 -3.157526 155.765213
v 1.735104 -3.137390 114.346985
v 1.811253 -2.154104 118.307297
v 1.811253 -2.154104 124.153549
v 1.826244 9.181687 155.864563
v 1.826244 9.181687 159.272156
v 1.836330 -3.072819 144.278961
v 1.965336 -2.990530 126.578278
v 2.042629 -2.941219 146.915405
v 2.235035 -2.818489 118.307297
v 2.235035 -2.818489 124.153549
v 2.400112 1.025677 103.047058
v 2.400112 1.025677 103.432709
v 2.400112 1.025677 104.049728
v 2.400112 1.025677 107.079765
v 2.400112 1.025677 109.504494
v 2.400112 1.025677 111.703697
v 2.400112 1.025677 112.320717
v 2.400112 1.025677 115.350754
v 2.400112 1.025677 117.775475
v 2.400112 1.025677 119.974678
v 2.400112 1.025677 120.591698
v 2.400112 1.025677 123.621735
v 2.400112 1.025677 125.400711
v 2.400112 1.025677 126.046463
v 2.400112 1.025677 128.245667
v 2.400112 1.025677 128.862686
v 2.400112 1.025677 131.892715
v 2.400112 1.025677 134.317444
v 2.400112 1.025677 136.516647
v 2.400112 1.025677 137.133667
v 2.400112 1.025677 140.163696
v 2.400112 1.025677 142.588440
v 2.400112 1.025677 144.787628
v 2.400112 1.025677 145.404648
v 2.400112 1.025677 148.434692
v 2.400112 1.025677 150.684418
v 2.400112 1.025677 153.058624
v 2.400112 1.025677 153.675629
v 2.400112 1.025677 156.244614
v 2.400112 1.025677 161.329605
v 2.400112 1.025677 161.946625
v 2.608479 -1.645548 127.490959
v 2.608479 -1.645548 129.501404
v 2.701130 1.057146 160.129807
v 2.741352 -1.560789 143.120255
v 2.741352 -1.560789 145.653427
v 2.741352 -1.560789 148.966507
v 2.761959 4.995356 156.244614
v 2.761959 4.995356 160.124054
v 2.761959 4.995356 160.928238
v 2.816738 15.833792 103.047058
v 2.816738 15.833792 149.049408
v 2.816738 20.862469 103.047058
v 2.816738 20.862469 149.049408
v 2.823895 0.361294 103.432709
v 2.823895 0.361294 111.703697
v 2.823895 0.361294 119.974678
v 2.823895 0.361294 125.400711
v 2.823895 0.361294 128.245667
v 2.823895 0.361294 136.516647
v 2.823895 0.361294 144.787628
v 2.823895 0.361294 153.058624
v 2.823895 0.361294 161.329605
v 3.017033 1.090172 109.413170
v 3.032261 -2.309933 127.490959
v 3.032261 -2.309933 129.014160
v 3.131443 8.086459 154.160782
v 3.131443 8.086459 159.272156
v 3.140705 1.103100 106.719940
v 3.165134 -2.225172 143.120255
v 3.165134 -2.225172 145.653427
v 3.165134 -2.225172 148.966507
v 3.247677 -0.303089 121.782394
v 3.247677 -0.303089 126.313347
v 3.272846 -1.221750 112.251022
v 3.272846 -1.221750 113.348061
v 3.272846 -1.221750 114.787003
v 3.272846 -1.221750 115.882568
v 3.475903 -0.157505 160.129807
v 3.626865 1.153925 141.674042
v 3.626865 1.153925 144.787628
v 3.696629 -1.886135 112.251022
v 3.696629 -1.886135 113.348061
v 3.696629 -1.886135 114.787003
v 3.696629 -1.886135 115.882568
v 3.715420 -0.004717 109.413170
v 3.754002 0.954609 112.916061
v 3.754002 0.954609 119.974678
v 3.754002 0.954609 141.674042
v 3.754002 0.954609 144.787628
v 3.809177 0.055094 106.719940
v 3.879116 6.326779 156.244614
v 3.879116 6.326779 158.541046
v 4.152615 1.208887 104.645073
v 4.152615 1.208887 105.769508
v 4.152615 1.208887 107.374786
v 4.152615 1.208887 108.275215
v 4.152615 1.208887 110.189568
v 4.152615 1.208887 111.703697
v 4.152615 1.208887 137.729019
v 4.152615 1.208887 141.674042
v 4.152615 1.208887 154.270981
v 4.152615 1.208887 158.563019
v 4.152615 1.208887 160.712585
v 4.152615 1.208887 161.329605
v 4.159664 5.886953 156.244614
v 4.159664 5.886953 158.935150
v 4.177784 0.290224 113.511406
v 4.177784 0.290224 119.357666
v 4.177784 0.290224 140.953720
v 4.177784 0.290224 144.170624
v 4.383610 1.689243 150.004776
v 4.425404 6.056472 104.683105
v 4.425404 6.056472 112.954086
v 4.425404 6.056472 121.225067
v 4.425404 6.056472 129.496063
v 4.425404 6.056472 137.767044
v 4.425404 6.056472 146.038025
v 4.425404 6.056472 154.309006
v 4.576397 0.544504 105.240417
v 4.576397 0.544504 105.769508
v 4.576397 0.544504 107.374786
v 4.576397 0.544504 108.275215
v 4.576397 0.544504 110.189568
v 4.576397 0.544504 111.086678
v 4.576397 0.544504 138.324356
v 4.576397 0.544504 140.953720
v 4.576397 0.544504 154.866333
v 4.576397 0.544504 158.563019
v 4.576397 0.544504 160.712585
v 4.684101 1.547924 125.400711
v 4.684101 1.547924 128.245667
v 4.684101 1.547924 129.458038
v 4.684101 1.547924 136.516647
v 4.958370 0.788164 150.004776
v 5.107883 0.883541 126.313347
v 5.107883 0.883541 127.628647
v 5.107883 0.883541 130.053375
v 5.107883 0.883541 135.899628
v 5.272968 4.727705 103.047058
v 5.272968 4.727705 103.492409
v 5.272968 4.727705 105.917137
v 5.272968 4.727705 107.675110
v 5.272968 4.727705 108.270454
v 5.272968 4.727705 111.763397
v 5.272968 4.727705 114.188126
v 5.272968 4.727705 115.946098
v 5.272968 4.727705 116.541443
v 5.272968 4.727705 117.775475
v 5.272968 4.727705 120.034378
v 5.272968 4.727705 122.459106
v 5.272968 4.727705 123.621735
v 5.272968 4.727705 124.812424
v 5.272968 4.727705 128.305359
v 5.272968 4.727705 130.730087
v 5.272968 4.727705 132.488068
v 5.272968 4.727705 133.083405
v 5.272968 4.727705 136.576355
v 5.272968 4.727705 139.001068
v 5.272968 4.727705 140.759048
v 5.272968 4.727705 141.354401
v 5.272968 4.727705 142.588440
v 5.272968 4.727705 143.493500
v 5.272968 4.727705 144.847336
v 5.272968 4.727705 147.272064
v 5.272968 4.727705 148.434692
v 5.272968 4.727705 149.625381
v 5.272968 4.727705 153.118317
v 5.272968 4.727705 155.368042
v 5.272968 4.727705 156.244614
v 5.272968 4.727707 133.700424
v 5.348461 1.971722 103.047058
v 5.348461 1.971722 103.432709
v 5.481335 2.056480 146.000000
v 5.481335 2.056480 147.496399
v 5.481335 2.056480 151.602600
v 5.481335 2.056480 153.058624
v 5.613338 1.556465 103.047058
v 5.659405 13.750036 155.864563
v 5.659405 13.750036 159.272156
v 5.696751 4.063322 107.675110
v 5.696751 4.063322 115.946098
v 5.696751 4.063322 132.488068
v 5.696751 4.063322 140.759048
v 5.905117 1.392097 146.595337
v 5.905117 1.392097 147.496399
v 5.905117 1.392097 151.602600
v 5.905117 1.392097 152.441605
v 5.910503 4.794354 103.783165
v 6.044849 4.937124 128.885803
v 6.120533 3.398938 117.775475
v 6.120533 3.398938 123.621735
v 6.120533 3.398938 134.317444
v 6.120533 3.398938 142.588440
v 6.120533 3.398938 148.434692
v 6.137028 9.017751 156.244614
v 6.137028 9.017751 157.744461
v 6.224369 11.772597 103.047058
v 6.224369 11.772597 149.049408
v 6.224369 15.833792 103.047058
v 6.224369 15.833792 149.049408
v 6.517323 4.857793 103.047058
v 6.603901 3.707282 103.783165
v 6.764118 3.809487 128.885803
v 6.852772 9.870771 156.244614
v 6.852772 9.870771 160.124054
v 6.852772 9.870771 160.247223
v 6.964603 12.654808 154.160782
v 6.964603 12.654808 159.272156
v 7.025471 4.910915 105.466866
v 7.025471 4.910915 107.675110
v 7.025471 4.910915 108.887474
v 7.025471 4.910915 115.946098
v 7.025471 4.910915 144.407303
v 7.025471 4.910915 146.725235
v 7.032513 9.588982 156.244614
v 7.032513 9.588982 157.744461
v 7.032513 9.588982 159.985535
v 7.063984 4.000767 103.047058
v 7.079319 5.412625 140.158981
v 7.079327 5.412623 140.758270
v 7.280941 5.489072 135.738800
v 7.291210 5.080434 140.759048
v 7.298260 9.758501 108.118561
v 7.298260 9.758501 116.389542
v 7.298260 9.758501 124.660522
v 7.298260 9.758501 132.931519
v 7.298260 9.758501 141.202499
v 7.298260 9.758501 149.473480
v 7.298260 9.758501 157.744461
v 7.302189 15.707900 155.864563
v 7.302189 15.707900 159.272156
v 7.449253 4.246531 105.466866
v 7.449253 4.246531 107.079765
v 7.449253 4.246531 109.504494
v 7.449253 4.246531 115.350754
v 7.449253 4.246531 144.407303
v 7.449253 4.246531 146.725235
v 7.714993 4.416050 140.163696
v 7.822697 5.419472 125.429443
v 7.822697 5.419472 128.154373
v 7.822697 5.419472 130.023544
v 7.822697 5.419472 132.488068
v 7.892963 4.529573 135.738800
v 7.955578 5.504230 150.154892
v 7.955578 5.504230 156.244614
v 8.145824 8.429734 103.047058
v 8.145824 8.429734 104.087753
v 8.145824 8.429734 104.683105
v 8.145824 8.429734 106.884521
v 8.145824 8.429734 109.309250
v 8.145824 8.429734 112.370850
v 8.145824 8.429734 112.954086
v 8.145824 8.429734 114.188126
v 8.145824 8.429734 115.155502
v 8.145824 8.429734 117.580238
v 8.145824 8.429734 120.034378
v 8.145824 8.429734 121.225067
v 8.145824 8.429734 123.426491
v 8.145824 8.429734 125.851219
v 8.145824 8.429734 128.900711
v 8.145824 8.429734 129.496063
v 8.145824 8.429734 131.697479
v 8.145824 8.429734 134.122208
v 8.145824 8.429734 136.576355
v 8.145824 8.429734 137.767044
v 8.145824 8.429734 139.968460
v 8.145824 8.429734 142.393188
v 8.145824 8.429734 145.442688
v 8.145824 8.429734 146.038025
v 8.145824 8.429734 148.239441
v 8.145824 8.429734 150.664169
v 8.145824 8.429734 153.713669
v 8.145824 8.429734 154.309006
v 8.145824 8.429734 155.368042
v 8.145824 8.429734 156.510437
v 8.145824 8.429734 158.935150
v 8.145824 8.429734 160.928238
v 8.246479 4.755089 126.046463
v 8.246479 4.755089 128.154373
v 8.246479 4.755089 130.023544
v 8.246479 4.755089 131.892715
v 8.379360 4.839848 150.684418
v 8.379360 4.839848 156.244614
v 8.569599 7.765351 104.087753
v 8.569599 7.765351 112.358742
v 8.569599 7.765351 128.900711
v 8.569599 7.765351 145.442688
v 8.569599 7.765351 153.713669
v 8.607388 14.612672 154.160782
v 8.607388 14.612672 159.272156
v 8.619930 5.928027 119.931923
v 8.619930 5.928027 121.764145
v 8.801395 8.594384 122.459106
v 8.885677 6.097547 137.247818
v 8.885677 6.097547 139.205475
v 8.978642 8.696963 109.175705
v 8.993382 7.100967 114.188126
v 8.993382 7.100967 120.034378
v 8.993382 7.100967 136.576355
v 8.993382 7.100967 155.368042
v 9.043713 5.263643 119.931923
v 9.043713 5.263643 121.764145
v 9.309460 5.433163 137.247818
v 9.309460 5.433163 139.205475
v 9.366833 8.273907 138.384064
v 9.366833 8.273907 145.442688
v 9.499706 8.358666 115.130325
v 9.499706 8.358666 119.216583
v 9.512096 13.040145 161.219559
v 9.534008 7.445829 122.459106
v 9.631992 15.833792 103.047058
v 9.631992 15.833792 149.049408
v 9.631992 20.862469 103.047058
v 9.631992 20.862469 149.049408
v 9.706501 7.555864 109.175705
v 9.790615 7.609523 139.001068
v 9.790615 7.609523 144.847336
v 9.898327 8.612944 103.047058
v 9.898327 8.612944 104.087753
v 9.898327 8.612944 157.039185
v 9.898327 8.612944 160.928238
v 9.923489 7.694283 115.130325
v 9.923489 7.694283 119.216583
v 10.171108 13.460529 103.322670
v 10.171108 13.460529 111.593651
v 10.171108 13.460529 119.864639
v 10.171108 13.460529 128.135620
v 10.171108 13.460529 136.406601
v 10.171108 13.460529 144.677597
v 10.171108 13.460529 152.948578
v 10.322109 7.948561 103.047058
v 10.322109 7.948561 103.492409
v 10.322109 7.948561 157.039185
v 10.322109 7.948561 160.928238
v 10.360401 13.163763 103.047058
v 10.424282 14.127278 103.047058
v 10.424282 14.127278 160.124054
v 10.424282 14.127278 161.219559
v 10.562679 9.036740 125.382233
v 10.562679 9.036740 128.900711
v 10.695560 9.121500 146.655045
v 10.695560 9.121500 153.713669
v 10.961300 9.291018 130.113068
v 10.961300 9.291018 133.326889
v 10.986462 8.372357 125.382233
v 10.986462 8.372357 128.305359
v 11.018673 12.131763 103.047058
v 11.018673 12.131763 104.513359
v 11.018673 12.131763 107.501541
v 11.018673 12.131763 108.118561
v 11.018673 12.131763 109.309250
v 11.018673 12.131763 110.359619
v 11.018673 12.131763 112.784348
v 11.018673 12.131763 115.155502
v 11.018673 12.131763 116.389542
v 11.018673 12.131763 118.630600
v 11.018673 12.131763 121.055328
v 11.018673 12.131763 123.426491
v 11.018673 12.131763 124.660522
v 11.018673 12.131763 126.901588
v 11.018673 12.131763 129.326309
v 11.018673 12.131763 131.697479
v 11.018673 12.131763 132.931519
v 11.018673 12.131763 135.172577
v 11.018673 12.131763 137.597290
v 11.018673 12.131763 140.597595
v 11.018673 12.131763 141.202499
v 11.018673 12.131763 143.443558
v 11.018673 12.131763 145.868286
v 11.018673 12.131763 148.239441
v 11.018673 12.131763 149.473480
v 11.018673 12.131763 150.664169
v 11.018673 12.131763 151.714539
v 11.018673 12.131763 154.139267
v 11.018673 12.131763 156.510437
v 11.018673 12.131763 157.744461
v 11.094173 9.375777 105.300117
v 11.094173 9.375777 107.495117
v 11.094173 9.375777 110.976501
v 11.094173 9.375777 112.358742
v 11.119343 8.457116 147.272064
v 11.119343 8.457116 153.118317
v 11.337711 12.204712 120.784332
v 11.385082 8.626635 130.730087
v 11.385082 8.626635 133.326889
v 11.442463 11.467379 107.501541
v 11.442463 11.467379 140.585480
v 11.517956 8.711395 105.917137
v 11.517956 8.711395 107.495117
v 11.517956 8.711395 110.976501
v 11.517956 8.711395 111.763397
v 11.776493 18.389601 103.047058
v 11.776493 18.389601 160.124054
v 11.866245 10.802996 109.309250
v 11.866245 10.802996 115.155502
v 11.866245 10.802996 123.426491
v 11.866245 10.802996 131.697479
v 11.866245 10.802996 142.393188
v 11.866245 10.802996 148.239441
v 11.866245 10.802996 150.664169
v 11.866245 10.802996 156.510437
v 11.991528 12.509569 110.812157
v 12.106815 11.891176 103.047058
v 12.106815 11.891176 107.501541
v 12.126080 10.968748 120.784332
v 12.251163 12.544085 128.774353
v 12.251163 12.544085 131.697479
v 12.372562 12.060694 133.526855
v 12.372562 12.060694 140.585480
v 12.505428 12.145454 128.774353
v 12.530598 11.226792 103.047058
v 12.530598 11.226792 106.884521
v 12.552502 12.727425 113.619919
v 12.702152 12.716071 143.551910
v 12.729015 11.353364 110.812157
v 12.771175 12.314973 152.011597
v 12.771175 12.314973 155.038147
v 12.796345 11.396311 134.122208
v 12.796345 11.396311 139.968460
v 12.862820 12.748711 125.851219
v 12.929211 11.481070 128.287109
v 12.929211 11.481070 131.697479
v 12.939793 12.798552 146.188339
v 13.194958 11.650589 152.011597
v 13.194958 11.650589 155.038147
v 13.226521 11.670725 113.619919
v 13.302662 12.654010 117.580238
v 13.302662 12.654010 123.426491
v 13.327747 11.735294 143.551910
v 13.456753 11.817585 125.851219
v 13.534046 11.866896 146.188339
v 13.662457 16.192917 103.047058
v 13.662457 16.192917 161.219559
v 13.726444 11.989626 117.580238
v 13.726444 11.989626 123.426491
v 13.891529 15.833792 103.322670
v 13.891529 15.833792 110.976631
v 13.891529 15.833792 111.593651
v 13.891529 15.833792 119.247620
v 13.891529 15.833792 119.864639
v 13.891529 15.833792 124.673645
v 13.891529 15.833792 127.518600
v 13.891529 15.833792 128.135620
v 13.891529 15.833792 135.789581
v 13.891529 15.833792 136.406601
v 13.891529 15.833792 144.060577
v 13.891529 15.833792 144.677597
v 13.891529 15.833792 152.331558
v 13.891529 15.833792 152.948578
v 13.891529 15.833792 160.602539
v 13.891529 15.833792 161.219559
v 14.000668 18.389601 103.047058
v 14.000668 18.389601 160.124054
v 14.080822 15.537024 103.047058
v 14.099895 13.162566 126.763901
v 14.099895 13.162566 128.774353
v 14.192547 15.865260 159.402740
v 14.232777 13.247326 144.926361
v 14.232777 13.247326 148.239441
v 14.315311 15.169408 110.976631
v 14.315311 15.169408 119.247620
v 14.315311 15.169408 124.673645
v 14.315311 15.169408 127.518600
v 14.315311 15.169408 135.789581
v 14.315311 15.169408 144.060577
v 14.315311 15.169408 152.331558
v 14.315311 15.169408 160.602539
v 14.508450 15.898285 108.686111
v 14.523678 12.498182 126.763901
v 14.523678 12.498182 128.287109
v 14.632114 15.911214 105.992882
v 14.656551 12.582942 144.926361
v 14.656551 12.582942 148.239441
v 14.739094 14.505024 121.055328
v 14.739094 14.505024 125.586288
v 14.764263 13.586363 111.523956
v 14.764263 13.586363 112.621002
v 14.764263 13.586363 114.059937
v 14.764263 13.586363 115.155502
v 14.967319 14.650610 159.402740
v 15.118282 15.962038 140.946991
v 15.118282 15.962038 144.060577
v 15.188046 12.921980 111.523956
v 15.188046 12.921980 112.621002
v 15.188046 12.921980 114.059937
v 15.188046 12.921980 115.155502
v 15.206837 14.803398 108.686111
v 15.245411 15.762723 112.188995
v 15.245411 15.762723 119.247620
v 15.245411 15.762723 140.946991
v 15.245411 15.762723 144.060577
v 15.300594 14.863209 105.992882
v 15.644032 16.017002 103.918015
v 15.644032 16.017002 105.042450
v 15.644032 16.017002 106.647728
v 15.644032 16.017002 107.548149
v 15.644032 16.017002 109.462509
v 15.644032 16.017002 110.976631
v 15.644032 16.017002 137.001953
v 15.644032 16.017002 140.946991
v 15.644032 16.017002 153.543915
v 15.644032 16.017002 157.835953
v 15.644032 16.017002 159.985535
v 15.644032 16.017002 160.602539
v 15.669193 15.098340 112.784348
v 15.669193 15.098340 118.630600
v 15.669193 15.098340 140.226669
v 15.669193 15.098340 143.443558
v 15.875027 16.497358 149.277710
v 16.067814 15.352617 104.513359
v 16.067814 15.352617 105.042450
v 16.067814 15.352617 106.647728
v 16.067814 15.352617 107.548149
v 16.067814 15.352617 109.462509
v 16.067814 15.352617 110.359619
v 16.067814 15.352617 137.597290
v 16.067814 15.352617 140.226669
v 16.067814 15.352617 154.139267
v 16.067814 15.352617 157.835953
v 16.067814 15.352617 159.985535
v 16.175526 16.356039 124.673645
v 16.175526 16.356039 127.518600
v 16.175526 16.356039 128.730972
v 16.175526 16.356039 135.789581
v 16.449787 15.596279 149.277710
v 16.599300 15.691655 125.586288
v 16.599300 15.691655 126.901588
v 16.599300 15.691655 129.326309
v 16.599300 15.691655 135.172577
v 16.972752 16.864594 145.272934
v 16.972752 16.864594 146.769333
v 16.972752 16.864594 150.875534
v 16.972752 16.864594 152.331558
v 17.396534 16.200211 145.868286
v 17.396534 16.200211 146.769333
v 17.396534 16.200211 150.875534
v 17.396534 16.200211 151.714539
vn 0.103977 0.994580 0.000000
vn 0.103977 0.994580 0.000000
vn 0.103977 0.994580 0.000000
vn 0.103977 0.994580 0.000000
vn 0.103977 0.994580 0.000000
vn 0.103977 0.994580 0.000000
vn 0.103976 0.994580 0.000000
vn 0.103976 0.994580 0.000000
vn 0.103976 0.994580 0.000000
vn 0.103978 0.994580 0.000001
vn 0.103978 0.994580 0.000001
vn 0.103978 0.994580 0.000001
vn 0.103976 0.994580 0.000000
vn 0.103976 0.994580 0.000000
vn 0.103976 0.994580 0.000000
vn -0.324183 -0.508201 0.797895
vn -0.324183 -0.508201 0.797895
vn -0.324183 -0.508201 0.797895
vn -0.324183 -0.508203 0.797894
vn -0.324183 -0.508203 0.797894
vn -0.324183 -0.508203 0.797894
vn -0.324183 -0.508202 0.797895
vn -0.324183 -0.508202 0.797895
vn -0.324183 -0.508202 0.797895
vn -0.324183 -0.508202 0.797895
vn -0.324183 -0.508202 0.797895
vn -0.324183 -0.508202 0.797895
vn 0.642801 -0.766033 0.000000
vn 0.642801 -0.766033 0.000000
vn 0.642801 -0.766033 0.000000
vn 0.642800 -0.766034 0.000000
vn 0.642800 -0.766034 0.000000
vn 0.642800 -0.766034 0.000000
vn 0.541675 0.454503 -0.707117
vn 0.541675 0.454503 -0.707117
vn 0.541675 0.454503 -0.707117
vn 0.541675 0.454504 -0.707117
vn 0.541675 0.454504 -0.707117
vn 0.541675 0.454504 -0.707117
vn 0.103973 0.994580 0.000001
vn 0.103973 0.994580 0.000001
vn 0.103973 0.994580 0.000001
vn 0.103973 0.994580 0.000001
vn 0.103973 0.994580 0.000001
vn 0.103973 0.994580 0.000001
vn -0.642801 0.766033 0.000000
vn -0.642801 0.766033 0.000000
vn -0.642801 0.766033 0.000000
vn -0.642801 0.766033 0.000000
vn -0.642801 0.766033 0.000000
vn -0.642801 0.766033 0.000000
vn -0.324183 -0.508202 -0.797895
vn -0.324183 -0.508202 -0.797895
vn -0.324183 -0.508202 -0.797895
vn -0.324183 -0.508202 -0.797895
vn -0.324183 -0.508202 -0.797895
vn -0.324183 -0.508202 -0.797895
vn -0.324183 -0.508203 0.797894
vn -0.324183 -0.508203 0.797894
vn -0.324183 -0.508203 0.797894
vn -0.324183 -0.508202 0.797895
vn -0.324183 -0.508202 0.797895
vn -0.324183 -0.508202 0.797895
vn -0.324183 -0.508201 0.797895
vn -0.324183 -0.508201 0.797895
vn -0.324183 -0.508201 0.797895
vn -0.324183 -0.508201 0.797896
vn -0.324183 -0.508201 0.797896
vn -0.324183 -0.508201 0.797896
vn -0.563351 0.359337 -0.743984
vn -0.563351 0.359337 -0.743984
vn -0.563351 0.359337 -0.743984
vn -0.563351 0.359337 -0.743984
vn -0.563351 0.359337 -0.743984
vn -0.563351 0.359337 -0.743984
vn -0.748116 0.477191 -0.461099
vn -0.748116 0.477191 -0.461099
vn -0.748116 0.477191 -0.461099
vn -0.324183 -0.508202 -0.797895
vn -0.324183 -0.508202 -0.797895
vn -0.324183 -0.508202 -0.797895
vn -0.324183 -0.508202 -0.797895
vn -0.324183 -0.508202 -0.797895
vn -0.324183 -0.508202 -0.797895
vn 0.354541 0.935041 0.000000
vn 0.354541 0.935041 0.000000
vn 0.354541 0.935041 0.000000
vn 0.354542 0.935040 0.000000
vn 0.354542 0.935040 0.000000
vn 0.354542 0.935040 0.000000
vn 0.354540 0.935041 0.000001
vn 0.354540 0.935041 0.000001
vn 0.354540 0.935041 0.000001
vn 0.354540 0.935041 0.000000
vn 0.354540 0.935041 0.000000
vn 0.354540 0.935041 0.000000
vn 0.354541 0.935041 0.000000
vn 0.354541 0.935041 0.000000
vn 0.354541 0.935041 0.000000
vn 0.354541 0.935041 0.000000
vn 0.354541 0.935041 0.000000
vn 0.354541 0.935041 0.000000
vn 0.354541 0.935041 0.000000
vn 0.354541 0.935041 0.000000
vn 0.354541 0.935041 0.000000
vn 0.354540 0.935041 0.000000
vn 0.354540 0.935041 0.000000
vn 0.354540 0.935041 0.000000
vn 0.000000 0.000000 0.000000
vn 0.000000 0.000000 0.000000
vn 0.000000 0.000000 0.000000
vn 0.766056 0.642774 0.000000
vn 0.766056 0.642774 0.000000
vn 0.766056 0.642774 0.000000
vn 0.766056 0.642774 0.000000
vn 0.766056 0.642774 0.000000
vn 0.766056 0.642774 0.000000
vn 0.000000 0.000000 1.000000
vn 0.000000 0.000000 1.000000
vn 0.000000 0.000000 1.000000
vn 0.000000 0.000000 1.000000
vn 0.000000 0.000000 1.000000
vn 0.000000 0.000000 1.000000
vn 0.766055 0.642775 0.000000
vn 0.766055 0.642775 0.000000
vn 0.766055 0.642775 0.000000
vn 0.766055 0.642775 0.000000
vn 0.766055 0.642775 0.000000
vn 0.766055 0.642775 0.000000
vn 0.642800 -0.766034 0.000000
vn 0.642800 -0.766034 0.000000
vn 0.642800 -0.766034 0.000000
vn 0.642800 -0.766034 0.000000
vn 0.642800 -0.766034 0.000000
vn 0.642800 -0.766034 0.000000
vn 0.541675 0.454503 -0.707118
vn 0.541675 0.454503 -0.707118
vn 0.541675 0.454503 -0.707118
vn 0.541675 0.454503 -0.707118
vn 0.541675 0.454503 -0.707118
vn 0.541675 0.454503 -0.707118
vn -0.642801 0.766033 0.000000
vn -0.642801 0.766033 0.000000
vn -0.642801 0.766033 0.000000
vn -0.642801 0.766033 0.000000
vn -0.642801 0.766033 0.000000
vn -0.642801 0.766033 0.000000
vn 0.000000 0.000000 1.000000
vn 0.000000 0.000000 1.000000
vn 0.000000 0.000000 1.000000
vn 0.000000 0.000000 1.000000
vn 0.000000 0.000000 1.000000
vn 0.000000 0.000000 1.000000
vn -0.537798 -0.843073 0.000000
vn -0.537798 -0.843073 0.000000
vn -0.537798 -0.843073 0.000000
vn -0.537798 -0.843073 -0.000000
vn -0.537798 -0.843073 -0.000000
vn -0.537798 -0.843073 -0.000000
vn -0.537799 -0.843073 -0.000000
vn -0.537799 -0.843073 -0.000000
vn -0.537799 -0.843073 -0.000000
vn -0.843091 0.537771 0.000000
vn -0.843091 0.537771 0.000000
vn -0.843091 0.537771 0.000000
vn 0.000000 0.000000 1.000000
vn 0.000000 0.000000 1.000000
vn 0.000000 0.000000 1.000000
vn -0.008265 -0.012956 0.999882
vn -0.008265 -0.012956 0.999882
vn -0.008265 -0.012956 0.999882
vn -0.537798 -0.843074 0.000000
vn -0.537798 -0.843074 0.000000
vn -0.537798 -0.843074 0.000000
vn -0.537798 -0.843074 0.000000
vn -0.537798 -0.843074 0.000000
vn -0.537798 -0.843074 0.000000
vn -0.537798 -0.843074 0.000000
vn -0.537798 -0.843074 0.000000
vn -0.537798 -0.843074 0.000000
vn 0.000000 0.000000 0.000000
vn 0.000000 0.000000 0.000000
vn 0.000000 0.000000 0.000000
vn -0.537798 -0.843074 0.000000
vn -0.537798 -0.843074 0.000000
vn -0.537798 -0.843074 0.000000
vn 0.324183 -0.508202 0.797895
vn 0.324183 -0.508202 0.797895
vn 0.324183 -0.508202 0.797895
vn 0.324183 -0.508200 0.797896
vn 0.324183 -0.508200 0.797896
vn 0.324183 -0.508200 0.797896
vn 0.324183 -0.508202 0.797895
vn 0.324183 -0.508202 0.797895
vn 0.324183 -0.508202 0.797895
vn 0.324182 -0.508201 0.797895
vn 0.324182 -0.508201 0.797895
vn 0.324182 -0.508201 0.797895
vn -0.843091 0.537771 0.000000
vn -0.843091 0.537771 0.000000
vn -0.843091 0.537771 0.000000
vn -0.843091 0.537771 0.000000
vn -0.843091 0.537771 0.000000
vn -0.843091 0.537771 0.000000
vn -0.843090 0.537772 0.000000
vn -0.843090 0.537772 0.000000
vn -0.843090 0.537772 0.000000
vn -0.843091 0.537771 0.000000
vn -0.843091 0.537771 0.000000
vn -0.843091 0.537771 0.000000
vn -0.843091 0.537771 0.000000
vn -0.843091 0.537771 0.000000
vn -0.843091 0.537771 0.000000
vn -0.537798 -0.843074 -0.000000
vn -0.537798 -0.843074 -0.000000
vn -0.537798 -0.843074 -0.000000
vn -0.537798 -0.843074 0.000000
vn -0.537798 -0.843074 0.000000
vn -0.537798 -0.843074 0.000000
vn -0.537798 -0.843074 -0.000000
vn -0.537798 -0.843074 -0.000000
vn -0.537798 -0.843074 -0.000000
vn -0.537798 -0.843074 0.000000
vn -0.537798 -0.843074 0.000000
vn -0.537798 -0.843074 0.000000
vn -0.537798 -0.843074 -0.000001
vn -0.537798 -0.843074 -0.000001
vn -0.537798 -0.843074 -0.000001
vn 0.000000 0.000000 0.000000
vn 0.000000 0.000000 0.000000
vn 0.000000 0.000000 0.000000
vn 0.000000 0.000000 1.000000
vn 0.000000 0.000000 1.000000
vn 0.000000 0.000000 1.000000
vn 0.000000 0.000000 1.000000
vn 0.000000 0.000000 1.000000
vn 0.000000 0.000000 1.000000
vn 0.222906 0.974840 0.000001
vn 0.222906 0.974840 0.000001
vn 0.222906 0.974840 0.000001
vn 0.000000 0.000000 0.000000
vn 0.000000 0.000000 0.000000
vn 0.000000 0.000000 0.000000
vn 0.222905 0.974840 -0.000000
vn 0.222905 0.974840 -0.000000
vn 0.222905 0.974840 -0.000000
vn 0.222911 0.974839 0.000000
vn 0.222911 0.974839 0.000000
vn 0.222911 0.974839 0.000000
vn 0.222911 0.974839 0.000000
vn 0.222911 0.974839 0.000000
vn 0.222911 0.974839 0.000000
vn -0.052420 0.998625 0.000000
vn -0.052420 0.998625 0.000000
vn -0.052420 0.998625 0.000000
vn -0.052420 0.998625 0.000000
vn -0.052420 0.998625 0.000000
vn -0.052420 0.998625 0.000000
vn 0.000000 0.000000 0.000000
vn 0.000000 0.000000 0.000000
vn 0.000000 0.000000 0.000000
vn 0.000000 0.000000 0.000000
vn 0.000000 0.000000 0.000000
vn 0.000000 0.000000 0.000000
vn 0.103977 0.994580 0.000000
vn 0.103977 0.994580 0.000000
vn 0.103977 0.994580 0.000000
vn 0.103977 0.994580 0.000000
vn 0.103977 0.994580 0.000000
vn 0.103977 0.994580 0.000000
vn 0.000000 0.000000 0.000000
vn 0.000000 0.000000 0.000000
vn 0.000000 0.000000 0.000000
vn -0.215885 0.976419 0.000000
vn -0.215885 0.976419 0.000000
vn -0.215885 0.976419 0.000000
vn -0.215885 0.976419 0.000000
vn -0.215885 0.976419 0.000000
vn -0.215885 0.976419 0.000000
vn 0.000000 0.000000 0.000000
vn 0.000000 0.000000 0.000000
vn 0.000000 0.000000 0.000000
vn -0.324183 -0.508201 0.797895
vn -0.324183 -0.508201 0.797895
vn -0.324183 -0.508201 0.797895
vn -0.324183 -0.508202 0.797895
vn -0.324183 -0.508202 0.797895
vn -0.324183 -0.508202 0.797895
vn -0.843090 0.537773 0.000000
vn -0.843090 0.537773 0.000000
vn -0.843090 0.537773 0.000000
vn -0.843090 0.537773 0.000000
vn -0.843090 0.537773 0.000000
vn -0.843090 0.537773 0.000000
vn -0.537798 -0.843074 0.000000
vn -0.537798 -0.843074 0.000000
vn -0.537798 -0.843074 0.000000
vn -0.537798 -0.843074 0.000000
vn -0.537798 -0.843074 0.000000
vn -0.537798 -0.843074 0.000000
vn -0.537798 -0.843074 0.000000
vn -0.537798 -0.843074 0.000000
vn -0.537798 -0.843074 0.000000
vn 0.000000 0.000000 0.000000
vn 0.000000 0.000000 0.000000
vn 0.000000 0.000000 0.000000
vn -0.843090 0.537773 0.000000
vn -0.843090 0.537773 0.000000
vn -0.843090 0.537773 0.000000
vn -0.843090 0.537773 0.000000
vn -0.843090 0.537773 0.000000
vn -0.843090 0.537773 0.000000
vn -0.537798 -0.843073 -0.000000
vn -0.537798 -0.843073 -0.000000
vn -0.537798 -0.843073 -0.000000
vn -0.537798 -0.843073 -0.000001
vn -0.537798 -0.843073 -0.000001
vn -0.537798 -0.843073 -0.000001
vn -0.537798 -0.843074 -0.000000
vn -0.537798 -0.843074 -0.000000
vn -0.537798 -0.843074 -0.000000
vn 0.000000 0.000000 0.000000
vn 0.000000 0.000000 0.000000
vn 0.000000 0.000000 0.000000
vn -0.724371 0.462044 0.511667
vn -0.724371 0.462044 0.511667
vn -0.724371 0.462044 0.511667
vn -0.724368 0.462045 0.511669
vn -0.724368 0.462045 0.511669
vn -0.724368 0.462045 0.511669
vn -0.843090 0.537773 0.000000
vn -0.843090 0.537773 0.000000
vn -0.843090 0.537773 0.000000
vn -0.331548 -0.519749 -0.787361
vn -0.331548 -0.519749 -0.787361
vn -0.331548 -0.519749 -0.787361
vn -0.331548 -0.519748 -0.787361
vn -0.331548 -0.519748 -0.787361
vn -0.331548 -0.519748 -0.787361
vn -0.331548 -0.519748 -0.787361
vn -0.331548 -0.519748 -0.787361
vn -0.331548 -0.519748 -0.787361
vn 0.000000 0.000000 1.000000
vn 0.000000 0.000000 1.000000
vn 0.000000 0.000000 1.000000
vn -0.689773 0.439977 -0.575008
vn -0.689773 0.439977 -0.575008
vn -0.689773 0.439977 -0.575008
vn -0.689773 0.439977 -0.575008
vn -0.689773 0.439977 -0.575008
vn -0.689773 0.439977 -0.575008
vn -0.537799 -0.843073 -0.000001
vn -0.537799 -0.843073 -0.000001
vn -0.537799 -0.843073 -0.000001
vn -0.537798 -0.843073 0.000000
vn -0.537798 -0.843073 0.000000
vn -0.537798 -0.843073 0.000000
vn -0.537798 -0.843073 0.000000
vn -0.537798 -0.843073 0.000000
vn -0.537798 -0.843073 0.000000
vn -0.537798 -0.843073 -0.000001
vn -0.537798 -0.843073 -0.000001
vn -0.537798 -0.843073 -0.000001
vn -0.537798 -0.843074 -0.000000
vn -0.537798 -0.843074 -0.000000
vn -0.537798 -0.843074 -0.000000
vn -0.537798 -0.843074 0.000000
vn -0.537798 -0.843074 0.000000
vn -0.537798 -0.843074 0.000000
vn 0.000000 0.000000 0.000000
vn 0.000000 0.000000 0.000000
vn 0.000000 0.000000 0.000000
vn -0.843090 0.537772 0.000000
vn -0.843090 0.537772 0.000000
vn -0.843090 0.537772 0.000000
vn -0.843091 0.537771 0.000000
vn -0.843091 0.537771 0.000000
vn -0.843091 0.537771 0.000000
vn 0.766056 0.642774 0.000000
vn 0.766056 0.642774 0.000000
vn 0.766056 0.642774 0.000000
vn 0.766056 0.642774 0.000000
vn 0.766056 0.642774 0.000000
vn 0.766056 0.642774 0.000000
vn -0.843091 0.537771 0.000000
vn -0.843091 0.537771 0.000000
vn -0.843091 0.537771 0.000000
vn -0.331548 -0.519748 0.787361
vn -0.331548 -0.519748 0.787361
vn -0.331548 -0.519748 0.787361
vn -0.331548 -0.519748 0.787362
vn -0.331548 -0.519748 0.787362
vn -0.331548 -0.519748 0.787362
vn -0.331548 -0.519748 0.787361
vn -0.331548 -0.519748 0.787361
vn -0.331548 -0.519748 0.787361
vn -0.331548 -0.519748 0.787361
vn -0.331548 -0.519748 0.787361
vn -0.331548 -0.519748 0.787361
vn -0.126597 0.991954 0.000000
vn -0.126597 0.991954 0.000000
vn -0.126597 0.991954 0.000000
vn -0.126597 0.991954 0.000000
vn -0.126597 0.991954 0.000000
vn -0.126597 0.991954 0.000000
vn 0.000000 0.000000 0.000000
vn 0.000000 0.000000 0.000000
vn 0.000000 0.000000 0.000000
vn 0.000000 0.000000 0.000000
vn 0.000000 0.000000 0.000000
vn 0.000000 0.000000 0.000000
vn -0.331549 -0.519749 0.787360
vn -0.331549 -0.519749 0.787360
vn -0.331549 -0.519749 0.787360
vn -0.331549 -0.519749 0.787361
vn -0.331549 -0.519749 0.787361
vn -0.331549 -0.519749 0.787361
vn -0.331549 -0.519750 0.787360
vn -0.331549 -0.519750 0.787360
vn -0.331549 -0.519750 0.787360
vn -0.331549 -0.519750 0.787360
vn -0.331549 -0.519750 0.787360
vn -0.331549 -0.519750 0.787360
vn 0.000000 0.000000 1.000000
vn 0.000000 0.000000 1.000000
vn 0.000000 0.000000 1.000000
vn -0.843090 0.537772 0.000000
vn -0.843090 0.537772 0.000000
vn -0.843090 0.537772 0.000000
vn 0.627465 0.400234 0.667908
vn 0.627465 0.400234 0.667908
vn 0.627465 0.400234 0.667908
vn 0.627465 0.400235 0.667907
vn 0.627465 0.400235 0.667907
vn 0.627465 0.400235 0.667907
vn 0.000000 0.000000 1.000000
vn 0.000000 0.000000 1.000000
vn 0.000000 0.000000 1.000000
vn 0.537798 -0.843074 0.000000
vn 0.537798 -0.843074 0.000000
vn 0.537798 -0.843074 0.000000
vn 0.537798 -0.843074 -0.000001
vn 0.537798 -0.843074 -0.000001
vn 0.537798 -0.843074 -0.000001
vn 0.537799 -0.843073 0.000000
vn 0.537799 -0.843073 0.000000
vn 0.537799 -0.843073 0.000000
vn 0.537799 -0.843073 -0.000004
vn 0.537799 -0.843073 -0.000004
vn 0.537799 -0.843073 -0.000004
vn 0.537798 -0.843074 0.000000
vn 0.537798 -0.843074 0.000000
vn 0.537798 -0.843074 0.000000
vn 0.766056 -0.642774 0.000000
vn 0.766056 -0.642774 0.000000
vn 0.766056 -0.642774 0.000000
vn 0.766056 -0.642774 0.000000
vn 0.766056 -0.642774 0.000000
vn 0.766056 -0.642774 0.000000
vn 0.766056 -0.642774 0.000000
vn 0.766056 -0.642774 0.000000
vn 0.766056 -0.642774 0.000000
vn 0.766056 -0.642774 0.000000
vn 0.766056 -0.642774 0.000000
vn 0.766056 -0.642774 0.000000
vn 0.766056 -0.642774 0.000000
vn 0.766056 -0.642774 0.000000
vn 0.766056 -0.642774 0.000000
vn 0.766056 -0.642774 0.000000
vn 0.766056 -0.642774 0.000000
vn 0.766056 -0.642774 0.000000
vn 0.000000 0.000000 1.000000
vn 0.000000 0.000000 1.000000
vn 0.000000 0.000000 1.000000
vn 0.000000 0.000000 1.000000
vn 0.000000 0.000000 1.000000
vn 0.000000 0.000000 1.000000
vn 0.000000 0.000000 1.000000
vn 0.000000 0.000000 1.000000
vn 0.000000 0.000000 1.000000
vn -0.305529 0.952183 0.000000
vn -0.305529 0.952183 0.000000
vn -0.305529 0.952183 0.000000
vn -0.305529 0.952183 0.000000
vn -0.305529 0.952183 0.000000
vn -0.305529 0.952183 0.000000
vn 0.000000 0.000000 0.000000
vn 0.000000 0.000000 0.000000
vn 0.000000 0.000000 0.000000
vn 0.000000 0.000000 0.000000
vn 0.000000 0.000000 0.000000
vn 0.000000 0.000000 0.000000
vn -0.305530 0.952182 0.000000
vn -0.305530 0.952182 0.000000
vn -0.305530 0.952182 0.000000
vn -0.305529 0.952183 0.000000
vn -0.305529 0.952183 0.000000
vn -0.305529 0.952183 0.000000
vn -0.305529 0.952183 0.000000
vn -0.305529 0.952183 0.000000
vn -0.305529 0.952183 0.000000
vn 0.843090 0.537772 0.000000
vn 0.843090 0.537772 0.000000
vn 0.843090 0.537772 0.000000
vn 0.537798 -0.843074 0.000000
vn 0.537798 -0.843074 0.000000
vn 0.537798 -0.843074 0.000000
vn 0.537798 -0.843074 0.000000
vn 0.537798 -0.843074 0.000000
vn 0.537798 -0.843074 0.000000
vn 0.537798 -0.843074 -0.000001
vn 0.537798 -0.843074 -0.000001
vn 0.537798 -0.843074 -0.000001
vn 0.537799 -0.843073 0.000000
vn 0.537799 -0.843073 0.000000
vn 0.537799 -0.843073 0.000000
vn 0.537798 -0.843074 0.000000
vn 0.537798 -0.843074 0.000000
vn 0.537798 -0.843074 0.000000
vn 0.537798 -0.843074 0.000000
vn 0.537798 -0.843074 0.000000
vn 0.537798 -0.843074 0.000000
vn 0.537799 -0.843073 0.000000
vn 0.537799 -0.843073 0.000000
vn 0.537799 -0.843073 0.000000
vn 0.324183 -0.508202 -0.797895
vn 0.324183 -0.508202 -0.797895
vn 0.324183 -0.508202 -0.797895
vn 0.324183 -0.508202 -0.797895
vn 0.324183 -0.508202 -0.797895
vn 0.324183 -0.508202 -0.797895
vn 0.324183 -0.508202 -0.797895
vn 0.324183 -0.508202 -0.797895
vn 0.324183 -0.508202 -0.797895
vn 0.000000 0.000000 1.000000
vn 0.000000 0.000000 1.000000
vn 0.000000 0.000000 1.000000
vn 0.766056 -0.642774 0.000000
vn 0.766056 -0.642774 0.000000
vn 0.766056 -0.642774 0.000000
vn 0.766056 -0.642774 0.000001
vn 0.766056 -0.642774 0.000001
vn 0.766056 -0.642774 0.000001
vn 0.766055 -0.642775 0.000000
vn 0.766055 -0.642775 0.000000
vn 0.766055 -0.642775 0.000000
vn 0.766055 -0.642775 0.000000
vn 0.766055 -0.642775 0.000000
vn 0.766055 -0.642775 0.000000
vn 0.766056 -0.642774 0.000003
vn 0.766056 -0.642774 0.000003
vn 0.766056 -0.642774 0.000003
vn 0.843091 0.537771 0.000000
vn 0.843091 0.537771 0.000000
vn 0.843091 0.537771 0.000000
vn 0.843091 0.537771 0.000000
vn 0.843091 0.537771 0.000000
vn 0.843091 0.537771 0.000000
vn 0.052419 0.998625 0.000000
vn 0.052419 0.998625 0.000000
vn 0.052419 0.998625 0.000000
vn 0.052419 0.998625 0.000000
vn 0.052419 0.998625 0.000000
vn 0.052419 0.998625 0.000000
vn 0.537798 -0.843074 -0.000001
vn 0.537798 -0.843074 -0.000001
vn 0.537798 -0.843074 -0.000001
vn 0.537798 -0.843074 0.000001
vn 0.537798 -0.843074 0.000001
vn 0.537798 -0.843074 0.000001
vn 0.537798 -0.843073 -0.000000
vn 0.537798 -0.843073 -0.000000
vn 0.537798 -0.843073 -0.000000
vn 0.537798 -0.843074 -0.000001
vn 0.537798 -0.843074 -0.000001
vn 0.537798 -0.843074 -0.000001
vn 0.537799 -0.843073 0.000001
vn 0.537799 -0.843073 0.000001
vn 0.537799 -0.843073 0.000001
vn 0.537796 -0.843075 0.000000
vn 0.537796 -0.843075 0.000000
vn 0.537796 -0.843075 0.000000
vn 0.537798 -0.843073 -0.000001
vn 0.537798 -0.843073 -0.000001
vn 0.537798 -0.843073 -0.000001
vn 0.537796 -0.843075 0.000000
vn 0.537796 -0.843075 0.000000
vn 0.537796 -0.843075 0.000000
vn 0.547861 0.349458 -0.760084
vn 0.547861 0.349458 -0.760084
vn 0.547861 0.349458 -0.760084
vn 0.547861 0.349461 -0.760083
vn 0.547861 0.349461 -0.760083
vn 0.547861 0.349461 -0.760083
vn 0.843090 0.537772 0.000000
vn 0.843090 0.537772 0.000000
vn 0.843090 0.537772 0.000000
vn 0.843090 0.537772 0.000000
vn 0.843090 0.537772 0.000000
vn 0.843090 0.537772 0.000000
vn 0.537798 -0.843073 -0.000001
vn 0.537798 -0.843073 -0.000001
vn 0.537798 -0.843073 -0.000001
vn 0.537798 -0.843073 -0.000001
vn 0.537798 -0.843073 -0.000001
vn 0.537798 -0.843073 -0.000001
vn 0.000000 0.000000 1.000000
vn 0.000000 0.000000 1.000000
vn 0.000000 0.000000 1.000000
vn 0.000000 0.000000 1.000000
vn 0.000000 0.000000 1.000000
vn 0.000000 0.000000 1.000000
vn 0.843086 0.537779 0.000000
vn 0.843086 0.537779 0.000000
vn 0.843086 0.537779 0.000000
vn 0.331549 -0.519749 -0.787360
vn 0.331549 -0.519749 -0.787360
vn 0.331549 -0.519749 -0.787360
vn 0.331549 -0.519749 -0.787360
vn 0.331549 -0.519749 -0.787360
vn 0.331549 -0.519749 -0.787360
vn 0.331548 -0.519748 -0.787361
vn 0.331548 -0.519748 -0.787361
vn 0.331548 -0.519748 -0.787361
vn 0.843090 0.537772 0.000000
vn 0.843090 0.537772 0.000000
vn 0.843090 0.537772 0.000000
vn 0.843090 0.537772 0.000000
vn 0.843090 0.537772 0.000000
vn 0.843090 0.537772 0.000000
vn 0.766056 -0.642774 0.000000
vn 0.766056 -0.642774 0.000000
vn 0.766056 -0.642774 0.000000
vn 0.766056 -0.642774 0.000000
vn 0.766056 -0.642774 0.000000
vn 0.766056 -0.642774 0.000000
vn 0.000000 0.000000 0.000000
vn 0.000000 0.000000 0.000000
vn 0.000000 0.000000 0.000000
vn 0.052419 0.998625 0.000000
vn 0.052419 0.998625 0.000000
vn 0.052419 0.998625 0.000000
vn 0.052419 0.998625 0.000000
vn 0.052419 0.998625 0.000000
vn 0.052419 0.998625 0.000000
vn 0.052419 0.998625 0.000000
vn 0.052419 0.998625 0.000000
vn 0.052419 0.998625 0.000000
vn -0.843091 0.537771 0.000000
vn -0.843091 0.537771 0.000000
vn -0.843091 0.537771 0.000000
vn 0.843095 0.537765 0.000000
vn 0.843095 0.537765 0.000000
vn 0.843095 0.537765 0.000000
vn 0.492437 0.314105 -0.811692
vn 0.492437 0.314105 -0.811692
vn 0.492437 0.314105 -0.811692
vn 0.492438 0.314107 -0.811691
vn 0.492438 0.314107 -0.811691
vn 0.492438 0.314107 -0.811691
vn 0.843090 0.537772 0.000000
vn 0.843090 0.537772 0.000000
vn 0.843090 0.537772 0.000000
vn 0.843090 0.537772 0.000000
vn 0.843090 0.537772 0.000000
vn 0.843090 0.537772 0.000000
vn 0.331548 -0.519748 0.787361
vn 0.331548 -0.519748 0.787361
vn 0.331548 -0.519748 0.787361
vn 0.331548 -0.519748 0.787361
vn 0.331548 -0.519748 0.787361
vn 0.331548 -0.519748 0.787361
vn 0.331548 -0.519748 0.787361
vn 0.331548 -0.519748 0.787361
vn 0.331548 -0.519748 0.787361
vn 0.331548 -0.519749 0.787361
vn 0.331548 -0.519749 0.787361
vn 0.331548 -0.519749 0.787361
vn 0.000000 0.000000 1.000000
vn 0.000000 0.000000 1.000000
vn 0.000000 0.000000 1.000000
vn 0.324183 -0.508202 0.797895
vn 0.324183 -0.508202 0.797895
vn 0.324183 -0.508202 0.797895
vn 0.324183 -0.508201 0.797896
vn 0.324183 -0.508201 0.797896
vn 0.324183 -0.508201 0.797896
vn 0.000000 0.000000 0.000000
vn 0.000000 0.000000 0.000000
vn 0.000000 0.000000 0.000000
vn -0.337578 0.941298 0.000000
vn -0.337578 0.941298 0.000000
vn -0.337578 0.941298 0.000000
vn -0.337578 0.941298 0.000000
vn -0.337578 0.941298 0.000000
vn -0.337578 0.941298 0.000000
vn -0.337578 0.941298 0.000000
vn -0.337578 0.941298 0.000000
vn -0.337578 0.941298 0.000000
vn 0.000000 0.000000 1.000000
vn 0.000000 0.000000 1.000000
vn 0.000000 0.000000 1.000000
vn 0.000000 0.000000 1.000000
vn 0.000000 0.000000 1.000000
vn 0.000000 0.000000 1.000000
vn 0.537799 -0.843073 0.000000
vn 0.537799 -0.843073 0.000000
vn 0.537799 -0.843073 0.000000
vn 0.537798 -0.843074 0.000000
vn 0.537798 -0.843074 0.000000
vn 0.537798 -0.843074 0.000000
vn 0.537798 -0.843074 -0.000001
vn 0.537798 -0.843074 -0.000001
vn 0.537798 -0.843074 -0.000001
vn 0.537799 -0.843073 -0.000000
vn 0.537799 -0.843073 -0.000000
vn 0.537799 -0.843073 -0.000000
vn 0.537796 -0.843075 0.000000
vn 0.537796 -0.843075 0.000000
vn 0.537796 -0.843075 0.000000
vn 0.843088 0.537776 0.000000
vn 0.843088 0.537776 0.000000
vn 0.843088 0.537776 0.000000
vn 0.000000 0.000000 1.000000
vn 0.000000 0.000000 1.000000
vn 0.000000 0.000000 1.000000
vn 0.000000 0.000000 0.000000
vn 0.000000 0.000000 0.000000
vn 0.000000 0.000000 0.000000
vn 0.000000 0.000000 0.000000
vn 0.000000 0.000000 0.000000
vn 0.000000 0.000000 0.000000
vn 0.126597 0.991954 0.000000
vn 0.126597 0.991954 0.000000
vn 0.126597 0.991954 0.000000
vn 0.126597 0.991954 0.000000
vn 0.126597 0.991954 0.000000
vn 0.126597 0.991954 0.000000
vn -0.843091 0.537771 0.000000
vn -0.843091 0.537771 0.000000
vn -0.843091 0.537771 0.000000
vn -0.843091 0.537771 0.000000
vn -0.843091 0.537771 0.000000
vn -0.843091 0.537771 0.000000
vn -0.843091 0.537771 0.000000
vn -0.843091 0.537771 0.000000
vn -0.843091 0.537771 0.000000
vn -0.843091 0.537771 0.000000
vn -0.843091 0.537771 0.000000
vn -0.843091 0.537771 0.000000
vn -0.843091 0.537771 0.000000
vn -0.843091 0.537771 0.000000
vn -0.843091 0.537771 0.000000
vn -0.843091 0.537771 0.000000
vn -0.843091 0.537771 0.000000
vn -0.843091 0.537771 0.000000
vn -0.843091 0.537771 0.000000
vn -0.843091 0.537771 0.000000
vn -0.843091 0.537771 0.000000
vn -0.843091 0.537771 0.000000
vn -0.843091 0.537771 0.000000
vn -0.843091 0.537771 0.000000
vn -0.843091 0.537771 0.000000
vn -0.843091 0.537771 0.000000
vn -0.843091 0.537771 0.000000
vn -0.843091 0.537771 0.000000
vn -0.843091 0.537771 0.000000
vn -0.843091 0.537771 0.000000
vn -0.843091 0.537771 0.000000
vn -0.843091 0.537771 0.000000
vn -0.843091 0.537771 0.000000
vn -0.843091 0.537771 0.000000
vn -0.843091 0.537771 0.000000
vn -0.843091 0.537771 0.000000
vn -0.843091 0.537771 0.000000
vn -0.843091 0.537771 0.000000
vn -0.843091 0.537771 0.000000
vn -0.843091 0.537771 0.000000
vn -0.843091 0.537771 0.000000
vn -0.843091 0.537771 0.000000
vn -0.843091 0.537771 0.000000
vn -0.843091 0.537771 0.000000
vn -0.843091 0.537771 0.000000
vn -0.843091 0.537771 0.000000
vn -0.843091 0.537771 0.000000
vn -0.843091 0.537771 0.000000
vn -0.843091 0.537771 0.000000
vn -0.843091 0.537771 0.000000
vn -0.843091 0.537771 0.000000
vn -0.843091 0.537771 0.000000
vn -0.843091 0.537771 0.000000
vn -0.843091 0.537771 0.000000
vn -0.843091 0.537771 0.000000
vn -0.843091 0.537771 0.000000
vn -0.843091 0.537771 0.000000
vn -0.843091 0.537771 0.000000
vn -0.843091 0.537771 0.000000
vn -0.843091 0.537771 0.000000
vn -0.843091 0.537771 0.000000
vn -0.843091 0.537771 0.000000
vn -0.843091 0.537771 0.000000
vn -0.843091 0.537771 0.000000
vn -0.843091 0.537771 0.000000
vn -0.843091 0.537771 0.000000
vn -0.843091 0.537771 0.000000
vn -0.843091 0.537771 0.000000
vn -0.843091 0.537771 0.000000
vn -0.843091 0.537771 0.000000
vn -0.843091 0.537771 0.000000
vn -0.843091 0.537771 0.000000
vn -0.843091 0.537771 0.000000
vn -0.843091 0.537771 0.000000
vn -0.843091 0.537771 0.000000
vn -0.843091 0.537771 0.000000
vn -0.843091 0.537771 0.000000
vn -0.843091 0.537771 0.000000
vn -0.843091 0.537771 0.000000
vn -0.843091 0.537771 0.000000
vn -0.843091 0.537771 0.000000
vn -0.843091 0.537771 0.000000
vn -0.843091 0.537771 0.000000
vn -0.843091 0.537771 0.000000
vn -0.843091 0.537771 0.000000
vn -0.843091 0.537771 0.000000
vn -0.843091 0.537771 0.000000
vn 0.331549 -0.519749 -0.787360
vn 0.331549 -0.519749 -0.787360
vn 0.331549 -0.519749 -0.787360
vn 0.331549 -0.519748 -0.787361
vn 0.331549 -0.519748 -0.787361
vn 0.331549 -0.519748 -0.787361
vn 0.331549 -0.519747 -0.787362
vn 0.331549 -0.519747 -0.787362
vn 0.331549 -0.519747 -0.787362
vn 0.331549 -0.519749 -0.787361
vn 0.331549 -0.519749 -0.787361
vn 0.331549 -0.519749 -0.787361
vn 0.331549 -0.519749 -0.787361
vn 0.331549 -0.519749 -0.787361
vn 0.331549 -0.519749 -0.787361
vn 0.324183 -0.508202 -0.797895
vn 0.324183 -0.508202 -0.797895
vn 0.324183 -0.508202 -0.797895
vn 0.324183 -0.508202 -0.797895
vn 0.324183 -0.508202 -0.797895
vn 0.324183 -0.508202 -0.797895
vn 0.324183 -0.508201 -0.797896
vn 0.324183 -0.508201 -0.797896
vn 0.324183 -0.508201 -0.797896
vn 0.445260 0.284013 -0.849165
vn 0.445260 0.284013 -0.849165
vn 0.445260 0.284013 -0.849165
vn 0.445260 0.284013 -0.849165
vn 0.445260 0.284013 -0.849165
vn 0.445260 0.284013 -0.849165
vn -0.156670 0.099933 -0.982582
vn -0.156670 0.099933 -0.982582
vn -0.156670 0.099933 -0.982582
vn -0.156670 0.099933 -0.982582
vn -0.156670 0.099933 -0.982582
vn -0.156670 0.099933 -0.982582
vn 0.324182 -0.508202 0.797895
vn 0.324182 -0.508202 0.797895
vn 0.324182 -0.508202 0.797895
vn 0.324183 -0.508202 0.797895
vn 0.324183 -0.508202 0.797895
vn 0.324183 -0.508202 0.797895
vn 0.324183 -0.508202 0.797895
vn 0.324183 -0.508202 0.797895
vn 0.324183 -0.508202 0.797895
vn 0.324182 -0.508202 0.797895
vn 0.324182 -0.508202 0.797895
vn 0.324182 -0.508202 0.797895
vn 0.843088 0.537776 0.000000
vn 0.843088 0.537776 0.000000
vn 0.843088 0.537776 0.000000
vn 0.843088 0.537776 0.000000
vn 0.843088 0.537776 0.000000
vn 0.843088 0.537776 0.000000
vn -0.324182 -0.508200 0.797897
vn -0.324182 -0.508200 0.797897
vn -0.324182 -0.508200 0.797897
vn -0.324182 -0.508201 0.797896
vn -0.324182 -0.508201 0.797896
vn -0.324182 -0.508201 0.797896
vn -0.324183 -0.508203 0.797894
vn -0.324183 -0.508203 0.797894
vn -0.324183 -0.508203 0.797894
vn -0.324183 -0.508202 0.797895
vn -0.324183 -0.508202 0.797895
vn -0.324183 -0.508202 0.797895
vn -0.324182 -0.508201 0.797896
vn -0.324182 -0.508201 0.797896
vn -0.324182 -0.508201 0.797896
vn -0.324182 -0.508201 0.797896
vn -0.324182 -0.508201 0.797896
vn -0.324182 -0.508201 0.797896
vn -0.843090 0.537773 0.000000
vn -0.843090 0.537773 0.000000
vn -0.843090 0.537773 0.000000
vn 0.843090 0.537772 0.000000
vn 0.843090 0.537772 0.000000
vn 0.843090 0.537772 0.000000
vn 0.000000 0.000000 1.000000
vn 0.000000 0.000000 1.000000
vn 0.000000 0.000000 1.000000
vn 0.000000 0.000000 1.000000
vn 0.000000 0.000000 1.000000
vn 0.000000 0.000000 1.000000
vn 0.677271 0.432007 0.595545
vn 0.677271 0.432007 0.595545
vn 0.677271 0.432007 0.595545
vn 0.677272 0.431999 0.595550
vn 0.677272 0.431999 0.595550
vn 0.677272 0.431999 0.595550
vn 0.379548 0.242098 0.892934
vn 0.379548 0.242098 0.892934
vn 0.379548 0.242098 0.892934
vn 0.379126 0.246058 0.892031
vn 0.379126 0.246058 0.892031
vn 0.379126 0.246058 0.892031
vn 0.000000 0.000000 1.000000
vn 0.000000 0.000000 1.000000
vn 0.000000 0.000000 1.000000
vn 0.843090 0.537772 0.000000
vn 0.843090 0.537772 0.000000
vn 0.843090 0.537772 0.000000
vn -0.843091 0.537771 0.000000
vn -0.843091 0.537771 0.000000
vn -0.843091 0.537771 0.000000
vn -0.843091 0.537771 0.000000
vn -0.843091 0.537771 0.000000
vn -0.843091 0.537771 0.000000
vn -0.843090 -0.537772 0.000000
vn -0.843090 -0.537772 0.000000
vn -0.843090 -0.537772 0.000000
vn 0.000000 0.000000 0.000000
vn 0.000000 0.000000 0.000000
vn 0.000000 0.000000 0.000000
vn 0.000000 0.000000 0.000000
vn 0.000000 0.000000 0.000000
vn 0.000000 0.000000 0.000000
vn -0.103976 0.994580 0.000000
vn -0.103976 0.994580 0.000000
vn -0.103976 0.994580 0.000000
vn -0.103976 0.994580 0.000000
vn -0.103976 0.994580 0.000000
vn -0.103976 0.994580 0.000000
vn 0.199882 0.127496 -0.971490
vn 0.199882 0.127496 -0.971490
vn 0.199882 0.127496 -0.971490
vn 0.199882 0.127496 -0.971490
vn 0.199882 0.127496 -0.971490
vn 0.199882 0.127496 -0.971490
vn 0.843090 0.537772 0.000000
vn 0.843090 0.537772 0.000000
vn 0.843090 0.537772 0.000000
vn 0.000000 0.000000 0.000000
vn 0.000000 0.000000 0.000000
vn 0.000000 0.000000 0.000000
vn 0.537798 -0.843074 0.000000
vn 0.537798 -0.843074 0.000000
vn 0.537798 -0.843074 0.000000
vn 0.537799 -0.843073 -0.000000
vn 0.537799 -0.843073 -0.000000
vn 0.537799 -0.843073 -0.000000
vn 0.537799 -0.843073 -0.000000
vn 0.537799 -0.843073 -0.000000
vn 0.537799 -0.843073 -0.000000
vn 0.537799 -0.843073 -0.000001
vn 0.537799 -0.843073 -0.000001
vn 0.537799 -0.843073 -0.000001
vn 0.537800 -0.843072 -0.000001
vn 0.537800 -0.843072 -0.000001
vn 0.537800 -0.843072 -0.000001
vn 0.843092 0.537769 -0.000001
vn 0.843092 0.537769 -0.000001
vn 0.843092 0.537769 -0.000001
vn 0.843090 0.537772 0.000000
vn 0.843090 0.537772 0.000000
vn 0.843090 0.537772 0.000000
vn 0.331548 -0.519745 -0.787363
vn 0.331548 -0.519745 -0.787363
vn 0.331548 -0.519745 -0.787363
vn 0.331548 -0.519747 -0.787362
vn 0.331548 -0.519747 -0.787362
vn 0.331548 -0.519747 -0.787362
vn 0.331549 -0.519748 -0.787361
vn 0.331549 -0.519748 -0.787361
vn 0.331549 -0.519748 -0.787361
vn 0.843090 0.537772 0.000000
vn 0.843090 0.537772 0.000000
vn 0.843090 0.537772 0.000000
vn -0.052420 0.998625 0.000000
vn -0.052420 0.998625 0.000000
vn -0.052420 0.998625 0.000000
vn -0.052420 0.998625 0.000000
vn -0.052420 0.998625 0.000000
vn -0.052420 0.998625 0.000000
vn 0.000000 0.000000 0.000000
vn 0.000000 0.000000 0.000000
vn 0.000000 0.000000 0.000000
vn 0.000000 0.000000 0.000000
vn 0.000000 0.000000 0.000000
vn 0.000000 0.000000 0.000000
vn 0.843090 0.537772 0.000000
vn 0.843090 0.537772 0.000000
vn 0.843090 0.537772 0.000000
vn 0.843090 0.537772 0.000000
vn 0.843090 0.537772 0.000000
vn 0.843090 0.537772 0.000000
vn 0.843095 0.537765 0.000000
vn 0.843095 0.537765 0.000000
vn 0.843095 0.537765 0.000000
vn 0.843090 0.537772 0.000000
vn 0.843090 0.537772 0.000000
vn 0.843090 0.537772 0.000000
vn -0.324183 -0.508202 0.797894
vn -0.324183 -0.508202 0.797894
vn -0.324183 -0.508202 0.797894
vn -0.324183 -0.508203 0.797894
vn -0.324183 -0.508203 0.797894
vn -0.324183 -0.508203 0.797894
vn -0.324183 -0.508202 0.797895
vn -0.324183 -0.508202 0.797895
vn -0.324183 -0.508202 0.797895
vn -0.324182 -0.508202 0.797895
vn -0.324182 -0.508202 0.797895
vn -0.324182 -0.508202 0.797895
vn -0.637168 0.406423 -0.654857
vn -0.637168 0.406423 -0.654857
vn -0.637168 0.406423 -0.654857
vn -0.637168 0.406422 -0.654858
vn -0.637168 0.406422 -0.654858
vn -0.637168 0.406422 -0.654858
vn -0.547861 0.349457 -0.760084
vn -0.547861 0.349457 -0.760084
vn -0.547861 0.349457 -0.760084
vn -0.547861 0.349457 -0.760084
vn -0.547861 0.349457 -0.760084
vn -0.547861 0.349457 -0.760084
vn -0.843091 0.537771 0.000000
vn -0.843091 0.537771 0.000000
vn -0.843091 0.537771 0.000000
vn -0.843091 0.537771 0.000000
vn -0.843091 0.537771 0.000000
vn -0.843091 0.537771 0.000000
vn -0.843090 0.537773 0.000000
vn -0.843090 0.537773 0.000000
vn -0.843090 0.537773 0.000000
vn -0.843091 0.537771 0.000000
vn -0.843091 0.537771 0.000000
vn -0.843091 0.537771 0.000000
vn -0.843091 0.537771 -0.000001
vn -0.843091 0.537771 -0.000001
vn -0.843091 0.537771 -0.000001
vn -0.843091 0.537771 0.000000
vn -0.843091 0.537771 0.000000
vn -0.843091 0.537771 0.000000
vn 0.261842 0.965111 0.000000
vn 0.261842 0.965111 0.000000
vn 0.261842 0.965111 0.000000
vn 0.261842 0.965111 0.000000
vn 0.261842 0.965111 0.000000
vn 0.261842 0.965111 0.000000
vn 0.000000 0.000000 0.000000
vn 0.000000 0.000000 0.000000
vn 0.000000 0.000000 0.000000
vn 0.000000 0.000000 0.000000
vn 0.000000 0.000000 0.000000
vn 0.000000 0.000000 0.000000
vn -0.537799 -0.843073 0.000000
vn -0.537799 -0.843073 0.000000
vn -0.537799 -0.843073 0.000000
vn -0.537799 -0.843073 0.000000
vn -0.537799 -0.843073 0.000000
vn -0.537799 -0.843073 0.000000
vn 0.000000 0.000000 0.000000
vn 0.000000 0.000000 0.000000
vn 0.000000 0.000000 0.000000
vn 0.000000 0.000000 0.000000
vn 0.000000 0.000000 0.000000
vn 0.000000 0.000000 0.000000
vn 0.000000 0.000000 0.000000
vn 0.000000 0.000000 0.000000
vn 0.000000 0.000000 0.000000
vn 0.000000 0.000000 1.000000
vn 0.000000 0.000000 1.000000
vn 0.000000 0.000000 1.000000
vn -0.843092 0.537769 0.000000
vn -0.843092 0.537769 0.000000
vn -0.843092 0.537769 0.000000
vn -0.696873 0.444506 -0.562835
vn -0.696873 0.444506 -0.562835
vn -0.696873 0.444506 -0.562835
vn -0.696873 0.444506 -0.562835
vn -0.696873 0.444506 -0.562835
vn -0.696873 0.444506 -0.562835
vn -0.843091 0.537771 0.000000
vn -0.843091 0.537771 0.000000
vn -0.843091 0.537771 0.000000
vn -0.843091 0.537771 0.000000
vn -0.843091 0.537771 0.000000
vn -0.843091 0.537771 0.000000
vn -0.332615 0.212161 0.918888
vn -0.332615 0.212161 0.918888
vn -0.332615 0.212161 0.918888
vn -0.332615 0.212161 0.918888
vn -0.332615 0.212161 0.918888
vn -0.332615 0.212161 0.918888
vn -0.324183 -0.508202 -0.797895
vn -0.324183 -0.508202 -0.797895
vn -0.324183 -0.508202 -0.797895
vn -0.324183 -0.508202 -0.797895
vn -0.324183 -0.508202 -0.797895
vn -0.324183 -0.508202 -0.797895
vn -0.324183 -0.508200 -0.797896
vn -0.324183 -0.508200 -0.797896
vn -0.324183 -0.508200 -0.797896
vn -0.843091 0.537771 0.000000
vn -0.843091 0.537771 0.000000
vn -0.843091 0.537771 0.000000
vn -0.843088 0.537775 0.000000
vn -0.843088 0.537775 0.000000
vn -0.843088 0.537775 0.000000
vn -0.843091 0.537771 0.000000
vn -0.843091 0.537771 0.000000
vn -0.843091 0.537771 0.000000
vn -0.331548 -0.519750 -0.787360
vn -0.331548 -0.519750 -0.787360
vn -0.331548 -0.519750 -0.787360
vn -0.331549 -0.519749 -0.787361
vn -0.331549 -0.519749 -0.787361
vn -0.331549 -0.519749 -0.787361
vn -0.331549 -0.519749 -0.787361
vn -0.331549 -0.519749 -0.787361
vn -0.331549 -0.519749 -0.787361
vn -0.198030 0.693103 0.693103
vn -0.198030 0.693103 0.693103
vn -0.198030 0.693103 0.693103
vn -0.324183 -0.508202 -0.797895
vn -0.324183 -0.508202 -0.797895
vn -0.324183 -0.508202 -0.797895
vn -0.324183 -0.508202 -0.797895
vn -0.324183 -0.508202 -0.797895
vn -0.324183 -0.508202 -0.797895
vn 0.362011 0.932174 0.000000
vn 0.362011 0.932174 0.000000
vn 0.362011 0.932174 0.000000
vn 0.362010 0.932174 -0.000000
vn 0.362010 0.932174 -0.000000
vn 0.362010 0.932174 -0.000000
vn 0.362011 0.932174 0.000000
vn 0.362011 0.932174 0.000000
vn 0.362011 0.932174 0.000000
vn 0.000000 0.000000 0.000000
vn 0.000000 0.000000 0.000000
vn 0.000000 0.000000 0.000000
vn 0.362010 0.932174 -0.000000
vn 0.362010 0.932174 -0.000000
vn 0.362010 0.932174 -0.000000
vn 0.362010 0.932174 -0.000000
vn 0.362010 0.932174 -0.000000
vn 0.362010 0.932174 -0.000000
vn 0.362011 0.932174 0.000000
vn 0.362011 0.932174 0.000000
vn 0.362011 0.932174 0.000000
vn -0.608960 0.388430 0.691585
vn -0.608960 0.388430 0.691585
vn -0.608960 0.388430 0.691585
vn -0.608960 0.388430 0.691585
vn -0.608960 0.388430 0.691585
vn -0.608960 0.388430 0.691585
vn -0.843091 0.537771 0.000000
vn -0.843091 0.537771 0.000000
vn -0.843091 0.537771 0.000000
vn -0.502065 0.320246 0.803352
vn -0.502065 0.320246 0.803352
vn -0.502065 0.320246 0.803352
vn -0.502064 0.320246 0.803352
vn -0.502064 0.320246 0.803352
vn -0.502064 0.320246 0.803352
vn -0.843091 0.537771 0.000000
vn -0.843091 0.537771 0.000000
vn -0.843091 0.537771 0.000000
vn -0.843091 0.537771 0.000000
vn -0.843091 0.537771 0.000000
vn -0.843091 0.537771 0.000000
vn 0.843090 0.537772 0.000000
vn 0.843090 0.537772 0.000000
vn 0.843090 0.537772 0.000000
vn 0.843090 0.537772 0.000000
vn 0.843090 0.537772 0.000000
vn 0.843090 0.537772 0.000000
vn 0.000374 0.002139 0.999998
vn 0.000374 0.002139 0.999998
vn 0.000374 0.002139 0.999998
vn 0.000000 0.000000 1.000000
vn 0.000000 0.000000 1.000000
vn 0.000000 0.000000 1.000000
vn -0.843092 0.537770 0.000000
vn -0.843092 0.537770 0.000000
vn -0.843092 0.537770 0.000000
vn -0.843091 0.537771 0.000000
vn -0.843091 0.537771 0.000000
vn -0.843091 0.537771 0.000000
vn 0.000000 0.000000 1.000000
vn 0.000000 0.000000 1.000000
vn 0.000000 0.000000 1.000000
vn -0.537798 -0.843074 0.000000
vn -0.537798 -0.843074 0.000000
vn -0.537798 -0.843074 0.000000
vn -0.537798 -0.843074 -0.000037
vn -0.537798 -0.843074 -0.000037
vn -0.537798 -0.843074 -0.000037
vn -0.537798 -0.843074 0.000000
vn -0.537798 -0.843074 0.000000
vn -0.537798 -0.843074 0.000000
vn -0.537798 -0.843074 0.000000
vn -0.537798 -0.843074 0.000000
vn -0.537798 -0.843074 0.000000
vn -0.331548 -0.519748 0.787361
vn -0.331548 -0.519748 0.787361
vn -0.331548 -0.519748 0.787361
vn -0.331548 -0.519749 0.787360
vn -0.331548 -0.519749 0.787360
vn -0.331548 -0.519749 0.787360
vn -0.843091 0.537771 0.000000
vn -0.843091 0.537771 0.000000
vn -0.843091 0.537771 0.000000
vn -0.619852 0.395377 0.677836
vn -0.619852 0.395377 0.677836
vn -0.619852 0.395377 0.677836
vn -0.619852 0.395377 0.677836
vn -0.619852 0.395377 0.677836
vn -0.619852 0.395377 0.677836
vn -0.537798 -0.843074 0.000000
vn -0.537798 -0.843074 0.000000
vn -0.537798 -0.843074 0.000000
vn -0.537803 -0.843071 -0.000012
vn -0.537803 -0.843071 -0.000012
vn -0.537803 -0.843071 -0.000012
vn -0.537798 -0.843074 -0.000000
vn -0.537798 -0.843074 -0.000000
vn -0.537798 -0.843074 -0.000000
vn -0.537798 -0.843074 0.000000
vn -0.537798 -0.843074 0.000000
vn -0.537798 -0.843074 0.000000
vn 0.000000 0.000000 0.000000
vn 0.000000 0.000000 0.000000
vn 0.000000 0.000000 0.000000
vn 0.000000 0.000000 0.000000
vn 0.000000 0.000000 0.000000
vn 0.000000 0.000000 0.000000
vn 0.222902 0.974841 0.000000
vn 0.222902 0.974841 0.000000
vn 0.222902 0.974841 0.000000
vn 0.222902 0.974841 0.000000
vn 0.222902 0.974841 0.000000
vn 0.222902 0.974841 0.000000
vn -0.843090 0.537772 0.000000
vn -0.843090 0.537772 0.000000
vn -0.843090 0.537772 0.000000
vn 0.000000 0.000000 1.000000
vn 0.000000 0.000000 1.000000
vn 0.000000 0.000000 1.000000
vn 0.000000 0.000000 1.000000
vn 0.000000 0.000000 1.000000
vn 0.000000 0.000000 1.000000
vn -0.331548 -0.519750 -0.787360
vn -0.331548 -0.519750 -0.787360
vn -0.331548 -0.519750 -0.787360
vn -0.331548 -0.519748 -0.787362
vn -0.331548 -0.519748 -0.787362
vn -0.331548 -0.519748 -0.787362
vn -0.331549 -0.519748 -0.787361
vn -0.331549 -0.519748 -0.787361
vn -0.331549 -0.519748 -0.787361
vn -0.843091 0.537771 0.000000
vn -0.843091 0.537771 0.000000
vn -0.843091 0.537771 0.000000
vn -0.843091 0.537771 0.000000
vn -0.843091 0.537771 0.000000
vn -0.843091 0.537771 0.000000
vn -0.843091 0.537771 0.000000
vn -0.843091 0.537771 0.000000
vn -0.843091 0.537771 0.000000
vn 0.222902 0.974841 0.000000
vn 0.222902 0.974841 0.000000
vn 0.222902 0.974841 0.000000
vn 0.222902 0.974841 0.000000
vn 0.222902 0.974841 0.000000
vn 0.222902 0.974841 0.000000
vn -0.537798 -0.843074 -0.000000
vn -0.537798 -0.843074 -0.000000
vn -0.537798 -0.843074 -0.000000
vn -0.537798 -0.843074 0.000000
vn -0.537798 -0.843074 0.000000
vn -0.537798 -0.843074 0.000000
vn -0.537798 -0.843074 0.000000
vn -0.537798 -0.843074 0.000000
vn -0.537798 -0.843074 0.000000
vn -0.537798 -0.843074 0.000000
vn -0.537798 -0.843074 0.000000
vn -0.537798 -0.843074 0.000000
vn -0.537799 -0.843073 -0.000001
vn -0.537799 -0.843073 -0.000001
vn -0.537799 -0.843073 -0.000001
vn -0.537798 -0.843074 0.000000
vn -0.537798 -0.843074 0.000000
vn -0.537798 -0.843074 0.000000
vn -0.537798 -0.843074 0.000000
vn -0.537798 -0.843074 0.000000
vn -0.537798 -0.843074 0.000000
vn 0.000000 0.000000 0.000000
vn 0.000000 0.000000 0.000000
vn 0.000000 0.000000 0.000000
vn -0.843091 0.537771 0.000000
vn -0.843091 0.537771 0.000000
vn -0.843091 0.537771 0.000000
vn -0.843091 0.537771 0.000000
vn -0.843091 0.537771 0.000000
vn -0.843091 0.537771 0.000000
vn 0.000000 0.000000 1.000000
vn 0.000000 0.000000 1.000000
vn 0.000000 0.000000 1.000000
vn -0.843092 0.537769 0.000000
vn -0.843092 0.537769 0.000000
vn -0.843092 0.537769 0.000000
vn -0.843093 0.537768 0.000000
vn -0.843093 0.537768 0.000000
vn -0.843093 0.537768 0.000000
vn -0.843093 0.537768 0.000000
vn -0.843093 0.537768 0.000000
vn -0.843093 0.537768 0.000000
vn 0.000000 0.000000 1.000000
vn 0.000000 0.000000 1.000000
vn 0.000000 0.000000 1.000000
vn 0.000000 0.000000 1.000000
vn 0.000000 0.000000 1.000000
vn 0.000000 0.000000 1.000000
vn -0.843091 0.537771 0.000000
vn -0.843091 0.537771 0.000000
vn -0.843091 0.537771 0.000000
vn -0.537798 -0.843074 0.000000
vn -0.537798 -0.843074 0.000000
vn -0.537798 -0.843074 0.000000
vn -0.537791 -0.843078 0.000019
vn -0.537791 -0.843078 0.000019
vn -0.537791 -0.843078 0.000019
vn -0.537799 -0.843073 0.000000
vn -0.537799 -0.843073 0.000000
vn -0.537799 -0.843073 0.000000
vn -0.537799 -0.843073 0.000000
vn -0.537799 -0.843073 0.000000
vn -0.537799 -0.843073 0.000000
vn -0.537799 -0.843073 0.000000
vn -0.537799 -0.843073 0.000000
vn -0.537799 -0.843073 0.000000
vn 0.000000 0.000000 0.000000
vn 0.000000 0.000000 0.000000
vn 0.000000 0.000000 0.000000
vn 0.000000 0.000000 1.000000
vn 0.000000 0.000000 1.000000
vn 0.000000 0.000000 1.000000
vn -0.331548 -0.519748 -0.787361
vn -0.331548 -0.519748 -0.787361
vn -0.331548 -0.519748 -0.787361
vn -0.331548 -0.519749 -0.787361
vn -0.331548 -0.519749 -0.787361
vn -0.331548 -0.519749 -0.787361
vn -0.008263 -0.012954 0.999882
vn -0.008263 -0.012954 0.999882
vn -0.008263 -0.012954 0.999882
vn -0.331548 -0.519749 -0.787360
vn -0.331548 -0.519749 -0.787360
vn -0.331548 -0.519749 -0.787360
vn -0.331549 -0.519748 -0.787361
vn -0.331549 -0.519748 -0.787361
vn -0.331549 -0.519748 -0.787361
vn -0.331548 -0.519748 -0.787362
vn -0.331548 -0.519748 -0.787362
vn -0.331548 -0.519748 -0.787362
vn -0.537798 -0.843074 0.000000
vn -0.537798 -0.843074 0.000000
vn -0.537798 -0.843074 0.000000
vn -0.537798 -0.843074 -0.000000
vn -0.537798 -0.843074 -0.000000
vn -0.537798 -0.843074 -0.000000
vn -0.537798 -0.843074 0.000000
vn -0.537798 -0.843074 0.000000
vn -0.537798 -0.843074 0.000000
vn -0.537799 -0.843073 0.000000
vn -0.537799 -0.843073 0.000000
vn -0.537799 -0.843073 0.000000
vn -0.537798 -0.843074 0.000000
vn -0.537798 -0.843074 0.000000
vn -0.537798 -0.843074 0.000000
vn -0.537798 -0.843074 0.000000
vn -0.537798 -0.843074 0.000000
vn -0.537798 -0.843074 0.000000
vn 0.000000 0.000000 0.000000
vn 0.000000 0.000000 0.000000
vn 0.000000 0.000000 0.000000
vn 0.000000 0.000000 0.000000
vn 0.000000 0.000000 0.000000
vn 0.000000 0.000000 0.000000
vn -0.843092 0.537769 0.000000
vn -0.843092 0.537769 0.000000
vn -0.843092 0.537769 0.000000
vn -0.008264 -0.012955 0.999882
vn -0.008264 -0.012955 0.999882
vn -0.008264 -0.012955 0.999882
vn -0.537798 -0.843074 0.000000
vn -0.537798 -0.843074 0.000000
vn -0.537798 -0.843074 0.000000
vn -0.537798 -0.843074 0.000000
vn -0.537798 -0.843074 0.000000
vn -0.537798 -0.843074 0.000000
vn -0.537798 -0.843073 -0.000001
vn -0.537798 -0.843073 -0.000001
vn -0.537798 -0.843073 -0.000001
vn -0.537798 -0.843074 0.000001
vn -0.537798 -0.843074 0.000001
vn -0.537798 -0.843074 0.000001
vn -0.537798 -0.843074 -0.000000
vn -0.537798 -0.843074 -0.000000
vn -0.537798 -0.843074 -0.000000
vn -0.537799 -0.843073 0.000000
vn -0.537799 -0.843073 0.000000
vn -0.537799 -0.843073 0.000000
vn -0.537798 -0.843074 0.000000
vn -0.537798 -0.843074 0.000000
vn -0.537798 -0.843074 0.000000
vn -0.537798 -0.843074 -0.000000
vn -0.537798 -0.843074 -0.000000
vn -0.537798 -0.843074 -0.000000
vn -0.537798 -0.843074 -0.000000
vn -0.537798 -0.843074 -0.000000
vn -0.537798 -0.843074 -0.000000
vn 0.000000 0.000000 0.000000
vn 0.000000 0.000000 0.000000
vn 0.000000 0.000000 0.000000
vn 0.000000 0.000000 0.000000
vn 0.000000 0.000000 0.000000
vn 0.000000 0.000000 0.000000
vn -0.379548 0.242097 0.892935
vn -0.379548 0.242097 0.892935
vn -0.379548 0.242097 0.892935
vn -0.379125 0.246058 0.892031
vn -0.379125 0.246058 0.892031
vn -0.379125 0.246058 0.892031
vn -0.537799 -0.843073 0.000000
vn -0.537799 -0.843073 0.000000
vn -0.537799 -0.843073 0.000000
vn -0.537799 -0.843073 -0.000000
vn -0.537799 -0.843073 -0.000000
vn -0.537799 -0.843073 -0.000000
vn -0.537798 -0.843074 0.000000
vn -0.537798 -0.843074 0.000000
vn -0.537798 -0.843074 0.000000
vn -0.537798 -0.843074 0.000000
vn -0.537798 -0.843074 0.000000
vn -0.537798 -0.843074 0.000000
vn -0.537798 -0.843074 0.000000
vn -0.537798 -0.843074 0.000000
vn -0.537798 -0.843074 0.000000
vn -0.537798 -0.843074 0.000000
vn -0.537798 -0.843074 0.000000
vn -0.537798 -0.843074 0.000000
vn 0.000000 0.000000 0.000000
vn 0.000000 0.000000 0.000000
vn 0.000000 0.000000 0.000000
vn -0.843092 0.537769 0.000000
vn -0.843092 0.537769 0.000000
vn -0.843092 0.537769 0.000000
vn -0.843090 0.537772 0.000000
vn -0.843090 0.537772 0.000000
vn -0.843090 0.537772 0.000000
vn -0.843090 0.537772 0.000000
vn -0.843090 0.537772 0.000000
vn -0.843090 0.537772 0.000000
vn -0.324183 -0.508201 0.797895
vn -0.324183 -0.508201 0.797895
vn -0.324183 -0.508201 0.797895
vn -0.324183 -0.508201 0.797895
vn -0.324183 -0.508201 0.797895
vn -0.324183 -0.508201 0.797895
vn -0.324183 -0.508201 0.797895
vn -0.324183 -0.508201 0.797895
vn -0.324183 -0.508201 0.797895
vn -0.324183 -0.508202 0.797895
vn -0.324183 -0.508202 0.797895
vn -0.324183 -0.508202 0.797895
vn -0.843089 0.537774 0.000000
vn -0.843089 0.537774 0.000000
vn -0.843089 0.537774 0.000000
vn -0.331548 -0.519748 -0.787362
vn -0.331548 -0.519748 -0.787362
vn -0.331548 -0.519748 -0.787362
vn -0.331548 -0.519748 -0.787361
vn -0.331548 -0.519748 -0.787361
vn -0.331548 -0.519748 -0.787361
vn -0.324182 -0.508202 0.797895
vn -0.324182 -0.508202 0.797895
vn -0.324182 -0.508202 0.797895
vn -0.324183 -0.508202 0.797895
vn -0.324183 -0.508202 0.797895
vn -0.324183 -0.508202 0.797895
vn -0.843091 0.537771 0.000000
vn -0.843091 0.537771 0.000000
vn -0.843091 0.537771 0.000000
vn -0.324182 -0.508202 -0.797895
vn -0.324182 -0.508202 -0.797895
vn -0.324182 -0.508202 -0.797895
vn -0.324182 -0.508202 -0.797895
vn -0.324182 -0.508202 -0.797895
vn -0.324182 -0.508202 -0.797895
vn -0.324182 -0.508201 -0.797896
vn -0.324182 -0.508201 -0.797896
vn -0.324182 -0.508201 -0.797896
vn 0.000000 0.000000 1.000000
vn 0.000000 0.000000 1.000000
vn 0.000000 0.000000 1.000000
vn 0.331548 -0.519749 -0.787361
vn 0.331548 -0.519749 -0.787361
vn 0.331548 -0.519749 -0.787361
vn 0.331548 -0.519748 -0.787362
vn 0.331548 -0.519748 -0.787362
vn 0.331548 -0.519748 -0.787362
vn 0.331548 -0.519748 -0.787362
vn 0.331548 -0.519748 -0.787362
vn 0.331548 -0.519748 -0.787362
vn -0.445260 0.284012 -0.849165
vn -0.445260 0.284012 -0.849165
vn -0.445260 0.284012 -0.849165
vn -0.445260 0.284012 -0.849165
vn -0.445260 0.284012 -0.849165
vn -0.445260 0.284012 -0.849165
vn -0.537798 -0.843074 -0.000000
vn -0.537798 -0.843074 -0.000000
vn -0.537798 -0.843074 -0.000000
vn -0.537799 -0.843073 0.000000
vn -0.537799 -0.843073 0.000000
vn -0.537799 -0.843073 0.000000
vn -0.537799 -0.843073 0.000000
vn -0.537799 -0.843073 0.000000
vn -0.537799 -0.843073 0.000000
vn -0.537798 -0.843074 -0.000000
vn -0.537798 -0.843074 -0.000000
vn -0.537798 -0.843074 -0.000000
vn -0.537798 -0.843074 0.000000
vn -0.537798 -0.843074 0.000000
vn -0.537798 -0.843074 0.000000
vn 0.000000 0.000000 0.000000
vn 0.000000 0.000000 0.000000
vn 0.000000 0.000000 0.000000
vn 0.000000 0.000000 1.000000
vn 0.000000 0.000000 1.000000
vn 0.000000 0.000000 1.000000
vn 0.103975 0.994580 0.000001
vn 0.103975 0.994580 0.000001
vn 0.103975 0.994580 0.000001
vn 0.103972 0.994580 -0.000004
vn 0.103972 0.994580 -0.000004
vn 0.103972 0.994580 -0.000004
vn 0.103975 0.994580 0.000001
vn 0.103975 0.994580 0.000001
vn 0.103975 0.994580 0.000001
vn 0.103973 0.994580 0.000001
vn 0.103973 0.994580 0.000001
vn 0.103973 0.994580 0.000001
vn 0.103958 0.994582 0.000000
vn 0.103958 0.994582 0.000000
vn 0.103958 0.994582 0.000000
vn 0.103958 0.994582 0.000000
vn 0.103958 0.994582 0.000000
vn 0.103958 0.994582 0.000000
vn 0.000000 0.000000 0.000000
vn 0.000000 0.000000 0.000000
vn 0.000000 0.000000 0.000000
vn 0.337577 0.941298 0.000000
vn 0.337577 0.941298 0.000000
vn 0.337577 0.941298 0.000000
vn 0.337577 0.941298 0.000000
vn 0.337577 0.941298 0.000000
vn 0.337577 0.941298 0.000000
vn 0.000000 0.000000 0.000000
vn 0.000000 0.000000 0.000000
vn 0.000000 0.000000 0.000000
vn 0.000000 0.000000 0.000000
vn 0.000000 0.000000 0.000000
vn 0.000000 0.000000 0.000000
vn -0.843091 0.537771 0.000000
vn -0.843091 0.537771 0.000000
vn -0.843091 0.537771 0.000000
vn -0.537798 0.843073 0.000000
vn -0.537798 0.843073 0.000000
vn -0.537798 0.843073 0.000000
vn -0.537798 0.843073 0.000000
vn -0.537798 0.843073 0.000000
vn -0.537798 0.843073 0.000000
vn -0.537799 0.843073 0.000000
vn -0.537799 0.843073 0.000000
vn -0.537799 0.843073 0.000000
vn 0.843090 0.537772 0.000000
vn 0.843090 0.537772 0.000000
vn 0.843090 0.537772 0.000000
vn 0.324182 -0.508201 0.797896
vn 0.324182 -0.508201 0.797896
vn 0.324182 -0.508201 0.797896
vn 0.324184 -0.508200 0.797895
vn 0.324184 -0.508200 0.797895
vn 0.324184 -0.508200 0.797895
vn 0.324183 -0.508202 0.797895
vn 0.324183 -0.508202 0.797895
vn 0.324183 -0.508202 0.797895
vn 0.324183 -0.508202 0.797895
vn 0.324183 -0.508202 0.797895
vn 0.324183 -0.508202 0.797895
vn -0.255630 -0.400736 -0.879809
vn -0.255630 -0.400736 -0.879809
vn -0.255630 -0.400736 -0.879809
vn -0.255630 -0.400736 -0.879809
vn -0.255630 -0.400736 -0.879809
vn -0.255630 -0.400736 -0.879809
vn -0.255630 -0.400736 -0.879809
vn -0.255630 -0.400736 -0.879809
vn -0.255630 -0.400736 -0.879809
vn 0.324182 -0.508201 -0.797896
vn 0.324182 -0.508201 -0.797896
vn 0.324182 -0.508201 -0.797896
vn 0.324182 -0.508201 -0.797896
vn 0.324182 -0.508201 -0.797896
vn 0.324182 -0.508201 -0.797896
vn 0.324182 -0.508201 -0.797896
vn 0.324182 -0.508201 -0.797896
vn 0.324182 -0.508201 -0.797896
vn 0.843088 0.537776 0.000000
vn 0.843088 0.537776 0.000000
vn 0.843088 0.537776 0.000000
vn 0.843088 0.537776 0.000000
vn 0.843088 0.537776 0.000000
vn 0.843088 0.537776 0.000000
vn 0.843090 0.537772 0.000000
vn 0.843090 0.537772 0.000000
vn 0.843090 0.537772 0.000000
vn 0.843090 0.537772 0.000000
vn 0.843090 0.537772 0.000000
vn 0.843090 0.537772 0.000000
vn -0.725350 0.462670 0.509709
vn -0.725350 0.462670 0.509709
vn -0.725350 0.462670 0.509709
vn -0.725350 0.462670 0.509709
vn -0.725350 0.462670 0.509709
vn -0.725350 0.462670 0.509709
vn -0.317260 0.948339 0.000000
vn -0.317260 0.948339 0.000000
vn -0.317260 0.948339 0.000000
vn -0.317258 0.948339 0.000000
vn -0.317258 0.948339 0.000000
vn -0.317258 0.948339 0.000000
vn 0.000000 0.000000 0.000000
vn 0.000000 0.000000 0.000000
vn 0.000000 0.000000 0.000000
vn 0.000000 0.000000 0.000000
vn 0.000000 0.000000 0.000000
vn 0.000000 0.000000 0.000000
vn -0.317260 0.948339 0.000000
vn -0.317260 0.948339 0.000000
vn -0.317260 0.948339 0.000000
vn -0.317263 0.948338 -0.000002
vn -0.317263 0.948338 -0.000002
vn -0.317263 0.948338 -0.000002
vn -0.317258 0.948339 0.000000
vn -0.317258 0.948339 0.000000
vn -0.317258 0.948339 0.000000
vn 0.299946 -0.470208 -0.830022
vn 0.299946 -0.470208 -0.830022
vn 0.299946 -0.470208 -0.830022
vn 0.299946 -0.470208 -0.830022
vn 0.299946 -0.470208 -0.830022
vn 0.299946 -0.470208 -0.830022
vn 0.324182 -0.508200 0.797896
vn 0.324182 -0.508200 0.797896
vn 0.324182 -0.508200 0.797896
vn 0.324183 -0.508202 0.797894
vn 0.324183 -0.508202 0.797894
vn 0.324183 -0.508202 0.797894
vn 0.324183 -0.508202 0.797894
vn 0.324183 -0.508202 0.797894
vn 0.324183 -0.508202 0.797894
vn 0.324183 -0.508202 0.797895
vn 0.324183 -0.508202 0.797895
vn 0.324183 -0.508202 0.797895
vn 0.343706 0.219235 -0.913128
vn 0.343706 0.219235 -0.913128
vn 0.343706 0.219235 -0.913128
vn 0.343706 0.219235 -0.913128
vn 0.343706 0.219235 -0.913128
vn 0.343706 0.219235 -0.913128
vn 0.843090 0.537772 0.000000
vn 0.843090 0.537772 0.000000
vn 0.843090 0.537772 0.000000
vn 0.684699 0.436743 -0.583475
vn 0.684699 0.436743 -0.583475
vn 0.684699 0.436743 -0.583475
vn 0.684703 0.436738 -0.583474
vn 0.684703 0.436738 -0.583474
vn 0.684703 0.436738 -0.583474
vn 0.843095 0.537765 0.000000
vn 0.843095 0.537765 0.000000
vn 0.843095 0.537765 0.000000
vn 0.843095 0.537765 0.000000
vn 0.843095 0.537765 0.000000
vn 0.843095 0.537765 0.000000
vn -0.843091 0.537771 0.000000
vn -0.843091 0.537771 0.000000
vn -0.843091 0.537771 0.000000
vn -0.843091 0.537771 0.000000
vn -0.843091 0.537771 0.000000
vn -0.843091 0.537771 0.000000
vn 0.000000 0.000000 0.000000
vn 0.000000 0.000000 0.000000
vn 0.000000 0.000000 0.000000
vn 0.000000 0.000000 0.000000
vn 0.000000 0.000000 0.000000
vn 0.000000 0.000000 0.000000
vn -0.222904 0.974840 0.000000
vn -0.222904 0.974840 0.000000
vn -0.222904 0.974840 0.000000
vn -0.222904 0.974840 0.000000
vn -0.222904 0.974840 0.000000
vn -0.222904 0.974840 0.000000
vn 0.684700 0.436741 -0.583475
vn 0.684700 0.436741 -0.583475
vn 0.684700 0.436741 -0.583475
vn 0.684700 0.436741 -0.583475
vn 0.684700 0.436741 -0.583475
vn 0.684700 0.436741 -0.583475
vn -0.537798 -0.843073 -0.000000
vn -0.537798 -0.843073 -0.000000
vn -0.537798 -0.843073 -0.000000
vn -0.537799 -0.843073 0.000000
vn -0.537799 -0.843073 0.000000
vn -0.537799 -0.843073 0.000000
vn -0.537798 -0.843074 0.000000
vn -0.537798 -0.843074 0.000000
vn -0.537798 -0.843074 0.000000
vn -0.537798 -0.843074 0.000000
vn -0.537798 -0.843074 0.000000
vn -0.537798 -0.843074 0.000000
vn 0.000000 0.000000 1.000000
vn 0.000000 0.000000 1.000000
vn 0.000000 0.000000 1.000000
vn 0.537798 0.843074 0.000000
vn 0.537798 0.843074 0.000000
vn 0.537798 0.843074 0.000000
vn 0.537798 0.843074 0.000000
vn 0.537798 0.843074 0.000000
vn 0.537798 0.843074 0.000000
vn -0.843091 0.537771 0.000000
vn -0.843091 0.537771 0.000000
vn -0.843091 0.537771 0.000000
vn -0.843091 0.537771 0.000000
vn -0.843091 0.537771 0.000000
vn -0.843091 0.537771 0.000000
vn -0.843090 0.537772 0.000000
vn -0.843090 0.537772 0.000000
vn -0.843090 0.537772 0.000000
vn -0.843090 0.537772 0.000000
vn -0.843090 0.537772 0.000000
vn -0.843090 0.537772 0.000000
vn -0.126595 0.991955 0.000000
vn -0.126595 0.991955 0.000000
vn -0.126595 0.991955 0.000000
vn -0.126595 0.991955 0.000000
vn -0.126595 0.991955 0.000000
vn -0.126595 0.991955 0.000000
vn 0.000000 0.000000 0.000000
vn 0.000000 0.000000 0.000000
vn 0.000000 0.000000 0.000000
vn 0.000000 0.000000 0.000000
vn 0.000000 0.000000 0.000000
vn 0.000000 0.000000 0.000000
vn -0.843089 0.537774 0.000000
vn -0.843089 0.537774 0.000000
vn -0.843089 0.537774 0.000000
vn 0.343721 0.219245 -0.913120
vn 0.343721 0.219245 -0.913120
vn 0.343721 0.219245 -0.913120
vn 0.343721 0.219244 -0.913120
vn 0.343721 0.219244 -0.913120
vn 0.343721 0.219244 -0.913120
vn -0.843092 0.537770 0.000000
vn -0.843092 0.537770 0.000000
vn -0.843092 0.537770 0.000000
vn -0.843091 0.537771 0.000000
vn -0.843091 0.537771 0.000000
vn -0.843091 0.537771 0.000000
vn 0.008264 -0.012955 0.999882
vn 0.008264 -0.012955 0.999882
vn 0.008264 -0.012955 0.999882
vn 0.000000 0.000000 0.000000
vn 0.000000 0.000000 0.000000
vn 0.000000 0.000000 0.000000
vn 0.052419 0.998625 0.000000
vn 0.052419 0.998625 0.000000
vn 0.052419 0.998625 0.000000
vn 0.052419 0.998625 0.000000
vn 0.052419 0.998625 0.000000
vn 0.052419 0.998625 0.000000
vn 0.052419 0.998625 0.000000
vn 0.052419 0.998625 0.000000
vn 0.052419 0.998625 0.000000
vn -0.537798 -0.843074 0.000000
vn -0.537798 -0.843074 0.000000
vn -0.537798 -0.843074 0.000000
vn -0.537798 -0.843074 0.000000
vn -0.537798 -0.843074 0.000000
vn -0.537798 -0.843074 0.000000
vn -0.537798 -0.843074 0.000000
vn -0.537798 -0.843074 0.000000
vn -0.537798 -0.843074 0.000000
vn -1.000000 0.000000 0.000000
vn -1.000000 0.000000 0.000000
vn -1.000000 0.000000 0.000000
vn -1.000000 0.000000 0.000000
vn -1.000000 0.000000 0.000000
vn -1.000000 0.000000 0.000000
vn -0.537798 -0.843073 -0.000001
vn -0.537798 -0.843073 -0.000001
vn -0.537798 -0.843073 -0.000001
vn 0.292528 0.956257 0.000000
vn 0.292528 0.956257 0.000000
vn 0.292528 0.956257 0.000000
vn 0.292528 0.956257 0.000000
vn 0.292528 0.956257 0.000000
vn 0.292528 0.956257 0.000000
vn 0.000000 0.000000 0.000000
vn 0.000000 0.000000 0.000000
vn 0.000000 0.000000 0.000000
vn 0.000000 0.000000 0.000000
vn 0.000000 0.000000 0.000000
vn 0.000000 0.000000 0.000000
vn -0.537798 -0.843074 0.000000
vn -0.537798 -0.843074 0.000000
vn -0.537798 -0.843074 0.000000
vn -0.537801 -0.843072 0.000000
vn -0.537801 -0.843072 0.000000
vn -0.537801 -0.843072 0.000000
vn -0.537799 -0.843073 0.000003
vn -0.537799 -0.843073 0.000003
vn -0.537799 -0.843073 0.000003
vn -0.537798 -0.843074 0.000000
vn -0.537798 -0.843074 0.000000
vn -0.537798 -0.843074 0.000000
vn -0.537798 -0.843074 0.000000
vn -0.537798 -0.843074 0.000000
vn -0.537798 -0.843074 0.000000
vn 0.000000 0.000000 0.000000
vn 0.000000 0.000000 0.000000
vn 0.000000 0.000000 0.000000
vn -0.843091 0.537771 0.000000
vn -0.843091 0.537771 0.000000
vn -0.843091 0.537771 0.000000
vn 0.537798 0.843074 0.000000
vn 0.537798 0.843074 0.000000
vn 0.537798 0.843074 0.000000
vn 0.537798 0.843074 0.000000
vn 0.537798 0.843074 0.000000
vn 0.537798 0.843074 0.000000
vn 0.537798 0.843074 0.000001
vn 0.537798 0.843074 0.000001
vn 0.537798 0.843074 0.000001
vn 0.537798 0.843073 0.000000
vn 0.537798 0.843073 0.000000
vn 0.537798 0.843073 0.000000
vn 0.537798 0.843073 0.000000
vn 0.537798 0.843073 0.000000
vn 0.537798 0.843073 0.000000
vn 0.000000 0.000000 0.000000
vn 0.000000 0.000000 0.000000
vn 0.000000 0.000000 0.000000
vn -0.052420 0.998625 0.000000
vn -0.052420 0.998625 0.000000
vn -0.052420 0.998625 0.000000
vn -0.052420 0.998625 0.000000
vn -0.052420 0.998625 0.000000
vn -0.052420 0.998625 0.000000
vn -0.052420 0.998625 0.000000
vn -0.052420 0.998625 0.000000
vn -0.052420 0.998625 0.000000
vn -0.537798 -0.843074 0.000000
vn -0.537798 -0.843074 0.000000
vn -0.537798 -0.843074 0.000000
vn -0.537798 -0.843074 0.000000
vn -0.537798 -0.843074 0.000000
vn -0.537798 -0.843074 0.000000
vn -0.843091 0.537771 0.000000
vn -0.843091 0.537771 0.000000
vn -0.843091 0.537771 0.000000
vn -0.537798 -0.843074 0.000000
vn -0.537798 -0.843074 0.000000
vn -0.537798 -0.843074 0.000000
vn -0.537798 -0.843074 0.000000
vn -0.537798 -0.843074 0.000000
vn -0.537798 -0.843074 0.000000
vn -0.537799 -0.843073 0.000000
vn -0.537799 -0.843073 0.000000
vn -0.537799 -0.843073 0.000000
vn -0.537799 -0.843073 0.000000
vn -0.537799 -0.843073 0.000000
vn -0.537799 -0.843073 0.000000
vn -0.537798 -0.843074 0.000000
vn -0.537798 -0.843074 0.000000
vn -0.537798 -0.843074 0.000000
vn -0.537798 -0.843074 0.000000
vn -0.537798 -0.843074 0.000000
vn -0.537798 -0.843074 0.000000
vn -0.843091 0.537771 0.000000
vn -0.843091 0.537771 0.000000
vn -0.843091 0.537771 0.000000
vn -0.537798 -0.843074 0.000000
vn -0.537798 -0.843074 0.000000
vn -0.537798 -0.843074 0.000000
vn -0.537798 -0.843074 0.000000
vn -0.537798 -0.843074 0.000000
vn -0.537798 -0.843074 0.000000
vn -0.537798 -0.843074 0.000000
vn -0.537798 -0.843074 0.000000
vn -0.537798 -0.843074 0.000000
vn -0.537798 -0.843074 0.000000
vn -0.537798 -0.843074 0.000000
vn -0.537798 -0.843074 0.000000
vn -0.537798 -0.843074 0.000000
vn -0.537798 -0.843074 0.000000
vn -0.537798 -0.843074 0.000000
vn 0.000000 0.000000 0.000000
vn 0.000000 0.000000 0.000000
vn 0.000000 0.000000 0.000000
vn 0.354541 0.935041 0.000000
vn 0.354541 0.935041 0.000000
vn 0.354541 0.935041 0.000000
vn 0.354542 0.935040 0.000001
vn 0.354542 0.935040 0.000001
vn 0.354542 0.935040 0.000001
vn 0.354540 0.935041 0.000004
vn 0.354540 0.935041 0.000004
vn 0.354540 0.935041 0.000004
vn 0.354542 0.935040 0.000000
vn 0.354542 0.935040 0.000000
vn 0.354542 0.935040 0.000000
vn 0.354541 0.935041 0.000000
vn 0.354541 0.935041 0.000000
vn 0.354541 0.935041 0.000000
vn 0.354542 0.935040 -0.000001
vn 0.354542 0.935040 -0.000001
vn 0.354542 0.935040 -0.000001
vn 0.354543 0.935040 0.000000
vn 0.354543 0.935040 0.000000
vn 0.354543 0.935040 0.000000
vn 0.354542 0.935040 -0.000001
vn 0.354542 0.935040 -0.000001
vn 0.354542 0.935040 -0.000001
vn 0.000000 0.000000 0.000000
vn 0.000000 0.000000 0.000000
vn 0.000000 0.000000 0.000000
vn -0.613352 0.391233 -0.686102
vn -0.613352 0.391233 -0.686102
vn -0.613352 0.391233 -0.686102
vn -0.613352 0.391231 -0.686103
vn -0.613352 0.391231 -0.686103
vn -0.613352 0.391231 -0.686103
vn -0.492440 0.314105 -0.811690
vn -0.492440 0.314105 -0.811690
vn -0.492440 0.314105 -0.811690
vn -0.492440 0.314107 -0.811690
vn -0.492440 0.314107 -0.811690
vn -0.492440 0.314107 -0.811690
vn 0.537798 -0.843074 0.000000
vn 0.537798 -0.843074 0.000000
vn 0.537798 -0.843074 0.000000
vn 0.000000 0.000000 0.000000
vn 0.000000 0.000000 0.000000
vn 0.000000 0.000000 0.000000
vn 0.537798 -0.843074 0.000000
vn 0.537798 -0.843074 0.000000
vn 0.537798 -0.843074 0.000000
vn 0.537798 -0.843074 0.000000
vn 0.537798 -0.843074 0.000000
vn 0.537798 -0.843074 0.000000
vn 0.537799 -0.843073 0.000000
vn 0.537799 -0.843073 0.000000
vn 0.537799 -0.843073 0.000000
vn -0.677271 0.432003 0.595548
vn -0.677271 0.432003 0.595548
vn -0.677271 0.432003 0.595548
vn -0.677271 0.432003 0.595548
vn -0.677271 0.432003 0.595548
vn -0.677271 0.432003 0.595548
vn 0.689773 0.439977 -0.575008
vn 0.689773 0.439977 -0.575008
vn 0.689773 0.439977 -0.575008
vn 0.689773 0.439977 -0.575008
vn 0.689773 0.439977 -0.575008
vn 0.689773 0.439977 -0.575008
vn 0.000000 0.000000 1.000000
vn 0.000000 0.000000 1.000000
vn 0.000000 0.000000 1.000000
vn 0.000000 1.000000 0.000000
vn 0.000000 1.000000 0.000000
vn 0.000000 1.000000 0.000000
vn 0.000000 1.000000 0.000000
vn 0.000000 1.000000 0.000000
vn 0.000000 1.000000 0.000000
vn 0.305527 0.952183 0.000000
vn 0.305527 0.952183 0.000000
vn 0.305527 0.952183 0.000000
vn 0.305528 0.952183 0.000000
vn 0.305528 0.952183 0.000000
vn 0.305528 0.952183 0.000000
vn 0.305527 0.952183 0.000000
vn 0.305527 0.952183 0.000000
vn 0.305527 0.952183 0.000000
vn 0.000000 0.000000 0.000000
vn 0.000000 0.000000 0.000000
vn 0.000000 0.000000 0.000000
vn 0.000000 0.000000 0.000000
vn 0.000000 0.000000 0.000000
vn 0.000000 0.000000 0.000000
vn 0.305528 0.952183 0.000000
vn 0.305528 0.952183 0.000000
vn 0.305528 0.952183 0.000000
vn 0.305528 0.952183 0.000000
vn 0.305528 0.952183 0.000000
vn 0.305528 0.952183 0.000000
vn 0.337577 0.941298 0.000000
vn 0.337577 0.941298 0.000000
vn 0.337577 0.941298 0.000000
vn 0.337577 0.941298 0.000000
vn 0.337577 0.941298 0.000000
vn 0.337577 0.941298 0.000000
vn 0.000000 0.000000 0.000000
vn 0.000000 0.000000 0.000000
vn 0.000000 0.000000 0.000000
vn 0.000000 0.000000 0.000000
vn 0.000000 0.000000 0.000000
vn 0.000000 0.000000 0.000000
vn -0.843091 0.537771 0.000000
vn -0.843091 0.537771 0.000000
vn -0.843091 0.537771 0.000000
vn 0.285403 0.182047 -0.940959
vn 0.285403 0.182047 -0.940959
vn 0.285403 0.182047 -0.940959
vn -0.362844 -0.568809 0.738106
vn -0.362844 -0.568809 0.738106
vn -0.362844 -0.568809 0.738106
vn -0.362844 -0.568809 0.738106
vn -0.362844 -0.568809 0.738106
vn -0.362844 -0.568809 0.738106
vn -0.843092 0.537769 0.000000
vn -0.843092 0.537769 0.000000
vn -0.843092 0.537769 0.000000
vn 0.000000 0.000000 1.000000
vn 0.000000 0.000000 1.000000
vn 0.000000 0.000000 1.000000
vn -0.843091 0.537771 0.000000
vn -0.843091 0.537771 0.000000
vn -0.843091 0.537771 0.000000
vn -0.843090 0.537772 -0.000003
vn -0.843090 0.537772 -0.000003
vn -0.843090 0.537772 -0.000003
vn -0.843092 0.537770 0.000003
vn -0.843092 0.537770 0.000003
vn -0.843092 0.537770 0.000003
vn 0.647747 0.413171 0.640089
vn 0.647747 0.413171 0.640089
vn 0.647747 0.413171 0.640089
vn 0.647747 0.413171 0.640089
vn 0.647747 0.413171 0.640089
vn 0.647747 0.413171 0.640089
vn -0.324183 -0.508202 -0.797895
vn -0.324183 -0.508202 -0.797895
vn -0.324183 -0.508202 -0.797895
vn -0.324183 -0.508202 -0.797895
vn -0.324183 -0.508202 -0.797895
vn -0.324183 -0.508202 -0.797895
vn 0.000000 0.000000 1.000000
vn 0.000000 0.000000 1.000000
vn 0.000000 0.000000 1.000000
vn 0.537798 -0.843074 0.000000
vn 0.537798 -0.843074 0.000000
vn 0.537798 -0.843074 0.000000
vn 0.537798 -0.843074 0.000000
vn 0.537798 -0.843074 0.000000
vn 0.537798 -0.843074 0.000000
vn 0.537798 -0.843074 0.000000
vn 0.537798 -0.843074 0.000000
vn 0.537798 -0.843074 0.000000
vn 0.537798 -0.843074 0.000000
vn 0.537798 -0.843074 0.000000
vn 0.537798 -0.843074 0.000000
vn -0.608960 0.388430 0.691585
vn -0.608960 0.388430 0.691585
vn -0.608960 0.388430 0.691585
vn -0.608960 0.388430 0.691585
vn -0.608960 0.388430 0.691585
vn -0.608960 0.388430 0.691585
vn 0.843090 0.537772 0.000000
vn 0.843090 0.537772 0.000000
vn 0.843090 0.537772 0.000000
vn 0.843090 0.537772 -0.000000
vn 0.843090 0.537772 -0.000000
vn 0.843090 0.537772 -0.000000
vn 0.554112 0.353445 -0.753682
vn 0.554112 0.353445 -0.753682
vn 0.554112 0.353445 -0.753682
vn 0.554112 0.353445 -0.753682
vn 0.554112 0.353445 -0.753682
vn 0.554112 0.353445 -0.753682
vn 0.843091 0.537772 0.000000
vn 0.843091 0.537772 0.000000
vn 0.843091 0.537772 0.000000
vn 0.843095 0.537765 0.000000
vn 0.843095 0.537765 0.000000
vn 0.843095 0.537765 0.000000
vn -0.843091 0.537771 0.000000
vn -0.843091 0.537771 0.000000
vn -0.843091 0.537771 0.000000
vn -0.324182 -0.508201 -0.797895
vn -0.324182 -0.508201 -0.797895
vn -0.324182 -0.508201 -0.797895
vn -0.324182 -0.508202 -0.797895
vn -0.324182 -0.508202 -0.797895
vn -0.324182 -0.508202 -0.797895
vn -0.324182 -0.508202 -0.797895
vn -0.324182 -0.508202 -0.797895
vn -0.324182 -0.508202 -0.797895
vn -0.156670 0.099933 -0.982582
vn -0.156670 0.099933 -0.982582
vn -0.156670 0.099933 -0.982582
vn -0.156670 0.099933 -0.982582
vn -0.156670 0.099933 -0.982582
vn -0.156670 0.099933 -0.982582
vn -0.843091 0.537771 0.000000
vn -0.843091 0.537771 0.000000
vn -0.843091 0.537771 0.000000
vn -0.843091 0.537771 0.000000
vn -0.843091 0.537771 0.000000
vn -0.843091 0.537771 0.000000
vn -0.843082 -0.537784 0.000000
vn -0.843082 -0.537784 0.000000
vn -0.843082 -0.537784 0.000000
vn -0.843091 -0.537771 0.000000
vn -0.843091 -0.537771 0.000000
vn -0.843091 -0.537771 0.000000
vn -0.843092 -0.537770 0.000000
vn -0.843092 -0.537770 0.000000
vn -0.843092 -0.537770 0.000000
vn -0.843091 -0.537771 0.000000
vn -0.843091 -0.537771 0.000000
vn -0.843091 -0.537771 0.000000
vn -0.843091 -0.537771 0.000000
vn -0.843091 -0.537771 0.000000
vn -0.843091 -0.537771 0.000000
vn -0.331549 -0.519749 0.787360
vn -0.331549 -0.519749 0.787360
vn -0.331549 -0.519749 0.787360
vn -0.331549 -0.519749 0.787360
vn -0.331549 -0.519749 0.787360
vn -0.331549 -0.519749 0.787360
vn -0.331549 -0.519749 0.787361
vn -0.331549 -0.519749 0.787361
vn -0.331549 -0.519749 0.787361
vn -0.331549 -0.519750 0.787360
vn -0.331549 -0.519750 0.787360
vn -0.331549 -0.519750 0.787360
vn 0.000000 0.000000 1.000000
vn 0.000000 0.000000 1.000000
vn 0.000000 0.000000 1.000000
vn 0.000000 0.000000 1.000000
vn 0.000000 0.000000 1.000000
vn 0.000000 0.000000 1.000000
vn -0.331548 -0.519748 -0.787361
vn -0.331548 -0.519748 -0.787361
vn -0.331548 -0.519748 -0.787361
vn -0.331548 -0.519748 -0.787361
vn -0.331548 -0.519748 -0.787361
vn -0.331548 -0.519748 -0.787361
vn 0.000000 0.000000 0.000000
vn 0.000000 0.000000 0.000000
vn 0.000000 0.000000 0.000000
vn 0.000000 0.000000 0.000000
vn 0.000000 0.000000 0.000000
vn 0.000000 0.000000 0.000000
vn 0.000000 0.000000 0.000000
vn 0.000000 0.000000 0.000000
vn 0.000000 0.000000 0.000000
vn -0.103978 0.994580 0.000000
vn -0.103978 0.994580 0.000000
vn -0.103978 0.994580 0.000000
vn -0.103978 0.994580 0.000000
vn -0.103978 0.994580 0.000000
vn -0.103978 0.994580 0.000000
vn -0.843091 0.537771 0.000000
vn -0.843091 0.537771 0.000000
vn -0.843091 0.537771 0.000000
vn -0.843091 0.537771 0.000000
vn -0.843091 0.537771 0.000000
vn -0.843091 0.537771 0.000000
vn 0.843090 0.537772 0.000000
vn 0.843090 0.537772 0.000000
vn 0.843090 0.537772 0.000000
vn -0.537798 0.843073 0.000000
vn -0.537798 0.843073 0.000000
vn -0.537798 0.843073 0.000000
vn -0.537798 0.843074 0.000001
vn -0.537798 0.843074 0.000001
vn -0.537798 0.843074 0.000001
vn -0.537798 0.843074 0.000000
vn -0.537798 0.843074 0.000000
vn -0.537798 0.843074 0.000000
vn -0.537798 0.843074 0.000000
vn -0.537798 0.843074 0.000000
vn -0.537798 0.843074 0.000000
vn -0.537798 0.843073 0.000000
vn -0.537798 0.843073 0.000000
vn -0.537798 0.843073 0.000000
vn 0.331548 -0.519748 -0.787361
vn 0.331548 -0.519748 -0.787361
vn 0.331548 -0.519748 -0.787361
vn 0.331548 -0.519748 -0.787361
vn 0.331548 -0.519748 -0.787361
vn 0.331548 -0.519748 -0.787361
vn 0.331548 -0.519748 -0.787362
vn 0.331548 -0.519748 -0.787362
vn 0.331548 -0.519748 -0.787362
vn -0.537798 -0.843074 0.000000
vn -0.537798 -0.843074 0.000000
vn -0.537798 -0.843074 0.000000
vn -0.537798 -0.843074 0.000000
vn -0.537798 -0.843074 0.000000
vn -0.537798 -0.843074 0.000000
vn -0.537798 -0.843074 0.000000
vn -0.537798 -0.843074 0.000000
vn -0.537798 -0.843074 0.000000
vn -0.537798 -0.843074 0.000000
vn -0.537798 -0.843074 0.000000
vn -0.537798 -0.843074 0.000000
vn 0.000000 0.000000 0.000000
vn 0.000000 0.000000 0.000000
vn 0.000000 0.000000 0.000000
vn 0.000000 0.000000 0.000000
vn 0.000000 0.000000 0.000000
vn 0.000000 0.000000 0.000000
vn -0.537798 -0.843074 0.000001
vn -0.537798 -0.843074 0.000001
vn -0.537798 -0.843074 0.000001
vn -0.537798 -0.843074 -0.000000
vn -0.537798 -0.843074 -0.000000
vn -0.537798 -0.843074 -0.000000
vn -0.537798 -0.843074 -0.000000
vn -0.537798 -0.843074 -0.000000
vn -0.537798 -0.843074 -0.000000
vn -0.537798 -0.843074 0.000000
vn -0.537798 -0.843074 0.000000
vn -0.537798 -0.843074 0.000000
vn -0.537798 -0.843074 0.000000
vn -0.537798 -0.843074 0.000000
vn -0.537798 -0.843074 0.000000
vn 0.000000 0.000000 0.000000
vn 0.000000 0.000000 0.000000
vn 0.000000 0.000000 0.000000
vn -0.052420 0.998625 0.000000
vn -0.052420 0.998625 0.000000
vn -0.052420 0.998625 0.000000
vn -0.052420 0.998625 0.000000
vn -0.052420 0.998625 0.000000
vn -0.052420 0.998625 0.000000
vn -0.052420 0.998625 0.000000
vn -0.052420 0.998625 0.000000
vn -0.052420 0.998625 0.000000
vn 0.000000 0.000000 0.000000
vn 0.000000 0.000000 0.000000
vn 0.000000 0.000000 0.000000
vn -0.537798 -0.843074 0.000000
vn -0.537798 -0.843074 0.000000
vn -0.537798 -0.843074 0.000000
vn -0.537798 -0.843074 -0.000000
vn -0.537798 -0.843074 -0.000000
vn -0.537798 -0.843074 -0.000000
vn -0.537798 -0.843074 0.000000
vn -0.537798 -0.843074 0.000000
vn -0.537798 -0.843074 0.000000
vn -0.537798 -0.843074 0.000000
vn -0.537798 -0.843074 0.000000
vn -0.537798 -0.843074 0.000000
vn -0.537798 -0.843074 0.000000
vn -0.537798 -0.843074 0.000000
vn -0.537798 -0.843074 0.000000
vn -0.537798 -0.843074 -0.000000
vn -0.537798 -0.843074 -0.000000
vn -0.537798 -0.843074 -0.000000
vn -0.843091 0.537771 0.000000
vn -0.843091 0.537771 0.000000
vn -0.843091 0.537771 0.000000
vn -0.769497 0.490830 0.408609
vn -0.769497 0.490830 0.408609
vn -0.769497 0.490830 0.408609
vn -0.769498 0.490829 0.408608
vn -0.769498 0.490829 0.408608
vn -0.769498 0.490829 0.408608
vn 0.000000 0.000000 1.000000
vn 0.000000 0.000000 1.000000
vn 0.000000 0.000000 1.000000
vn 0.000000 0.000000 1.000000
vn 0.000000 0.000000 1.000000
vn 0.000000 0.000000 1.000000
vn -0.843090 0.537772 0.000000
vn -0.843090 0.537772 0.000000
vn -0.843090 0.537772 0.000000
vn -0.331548 -0.519748 -0.787361
vn -0.331548 -0.519748 -0.787361
vn -0.331548 -0.519748 -0.787361
vn -0.331548 -0.519748 -0.787361
vn -0.331548 -0.519748 -0.787361
vn -0.331548 -0.519748 -0.787361
vn 0.278051 0.960566 0.000000
vn 0.278051 0.960566 0.000000
vn 0.278051 0.960566 0.000000
vn 0.278051 0.960566 0.000000
vn 0.278051 0.960566 0.000000
vn 0.278051 0.960566 0.000000
vn 0.000000 0.000000 0.000000
vn 0.000000 0.000000 0.000000
vn 0.000000 0.000000 0.000000
vn 0.278051 0.960566 0.000000
vn 0.278051 0.960566 0.000000
vn 0.278051 0.960566 0.000000
vn 0.843090 0.537772 0.000000
vn 0.843090 0.537772 0.000000
vn 0.843090 0.537772 0.000000
vn 0.843090 0.537772 -0.000000
vn 0.843090 0.537772 -0.000000
vn 0.843090 0.537772 -0.000000
vn -0.843091 0.537771 0.000000
vn -0.843091 0.537771 0.000000
vn -0.843091 0.537771 0.000000
vn -0.537798 -0.843074 0.000000
vn -0.537798 -0.843074 0.000000
vn -0.537798 -0.843074 0.000000
vn -0.537799 -0.843073 -0.000001
vn -0.537799 -0.843073 -0.000001
vn -0.537799 -0.843073 -0.000001
vn -0.537798 -0.843074 0.000000
vn -0.537798 -0.843074 0.000000
vn -0.537798 -0.843074 0.000000
vn -0.537798 -0.843073 0.000003
vn -0.537798 -0.843073 0.000003
vn -0.537798 -0.843073 0.000003
vn -0.537798 -0.843074 -0.000001
vn -0.537798 -0.843074 -0.000001
vn -0.537798 -0.843074 -0.000001
vn -0.537798 -0.843074 0.000000
vn -0.537798 -0.843074 0.000000
vn -0.537798 -0.843074 0.000000
vn -0.537799 -0.843073 0.000000
vn -0.537799 -0.843073 0.000000
vn -0.537799 -0.843073 0.000000
vn -0.537797 -0.843075 0.000000
vn -0.537797 -0.843075 0.000000
vn -0.537797 -0.843075 0.000000
vn -0.331548 -0.519749 0.787361
vn -0.331548 -0.519749 0.787361
vn -0.331548 -0.519749 0.787361
vn -0.331548 -0.519748 0.787361
vn -0.331548 -0.519748 0.787361
vn -0.331548 -0.519748 0.787361
vn -0.331549 -0.519748 0.787361
vn -0.331549 -0.519748 0.787361
vn -0.331549 -0.519748 0.787361
vn -0.331548 -0.519749 0.787360
vn -0.331548 -0.519749 0.787360
vn -0.331548 -0.519749 0.787360
vn 0.000000 0.000000 0.000000
vn 0.000000 0.000000 0.000000
vn 0.000000 0.000000 0.000000
vn -0.103976 0.994580 0.000000
vn -0.103976 0.994580 0.000000
vn -0.103976 0.994580 0.000000
vn -0.103976 0.994580 0.000000
vn -0.103976 0.994580 0.000000
vn -0.103976 0.994580 0.000000
vn -0.103976 0.994580 0.000000
vn -0.103976 0.994580 0.000000
vn -0.103976 0.994580 0.000000
vn -0.324183 -0.508201 -0.797895
vn -0.324183 -0.508201 -0.797895
vn -0.324183 -0.508201 -0.797895
vn -0.324183 -0.508202 -0.797895
vn -0.324183 -0.508202 -0.797895
vn -0.324183 -0.508202 -0.797895
vn -0.299946 -0.470207 -0.830023
vn -0.299946 -0.470207 -0.830023
vn -0.299946 -0.470207 -0.830023
vn -0.299946 -0.470207 -0.830023
vn -0.299946 -0.470207 -0.830023
vn -0.299946 -0.470207 -0.830023
vn 0.843090 0.537772 0.000000
vn 0.843090 0.537772 0.000000
vn 0.843090 0.537772 0.000000
vn 0.766056 0.642774 0.000000
vn 0.766056 0.642774 0.000000
vn 0.766056 0.642774 0.000000
vn 0.766056 0.642775 0.000000
vn 0.766056 0.642775 0.000000
vn 0.766056 0.642775 0.000000
vn 0.766055 0.642775 -0.000000
vn 0.766055 0.642775 -0.000000
vn 0.766055 0.642775 -0.000000
vn -0.843092 0.537769 0.000000
vn -0.843092 0.537769 0.000000
vn -0.843092 0.537769 0.000000
vn -0.317261 0.948338 0.000000
vn -0.317261 0.948338 0.000000
vn -0.317261 0.948338 0.000000
vn -0.317261 0.948338 0.000000
vn -0.317261 0.948338 0.000000
vn -0.317261 0.948338 0.000000
vn 0.000000 0.000000 0.000000
vn 0.000000 0.000000 0.000000
vn 0.000000 0.000000 0.000000
vn -0.317261 0.948338 0.000000
vn -0.317261 0.948338 0.000000
vn -0.317261 0.948338 0.000000
vn -0.317261 0.948338 0.000000
vn -0.317261 0.948338 0.000000
vn -0.317261 0.948338 0.000000
vn -0.317261 0.948338 0.000000
vn -0.317261 0.948338 0.000000
vn -0.317261 0.948338 0.000000
vn -0.317261 0.948338 0.000000
vn -0.317261 0.948338 0.000000
vn -0.317261 0.948338 0.000000
vn 0.248597 -0.389710 0.886750
vn 0.248597 -0.389710 0.886750
vn 0.248597 -0.389710 0.886750
vn 0.248595 -0.389707 0.886752
vn 0.248595 -0.389707 0.886752
vn 0.248595 -0.389707 0.886752
vn 0.248595 -0.389707 0.886752
vn 0.248595 -0.389707 0.886752
vn 0.248595 -0.389707 0.886752
vn 0.248596 -0.389709 0.886751
vn 0.248596 -0.389709 0.886751
vn 0.248596 -0.389709 0.886751
vn 0.766056 0.642774 0.000000
vn 0.766056 0.642774 0.000000
vn 0.766056 0.642774 0.000000
vn 0.766056 0.642774 0.000000
vn 0.766056 0.642774 0.000000
vn 0.766056 0.642774 0.000000
vn 0.766056 0.642774 0.000000
vn 0.766056 0.642774 0.000000
vn 0.766056 0.642774 0.000000
vn 0.766056 0.642774 -0.000001
vn 0.766056 0.642774 -0.000001
vn 0.766056 0.642774 -0.000001
vn 0.766056 0.642774 0.000000
vn 0.766056 0.642774 0.000000
vn 0.766056 0.642774 0.000000
vn 0.766056 0.642774 0.000000
vn 0.766056 0.642774 0.000000
vn 0.766056 0.642774 0.000000
vn 0.766056 0.642774 0.000000
vn 0.766056 0.642774 0.000000
vn 0.766056 0.642774 0.000000
vn 0.766055 0.642775 -0.000007
vn 0.766055 0.642775 -0.000007
vn 0.766055 0.642775 -0.000007
vn 0.766055 0.642775 -0.000003
vn 0.766055 0.642775 -0.000003
vn 0.766055 0.642775 -0.000003
vn 0.766056 0.642774 0.000014
vn 0.766056 0.642774 0.000014
vn 0.766056 0.642774 0.000014
vn 0.766055 0.642775 -0.000000
vn 0.766055 0.642775 -0.000000
vn 0.766055 0.642775 -0.000000
vn 0.766055 0.642775 -0.000028
vn 0.766055 0.642775 -0.000028
vn 0.766055 0.642775 -0.000028
vn 0.766056 0.642774 0.000012
vn 0.766056 0.642774 0.000012
vn 0.766056 0.642774 0.000012
vn 0.766055 0.642775 0.000000
vn 0.766055 0.642775 0.000000
vn 0.766055 0.642775 0.000000
vn 0.766056 0.642774 0.000024
vn 0.766056 0.642774 0.000024
vn 0.766056 0.642774 0.000024
vn 0.766055 0.642775 -0.000056
vn 0.766055 0.642775 -0.000056
vn 0.766055 0.642775 -0.000056
vn 0.766055 0.642775 -0.000002
vn 0.766055 0.642775 -0.000002
vn 0.766055 0.642775 -0.000002
vn 0.766056 0.642774 0.000000
vn 0.766056 0.642774 0.000000
vn 0.766056 0.642774 0.000000
vn 0.766055 0.642775 0.000000
vn 0.766055 0.642775 0.000000
vn 0.766055 0.642775 0.000000
vn 0.766056 0.642774 0.000000
vn 0.766056 0.642774 0.000000
vn 0.766056 0.642774 0.000000
vn 0.766056 0.642774 0.000000
vn 0.766056 0.642774 0.000000
vn 0.766056 0.642774 0.000000
vn 0.000000 0.000000 1.000000
vn 0.000000 0.000000 1.000000
vn 0.000000 0.000000 1.000000
vn 0.000000 0.000000 1.000000
vn 0.000000 0.000000 1.000000
vn 0.000000 0.000000 1.000000
vn 0.000000 -0.000000 -1.000000
vn 0.000000 -0.000000 -1.000000
vn 0.000000 -0.000000 -1.000000
vn 0.000000 -0.000000 -1.000000
vn 0.000000 -0.000000 -1.000000
vn 0.000000 -0.000000 -1.000000
vn 0.000000 0.000000 1.000000
vn 0.000000 0.000000 1.000000
vn 0.000000 0.000000 1.000000
vn 0.000000 0.000000 1.000000
vn 0.000000 0.000000 1.000000
vn 0.000000 0.000000 1.000000
vn 0.000000 -0.000000 -1.000000
vn 0.000000 -0.000000 -1.000000
vn 0.000000 -0.000000 -1.000000
vn 0.000000 0.000000 1.000000
vn 0.000000 0.000000 1.000000
vn 0.000000 0.000000 1.000000
vn 0.000000 -0.000000 -1.000000
vn 0.000000 -0.000000 -1.000000
vn 0.000000 -0.000000 -1.000000
vn 0.000000 0.000000 1.000000
vn 0.000000 0.000000 1.000000
vn 0.000000 0.000000 1.000000
vn 0.766055 0.642775 0.000000
vn 0.766055 0.642775 0.000000
vn 0.766055 0.642775 0.000000
vn 0.766056 0.642774 0.000000
vn 0.766056 0.642774 0.000000
vn 0.766056 0.642774 0.000000
vn 0.766056 0.642774 0.000000
vn 0.766056 0.642774 0.000000
vn 0.766056 0.642774 0.000000
vn 0.766056 0.642774 0.000000
vn 0.766056 0.642774 0.000000
vn 0.766056 0.642774 0.000000
vn 0.766056 0.642774 0.000000
vn 0.766056 0.642774 0.000000
vn 0.766056 0.642774 0.000000
vn 0.766056 0.642774 0.000000
vn 0.766056 0.642774 0.000000
vn 0.766056 0.642774 0.000000
vn 0.766056 0.642774 0.000000
vn 0.766056 0.642774 0.000000
vn 0.766056 0.642774 0.000000
vn 0.766055 0.642775 -0.000000
vn 0.766055 0.642775 -0.000000
vn 0.766055 0.642775 -0.000000
vn 0.766055 0.642775 -0.000000
vn 0.766055 0.642775 -0.000000
vn 0.766055 0.642775 -0.000000
vn 0.766056 0.642774 0.000000
vn 0.766056 0.642774 0.000000
vn 0.766056 0.642774 0.000000
vn 0.766056 0.642774 0.000000
vn 0.766056 0.642774 0.000000
vn 0.766056 0.642774 0.000000
vn 0.103976 0.994580 0.000000
vn 0.103976 0.994580 0.000000
vn 0.103976 0.994580 0.000000
vn 0.103976 0.994580 0.000000
vn 0.103976 0.994580 0.000000
vn 0.103976 0.994580 0.000000
vn 0.000000 0.000000 0.000000
vn 0.000000 0.000000 0.000000
vn 0.000000 0.000000 0.000000
vn 0.000000 0.000000 0.000000
vn 0.000000 0.000000 0.000000
vn 0.000000 0.000000 0.000000
vn 0.000000 0.000000 0.000000
vn 0.000000 0.000000 0.000000
vn 0.000000 0.000000 0.000000
vn -0.215884 0.976419 0.000000
vn -0.215884 0.976419 0.000000
vn -0.215884 0.976419 0.000000
vn -0.215884 0.976419 0.000000
vn -0.215884 0.976419 0.000000
vn -0.215884 0.976419 0.000000
vn 0.000000 0.000000 0.000000
vn 0.000000 0.000000 0.000000
vn 0.000000 0.000000 0.000000
vn 0.000000 0.000000 0.000000
vn 0.000000 0.000000 0.000000
vn 0.000000 0.000000 0.000000
vn -0.843090 0.537772 0.000000
vn -0.843090 0.537772 0.000000
vn -0.843090 0.537772 0.000000
vn -0.843091 0.537771 0.000000
vn -0.843091 0.537771 0.000000
vn -0.843091 0.537771 0.000000
vn -0.537798 -0.843073 0.000000
vn -0.537798 -0.843073 0.000000
vn -0.537798 -0.843073 0.000000
vn -0.537798 -0.843073 0.000000
vn -0.537798 -0.843073 0.000000
vn -0.537798 -0.843073 0.000000
vn -0.537798 -0.843074 -0.000001
vn -0.537798 -0.843074 -0.000001
vn -0.537798 -0.843074 -0.000001
vn -0.537798 -0.843074 0.000000
vn -0.537798 -0.843074 0.000000
vn -0.537798 -0.843074 0.000000
vn -0.537798 -0.843074 -0.000001
vn -0.537798 -0.843074 -0.000001
vn -0.537798 -0.843074 -0.000001
vn 0.000000 0.000000 0.000000
vn 0.000000 0.000000 0.000000
vn 0.000000 0.000000 0.000000
vn 0.000000 0.000000 0.000000
vn 0.000000 0.000000 0.000000
vn 0.000000 0.000000 0.000000
vn -0.537798 -0.843074 0.000000
vn -0.537798 -0.843074 0.000000
vn -0.537798 -0.843074 0.000000
vn -0.537798 -0.843074 0.000000
vn -0.537798 -0.843074 0.000000
vn -0.537798 -0.843074 0.000000
vn -0.537798 -0.843074 0.000000
vn -0.537798 -0.843074 0.000000
vn -0.537798 -0.843074 0.000000
vn -0.537798 -0.843074 0.000000
vn -0.537798 -0.843074 0.000000
vn -0.537798 -0.843074 0.000000
vn -0.537798 -0.843074 0.000000
vn -0.537798 -0.843074 0.000000
vn -0.537798 -0.843074 0.000000
vn -0.537798 -0.843074 0.000000
vn -0.537798 -0.843074 0.000000
vn -0.537798 -0.843074 0.000000
vn 0.000000 0.000000 0.000000
vn 0.000000 0.000000 0.000000
vn 0.000000 0.000000 0.000000
vn -0.579981 0.369943 0.725785
vn -0.579981 0.369943 0.725785
vn -0.579981 0.369943 0.725785
vn -0.579981 0.369944 0.725785
vn -0.579981 0.369944 0.725785
vn -0.579981 0.369944 0.725785
vn -0.843090 0.537773 0.000000
vn -0.843090 0.537773 0.000000
vn -0.843090 0.537773 0.000000
vn 0.400386 0.255387 -0.880039
vn 0.400386 0.255387 -0.880039
vn 0.400386 0.255387 -0.880039
vn -0.843091 0.537771 0.000000
vn -0.843091 0.537771 0.000000
vn -0.843091 0.537771 0.000000
vn -0.843091 0.537771 0.000000
vn -0.843091 0.537771 0.000000
vn -0.843091 0.537771 0.000000
vn -0.843092 0.537769 0.000000
vn -0.843092 0.537769 0.000000
vn -0.843092 0.537769 0.000000
vn -0.843091 0.537771 0.000000
vn -0.843091 0.537771 0.000000
vn -0.843091 0.537771 0.000000
vn -0.843091 0.537771 0.000000
vn -0.843091 0.537771 0.000000
vn -0.843091 0.537771 0.000000
vn -0.331548 -0.519748 -0.787362
vn -0.331548 -0.519748 -0.787362
vn -0.331548 -0.519748 -0.787362
vn -0.331548 -0.519748 -0.787362
vn -0.331548 -0.519748 -0.787362
vn -0.331548 -0.519748 -0.787362
vn -0.331548 -0.519748 -0.787361
vn -0.331548 -0.519748 -0.787361
vn -0.331548 -0.519748 -0.787361
vn 0.537798 -0.843074 0.000000
vn 0.537798 -0.843074 0.000000
vn 0.537798 -0.843074 0.000000
vn 0.537798 -0.843074 -0.000001
vn 0.537798 -0.843074 -0.000001
vn 0.537798 -0.843074 -0.000001
vn 0.537798 -0.843074 0.000000
vn 0.537798 -0.843074 0.000000
vn 0.537798 -0.843074 0.000000
vn 0.000000 0.000000 0.000000
vn 0.000000 0.000000 0.000000
vn 0.000000 0.000000 0.000000
vn 0.000000 0.000000 0.000000
vn 0.000000 0.000000 0.000000
vn 0.000000 0.000000 0.000000
vn 0.000000 0.000000 0.000000
vn 0.000000 0.000000 0.000000
vn 0.000000 0.000000 0.000000
vn -0.261843 0.965110 0.000000
vn -0.261843 0.965110 0.000000
vn -0.261843 0.965110 0.000000
vn -0.261843 0.965110 0.000000
vn -0.261843 0.965110 0.000000
vn -0.261843 0.965110 0.000000
vn -0.232604 0.148368 0.961188
vn -0.232604 0.148368 0.961188
vn -0.232604 0.148368 0.961188
vn -0.232604 0.148368 0.961188
vn -0.232604 0.148368 0.961188
vn -0.232604 0.148368 0.961188
vn -0.843089 0.537774 0.000000
vn -0.843089 0.537774 0.000000
vn -0.843089 0.537774 0.000000
vn -0.843091 0.537771 0.000000
vn -0.843091 0.537771 0.000000
vn -0.843091 0.537771 0.000000
vn -0.843089 0.537774 0.000000
vn -0.843089 0.537774 0.000000
vn -0.843089 0.537774 0.000000
vn -0.843089 0.537774 0.000000
vn -0.843089 0.537774 0.000000
vn -0.843089 0.537774 0.000000
vn -0.843091 0.537771 0.000000
vn -0.843091 0.537771 0.000000
vn -0.843091 0.537771 0.000000
vn -0.843091 0.537771 0.000000
vn -0.843091 0.537771 0.000000
vn -0.843091 0.537771 0.000000
vn -0.843090 0.537772 0.000000
vn -0.843090 0.537772 0.000000
vn -0.843090 0.537772 0.000000
vn -0.843091 0.537771 0.000000
vn -0.843091 0.537771 0.000000
vn -0.843091 0.537771 0.000000
vn -0.843091 0.537771 0.000000
vn -0.843091 0.537771 0.000000
vn -0.843091 0.537771 0.000000
vn -0.843091 0.537771 0.000000
vn -0.843091 0.537771 0.000000
vn -0.843091 0.537771 0.000000
vn -0.843091 0.537771 0.000000
vn -0.843091 0.537771 0.000000
vn -0.843091 0.537771 0.000000
vn -0.843091 0.537771 0.000000
vn -0.843091 0.537771 0.000000
vn -0.843091 0.537771 0.000000
vn -0.843091 0.537771 0.000000
vn -0.843091 0.537771 0.000000
vn -0.843091 0.537771 0.000000
vn -0.398144 0.253959 0.881468
vn -0.398144 0.253959 0.881468
vn -0.398144 0.253959 0.881468
vn -0.398144 0.253959 0.881468
vn -0.398144 0.253959 0.881468
vn -0.398144 0.253959 0.881468
vn -0.843091 0.537771 0.000000
vn -0.843091 0.537771 0.000000
vn -0.843091 0.537771 0.000000
vn 0.000000 0.000000 1.000000
vn 0.000000 0.000000 1.000000
vn 0.000000 0.000000 1.000000
vn 0.000000 0.000000 1.000000
vn 0.000000 0.000000 1.000000
vn 0.000000 0.000000 1.000000
vn 0.843089 0.537774 0.000000
vn 0.843089 0.537774 0.000000
vn 0.843089 0.537774 0.000000
vn -0.331549 -0.519750 0.787360
vn -0.331549 -0.519750 0.787360
vn -0.331549 -0.519750 0.787360
vn -0.331549 -0.519749 0.787360
vn -0.331549 -0.519749 0.787360
vn -0.331549 -0.519749 0.787360
vn -0.331549 -0.519750 0.787360
vn -0.331549 -0.519750 0.787360
vn -0.331549 -0.519750 0.787360
vn -0.331549 -0.519749 0.787361
vn -0.331549 -0.519749 0.787361
vn -0.331549 -0.519749 0.787361
vn 0.243589 0.969879 0.000000
vn 0.243589 0.969879 0.000000
vn 0.243589 0.969879 0.000000
vn 0.243589 0.969879 0.000000
vn 0.243589 0.969879 0.000000
vn 0.243589 0.969879 0.000000
vn 0.243590 0.969878 0.000000
vn 0.243590 0.969878 0.000000
vn 0.243590 0.969878 0.000000
vn 0.000000 0.000000 0.000000
vn 0.000000 0.000000 0.000000
vn 0.000000 0.000000 0.000000
vn 0.000000 0.000000 0.000000
vn 0.000000 0.000000 0.000000
vn 0.000000 0.000000 0.000000
vn -0.331548 -0.519748 -0.787361
vn -0.331548 -0.519748 -0.787361
vn -0.331548 -0.519748 -0.787361
vn -0.331548 -0.519748 -0.787361
vn -0.331548 -0.519748 -0.787361
vn -0.331548 -0.519748 -0.787361
vn -0.215885 0.976419 0.000000
vn -0.215885 0.976419 0.000000
vn -0.215885 0.976419 0.000000
vn -0.215885 0.976419 0.000000
vn -0.215885 0.976419 0.000000
vn -0.215885 0.976419 0.000000
vn -0.215885 0.976419 0.000000
vn -0.215885 0.976419 0.000000
vn -0.215885 0.976419 0.000000
vn -0.563351 0.359337 -0.743984
vn -0.563351 0.359337 -0.743984
vn -0.563351 0.359337 -0.743984
vn -0.563351 0.359336 -0.743985
vn -0.563351 0.359336 -0.743985
vn -0.563351 0.359336 -0.743985
vn -0.843091 0.537771 0.000000
vn -0.843091 0.537771 0.000000
vn -0.843091 0.537771 0.000000
vn 0.843090 0.537773 0.000000
vn 0.843090 0.537773 0.000000
vn 0.843090 0.537773 0.000000
vn -0.537798 -0.843074 0.000000
vn -0.537798 -0.843074 0.000000
vn -0.537798 -0.843074 0.000000
vn -0.537798 -0.843074 0.000000
vn -0.537798 -0.843074 0.000000
vn -0.537798 -0.843074 0.000000
vn 0.000000 0.000000 0.000000
vn 0.000000 0.000000 0.000000
vn 0.000000 0.000000 0.000000
vn 0.000000 0.000000 0.000000
vn 0.000000 0.000000 0.000000
vn 0.000000 0.000000 0.000000
vn 0.000000 0.000000 0.000000
vn 0.000000 0.000000 0.000000
vn 0.000000 0.000000 0.000000
vn -0.324183 -0.508202 0.797895
vn -0.324183 -0.508202 0.797895
vn -0.324183 -0.508202 0.797895
vn -0.324183 -0.508202 0.797895
vn -0.324183 -0.508202 0.797895
vn -0.324183 -0.508202 0.797895
vn -0.324182 -0.508201 0.797896
vn -0.324182 -0.508201 0.797896
vn -0.324182 -0.508201 0.797896
vn -0.324182 -0.508200 0.797896
vn -0.324182 -0.508200 0.797896
vn -0.324182 -0.508200 0.797896
vn -0.537798 -0.843074 0.000000
vn -0.537798 -0.843074 0.000000
vn -0.537798 -0.843074 0.000000
vn -0.537798 -0.843074 0.000000
vn -0.537798 -0.843074 0.000000
vn -0.537798 -0.843074 0.000000
vn -0.537798 -0.843074 -0.000001
vn -0.537798 -0.843074 -0.000001
vn -0.537798 -0.843074 -0.000001
vn 0.000000 0.000000 0.000000
vn 0.000000 0.000000 0.000000
vn 0.000000 0.000000 0.000000
vn -0.541555 0.345435 -0.766416
vn -0.541555 0.345435 -0.766416
vn -0.541555 0.345435 -0.766416
vn -0.541555 0.345435 -0.766416
vn -0.541555 0.345435 -0.766416
vn -0.541555 0.345435 -0.766416
vn -0.843091 0.537771 0.000000
vn -0.843091 0.537771 0.000000
vn -0.843091 0.537771 0.000000
vn -0.843091 0.537771 0.000000
vn -0.843091 0.537771 0.000000
vn -0.843091 0.537771 0.000000
vn 0.000000 0.000000 1.000000
vn 0.000000 0.000000 1.000000
vn 0.000000 0.000000 1.000000
vn 0.000000 0.000000 1.000000
vn 0.000000 0.000000 1.000000
vn 0.000000 0.000000 1.000000
vn -0.324181 -0.508203 -0.797895
vn -0.324181 -0.508203 -0.797895
vn -0.324181 -0.508203 -0.797895
vn -0.324182 -0.508202 -0.797895
vn -0.324182 -0.508202 -0.797895
vn -0.324182 -0.508202 -0.797895
vn -0.324182 -0.508201 -0.797896
vn -0.324182 -0.508201 -0.797896
vn -0.324182 -0.508201 -0.797896
vn -0.843090 0.537772 0.000000
vn -0.843090 0.537772 0.000000
vn -0.843090 0.537772 0.000000
vn -0.843090 0.537772 0.000000
vn -0.843090 0.537772 0.000000
vn -0.843090 0.537772 0.000000
vn -0.331548 -0.519749 0.787361
vn -0.331548 -0.519749 0.787361
vn -0.331548 -0.519749 0.787361
vn -0.331548 -0.519748 0.787362
vn -0.331548 -0.519748 0.787362
vn -0.331548 -0.519748 0.787362
vn -0.331548 -0.519747 0.787362
vn -0.331548 -0.519747 0.787362
vn -0.331548 -0.519747 0.787362
vn -0.331549 -0.519749 0.787361
vn -0.331549 -0.519749 0.787361
vn -0.331549 -0.519749 0.787361
vn -0.324183 -0.508202 0.797895
vn -0.324183 -0.508202 0.797895
vn -0.324183 -0.508202 0.797895
vn -0.324183 -0.508202 0.797895
vn -0.324183 -0.508202 0.797895
vn -0.324183 -0.508202 0.797895
vn -0.324183 -0.508202 0.797895
vn -0.324183 -0.508202 0.797895
vn -0.324183 -0.508202 0.797895
vn -0.324183 -0.508202 0.797895
vn -0.324183 -0.508202 0.797895
vn -0.324183 -0.508202 0.797895
vn 0.000000 0.000000 1.000000
vn 0.000000 0.000000 1.000000
vn 0.000000 0.000000 1.000000
vn 0.843089 0.537774 0.000000
vn 0.843089 0.537774 0.000000
vn 0.843089 0.537774 0.000000
vn 0.843089 0.537774 0.000000
vn 0.843089 0.537774 0.000000
vn 0.843089 0.537774 0.000000
vn 0.613352 0.391233 -0.686102
vn 0.613352 0.391233 -0.686102
vn 0.613352 0.391233 -0.686102
vn 0.613352 0.391228 -0.686105
vn 0.613352 0.391228 -0.686105
vn 0.613352 0.391228 -0.686105
vn -0.684701 0.436741 -0.583475
vn -0.684701 0.436741 -0.583475
vn -0.684701 0.436741 -0.583475
vn -0.684701 0.436741 -0.583475
vn -0.684701 0.436741 -0.583475
vn -0.684701 0.436741 -0.583475
vn 0.000000 0.000000 1.000000
vn 0.000000 0.000000 1.000000
vn 0.000000 0.000000 1.000000
vn 0.843090 0.537772 0.000000
vn 0.843090 0.537772 0.000000
vn 0.843090 0.537772 0.000000
vn 0.843090 0.537772 0.000000
vn 0.843090 0.537772 0.000000
vn 0.843090 0.537772 0.000000
vn 0.000000 0.000000 1.000000
vn 0.000000 0.000000 1.000000
vn 0.000000 0.000000 1.000000
vn 0.843090 0.537772 0.000000
vn 0.843090 0.537772 0.000000
vn 0.843090 0.537772 0.000000
vn 0.843090 0.537772 0.000000
vn 0.843090 0.537772 0.000000
vn 0.843090 0.537772 0.000000
vn -0.331549 -0.519749 0.787361
vn -0.331549 -0.519749 0.787361
vn -0.331549 -0.519749 0.787361
vn -0.331549 -0.519749 0.787361
vn -0.331549 -0.519749 0.787361
vn -0.331549 -0.519749 0.787361
vn -0.331548 -0.519749 0.787361
vn -0.331548 -0.519749 0.787361
vn -0.331548 -0.519749 0.787361
vn -0.331549 -0.519749 0.787361
vn -0.331549 -0.519749 0.787361
vn -0.331549 -0.519749 0.787361
vn 0.243589 0.969879 0.000000
vn 0.243589 0.969879 0.000000
vn 0.243589 0.969879 0.000000
vn 0.243589 0.969879 0.000000
vn 0.243589 0.969879 0.000000
vn 0.243589 0.969879 0.000000
vn 0.243585 0.969880 0.000000
vn 0.243585 0.969880 0.000000
vn 0.243585 0.969880 0.000000
vn 0.000000 0.000000 0.000000
vn 0.000000 0.000000 0.000000
vn 0.000000 0.000000 0.000000
vn 0.000000 0.000000 0.000000
vn 0.000000 0.000000 0.000000
vn 0.000000 0.000000 0.000000
vn 0.843090 0.537773 0.000000
vn 0.843090 0.537773 0.000000
vn 0.843090 0.537773 0.000000
vn 0.541554 0.345437 -0.766416
vn 0.541554 0.345437 -0.766416
vn 0.541554 0.345437 -0.766416
vn 0.541554 0.345437 -0.766416
vn 0.541554 0.345437 -0.766416
vn 0.541554 0.345437 -0.766416
vn 0.537798 -0.843074 0.000000
vn 0.537798 -0.843074 0.000000
vn 0.537798 -0.843074 0.000000
vn 0.000000 0.000000 0.000000
vn 0.000000 0.000000 0.000000
vn 0.000000 0.000000 0.000000
vn 0.537799 -0.843073 -0.000000
vn 0.537799 -0.843073 -0.000000
vn 0.537799 -0.843073 -0.000000
vn 0.537783 -0.843084 0.000036
vn 0.537783 -0.843084 0.000036
vn 0.537783 -0.843084 0.000036
vn 0.537798 -0.843074 0.000000
vn 0.537798 -0.843074 0.000000
vn 0.537798 -0.843074 0.000000
vn 0.537800 -0.843072 0.000000
vn 0.537800 -0.843072 0.000000
vn 0.537800 -0.843072 0.000000
vn 0.000000 0.000000 1.000000
vn 0.000000 0.000000 1.000000
vn 0.000000 0.000000 1.000000
vn 0.000000 0.000000 1.000000
vn 0.000000 0.000000 1.000000
vn 0.000000 0.000000 1.000000
vn 0.000000 0.000000 1.000000
vn 0.000000 0.000000 1.000000
vn 0.000000 0.000000 1.000000
vn 0.000374 0.002139 0.999998
vn 0.000374 0.002139 0.999998
vn 0.000374 0.002139 0.999998
vn 0.000000 0.000000 1.000000
vn 0.000000 0.000000 1.000000
vn 0.000000 0.000000 1.000000
vn 0.537799 -0.843073 0.000000
vn 0.537799 -0.843073 0.000000
vn 0.537799 -0.843073 0.000000
vn 0.537799 -0.843073 -0.000000
vn 0.537799 -0.843073 -0.000000
vn 0.537799 -0.843073 -0.000000
vn 0.537799 -0.843073 -0.000000
vn 0.537799 -0.843073 -0.000000
vn 0.537799 -0.843073 -0.000000
vn 0.537799 -0.843073 0.000000
vn 0.537799 -0.843073 0.000000
vn 0.537799 -0.843073 0.000000
vn 0.537799 -0.843073 -0.000000
vn 0.537799 -0.843073 -0.000000
vn 0.537799 -0.843073 -0.000000
vn 0.537799 -0.843073 -0.000000
vn 0.537799 -0.843073 -0.000000
vn 0.537799 -0.843073 -0.000000
vn 0.537799 -0.843073 0.000000
vn 0.537799 -0.843073 0.000000
vn 0.537799 -0.843073 0.000000
vn -0.324179 0.508205 0.797895
vn -0.324179 0.508205 0.797895
vn -0.324179 0.508205 0.797895
vn -0.324183 0.508201 0.797895
vn -0.324183 0.508201 0.797895
vn -0.324183 0.508201 0.797895
vn -0.324183 0.508202 0.797895
vn -0.324183 0.508202 0.797895
vn -0.324183 0.508202 0.797895
vn -0.324184 0.508202 0.797894
vn -0.324184 0.508202 0.797894
vn -0.324184 0.508202 0.797894
vn -0.843089 0.537774 0.000000
vn -0.843089 0.537774 0.000000
vn -0.843089 0.537774 0.000000
vn -0.103973 0.994580 0.000000
vn -0.103973 0.994580 0.000000
vn -0.103973 0.994580 0.000000
vn -0.103973 0.994580 0.000000
vn -0.103973 0.994580 0.000000
vn -0.103973 0.994580 0.000000
vn -0.103973 0.994580 0.000000
vn -0.103973 0.994580 0.000000
vn -0.103973 0.994580 0.000000
vn -0.103973 0.994580 0.000000
vn -0.103973 0.994580 0.000000
vn -0.103973 0.994580 0.000000
vn 0.000000 0.000000 0.000000
vn 0.000000 0.000000 0.000000
vn 0.000000 0.000000 0.000000
vn 0.000000 0.000000 0.000000
vn 0.000000 0.000000 0.000000
vn 0.000000 0.000000 0.000000
vn 0.537798 -0.843074 0.000000
vn 0.537798 -0.843074 0.000000
vn 0.537798 -0.843074 0.000000
vn 0.537798 -0.843074 0.000000
vn 0.537798 -0.843074 0.000000
vn 0.537798 -0.843074 0.000000
vn 0.537799 -0.843073 0.000000
vn 0.537799 -0.843073 0.000000
vn 0.537799 -0.843073 0.000000
vn 0.537799 -0.843073 0.000000
vn 0.537799 -0.843073 0.000000
vn 0.537799 -0.843073 0.000000
vn 0.000000 0.000000 0.000000
vn 0.000000 0.000000 0.000000
vn 0.000000 0.000000 0.000000
vn 0.000000 0.000000 0.000000
vn 0.000000 0.000000 0.000000
vn 0.000000 0.000000 0.000000
vn 0.052419 0.998625 0.000000
vn 0.052419 0.998625 0.000000
vn 0.052419 0.998625 0.000000
vn 0.052419 0.998625 0.000000
vn 0.052419 0.998625 0.000000
vn 0.052419 0.998625 0.000000
vn 0.000000 0.000000 0.000000
vn 0.000000 0.000000 0.000000
vn 0.000000 0.000000 0.000000
vn 0.537798 0.843074 0.000000
vn 0.537798 0.843074 0.000000
vn 0.537798 0.843074 0.000000
vn 0.537798 0.843074 0.000000
vn 0.537798 0.843074 0.000000
vn 0.537798 0.843074 0.000000
vn 0.537798 0.843074 0.000000
vn 0.537798 0.843074 0.000000
vn 0.537798 0.843074 0.000000
vn -0.537798 -0.843074 0.000000
vn -0.537798 -0.843074 0.000000
vn -0.537798 -0.843074 0.000000
vn -0.537798 -0.843074 0.000000
vn -0.537798 -0.843074 0.000000
vn -0.537798 -0.843074 0.000000
vn -0.537798 -0.843074 0.000000
vn -0.537798 -0.843074 0.000000
vn -0.537798 -0.843074 0.000000
vn -0.537798 -0.843074 -0.000000
vn -0.537798 -0.843074 -0.000000
vn -0.537798 -0.843074 -0.000000
vn -0.537798 -0.843074 0.000000
vn -0.537798 -0.843074 0.000000
vn -0.537798 -0.843074 0.000000
vn -0.537798 -0.843074 0.000000
vn -0.537798 -0.843074 0.000000
vn -0.537798 -0.843074 0.000000
vn -0.537798 -0.843074 0.000000
vn -0.537798 -0.843074 0.000000
vn -0.537798 -0.843074 0.000000
vn -0.537798 -0.843074 0.000000
vn -0.537798 -0.843074 0.000000
vn -0.537798 -0.843074 0.000000
vn 0.537797 -0.843075 0.000000
vn 0.537797 -0.843075 0.000000
vn 0.537797 -0.843075 0.000000
vn 0.537797 -0.843075 0.000000
vn 0.537797 -0.843075 0.000000
vn 0.537797 -0.843075 0.000000
vn 0.537798 -0.843074 0.000000
vn 0.537798 -0.843074 0.000000
vn 0.537798 -0.843074 0.000000
vn 0.537798 -0.843074 0.000000
vn 0.537798 -0.843074 0.000000
vn 0.537798 -0.843074 0.000000
vn 0.537798 -0.843074 0.000000
vn 0.537798 -0.843074 0.000000
vn 0.537798 -0.843074 0.000000
vn 0.537798 -0.843074 0.000000
vn 0.537798 -0.843074 0.000000
vn 0.537798 -0.843074 0.000000
vn 0.537798 -0.843074 0.000000
vn 0.537798 -0.843074 0.000000
vn 0.537798 -0.843074 0.000000
vn 0.537801 -0.843072 0.000000
vn 0.537801 -0.843072 0.000000
vn 0.537801 -0.843072 0.000000
vn 0.537799 -0.843073 -0.000004
vn 0.537799 -0.843073 -0.000004
vn 0.537799 -0.843073 -0.000004
vn 0.537805 -0.843069 -0.000001
vn 0.537805 -0.843069 -0.000001
vn 0.537805 -0.843069 -0.000001
vn 0.537797 -0.843075 0.000000
vn 0.537797 -0.843075 0.000000
vn 0.537797 -0.843075 0.000000
vn -0.331549 -0.519747 -0.787361
vn -0.331549 -0.519747 -0.787361
vn -0.331549 -0.519747 -0.787361
vn -0.331548 -0.519749 -0.787361
vn -0.331548 -0.519749 -0.787361
vn -0.331548 -0.519749 -0.787361
vn -0.331548 -0.519748 -0.787361
vn -0.331548 -0.519748 -0.787361
vn -0.331548 -0.519748 -0.787361
vn 0.331548 -0.519749 0.787361
vn 0.331548 -0.519749 0.787361
vn 0.331548 -0.519749 0.787361
vn 0.331548 -0.519749 0.787361
vn 0.331548 -0.519749 0.787361
vn 0.331548 -0.519749 0.787361
vn 0.000000 0.000000 1.000000
vn 0.000000 0.000000 1.000000
vn 0.000000 0.000000 1.000000
vn -1.000000 0.000000 0.000000
vn -1.000000 0.000000 0.000000
vn -1.000000 0.000000 0.000000
vn -1.000000 0.000000 0.000000
vn -1.000000 0.000000 0.000000
vn -1.000000 0.000000 0.000000
vn -0.843091 0.537771 0.000000
vn -0.843091 0.537771 0.000000
vn -0.843091 0.537771 0.000000
vn -0.843091 0.537771 0.000000
vn -0.843091 0.537771 0.000000
vn -0.843091 0.537771 0.000000
vn -0.843091 0.537771 0.000000
vn -0.843091 0.537771 0.000000
vn -0.843091 0.537771 0.000000
vn 0.343706 0.219235 -0.913128
vn 0.343706 0.219235 -0.913128
vn 0.343706 0.219235 -0.913128
vn 0.343706 0.219235 -0.913128
vn 0.343706 0.219235 -0.913128
vn 0.343706 0.219235 -0.913128
vn 0.000000 0.000000 1.000000
vn 0.000000 0.000000 1.000000
vn 0.000000 0.000000 1.000000
vn 0.000000 0.000000 1.000000
vn 0.000000 0.000000 1.000000
vn 0.000000 0.000000 1.000000
vn 0.000000 0.000000 1.000000
vn 0.000000 0.000000 1.000000
vn 0.000000 0.000000 1.000000
vn 0.000000 0.000000 1.000000
vn 0.000000 0.000000 1.000000
vn 0.000000 0.000000 1.000000
vn 0.510246 0.325465 -0.796066
vn 0.510246 0.325465 -0.796066
vn 0.510246 0.325465 -0.796066
vn 0.510247 0.325467 -0.796065
vn 0.510247 0.325467 -0.796065
vn 0.510247 0.325467 -0.796065
vn -0.726327 0.463293 -0.507749
vn -0.726327 0.463293 -0.507749
vn -0.726327 0.463293 -0.507749
vn -0.726327 0.463293 -0.507749
vn -0.726327 0.463293 -0.507749
vn -0.726327 0.463293 -0.507749
vn 0.537798 -0.843074 0.000000
vn 0.537798 -0.843074 0.000000
vn 0.537798 -0.843074 0.000000
vn 0.537798 -0.843074 0.000000
vn 0.537798 -0.843074 0.000000
vn 0.537798 -0.843074 0.000000
vn 0.537798 -0.843074 0.000000
vn 0.537798 -0.843074 0.000000
vn 0.537798 -0.843074 0.000000
vn 0.000000 0.000000 0.000000
vn 0.000000 0.000000 0.000000
vn 0.000000 0.000000 0.000000
vn 0.843090 0.537772 0.000000
vn 0.843090 0.537772 0.000000
vn 0.843090 0.537772 0.000000
vn 0.472206 0.301200 -0.828432
vn 0.472206 0.301200 -0.828432
vn 0.472206 0.301200 -0.828432
vn 0.222902 0.974841 0.000000
vn 0.222902 0.974841 0.000000
vn 0.222902 0.974841 0.000000
vn 0.222902 0.974841 0.000000
vn 0.222902 0.974841 0.000000
vn 0.222902 0.974841 0.000000
vn 0.000000 0.000000 0.000000
vn 0.000000 0.000000 0.000000
vn 0.000000 0.000000 0.000000
vn 0.000000 0.000000 0.000000
vn 0.000000 0.000000 0.000000
vn 0.000000 0.000000 0.000000
vn 0.331548 -0.519747 -0.787362
vn 0.331548 -0.519747 -0.787362
vn 0.331548 -0.519747 -0.787362
vn 0.331548 -0.519748 -0.787361
vn 0.331548 -0.519748 -0.787361
vn 0.331548 -0.519748 -0.787361
vn 0.331548 -0.519748 -0.787362
vn 0.331548 -0.519748 -0.787362
vn 0.331548 -0.519748 -0.787362
vn 0.843091 0.537772 0.000000
vn 0.843091 0.537772 0.000000
vn 0.843091 0.537772 0.000000
vn 0.324183 -0.508201 -0.797895
vn 0.324183 -0.508201 -0.797895
vn 0.324183 -0.508201 -0.797895
vn 0.324183 -0.508202 -0.797895
vn 0.324183 -0.508202 -0.797895
vn 0.324183 -0.508202 -0.797895
vn -0.843093 0.537768 0.000000
vn -0.843093 0.537768 0.000000
vn -0.843093 0.537768 0.000000
vn -0.843093 0.537768 0.000000
vn -0.843093 0.537768 0.000000
vn -0.843093 0.537768 0.000000
vn 0.000000 0.000000 1.000000
vn 0.000000 0.000000 1.000000
vn 0.000000 0.000000 1.000000
vn 0.725350 0.462671 0.509709
vn 0.725350 0.462671 0.509709
vn 0.725350 0.462671 0.509709
vn 0.725350 0.462671 0.509709
vn 0.725350 0.462671 0.509709
vn 0.725350 0.462671 0.509709
vn 0.843090 0.537772 0.000000
vn 0.843090 0.537772 0.000000
vn 0.843090 0.537772 0.000000
vn 0.689773 0.439977 -0.575008
vn 0.689773 0.439977 -0.575008
vn 0.689773 0.439977 -0.575008
vn 0.689773 0.439977 -0.575008
vn 0.689773 0.439977 -0.575008
vn 0.689773 0.439977 -0.575008
vn 0.000000 0.000000 1.000000
vn 0.000000 0.000000 1.000000
vn 0.000000 0.000000 1.000000
vn 0.537798 -0.843074 0.000000
vn 0.537798 -0.843074 0.000000
vn 0.537798 -0.843074 0.000000
vn 0.537798 -0.843074 0.000000
vn 0.537798 -0.843074 0.000000
vn 0.537798 -0.843074 0.000000
vn 0.537799 -0.843073 0.000000
vn 0.537799 -0.843073 0.000000
vn 0.537799 -0.843073 0.000000
vn 0.000000 0.000000 0.000000
vn 0.000000 0.000000 0.000000
vn 0.000000 0.000000 0.000000
vn 0.537798 -0.843074 0.000000
vn 0.537798 -0.843074 0.000000
vn 0.537798 -0.843074 0.000000
vn 0.537798 -0.843074 -0.000000
vn 0.537798 -0.843074 -0.000000
vn 0.537798 -0.843074 -0.000000
vn 0.537799 -0.843073 0.000001
vn 0.537799 -0.843073 0.000001
vn 0.537799 -0.843073 0.000001
vn 0.537798 -0.843074 0.000000
vn 0.537798 -0.843074 0.000000
vn 0.537798 -0.843074 0.000000
vn 0.537797 -0.843074 0.000000
vn 0.537797 -0.843074 0.000000
vn 0.537797 -0.843074 0.000000
vn 0.537798 -0.843074 0.000000
vn 0.537798 -0.843074 0.000000
vn 0.537798 -0.843074 0.000000
vn 0.537797 -0.843074 0.000000
vn 0.537797 -0.843074 0.000000
vn 0.537797 -0.843074 0.000000
vn 0.000000 0.000000 1.000000
vn 0.000000 0.000000 1.000000
vn 0.000000 0.000000 1.000000
vn 0.000000 0.000000 1.000000
vn 0.000000 0.000000 1.000000
vn 0.000000 0.000000 1.000000
vn 0.000000 0.000000 1.000000
vn 0.000000 0.000000 1.000000
vn 0.000000 0.000000 1.000000
vn 0.000000 0.000000 1.000000
vn 0.000000 0.000000 1.000000
vn 0.000000 0.000000 1.000000
vn 0.000000 0.000000 1.000000
vn 0.000000 0.000000 1.000000
vn 0.000000 0.000000 1.000000
vn 0.843089 0.537774 0.000000
vn 0.843089 0.537774 0.000000
vn 0.843089 0.537774 0.000000
vn 0.843089 0.537774 0.000000
vn 0.843089 0.537774 0.000000
vn 0.843089 0.537774 0.000000
vn 0.324182 -0.508201 0.797896
vn 0.324182 -0.508201 0.797896
vn 0.324182 -0.508201 0.797896
vn 0.324182 -0.508200 0.797897
vn 0.324182 -0.508200 0.797897
vn 0.324182 -0.508200 0.797897
vn 0.324182 -0.508201 0.797896
vn 0.324182 -0.508201 0.797896
vn 0.324182 -0.508201 0.797896
vn 0.324182 -0.508201 0.797896
vn 0.324182 -0.508201 0.797896
vn 0.324182 -0.508201 0.797896
vn 0.324183 -0.508203 -0.797894
vn 0.324183 -0.508203 -0.797894
vn 0.324183 -0.508203 -0.797894
vn 0.324183 -0.508202 -0.797895
vn 0.324183 -0.508202 -0.797895
vn 0.324183 -0.508202 -0.797895
vn 0.324183 -0.508202 -0.797895
vn 0.324183 -0.508202 -0.797895
vn 0.324183 -0.508202 -0.797895
vn 0.843093 0.537768 0.000000
vn 0.843093 0.537768 0.000000
vn 0.843093 0.537768 0.000000
vn -0.537798 -0.843074 0.000000
vn -0.537798 -0.843074 0.000000
vn -0.537798 -0.843074 0.000000
vn -0.537798 -0.843074 0.000000
vn -0.537798 -0.843074 0.000000
vn -0.537798 -0.843074 0.000000
vn 0.000000 0.000000 0.000000
vn 0.000000 0.000000 0.000000
vn 0.000000 0.000000 0.000000
vn 0.000000 0.000000 0.000000
vn 0.000000 0.000000 0.000000
vn 0.000000 0.000000 0.000000
vn -0.493155 0.314563 -0.811079
vn -0.493155 0.314563 -0.811079
vn -0.493155 0.314563 -0.811079
vn -0.493155 0.314561 -0.811079
vn -0.493155 0.314561 -0.811079
vn -0.493155 0.314561 -0.811079
vn 0.331548 -0.519749 -0.787361
vn 0.331548 -0.519749 -0.787361
vn 0.331548 -0.519749 -0.787361
vn 0.331548 -0.519748 -0.787361
vn 0.331548 -0.519748 -0.787361
vn 0.331548 -0.519748 -0.787361
vn 0.331549 -0.519748 -0.787361
vn 0.331549 -0.519748 -0.787361
vn 0.331549 -0.519748 -0.787361
vn 0.000000 0.000000 0.000000
vn 0.000000 0.000000 0.000000
vn 0.000000 0.000000 0.000000
vn 0.537798 -0.843074 -0.000001
vn 0.537798 -0.843074 -0.000001
vn 0.537798 -0.843074 -0.000001
vn 0.537798 -0.843074 0.000000
vn 0.537798 -0.843074 0.000000
vn 0.537798 -0.843074 0.000000
vn 0.537798 -0.843074 -0.000001
vn 0.537798 -0.843074 -0.000001
vn 0.537798 -0.843074 -0.000001
vn 0.843093 0.537768 0.000000
vn 0.843093 0.537768 0.000000
vn 0.843093 0.537768 0.000000
vn 0.537798 -0.843074 0.000000
vn 0.537798 -0.843074 0.000000
vn 0.537798 -0.843074 0.000000
vn 0.537798 -0.843074 0.000000
vn 0.537798 -0.843074 0.000000
vn 0.537798 -0.843074 0.000000
vn 0.537798 -0.843074 0.000000
vn 0.537798 -0.843074 0.000000
vn 0.537798 -0.843074 0.000000
vn 0.537798 -0.843074 -0.000000
vn 0.537798 -0.843074 -0.000000
vn 0.537798 -0.843074 -0.000000
vn 0.537798 -0.843074 0.000000
vn 0.537798 -0.843074 0.000000
vn 0.537798 -0.843074 0.000000
vn 0.324182 -0.508201 -0.797896
vn 0.324182 -0.508201 -0.797896
vn 0.324182 -0.508201 -0.797896
vn 0.324182 -0.508201 -0.797896
vn 0.324182 -0.508201 -0.797896
vn 0.324182 -0.508201 -0.797896
vn 0.324183 -0.508201 -0.797896
vn 0.324183 -0.508201 -0.797896
vn 0.324183 -0.508201 -0.797896
vn 0.324183 -0.508202 -0.797895
vn 0.324183 -0.508202 -0.797895
vn 0.324183 -0.508202 -0.797895
vn 0.324183 -0.508201 -0.797895
vn 0.324183 -0.508201 -0.797895
vn 0.324183 -0.508201 -0.797895
vn -0.324183 -0.508202 0.797895
vn -0.324183 -0.508202 0.797895
vn -0.324183 -0.508202 0.797895
vn -0.324183 -0.508202 0.797895
vn -0.324183 -0.508202 0.797895
vn -0.324183 -0.508202 0.797895
vn 0.343701 0.219233 -0.913130
vn 0.343701 0.219233 -0.913130
vn 0.343701 0.219233 -0.913130
vn 0.343701 0.219234 -0.913130
vn 0.343701 0.219234 -0.913130
vn 0.343701 0.219234 -0.913130
vn 0.843091 0.537772 0.000000
vn 0.843091 0.537772 0.000000
vn 0.843091 0.537772 0.000000
vn 0.843090 0.537772 0.000000
vn 0.843090 0.537772 0.000000
vn 0.843090 0.537772 0.000000
vn 0.331547 -0.519746 0.787363
vn 0.331547 -0.519746 0.787363
vn 0.331547 -0.519746 0.787363
vn 0.331547 -0.519747 0.787362
vn 0.331547 -0.519747 0.787362
vn 0.331547 -0.519747 0.787362
vn 0.331548 -0.519747 0.787362
vn 0.331548 -0.519747 0.787362
vn 0.331548 -0.519747 0.787362
vn 0.331549 -0.519751 0.787359
vn 0.331549 -0.519751 0.787359
vn 0.331549 -0.519751 0.787359
vn 0.331549 -0.519749 0.787360
vn 0.331549 -0.519749 0.787360
vn 0.331549 -0.519749 0.787360
vn 0.331550 -0.519748 0.787361
vn 0.331550 -0.519748 0.787361
vn 0.331550 -0.519748 0.787361
vn 0.324183 -0.508202 0.797894
vn 0.324183 -0.508202 0.797894
vn 0.324183 -0.508202 0.797894
vn 0.324182 -0.508203 0.797895
vn 0.324182 -0.508203 0.797895
vn 0.324182 -0.508203 0.797895
vn 0.324182 -0.508200 0.797897
vn 0.324182 -0.508200 0.797897
vn 0.324182 -0.508200 0.797897
vn 0.324183 -0.508201 0.797896
vn 0.324183 -0.508201 0.797896
vn 0.324183 -0.508201 0.797896
vn 0.537798 -0.843074 0.000000
vn 0.537798 -0.843074 0.000000
vn 0.537798 -0.843074 0.000000
vn 0.537798 -0.843074 -0.000000
vn 0.537798 -0.843074 -0.000000
vn 0.537798 -0.843074 -0.000000
vn 0.537797 -0.843075 0.000000
vn 0.537797 -0.843075 0.000000
vn 0.537797 -0.843075 0.000000
vn 0.537798 -0.843074 0.000000
vn 0.537798 -0.843074 0.000000
vn 0.537798 -0.843074 0.000000
vn 0.537798 -0.843074 0.000000
vn 0.537798 -0.843074 0.000000
vn 0.537798 -0.843074 0.000000
vn 0.537798 -0.843074 -0.000001
vn 0.537798 -0.843074 -0.000001
vn 0.537798 -0.843074 -0.000001
vn 0.537797 -0.843075 0.000000
vn 0.537797 -0.843075 0.000000
vn 0.537797 -0.843075 0.000000
vn 0.843090 0.537772 0.000000
vn 0.843090 0.537772 0.000000
vn 0.843090 0.537772 0.000000
vn -0.843089 0.537774 0.000000
vn -0.843089 0.537774 0.000000
vn -0.843089 0.537774 0.000000
vn 0.843091 0.537771 0.000000
vn 0.843091 0.537771 0.000000
vn 0.843091 0.537771 0.000000
vn 0.843091 0.537771 0.000000
vn 0.843091 0.537771 0.000000
vn 0.843091 0.537771 0.000000
vn 0.843090 0.537772 0.000000
vn 0.843090 0.537772 0.000000
vn 0.843090 0.537772 0.000000
vn -0.766055 0.642775 0.000000
vn -0.766055 0.642775 0.000000
vn -0.766055 0.642775 0.000000
vn -0.766055 0.642775 0.000000
vn -0.766055 0.642775 0.000000
vn -0.766055 0.642775 0.000000
vn -0.766054 0.642776 -0.000012
vn -0.766054 0.642776 -0.000012
vn -0.766054 0.642776 -0.000012
vn -0.537798 -0.843074 0.000000
vn -0.537798 -0.843074 0.000000
vn -0.537798 -0.843074 0.000000
vn -0.537798 -0.843074 -0.000000
vn -0.537798 -0.843074 -0.000000
vn -0.537798 -0.843074 -0.000000
vn -0.537798 -0.843074 -0.000000
vn -0.537798 -0.843074 -0.000000
vn -0.537798 -0.843074 -0.000000
vn -0.537798 -0.843074 0.000000
vn -0.537798 -0.843074 0.000000
vn -0.537798 -0.843074 0.000000
vn -0.537798 -0.843074 -0.000000
vn -0.537798 -0.843074 -0.000000
vn -0.537798 -0.843074 -0.000000
vn -0.537798 -0.843073 -0.000001
vn -0.537798 -0.843073 -0.000001
vn -0.537798 -0.843073 -0.000001
vn 0.000000 0.000000 0.000000
vn 0.000000 0.000000 0.000000
vn 0.000000 0.000000 0.000000
vn 0.843090 0.537772 0.000000
vn 0.843090 0.537772 0.000000
vn 0.843090 0.537772 0.000000
vn 0.000000 0.000000 0.000000
vn 0.000000 0.000000 0.000000
vn 0.000000 0.000000 0.000000
vn 0.000000 0.000000 0.000000
vn 0.000000 0.000000 0.000000
vn 0.000000 0.000000 0.000000
vn -0.317261 0.948338 0.000000
vn -0.317261 0.948338 0.000000
vn -0.317261 0.948338 0.000000
vn -0.317259 0.948339 0.000001
vn -0.317259 0.948339 0.000001
vn -0.317259 0.948339 0.000001
vn -0.317260 0.948339 0.000000
vn -0.317260 0.948339 0.000000
vn -0.317260 0.948339 0.000000
vn -0.317261 0.948338 0.000000
vn -0.317261 0.948338 0.000000
vn -0.317261 0.948338 0.000000
vn -0.317261 0.948338 0.000000
vn -0.317261 0.948338 0.000000
vn -0.317261 0.948338 0.000000
vn 0.324184 -0.508202 -0.797894
vn 0.324184 -0.508202 -0.797894
vn 0.324184 -0.508202 -0.797894
vn 0.324183 -0.508202 -0.797895
vn 0.324183 -0.508202 -0.797895
vn 0.324183 -0.508202 -0.797895
vn 0.000000 0.000000 1.000000
vn 0.000000 0.000000 1.000000
vn 0.000000 0.000000 1.000000
vn 0.000000 0.000000 1.000000
vn 0.000000 0.000000 1.000000
vn 0.000000 0.000000 1.000000
vn 0.726327 0.463292 -0.507749
vn 0.726327 0.463292 -0.507749
vn 0.726327 0.463292 -0.507749
vn 0.726326 0.463294 -0.507749
vn 0.726326 0.463294 -0.507749
vn 0.726326 0.463294 -0.507749
vn 0.843090 0.537772 0.000000
vn 0.843090 0.537772 0.000000
vn 0.843090 0.537772 0.000000
vn 0.843090 0.537772 0.000000
vn 0.843090 0.537772 0.000000
vn 0.843090 0.537772 0.000000
vn 0.843090 0.537772 0.000000
vn 0.843090 0.537772 0.000000
vn 0.843090 0.537772 0.000000
vn 0.843090 0.537772 0.000000
vn 0.843090 0.537772 0.000000
vn 0.843090 0.537772 0.000000
vn 0.843090 0.537772 0.000000
vn 0.843090 0.537772 0.000000
vn 0.843090 0.537772 0.000000
vn 0.843090 0.537772 0.000000
vn 0.843090 0.537772 0.000000
vn 0.843090 0.537772 0.000000
vn -0.103976 0.994580 0.000000
vn -0.103976 0.994580 0.000000
vn -0.103976 0.994580 0.000000
vn -0.103976 0.994580 0.000000
vn -0.103976 0.994580 0.000000
vn -0.103976 0.994580 0.000000
vn -0.103976 0.994580 0.000000
vn -0.103976 0.994580 0.000000
vn -0.103976 0.994580 0.000000
vn -0.103976 0.994580 0.000000
vn -0.103976 0.994580 0.000000
vn -0.103976 0.994580 0.000000
vn 0.843090 0.537772 0.000000
vn 0.843090 0.537772 0.000000
vn 0.843090 0.537772 0.000000
vn 0.843090 0.537772 0.000000
vn 0.843090 0.537772 0.000000
vn 0.843090 0.537772 0.000000
vn 0.843092 0.537769 -0.000001
vn 0.843092 0.537769 -0.000001
vn 0.843092 0.537769 -0.000001
vn -0.843090 0.537772 0.000000
vn -0.843090 0.537772 0.000000
vn -0.843090 0.537772 0.000000
vn 0.000000 0.000000 1.000000
vn 0.000000 0.000000 1.000000
vn 0.000000 0.000000 1.000000
vn 0.362010 0.932174 -0.000000
vn 0.362010 0.932174 -0.000000
vn 0.362010 0.932174 -0.000000
vn 0.362010 0.932174 -0.000000
vn 0.362010 0.932174 -0.000000
vn 0.362010 0.932174 -0.000000
vn 0.362010 0.932174 -0.000000
vn 0.362010 0.932174 -0.000000
vn 0.362010 0.932174 -0.000000
vn 0.362009 0.932175 0.000000
vn 0.362009 0.932175 0.000000
vn 0.362009 0.932175 0.000000
vn 0.000000 0.000000 0.000000
vn 0.000000 0.000000 0.000000
vn 0.000000 0.000000 0.000000
vn 0.000000 0.000000 0.000000
vn 0.000000 0.000000 0.000000
vn 0.000000 0.000000 0.000000
vn 0.362010 0.932174 -0.000000
vn 0.362010 0.932174 -0.000000
vn 0.362010 0.932174 -0.000000
vn 0.362010 0.932174 -0.000000
vn 0.362010 0.932174 -0.000000
vn 0.362010 0.932174 -0.000000
vn -0.843091 0.537771 0.000000
vn -0.843091 0.537771 0.000000
vn -0.843091 0.537771 0.000000
vn -0.843091 0.537771 0.000000
vn -0.843091 0.537771 0.000000
vn -0.843091 0.537771 0.000000
vn -0.769498 0.490829 0.408608
vn -0.769498 0.490829 0.408608
vn -0.769498 0.490829 0.408608
vn -0.769498 0.490829 0.408608
vn -0.769498 0.490829 0.408608
vn -0.769498 0.490829 0.408608
vn -0.502064 0.320246 0.803352
vn -0.502064 0.320246 0.803352
vn -0.502064 0.320246 0.803352
vn -0.502064 0.320246 0.803352
vn -0.502064 0.320246 0.803352
vn -0.502064 0.320246 0.803352
vn -0.324183 -0.508204 -0.797893
vn -0.324183 -0.508204 -0.797893
vn -0.324183 -0.508204 -0.797893
vn -0.324183 -0.508202 -0.797895
vn -0.324183 -0.508202 -0.797895
vn -0.324183 -0.508202 -0.797895
vn -0.324182 -0.508201 -0.797896
vn -0.324182 -0.508201 -0.797896
vn -0.324182 -0.508201 -0.797896
vn -0.324183 -0.508202 -0.797895
vn -0.324183 -0.508202 -0.797895
vn -0.324183 -0.508202 -0.797895
vn -0.324183 -0.508201 -0.797896
vn -0.324183 -0.508201 -0.797896
vn -0.324183 -0.508201 -0.797896
vn -0.324183 -0.508202 -0.797895
vn -0.324183 -0.508202 -0.797895
vn -0.324183 -0.508202 -0.797895
vn -0.613352 0.391232 -0.686103
vn -0.613352 0.391232 -0.686103
vn -0.613352 0.391232 -0.686103
vn -0.613352 0.391232 -0.686103
vn -0.613352 0.391232 -0.686103
vn -0.613352 0.391232 -0.686103
vn 0.000000 0.000000 1.000000
vn 0.000000 0.000000 1.000000
vn 0.000000 0.000000 1.000000
vn 0.000000 0.000000 1.000000
vn 0.000000 0.000000 1.000000
vn 0.000000 0.000000 1.000000
vn 0.000000 0.000000 1.000000
vn 0.000000 0.000000 1.000000
vn 0.000000 0.000000 1.000000
vn 0.337577 0.941298 0.000000
vn 0.337577 0.941298 0.000000
vn 0.337577 0.941298 0.000000
vn 0.337577 0.941298 0.000000
vn 0.337577 0.941298 0.000000
vn 0.337577 0.941298 0.000000
vn 0.337577 0.941298 0.000000
vn 0.337577 0.941298 0.000000
vn 0.337577 0.941298 0.000000
vn 0.000000 0.000000 0.000000
vn 0.000000 0.000000 0.000000
vn 0.000000 0.000000 0.000000
vn 0.000000 0.000000 1.000000
vn 0.000000 0.000000 1.000000
vn 0.000000 0.000000 1.000000
vn -0.843089 0.537774 0.000000
vn -0.843089 0.537774 0.000000
vn -0.843089 0.537774 0.000000
vn 0.379547 0.242096 0.892935
vn 0.379547 0.242096 0.892935
vn 0.379547 0.242096 0.892935
vn 0.379124 0.246058 0.892031
vn 0.379124 0.246058 0.892031
vn 0.379124 0.246058 0.892031
vn -0.537799 -0.843073 -0.000000
vn -0.537799 -0.843073 -0.000000
vn -0.537799 -0.843073 -0.000000
vn -0.537798 -0.843073 0.000000
vn -0.537798 -0.843073 0.000000
vn -0.537798 -0.843073 0.000000
vn -0.537798 -0.843074 0.000000
vn -0.537798 -0.843074 0.000000
vn -0.537798 -0.843074 0.000000
vn -0.537798 -0.843074 0.000000
vn -0.537798 -0.843074 0.000000
vn -0.537798 -0.843074 0.000000
vn -0.537798 -0.843074 0.000000
vn -0.537798 -0.843074 0.000000
vn -0.537798 -0.843074 0.000000
vn -0.537798 -0.843074 0.000000
vn -0.537798 -0.843074 0.000000
vn -0.537798 -0.843074 0.000000
vn -0.537798 -0.843074 0.000000
vn -0.537798 -0.843074 0.000000
vn -0.537798 -0.843074 0.000000
vn -0.537798 -0.843074 -0.000000
vn -0.537798 -0.843074 -0.000000
vn -0.537798 -0.843074 -0.000000
vn -0.324183 -0.508201 -0.797895
vn -0.324183 -0.508201 -0.797895
vn -0.324183 -0.508201 -0.797895
vn -0.324183 -0.508202 -0.797895
vn -0.324183 -0.508202 -0.797895
vn -0.324183 -0.508202 -0.797895
vn -0.843091 0.537771 0.000000
vn -0.843091 0.537771 0.000000
vn -0.843091 0.537771 0.000000
vn -0.843091 0.537771 0.000000
vn -0.843091 0.537771 0.000000
vn -0.843091 0.537771 0.000000
vn -0.843091 0.537771 0.000000
vn -0.843091 0.537771 0.000000
vn -0.843091 0.537771 0.000000
vn -0.843091 0.537771 0.000000
vn -0.843091 0.537771 0.000000
vn -0.843091 0.537771 0.000000
vn 0.000000 0.000000 0.000000
vn 0.000000 0.000000 0.000000
vn 0.000000 0.000000 0.000000
vn 0.000000 0.000000 0.000000
vn 0.000000 0.000000 0.000000
vn 0.000000 0.000000 0.000000
vn 0.052419 0.998625 0.000000
vn 0.052419 0.998625 0.000000
vn 0.052419 0.998625 0.000000
vn 0.052419 0.998625 0.000000
vn 0.052419 0.998625 0.000000
vn 0.052419 0.998625 0.000000
vn -0.843090 0.537772 0.000000
vn -0.843090 0.537772 0.000000
vn -0.843090 0.537772 0.000000
vn -0.696873 0.444506 -0.562835
vn -0.696873 0.444506 -0.562835
vn -0.696873 0.444506 -0.562835
vn -0.696873 0.444506 -0.562835
vn -0.696873 0.444506 -0.562835
vn -0.696873 0.444506 -0.562835
vn -0.724368 0.462044 -0.511670
vn -0.724368 0.462044 -0.511670
vn -0.724368 0.462044 -0.511670
vn -0.724368 0.462044 -0.511670
vn -0.724368 0.462044 -0.511670
vn -0.724368 0.462044 -0.511670
vn -0.554113 0.353442 -0.753683
vn -0.554113 0.353442 -0.753683
vn -0.554113 0.353442 -0.753683
vn -0.554112 0.353446 -0.753681
vn -0.554112 0.353446 -0.753681
vn -0.554112 0.353446 -0.753681
vn -0.684701 0.436741 -0.583475
vn -0.684701 0.436741 -0.583475
vn -0.684701 0.436741 -0.583475
vn -0.684702 0.436738 -0.583476
vn -0.684702 0.436738 -0.583476
vn -0.684702 0.436738 -0.583476
vn 0.103975 0.994580 0.000001
vn 0.103975 0.994580 0.000001
vn 0.103975 0.994580 0.000001
vn 0.103975 0.994580 0.000001
vn 0.103975 0.994580 0.000001
vn 0.103975 0.994580 0.000001
vn 0.000000 0.000000 0.000000
vn 0.000000 0.000000 0.000000
vn 0.000000 0.000000 0.000000
vn 0.000000 0.000000 0.000000
vn 0.000000 0.000000 0.000000
vn 0.000000 0.000000 0.000000
vn -0.343702 0.219232 -0.913130
vn -0.343702 0.219232 -0.913130
vn -0.343702 0.219232 -0.913130
vn -0.343703 0.219234 -0.913129
vn -0.343703 0.219234 -0.913129
vn -0.343703 0.219234 -0.913129
vn 0.000000 0.000000 1.000000
vn 0.000000 0.000000 1.000000
vn 0.000000 0.000000 1.000000
vn -0.843090 0.537773 0.000000
vn -0.843090 0.537773 0.000000
vn -0.843090 0.537773 0.000000
vn 0.000000 0.000000 1.000000
vn 0.000000 0.000000 1.000000
vn 0.000000 0.000000 1.000000
vn -0.324183 -0.508203 0.797894
vn -0.324183 -0.508203 0.797894
vn -0.324183 -0.508203 0.797894
vn -0.324183 -0.508203 0.797894
vn -0.324183 -0.508203 0.797894
vn -0.324183 -0.508203 0.797894
vn -0.324183 -0.508202 0.797895
vn -0.324183 -0.508202 0.797895
vn -0.324183 -0.508202 0.797895
vn -0.324183 -0.508201 0.797895
vn -0.324183 -0.508201 0.797895
vn -0.324183 -0.508201 0.797895
vn -0.843091 0.537771 0.000000
vn -0.843091 0.537771 0.000000
vn -0.843091 0.537771 0.000000
vn -0.843091 0.537771 0.000000
vn -0.843091 0.537771 0.000000
vn -0.843091 0.537771 0.000000
vn -0.537798 -0.843074 0.000000
vn -0.537798 -0.843074 0.000000
vn -0.537798 -0.843074 0.000000
vn -0.537798 -0.843073 -0.000002
vn -0.537798 -0.843073 -0.000002
vn -0.537798 -0.843073 -0.000002
vn -0.537799 -0.843073 0.000000
vn -0.537799 -0.843073 0.000000
vn -0.537799 -0.843073 0.000000
vn -0.537798 -0.843074 0.000000
vn -0.537798 -0.843074 0.000000
vn -0.537798 -0.843074 0.000000
vn -0.537795 -0.843075 -0.000014
vn -0.537795 -0.843075 -0.000014
vn -0.537795 -0.843075 -0.000014
vn -0.537798 -0.843074 0.000000
vn -0.537798 -0.843074 0.000000
vn -0.537798 -0.843074 0.000000
vn -0.537798 -0.843073 -0.000001
vn -0.537798 -0.843073 -0.000001
vn -0.537798 -0.843073 -0.000001
vn -0.282828 -0.443372 0.850546
vn -0.282828 -0.443372 0.850546
vn -0.282828 -0.443372 0.850546
vn -0.282828 -0.443372 0.850546
vn -0.282828 -0.443372 0.850546
vn -0.282828 -0.443372 0.850546
vn -0.579981 0.369945 0.725785
vn -0.579981 0.369945 0.725785
vn -0.579981 0.369945 0.725785
vn -0.579981 0.369945 0.725785
vn -0.579981 0.369945 0.725785
vn -0.579981 0.369945 0.725785
vn 0.843090 0.537772 -0.000000
vn 0.843090 0.537772 -0.000000
vn 0.843090 0.537772 -0.000000
vn 0.843090 0.537772 0.000000
vn 0.843090 0.537772 0.000000
vn 0.843090 0.537772 0.000000
vn -0.766056 0.642774 0.000000
vn -0.766056 0.642774 0.000000
vn -0.766056 0.642774 0.000000
vn -0.766056 0.642774 0.000000
vn -0.766056 0.642774 0.000000
vn -0.766056 0.642774 0.000000
vn -0.541675 0.454503 -0.707118
vn -0.541675 0.454503 -0.707118
vn -0.541675 0.454503 -0.707118
vn -0.541675 0.454503 -0.707118
vn -0.541675 0.454503 -0.707118
vn -0.541675 0.454503 -0.707118
vn -0.642801 -0.766033 0.000000
vn -0.642801 -0.766033 0.000000
vn -0.642801 -0.766033 0.000000
vn -0.642801 -0.766033 0.000000
vn -0.642801 -0.766033 0.000000
vn -0.642801 -0.766033 0.000000
vn 0.843090 0.537772 0.000000
vn 0.843090 0.537772 0.000000
vn 0.843090 0.537772 0.000000
vn -0.541675 0.454503 -0.707118
vn -0.541675 0.454503 -0.707118
vn -0.541675 0.454503 -0.707118
vn -0.541675 0.454504 -0.707117
vn -0.541675 0.454504 -0.707117
vn -0.541675 0.454504 -0.707117
vn 0.000000 0.000000 1.000000
vn 0.000000 0.000000 1.000000
vn 0.000000 0.000000 1.000000
vn 0.000000 0.000000 1.000000
vn 0.000000 0.000000 1.000000
vn 0.000000 0.000000 1.000000
vn 0.642802 0.766032 0.000000
vn 0.642802 0.766032 0.000000
vn 0.642802 0.766032 0.000000
vn 0.642802 0.766032 0.000000
vn 0.642802 0.766032 0.000000
vn 0.642802 0.766032 0.000000
vn -0.843091 0.537771 0.000000
vn -0.843091 0.537771 0.000000
vn -0.843091 0.537771 0.000000
vn -0.843090 0.537772 0.000000
vn -0.843090 0.537772 0.000000
vn -0.843090 0.537772 0.000000
vn -0.843091 0.537771 0.000000
vn -0.843091 0.537771 0.000000
vn -0.843091 0.537771 0.000000
vn -0.843093 0.537769 -0.000004
vn -0.843093 0.537769 -0.000004
vn -0.843093 0.537769 -0.000004
vn -0.843091 0.537771 0.000000
vn -0.843091 0.537771 0.000000
vn -0.843091 0.537771 0.000000
vn -0.843091 0.537771 0.000000
vn -0.843091 0.537771 0.000000
vn -0.843091 0.537771 0.000000
vn 0.000000 0.000000 1.000000
vn 0.000000 0.000000 1.000000
vn 0.000000 0.000000 1.000000
vn 0.000000 0.000000 1.000000
vn 0.000000 0.000000 1.000000
vn 0.000000 0.000000 1.000000
vn 0.000000 0.000000 1.000000
vn 0.000000 0.000000 1.000000
vn 0.000000 0.000000 1.000000
vn -0.642802 -0.766032 0.000000
vn -0.642802 -0.766032 0.000000
vn -0.642802 -0.766032 0.000000
vn -0.642802 -0.766032 0.000000
vn -0.642802 -0.766032 0.000000
vn -0.642802 -0.766032 0.000000
vn -0.766056 0.642774 0.000000
vn -0.766056 0.642774 0.000000
vn -0.766056 0.642774 0.000000
vn -0.766056 0.642774 0.000000
vn -0.766056 0.642774 0.000000
vn -0.766056 0.642774 0.000000
vn -0.324183 -0.508201 0.797895
vn -0.324183 -0.508201 0.797895
vn -0.324183 -0.508201 0.797895
vn -0.324183 -0.508201 0.797895
vn -0.324183 -0.508201 0.797895
vn -0.324183 -0.508201 0.797895
vn 0.726328 0.463293 -0.507748
vn 0.726328 0.463293 -0.507748
vn 0.726328 0.463293 -0.507748
vn 0.726327 0.463294 -0.507747
vn 0.726327 0.463294 -0.507747
vn 0.726327 0.463294 -0.507747
vn 0.642801 0.766033 0.000000
vn 0.642801 0.766033 0.000000
vn 0.642801 0.766033 0.000000
vn 0.642801 0.766033 0.000000
vn 0.642801 0.766033 0.000000
vn 0.642801 0.766033 0.000000
vn 0.843095 0.537765 0.000000
vn 0.843095 0.537765 0.000000
vn 0.843095 0.537765 0.000000
vn 0.000000 0.000000 1.000000
vn 0.000000 0.000000 1.000000
vn 0.000000 0.000000 1.000000
vn 0.331548 -0.519748 0.787362
vn 0.331548 -0.519748 0.787362
vn 0.331548 -0.519748 0.787362
vn 0.331548 -0.519748 0.787361
vn 0.331548 -0.519748 0.787361
vn 0.331548 -0.519748 0.787361
vn -0.537798 -0.843074 0.000000
vn -0.537798 -0.843074 0.000000
vn -0.537798 -0.843074 0.000000
vn -0.537798 -0.843074 0.000000
vn -0.537798 -0.843074 0.000000
vn -0.537798 -0.843074 0.000000
vn 0.000000 0.000000 0.000000
vn 0.000000 0.000000 0.000000
vn 0.000000 0.000000 0.000000
vn 0.000000 0.000000 0.000000
vn 0.000000 0.000000 0.000000
vn 0.000000 0.000000 0.000000
vn 0.324183 -0.508203 -0.797894
vn 0.324183 -0.508203 -0.797894
vn 0.324183 -0.508203 -0.797894
vn 0.324183 -0.508202 -0.797895
vn 0.324183 -0.508202 -0.797895
vn 0.324183 -0.508202 -0.797895
vn 0.324183 -0.508202 -0.797895
vn 0.324183 -0.508202 -0.797895
vn 0.324183 -0.508202 -0.797895
vn 0.537799 -0.843073 0.000000
vn 0.537799 -0.843073 0.000000
vn 0.537799 -0.843073 0.000000
vn 0.537799 -0.843073 0.000000
vn 0.537799 -0.843073 0.000000
vn 0.537799 -0.843073 0.000000
vn 0.537799 -0.843073 0.000000
vn 0.537799 -0.843073 0.000000
vn 0.537799 -0.843073 0.000000
vn 0.537799 -0.843073 0.000000
vn 0.537799 -0.843073 0.000000
vn 0.537799 -0.843073 0.000000
vn 0.537794 -0.843076 0.000000
vn 0.537794 -0.843076 0.000000
vn 0.537794 -0.843076 0.000000
vn 0.537794 -0.843076 0.000000
vn 0.537794 -0.843076 0.000000
vn 0.537794 -0.843076 0.000000
vn 0.000000 0.000000 0.000000
vn 0.000000 0.000000 0.000000
vn 0.000000 0.000000 0.000000
vn -0.843091 0.537771 0.000000
vn -0.843091 0.537771 0.000000
vn -0.843091 0.537771 0.000000
vn -0.843091 0.537771 0.000000
vn -0.843091 0.537771 0.000000
vn -0.843091 0.537771 0.000000
vn 0.725350 0.462670 0.509710
vn 0.725350 0.462670 0.509710
vn 0.725350 0.462670 0.509710
vn 0.725350 0.462670 0.509710
vn 0.725350 0.462670 0.509710
vn 0.725350 0.462670 0.509710
vn -0.843091 0.537771 0.000000
vn -0.843091 0.537771 0.000000
vn -0.843091 0.537771 0.000000
vn 0.843091 0.537771 0.000000
vn 0.843091 0.537771 0.000000
vn 0.843091 0.537771 0.000000
vn 0.843090 0.537772 0.000000
vn 0.843090 0.537772 0.000000
vn 0.843090 0.537772 0.000000
vn 0.331548 -0.519748 0.787361
vn 0.331548 -0.519748 0.787361
vn 0.331548 -0.519748 0.787361
vn 0.331549 -0.519749 0.787360
vn 0.331549 -0.519749 0.787360
vn 0.331549 -0.519749 0.787360
vn 0.331549 -0.519748 0.787361
vn 0.331549 -0.519748 0.787361
vn 0.331549 -0.519748 0.787361
vn 0.331548 -0.519748 0.787361
vn 0.331548 -0.519748 0.787361
vn 0.331548 -0.519748 0.787361
vn -0.537798 -0.843074 0.000000
vn -0.537798 -0.843074 0.000000
vn -0.537798 -0.843074 0.000000
vn -0.537798 -0.843074 0.000000
vn -0.537798 -0.843074 0.000000
vn -0.537798 -0.843074 0.000000
vn -0.537798 -0.843074 0.000000
vn -0.537798 -0.843074 0.000000
vn -0.537798 -0.843074 0.000000
vn 0.000000 0.000000 0.000000
vn 0.000000 0.000000 0.000000
vn 0.000000 0.000000 0.000000
vn 0.000000 0.000000 1.000000
vn 0.000000 0.000000 1.000000
vn 0.000000 0.000000 1.000000
vn 0.000000 0.000000 1.000000
vn 0.000000 0.000000 1.000000
vn 0.000000 0.000000 1.000000
vn 0.000000 0.000000 0.000000
vn 0.000000 0.000000 0.000000
vn 0.000000 0.000000 0.000000
vn 0.000000 0.000000 0.000000
vn 0.000000 0.000000 0.000000
vn 0.000000 0.000000 0.000000
vn -0.261843 0.965110 0.000000
vn -0.261843 0.965110 0.000000
vn -0.261843 0.965110 0.000000
vn -0.261843 0.965110 0.000000
vn -0.261843 0.965110 0.000000
vn -0.261843 0.965110 0.000000
vn -0.324184 -0.508202 0.797894
vn -0.324184 -0.508202 0.797894
vn -0.324184 -0.508202 0.797894
vn -0.324184 -0.508204 0.797893
vn -0.324184 -0.508204 0.797893
vn -0.324184 -0.508204 0.797893
vn -0.324183 -0.508202 0.797895
vn -0.324183 -0.508202 0.797895
vn -0.324183 -0.508202 0.797895
vn -0.324183 -0.508201 0.797895
vn -0.324183 -0.508201 0.797895
vn -0.324183 -0.508201 0.797895
vn -0.324182 -0.508202 0.797895
vn -0.324182 -0.508202 0.797895
vn -0.324182 -0.508202 0.797895
vn -0.324182 -0.508201 0.797896
vn -0.324182 -0.508201 0.797896
vn -0.324182 -0.508201 0.797896
vn -0.324183 -0.508202 0.797895
vn -0.324183 -0.508202 0.797895
vn -0.324183 -0.508202 0.797895
vn -0.324183 -0.508202 0.797895
vn -0.324183 -0.508202 0.797895
vn -0.324183 -0.508202 0.797895
vn -0.299947 -0.470207 -0.830022
vn -0.299947 -0.470207 -0.830022
vn -0.299947 -0.470207 -0.830022
vn -0.299947 -0.470208 -0.830022
vn -0.299947 -0.470208 -0.830022
vn -0.299947 -0.470208 -0.830022
vn -0.299947 -0.470208 -0.830022
vn -0.299947 -0.470208 -0.830022
vn -0.299947 -0.470208 -0.830022
vn -0.843091 0.537771 0.000000
vn -0.843091 0.537771 0.000000
vn -0.843091 0.537771 0.000000
vn 0.766056 0.642774 0.000000
vn 0.766056 0.642774 0.000000
vn 0.766056 0.642774 0.000000
vn 0.766056 0.642774 0.000000
vn 0.766056 0.642774 0.000000
vn 0.766056 0.642774 0.000000
vn 0.843090 0.537772 0.000000
vn 0.843090 0.537772 0.000000
vn 0.843090 0.537772 0.000000
vn -0.331548 -0.519748 0.787361
vn -0.331548 -0.519748 0.787361
vn -0.331548 -0.519748 0.787361
vn -0.331548 -0.519748 0.787362
vn -0.331548 -0.519748 0.787362
vn -0.331548 -0.519748 0.787362
vn -0.331549 -0.519749 0.787361
vn -0.331549 -0.519749 0.787361
vn -0.331549 -0.519749 0.787361
vn -0.331549 -0.519750 0.787360
vn -0.331549 -0.519750 0.787360
vn -0.331549 -0.519750 0.787360
vn 0.843090 0.537772 -0.000000
vn 0.843090 0.537772 -0.000000
vn 0.843090 0.537772 -0.000000
vn 0.843090 0.537772 0.000000
vn 0.843090 0.537772 0.000000
vn 0.843090 0.537772 0.000000
vn 0.843090 0.537772 0.000000
vn 0.843090 0.537772 0.000000
vn 0.843090 0.537772 0.000000
vn 0.000000 0.000000 0.000000
vn 0.000000 0.000000 0.000000
vn 0.000000 0.000000 0.000000
vn 0.000000 0.000000 0.000000
vn 0.000000 0.000000 0.000000
vn 0.000000 0.000000 0.000000
vn -0.537798 -0.843073 -0.000001
vn -0.537798 -0.843073 -0.000001
vn -0.537798 -0.843073 -0.000001
vn -0.537798 -0.843073 0.000000
vn -0.537798 -0.843073 0.000000
vn -0.537798 -0.843073 0.000000
vn -0.537798 -0.843073 0.000000
vn -0.537798 -0.843073 0.000000
vn -0.537798 -0.843073 0.000000
vn 0.000000 0.000000 0.000000
vn 0.000000 0.000000 0.000000
vn 0.000000 0.000000 0.000000
vn 0.324182 -0.508203 -0.797894
vn 0.324182 -0.508203 -0.797894
vn 0.324182 -0.508203 -0.797894
vn 0.324183 -0.508202 -0.797895
vn 0.324183 -0.508202 -0.797895
vn 0.324183 -0.508202 -0.797895
vn 0.324183 -0.508202 -0.797895
vn 0.324183 -0.508202 -0.797895
vn 0.324183 -0.508202 -0.797895
vn 0.000000 0.000000 1.000000
vn 0.000000 0.000000 1.000000
vn 0.000000 0.000000 1.000000
vn 0.554114 0.353446 -0.753680
vn 0.554114 0.353446 -0.753680
vn 0.554114 0.353446 -0.753680
vn 0.554114 0.353446 -0.753680
vn 0.554114 0.353446 -0.753680
vn 0.554114 0.353446 -0.753680
vn 0.843088 0.537776 0.000000
vn 0.843088 0.537776 0.000000
vn 0.843088 0.537776 0.000000
vn 0.331550 -0.519750 -0.787359
vn 0.331550 -0.519750 -0.787359
vn 0.331550 -0.519750 -0.787359
vn 0.331548 -0.519747 -0.787362
vn 0.331548 -0.519747 -0.787362
vn 0.331548 -0.519747 -0.787362
vn 0.331548 -0.519748 -0.787362
vn 0.331548 -0.519748 -0.787362
vn 0.331548 -0.519748 -0.787362
vn -0.103974 0.994580 0.000000
vn -0.103974 0.994580 0.000000
vn -0.103974 0.994580 0.000000
vn 0.000000 0.000000 0.000000
vn 0.000000 0.000000 0.000000
vn 0.000000 0.000000 0.000000
vn -0.103974 0.994580 0.000000
vn -0.103974 0.994580 0.000000
vn -0.103974 0.994580 0.000000
vn -0.103974 0.994580 0.000000
vn -0.103974 0.994580 0.000000
vn -0.103974 0.994580 0.000000
vn -0.537798 0.843074 0.000000
vn -0.537798 0.843074 0.000000
vn -0.537798 0.843074 0.000000
vn -0.537798 0.843074 0.000000
vn -0.537798 0.843074 0.000000
vn -0.537798 0.843074 0.000000
vn 0.000000 0.000000 1.000000
vn 0.000000 0.000000 1.000000
vn 0.000000 0.000000 1.000000
vn 0.000000 0.000000 1.000000
vn 0.000000 0.000000 1.000000
vn 0.000000 0.000000 1.000000
vn 0.843091 0.537772 0.000000
vn 0.843091 0.537772 0.000000
vn 0.843091 0.537772 0.000000
vn 0.843091 0.537772 0.000000
vn 0.843091 0.537772 0.000000
vn 0.843091 0.537772 0.000000
vn -0.324181 0.508203 0.797895
vn -0.324181 0.508203 0.797895
vn -0.324181 0.508203 0.797895
vn -0.324183 0.508202 0.797895
vn -0.324183 0.508202 0.797895
vn -0.324183 0.508202 0.797895
vn -0.324182 0.508202 0.797895
vn -0.324182 0.508202 0.797895
vn -0.324182 0.508202 0.797895
vn -0.324181 0.508198 0.797898
vn -0.324181 0.508198 0.797898
vn -0.324181 0.508198 0.797898
vn -0.843088 -0.537776 0.000000
vn -0.843088 -0.537776 0.000000
vn -0.843088 -0.537776 0.000000
vn -0.843088 -0.537776 0.000000
vn -0.843088 -0.537776 0.000000
vn -0.843088 -0.537776 0.000000
vn -0.843088 -0.537776 0.000000
vn -0.843088 -0.537776 0.000000
vn -0.843088 -0.537776 0.000000
vn 0.537798 -0.843073 -0.000000
vn 0.537798 -0.843073 -0.000000
vn 0.537798 -0.843073 -0.000000
vn 0.537798 -0.843073 -0.000000
vn 0.537798 -0.843073 -0.000000
vn 0.537798 -0.843073 -0.000000
vn 0.537798 -0.843074 0.000000
vn 0.537798 -0.843074 0.000000
vn 0.537798 -0.843074 0.000000
vn 0.843090 0.537773 0.000000
vn 0.843090 0.537773 0.000000
vn 0.843090 0.537773 0.000000
vn 0.324183 -0.508202 0.797895
vn 0.324183 -0.508202 0.797895
vn 0.324183 -0.508202 0.797895
vn 0.324183 -0.508202 0.797895
vn 0.324183 -0.508202 0.797895
vn 0.324183 -0.508202 0.797895
vn 0.000000 0.000000 1.000000
vn 0.000000 0.000000 1.000000
vn 0.000000 0.000000 1.000000
vn -0.519421 0.331315 0.787675
vn -0.519421 0.331315 0.787675
vn -0.519421 0.331315 0.787675
vn -0.519421 0.331316 0.787675
vn -0.519421 0.331316 0.787675
vn -0.519421 0.331316 0.787675
vn 0.843090 0.537772 0.000000
vn 0.843090 0.537772 0.000000
vn 0.843090 0.537772 0.000000
vn 0.843090 0.537772 0.000000
vn 0.843090 0.537772 0.000000
vn 0.843090 0.537772 0.000000
vn -0.766056 -0.642774 -0.000000
vn -0.766056 -0.642774 -0.000000
vn -0.766056 -0.642774 -0.000000
vn -0.766056 -0.642774 0.000000
vn -0.766056 -0.642774 0.000000
vn -0.766056 -0.642774 0.000000
vn -0.766055 -0.642775 0.000000
vn -0.766055 -0.642775 0.000000
vn -0.766055 -0.642775 0.000000
vn -0.766055 -0.642775 0.000000
vn -0.766055 -0.642775 0.000000
vn -0.766055 -0.642775 0.000000
vn -0.766055 -0.642774 -0.000000
vn -0.766055 -0.642774 -0.000000
vn -0.766055 -0.642774 -0.000000
vn -0.766056 -0.642774 -0.000000
vn -0.766056 -0.642774 -0.000000
vn -0.766056 -0.642774 -0.000000
vn -0.843091 0.537771 0.000000
vn -0.843091 0.537771 0.000000
vn -0.843091 0.537771 0.000000
vn -0.843091 0.537771 0.000000
vn -0.843091 0.537771 0.000000
vn -0.843091 0.537771 0.000000
vn -0.843091 0.537771 0.000000
vn -0.843091 0.537771 0.000000
vn -0.843091 0.537771 0.000000
vn -0.843090 0.537772 0.000000
vn -0.843090 0.537772 0.000000
vn -0.843090 0.537772 0.000000
vn -0.843090 0.537772 0.000000
vn -0.843090 0.537772 0.000000
vn -0.843090 0.537772 0.000000
vn 0.769497 0.490830 0.408608
vn 0.769497 0.490830 0.408608
vn 0.769497 0.490830 0.408608
vn 0.769497 0.490830 0.408608
vn 0.769497 0.490830 0.408608
vn 0.769497 0.490830 0.408608
vn 0.331548 -0.519749 0.787361
vn 0.331548 -0.519749 0.787361
vn 0.331548 -0.519749 0.787361
vn 0.331546 -0.519749 0.787361
vn 0.331546 -0.519749 0.787361
vn 0.331546 -0.519749 0.787361
vn 0.331546 -0.519746 0.787364
vn 0.331546 -0.519746 0.787364
vn 0.331546 -0.519746 0.787364
vn 0.331548 -0.519748 0.787362
vn 0.331548 -0.519748 0.787362
vn 0.331548 -0.519748 0.787362
vn 0.619851 0.395381 0.677833
vn 0.619851 0.395381 0.677833
vn 0.619851 0.395381 0.677833
vn 0.619852 0.395377 0.677836
vn 0.619852 0.395377 0.677836
vn 0.619852 0.395377 0.677836
vn -0.331548 -0.519749 -0.787361
vn -0.331548 -0.519749 -0.787361
vn -0.331548 -0.519749 -0.787361
vn -0.331548 -0.519748 -0.787361
vn -0.331548 -0.519748 -0.787361
vn -0.331548 -0.519748 -0.787361
vn -0.331548 -0.519748 -0.787361
vn -0.331548 -0.519748 -0.787361
vn -0.331548 -0.519748 -0.787361
vn 0.468504 0.298840 -0.831384
vn 0.468504 0.298840 -0.831384
vn 0.468504 0.298840 -0.831384
vn 0.468504 0.298841 -0.831383
vn 0.468504 0.298841 -0.831383
vn 0.468504 0.298841 -0.831383
vn 0.412486 0.263107 -0.872141
vn 0.412486 0.263107 -0.872141
vn 0.412486 0.263107 -0.872141
vn 0.412486 0.263109 -0.872141
vn 0.412486 0.263109 -0.872141
vn 0.412486 0.263109 -0.872141
vn 0.000000 0.000000 1.000000
vn 0.000000 0.000000 1.000000
vn 0.000000 0.000000 1.000000
vn 0.000000 0.000000 0.000000
vn 0.000000 0.000000 0.000000
vn 0.000000 0.000000 0.000000
vn -0.362012 0.932173 0.000000
vn -0.362012 0.932173 0.000000
vn -0.362012 0.932173 0.000000
vn -0.362012 0.932173 0.000000
vn -0.362012 0.932173 0.000000
vn -0.362012 0.932173 0.000000
vn -0.362012 0.932173 0.000000
vn -0.362012 0.932173 0.000000
vn -0.362012 0.932173 0.000000
vn -0.362012 0.932173 0.000000
vn -0.362012 0.932173 0.000000
vn -0.362012 0.932173 0.000000
vn -0.362012 0.932173 0.000000
vn -0.362012 0.932173 0.000000
vn -0.362012 0.932173 0.000000
vn -0.362012 0.932173 0.000000
vn -0.362012 0.932173 0.000000
vn -0.362012 0.932173 0.000000
vn 0.843095 0.537765 0.000000
vn 0.843095 0.537765 0.000000
vn 0.843095 0.537765 0.000000
vn 0.537798 -0.843074 0.000000
vn 0.537798 -0.843074 0.000000
vn 0.537798 -0.843074 0.000000
vn 0.537798 -0.843074 0.000000
vn 0.537798 -0.843074 0.000000
vn 0.537798 -0.843074 0.000000
vn 0.537798 -0.843074 0.000000
vn 0.537798 -0.843074 0.000000
vn 0.537798 -0.843074 0.000000
vn 0.537798 -0.843074 0.000000
vn 0.537798 -0.843074 0.000000
vn 0.537798 -0.843074 0.000000
vn 0.537799 -0.843073 0.000000
vn 0.537799 -0.843073 0.000000
vn 0.537799 -0.843073 0.000000
vn 0.537799 -0.843073 0.000000
vn 0.537799 -0.843073 0.000000
vn 0.537799 -0.843073 0.000000
vn 0.647745 0.413170 0.640091
vn 0.647745 0.413170 0.640091
vn 0.647745 0.413170 0.640091
vn 0.647745 0.413172 0.640090
vn 0.647745 0.413172 0.640090
vn 0.647745 0.413172 0.640090
vn 0.843090 0.537772 0.000000
vn 0.843090 0.537772 0.000000
vn 0.843090 0.537772 0.000000
vn 0.843090 0.537772 0.000000
vn 0.843090 0.537772 0.000000
vn 0.843090 0.537772 0.000000
vn 0.843095 0.537765 0.000000
vn 0.843095 0.537765 0.000000
vn 0.843095 0.537765 0.000000
vn 0.537798 -0.843074 0.000000
vn 0.537798 -0.843074 0.000000
vn 0.537798 -0.843074 0.000000
vn 0.537798 -0.843074 0.000000
vn 0.537798 -0.843074 0.000000
vn 0.537798 -0.843074 0.000000
vn 0.537798 -0.843074 0.000000
vn 0.537798 -0.843074 0.000000
vn 0.537798 -0.843074 0.000000
vn 0.537798 -0.843074 -0.000001
vn 0.537798 -0.843074 -0.000001
vn 0.537798 -0.843074 -0.000001
vn 0.537798 -0.843074 0.000000
vn 0.537798 -0.843074 0.000000
vn 0.537798 -0.843074 0.000000
vn 0.537798 -0.843074 -0.000000
vn 0.537798 -0.843074 -0.000000
vn 0.537798 -0.843074 -0.000000
vn 0.537798 -0.843074 0.000000
vn 0.537798 -0.843074 0.000000
vn 0.537798 -0.843074 0.000000
vn 0.324184 -0.508204 0.797893
vn 0.324184 -0.508204 0.797893
vn 0.324184 -0.508204 0.797893
vn 0.324183 -0.508201 0.797895
vn 0.324183 -0.508201 0.797895
vn 0.324183 -0.508201 0.797895
vn 0.324183 -0.508201 0.797895
vn 0.324183 -0.508201 0.797895
vn 0.324183 -0.508201 0.797895
vn 0.324183 -0.508202 0.797894
vn 0.324183 -0.508202 0.797894
vn 0.324183 -0.508202 0.797894
vn 0.331548 -0.519748 0.787362
vn 0.331548 -0.519748 0.787362
vn 0.331548 -0.519748 0.787362
vn 0.331548 -0.519748 0.787361
vn 0.331548 -0.519748 0.787361
vn 0.331548 -0.519748 0.787361
vn 0.843091 0.537772 0.000000
vn 0.843091 0.537772 0.000000
vn 0.843091 0.537772 0.000000
vn 0.843091 0.537772 0.000000
vn 0.843091 0.537772 0.000000
vn 0.843091 0.537772 0.000000
vn 0.843090 0.537772 0.000000
vn 0.843090 0.537772 0.000000
vn 0.843090 0.537772 0.000000
vn 0.331548 -0.519748 -0.787361
vn 0.331548 -0.519748 -0.787361
vn 0.331548 -0.519748 -0.787361
vn 0.331548 -0.519748 -0.787361
vn 0.331548 -0.519748 -0.787361
vn 0.331548 -0.519748 -0.787361
vn 0.331548 -0.519749 -0.787361
vn 0.331548 -0.519749 -0.787361
vn 0.331548 -0.519749 -0.787361
vn 0.843090 0.537772 0.000000
vn 0.843090 0.537772 0.000000
vn 0.843090 0.537772 0.000000
vn 0.843091 0.537771 -0.000005
vn 0.843091 0.537771 -0.000005
vn 0.843091 0.537771 -0.000005
vn 0.843089 0.537774 0.000000
vn 0.843089 0.537774 0.000000
vn 0.843089 0.537774 0.000000
vn 0.843089 0.537774 0.000000
vn 0.843089 0.537774 0.000000
vn 0.843089 0.537774 0.000000
vn 0.843089 0.537774 0.000000
vn 0.843089 0.537774 0.000000
vn 0.843089 0.537774 0.000000
vn 0.843090 0.537772 0.000000
vn 0.843090 0.537772 0.000000
vn 0.843090 0.537772 0.000000
vn 0.843089 0.537774 0.000000
vn 0.843089 0.537774 0.000000
vn 0.843089 0.537774 0.000000
vn 0.843089 0.537775 0.000000
vn 0.843089 0.537775 0.000000
vn 0.843089 0.537775 0.000000
vn 0.843090 0.537772 -0.000000
vn 0.843090 0.537772 -0.000000
vn 0.843090 0.537772 -0.000000
vn 0.843089 0.537774 0.000000
vn 0.843089 0.537774 0.000000
vn 0.843089 0.537774 0.000000
vn 0.843090 0.537772 -0.000000
vn 0.843090 0.537772 -0.000000
vn 0.843090 0.537772 -0.000000
vn 0.843089 0.537774 0.000000
vn 0.843089 0.537774 0.000000
vn 0.843089 0.537774 0.000000
vn 0.843089 0.537774 0.000000
vn 0.843089 0.537774 0.000000
vn 0.843089 0.537774 0.000000
vn 0.843090 0.537772 -0.000000
vn 0.843090 0.537772 -0.000000
vn 0.843090 0.537772 -0.000000
vn 0.843089 0.537774 0.000000
vn 0.843089 0.537774 0.000000
vn 0.843089 0.537774 0.000000
vn 0.843090 0.537772 0.000000
vn 0.843090 0.537772 0.000000
vn 0.843090 0.537772 0.000000
vn 0.843090 0.537772 -0.000000
vn 0.843090 0.537772 -0.000000
vn 0.843090 0.537772 -0.000000
vn 0.843089 0.537774 0.000000
vn 0.843089 0.537774 0.000000
vn 0.843089 0.537774 0.000000
vn 0.843089 0.537774 0.000000
vn 0.843089 0.537774 0.000000
vn 0.843089 0.537774 0.000000
vn 0.843090 0.537772 0.000000
vn 0.843090 0.537772 0.000000
vn 0.843090 0.537772 0.000000
vn 0.843089 0.537774 0.000000
vn 0.843089 0.537774 0.000000
vn 0.843089 0.537774 0.000000
vn 0.843089 0.537774 0.000000
vn 0.843089 0.537774 0.000000
vn 0.843089 0.537774 0.000000
vn 0.843090 0.537772 0.000000
vn 0.843090 0.537772 0.000000
vn 0.843090 0.537772 0.000000
vn 0.843089 0.537774 0.000000
vn 0.843089 0.537774 0.000000
vn 0.843089 0.537774 0.000000
vn 0.843090 0.537772 0.000002
vn 0.843090 0.537772 0.000002
vn 0.843090 0.537772 0.000002
vn 0.843089 0.537774 -0.000003
vn 0.843089 0.537774 -0.000003
vn 0.843089 0.537774 -0.000003
vn 0.843090 0.537772 0.000000
vn 0.843090 0.537772 0.000000
vn 0.843090 0.537772 0.000000
vn 0.843090 0.537772 0.000000
vn 0.843090 0.537772 0.000000
vn 0.843090 0.537772 0.000000
vn 0.843090 0.537772 0.000000
vn 0.843090 0.537772 0.000000
vn 0.843090 0.537772 0.000000
vn 0.843090 0.537772 0.000000
vn 0.843090 0.537772 0.000000
vn 0.843090 0.537772 0.000000
vn 0.324183 -0.508202 -0.797895
vn 0.324183 -0.508202 -0.797895
vn 0.324183 -0.508202 -0.797895
vn 0.324183 -0.508202 -0.797895
vn 0.324183 -0.508202 -0.797895
vn 0.324183 -0.508202 -0.797895
vn -0.843092 -0.537769 0.000000
vn -0.843092 -0.537769 0.000000
vn -0.843092 -0.537769 0.000000
vn -0.843092 -0.537769 0.000000
vn -0.843092 -0.537769 0.000000
vn -0.843092 -0.537769 0.000000
vn 0.843090 0.537772 0.000000
vn 0.843090 0.537772 0.000000
vn 0.843090 0.537772 0.000000
vn 0.843090 0.537772 0.000000
vn 0.843090 0.537772 0.000000
vn 0.843090 0.537772 0.000000
vn 0.843090 0.537772 0.000000
vn 0.843090 0.537772 0.000000
vn 0.843090 0.537772 0.000000
vn 0.707163 0.451070 -0.544479
vn 0.707163 0.451070 -0.544479
vn 0.707163 0.451070 -0.544479
vn 0.707163 0.451070 -0.544479
vn 0.707163 0.451070 -0.544479
vn 0.707163 0.451070 -0.544479
vn 0.331548 -0.519747 -0.787362
vn 0.331548 -0.519747 -0.787362
vn 0.331548 -0.519747 -0.787362
vn 0.331548 -0.519749 -0.787360
vn 0.331548 -0.519749 -0.787360
vn 0.331548 -0.519749 -0.787360
vn 0.843088 0.537776 0.000000
vn 0.843088 0.537776 0.000000
vn 0.843088 0.537776 0.000000
vn 0.843090 0.537772 0.000000
vn 0.843090 0.537772 0.000000
vn 0.843090 0.537772 0.000000
vn 0.547529 0.349246 -0.760420
vn 0.547529 0.349246 -0.760420
vn 0.547529 0.349246 -0.760420
vn 0.547529 0.349246 -0.760420
vn 0.547529 0.349246 -0.760420
vn 0.547529 0.349246 -0.760420
vn 0.493155 0.314562 -0.811079
vn 0.493155 0.314562 -0.811079
vn 0.493155 0.314562 -0.811079
vn 0.493155 0.314566 -0.811077
vn 0.493155 0.314566 -0.811077
vn 0.493155 0.314566 -0.811077
vn 0.619852 0.395377 0.677836
vn 0.619852 0.395377 0.677836
vn 0.619852 0.395377 0.677836
vn 0.619852 0.395377 0.677836
vn 0.619852 0.395377 0.677836
vn 0.619852 0.395377 0.677836
vn 0.103974 0.994580 -0.000001
vn 0.103974 0.994580 -0.000001
vn 0.103974 0.994580 -0.000001
vn 0.103974 0.994580 -0.000001
vn 0.103974 0.994580 -0.000001
vn 0.103974 0.994580 -0.000001
vn 0.103974 0.994580 -0.000001
vn 0.103974 0.994580 -0.000001
vn 0.103974 0.994580 -0.000001
vn -0.407052 -0.638111 -0.653546
vn -0.407052 -0.638111 -0.653546
vn -0.407052 -0.638111 -0.653546
vn -0.407052 -0.638111 -0.653546
vn -0.407052 -0.638111 -0.653546
vn -0.407052 -0.638111 -0.653546
vn 0.843090 0.537772 0.000000
vn 0.843090 0.537772 0.000000
vn 0.843090 0.537772 0.000000
vn 0.331548 -0.519749 -0.787360
vn 0.331548 -0.519749 -0.787360
vn 0.331548 -0.519749 -0.787360
vn 0.331548 -0.519748 -0.787361
vn 0.331548 -0.519748 -0.787361
vn 0.331548 -0.519748 -0.787361
vn 0.541555 0.345436 -0.766416
vn 0.541555 0.345436 -0.766416
vn 0.541555 0.345436 -0.766416
vn 0.541555 0.345436 -0.766416
vn 0.541555 0.345436 -0.766416
vn 0.541555 0.345436 -0.766416
vn 0.843095 0.537765 0.000000
vn 0.843095 0.537765 0.000000
vn 0.843095 0.537765 0.000000
vn 0.843095 0.537765 0.000000
vn 0.843095 0.537765 0.000000
vn 0.843095 0.537765 0.000000
vn 0.843090 0.537772 0.000000
vn 0.843090 0.537772 0.000000
vn 0.843090 0.537772 0.000000
vn -0.537798 0.843074 -0.000000
vn -0.537798 0.843074 -0.000000
vn -0.537798 0.843074 -0.000000
vn -0.537798 0.843074 -0.000001
vn -0.537798 0.843074 -0.000001
vn -0.537798 0.843074 -0.000001
vn 0.000000 0.000000 0.000000
vn 0.000000 0.000000 0.000000
vn 0.000000 0.000000 0.000000
vn -0.537798 0.843074 0.000000
vn -0.537798 0.843074 0.000000
vn -0.537798 0.843074 0.000000
vn -0.537798 0.843074 0.000000
vn -0.537798 0.843074 0.000000
vn -0.537798 0.843074 0.000000
vn 0.843090 0.537772 0.000000
vn 0.843090 0.537772 0.000000
vn 0.843090 0.537772 0.000000
vn 0.843090 0.537772 0.000000
vn 0.843090 0.537772 0.000000
vn 0.843090 0.537772 0.000000
vn 0.575529 0.367106 0.730753
vn 0.575529 0.367106 0.730753
vn 0.575529 0.367106 0.730753
vn 0.575528 0.367109 0.730752
vn 0.575528 0.367109 0.730752
vn 0.575528 0.367109 0.730752
vn 0.843090 0.537772 0.000000
vn 0.843090 0.537772 0.000000
vn 0.843090 0.537772 0.000000
vn 0.843090 0.537772 0.000000
vn 0.843090 0.537772 0.000000
vn 0.843090 0.537772 0.000000
vn 0.324183 -0.508202 0.797894
vn 0.324183 -0.508202 0.797894
vn 0.324183 -0.508202 0.797894
vn 0.324183 -0.508203 0.797895
vn 0.324183 -0.508203 0.797895
vn 0.324183 -0.508203 0.797895
vn 0.324182 -0.508201 0.797896
vn 0.324182 -0.508201 0.797896
vn 0.324182 -0.508201 0.797896
vn 0.324183 -0.508201 0.797895
vn 0.324183 -0.508201 0.797895
vn 0.324183 -0.508201 0.797895
vn 0.843090 0.537772 0.000000
vn 0.843090 0.537772 0.000000
vn 0.843090 0.537772 0.000000
vn -0.222904 0.974840 0.000000
vn -0.222904 0.974840 0.000000
vn -0.222904 0.974840 0.000000
vn 0.000000 0.000000 0.000000
vn 0.000000 0.000000 0.000000
vn 0.000000 0.000000 0.000000
vn 0.000000 0.000000 0.000000
vn 0.000000 0.000000 0.000000
vn 0.000000 0.000000 0.000000
vn -0.222900 0.974841 0.000000
vn -0.222900 0.974841 0.000000
vn -0.222900 0.974841 0.000000
vn -0.222904 0.974840 0.000000
vn -0.222904 0.974840 0.000000
vn -0.222904 0.974840 0.000000
vn 0.331548 -0.519747 -0.787362
vn 0.331548 -0.519747 -0.787362
vn 0.331548 -0.519747 -0.787362
vn 0.331548 -0.519748 -0.787361
vn 0.331548 -0.519748 -0.787361
vn 0.331548 -0.519748 -0.787361
vn 0.843090 0.537772 -0.000000
vn 0.843090 0.537772 -0.000000
vn 0.843090 0.537772 -0.000000
vn 0.843090 0.537772 0.000000
vn 0.843090 0.537772 0.000000
vn 0.843090 0.537772 0.000000
vn 0.843095 0.537765 0.000000
vn 0.843095 0.537765 0.000000
vn 0.843095 0.537765 0.000000
vn 0.843091 0.537772 0.000000
vn 0.843091 0.537772 0.000000
vn 0.843091 0.537772 0.000000
vn 0.843092 0.537769 -0.000001
vn 0.843092 0.537769 -0.000001
vn 0.843092 0.537769 -0.000001
vn 0.000000 0.000000 1.000000
vn 0.000000 0.000000 1.000000
vn 0.000000 0.000000 1.000000
vn -0.843091 0.537771 0.000000
vn -0.843091 0.537771 0.000000
vn -0.843091 0.537771 0.000000
vn -0.724368 0.462044 -0.511670
vn -0.724368 0.462044 -0.511670
vn -0.724368 0.462044 -0.511670
vn -0.724368 0.462044 -0.511670
vn -0.724368 0.462044 -0.511670
vn -0.724368 0.462044 -0.511670
vn -0.726327 0.463293 -0.507749
vn -0.726327 0.463293 -0.507749
vn -0.726327 0.463293 -0.507749
vn -0.726327 0.463293 -0.507749
vn -0.726327 0.463293 -0.507749
vn -0.726327 0.463293 -0.507749
vn 0.000000 0.000000 1.000000
vn 0.000000 0.000000 1.000000
vn 0.000000 0.000000 1.000000
vn -0.331548 -0.519749 0.787360
vn -0.331548 -0.519749 0.787360
vn -0.331548 -0.519749 0.787360
vn -0.331548 -0.519749 0.787360
vn -0.331548 -0.519749 0.787360
vn -0.331548 -0.519749 0.787360
vn -0.103974 0.994580 0.000000
vn -0.103974 0.994580 0.000000
vn -0.103974 0.994580 0.000000
vn -0.103974 0.994580 0.000000
vn -0.103974 0.994580 0.000000
vn -0.103974 0.994580 0.000000
vn -0.103977 0.994580 0.000000
vn -0.103977 0.994580 0.000000
vn -0.103977 0.994580 0.000000
vn 0.000000 0.000000 0.000000
vn 0.000000 0.000000 0.000000
vn 0.000000 0.000000 0.000000
vn -0.103971 0.994580 0.000000
vn -0.103971 0.994580 0.000000
vn -0.103971 0.994580 0.000000
vn -0.103976 0.994580 0.000000
vn -0.103976 0.994580 0.000000
vn -0.103976 0.994580 0.000000
vn -0.103977 0.994580 0.000000
vn -0.103977 0.994580 0.000000
vn -0.103977 0.994580 0.000000
vn 0.843090 0.537772 -0.000000
vn 0.843090 0.537772 -0.000000
vn 0.843090 0.537772 -0.000000
vn 0.299946 -0.470210 -0.830021
vn 0.299946 -0.470210 -0.830021
vn 0.299946 -0.470210 -0.830021
vn 0.299946 -0.470208 -0.830022
vn 0.299946 -0.470208 -0.830022
vn 0.299946 -0.470208 -0.830022
vn 0.299946 -0.470208 -0.830022
vn 0.299946 -0.470208 -0.830022
vn 0.299946 -0.470208 -0.830022
vn -0.331549 -0.519749 0.787360
vn -0.331549 -0.519749 0.787360
vn -0.331549 -0.519749 0.787360
vn -0.331549 -0.519749 0.787360
vn -0.331549 -0.519749 0.787360
vn -0.331549 -0.519749 0.787360
vn -0.331548 -0.519747 0.787362
vn -0.331548 -0.519747 0.787362
vn -0.331548 -0.519747 0.787362
vn -0.331548 -0.519748 0.787362
vn -0.331548 -0.519748 0.787362
vn -0.331548 -0.519748 0.787362
vn -0.331548 -0.519747 0.787362
vn -0.331548 -0.519747 0.787362
vn -0.331548 -0.519747 0.787362
vn 0.843089 0.537775 0.000000
vn 0.843089 0.537775 0.000000
vn 0.843089 0.537775 0.000000
vn 0.843090 0.537772 -0.000000
vn 0.843090 0.537772 -0.000000
vn 0.843090 0.537772 -0.000000
vn 0.843089 0.537775 -0.000005
vn 0.843089 0.537775 -0.000005
vn 0.843089 0.537775 -0.000005
vn 0.843091 0.537771 0.000000
vn 0.843091 0.537771 0.000000
vn 0.843091 0.537771 0.000000
vn 0.331549 -0.519749 0.787360
vn 0.331549 -0.519749 0.787360
vn 0.331549 -0.519749 0.787360
vn 0.331549 -0.519749 0.787360
vn 0.331549 -0.519749 0.787360
vn 0.331549 -0.519749 0.787360
vn 0.843090 0.537772 0.000000
vn 0.843090 0.537772 0.000000
vn 0.843090 0.537772 0.000000
vn 0.843090 0.537772 0.000000
vn 0.843090 0.537772 0.000000
vn 0.843090 0.537772 0.000000
vn 0.843092 0.537770 0.000000
vn 0.843092 0.537770 0.000000
vn 0.843092 0.537770 0.000000
vn 0.677270 0.432002 0.595549
vn 0.677270 0.432002 0.595549
vn 0.677270 0.432002 0.595549
vn 0.677270 0.432002 0.595549
vn 0.677270 0.432002 0.595549
vn 0.677270 0.432002 0.595549
vn 0.843086 0.537779 0.000000
vn 0.843086 0.537779 0.000000
vn 0.843086 0.537779 0.000000
vn 0.843090 0.537772 0.000000
vn 0.843090 0.537772 0.000000
vn 0.843090 0.537772 0.000000
vn 0.000000 0.000000 0.000000
vn 0.000000 0.000000 0.000000
vn 0.000000 0.000000 0.000000
vn 0.000000 0.000000 0.000000
vn 0.000000 0.000000 0.000000
vn 0.000000 0.000000 0.000000
vn 0.052419 0.998625 0.000000
vn 0.052419 0.998625 0.000000
vn 0.052419 0.998625 0.000000
vn 0.052419 0.998625 0.000000
vn 0.052419 0.998625 0.000000
vn 0.052419 0.998625 0.000000
vn 0.537798 -0.843074 0.000000
vn 0.537798 -0.843074 0.000000
vn 0.537798 -0.843074 0.000000
vn 0.537798 -0.843074 -0.000001
vn 0.537798 -0.843074 -0.000001
vn 0.537798 -0.843074 -0.000001
vn 0.537798 -0.843074 0.000000
vn 0.537798 -0.843074 0.000000
vn 0.537798 -0.843074 0.000000
vn 0.537798 -0.843074 0.000000
vn 0.537798 -0.843074 0.000000
vn 0.537798 -0.843074 0.000000
vn 0.843090 0.537772 0.000000
vn 0.843090 0.537772 0.000000
vn 0.843090 0.537772 0.000000
vn 0.331548 -0.519748 -0.787362
vn 0.331548 -0.519748 -0.787362
vn 0.331548 -0.519748 -0.787362
vn 0.331548 -0.519748 -0.787362
vn 0.331548 -0.519748 -0.787362
vn 0.331548 -0.519748 -0.787362
vn 0.331549 -0.519746 -0.787363
vn 0.331549 -0.519746 -0.787363
vn 0.331549 -0.519746 -0.787363
vn 0.331548 -0.519748 -0.787361
vn 0.331548 -0.519748 -0.787361
vn 0.331548 -0.519748 -0.787361
vn 0.331548 -0.519749 -0.787361
vn 0.331548 -0.519749 -0.787361
vn 0.331548 -0.519749 -0.787361
vn 0.324183 -0.508202 0.797895
vn 0.324183 -0.508202 0.797895
vn 0.324183 -0.508202 0.797895
vn 0.324184 -0.508200 0.797896
vn 0.324184 -0.508200 0.797896
vn 0.324184 -0.508200 0.797896
vn 0.324183 -0.508202 0.797894
vn 0.324183 -0.508202 0.797894
vn 0.324183 -0.508202 0.797894
vn 0.324183 -0.508201 0.797895
vn 0.324183 -0.508201 0.797895
vn 0.324183 -0.508201 0.797895
vn 0.537798 -0.843074 0.000000
vn 0.537798 -0.843074 0.000000
vn 0.537798 -0.843074 0.000000
vn 0.537798 -0.843074 0.000000
vn 0.537798 -0.843074 0.000000
vn 0.537798 -0.843074 0.000000
vn 0.537798 -0.843074 0.000000
vn 0.537798 -0.843074 0.000000
vn 0.537798 -0.843074 0.000000
vn 0.537798 -0.843074 0.000000
vn 0.537798 -0.843074 0.000000
vn 0.537798 -0.843074 0.000000
vn 0.537799 -0.843073 -0.000001
vn 0.537799 -0.843073 -0.000001
vn 0.537799 -0.843073 -0.000001
vn 0.537799 -0.843073 -0.000001
vn 0.537799 -0.843073 -0.000001
vn 0.537799 -0.843073 -0.000001
vn 0.000000 -0.000000 -1.000000
vn 0.000000 -0.000000 -1.000000
vn 0.000000 -0.000000 -1.000000
vn -0.103974 0.994580 0.000000
vn -0.103974 0.994580 0.000000
vn -0.103974 0.994580 0.000000
vn -0.103976 0.994580 0.000000
vn -0.103976 0.994580 0.000000
vn -0.103976 0.994580 0.000000
vn -0.103974 0.994580 0.000000
vn -0.103974 0.994580 0.000000
vn -0.103974 0.994580 0.000000
vn 0.843090 0.537772 0.000000
vn 0.843090 0.537772 0.000000
vn 0.843090 0.537772 0.000000
vn 0.156670 0.099933 -0.982582
vn 0.156670 0.099933 -0.982582
vn 0.156670 0.099933 -0.982582
vn 0.156670 0.099933 -0.982582
vn 0.156670 0.099933 -0.982582
vn 0.156670 0.099933 -0.982582
vn 0.000000 0.000000 0.000000
vn 0.000000 0.000000 0.000000
vn 0.000000 0.000000 0.000000
vn 0.537798 -0.843074 0.000000
vn 0.537798 -0.843074 0.000000
vn 0.537798 -0.843074 0.000000
vn 0.537798 -0.843074 0.000000
vn 0.537798 -0.843074 0.000000
vn 0.537798 -0.843074 0.000000
vn 0.537800 -0.843072 0.000003
vn 0.537800 -0.843072 0.000003
vn 0.537800 -0.843072 0.000003
vn 0.537796 -0.843075 0.000000
vn 0.537796 -0.843075 0.000000
vn 0.537796 -0.843075 0.000000
vn 0.537798 -0.843074 -0.000001
vn 0.537798 -0.843074 -0.000001
vn 0.537798 -0.843074 -0.000001
vn 0.537796 -0.843075 0.000000
vn 0.537796 -0.843075 0.000000
vn 0.537796 -0.843075 0.000000
vn 0.843090 0.537772 0.000000
vn 0.843090 0.537772 0.000000
vn 0.843090 0.537772 0.000000
vn 0.537798 -0.843074 0.000000
vn 0.537798 -0.843074 0.000000
vn 0.537798 -0.843074 0.000000
vn 0.537798 -0.843074 0.000000
vn 0.537798 -0.843074 0.000000
vn 0.537798 -0.843074 0.000000
vn 0.537798 -0.843074 0.000000
vn 0.537798 -0.843074 0.000000
vn 0.537798 -0.843074 0.000000
vn 0.537799 -0.843073 0.000001
vn 0.537799 -0.843073 0.000001
vn 0.537799 -0.843073 0.000001
vn 0.537794 -0.843076 0.000000
vn 0.537794 -0.843076 0.000000
vn 0.537794 -0.843076 0.000000
vn 0.537798 -0.843073 -0.000000
vn 0.537798 -0.843073 -0.000000
vn 0.537798 -0.843073 -0.000000
vn 0.000000 0.000000 1.000000
vn 0.000000 0.000000 1.000000
vn 0.000000 0.000000 1.000000
vn 0.537798 0.843074 0.000000
vn 0.537798 0.843074 0.000000
vn 0.537798 0.843074 0.000000
vn 0.537798 0.843074 0.000000
vn 0.537798 0.843074 0.000000
vn 0.537798 0.843074 0.000000
vn 0.000000 0.000000 0.000000
vn 0.000000 0.000000 0.000000
vn 0.000000 0.000000 0.000000
vn -0.407052 -0.638111 -0.653546
vn -0.407052 -0.638111 -0.653546
vn -0.407052 -0.638111 -0.653546
vn -0.407052 -0.638111 -0.653546
vn -0.407052 -0.638111 -0.653546
vn -0.407052 -0.638111 -0.653546
vn -0.324182 -0.508201 0.797896
vn -0.324182 -0.508201 0.797896
vn -0.324182 -0.508201 0.797896
vn -0.324182 -0.508201 0.797896
vn -0.324182 -0.508201 0.797896
vn -0.324182 -0.508201 0.797896
vn -0.324182 -0.508201 0.797896
vn -0.324182 -0.508201 0.797896
vn -0.324182 -0.508201 0.797896
vn -0.324183 -0.508201 0.797896
vn -0.324183 -0.508201 0.797896
vn -0.324183 -0.508201 0.797896
vn 0.843090 -0.537772 0.000000
vn 0.843090 -0.537772 0.000000
vn 0.843090 -0.537772 0.000000
vn 0.843091 -0.537771 0.000001
vn 0.843091 -0.537771 0.000001
vn 0.843091 -0.537771 0.000001
vn 0.843082 -0.537784 0.000000
vn 0.843082 -0.537784 0.000000
vn 0.843082 -0.537784 0.000000
vn 0.843091 -0.537771 0.000000
vn 0.843091 -0.537771 0.000000
vn 0.843091 -0.537771 0.000000
vn 0.843091 -0.537771 0.000000
vn 0.843091 -0.537771 0.000000
vn 0.843091 -0.537771 0.000000
vn -0.843091 0.537771 0.000000
vn -0.843091 0.537771 0.000000
vn -0.843091 0.537771 0.000000
vn -0.843091 0.537771 0.000000
vn -0.843091 0.537771 0.000000
vn -0.843091 0.537771 0.000000
vn 0.843088 0.537776 0.000000
vn 0.843088 0.537776 0.000000
vn 0.843088 0.537776 0.000000
vn -0.843091 0.537771 0.000000
vn -0.843091 0.537771 0.000000
vn -0.843091 0.537771 0.000000
vn -0.843091 0.537771 0.000000
vn -0.843091 0.537771 0.000000
vn -0.843091 0.537771 0.000000
vn -0.677271 0.432003 0.595548
vn -0.677271 0.432003 0.595548
vn -0.677271 0.432003 0.595548
vn -0.677272 0.432001 0.595548
vn -0.677272 0.432001 0.595548
vn -0.677272 0.432001 0.595548
vn 0.843090 0.537772 0.000000
vn 0.843090 0.537772 0.000000
vn 0.843090 0.537772 0.000000
vn 0.843089 0.537774 0.000000
vn 0.843089 0.537774 0.000000
vn 0.843089 0.537774 0.000000
vn 0.843092 0.537770 0.000000
vn 0.843092 0.537770 0.000000
vn 0.843092 0.537770 0.000000
vn 0.843092 0.537770 0.000000
vn 0.843092 0.537770 0.000000
vn 0.843092 0.537770 0.000000
vn 0.000000 0.000000 1.000000
vn 0.000000 0.000000 1.000000
vn 0.000000 0.000000 1.000000
vn -0.843091 0.537771 0.000000
vn -0.843091 0.537771 0.000000
vn -0.843091 0.537771 0.000000
vn 0.519420 0.331316 0.787675
vn 0.519420 0.331316 0.787675
vn 0.519420 0.331316 0.787675
vn 0.519420 0.331317 0.787675
vn 0.519420 0.331317 0.787675
vn 0.519420 0.331317 0.787675
vn -0.331548 -0.519750 -0.787360
vn -0.331548 -0.519750 -0.787360
vn -0.331548 -0.519750 -0.787360
vn -0.331548 -0.519748 -0.787361
vn -0.331548 -0.519748 -0.787361
vn -0.331548 -0.519748 -0.787361
vn -0.331549 -0.519749 -0.787361
vn -0.331549 -0.519749 -0.787361
vn -0.331549 -0.519749 -0.787361
vn 0.843089 0.537774 0.000000
vn 0.843089 0.537774 0.000000
vn 0.843089 0.537774 0.000000
vn 0.843089 0.537774 0.000000
vn 0.843089 0.537774 0.000000
vn 0.843089 0.537774 0.000000
vn -0.537799 0.843073 0.000000
vn -0.537799 0.843073 0.000000
vn -0.537799 0.843073 0.000000
vn -0.537799 0.843073 -0.000002
vn -0.537799 0.843073 -0.000002
vn -0.537799 0.843073 -0.000002
vn -0.537799 0.843073 0.000000
vn -0.537799 0.843073 0.000000
vn -0.537799 0.843073 0.000000
vn -0.537799 0.843073 0.000000
vn -0.537799 0.843073 0.000000
vn -0.537799 0.843073 0.000000
vn -0.843091 0.537771 0.000000
vn -0.843091 0.537771 0.000000
vn -0.843091 0.537771 0.000000
vn -0.843091 0.537771 0.000000
vn -0.843091 0.537771 0.000000
vn -0.843091 0.537771 0.000000
vn 0.324183 -0.508202 0.797894
vn 0.324183 -0.508202 0.797894
vn 0.324183 -0.508202 0.797894
vn 0.324183 -0.508202 0.797894
vn 0.324183 -0.508202 0.797894
vn 0.324183 -0.508202 0.797894
vn -0.843091 0.537771 0.000000
vn -0.843091 0.537771 0.000000
vn -0.843091 0.537771 0.000000
vn -0.843091 0.537771 0.000000
vn -0.843091 0.537771 0.000000
vn -0.843091 0.537771 0.000000
vn -0.331548 -0.519747 0.787362
vn -0.331548 -0.519747 0.787362
vn -0.331548 -0.519747 0.787362
vn -0.331548 -0.519748 0.787361
vn -0.331548 -0.519748 0.787361
vn -0.331548 -0.519748 0.787361
vn 0.000000 0.000000 1.000000
vn 0.000000 0.000000 1.000000
vn 0.000000 0.000000 1.000000
vn 0.324183 -0.508202 -0.797895
vn 0.324183 -0.508202 -0.797895
vn 0.324183 -0.508202 -0.797895
vn 0.324183 -0.508202 -0.797895
vn 0.324183 -0.508202 -0.797895
vn 0.324183 -0.508202 -0.797895
vn -0.400386 0.255389 -0.880038
vn -0.400386 0.255389 -0.880038
vn -0.400386 0.255389 -0.880038
vn 0.843090 0.537772 0.000000
vn 0.843090 0.537772 0.000000
vn 0.843090 0.537772 0.000000
vn -0.510248 0.325465 -0.796065
vn -0.510248 0.325465 -0.796065
vn -0.510248 0.325465 -0.796065
vn -0.510248 0.325465 -0.796065
vn -0.510248 0.325465 -0.796065
vn -0.510248 0.325465 -0.796065
vn -0.331547 -0.519747 0.787362
vn -0.331547 -0.519747 0.787362
vn -0.331547 -0.519747 0.787362
vn -0.331549 -0.519750 0.787360
vn -0.331549 -0.519750 0.787360
vn -0.331549 -0.519750 0.787360
vn -0.331548 -0.519745 0.787364
vn -0.331548 -0.519745 0.787364
vn -0.331548 -0.519745 0.787364
vn -0.331548 -0.519747 0.787362
vn -0.331548 -0.519747 0.787362
vn -0.331548 -0.519747 0.787362
vn -0.331548 -0.519750 0.787360
vn -0.331548 -0.519750 0.787360
vn -0.331548 -0.519750 0.787360
vn -0.331548 -0.519747 0.787362
vn -0.331548 -0.519747 0.787362
vn -0.331548 -0.519747 0.787362
vn -0.331548 -0.519747 0.787362
vn -0.331548 -0.519747 0.787362
vn -0.331548 -0.519747 0.787362
vn -0.331548 -0.519748 0.787361
vn -0.331548 -0.519748 0.787361
vn -0.331548 -0.519748 0.787361
vn -0.537798 -0.843074 0.000000
vn -0.537798 -0.843074 0.000000
vn -0.537798 -0.843074 0.000000
vn -0.537798 -0.843073 -0.000001
vn -0.537798 -0.843073 -0.000001
vn -0.537798 -0.843073 -0.000001
vn -0.537798 -0.843074 0.000000
vn -0.537798 -0.843074 0.000000
vn -0.537798 -0.843074 0.000000
vn -0.537798 -0.843074 0.000000
vn -0.537798 -0.843074 0.000000
vn -0.537798 -0.843074 0.000000
vn -0.537798 -0.843074 0.000000
vn -0.537798 -0.843074 0.000000
vn -0.537798 -0.843074 0.000000
vn -0.537798 -0.843074 0.000000
vn -0.537798 -0.843074 0.000000
vn -0.537798 -0.843074 0.000000
vn -0.537798 -0.843074 0.000000
vn -0.537798 -0.843074 0.000000
vn -0.537798 -0.843074 0.000000
vn 0.000000 0.000000 0.000000
vn 0.000000 0.000000 0.000000
vn 0.000000 0.000000 0.000000
vn 0.324183 -0.508202 0.797894
vn 0.324183 -0.508202 0.797894
vn 0.324183 -0.508202 0.797894
vn 0.324183 -0.508204 0.797894
vn 0.324183 -0.508204 0.797894
vn 0.324183 -0.508204 0.797894
vn 0.324182 -0.508201 0.797896
vn 0.324182 -0.508201 0.797896
vn 0.324182 -0.508201 0.797896
vn 0.324183 -0.508202 0.797895
vn 0.324183 -0.508202 0.797895
vn 0.324183 -0.508202 0.797895
vn 0.324183 -0.508201 0.797896
vn 0.324183 -0.508201 0.797896
vn 0.324183 -0.508201 0.797896
vn 0.324183 -0.508202 0.797895
vn 0.324183 -0.508202 0.797895
vn 0.324183 -0.508202 0.797895
vn 0.000000 0.000000 0.000000
vn 0.000000 0.000000 0.000000
vn 0.000000 0.000000 0.000000
vn 0.000000 0.000000 0.000000
vn 0.000000 0.000000 0.000000
vn 0.000000 0.000000 0.000000
vn 0.537798 -0.843074 0.000000
vn 0.537798 -0.843074 0.000000
vn 0.537798 -0.843074 0.000000
vn 0.537798 -0.843074 0.000000
vn 0.537798 -0.843074 0.000000
vn 0.537798 -0.843074 0.000000
vn 0.000000 0.000000 0.000000
vn 0.000000 0.000000 0.000000
vn 0.000000 0.000000 0.000000
vn 0.215883 0.976419 0.000000
vn 0.215883 0.976419 0.000000
vn 0.215883 0.976419 0.000000
vn 0.215883 0.976419 0.000000
vn 0.215883 0.976419 0.000000
vn 0.215883 0.976419 0.000000
vn 0.215883 0.976419 0.000000
vn 0.215883 0.976419 0.000000
vn 0.215883 0.976419 0.000000
vn 0.843090 0.537773 0.000000
vn 0.843090 0.537773 0.000000
vn 0.843090 0.537773 0.000000
vn 0.843090 0.537773 0.000000
vn 0.843090 0.537773 0.000000
vn 0.843090 0.537773 0.000000
vn -0.217508 0.138738 0.966148
vn -0.217508 0.138738 0.966148
vn -0.217508 0.138738 0.966148
vn -0.217508 0.138738 0.966148
vn -0.217508 0.138738 0.966148
vn -0.217508 0.138738 0.966148
vn -0.331549 -0.519747 -0.787362
vn -0.331549 -0.519747 -0.787362
vn -0.331549 -0.519747 -0.787362
vn -0.331549 -0.519749 -0.787361
vn -0.331549 -0.519749 -0.787361
vn -0.331549 -0.519749 -0.787361
vn -0.331549 -0.519749 -0.787361
vn -0.331549 -0.519749 -0.787361
vn -0.331549 -0.519749 -0.787361
vn -0.324183 -0.508202 -0.797895
vn -0.324183 -0.508202 -0.797895
vn -0.324183 -0.508202 -0.797895
vn -0.324183 -0.508202 -0.797895
vn -0.324183 -0.508202 -0.797895
vn -0.324183 -0.508202 -0.797895
vn -0.324183 -0.508202 -0.797895
vn -0.324183 -0.508202 -0.797895
vn -0.324183 -0.508202 -0.797895
vn -0.537798 -0.843074 0.000000
vn -0.537798 -0.843074 0.000000
vn -0.537798 -0.843074 0.000000
vn -0.537798 -0.843074 0.000000
vn -0.537798 -0.843074 0.000000
vn -0.537798 -0.843074 0.000000
vn -0.537798 -0.843074 0.000000
vn -0.537798 -0.843074 0.000000
vn -0.537798 -0.843074 0.000000
vn 0.000000 0.000000 0.000000
vn 0.000000 0.000000 0.000000
vn 0.000000 0.000000 0.000000
vn 0.000000 0.000000 1.000000
vn 0.000000 0.000000 1.000000
vn 0.000000 0.000000 1.000000
vn 0.000000 0.000000 1.000000
vn 0.000000 0.000000 1.000000
vn 0.000000 0.000000 1.000000
vn 0.000000 0.000000 1.000000
vn 0.000000 0.000000 1.000000
vn 0.000000 0.000000 1.000000
vn 0.000000 0.000000 1.000000
vn 0.000000 0.000000 1.000000
vn 0.000000 0.000000 1.000000
vn -0.843091 0.537771 0.000000
vn -0.843091 0.537771 0.000000
vn -0.843091 0.537771 0.000000
vn -0.843091 0.537771 0.000000
vn -0.843091 0.537771 0.000000
vn -0.843091 0.537771 0.000000
vn -0.843091 0.537771 0.000000
vn -0.843091 0.537771 0.000000
vn -0.843091 0.537771 0.000000
vn 0.724371 0.462041 -0.511669
vn 0.724371 0.462041 -0.511669
vn 0.724371 0.462041 -0.511669
vn 0.724365 0.462047 -0.511671
vn 0.724365 0.462047 -0.511671
vn 0.724365 0.462047 -0.511671
vn 0.547529 0.349242 -0.760422
vn 0.547529 0.349242 -0.760422
vn 0.547529 0.349242 -0.760422
vn 0.547527 0.349244 -0.760423
vn 0.547527 0.349244 -0.760423
vn 0.547527 0.349244 -0.760423
vn -0.537798 -0.843073 -0.000001
vn -0.537798 -0.843073 -0.000001
vn -0.537798 -0.843073 -0.000001
vn -0.537798 -0.843073 0.000000
vn -0.537798 -0.843073 0.000000
vn -0.537798 -0.843073 0.000000
vn -0.537798 -0.843074 0.000001
vn -0.537798 -0.843074 0.000001
vn -0.537798 -0.843074 0.000001
vn -0.537798 -0.843074 0.000000
vn -0.537798 -0.843074 0.000000
vn -0.537798 -0.843074 0.000000
vn 0.000000 0.000000 0.000000
vn 0.000000 0.000000 0.000000
vn 0.000000 0.000000 0.000000
vn -0.725352 0.462667 0.509709
vn -0.725352 0.462667 0.509709
vn -0.725352 0.462667 0.509709
vn -0.725350 0.462670 0.509710
vn -0.725350 0.462670 0.509710
vn -0.725350 0.462670 0.509710
vn 0.324183 -0.508202 -0.797895
vn 0.324183 -0.508202 -0.797895
vn 0.324183 -0.508202 -0.797895
vn 0.324183 -0.508202 -0.797895
vn 0.324183 -0.508202 -0.797895
vn 0.324183 -0.508202 -0.797895
vn 0.324183 -0.508202 -0.797895
vn 0.324183 -0.508202 -0.797895
vn 0.324183 -0.508202 -0.797895
vn -0.843091 0.537771 0.000000
vn -0.843091 0.537771 0.000000
vn -0.843091 0.537771 0.000000
vn -0.843091 0.537771 0.000000
vn -0.843091 0.537771 0.000000
vn -0.843091 0.537771 0.000000
vn 0.537798 -0.843074 -0.000000
vn 0.537798 -0.843074 -0.000000
vn 0.537798 -0.843074 -0.000000
vn 0.000000 0.000000 0.000000
vn 0.000000 0.000000 0.000000
vn 0.000000 0.000000 0.000000
vn 0.537798 -0.843074 -0.000000
vn 0.537798 -0.843074 -0.000000
vn 0.537798 -0.843074 -0.000000
vn 0.537798 -0.843074 -0.000000
vn 0.537798 -0.843074 -0.000000
vn 0.537798 -0.843074 -0.000000
vn -0.843091 0.537771 0.000000
vn -0.843091 0.537771 0.000000
vn -0.843091 0.537771 0.000000
vn -0.843090 0.537772 0.000000
vn -0.843090 0.537772 0.000000
vn -0.843090 0.537772 0.000000
vn -0.843090 0.537772 0.000000
vn -0.843090 0.537772 0.000000
vn -0.843090 0.537772 0.000000
vn -0.324183 -0.508202 -0.797895
vn -0.324183 -0.508202 -0.797895
vn -0.324183 -0.508202 -0.797895
vn -0.324182 -0.508201 -0.797896
vn -0.324182 -0.508201 -0.797896
vn -0.324182 -0.508201 -0.797896
vn -0.324182 -0.508202 -0.797895
vn -0.324182 -0.508202 -0.797895
vn -0.324182 -0.508202 -0.797895
vn 0.678403 0.432724 -0.593734
vn 0.678403 0.432724 -0.593734
vn 0.678403 0.432724 -0.593734
vn -0.766056 -0.642774 -0.000000
vn -0.766056 -0.642774 -0.000000
vn -0.766056 -0.642774 -0.000000
vn -0.766056 -0.642774 -0.000000
vn -0.766056 -0.642774 -0.000000
vn -0.766056 -0.642774 -0.000000
vn 0.331547 -0.519747 0.787362
vn 0.331547 -0.519747 0.787362
vn 0.331547 -0.519747 0.787362
vn 0.331549 -0.519749 0.787360
vn 0.331549 -0.519749 0.787360
vn 0.331549 -0.519749 0.787360
vn 0.331549 -0.519748 0.787361
vn 0.331549 -0.519748 0.787361
vn 0.331549 -0.519748 0.787361
vn 0.331548 -0.519747 0.787362
vn 0.331548 -0.519747 0.787362
vn 0.331548 -0.519747 0.787362
vn 0.000000 0.000000 1.000000
vn 0.000000 0.000000 1.000000
vn 0.000000 0.000000 1.000000
vn -0.843090 0.537773 0.000000
vn -0.843090 0.537773 0.000000
vn -0.843090 0.537773 0.000000
vn -0.843090 0.537773 0.000000
vn -0.843090 0.537773 0.000000
vn -0.843090 0.537773 0.000000
vn -0.343706 0.219235 -0.913128
vn -0.343706 0.219235 -0.913128
vn -0.343706 0.219235 -0.913128
vn -0.343706 0.219235 -0.913128
vn -0.343706 0.219235 -0.913128
vn -0.343706 0.219235 -0.913128
vn -0.379548 0.242097 0.892935
vn -0.379548 0.242097 0.892935
vn -0.379548 0.242097 0.892935
vn -0.379125 0.246058 0.892031
vn -0.379125 0.246058 0.892031
vn -0.379125 0.246058 0.892031
vn -0.323818 0.206549 0.923298
vn -0.323818 0.206549 0.923298
vn -0.323818 0.206549 0.923298
vn -0.323818 0.206550 0.923298
vn -0.323818 0.206550 0.923298
vn -0.323818 0.206550 0.923298
vn 0.563351 0.359338 -0.743983
vn 0.563351 0.359338 -0.743983
vn 0.563351 0.359338 -0.743983
vn 0.563351 0.359338 -0.743983
vn 0.563351 0.359338 -0.743983
vn 0.563351 0.359338 -0.743983
vn -0.843091 0.537771 0.000000
vn -0.843091 0.537771 0.000000
vn -0.843091 0.537771 0.000000
vn -0.843091 0.537771 0.000000
vn -0.843091 0.537771 0.000000
vn -0.843091 0.537771 0.000000
vn -0.331548 -0.519748 0.787361
vn -0.331548 -0.519748 0.787361
vn -0.331548 -0.519748 0.787361
vn -0.331548 -0.519748 0.787361
vn -0.331548 -0.519748 0.787361
vn -0.331548 -0.519748 0.787361
vn -0.331548 -0.519748 0.787361
vn -0.331548 -0.519748 0.787361
vn -0.331548 -0.519748 0.787361
vn -0.331548 -0.519748 0.787362
vn -0.331548 -0.519748 0.787362
vn -0.331548 -0.519748 0.787362
vn 0.317261 0.948338 0.000000
vn 0.317261 0.948338 0.000000
vn 0.317261 0.948338 0.000000
vn 0.317261 0.948338 0.000000
vn 0.317261 0.948338 0.000000
vn 0.317261 0.948338 0.000000
vn 0.317261 0.948338 0.000000
vn 0.317261 0.948338 0.000000
vn 0.317261 0.948338 0.000000
vn 0.317261 0.948338 0.000000
vn 0.317261 0.948338 0.000000
vn 0.317261 0.948338 0.000000
vn 0.317259 0.948339 -0.000001
vn 0.317259 0.948339 -0.000001
vn 0.317259 0.948339 -0.000001
vn 0.000000 0.000000 0.000000
vn 0.000000 0.000000 0.000000
vn 0.000000 0.000000 0.000000
vn 0.000000 0.000000 0.000000
vn 0.000000 0.000000 0.000000
vn 0.000000 0.000000 0.000000
vn -0.843091 0.537771 0.000000
vn -0.843091 0.537771 0.000000
vn -0.843091 0.537771 0.000000
vn -0.843094 0.537766 -0.000002
vn -0.843094 0.537766 -0.000002
vn -0.843094 0.537766 -0.000002
vn -0.843091 0.537771 0.000000
vn -0.843091 0.537771 0.000000
vn -0.843091 0.537771 0.000000
vn -0.843094 0.537766 0.000009
vn -0.843094 0.537766 0.000009
vn -0.843094 0.537766 0.000009
vn 0.282828 -0.443371 0.850547
vn 0.282828 -0.443371 0.850547
vn 0.282828 -0.443371 0.850547
vn 0.282828 -0.443372 0.850546
vn 0.282828 -0.443372 0.850546
vn 0.282828 -0.443372 0.850546
vn 0.843088 0.537776 0.000000
vn 0.843088 0.537776 0.000000
vn 0.843088 0.537776 0.000000
vn -0.843091 0.537771 0.000000
vn -0.843091 0.537771 0.000000
vn -0.843091 0.537771 0.000000
vn 0.000000 0.000000 0.000000
vn 0.000000 0.000000 0.000000
vn 0.000000 0.000000 0.000000
vn -0.103972 0.994580 -0.000000
vn -0.103972 0.994580 -0.000000
vn -0.103972 0.994580 -0.000000
vn -0.103973 0.994580 0.000000
vn -0.103973 0.994580 0.000000
vn -0.103973 0.994580 0.000000
vn -0.103971 0.994580 0.000001
vn -0.103971 0.994580 0.000001
vn -0.103971 0.994580 0.000001
vn -0.103969 0.994581 0.000000
vn -0.103969 0.994581 0.000000
vn -0.103969 0.994581 0.000000
vn -0.103972 0.994580 0.000000
vn -0.103972 0.994580 0.000000
vn -0.103972 0.994580 0.000000
vn -0.103988 0.994579 -0.000009
vn -0.103988 0.994579 -0.000009
vn -0.103988 0.994579 -0.000009
vn -0.103977 0.994580 0.000000
vn -0.103977 0.994580 0.000000
vn -0.103977 0.994580 0.000000
vn -0.103965 0.994581 0.000002
vn -0.103965 0.994581 0.000002
vn -0.103965 0.994581 0.000002
vn -0.103969 0.994581 0.000000
vn -0.103969 0.994581 0.000000
vn -0.103969 0.994581 0.000000
vn 0.537798 -0.843074 0.000000
vn 0.537798 -0.843074 0.000000
vn 0.537798 -0.843074 0.000000
vn 0.537798 -0.843074 0.000000
vn 0.537798 -0.843074 0.000000
vn 0.537798 -0.843074 0.000000
vn 0.537798 -0.843074 0.000000
vn 0.537798 -0.843074 0.000000
vn 0.537798 -0.843074 0.000000
vn 0.537798 -0.843074 0.000000
vn 0.537798 -0.843074 0.000000
vn 0.537798 -0.843074 0.000000
vn 0.537798 -0.843074 -0.000001
vn 0.537798 -0.843074 -0.000001
vn 0.537798 -0.843074 -0.000001
vn 0.537798 -0.843074 -0.000001
vn 0.537798 -0.843074 -0.000001
vn 0.537798 -0.843074 -0.000001
vn 0.000000 0.000000 1.000000
vn 0.000000 0.000000 1.000000
vn 0.000000 0.000000 1.000000
vn 0.261843 0.965110 0.000000
vn 0.261843 0.965110 0.000000
vn 0.261843 0.965110 0.000000
vn 0.261842 0.965111 0.000000
vn 0.261842 0.965111 0.000000
vn 0.261842 0.965111 0.000000
vn 0.261843 0.965110 0.000000
vn 0.261843 0.965110 0.000000
vn 0.261843 0.965110 0.000000
vn 0.000000 0.000000 0.000000
vn 0.000000 0.000000 0.000000
vn 0.000000 0.000000 0.000000
vn 0.261842 0.965111 0.000000
vn 0.261842 0.965111 0.000000
vn 0.261842 0.965111 0.000000
vn 0.261842 0.965111 0.000000
vn 0.261842 0.965111 0.000000
vn 0.261842 0.965111 0.000000
vn 0.261843 0.965110 0.000000
vn 0.261843 0.965110 0.000000
vn 0.261843 0.965110 0.000000
vn -0.724369 0.462043 -0.511671
vn -0.724369 0.462043 -0.511671
vn -0.724369 0.462043 -0.511671
vn -0.724368 0.462044 -0.511670
vn -0.724368 0.462044 -0.511670
vn -0.724368 0.462044 -0.511670
vn 0.843090 0.537772 0.000000
vn 0.843090 0.537772 0.000000
vn 0.843090 0.537772 0.000000
vn 0.843090 0.537772 0.000000
vn 0.843090 0.537772 0.000000
vn 0.843090 0.537772 0.000000
vn -0.537798 -0.843074 0.000000
vn -0.537798 -0.843074 0.000000
vn -0.537798 -0.843074 0.000000
vn -0.537798 -0.843074 0.000000
vn -0.537798 -0.843074 0.000000
vn -0.537798 -0.843074 0.000000
vn -0.537798 -0.843074 -0.000001
vn -0.537798 -0.843074 -0.000001
vn -0.537798 -0.843074 -0.000001
vn 0.000000 0.000000 0.000000
vn 0.000000 0.000000 0.000000
vn 0.000000 0.000000 0.000000
vn 0.103973 0.994580 0.000001
vn 0.103973 0.994580 0.000001
vn 0.103973 0.994580 0.000001
vn 0.103973 0.994580 0.000001
vn 0.103973 0.994580 0.000001
vn 0.103973 0.994580 0.000001
vn 0.103973 0.994580 0.000001
vn 0.103973 0.994580 0.000001
vn 0.103973 0.994580 0.000001
vn 0.103973 0.994580 0.000001
vn 0.103973 0.994580 0.000001
vn 0.103973 0.994580 0.000001
vn 0.537797 -0.843074 0.000000
vn 0.537797 -0.843074 0.000000
vn 0.537797 -0.843074 0.000000
vn 0.537797 -0.843074 0.000000
vn 0.537797 -0.843074 0.000000
vn 0.537797 -0.843074 0.000000
vn 0.537797 -0.843074 0.000000
vn 0.537797 -0.843074 0.000000
vn 0.537797 -0.843074 0.000000
vn 0.537797 -0.843074 0.000000
vn 0.537797 -0.843074 0.000000
vn 0.537797 -0.843074 0.000000
vn 0.537799 -0.843073 0.000000
vn 0.537799 -0.843073 0.000000
vn 0.537799 -0.843073 0.000000
vn 0.537799 -0.843073 0.000000
vn 0.537799 -0.843073 0.000000
vn 0.537799 -0.843073 0.000000
vn -0.843091 0.537771 0.000000
vn -0.843091 0.537771 0.000000
vn -0.843091 0.537771 0.000000
vn -0.843091 0.537771 0.000000
vn -0.843091 0.537771 0.000000
vn -0.843091 0.537771 0.000000
vn 0.000000 0.000000 0.000000
vn 0.000000 0.000000 0.000000
vn 0.000000 0.000000 0.000000
vn 0.000000 0.000000 0.000000
vn 0.000000 0.000000 0.000000
vn 0.000000 0.000000 0.000000
vn -0.537798 -0.843074 0.000001
vn -0.537798 -0.843074 0.000001
vn -0.537798 -0.843074 0.000001
vn -0.537798 -0.843074 0.000001
vn -0.537798 -0.843074 0.000001
vn -0.537798 -0.843074 0.000001
vn 0.000000 0.000000 0.000000
vn 0.000000 0.000000 0.000000
vn 0.000000 0.000000 0.000000
vn 0.000000 0.000000 0.000000
vn 0.000000 0.000000 0.000000
vn 0.000000 0.000000 0.000000
vn 0.000000 0.000000 1.000000
vn 0.000000 0.000000 1.000000
vn 0.000000 0.000000 1.000000
vn 0.000000 0.000000 1.000000
vn 0.000000 0.000000 1.000000
vn 0.000000 0.000000 1.000000
vn 0.000000 0.000000 1.000000
vn 0.000000 0.000000 1.000000
vn 0.000000 0.000000 1.000000
vn 0.407052 -0.638112 -0.653546
vn 0.407052 -0.638112 -0.653546
vn 0.407052 -0.638112 -0.653546
vn 0.407052 -0.638112 -0.653546
vn 0.407052 -0.638112 -0.653546
vn 0.407052 -0.638112 -0.653546
vn 0.398144 0.253959 0.881468
vn 0.398144 0.253959 0.881468
vn 0.398144 0.253959 0.881468
vn 0.398144 0.253959 0.881468
vn 0.398144 0.253959 0.881468
vn 0.398144 0.253959 0.881468
vn 0.843090 0.537772 0.000000
vn 0.843090 0.537772 0.000000
vn 0.843090 0.537772 0.000000
vn 0.843090 0.537772 0.000000
vn 0.843090 0.537772 0.000000
vn 0.843090 0.537772 0.000000
vn 0.843090 0.537772 0.000000
vn 0.843090 0.537772 0.000000
vn 0.843090 0.537772 0.000000
vn 0.324185 -0.508205 0.797892
vn 0.324185 -0.508205 0.797892
vn 0.324185 -0.508205 0.797892
vn 0.324183 -0.508198 0.797897
vn 0.324183 -0.508198 0.797897
vn 0.324183 -0.508198 0.797897
vn 0.324183 -0.508201 0.797895
vn 0.324183 -0.508201 0.797895
vn 0.324183 -0.508201 0.797895
vn 0.324182 -0.508201 0.797896
vn 0.324182 -0.508201 0.797896
vn 0.324182 -0.508201 0.797896
vn -0.103976 0.994580 0.000000
vn -0.103976 0.994580 0.000000
vn -0.103976 0.994580 0.000000
vn -0.103976 0.994580 0.000000
vn -0.103976 0.994580 0.000000
vn -0.103976 0.994580 0.000000
vn -0.103976 0.994580 0.000000
vn -0.103976 0.994580 0.000000
vn -0.103976 0.994580 0.000000
vn 0.000000 0.000000 0.000000
vn 0.000000 0.000000 0.000000
vn 0.000000 0.000000 0.000000
vn 0.000000 0.000000 0.000000
vn 0.000000 0.000000 0.000000
vn 0.000000 0.000000 0.000000
vn 0.000000 0.000000 1.000000
vn 0.000000 0.000000 1.000000
vn 0.000000 0.000000 1.000000
vn 0.217508 0.138739 0.966148
vn 0.217508 0.138739 0.966148
vn 0.217508 0.138739 0.966148
vn 0.217508 0.138739 0.966148
vn 0.217508 0.138739 0.966148
vn 0.217508 0.138739 0.966148
vn 0.537798 -0.843074 0.000000
vn 0.537798 -0.843074 0.000000
vn 0.537798 -0.843074 0.000000
vn 0.537798 -0.843074 0.000000
vn 0.537798 -0.843074 0.000000
vn 0.537798 -0.843074 0.000000
vn 0.537798 -0.843074 0.000000
vn 0.537798 -0.843074 0.000000
vn 0.537798 -0.843074 0.000000
vn 0.537798 -0.843074 0.000000
vn 0.537798 -0.843074 0.000000
vn 0.537798 -0.843074 0.000000
vn 0.537798 -0.843074 -0.000001
vn 0.537798 -0.843074 -0.000001
vn 0.537798 -0.843074 -0.000001
vn 0.537798 -0.843074 0.000001
vn 0.537798 -0.843074 0.000001
vn 0.537798 -0.843074 0.000001
vn 0.324184 -0.508203 -0.797894
vn 0.324184 -0.508203 -0.797894
vn 0.324184 -0.508203 -0.797894
vn 0.324183 -0.508201 -0.797896
vn 0.324183 -0.508201 -0.797896
vn 0.324183 -0.508201 -0.797896
vn 0.324183 -0.508201 -0.797895
vn 0.324183 -0.508201 -0.797895
vn 0.324183 -0.508201 -0.797895
vn 0.843090 0.537773 0.000000
vn 0.843090 0.537773 0.000000
vn 0.843090 0.537773 0.000000
vn 0.843090 0.537772 0.000000
vn 0.843090 0.537772 0.000000
vn 0.843090 0.537772 0.000000
vn 0.843090 0.537773 0.000000
vn 0.843090 0.537773 0.000000
vn 0.843090 0.537773 0.000000
vn 0.331548 -0.519748 0.787362
vn 0.331548 -0.519748 0.787362
vn 0.331548 -0.519748 0.787362
vn 0.331548 -0.519748 0.787361
vn 0.331548 -0.519748 0.787361
vn 0.331548 -0.519748 0.787361
vn 0.331547 -0.519747 -0.787362
vn 0.331547 -0.519747 -0.787362
vn 0.331547 -0.519747 -0.787362
vn 0.331547 -0.519747 -0.787362
vn 0.331547 -0.519747 -0.787362
vn 0.331547 -0.519747 -0.787362
vn 0.843089 0.537774 0.000000
vn 0.843089 0.537774 0.000000
vn 0.843089 0.537774 0.000000
vn 0.843090 0.537772 0.000000
vn 0.843090 0.537772 0.000000
vn 0.843090 0.537772 0.000000
vn 0.502065 0.320243 0.803352
vn 0.502065 0.320243 0.803352
vn 0.502065 0.320243 0.803352
vn 0.502063 0.320245 0.803353
vn 0.502063 0.320245 0.803353
vn 0.502063 0.320245 0.803353
vn 0.843095 0.537765 0.000000
vn 0.843095 0.537765 0.000000
vn 0.843095 0.537765 0.000000
vn 0.000000 0.000000 1.000000
vn 0.000000 0.000000 1.000000
vn 0.000000 0.000000 1.000000
vn 0.843090 0.537772 0.000000
vn 0.843090 0.537772 0.000000
vn 0.843090 0.537772 0.000000
vn 0.843090 -0.537772 0.000000
vn 0.843090 -0.537772 0.000000
vn 0.843090 -0.537772 0.000000
vn 0.000000 0.000000 0.000000
vn 0.000000 0.000000 0.000000
vn 0.000000 0.000000 0.000000
vn -0.337578 0.941298 0.000000
vn -0.337578 0.941298 0.000000
vn -0.337578 0.941298 0.000000
vn -0.337578 0.941298 0.000000
vn -0.337578 0.941298 0.000000
vn -0.337578 0.941298 0.000000
vn -0.337578 0.941298 0.000000
vn -0.337578 0.941298 0.000000
vn -0.337578 0.941298 0.000000
vn 0.324183 -0.508202 0.797894
vn 0.324183 -0.508202 0.797894
vn 0.324183 -0.508202 0.797894
vn 0.324181 -0.508201 0.797896
vn 0.324181 -0.508201 0.797896
vn 0.324181 -0.508201 0.797896
vn 0.324181 -0.508199 0.797898
vn 0.324181 -0.508199 0.797898
vn 0.324181 -0.508199 0.797898
vn 0.324183 -0.508201 0.797896
vn 0.324183 -0.508201 0.797896
vn 0.324183 -0.508201 0.797896
vn 0.537799 -0.843073 0.000000
vn 0.537799 -0.843073 0.000000
vn 0.537799 -0.843073 0.000000
vn 0.537799 -0.843073 0.000000
vn 0.537799 -0.843073 0.000000
vn 0.537799 -0.843073 0.000000
vn 0.537799 -0.843073 0.000000
vn 0.537799 -0.843073 0.000000
vn 0.537799 -0.843073 0.000000
vn 0.537799 -0.843073 -0.000001
vn 0.537799 -0.843073 -0.000001
vn 0.537799 -0.843073 -0.000001
vn 0.537799 -0.843073 0.000000
vn 0.537799 -0.843073 0.000000
vn 0.537799 -0.843073 0.000000
vn 0.537799 -0.843073 -0.000000
vn 0.537799 -0.843073 -0.000000
vn 0.537799 -0.843073 -0.000000
vn 0.000000 0.000000 1.000000
vn 0.000000 0.000000 1.000000
vn 0.000000 0.000000 1.000000
vn 0.000000 0.000000 1.000000
vn 0.000000 0.000000 1.000000
vn 0.000000 0.000000 1.000000
vn -0.766055 0.642775 0.000000
vn -0.766055 0.642775 0.000000
vn -0.766055 0.642775 0.000000
vn -0.766055 0.642775 0.000000
vn -0.766055 0.642775 0.000000
vn -0.766055 0.642775 0.000000
vn 0.843092 0.537769 -0.000001
vn 0.843092 0.537769 -0.000001
vn 0.843092 0.537769 -0.000001
vn 0.843090 0.537772 0.000000
vn 0.843090 0.537772 0.000000
vn 0.843090 0.537772 0.000000
vn 0.331548 -0.519747 -0.787362
vn 0.331548 -0.519747 -0.787362
vn 0.331548 -0.519747 -0.787362
vn 0.331548 -0.519747 -0.787362
vn 0.331548 -0.519747 -0.787362
vn 0.331548 -0.519747 -0.787362
vn 0.331548 -0.519748 -0.787361
vn 0.331548 -0.519748 -0.787361
vn 0.331548 -0.519748 -0.787361
vn 0.843092 0.537770 0.000000
vn 0.843092 0.537770 0.000000
vn 0.843092 0.537770 0.000000
vn 0.331549 -0.519749 0.787361
vn 0.331549 -0.519749 0.787361
vn 0.331549 -0.519749 0.787361
vn 0.331549 -0.519749 0.787360
vn 0.331549 -0.519749 0.787360
vn 0.331549 -0.519749 0.787360
vn 0.331549 -0.519749 0.787360
vn 0.331549 -0.519749 0.787360
vn 0.331549 -0.519749 0.787360
vn 0.331549 -0.519749 0.787360
vn 0.331549 -0.519749 0.787360
vn 0.331549 -0.519749 0.787360
vn 0.000000 0.000000 1.000000
vn 0.000000 0.000000 1.000000
vn 0.000000 0.000000 1.000000
vn 0.000000 0.000000 1.000000
vn 0.000000 0.000000 1.000000
vn 0.000000 0.000000 1.000000
vn 0.000000 0.000000 1.000000
vn 0.000000 0.000000 1.000000
vn 0.000000 0.000000 1.000000
vn 0.000000 0.000000 1.000000
vn 0.000000 0.000000 1.000000
vn 0.000000 0.000000 1.000000
vn -0.843092 0.537770 0.000000
vn -0.843092 0.537770 0.000000
vn -0.843092 0.537770 0.000000
vn -0.843091 0.537771 0.000000
vn -0.843091 0.537771 0.000000
vn -0.843091 0.537771 0.000000
vn -0.843091 0.537771 0.000000
vn -0.843091 0.537771 0.000000
vn -0.843091 0.537771 0.000000
vn -0.324183 -0.508202 0.797895
vn -0.324183 -0.508202 0.797895
vn -0.324183 -0.508202 0.797895
vn -0.324183 -0.508202 0.797895
vn -0.324183 -0.508202 0.797895
vn -0.324183 -0.508202 0.797895
vn -0.324182 -0.508201 0.797896
vn -0.324182 -0.508201 0.797896
vn -0.324182 -0.508201 0.797896
vn -0.324182 -0.508201 0.797895
vn -0.324182 -0.508201 0.797895
vn -0.324182 -0.508201 0.797895
vn -0.843091 0.537771 0.000000
vn -0.843091 0.537771 0.000000
vn -0.843091 0.537771 0.000000
vn -0.843091 0.537771 0.000000
vn -0.843091 0.537771 0.000000
vn -0.843091 0.537771 0.000000
vn -0.323818 0.206548 0.923298
vn -0.323818 0.206548 0.923298
vn -0.323818 0.206548 0.923298
vn -0.323818 0.206550 0.923298
vn -0.323818 0.206550 0.923298
vn -0.323818 0.206550 0.923298
vn 0.000000 0.000000 1.000000
vn 0.000000 0.000000 1.000000
vn 0.000000 0.000000 1.000000
vn 0.000000 0.000000 1.000000
vn 0.000000 0.000000 1.000000
vn 0.000000 0.000000 1.000000
vn 0.000000 0.000000 1.000000
vn 0.000000 0.000000 1.000000
vn 0.000000 0.000000 1.000000
vn 0.000000 0.000000 1.000000
vn 0.000000 0.000000 1.000000
vn 0.000000 0.000000 1.000000
vn -0.843091 0.537771 0.000000
vn -0.843091 0.537771 0.000000
vn -0.843091 0.537771 0.000000
vn -0.843091 0.537771 0.000000
vn -0.843091 0.537771 0.000000
vn -0.843091 0.537771 0.000000
vn -0.843091 0.537771 0.000000
vn -0.843091 0.537771 0.000000
vn -0.843091 0.537771 0.000000
vn -0.537798 -0.843074 -0.000000
vn -0.537798 -0.843074 -0.000000
vn -0.537798 -0.843074 -0.000000
vn -0.537799 -0.843073 0.000001
vn -0.537799 -0.843073 0.000001
vn -0.537799 -0.843073 0.000001
vn -0.537798 -0.843074 0.000000
vn -0.537798 -0.843074 0.000000
vn -0.537798 -0.843074 0.000000
vn 0.000000 0.000000 0.000000
vn 0.000000 0.000000 0.000000
vn 0.000000 0.000000 0.000000
vn 0.000000 0.000000 0.000000
vn 0.000000 0.000000 0.000000
vn 0.000000 0.000000 0.000000
vn -0.324183 -0.508203 0.797894
vn -0.324183 -0.508203 0.797894
vn -0.324183 -0.508203 0.797894
vn -0.324183 -0.508203 0.797894
vn -0.324183 -0.508203 0.797894
vn -0.324183 -0.508203 0.797894
vn -0.324183 -0.508202 0.797895
vn -0.324183 -0.508202 0.797895
vn -0.324183 -0.508202 0.797895
vn -0.324182 -0.508200 0.797896
vn -0.324182 -0.508200 0.797896
vn -0.324182 -0.508200 0.797896
vn 0.000000 0.000000 1.000000
vn 0.000000 0.000000 1.000000
vn 0.000000 0.000000 1.000000
vn 0.000000 0.000000 1.000000
vn 0.000000 0.000000 1.000000
vn 0.000000 0.000000 1.000000
vn 0.445260 0.284013 -0.849165
vn 0.445260 0.284013 -0.849165
vn 0.445260 0.284013 -0.849165
vn 0.445260 0.284013 -0.849165
vn 0.445260 0.284013 -0.849165
vn 0.445260 0.284013 -0.849165
vn -0.635110 0.405109 0.657664
vn -0.635110 0.405109 0.657664
vn -0.635110 0.405109 0.657664
vn -0.635110 0.405109 0.657664
vn -0.635110 0.405109 0.657664
vn -0.635110 0.405109 0.657664
vn -0.449983 0.287025 -0.845655
vn -0.449983 0.287025 -0.845655
vn -0.449983 0.287025 -0.845655
vn -0.324183 -0.508202 -0.797895
vn -0.324183 -0.508202 -0.797895
vn -0.324183 -0.508202 -0.797895
vn -0.324183 -0.508201 -0.797895
vn -0.324183 -0.508201 -0.797895
vn -0.324183 -0.508201 -0.797895
vn -0.843091 0.537771 0.000000
vn -0.843091 0.537771 0.000000
vn -0.843091 0.537771 0.000000
vn -0.843091 0.537771 0.000000
vn -0.843091 0.537771 0.000000
vn -0.843091 0.537771 0.000000
vn 0.000000 0.000000 1.000000
vn 0.000000 0.000000 1.000000
vn 0.000000 0.000000 1.000000
vn -0.843091 0.537771 0.000000
vn -0.843091 0.537771 0.000000
vn -0.843091 0.537771 0.000000
vn -0.843091 0.537771 0.000000
vn -0.843091 0.537771 0.000000
vn -0.843091 0.537771 0.000000
vn 0.324184 -0.508203 0.797894
vn 0.324184 -0.508203 0.797894
vn 0.324184 -0.508203 0.797894
vn 0.324181 -0.508203 0.797895
vn 0.324181 -0.508203 0.797895
vn 0.324181 -0.508203 0.797895
vn 0.324182 -0.508200 0.797897
vn 0.324182 -0.508200 0.797897
vn 0.324182 -0.508200 0.797897
vn 0.324183 -0.508201 0.797895
vn 0.324183 -0.508201 0.797895
vn 0.324183 -0.508201 0.797895
vn -0.843092 0.537769 0.000000
vn -0.843092 0.537769 0.000000
vn -0.843092 0.537769 0.000000
vn 0.843090 0.537772 0.000000
vn 0.843090 0.537772 0.000000
vn 0.843090 0.537772 0.000000
vn 0.843090 0.537772 0.000000
vn 0.843090 0.537772 0.000000
vn 0.843090 0.537772 0.000000
vn 0.331548 -0.519749 -0.787361
vn 0.331548 -0.519749 -0.787361
vn 0.331548 -0.519749 -0.787361
vn 0.331548 -0.519748 -0.787361
vn 0.331548 -0.519748 -0.787361
vn 0.331548 -0.519748 -0.787361
vn 0.331548 -0.519749 -0.787361
vn 0.331548 -0.519749 -0.787361
vn 0.331548 -0.519749 -0.787361
vn 0.843090 0.537772 0.000000
vn 0.843090 0.537772 0.000000
vn 0.843090 0.537772 0.000000
vn 0.843090 0.537772 0.000000
vn 0.843090 0.537772 0.000000
vn 0.843090 0.537772 0.000000
vn 0.843090 0.537772 0.000000
vn 0.843090 0.537772 0.000000
vn 0.843090 0.537772 0.000000
vn -0.843091 0.537771 0.000000
vn -0.843091 0.537771 0.000000
vn -0.843091 0.537771 0.000000
vn 0.000000 0.000000 1.000000
vn 0.000000 0.000000 1.000000
vn 0.000000 0.000000 1.000000
vn 0.000000 0.000000 1.000000
vn 0.000000 0.000000 1.000000
vn 0.000000 0.000000 1.000000
vn 0.000000 0.000000 1.000000
vn 0.000000 0.000000 1.000000
vn 0.000000 0.000000 1.000000
vn 0.000000 0.000000 1.000000
vn 0.000000 0.000000 1.000000
vn 0.000000 0.000000 1.000000
vn 0.000000 0.000000 1.000000
vn 0.000000 0.000000 1.000000
vn 0.000000 0.000000 1.000000
vn -0.843091 0.537771 0.000000
vn -0.843091 0.537771 0.000000
vn -0.843091 0.537771 0.000000
vn 0.261842 0.965111 0.000000
vn 0.261842 0.965111 0.000000
vn 0.261842 0.965111 0.000000
vn 0.261842 0.965111 0.000000
vn 0.261842 0.965111 0.000000
vn 0.261842 0.965111 0.000000
vn 0.000000 0.000000 0.000000
vn 0.000000 0.000000 0.000000
vn 0.000000 0.000000 0.000000
vn 0.000000 0.000000 0.000000
vn 0.000000 0.000000 0.000000
vn 0.000000 0.000000 0.000000
vn -0.843091 0.537771 0.000000
vn -0.843091 0.537771 0.000000
vn -0.843091 0.537771 0.000000
vn -0.324183 -0.508202 0.797895
vn -0.324183 -0.508202 0.797895
vn -0.324183 -0.508202 0.797895
vn -0.324183 -0.508202 0.797895
vn -0.324183 -0.508202 0.797895
vn -0.324183 -0.508202 0.797895
vn -0.843089 0.537774 0.000000
vn -0.843089 0.537774 0.000000
vn -0.843089 0.537774 0.000000
vn -0.331548 -0.519747 0.787362
vn -0.331548 -0.519747 0.787362
vn -0.331548 -0.519747 0.787362
vn -0.331548 -0.519747 0.787362
vn -0.331548 -0.519747 0.787362
vn -0.331548 -0.519747 0.787362
vn -0.331548 -0.519747 0.787362
vn -0.331548 -0.519747 0.787362
vn -0.331548 -0.519747 0.787362
vn -0.331548 -0.519747 0.787362
vn -0.331548 -0.519747 0.787362
vn -0.331548 -0.519747 0.787362
vn -0.642800 0.766034 0.000000
vn -0.642800 0.766034 0.000000
vn -0.642800 0.766034 0.000000
vn -0.642800 0.766034 0.000000
vn -0.642800 0.766034 0.000000
vn -0.642800 0.766034 0.000000
vn -0.156670 0.099933 -0.982582
vn -0.156670 0.099933 -0.982582
vn -0.156670 0.099933 -0.982582
vn -0.156670 0.099933 -0.982582
vn -0.156670 0.099933 -0.982582
vn -0.156670 0.099933 -0.982582
vn 0.537798 -0.843074 0.000000
vn 0.537798 -0.843074 0.000000
vn 0.537798 -0.843074 0.000000
vn 0.537798 -0.843074 0.000000
vn 0.537798 -0.843074 0.000000
vn 0.537798 -0.843074 0.000000
vn 0.537798 -0.843074 -0.000001
vn 0.537798 -0.843074 -0.000001
vn 0.537798 -0.843074 -0.000001
vn 0.537797 -0.843074 -0.000004
vn 0.537797 -0.843074 -0.000004
vn 0.537797 -0.843074 -0.000004
vn 0.537798 -0.843074 0.000000
vn 0.537798 -0.843074 0.000000
vn 0.537798 -0.843074 0.000000
vn 0.537800 -0.843073 -0.000001
vn 0.537800 -0.843073 -0.000001
vn 0.537800 -0.843073 -0.000001
vn 0.537799 -0.843073 0.000000
vn 0.537799 -0.843073 0.000000
vn 0.537799 -0.843073 0.000000
vn 0.537800 -0.843073 -0.000001
vn 0.537800 -0.843073 -0.000001
vn 0.537800 -0.843073 -0.000001
vn 0.317259 0.948339 -0.000001
vn 0.317259 0.948339 -0.000001
vn 0.317259 0.948339 -0.000001
vn 0.317261 0.948338 0.000000
vn 0.317261 0.948338 0.000000
vn 0.317261 0.948338 0.000000
vn 0.317261 0.948338 0.000000
vn 0.317261 0.948338 0.000000
vn 0.317261 0.948338 0.000000
vn 0.317259 0.948339 -0.000001
vn 0.317259 0.948339 -0.000001
vn 0.317259 0.948339 -0.000001
vn 0.317259 0.948339 -0.000001
vn 0.317259 0.948339 -0.000001
vn 0.317259 0.948339 -0.000001
vn 0.000000 0.000000 0.000000
vn 0.000000 0.000000 0.000000
vn 0.000000 0.000000 0.000000
vn 0.000000 0.000000 0.000000
vn 0.000000 0.000000 0.000000
vn 0.000000 0.000000 0.000000
vn 0.541675 0.454504 -0.707117
vn 0.541675 0.454504 -0.707117
vn 0.541675 0.454504 -0.707117
vn 0.541675 0.454504 -0.707117
vn 0.541675 0.454504 -0.707117
vn 0.541675 0.454504 -0.707117
vn -0.126595 0.991955 0.000000
vn -0.126595 0.991955 0.000000
vn -0.126595 0.991955 0.000000
vn -0.126595 0.991955 0.000000
vn -0.126595 0.991955 0.000000
vn -0.126595 0.991955 0.000000
vn 0.000000 0.000000 0.000000
vn 0.000000 0.000000 0.000000
vn 0.000000 0.000000 0.000000
vn 0.000000 0.000000 0.000000
vn 0.000000 0.000000 0.000000
vn 0.000000 0.000000 0.000000
vn -0.324183 -0.508201 -0.797896
vn -0.324183 -0.508201 -0.797896
vn -0.324183 -0.508201 -0.797896
vn -0.324183 -0.508202 -0.797895
vn -0.324183 -0.508202 -0.797895
vn -0.324183 -0.508202 -0.797895
vn -0.324183 -0.508201 -0.797895
vn -0.324183 -0.508201 -0.797895
vn -0.324183 -0.508201 -0.797895
vn -0.537798 -0.843073 0.000000
vn -0.537798 -0.843073 0.000000
vn -0.537798 -0.843073 0.000000
vn -0.537799 -0.843073 -0.000000
vn -0.537799 -0.843073 -0.000000
vn -0.537799 -0.843073 -0.000000
vn -0.537798 -0.843074 0.000000
vn -0.537798 -0.843074 0.000000
vn -0.537798 -0.843074 0.000000
vn -0.537798 -0.843074 0.000000
vn -0.537798 -0.843074 0.000000
vn -0.537798 -0.843074 0.000000
vn 0.000000 0.000000 0.000000
vn 0.000000 0.000000 0.000000
vn 0.000000 0.000000 0.000000
vn -0.619852 0.395378 0.677835
vn -0.619852 0.395378 0.677835
vn -0.619852 0.395378 0.677835
vn -0.619852 0.395377 0.677836
vn -0.619852 0.395377 0.677836
vn -0.619852 0.395377 0.677836
vn 0.642800 -0.766034 0.000000
vn 0.642800 -0.766034 0.000000
vn 0.642800 -0.766034 0.000000
vn 0.642800 -0.766034 0.000000
vn 0.642800 -0.766034 0.000000
vn 0.642800 -0.766034 0.000000
vn -0.324184 -0.508200 -0.797895
vn -0.324184 -0.508200 -0.797895
vn -0.324184 -0.508200 -0.797895
vn -0.324183 -0.508202 -0.797895
vn -0.324183 -0.508202 -0.797895
vn -0.324183 -0.508202 -0.797895
vn -0.324183 -0.508201 -0.797895
vn -0.324183 -0.508201 -0.797895
vn -0.324183 -0.508201 -0.797895
vn -0.843091 0.537770 0.000000
vn -0.843091 0.537770 0.000000
vn -0.843091 0.537770 0.000000
vn -0.843091 0.537770 0.000000
vn -0.843091 0.537770 0.000000
vn -0.843091 0.537770 0.000000
vn -0.843091 0.537771 0.000000
vn -0.843091 0.537771 0.000000
vn -0.843091 0.537771 0.000000
vn 0.000000 0.000000 1.000000
vn 0.000000 0.000000 1.000000
vn 0.000000 0.000000 1.000000
vn -0.324183 -0.508201 -0.797896
vn -0.324183 -0.508201 -0.797896
vn -0.324183 -0.508201 -0.797896
vn -0.324183 -0.508202 -0.797895
vn -0.324183 -0.508202 -0.797895
vn -0.324183 -0.508202 -0.797895
vn -0.331548 -0.519747 -0.787362
vn -0.331548 -0.519747 -0.787362
vn -0.331548 -0.519747 -0.787362
vn -0.331548 -0.519748 -0.787362
vn -0.331548 -0.519748 -0.787362
vn -0.331548 -0.519748 -0.787362
vn 0.843090 0.537772 0.000000
vn 0.843090 0.537772 0.000000
vn 0.843090 0.537772 0.000000
vn -0.843088 0.537775 0.000000
vn -0.843088 0.537775 0.000000
vn -0.843088 0.537775 0.000000
vn 0.000000 0.000000 0.000000
vn 0.000000 0.000000 0.000000
vn 0.000000 0.000000 0.000000
vn -0.103978 0.994580 0.000000
vn -0.103978 0.994580 0.000000
vn -0.103978 0.994580 0.000000
vn -0.103976 0.994580 0.000000
vn -0.103976 0.994580 0.000000
vn -0.103976 0.994580 0.000000
vn -0.103978 0.994580 0.000000
vn -0.103978 0.994580 0.000000
vn -0.103978 0.994580 0.000000
vn -0.103976 0.994580 0.000000
vn -0.103976 0.994580 0.000000
vn -0.103976 0.994580 0.000000
vn -0.103976 0.994580 0.000000
vn -0.103976 0.994580 0.000000
vn -0.103976 0.994580 0.000000
vn -0.103976 0.994580 0.000000
vn -0.103976 0.994580 0.000000
vn -0.103976 0.994580 0.000000
vn -0.103976 0.994580 0.000000
vn -0.103976 0.994580 0.000000
vn -0.103976 0.994580 0.000000
vn -0.103974 0.994580 0.000000
vn -0.103974 0.994580 0.000000
vn -0.103974 0.994580 0.000000
vn -0.103976 0.994580 0.000000
vn -0.103976 0.994580 0.000000
vn -0.103976 0.994580 0.000000
vn -0.331548 -0.519747 0.787362
vn -0.331548 -0.519747 0.787362
vn -0.331548 -0.519747 0.787362
vn -0.331548 -0.519747 0.787362
vn -0.331548 -0.519747 0.787362
vn -0.331548 -0.519747 0.787362
vn -0.843091 0.537771 0.000000
vn -0.843091 0.537771 0.000000
vn -0.843091 0.537771 0.000000
vn -0.843091 0.537771 0.000000
vn -0.843091 0.537771 0.000000
vn -0.843091 0.537771 0.000000
vn -0.843091 0.537770 0.000000
vn -0.843091 0.537770 0.000000
vn -0.843091 0.537770 0.000000
vn -0.843091 0.537770 0.000000
vn -0.843091 0.537770 0.000000
vn -0.843091 0.537770 0.000000
vn 0.331549 -0.519749 -0.787360
vn 0.331549 -0.519749 -0.787360
vn 0.331549 -0.519749 -0.787360
vn 0.331549 -0.519748 -0.787361
vn 0.331549 -0.519748 -0.787361
vn 0.331549 -0.519748 -0.787361
vn 0.299948 -0.470210 -0.830021
vn 0.299948 -0.470210 -0.830021
vn 0.299948 -0.470210 -0.830021
vn 0.299948 -0.470209 -0.830021
vn 0.299948 -0.470209 -0.830021
vn 0.299948 -0.470209 -0.830021
vn -0.331548 -0.519749 0.787361
vn -0.331548 -0.519749 0.787361
vn -0.331548 -0.519749 0.787361
vn -0.331548 -0.519748 0.787362
vn -0.331548 -0.519748 0.787362
vn -0.331548 -0.519748 0.787362
vn -0.331548 -0.519747 0.787362
vn -0.331548 -0.519747 0.787362
vn -0.331548 -0.519747 0.787362
vn -0.331548 -0.519748 0.787361
vn -0.331548 -0.519748 0.787361
vn -0.331548 -0.519748 0.787361
vn -0.843090 0.537772 0.000000
vn -0.843090 0.537772 0.000000
vn -0.843090 0.537772 0.000000
vn -0.843090 0.537772 0.000000
vn -0.843090 0.537772 0.000000
vn -0.843090 0.537772 0.000000
vn 0.327895 0.944714 0.000000
vn 0.327895 0.944714 0.000000
vn 0.327895 0.944714 0.000000
vn 0.327895 0.944714 0.000000
vn 0.327895 0.944714 0.000000
vn 0.327895 0.944714 0.000000
vn 0.327895 0.944714 0.000000
vn 0.327895 0.944714 0.000000
vn 0.327895 0.944714 0.000000
vn 0.327895 0.944714 0.000000
vn 0.327895 0.944714 0.000000
vn 0.327895 0.944714 0.000000
vn 0.000000 0.000000 0.000000
vn 0.000000 0.000000 0.000000
vn 0.000000 0.000000 0.000000
vn 0.000000 0.000000 0.000000
vn 0.000000 0.000000 0.000000
vn 0.000000 0.000000 0.000000
vn 0.327895 0.944714 0.000000
vn 0.327895 0.944714 0.000000
vn 0.327895 0.944714 0.000000
vn 0.608960 0.388432 -0.691584
vn 0.608960 0.388432 -0.691584
vn 0.608960 0.388432 -0.691584
vn 0.608960 0.388429 -0.691585
vn 0.608960 0.388429 -0.691585
vn 0.608960 0.388429 -0.691585
vn 0.000000 0.000000 0.000000
vn 0.000000 0.000000 0.000000
vn 0.000000 0.000000 0.000000
vn 0.537798 -0.843074 -0.000001
vn 0.537798 -0.843074 -0.000001
vn 0.537798 -0.843074 -0.000001
vn 0.537798 -0.843074 -0.000001
vn 0.537798 -0.843074 -0.000001
vn 0.537798 -0.843074 -0.000001
vn 0.537799 -0.843073 0.000000
vn 0.537799 -0.843073 0.000000
vn 0.537799 -0.843073 0.000000
vn 0.537798 -0.843074 0.000000
vn 0.537798 -0.843074 0.000000
vn 0.537798 -0.843074 0.000000
vn 0.537798 -0.843074 -0.000001
vn 0.537798 -0.843074 -0.000001
vn 0.537798 -0.843074 -0.000001
vn 0.537798 -0.843074 0.000000
vn 0.537798 -0.843074 0.000000
vn 0.537798 -0.843074 0.000000
vn 0.843089 0.537775 0.000002
vn 0.843089 0.537775 0.000002
vn 0.843089 0.537775 0.000002
vn 0.843089 0.537775 0.000002
vn 0.843089 0.537775 0.000002
vn 0.843089 0.537775 0.000002
vn 0.843090 0.537772 0.000000
vn 0.843090 0.537772 0.000000
vn 0.843090 0.537772 0.000000
vn 0.843090 0.537772 0.000000
vn 0.843090 0.537772 0.000000
vn 0.843090 0.537772 0.000000
vn 0.843092 0.537770 0.000000
vn 0.843092 0.537770 0.000000
vn 0.843092 0.537770 0.000000
vn 0.843092 0.537770 0.000000
vn 0.843092 0.537770 0.000000
vn 0.843092 0.537770 0.000000
vn 0.843103 0.537752 -0.000016
vn 0.843103 0.537752 -0.000016
vn 0.843103 0.537752 -0.000016
vn 0.843090 0.537772 0.000000
vn 0.843090 0.537772 0.000000
vn 0.843090 0.537772 0.000000
vn -0.843091 0.537771 0.000000
vn -0.843091 0.537771 0.000000
vn -0.843091 0.537771 0.000000
vn -0.843091 0.537771 0.000000
vn -0.843091 0.537771 0.000000
vn -0.843091 0.537771 0.000000
vn -0.000374 0.002139 0.999998
vn -0.000374 0.002139 0.999998
vn -0.000374 0.002139 0.999998
vn 0.000000 0.000000 1.000000
vn 0.000000 0.000000 1.000000
vn 0.000000 0.000000 1.000000
vn 0.766056 -0.642774 0.000000
vn 0.766056 -0.642774 0.000000
vn 0.766056 -0.642774 0.000000
vn 0.766056 -0.642774 0.000000
vn 0.766056 -0.642774 0.000000
vn 0.766056 -0.642774 0.000000
vn -0.843092 -0.537770 0.000000
vn -0.843092 -0.537770 0.000000
vn -0.843092 -0.537770 0.000000
vn -0.843092 -0.537770 0.000000
vn -0.843092 -0.537770 0.000000
vn -0.843092 -0.537770 0.000000
vn -0.843092 -0.537770 0.000000
vn -0.843092 -0.537770 0.000000
vn -0.843092 -0.537770 0.000000
vn -0.843092 -0.537770 0.000000
vn -0.843092 -0.537770 0.000000
vn -0.843092 -0.537770 0.000000
vn 0.305528 0.952183 0.000000
vn 0.305528 0.952183 0.000000
vn 0.305528 0.952183 0.000000
vn 0.305528 0.952183 0.000000
vn 0.305528 0.952183 0.000000
vn 0.305528 0.952183 0.000000
vn 0.305528 0.952183 0.000000
vn 0.305528 0.952183 0.000000
vn 0.305528 0.952183 0.000000
vn 0.305528 0.952183 0.000000
vn 0.305528 0.952183 0.000000
vn 0.305528 0.952183 0.000000
vn 0.305528 0.952183 0.000000
vn 0.305528 0.952183 0.000000
vn 0.305528 0.952183 0.000000
vn 0.000000 0.000000 0.000000
vn 0.000000 0.000000 0.000000
vn 0.000000 0.000000 0.000000
vn 0.000000 0.000000 0.000000
vn 0.000000 0.000000 0.000000
vn 0.000000 0.000000 0.000000
vn 0.843090 0.537772 0.000000
vn 0.843090 0.537772 0.000000
vn 0.843090 0.537772 0.000000
vn 0.843090 0.537773 0.000000
vn 0.843090 0.537773 0.000000
vn 0.843090 0.537773 0.000000
vn 0.324182 -0.508201 0.797895
vn 0.324182 -0.508201 0.797895
vn 0.324182 -0.508201 0.797895
vn 0.324182 -0.508201 0.797895
vn 0.324182 -0.508201 0.797895
vn 0.324182 -0.508201 0.797895
vn 0.000000 -0.000000 -1.000000
vn 0.000000 -0.000000 -1.000000
vn 0.000000 -0.000000 -1.000000
vn -0.331547 -0.519746 -0.787363
vn -0.331547 -0.519746 -0.787363
vn -0.331547 -0.519746 -0.787363
vn -0.331548 -0.519750 -0.787360
vn -0.331548 -0.519750 -0.787360
vn -0.331548 -0.519750 -0.787360
vn -0.331548 -0.519748 -0.787361
vn -0.331548 -0.519748 -0.787361
vn -0.331548 -0.519748 -0.787361
vn 0.000000 0.000000 1.000000
vn 0.000000 0.000000 1.000000
vn 0.000000 0.000000 1.000000
vn 0.324182 -0.508201 0.797896
vn 0.324182 -0.508201 0.797896
vn 0.324182 -0.508201 0.797896
vn 0.324184 -0.508202 0.797895
vn 0.324184 -0.508202 0.797895
vn 0.324184 -0.508202 0.797895
vn 0.324184 -0.508204 0.797893
vn 0.324184 -0.508204 0.797893
vn 0.324184 -0.508204 0.797893
vn 0.324182 -0.508201 0.797895
vn 0.324182 -0.508201 0.797895
vn 0.324182 -0.508201 0.797895
vn 0.843092 0.537769 -0.000001
vn 0.843092 0.537769 -0.000001
vn 0.843092 0.537769 -0.000001
vn 0.843089 0.537774 0.000000
vn 0.843089 0.537774 0.000000
vn 0.843089 0.537774 0.000000
vn -0.492438 0.314105 -0.811691
vn -0.492438 0.314105 -0.811691
vn -0.492438 0.314105 -0.811691
vn -0.492438 0.314105 -0.811691
vn -0.492438 0.314105 -0.811691
vn -0.492438 0.314105 -0.811691
vn 0.843089 0.537774 0.000000
vn 0.843089 0.537774 0.000000
vn 0.843089 0.537774 0.000000
vn 0.843089 0.537774 0.000000
vn 0.843089 0.537774 0.000000
vn 0.843089 0.537774 0.000000
vn -0.331548 -0.519748 -0.787361
vn -0.331548 -0.519748 -0.787361
vn -0.331548 -0.519748 -0.787361
vn -0.331548 -0.519748 -0.787361
vn -0.331548 -0.519748 -0.787361
vn -0.331548 -0.519748 -0.787361
vn -0.766055 0.642775 0.000000
vn -0.766055 0.642775 0.000000
vn -0.766055 0.642775 0.000000
vn -0.766053 0.642777 0.000003
vn -0.766053 0.642777 0.000003
vn -0.766053 0.642777 0.000003
vn -0.766056 0.642774 0.000000
vn -0.766056 0.642774 0.000000
vn -0.766056 0.642774 0.000000
vn -0.766056 0.642774 0.000000
vn -0.766056 0.642774 0.000000
vn -0.766056 0.642774 0.000000
vn -0.766055 0.642775 0.000000
vn -0.766055 0.642775 0.000000
vn -0.766055 0.642775 0.000000
vn -0.766056 0.642774 -0.000011
vn -0.766056 0.642774 -0.000011
vn -0.766056 0.642774 -0.000011
vn -0.766056 0.642774 -0.000008
vn -0.766056 0.642774 -0.000008
vn -0.766056 0.642774 -0.000008
vn -0.766055 0.642775 0.000009
vn -0.766055 0.642775 0.000009
vn -0.766055 0.642775 0.000009
vn -0.766057 0.642773 -0.000140
vn -0.766057 0.642773 -0.000140
vn -0.766057 0.642773 -0.000140
vn -0.766056 0.642774 0.000000
vn -0.766056 0.642774 0.000000
vn -0.766056 0.642774 0.000000
vn -0.766055 0.642775 0.000017
vn -0.766055 0.642775 0.000017
vn -0.766055 0.642775 0.000017
vn -0.766056 0.642774 -0.000056
vn -0.766056 0.642774 -0.000056
vn -0.766056 0.642774 -0.000056
vn -0.766056 0.642774 0.000000
vn -0.766056 0.642774 0.000000
vn -0.766056 0.642774 0.000000
vn -0.766056 0.642774 0.000000
vn -0.766056 0.642774 0.000000
vn -0.766056 0.642774 0.000000
vn -0.766056 0.642774 0.000000
vn -0.766056 0.642774 0.000000
vn -0.766056 0.642774 0.000000
vn -0.766056 0.642774 0.000000
vn -0.766056 0.642774 0.000000
vn -0.766056 0.642774 0.000000
vn -0.766056 0.642774 0.000000
vn -0.766056 0.642774 0.000000
vn -0.766056 0.642774 0.000000
vn 0.000000 -0.000000 -1.000000
vn 0.000000 -0.000000 -1.000000
vn 0.000000 -0.000000 -1.000000
vn 0.000000 0.000000 1.000000
vn 0.000000 0.000000 1.000000
vn 0.000000 0.000000 1.000000
vn 0.000000 0.000000 1.000000
vn 0.000000 0.000000 1.000000
vn 0.000000 0.000000 1.000000
vn 0.000000 -0.000000 -1.000000
vn 0.000000 -0.000000 -1.000000
vn 0.000000 -0.000000 -1.000000
vn 0.000000 -0.000000 -1.000000
vn 0.000000 -0.000000 -1.000000
vn 0.000000 -0.000000 -1.000000
vn 0.000000 0.000000 1.000000
vn 0.000000 0.000000 1.000000
vn 0.000000 0.000000 1.000000
vn 0.000000 -0.000000 -1.000000
vn 0.000000 -0.000000 -1.000000
vn 0.000000 -0.000000 -1.000000
vn 0.000000 0.000000 1.000000
vn 0.000000 0.000000 1.000000
vn 0.000000 0.000000 1.000000
vn -0.766056 0.642774 0.000000
vn -0.766056 0.642774 0.000000
vn -0.766056 0.642774 0.000000
vn -0.766056 0.642775 -0.000003
vn -0.766056 0.642775 -0.000003
vn -0.766056 0.642775 -0.000003
vn -0.766056 0.642774 0.000000
vn -0.766056 0.642774 0.000000
vn -0.766056 0.642774 0.000000
vn -0.766056 0.642774 0.000000
vn -0.766056 0.642774 0.000000
vn -0.766056 0.642774 0.000000
vn 0.000000 -0.000000 -1.000000
vn 0.000000 -0.000000 -1.000000
vn 0.000000 -0.000000 -1.000000
vn 0.000000 -0.000000 -1.000000
vn 0.000000 -0.000000 -1.000000
vn 0.000000 -0.000000 -1.000000
vn -0.766055 0.642775 0.000000
vn -0.766055 0.642775 0.000000
vn -0.766055 0.642775 0.000000
vn -0.766055 0.642775 0.000000
vn -0.766055 0.642775 0.000000
vn -0.766055 0.642775 0.000000
vn -0.766055 0.642775 0.000000
vn -0.766055 0.642775 0.000000
vn -0.766055 0.642775 0.000000
vn -0.766055 0.642775 0.000000
vn -0.766055 0.642775 0.000000
vn -0.766055 0.642775 0.000000
vn 0.000000 0.000000 1.000000
vn 0.000000 0.000000 1.000000
vn 0.000000 0.000000 1.000000
vn -0.766056 0.642774 0.000000
vn -0.766056 0.642774 0.000000
vn -0.766056 0.642774 0.000000
vn -0.766056 0.642774 0.000000
vn -0.766056 0.642774 0.000000
vn -0.766056 0.642774 0.000000
vn 0.000000 -0.000000 -1.000000
vn 0.000000 -0.000000 -1.000000
vn 0.000000 -0.000000 -1.000000
vn -0.766055 0.642775 0.000000
vn -0.766055 0.642775 0.000000
vn -0.766055 0.642775 0.000000
vn -0.766055 0.642775 0.000000
vn -0.766055 0.642775 0.000000
vn -0.766055 0.642775 0.000000
vn 0.000000 0.000000 1.000000
vn 0.000000 0.000000 1.000000
vn 0.000000 0.000000 1.000000
vn 0.103976 0.994580 0.000000
vn 0.103976 0.994580 0.000000
vn 0.103976 0.994580 0.000000
vn 0.103976 0.994580 0.000000
vn 0.103976 0.994580 0.000000
vn 0.103976 0.994580 0.000000
vn 0.103976 0.994580 0.000000
vn 0.103976 0.994580 0.000000
vn 0.103976 0.994580 0.000000
vn 0.103975 0.994580 -0.000001
vn 0.103975 0.994580 -0.000001
vn 0.103975 0.994580 -0.000001
vn 0.103975 0.994580 -0.000001
vn 0.103975 0.994580 -0.000001
vn 0.103975 0.994580 -0.000001
vn 0.103975 0.994580 -0.000001
vn 0.103975 0.994580 -0.000001
vn 0.103975 0.994580 -0.000001
vn 0.000000 0.000000 0.000000
vn 0.000000 0.000000 0.000000
vn 0.000000 0.000000 0.000000
vn 0.000000 0.000000 0.000000
vn 0.000000 0.000000 0.000000
vn 0.000000 0.000000 0.000000
vn -0.292529 0.956257 0.000000
vn -0.292529 0.956257 0.000000
vn -0.292529 0.956257 0.000000
vn -0.292529 0.956257 0.000000
vn -0.292529 0.956257 0.000000
vn -0.292529 0.956257 0.000000
vn -0.215887 0.976418 0.000000
vn -0.215887 0.976418 0.000000
vn -0.215887 0.976418 0.000000
vn -0.215887 0.976418 0.000000
vn -0.215887 0.976418 0.000000
vn -0.215887 0.976418 0.000000
vn -0.215887 0.976418 0.000000
vn -0.215887 0.976418 0.000000
vn -0.215887 0.976418 0.000000
vn 0.000000 0.000000 0.000000
vn 0.000000 0.000000 0.000000
vn 0.000000 0.000000 0.000000
vn 0.449982 0.287023 -0.845656
vn 0.449982 0.287023 -0.845656
vn 0.449982 0.287023 -0.845656
vn 0.843095 0.537765 0.000000
vn 0.843095 0.537765 0.000000
vn 0.843095 0.537765 0.000000
vn 0.000000 0.000000 1.000000
vn 0.000000 0.000000 1.000000
vn 0.000000 0.000000 1.000000
vn 0.331548 -0.519748 -0.787361
vn 0.331548 -0.519748 -0.787361
vn 0.331548 -0.519748 -0.787361
vn 0.331548 -0.519748 -0.787361
vn 0.331548 -0.519748 -0.787361
vn 0.331548 -0.519748 -0.787361
vn 0.843091 0.537771 0.000000
vn 0.843091 0.537771 0.000000
vn 0.843091 0.537771 0.000000
vn 0.000000 0.000000 0.000000
vn 0.000000 0.000000 0.000000
vn 0.000000 0.000000 0.000000
vn -0.103972 0.994580 0.000000
vn -0.103972 0.994580 0.000000
vn -0.103972 0.994580 0.000000
vn -0.103972 0.994580 0.000000
vn -0.103972 0.994580 0.000000
vn -0.103972 0.994580 0.000000
vn -0.103972 0.994580 0.000000
vn -0.103972 0.994580 0.000000
vn -0.103972 0.994580 0.000000
vn -0.103972 0.994580 0.000000
vn -0.103972 0.994580 0.000000
vn -0.103972 0.994580 0.000000
vn -0.103973 0.994580 0.000000
vn -0.103973 0.994580 0.000000
vn -0.103973 0.994580 0.000000
vn 0.000000 0.000000 0.000000
vn 0.000000 0.000000 0.000000
vn 0.000000 0.000000 0.000000
vn -0.327895 0.944714 0.000001
vn -0.327895 0.944714 0.000001
vn -0.327895 0.944714 0.000001
vn -0.327896 0.944714 -0.000001
vn -0.327896 0.944714 -0.000001
vn -0.327896 0.944714 -0.000001
vn -0.327896 0.944714 0.000001
vn -0.327896 0.944714 0.000001
vn -0.327896 0.944714 0.000001
vn -0.327896 0.944714 -0.000001
vn -0.327896 0.944714 -0.000001
vn -0.327896 0.944714 -0.000001
vn -0.327896 0.944714 -0.000001
vn -0.327896 0.944714 -0.000001
vn -0.327896 0.944714 -0.000001
vn -0.327897 0.944713 -0.000001
vn -0.327897 0.944713 -0.000001
vn -0.327897 0.944713 -0.000001
vn -0.637168 0.406423 -0.654857
vn -0.637168 0.406423 -0.654857
vn -0.637168 0.406423 -0.654857
vn -0.637168 0.406423 -0.654857
vn -0.637168 0.406423 -0.654857
vn -0.637168 0.406423 -0.654857
vn -0.282827 -0.443371 0.850547
vn -0.282827 -0.443371 0.850547
vn -0.282827 -0.443371 0.850547
vn -0.282827 -0.443371 0.850547
vn -0.282827 -0.443371 0.850547
vn -0.282827 -0.443371 0.850547
vn -0.843091 0.537771 0.000000
vn -0.843091 0.537771 0.000000
vn -0.843091 0.537771 0.000000
vn -0.324184 -0.508202 0.797894
vn -0.324184 -0.508202 0.797894
vn -0.324184 -0.508202 0.797894
vn -0.324184 -0.508203 0.797894
vn -0.324184 -0.508203 0.797894
vn -0.324184 -0.508203 0.797894
vn -0.324183 -0.508202 0.797895
vn -0.324183 -0.508202 0.797895
vn -0.324183 -0.508202 0.797895
vn -0.324182 -0.508202 0.797895
vn -0.324182 -0.508202 0.797895
vn -0.324182 -0.508202 0.797895
vn -0.324183 -0.508201 0.797895
vn -0.324183 -0.508201 0.797895
vn -0.324183 -0.508201 0.797895
vn -0.324183 -0.508201 0.797895
vn -0.324183 -0.508201 0.797895
vn -0.324183 -0.508201 0.797895
vn -0.843091 0.537771 0.000000
vn -0.843091 0.537771 0.000000
vn -0.843091 0.537771 0.000000
vn -0.843091 0.537771 0.000000
vn -0.843091 0.537771 0.000000
vn -0.843091 0.537771 0.000000
vn -0.843091 0.537771 0.000000
vn -0.843091 0.537771 0.000000
vn -0.843091 0.537771 0.000000
vn 0.537798 -0.843074 0.000000
vn 0.537798 -0.843074 0.000000
vn 0.537798 -0.843074 0.000000
vn 0.537798 -0.843074 0.000000
vn 0.537798 -0.843074 0.000000
vn 0.537798 -0.843074 0.000000
vn 0.537798 -0.843074 0.000000
vn 0.537798 -0.843074 0.000000
vn 0.537798 -0.843074 0.000000
vn 0.537802 -0.843071 0.000007
vn 0.537802 -0.843071 0.000007
vn 0.537802 -0.843071 0.000007
vn 0.537798 -0.843074 0.000000
vn 0.537798 -0.843074 0.000000
vn 0.537798 -0.843074 0.000000
vn 0.537797 -0.843075 0.000000
vn 0.537797 -0.843075 0.000000
vn 0.537797 -0.843075 0.000000
vn 0.324184 -0.508200 -0.797896
vn 0.324184 -0.508200 -0.797896
vn 0.324184 -0.508200 -0.797896
vn 0.324183 -0.508202 -0.797895
vn 0.324183 -0.508202 -0.797895
vn 0.324183 -0.508202 -0.797895
vn 0.324183 -0.508202 -0.797895
vn 0.324183 -0.508202 -0.797895
vn 0.324183 -0.508202 -0.797895
vn 0.331548 -0.519748 0.787362
vn 0.331548 -0.519748 0.787362
vn 0.331548 -0.519748 0.787362
vn 0.331549 -0.519750 0.787360
vn 0.331549 -0.519750 0.787360
vn 0.331549 -0.519750 0.787360
vn 0.331548 -0.519748 0.787361
vn 0.331548 -0.519748 0.787361
vn 0.331548 -0.519748 0.787361
vn 0.331548 -0.519748 0.787361
vn 0.331548 -0.519748 0.787361
vn 0.331548 -0.519748 0.787361
vn -0.324183 -0.508202 0.797895
vn -0.324183 -0.508202 0.797895
vn -0.324183 -0.508202 0.797895
vn -0.324183 -0.508201 0.797895
vn -0.324183 -0.508201 0.797895
vn -0.324183 -0.508201 0.797895
vn -0.324183 -0.508202 0.797894
vn -0.324183 -0.508202 0.797894
vn -0.324183 -0.508202 0.797894
vn -0.324184 -0.508203 0.797894
vn -0.324184 -0.508203 0.797894
vn -0.324184 -0.508203 0.797894
vn -0.379547 0.242096 0.892935
vn -0.379547 0.242096 0.892935
vn -0.379547 0.242096 0.892935
vn -0.379124 0.246061 0.892031
vn -0.379124 0.246061 0.892031
vn -0.379124 0.246061 0.892031
vn 0.537798 -0.843074 0.000000
vn 0.537798 -0.843074 0.000000
vn 0.537798 -0.843074 0.000000
vn 0.537797 -0.843074 -0.000094
vn 0.537797 -0.843074 -0.000094
vn 0.537797 -0.843074 -0.000094
vn 0.537798 -0.843074 -0.000000
vn 0.537798 -0.843074 -0.000000
vn 0.537798 -0.843074 -0.000000
vn 0.537798 -0.843074 0.000000
vn 0.537798 -0.843074 0.000000
vn 0.537798 -0.843074 0.000000
vn -0.843090 0.537772 0.000000
vn -0.843090 0.537772 0.000000
vn -0.843090 0.537772 0.000000
vn -0.843091 0.537771 0.000000
vn -0.843091 0.537771 0.000000
vn -0.843091 0.537771 0.000000
vn 0.261842 0.965111 0.000000
vn 0.261842 0.965111 0.000000
vn 0.261842 0.965111 0.000000
vn 0.261842 0.965111 0.000000
vn 0.261842 0.965111 0.000000
vn 0.261842 0.965111 0.000000
vn 0.261842 0.965111 0.000000
vn 0.261842 0.965111 0.000000
vn 0.261842 0.965111 0.000000
vn 0.261842 0.965111 0.000000
vn 0.261842 0.965111 0.000000
vn 0.261842 0.965111 0.000000
vn 0.261842 0.965111 0.000000
vn 0.261842 0.965111 0.000000
vn 0.261842 0.965111 0.000000
vn 0.261842 0.965111 0.000000
vn 0.261842 0.965111 0.000000
vn 0.261842 0.965111 0.000000
vn 0.000000 0.000000 0.000000
vn 0.000000 0.000000 0.000000
vn 0.000000 0.000000 0.000000
vn -0.541675 0.454503 -0.707118
vn -0.541675 0.454503 -0.707118
vn -0.541675 0.454503 -0.707118
vn -0.541675 0.454503 -0.707118
vn -0.541675 0.454503 -0.707118
vn -0.541675 0.454503 -0.707118
vn -0.677271 0.432003 -0.595547
vn -0.677271 0.432003 -0.595547
vn -0.677271 0.432003 -0.595547
vn -0.677271 0.432003 -0.595547
vn -0.677271 0.432003 -0.595547
vn -0.677271 0.432003 -0.595547
vn -0.843091 0.537771 0.000000
vn -0.843091 0.537771 0.000000
vn -0.843091 0.537771 0.000000
vn -0.324183 -0.508202 -0.797895
vn -0.324183 -0.508202 -0.797895
vn -0.324183 -0.508202 -0.797895
vn -0.324183 -0.508202 -0.797895
vn -0.324183 -0.508202 -0.797895
vn -0.324183 -0.508202 -0.797895
vn -0.324183 -0.508202 -0.797895
vn -0.324183 -0.508202 -0.797895
vn -0.324183 -0.508202 -0.797895
vn -0.843091 0.537771 0.000000
vn -0.843091 0.537771 0.000000
vn -0.843091 0.537771 0.000000
vn -0.843091 0.537771 0.000000
vn -0.843091 0.537771 0.000000
vn -0.843091 0.537771 0.000000
vn -0.843092 0.537769 0.000000
vn -0.843092 0.537769 0.000000
vn -0.843092 0.537769 0.000000
vn 0.261842 0.965111 0.000000
vn 0.261842 0.965111 0.000000
vn 0.261842 0.965111 0.000000
vn 0.261842 0.965111 0.000000
vn 0.261842 0.965111 0.000000
vn 0.261842 0.965111 0.000000
vn 0.000000 0.000000 0.000000
vn 0.000000 0.000000 0.000000
vn 0.000000 0.000000 0.000000
vn 0.261842 0.965111 0.000000
vn 0.261842 0.965111 0.000000
vn 0.261842 0.965111 0.000000
vn 0.261842 0.965111 0.000000
vn 0.261842 0.965111 0.000000
vn 0.261842 0.965111 0.000000
vn 0.261843 0.965110 0.000000
vn 0.261843 0.965110 0.000000
vn 0.261843 0.965110 0.000000
vn 0.000000 0.000000 0.000000
vn 0.000000 0.000000 0.000000
vn 0.000000 0.000000 0.000000
vn 0.000000 0.000000 1.000000
vn 0.000000 0.000000 1.000000
vn 0.000000 0.000000 1.000000
vn 0.000000 0.000000 1.000000
vn 0.000000 0.000000 1.000000
vn 0.000000 0.000000 1.000000
vn -0.222903 0.974841 0.000000
vn -0.222903 0.974841 0.000000
vn -0.222903 0.974841 0.000000
vn -0.222903 0.974841 0.000000
vn -0.222903 0.974841 0.000000
vn -0.222903 0.974841 0.000000
vn 0.843088 0.537776 0.000000
vn 0.843088 0.537776 0.000000
vn 0.843088 0.537776 0.000000
vn 0.052419 0.998625 0.000000
vn 0.052419 0.998625 0.000000
vn 0.052419 0.998625 0.000000
vn 0.052419 0.998625 0.000000
vn 0.052419 0.998625 0.000000
vn 0.052419 0.998625 0.000000
vn 0.052419 0.998625 0.000000
vn 0.052419 0.998625 0.000000
vn 0.052419 0.998625 0.000000
vn 0.052419 0.998625 0.000000
vn 0.052419 0.998625 0.000000
vn 0.052419 0.998625 0.000000
vn 0.324183 -0.508201 -0.797895
vn 0.324183 -0.508201 -0.797895
vn 0.324183 -0.508201 -0.797895
vn 0.324183 -0.508202 -0.797895
vn 0.324183 -0.508202 -0.797895
vn 0.324183 -0.508202 -0.797895
vn 0.000000 0.000000 1.000000
vn 0.000000 0.000000 1.000000
vn 0.000000 0.000000 1.000000
vn 0.000000 0.000000 1.000000
vn 0.000000 0.000000 1.000000
vn 0.000000 0.000000 1.000000
vn 0.331549 -0.519749 0.787360
vn 0.331549 -0.519749 0.787360
vn 0.331549 -0.519749 0.787360
vn 0.331549 -0.519749 0.787360
vn 0.331549 -0.519749 0.787360
vn 0.331549 -0.519749 0.787360
vn 0.331549 -0.519749 0.787360
vn 0.331549 -0.519749 0.787360
vn 0.331549 -0.519749 0.787360
vn 0.331549 -0.519749 0.787360
vn 0.331549 -0.519749 0.787360
vn 0.331549 -0.519749 0.787360
vn 0.537799 -0.843073 0.000000
vn 0.537799 -0.843073 0.000000
vn 0.537799 -0.843073 0.000000
vn 0.537799 -0.843073 -0.000000
vn 0.537799 -0.843073 -0.000000
vn 0.537799 -0.843073 -0.000000
vn 0.537798 -0.843074 0.000000
vn 0.537798 -0.843074 0.000000
vn 0.537798 -0.843074 0.000000
vn 0.000000 0.000000 0.000000
vn 0.000000 0.000000 0.000000
vn 0.000000 0.000000 0.000000
vn 0.537799 -0.843073 0.000000
vn 0.537799 -0.843073 0.000000
vn 0.537799 -0.843073 0.000000
vn 0.324183 -0.508201 0.797896
vn 0.324183 -0.508201 0.797896
vn 0.324183 -0.508201 0.797896
vn 0.324183 -0.508202 0.797895
vn 0.324183 -0.508202 0.797895
vn 0.324183 -0.508202 0.797895
vn 0.324183 -0.508202 0.797895
vn 0.324183 -0.508202 0.797895
vn 0.324183 -0.508202 0.797895
vn 0.324183 -0.508202 0.797895
vn 0.324183 -0.508202 0.797895
vn 0.324183 -0.508202 0.797895
vn 0.608960 0.388430 0.691585
vn 0.608960 0.388430 0.691585
vn 0.608960 0.388430 0.691585
vn 0.608960 0.388430 0.691585
vn 0.608960 0.388430 0.691585
vn 0.608960 0.388430 0.691585
vn 0.843090 0.537772 0.000000
vn 0.843090 0.537772 0.000000
vn 0.843090 0.537772 0.000000
vn -0.324183 -0.508201 -0.797895
vn -0.324183 -0.508201 -0.797895
vn -0.324183 -0.508201 -0.797895
vn -0.324183 -0.508201 -0.797895
vn -0.324183 -0.508201 -0.797895
vn -0.324183 -0.508201 -0.797895
vn 0.000000 0.000000 1.000000
vn 0.000000 0.000000 1.000000
vn 0.000000 0.000000 1.000000
vn -0.103976 0.994580 0.000000
vn -0.103976 0.994580 0.000000
vn -0.103976 0.994580 0.000000
vn -0.103976 0.994580 0.000000
vn -0.103976 0.994580 0.000000
vn -0.103976 0.994580 0.000000
vn -0.103977 0.994580 0.000000
vn -0.103977 0.994580 0.000000
vn -0.103977 0.994580 0.000000
vn -0.103977 0.994580 0.000000
vn -0.103977 0.994580 0.000000
vn -0.103977 0.994580 0.000000
vn -0.103977 0.994580 0.000000
vn -0.103977 0.994580 0.000000
vn -0.103977 0.994580 0.000000
vn -0.103977 0.994580 0.000000
vn -0.103977 0.994580 0.000000
vn -0.103977 0.994580 0.000000
vn -0.199882 0.127496 -0.971489
vn -0.199882 0.127496 -0.971489
vn -0.199882 0.127496 -0.971489
vn -0.199882 0.127496 -0.971489
vn -0.199882 0.127496 -0.971489
vn -0.199882 0.127496 -0.971489
vn -0.843091 0.537771 0.000000
vn -0.843091 0.537771 0.000000
vn -0.843091 0.537771 0.000000
vn -0.843091 0.537771 0.000000
vn -0.843091 0.537771 0.000000
vn -0.843091 0.537771 0.000000
vn 0.261842 0.965111 0.000000
vn 0.261842 0.965111 0.000000
vn 0.261842 0.965111 0.000000
vn 0.261842 0.965111 0.000000
vn 0.261842 0.965111 0.000000
vn 0.261842 0.965111 0.000000
vn 0.000000 0.000000 0.000000
vn 0.000000 0.000000 0.000000
vn 0.000000 0.000000 0.000000
vn 0.000000 0.000000 0.000000
vn 0.000000 0.000000 0.000000
vn 0.000000 0.000000 0.000000
vn -0.537798 -0.843074 0.000000
vn -0.537798 -0.843074 0.000000
vn -0.537798 -0.843074 0.000000
vn -0.537798 -0.843074 0.000000
vn -0.537798 -0.843074 0.000000
vn -0.537798 -0.843074 0.000000
vn -0.537798 -0.843073 -0.000000
vn -0.537798 -0.843073 -0.000000
vn -0.537798 -0.843073 -0.000000
vn -0.537798 -0.843074 -0.000000
vn -0.537798 -0.843074 -0.000000
vn -0.537798 -0.843074 -0.000000
vn -0.537798 -0.843074 0.000000
vn -0.537798 -0.843074 0.000000
vn -0.537798 -0.843074 0.000000
vn -0.537798 -0.843074 0.000000
vn -0.537798 -0.843074 0.000000
vn -0.537798 -0.843074 0.000000
vn 0.000000 0.000000 0.000000
vn 0.000000 0.000000 0.000000
vn 0.000000 0.000000 0.000000
vn 0.000000 0.000000 1.000000
vn 0.000000 0.000000 1.000000
vn 0.000000 0.000000 1.000000
vn -0.537798 -0.843074 0.000000
vn -0.537798 -0.843074 0.000000
vn -0.537798 -0.843074 0.000000
vn -0.537799 -0.843073 0.000000
vn -0.537799 -0.843073 0.000000
vn -0.537799 -0.843073 0.000000
vn -0.537799 -0.843073 -0.000001
vn -0.537799 -0.843073 -0.000001
vn -0.537799 -0.843073 -0.000001
vn -0.537798 -0.843074 0.000000
vn -0.537798 -0.843074 0.000000
vn -0.537798 -0.843074 0.000000
vn -0.537798 -0.843074 0.000000
vn -0.537798 -0.843074 0.000000
vn -0.537798 -0.843074 0.000000
vn 0.000000 0.000000 0.000000
vn 0.000000 0.000000 0.000000
vn 0.000000 0.000000 0.000000
vn 0.000000 0.000000 0.000000
vn 0.000000 0.000000 0.000000
vn 0.000000 0.000000 0.000000
vn 0.000000 0.000000 0.000000
vn 0.000000 0.000000 0.000000
vn 0.000000 0.000000 0.000000
vn -0.317263 0.948338 -0.000000
vn -0.317263 0.948338 -0.000000
vn -0.317263 0.948338 -0.000000
vn -0.317263 0.948338 -0.000000
vn -0.317263 0.948338 -0.000000
vn -0.317263 0.948338 -0.000000
vn -0.317263 0.948338 -0.000000
vn -0.317263 0.948338 -0.000000
vn -0.317263 0.948338 -0.000000
vn -0.317261 0.948338 0.000000
vn -0.317261 0.948338 0.000000
vn -0.317261 0.948338 0.000000
vn -0.317261 0.948338 0.000000
vn -0.317261 0.948338 0.000000
vn -0.317261 0.948338 0.000000
vn -0.537798 -0.843074 0.000000
vn -0.537798 -0.843074 0.000000
vn -0.537798 -0.843074 0.000000
vn -0.537798 -0.843074 0.000001
vn -0.537798 -0.843074 0.000001
vn -0.537798 -0.843074 0.000001
vn -0.537799 -0.843073 -0.000001
vn -0.537799 -0.843073 -0.000001
vn -0.537799 -0.843073 -0.000001
vn -0.537798 -0.843074 -0.000004
vn -0.537798 -0.843074 -0.000004
vn -0.537798 -0.843074 -0.000004
vn -0.537799 -0.843073 -0.000001
vn -0.537799 -0.843073 -0.000001
vn -0.537799 -0.843073 -0.000001
vn 0.000000 0.000000 0.000000
vn 0.000000 0.000000 0.000000
vn 0.000000 0.000000 0.000000
vn 0.000000 0.000000 0.000000
vn 0.000000 0.000000 0.000000
vn 0.000000 0.000000 0.000000
vn 0.000000 0.000000 1.000000
vn 0.000000 0.000000 1.000000
vn 0.000000 0.000000 1.000000
vn 0.000000 0.000000 1.000000
vn 0.000000 0.000000 1.000000
vn 0.000000 0.000000 1.000000
vn 0.537798 -0.843073 -0.000001
vn 0.537798 -0.843073 -0.000001
vn 0.537798 -0.843073 -0.000001
vn 0.537798 -0.843073 -0.000001
vn 0.537798 -0.843073 -0.000001
vn 0.537798 -0.843073 -0.000001
vn 0.537798 -0.843073 -0.000001
vn 0.537798 -0.843073 -0.000001
vn 0.537798 -0.843073 -0.000001
vn 0.537798 -0.843073 -0.000001
vn 0.537798 -0.843073 -0.000001
vn 0.537798 -0.843073 -0.000001
vn 0.843092 0.537770 0.000000
vn 0.843092 0.537770 0.000000
vn 0.843092 0.537770 0.000000
vn 0.843087 0.537777 -0.000016
vn 0.843087 0.537777 -0.000016
vn 0.843087 0.537777 -0.000016
vn 0.000000 0.000000 1.000000
vn 0.000000 0.000000 1.000000
vn 0.000000 0.000000 1.000000
vn 0.008264 -0.012955 0.999882
vn 0.008264 -0.012955 0.999882
vn 0.008264 -0.012955 0.999882
vn 0.331548 -0.519748 0.787362
vn 0.331548 -0.519748 0.787362
vn 0.331548 -0.519748 0.787362
vn 0.331548 -0.519748 0.787361
vn 0.331548 -0.519748 0.787361
vn 0.331548 -0.519748 0.787361
vn 0.331549 -0.519749 0.787361
vn 0.331549 -0.519749 0.787361
vn 0.331549 -0.519749 0.787361
vn 0.331549 -0.519748 0.787361
vn 0.331549 -0.519748 0.787361
vn 0.331549 -0.519748 0.787361
vn 0.331549 -0.519748 0.787361
vn 0.331549 -0.519748 0.787361
vn 0.331549 -0.519748 0.787361
vn 0.331549 -0.519748 0.787361
vn 0.331549 -0.519748 0.787361
vn 0.331549 -0.519748 0.787361
vn 0.843090 0.537772 0.000000
vn 0.843090 0.537772 0.000000
vn 0.843090 0.537772 0.000000
vn 0.324183 -0.508200 -0.797896
vn 0.324183 -0.508200 -0.797896
vn 0.324183 -0.508200 -0.797896
vn 0.324183 -0.508202 -0.797895
vn 0.324183 -0.508202 -0.797895
vn 0.324183 -0.508202 -0.797895
vn 0.324183 -0.508202 -0.797895
vn 0.324183 -0.508202 -0.797895
vn 0.324183 -0.508202 -0.797895
vn 0.331548 -0.519749 -0.787360
vn 0.331548 -0.519749 -0.787360
vn 0.331548 -0.519749 -0.787360
vn 0.331548 -0.519749 -0.787361
vn 0.331548 -0.519749 -0.787361
vn 0.331548 -0.519749 -0.787361
vn 0.331549 -0.519749 -0.787361
vn 0.331549 -0.519749 -0.787361
vn 0.331549 -0.519749 -0.787361
vn 0.000000 0.000000 1.000000
vn 0.000000 0.000000 1.000000
vn 0.000000 0.000000 1.000000
vn 0.000000 0.000000 1.000000
vn 0.000000 0.000000 1.000000
vn 0.000000 0.000000 1.000000
vn 0.843090 0.537772 0.000000
vn 0.843090 0.537772 0.000000
vn 0.843090 0.537772 0.000000
vn 0.843090 0.537772 0.000000
vn 0.843090 0.537772 0.000000
vn 0.843090 0.537772 0.000000
vn 0.000000 0.000000 0.000000
vn 0.000000 0.000000 0.000000
vn 0.000000 0.000000 0.000000
vn 0.000000 0.000000 0.000000
vn 0.000000 0.000000 0.000000
vn 0.000000 0.000000 0.000000
vn 0.537799 -0.843073 -0.000000
vn 0.537799 -0.843073 -0.000000
vn 0.537799 -0.843073 -0.000000
vn 0.537799 -0.843073 0.000000
vn 0.537799 -0.843073 0.000000
vn 0.537799 -0.843073 0.000000
vn 0.537799 -0.843073 0.000000
vn 0.537799 -0.843073 0.000000
vn 0.537799 -0.843073 0.000000
vn 0.537799 -0.843073 -0.000000
vn 0.537799 -0.843073 -0.000000
vn 0.537799 -0.843073 -0.000000
vn 0.331548 -0.519748 0.787361
vn 0.331548 -0.519748 0.787361
vn 0.331548 -0.519748 0.787361
vn 0.331549 -0.519751 0.787359
vn 0.331549 -0.519751 0.787359
vn 0.331549 -0.519751 0.787359
vn 0.331549 -0.519748 0.787361
vn 0.331549 -0.519748 0.787361
vn 0.331549 -0.519748 0.787361
vn 0.331551 -0.519747 0.787361
vn 0.331551 -0.519747 0.787361
vn 0.331551 -0.519747 0.787361
vn 0.843090 0.537772 0.000000
vn 0.843090 0.537772 0.000000
vn 0.843090 0.537772 0.000000
vn 0.637168 0.406423 -0.654857
vn 0.637168 0.406423 -0.654857
vn 0.637168 0.406423 -0.654857
vn 0.637168 0.406423 -0.654857
vn 0.637168 0.406423 -0.654857
vn 0.637168 0.406423 -0.654857
vn 0.707166 0.451064 -0.544479
vn 0.707166 0.451064 -0.544479
vn 0.707166 0.451064 -0.544479
vn 0.707166 0.451064 -0.544479
vn 0.707166 0.451064 -0.544479
vn 0.707166 0.451064 -0.544479
vn -0.537798 -0.843074 -0.000000
vn -0.537798 -0.843074 -0.000000
vn -0.537798 -0.843074 -0.000000
vn -0.537798 -0.843074 0.000000
vn -0.537798 -0.843074 0.000000
vn -0.537798 -0.843074 0.000000
vn -0.537798 -0.843074 0.000000
vn -0.537798 -0.843074 0.000000
vn -0.537798 -0.843074 0.000000
vn -0.537798 -0.843074 0.000001
vn -0.537798 -0.843074 0.000001
vn -0.537798 -0.843074 0.000001
vn -0.537798 -0.843073 -0.000001
vn -0.537798 -0.843073 -0.000001
vn -0.537798 -0.843073 -0.000001
vn -0.537798 -0.843074 0.000001
vn -0.537798 -0.843074 0.000001
vn -0.537798 -0.843074 0.000001
vn -0.537798 -0.843074 0.000000
vn -0.537798 -0.843074 0.000000
vn -0.537798 -0.843074 0.000000
vn -0.537798 -0.843074 0.000000
vn -0.537798 -0.843074 0.000000
vn -0.537798 -0.843074 0.000000
vn -0.537798 -0.843074 0.000000
vn -0.537798 -0.843074 0.000000
vn -0.537798 -0.843074 0.000000
vn -0.537798 -0.843074 0.000000
vn -0.537798 -0.843074 0.000000
vn -0.537798 -0.843074 0.000000
vn 0.000000 0.000000 0.000000
vn 0.000000 0.000000 0.000000
vn 0.000000 0.000000 0.000000
vn 0.000000 0.000000 1.000000
vn 0.000000 0.000000 1.000000
vn 0.000000 0.000000 1.000000
vn 0.222903 0.974841 0.000000
vn 0.222903 0.974841 0.000000
vn 0.222903 0.974841 0.000000
vn 0.222903 0.974841 0.000000
vn 0.222903 0.974841 0.000000
vn 0.222903 0.974841 0.000000
vn 0.222903 0.974841 0.000000
vn 0.222903 0.974841 0.000000
vn 0.222903 0.974841 0.000000
vn 0.843088 0.537776 0.000000
vn 0.843088 0.537776 0.000000
vn 0.843088 0.537776 0.000000
vn -0.843088 0.537775 0.000000
vn -0.843088 0.537775 0.000000
vn -0.843088 0.537775 0.000000
vn -0.547530 0.349246 -0.760420
vn -0.547530 0.349246 -0.760420
vn -0.547530 0.349246 -0.760420
vn -0.547528 0.349247 -0.760421
vn -0.547528 0.349247 -0.760421
vn -0.547528 0.349247 -0.760421
vn -0.843091 0.537771 0.000000
vn -0.843091 0.537771 0.000000
vn -0.843091 0.537771 0.000000
vn -0.843091 0.537771 0.000000
vn -0.843091 0.537771 0.000000
vn -0.843091 0.537771 0.000000
vn 0.843090 0.537772 0.000000
vn 0.843090 0.537772 0.000000
vn 0.843090 0.537772 0.000000
vn -0.331548 -0.519748 -0.787362
vn -0.331548 -0.519748 -0.787362
vn -0.331548 -0.519748 -0.787362
vn -0.331548 -0.519748 -0.787361
vn -0.331548 -0.519748 -0.787361
vn -0.331548 -0.519748 -0.787361
vn -0.843091 0.537771 0.000000
vn -0.843091 0.537771 0.000000
vn -0.843091 0.537771 0.000000
vn 0.215257 -0.337442 -0.916405
vn 0.215257 -0.337442 -0.916405
vn 0.215257 -0.337442 -0.916405
vn 0.215256 -0.337444 -0.916404
vn 0.215256 -0.337444 -0.916404
vn 0.215256 -0.337444 -0.916404
vn 0.215256 -0.337444 -0.916404
vn 0.215256 -0.337444 -0.916404
vn 0.215256 -0.337444 -0.916404
vn 0.726326 0.463294 -0.507749
vn 0.726326 0.463294 -0.507749
vn 0.726326 0.463294 -0.507749
vn 0.726326 0.463294 -0.507749
vn 0.726326 0.463294 -0.507749
vn 0.726326 0.463294 -0.507749
vn 0.843090 0.537772 0.000000
vn 0.843090 0.537772 0.000000
vn 0.843090 0.537772 0.000000
vn 0.843090 0.537772 0.000000
vn 0.843090 0.537772 0.000000
vn 0.843090 0.537772 0.000000
vn 0.537798 -0.843074 0.000000
vn 0.537798 -0.843074 0.000000
vn 0.537798 -0.843074 0.000000
vn 0.537798 -0.843074 0.000000
vn 0.537798 -0.843074 0.000000
vn 0.537798 -0.843074 0.000000
vn 0.537798 -0.843074 0.000000
vn 0.537798 -0.843074 0.000000
vn 0.537798 -0.843074 0.000000
vn 0.537798 -0.843074 0.000000
vn 0.537798 -0.843074 0.000000
vn 0.537798 -0.843074 0.000000
vn 0.537801 -0.843072 0.000000
vn 0.537801 -0.843072 0.000000
vn 0.537801 -0.843072 0.000000
vn 0.537801 -0.843072 0.000000
vn 0.537801 -0.843072 0.000000
vn 0.537801 -0.843072 0.000000
vn 0.000000 0.000000 0.000000
vn 0.000000 0.000000 0.000000
vn 0.000000 0.000000 0.000000
vn 0.843090 0.537772 0.000000
vn 0.843090 0.537772 0.000000
vn 0.843090 0.537772 0.000000
vn 0.843090 0.537772 0.000000
vn 0.843090 0.537772 0.000000
vn 0.843090 0.537772 0.000000
vn 0.843089 0.537774 0.000000
vn 0.843089 0.537774 0.000000
vn 0.843089 0.537774 0.000000
vn 0.843089 0.537774 0.000000
vn 0.843089 0.537774 0.000000
vn 0.843089 0.537774 0.000000
vn -0.008265 -0.012956 0.999882
vn -0.008265 -0.012956 0.999882
vn -0.008265 -0.012956 0.999882
vn 0.331548 -0.519748 -0.787361
vn 0.331548 -0.519748 -0.787361
vn 0.331548 -0.519748 -0.787361
vn 0.331548 -0.519748 -0.787361
vn 0.331548 -0.519748 -0.787361
vn 0.331548 -0.519748 -0.787361
vn -0.843091 0.537771 0.000000
vn -0.843091 0.537771 0.000000
vn -0.843091 0.537771 0.000000
vn 0.261842 0.965111 0.000000
vn 0.261842 0.965111 0.000000
vn 0.261842 0.965111 0.000000
vn 0.261842 0.965111 0.000000
vn 0.261842 0.965111 0.000000
vn 0.261842 0.965111 0.000000
vn 0.261843 0.965110 0.000000
vn 0.261843 0.965110 0.000000
vn 0.261843 0.965110 0.000000
vn 0.261842 0.965111 0.000000
vn 0.261842 0.965111 0.000000
vn 0.261842 0.965111 0.000000
vn 0.261842 0.965111 0.000000
vn 0.261842 0.965111 0.000000
vn 0.261842 0.965111 0.000000
vn 0.261843 0.965110 0.000000
vn 0.261843 0.965110 0.000000
vn 0.261843 0.965110 0.000000
vn 1.000000 0.000000 0.000000
vn 1.000000 0.000000 0.000000
vn 1.000000 0.000000 0.000000
vn 1.000000 0.000000 0.000000
vn 1.000000 0.000000 0.000000
vn 1.000000 0.000000 0.000000
vn -0.843092 0.537769 0.000000
vn -0.843092 0.537769 0.000000
vn -0.843092 0.537769 0.000000
vn 0.445260 0.284013 -0.849165
vn 0.445260 0.284013 -0.849165
vn 0.445260 0.284013 -0.849165
vn 0.445260 0.284013 -0.849165
vn 0.445260 0.284013 -0.849165
vn 0.445260 0.284013 -0.849165
vn 0.008264 -0.012955 0.999882
vn 0.008264 -0.012955 0.999882
vn 0.008264 -0.012955 0.999882
vn -0.843091 0.537771 0.000000
vn -0.843091 0.537771 0.000000
vn -0.843091 0.537771 0.000000
vn -0.843091 0.537771 0.000000
vn -0.843091 0.537771 0.000000
vn -0.843091 0.537771 0.000000
vn -0.843091 0.537771 0.000000
vn -0.843091 0.537771 0.000000
vn -0.843091 0.537771 0.000000
vn 0.843090 0.537772 0.000000
vn 0.843090 0.537772 0.000000
vn 0.843090 0.537772 0.000000
vn 0.843090 0.537772 0.000000
vn 0.843090 0.537772 0.000000
vn 0.843090 0.537772 0.000000
vn 0.493155 0.314563 -0.811078
vn 0.493155 0.314563 -0.811078
vn 0.493155 0.314563 -0.811078
vn 0.493155 0.314567 -0.811077
vn 0.493155 0.314567 -0.811077
vn 0.493155 0.314567 -0.811077
vn -0.537798 -0.843074 0.000000
vn -0.537798 -0.843074 0.000000
vn -0.537798 -0.843074 0.000000
vn -0.537798 -0.843074 0.000000
vn -0.537798 -0.843074 0.000000
vn -0.537798 -0.843074 0.000000
vn -0.537798 -0.843074 0.000000
vn -0.537798 -0.843074 0.000000
vn -0.537798 -0.843074 0.000000
vn 0.000000 0.000000 0.000000
vn 0.000000 0.000000 0.000000
vn 0.000000 0.000000 0.000000
vn 0.537798 0.843074 0.000000
vn 0.537798 0.843074 0.000000
vn 0.537798 0.843074 0.000000
vn 0.537798 0.843074 0.000000
vn 0.537798 0.843074 0.000000
vn 0.537798 0.843074 0.000000
vn -0.843090 0.537773 0.000000
vn -0.843090 0.537773 0.000000
vn -0.843090 0.537773 0.000000
vn -0.843090 0.537773 0.000000
vn -0.843090 0.537773 0.000000
vn -0.843090 0.537773 0.000000
vn 0.008263 -0.012954 0.999882
vn 0.008263 -0.012954 0.999882
vn 0.008263 -0.012954 0.999882
vn 0.332615 0.212161 0.918888
vn 0.332615 0.212161 0.918888
vn 0.332615 0.212161 0.918888
vn 0.332615 0.212160 0.918888
vn 0.332615 0.212160 0.918888
vn 0.332615 0.212160 0.918888
vn 0.843090 0.537772 0.000000
vn 0.843090 0.537772 0.000000
vn 0.843090 0.537772 0.000000
vn 0.843090 0.537772 0.000000
vn 0.843090 0.537772 0.000000
vn 0.843090 0.537772 0.000000
vn -0.008264 -0.012955 0.999882
vn -0.008264 -0.012955 0.999882
vn -0.008264 -0.012955 0.999882
vn 0.843090 0.537772 0.000000
vn 0.843090 0.537772 0.000000
vn 0.843090 0.537772 0.000000
vn 0.843090 0.537772 0.000000
vn 0.843090 0.537772 0.000000
vn 0.843090 0.537772 0.000000
vn 0.000000 0.000000 1.000000
vn 0.000000 0.000000 1.000000
vn 0.000000 0.000000 1.000000
vn 0.843091 0.537772 0.000000
vn 0.843091 0.537772 0.000000
vn 0.843091 0.537772 0.000000
vn 0.000000 0.000000 1.000000
vn 0.000000 0.000000 1.000000
vn 0.000000 0.000000 1.000000
vn 0.000000 0.000000 1.000000
vn 0.000000 0.000000 1.000000
vn 0.000000 0.000000 1.000000
vn 0.331547 -0.519747 0.787363
vn 0.331547 -0.519747 0.787363
vn 0.331547 -0.519747 0.787363
vn 0.331548 -0.519749 0.787361
vn 0.331548 -0.519749 0.787361
vn 0.331548 -0.519749 0.787361
vn 0.331548 -0.519747 0.787362
vn 0.331548 -0.519747 0.787362
vn 0.331548 -0.519747 0.787362
vn 0.331547 -0.519747 0.787362
vn 0.331547 -0.519747 0.787362
vn 0.331547 -0.519747 0.787362
vn -0.843090 0.537772 0.000000
vn -0.843090 0.537772 0.000000
vn -0.843090 0.537772 0.000000
vn -0.843090 0.537772 0.000000
vn -0.843090 0.537772 0.000000
vn -0.843090 0.537772 0.000000
vn 0.843092 0.537769 -0.000001
vn 0.843092 0.537769 -0.000001
vn 0.843092 0.537769 -0.000001
vn 0.843092 0.537769 -0.000001
vn 0.843092 0.537769 -0.000001
vn 0.843092 0.537769 -0.000001
vn 0.324184 -0.508204 0.797894
vn 0.324184 -0.508204 0.797894
vn 0.324184 -0.508204 0.797894
vn 0.324181 -0.508204 0.797894
vn 0.324181 -0.508204 0.797894
vn 0.324181 -0.508204 0.797894
vn 0.324182 -0.508200 0.797897
vn 0.324182 -0.508200 0.797897
vn 0.324182 -0.508200 0.797897
vn 0.324183 -0.508201 0.797895
vn 0.324183 -0.508201 0.797895
vn 0.324183 -0.508201 0.797895
vn -0.843091 0.537771 0.000000
vn -0.843091 0.537771 0.000000
vn -0.843091 0.537771 0.000000
vn -0.843091 0.537771 0.000000
vn -0.843091 0.537771 0.000000
vn -0.843091 0.537771 0.000000
vn -0.398144 0.253959 0.881468
vn -0.398144 0.253959 0.881468
vn -0.398144 0.253959 0.881468
vn -0.398144 0.253959 0.881468
vn -0.398144 0.253959 0.881468
vn -0.398144 0.253959 0.881468
vn 0.324183 -0.508202 0.797895
vn 0.324183 -0.508202 0.797895
vn 0.324183 -0.508202 0.797895
vn 0.324182 -0.508199 0.797897
vn 0.324182 -0.508199 0.797897
vn 0.324182 -0.508199 0.797897
vn 0.324182 -0.508201 0.797896
vn 0.324182 -0.508201 0.797896
vn 0.324182 -0.508201 0.797896
vn 0.324183 -0.508202 0.797894
vn 0.324183 -0.508202 0.797894
vn 0.324183 -0.508202 0.797894
vn -0.843091 0.537771 0.000000
vn -0.843091 0.537771 0.000000
vn -0.843091 0.537771 0.000000
vn 0.537798 -0.843074 0.000000
vn 0.537798 -0.843074 0.000000
vn 0.537798 -0.843074 0.000000
vn 0.537798 -0.843074 0.000000
vn 0.537798 -0.843074 0.000000
vn 0.537798 -0.843074 0.000000
vn 0.537798 -0.843074 0.000000
vn 0.537798 -0.843074 0.000000
vn 0.537798 -0.843074 0.000000
vn 0.537798 -0.843074 0.000000
vn 0.537798 -0.843074 0.000000
vn 0.537798 -0.843074 0.000000
vn 0.537799 -0.843073 0.000000
vn 0.537799 -0.843073 0.000000
vn 0.537799 -0.843073 0.000000
vn 0.537799 -0.843073 0.000000
vn 0.537799 -0.843073 0.000000
vn 0.537799 -0.843073 0.000000
vn 0.843090 0.537772 0.000000
vn 0.843090 0.537772 0.000000
vn 0.843090 0.537772 0.000000
vn 0.843090 0.537772 0.000000
vn 0.843090 0.537772 0.000000
vn 0.843090 0.537772 0.000000
vn 0.000000 0.000000 1.000000
vn 0.000000 0.000000 1.000000
vn 0.000000 0.000000 1.000000
vn 0.000000 0.000000 1.000000
vn 0.000000 0.000000 1.000000
vn 0.000000 0.000000 1.000000
vn 0.000000 0.000000 1.000000
vn 0.000000 0.000000 1.000000
vn 0.000000 0.000000 1.000000
vn 0.000000 0.000000 1.000000
vn 0.000000 0.000000 1.000000
vn 0.000000 0.000000 1.000000
vn 0.000000 0.000000 1.000000
vn 0.000000 0.000000 1.000000
vn 0.000000 0.000000 1.000000
vn -0.843090 0.537772 0.000000
vn -0.843090 0.537772 0.000000
vn -0.843090 0.537772 0.000000
vn -0.843091 0.537771 0.000000
vn -0.843091 0.537771 0.000000
vn -0.843091 0.537771 0.000000
vn -0.331547 -0.519751 0.787360
vn -0.331547 -0.519751 0.787360
vn -0.331547 -0.519751 0.787360
vn -0.331548 -0.519747 0.787362
vn -0.331548 -0.519747 0.787362
vn -0.331548 -0.519747 0.787362
vn -0.331550 -0.519749 0.787360
vn -0.331550 -0.519749 0.787360
vn -0.331550 -0.519749 0.787360
vn -0.331549 -0.519750 0.787360
vn -0.331549 -0.519750 0.787360
vn -0.331549 -0.519750 0.787360
vn -0.331549 -0.519750 0.787360
vn -0.331549 -0.519750 0.787360
vn -0.331549 -0.519750 0.787360
vn -0.331550 -0.519749 0.787360
vn -0.331550 -0.519749 0.787360
vn -0.331550 -0.519749 0.787360
vn -0.843090 0.537773 0.000000
vn -0.843090 0.537773 0.000000
vn -0.843090 0.537773 0.000000
vn 0.008264 -0.012955 0.999882
vn 0.008264 -0.012955 0.999882
vn 0.008264 -0.012955 0.999882
vn -0.843091 0.537771 0.000000
vn -0.843091 0.537771 0.000000
vn -0.843091 0.537771 0.000000
vn 0.766056 0.642774 0.000000
vn 0.766056 0.642774 0.000000
vn 0.766056 0.642774 0.000000
vn 0.766056 0.642774 0.000000
vn 0.766056 0.642774 0.000000
vn 0.766056 0.642774 0.000000
vn 0.103973 0.994580 0.000001
vn 0.103973 0.994580 0.000001
vn 0.103973 0.994580 0.000001
vn 0.103971 0.994580 0.000001
vn 0.103971 0.994580 0.000001
vn 0.103971 0.994580 0.000001
vn 0.103973 0.994580 0.000001
vn 0.103973 0.994580 0.000001
vn 0.103973 0.994580 0.000001
vn 0.103972 0.994580 -0.000000
vn 0.103972 0.994580 -0.000000
vn 0.103972 0.994580 -0.000000
vn 0.000000 0.000000 0.000000
vn 0.000000 0.000000 0.000000
vn 0.000000 0.000000 0.000000
vn 0.103970 0.994581 0.000000
vn 0.103970 0.994581 0.000000
vn 0.103970 0.994581 0.000000
vn 0.103972 0.994580 -0.000001
vn 0.103972 0.994580 -0.000001
vn 0.103972 0.994580 -0.000001
vn 0.103980 0.994579 0.000001
vn 0.103980 0.994579 0.000001
vn 0.103980 0.994579 0.000001
vn 0.103970 0.994581 0.000000
vn 0.103970 0.994581 0.000000
vn 0.103970 0.994581 0.000000
vn 0.000000 0.000000 0.000000
vn 0.000000 0.000000 0.000000
vn 0.000000 0.000000 0.000000
vn -0.843091 0.537771 0.000000
vn -0.843091 0.537771 0.000000
vn -0.843091 0.537771 0.000000
vn 0.843090 0.537772 0.000000
vn 0.843090 0.537772 0.000000
vn 0.843090 0.537772 0.000000
vn 0.843090 0.537772 0.000000
vn 0.843090 0.537772 0.000000
vn 0.843090 0.537772 0.000000
vn 0.000000 0.000000 1.000000
vn 0.000000 0.000000 1.000000
vn 0.000000 0.000000 1.000000
vn 0.000000 0.000000 1.000000
vn 0.000000 0.000000 1.000000
vn 0.000000 0.000000 1.000000
vn 0.000000 0.000000 1.000000
vn 0.000000 0.000000 1.000000
vn 0.000000 0.000000 1.000000
vn 0.000000 0.000000 1.000000
vn 0.000000 0.000000 1.000000
vn 0.000000 0.000000 1.000000
vn 0.000000 0.000000 1.000000
vn 0.000000 0.000000 1.000000
vn 0.000000 0.000000 1.000000
vn 0.305529 0.952183 0.000000
vn 0.305529 0.952183 0.000000
vn 0.305529 0.952183 0.000000
vn 0.305529 0.952183 0.000000
vn 0.305529 0.952183 0.000000
vn 0.305529 0.952183 0.000000
vn -0.843091 0.537771 0.000000
vn -0.843091 0.537771 0.000000
vn -0.843091 0.537771 0.000000
vn -0.843091 0.537771 0.000000
vn -0.843091 0.537771 0.000000
vn -0.843091 0.537771 0.000000
vn -0.843091 0.537771 0.000000
vn -0.843091 0.537771 0.000000
vn -0.843091 0.537771 0.000000
vn -0.843091 0.537771 0.000000
vn -0.843091 0.537771 0.000000
vn -0.843091 0.537771 0.000000
vn 0.843089 0.537774 0.000000
vn 0.843089 0.537774 0.000000
vn 0.843089 0.537774 0.000000
vn -0.413107 0.263504 -0.871727
vn -0.413107 0.263504 -0.871727
vn -0.413107 0.263504 -0.871727
vn -0.413107 0.263506 -0.871727
vn -0.413107 0.263506 -0.871727
vn -0.413107 0.263506 -0.871727
vn 0.103975 0.994580 0.000001
vn 0.103975 0.994580 0.000001
vn 0.103975 0.994580 0.000001
vn 0.103975 0.994580 0.000001
vn 0.103975 0.994580 0.000001
vn 0.103975 0.994580 0.000001
vn 0.103975 0.994580 0.000001
vn 0.103975 0.994580 0.000001
vn 0.103975 0.994580 0.000001
vn 0.103975 0.994580 0.000001
vn 0.103975 0.994580 0.000001
vn 0.103975 0.994580 0.000001
vn 0.222902 0.974841 0.000000
vn 0.222902 0.974841 0.000000
vn 0.222902 0.974841 0.000000
vn 0.222902 0.974841 0.000000
vn 0.222902 0.974841 0.000000
vn 0.222902 0.974841 0.000000
vn 0.222902 0.974841 0.000000
vn 0.222902 0.974841 0.000000
vn 0.222902 0.974841 0.000000
vn 0.000000 0.000000 0.000000
vn 0.000000 0.000000 0.000000
vn 0.000000 0.000000 0.000000
vn 0.000000 0.000000 0.000000
vn 0.000000 0.000000 0.000000
vn 0.000000 0.000000 0.000000
vn -0.331549 -0.519747 -0.787362
vn -0.331549 -0.519747 -0.787362
vn -0.331549 -0.519747 -0.787362
vn -0.331548 -0.519748 -0.787361
vn -0.331548 -0.519748 -0.787361
vn -0.331548 -0.519748 -0.787361
vn -0.331548 -0.519748 -0.787361
vn -0.331548 -0.519748 -0.787361
vn -0.331548 -0.519748 -0.787361
vn 0.331547 -0.519746 0.787363
vn 0.331547 -0.519746 0.787363
vn 0.331547 -0.519746 0.787363
vn 0.331549 -0.519751 0.787359
vn 0.331549 -0.519751 0.787359
vn 0.331549 -0.519751 0.787359
vn 0.331548 -0.519748 0.787361
vn 0.331548 -0.519748 0.787361
vn 0.331548 -0.519748 0.787361
vn 0.331551 -0.519747 0.787361
vn 0.331551 -0.519747 0.787361
vn 0.331551 -0.519747 0.787361
vn 0.103975 0.994580 -0.000001
vn 0.103975 0.994580 -0.000001
vn 0.103975 0.994580 -0.000001
vn 0.103975 0.994580 -0.000001
vn 0.103975 0.994580 -0.000001
vn 0.103975 0.994580 -0.000001
vn 0.000000 0.000000 0.000000
vn 0.000000 0.000000 0.000000
vn 0.000000 0.000000 0.000000
vn 0.000000 0.000000 0.000000
vn 0.000000 0.000000 0.000000
vn 0.000000 0.000000 0.000000
vn -0.445260 0.284012 -0.849165
vn -0.445260 0.284012 -0.849165
vn -0.445260 0.284012 -0.849165
vn -0.445260 0.284012 -0.849165
vn -0.445260 0.284012 -0.849165
vn -0.445260 0.284012 -0.849165
vn 0.843090 0.537772 0.000000
vn 0.843090 0.537772 0.000000
vn 0.843090 0.537772 0.000000
vn 0.843090 0.537772 0.000000
vn 0.843090 0.537772 0.000000
vn 0.843090 0.537772 0.000000
vn 0.843091 0.537771 0.000000
vn 0.843091 0.537771 0.000000
vn 0.843091 0.537771 0.000000
vn 0.843091 0.537771 0.000000
vn 0.843091 0.537771 0.000000
vn 0.843091 0.537771 0.000000
vn -0.637168 0.406422 -0.654858
vn -0.637168 0.406422 -0.654858
vn -0.637168 0.406422 -0.654858
vn -0.637168 0.406422 -0.654858
vn -0.637168 0.406422 -0.654858
vn -0.637168 0.406422 -0.654858
vn -0.843091 0.537771 0.000000
vn -0.843091 0.537771 0.000000
vn -0.843091 0.537771 0.000000
vn -0.324181 -0.508200 0.797897
vn -0.324181 -0.508200 0.797897
vn -0.324181 -0.508200 0.797897
vn -0.324181 -0.508199 0.797897
vn -0.324181 -0.508199 0.797897
vn -0.324181 -0.508199 0.797897
vn -0.324183 -0.508201 0.797896
vn -0.324183 -0.508201 0.797896
vn -0.324183 -0.508201 0.797896
vn -0.324183 -0.508201 0.797896
vn -0.324183 -0.508201 0.797896
vn -0.324183 -0.508201 0.797896
vn -0.843091 0.537771 0.000000
vn -0.843091 0.537771 0.000000
vn -0.843091 0.537771 0.000000
vn -0.843091 0.537771 0.000000
vn -0.843091 0.537771 0.000000
vn -0.843091 0.537771 0.000000
vn 0.000000 1.000000 0.000000
vn 0.000000 1.000000 0.000000
vn 0.000000 1.000000 0.000000
vn 0.000000 1.000000 0.000000
vn 0.000000 1.000000 0.000000
vn 0.000000 1.000000 0.000000
vn 0.000000 0.000000 1.000000
vn 0.000000 0.000000 1.000000
vn 0.000000 0.000000 1.000000
vn 0.000000 0.000000 1.000000
vn 0.000000 0.000000 1.000000
vn 0.000000 0.000000 1.000000
vn 0.000000 0.000000 1.000000
vn 0.000000 0.000000 1.000000
vn 0.000000 0.000000 1.000000
vn 0.000000 0.000000 1.000000
vn 0.000000 0.000000 1.000000
vn 0.000000 0.000000 1.000000
vn 0.000000 0.000000 1.000000
vn 0.000000 0.000000 1.000000
vn 0.000000 0.000000 1.000000
vn -0.324183 -0.508202 0.797895
vn -0.324183 -0.508202 0.797895
vn -0.324183 -0.508202 0.797895
vn -0.324183 -0.508202 0.797895
vn -0.324183 -0.508202 0.797895
vn -0.324183 -0.508202 0.797895
vn -0.324183 -0.508202 0.797895
vn -0.324183 -0.508202 0.797895
vn -0.324183 -0.508202 0.797895
vn -0.324183 -0.508202 0.797895
vn -0.324183 -0.508202 0.797895
vn -0.324183 -0.508202 0.797895
vn 0.324182 -0.508201 0.797896
vn 0.324182 -0.508201 0.797896
vn 0.324182 -0.508201 0.797896
vn 0.324183 -0.508202 0.797895
vn 0.324183 -0.508202 0.797895
vn 0.324183 -0.508202 0.797895
vn 0.324183 -0.508202 0.797894
vn 0.324183 -0.508202 0.797894
vn 0.324183 -0.508202 0.797894
vn 0.324183 -0.508202 0.797895
vn 0.324183 -0.508202 0.797895
vn 0.324183 -0.508202 0.797895
vn -0.331548 -0.519745 -0.787363
vn -0.331548 -0.519745 -0.787363
vn -0.331548 -0.519745 -0.787363
vn -0.331548 -0.519747 -0.787362
vn -0.331548 -0.519747 -0.787362
vn -0.331548 -0.519747 -0.787362
vn -0.331549 -0.519748 -0.787361
vn -0.331549 -0.519748 -0.787361
vn -0.331549 -0.519748 -0.787361
vn -0.537797 -0.843075 0.000000
vn -0.537797 -0.843075 0.000000
vn -0.537797 -0.843075 0.000000
vn -0.537798 -0.843074 0.000000
vn -0.537798 -0.843074 0.000000
vn -0.537798 -0.843074 0.000000
vn -0.537797 -0.843075 0.000000
vn -0.537797 -0.843075 0.000000
vn -0.537797 -0.843075 0.000000
vn -0.537798 -0.843074 0.000002
vn -0.537798 -0.843074 0.000002
vn -0.537798 -0.843074 0.000002
vn -0.537798 -0.843073 -0.000000
vn -0.537798 -0.843073 -0.000000
vn -0.537798 -0.843073 -0.000000
vn -0.537798 -0.843074 0.000000
vn -0.537798 -0.843074 0.000000
vn -0.537798 -0.843074 0.000000
vn -0.537798 -0.843074 0.000000
vn -0.537798 -0.843074 0.000000
vn -0.537798 -0.843074 0.000000
vn -0.537798 -0.843074 -0.000000
vn -0.537798 -0.843074 -0.000000
vn -0.537798 -0.843074 -0.000000
vn 0.748117 0.477193 -0.461095
vn 0.748117 0.477193 -0.461095
vn 0.748117 0.477193 -0.461095
vn 0.537797 -0.843075 0.000000
vn 0.537797 -0.843075 0.000000
vn 0.537797 -0.843075 0.000000
vn 0.537796 -0.843075 0.000000
vn 0.537796 -0.843075 0.000000
vn 0.537796 -0.843075 0.000000
vn 0.537798 -0.843074 0.000000
vn 0.537798 -0.843074 0.000000
vn 0.537798 -0.843074 0.000000
vn 0.537798 -0.843074 0.000000
vn 0.537798 -0.843074 0.000000
vn 0.537798 -0.843074 0.000000
vn 0.537801 -0.843072 0.000000
vn 0.537801 -0.843072 0.000000
vn 0.537801 -0.843072 0.000000
vn 0.537798 -0.843073 -0.000004
vn 0.537798 -0.843073 -0.000004
vn 0.537798 -0.843073 -0.000004
vn 0.537803 -0.843071 -0.000001
vn 0.537803 -0.843071 -0.000001
vn 0.537803 -0.843071 -0.000001
vn 0.537796 -0.843075 0.000000
vn 0.537796 -0.843075 0.000000
vn 0.537796 -0.843075 0.000000
vn 0.537798 -0.843074 0.000000
vn 0.537798 -0.843074 0.000000
vn 0.537798 -0.843074 0.000000
vn 0.537798 -0.843074 0.000000
vn 0.537798 -0.843074 0.000000
vn 0.537798 -0.843074 0.000000
vn 0.537798 -0.843074 0.000000
vn 0.537798 -0.843074 0.000000
vn 0.537798 -0.843074 0.000000
vn 0.000000 0.000000 1.000000
vn 0.000000 0.000000 1.000000
vn 0.000000 0.000000 1.000000
vn 0.000000 0.000000 1.000000
vn 0.000000 0.000000 1.000000
vn 0.000000 0.000000 1.000000
vn 0.103975 0.994580 0.000001
vn 0.103975 0.994580 0.000001
vn 0.103975 0.994580 0.000001
vn 0.103975 0.994580 0.000001
vn 0.103975 0.994580 0.000001
vn 0.103975 0.994580 0.000001
vn 0.724368 0.462044 -0.511671
vn 0.724368 0.462044 -0.511671
vn 0.724368 0.462044 -0.511671
vn 0.724368 0.462044 -0.511671
vn 0.724368 0.462044 -0.511671
vn 0.724368 0.462044 -0.511671
vn 0.843090 0.537772 -0.000000
vn 0.843090 0.537772 -0.000000
vn 0.843090 0.537772 -0.000000
vn 0.843090 0.537772 0.000000
vn 0.843090 0.537772 0.000000
vn 0.843090 0.537772 0.000000
vn 0.843091 -0.537772 0.000000
vn 0.843091 -0.537772 0.000000
vn 0.843091 -0.537772 0.000000
vn 0.843091 -0.537772 0.000000
vn 0.843091 -0.537772 0.000000
vn 0.843091 -0.537772 0.000000
vn 0.843091 -0.537772 0.000000
vn 0.843091 -0.537772 0.000000
vn 0.843091 -0.537772 0.000000
vn 0.000000 0.000000 0.000000
vn 0.000000 0.000000 0.000000
vn 0.000000 0.000000 0.000000
vn 0.103975 0.994580 0.000001
vn 0.103975 0.994580 0.000001
vn 0.103975 0.994580 0.000001
vn 0.103975 0.994580 0.000001
vn 0.103975 0.994580 0.000001
vn 0.103975 0.994580 0.000001
vn 0.103975 0.994580 0.000001
vn 0.103975 0.994580 0.000001
vn 0.103975 0.994580 0.000001
vn -0.843091 0.537771 0.000000
vn -0.843091 0.537771 0.000000
vn -0.843091 0.537771 0.000000
vn -0.843091 0.537771 0.000000
vn -0.843091 0.537771 0.000000
vn -0.843091 0.537771 0.000000
vn 0.843090 0.537772 0.000000
vn 0.843090 0.537772 0.000000
vn 0.843090 0.537772 0.000000
vn -0.324182 -0.508202 0.797895
vn -0.324182 -0.508202 0.797895
vn -0.324182 -0.508202 0.797895
vn -0.324183 -0.508202 0.797895
vn -0.324183 -0.508202 0.797895
vn -0.324183 -0.508202 0.797895
vn -0.324183 -0.508200 0.797896
vn -0.324183 -0.508200 0.797896
vn -0.324183 -0.508200 0.797896
vn -0.324183 -0.508202 0.797895
vn -0.324183 -0.508202 0.797895
vn -0.324183 -0.508202 0.797895
vn -0.843090 0.537772 0.000000
vn -0.843090 0.537772 0.000000
vn -0.843090 0.537772 0.000000
vn -0.843090 0.537772 0.000000
vn -0.843090 0.537772 0.000000
vn -0.843090 0.537772 0.000000
vn 0.103971 0.994580 0.000000
vn 0.103971 0.994580 0.000000
vn 0.103971 0.994580 0.000000
vn 0.000000 0.000000 0.000000
vn 0.000000 0.000000 0.000000
vn 0.000000 0.000000 0.000000
vn 0.103972 0.994580 0.000000
vn 0.103972 0.994580 0.000000
vn 0.103972 0.994580 0.000000
vn 0.103974 0.994580 0.000001
vn 0.103974 0.994580 0.000001
vn 0.103974 0.994580 0.000001
vn 0.103971 0.994580 0.000000
vn 0.103971 0.994580 0.000000
vn 0.103971 0.994580 0.000000
vn 0.103971 0.994580 0.000000
vn 0.103971 0.994580 0.000000
vn 0.103971 0.994580 0.000000
vn 0.843090 0.537772 0.000000
vn 0.843090 0.537772 0.000000
vn 0.843090 0.537772 0.000000
vn 0.843090 0.537772 -0.000000
vn 0.843090 0.537772 -0.000000
vn 0.843090 0.537772 -0.000000
vn 0.688349 0.105842 -0.717616
vn 0.688349 0.105842 -0.717616
vn 0.688349 0.105842 -0.717616
vn 0.677270 0.432004 -0.595549
vn 0.677270 0.432004 -0.595549
vn 0.677270 0.432004 -0.595549
vn 0.677271 0.432003 -0.595548
vn 0.677271 0.432003 -0.595548
vn 0.677271 0.432003 -0.595548
vn -0.843091 0.537771 0.000000
vn -0.843091 0.537771 0.000000
vn -0.843091 0.537771 0.000000
vn -0.843091 0.537771 0.000000
vn -0.843091 0.537771 0.000000
vn -0.843091 0.537771 0.000000
vn 0.000000 0.000000 1.000000
vn 0.000000 0.000000 1.000000
vn 0.000000 0.000000 1.000000
vn -0.331548 -0.519747 0.787362
vn -0.331548 -0.519747 0.787362
vn -0.331548 -0.519747 0.787362
vn -0.331548 -0.519748 0.787361
vn -0.331548 -0.519748 0.787361
vn -0.331548 -0.519748 0.787361
vn 0.103974 0.994580 -0.000001
vn 0.103974 0.994580 -0.000001
vn 0.103974 0.994580 -0.000001
vn 0.103974 0.994580 -0.000001
vn 0.103974 0.994580 -0.000001
vn 0.103974 0.994580 -0.000001
vn 0.103974 0.994580 -0.000001
vn 0.103974 0.994580 -0.000001
vn 0.103974 0.994580 -0.000001
vn 0.000000 0.000000 0.000000
vn 0.000000 0.000000 0.000000
vn 0.000000 0.000000 0.000000
vn 0.843090 0.537772 0.000000
vn 0.843090 0.537772 0.000000
vn 0.843090 0.537772 0.000000
vn 0.232604 0.148368 0.961188
vn 0.232604 0.148368 0.961188
vn 0.232604 0.148368 0.961188
vn 0.232604 0.148367 0.961188
vn 0.232604 0.148367 0.961188
vn 0.232604 0.148367 0.961188
vn 0.000000 0.000000 1.000000
vn 0.000000 0.000000 1.000000
vn 0.000000 0.000000 1.000000
vn 0.635110 0.405110 0.657664
vn 0.635110 0.405110 0.657664
vn 0.635110 0.405110 0.657664
vn 0.635110 0.405110 0.657664
vn 0.635110 0.405110 0.657664
vn 0.635110 0.405110 0.657664
vn 0.008263 -0.012954 0.999882
vn 0.008263 -0.012954 0.999882
vn 0.008263 -0.012954 0.999882
vn 0.000000 0.000000 0.000000
vn 0.000000 0.000000 0.000000
vn 0.000000 0.000000 0.000000
vn -0.103978 0.994580 0.000000
vn -0.103978 0.994580 0.000000
vn -0.103978 0.994580 0.000000
vn -0.103978 0.994580 0.000000
vn -0.103978 0.994580 0.000000
vn -0.103978 0.994580 0.000000
vn -0.103978 0.994580 0.000000
vn -0.103978 0.994580 0.000000
vn -0.103978 0.994580 0.000000
vn 0.843093 0.537768 0.000000
vn 0.843093 0.537768 0.000000
vn 0.843093 0.537768 0.000000
vn -0.324183 -0.508201 0.797896
vn -0.324183 -0.508201 0.797896
vn -0.324183 -0.508201 0.797896
vn -0.324183 -0.508201 0.797895
vn -0.324183 -0.508201 0.797895
vn -0.324183 -0.508201 0.797895
vn -0.324183 -0.508201 0.797896
vn -0.324183 -0.508201 0.797896
vn -0.324183 -0.508201 0.797896
vn -0.324183 -0.508201 0.797895
vn -0.324183 -0.508201 0.797895
vn -0.324183 -0.508201 0.797895
vn 0.000000 0.000000 1.000000
vn 0.000000 0.000000 1.000000
vn 0.000000 0.000000 1.000000
vn -0.324183 -0.508201 -0.797895
vn -0.324183 -0.508201 -0.797895
vn -0.324183 -0.508201 -0.797895
vn -0.324183 -0.508202 -0.797895
vn -0.324183 -0.508202 -0.797895
vn -0.324183 -0.508202 -0.797895
vn -0.324183 -0.508202 -0.797895
vn -0.324183 -0.508202 -0.797895
vn -0.324183 -0.508202 -0.797895
vn -0.331549 -0.519748 -0.787361
vn -0.331549 -0.519748 -0.787361
vn -0.331549 -0.519748 -0.787361
vn -0.331549 -0.519748 -0.787361
vn -0.331549 -0.519748 -0.787361
vn -0.331549 -0.519748 -0.787361
vn 0.278051 0.960566 0.000000
vn 0.278051 0.960566 0.000000
vn 0.278051 0.960566 0.000000
vn 0.278051 0.960566 0.000000
vn 0.278051 0.960566 0.000000
vn 0.278051 0.960566 0.000000
vn 0.278051 0.960566 0.000000
vn 0.278051 0.960566 0.000000
vn 0.278051 0.960566 0.000000
vn -0.843090 -0.537773 0.000000
vn -0.843090 -0.537773 0.000000
vn -0.843090 -0.537773 0.000000
vn -0.843090 -0.537773 0.000000
vn -0.843090 -0.537773 0.000000
vn -0.843090 -0.537773 0.000000
vn -0.537799 -0.843073 -0.000001
vn -0.537799 -0.843073 -0.000001
vn -0.537799 -0.843073 -0.000001
vn -0.537799 -0.843073 -0.000001
vn -0.537799 -0.843073 -0.000001
vn -0.537799 -0.843073 -0.000001
vn -0.537799 -0.843073 0.000000
vn -0.537799 -0.843073 0.000000
vn -0.537799 -0.843073 0.000000
vn 0.000000 0.000000 0.000000
vn 0.000000 0.000000 0.000000
vn 0.000000 0.000000 0.000000
vn 0.000000 -0.000000 -1.000000
vn 0.000000 -0.000000 -1.000000
vn 0.000000 -0.000000 -1.000000
vn 0.843091 -0.537770 0.000000
vn 0.843091 -0.537770 0.000000
vn 0.843091 -0.537770 0.000000
vn 0.843091 -0.537770 0.000000
vn 0.843091 -0.537770 0.000000
vn 0.843091 -0.537770 0.000000
vn 0.696872 0.444510 -0.562832
vn 0.696872 0.444510 -0.562832
vn 0.696872 0.444510 -0.562832
vn 0.696873 0.444502 -0.562837
vn 0.696873 0.444502 -0.562837
vn 0.696873 0.444502 -0.562837
vn -0.324183 -0.508202 -0.797895
vn -0.324183 -0.508202 -0.797895
vn -0.324183 -0.508202 -0.797895
vn -0.324183 -0.508202 -0.797895
vn -0.324183 -0.508202 -0.797895
vn -0.324183 -0.508202 -0.797895
vn -0.843091 0.537771 0.000000
vn -0.843091 0.537771 0.000000
vn -0.843091 0.537771 0.000000
vn -0.843091 0.537771 0.000000
vn -0.843091 0.537771 0.000000
vn -0.843091 0.537771 0.000000
vn -0.537798 -0.843074 -0.000000
vn -0.537798 -0.843074 -0.000000
vn -0.537798 -0.843074 -0.000000
vn -0.537798 -0.843074 -0.000000
vn -0.537798 -0.843074 -0.000000
vn -0.537798 -0.843074 -0.000000
vn -0.537798 -0.843074 0.000000
vn -0.537798 -0.843074 0.000000
vn -0.537798 -0.843074 0.000000
vn -0.537798 -0.843074 0.000000
vn -0.537798 -0.843074 0.000000
vn -0.537798 -0.843074 0.000000
vn -0.537798 -0.843074 0.000000
vn -0.537798 -0.843074 0.000000
vn -0.537798 -0.843074 0.000000
vn -0.537798 -0.843074 0.000000
vn -0.537798 -0.843074 0.000000
vn -0.537798 -0.843074 0.000000
vn -0.843090 0.537772 0.000000
vn -0.843090 0.537772 0.000000
vn -0.843090 0.537772 0.000000
vn -0.843090 0.537772 0.000000
vn -0.843090 0.537772 0.000000
vn -0.843090 0.537772 0.000000
vn -0.052420 0.998625 0.000000
vn -0.052420 0.998625 0.000000
vn -0.052420 0.998625 0.000000
vn -0.052420 0.998625 0.000000
vn -0.052420 0.998625 0.000000
vn -0.052420 0.998625 0.000000
vn 0.000000 0.000000 0.000000
vn 0.000000 0.000000 0.000000
vn 0.000000 0.000000 0.000000
vn 0.000000 0.000000 0.000000
vn 0.000000 0.000000 0.000000
vn 0.000000 0.000000 0.000000
vn 0.222903 0.974841 0.000000
vn 0.222903 0.974841 0.000000
vn 0.222903 0.974841 0.000000
vn 0.222903 0.974841 0.000000
vn 0.222903 0.974841 0.000000
vn 0.222903 0.974841 0.000000
vn 0.000000 0.000000 0.000000
vn 0.000000 0.000000 0.000000
vn 0.000000 0.000000 0.000000
vn 0.000000 0.000000 0.000000
vn 0.000000 0.000000 0.000000
vn 0.000000 0.000000 0.000000
vn -0.843091 0.537771 0.000000
vn -0.843091 0.537771 0.000000
vn -0.843091 0.537771 0.000000
vn -0.843091 0.537771 0.000000
vn -0.843091 0.537771 0.000000
vn -0.843091 0.537771 0.000000
vn 0.000000 0.000000 1.000000
vn 0.000000 0.000000 1.000000
vn 0.000000 0.000000 1.000000
vn 0.613352 0.391233 -0.686102
vn 0.613352 0.391233 -0.686102
vn 0.613352 0.391233 -0.686102
vn 0.613352 0.391231 -0.686103
vn 0.613352 0.391231 -0.686103
vn 0.613352 0.391231 -0.686103
vn 0.362009 0.932175 0.000000
vn 0.362009 0.932175 0.000000
vn 0.362009 0.932175 0.000000
vn 0.362010 0.932174 -0.000000
vn 0.362010 0.932174 -0.000000
vn 0.362010 0.932174 -0.000000
vn 0.362010 0.932174 -0.000000
vn 0.362010 0.932174 -0.000000
vn 0.362010 0.932174 -0.000000
vn 0.362009 0.932175 0.000000
vn 0.362009 0.932175 0.000000
vn 0.362009 0.932175 0.000000
vn 0.000000 0.000000 0.000000
vn 0.000000 0.000000 0.000000
vn 0.000000 0.000000 0.000000
vn 0.000000 0.000000 0.000000
vn 0.000000 0.000000 0.000000
vn 0.000000 0.000000 0.000000
vn 0.362010 0.932174 -0.000000
vn 0.362010 0.932174 -0.000000
vn 0.362010 0.932174 -0.000000
vn 0.362010 0.932174 -0.000000
vn 0.362010 0.932174 -0.000000
vn 0.362010 0.932174 -0.000000
vn -0.537798 0.843073 0.000000
vn -0.537798 0.843073 0.000000
vn -0.537798 0.843073 0.000000
vn -0.537798 0.843073 0.000000
vn -0.537798 0.843073 0.000000
vn -0.537798 0.843073 0.000000
vn -0.537798 0.843073 0.000000
vn -0.537798 0.843073 0.000000
vn -0.537798 0.843073 0.000000
vn 0.000000 0.000000 0.000000
vn 0.000000 0.000000 0.000000
vn 0.000000 0.000000 0.000000
vn 0.000000 0.000000 0.000000
vn 0.000000 0.000000 0.000000
vn 0.000000 0.000000 0.000000
vn -0.327897 0.944713 -0.000001
vn -0.327897 0.944713 -0.000001
vn -0.327897 0.944713 -0.000001
vn -0.327897 0.944713 -0.000001
vn -0.327897 0.944713 -0.000001
vn -0.327897 0.944713 -0.000001
vn -0.327899 0.944713 -0.000001
vn -0.327899 0.944713 -0.000001
vn -0.327899 0.944713 -0.000001
vn -0.327897 0.944713 0.000001
vn -0.327897 0.944713 0.000001
vn -0.327897 0.944713 0.000001
vn -0.327897 0.944713 -0.000001
vn -0.327897 0.944713 -0.000001
vn -0.327897 0.944713 -0.000001
vn 0.156670 0.099933 -0.982582
vn 0.156670 0.099933 -0.982582
vn 0.156670 0.099933 -0.982582
vn 0.156670 0.099933 -0.982582
vn 0.156670 0.099933 -0.982582
vn 0.156670 0.099933 -0.982582
vn -0.331548 -0.519747 -0.787362
vn -0.331548 -0.519747 -0.787362
vn -0.331548 -0.519747 -0.787362
vn -0.331548 -0.519748 -0.787362
vn -0.331548 -0.519748 -0.787362
vn -0.331548 -0.519748 -0.787362
vn -0.331549 -0.519748 -0.787361
vn -0.331549 -0.519748 -0.787361
vn -0.331549 -0.519748 -0.787361
vn 0.324182 -0.508201 -0.797896
vn 0.324182 -0.508201 -0.797896
vn 0.324182 -0.508201 -0.797896
vn 0.324182 -0.508201 -0.797896
vn 0.324182 -0.508201 -0.797896
vn 0.324182 -0.508201 -0.797896
vn 0.324182 -0.508201 -0.797896
vn 0.324182 -0.508201 -0.797896
vn 0.324182 -0.508201 -0.797896
vn 0.243589 0.969879 0.000000
vn 0.243589 0.969879 0.000000
vn 0.243589 0.969879 0.000000
vn 0.243589 0.969879 0.000000
vn 0.243589 0.969879 0.000000
vn 0.243589 0.969879 0.000000
vn 0.243590 0.969878 0.000000
vn 0.243590 0.969878 0.000000
vn 0.243590 0.969878 0.000000
vn 0.000000 0.000000 0.000000
vn 0.000000 0.000000 0.000000
vn 0.000000 0.000000 0.000000
vn 0.000000 0.000000 0.000000
vn 0.000000 0.000000 0.000000
vn 0.000000 0.000000 0.000000
vn -0.537798 -0.843073 -0.000000
vn -0.537798 -0.843073 -0.000000
vn -0.537798 -0.843073 -0.000000
vn -0.537798 -0.843073 0.000001
vn -0.537798 -0.843073 0.000001
vn -0.537798 -0.843073 0.000001
vn -0.537799 -0.843073 0.000000
vn -0.537799 -0.843073 0.000000
vn -0.537799 -0.843073 0.000000
vn -0.537799 -0.843073 0.000000
vn -0.537799 -0.843073 0.000000
vn -0.537799 -0.843073 0.000000
vn 0.000000 0.000000 0.000000
vn 0.000000 0.000000 0.000000
vn 0.000000 0.000000 0.000000
vn 0.000000 0.000000 0.000000
vn 0.000000 0.000000 0.000000
vn 0.000000 0.000000 0.000000
vn -0.537796 -0.843075 0.000000
vn -0.537796 -0.843075 0.000000
vn -0.537796 -0.843075 0.000000
vn -0.537798 -0.843073 -0.000002
vn -0.537798 -0.843073 -0.000002
vn -0.537798 -0.843073 -0.000002
vn -0.331548 -0.519748 -0.787361
vn -0.331548 -0.519748 -0.787361
vn -0.331548 -0.519748 -0.787361
vn -0.331548 -0.519748 -0.787361
vn -0.331548 -0.519748 -0.787361
vn -0.331548 -0.519748 -0.787361
vn -0.331548 -0.519748 -0.787361
vn -0.331548 -0.519748 -0.787361
vn -0.331548 -0.519748 -0.787361
vn -1.000000 0.000000 0.000000
vn -1.000000 0.000000 0.000000
vn -1.000000 0.000000 0.000000
vn -1.000000 0.000000 0.000000
vn -1.000000 0.000000 0.000000
vn -1.000000 0.000000 0.000000
vn -0.537798 -0.843074 0.000000
vn -0.537798 -0.843074 0.000000
vn -0.537798 -0.843074 0.000000
vn -0.537798 -0.843074 0.000000
vn -0.537798 -0.843074 0.000000
vn -0.537798 -0.843074 0.000000
vn -0.537798 -0.843074 0.000000
vn -0.537798 -0.843074 0.000000
vn -0.537798 -0.843074 0.000000
vn 0.000000 0.000000 0.000000
vn 0.000000 0.000000 0.000000
vn 0.000000 0.000000 0.000000
vn -0.843090 0.537772 0.000000
vn -0.843090 0.537772 0.000000
vn -0.843090 0.537772 0.000000
vn -0.331548 -0.519748 0.787361
vn -0.331548 -0.519748 0.787361
vn -0.331548 -0.519748 0.787361
vn -0.331548 -0.519747 0.787362
vn -0.331548 -0.519747 0.787362
vn -0.331548 -0.519747 0.787362
vn -0.331548 -0.519749 0.787361
vn -0.331548 -0.519749 0.787361
vn -0.331548 -0.519749 0.787361
vn -0.331548 -0.519748 0.787362
vn -0.331548 -0.519748 0.787362
vn -0.331548 -0.519748 0.787362
vn 0.843090 0.537772 0.000000
vn 0.843090 0.537772 0.000000
vn 0.843090 0.537772 0.000000
vn 0.843090 0.537772 0.000000
vn 0.843090 0.537772 0.000000
vn 0.843090 0.537772 0.000000
vn 0.579980 0.369945 0.725785
vn 0.579980 0.369945 0.725785
vn 0.579980 0.369945 0.725785
vn 0.579980 0.369945 0.725785
vn 0.579980 0.369945 0.725785
vn 0.579980 0.369945 0.725785
vn 0.331548 -0.519747 0.787362
vn 0.331548 -0.519747 0.787362
vn 0.331548 -0.519747 0.787362
vn 0.331548 -0.519747 0.787362
vn 0.331548 -0.519747 0.787362
vn 0.331548 -0.519747 0.787362
vn 0.331547 -0.519747 0.787362
vn 0.331547 -0.519747 0.787362
vn 0.331547 -0.519747 0.787362
vn 0.331548 -0.519747 0.787362
vn 0.331548 -0.519747 0.787362
vn 0.331548 -0.519747 0.787362
vn 0.843088 0.537776 0.000000
vn 0.843088 0.537776 0.000000
vn 0.843088 0.537776 0.000000
vn -0.324182 -0.508201 0.797896
vn -0.324182 -0.508201 0.797896
vn -0.324182 -0.508201 0.797896
vn -0.324182 -0.508202 0.797895
vn -0.324182 -0.508202 0.797895
vn -0.324182 -0.508202 0.797895
vn 0.331548 -0.519749 -0.787360
vn 0.331548 -0.519749 -0.787360
vn 0.331548 -0.519749 -0.787360
vn 0.331549 -0.519749 -0.787361
vn 0.331549 -0.519749 -0.787361
vn 0.331549 -0.519749 -0.787361
vn 0.331549 -0.519749 -0.787361
vn 0.331549 -0.519749 -0.787361
vn 0.331549 -0.519749 -0.787361
vn 0.014958 0.688083 0.725478
vn 0.014958 0.688083 0.725478
vn 0.014958 0.688083 0.725478
vn 0.000000 0.000000 1.000000
vn 0.000000 0.000000 1.000000
vn 0.000000 0.000000 1.000000
vn -0.324182 -0.508202 0.797895
vn -0.324182 -0.508202 0.797895
vn -0.324182 -0.508202 0.797895
vn -0.324182 -0.508202 0.797895
vn -0.324182 -0.508202 0.797895
vn -0.324182 -0.508202 0.797895
vn 0.000000 0.000000 0.000000
vn 0.000000 0.000000 0.000000
vn 0.000000 0.000000 0.000000
vn 0.537799 -0.843073 0.000000
vn 0.537799 -0.843073 0.000000
vn 0.537799 -0.843073 0.000000
vn 0.537799 -0.843073 0.000000
vn 0.537799 -0.843073 0.000000
vn 0.537799 -0.843073 0.000000
vn 0.537798 -0.843074 -0.000001
vn 0.537798 -0.843074 -0.000001
vn 0.537798 -0.843074 -0.000001
vn 0.537804 -0.843070 0.000000
vn 0.537804 -0.843070 0.000000
vn 0.537804 -0.843070 0.000000
vn 0.537798 -0.843074 0.000000
vn 0.537798 -0.843074 0.000000
vn 0.537798 -0.843074 0.000000
vn 0.324184 0.508201 0.797895
vn 0.324184 0.508201 0.797895
vn 0.324184 0.508201 0.797895
vn 0.324183 0.508202 0.797895
vn 0.324183 0.508202 0.797895
vn 0.324183 0.508202 0.797895
vn 0.324183 0.508202 0.797895
vn 0.324183 0.508202 0.797895
vn 0.324183 0.508202 0.797895
vn 0.324181 0.508199 0.797897
vn 0.324181 0.508199 0.797897
vn 0.324181 0.508199 0.797897
vn 0.843091 0.537772 0.000000
vn 0.843091 0.537772 0.000000
vn 0.843091 0.537772 0.000000
vn 0.843091 0.537772 0.000000
vn 0.843091 0.537772 0.000000
vn 0.843091 0.537772 0.000000
vn 0.843090 0.537772 0.000000
vn 0.843090 0.537772 0.000000
vn 0.843090 0.537772 0.000000
vn 0.843090 0.537772 0.000000
vn 0.843090 0.537772 0.000000
vn 0.843090 0.537772 0.000000
vn 0.103974 0.994580 -0.000001
vn 0.103974 0.994580 -0.000001
vn 0.103974 0.994580 -0.000001
vn 0.103975 0.994580 -0.000001
vn 0.103975 0.994580 -0.000001
vn 0.103975 0.994580 -0.000001
vn 0.103971 0.994580 0.000000
vn 0.103971 0.994580 0.000000
vn 0.103971 0.994580 0.000000
vn 0.103976 0.994580 0.000000
vn 0.103976 0.994580 0.000000
vn 0.103976 0.994580 0.000000
vn 0.103975 0.994580 0.000001
vn 0.103975 0.994580 0.000001
vn 0.103975 0.994580 0.000001
vn 0.103971 0.994580 0.000000
vn 0.103971 0.994580 0.000000
vn 0.103971 0.994580 0.000000
vn 0.000000 0.000000 0.000000
vn 0.000000 0.000000 0.000000
vn 0.000000 0.000000 0.000000
vn 0.103976 0.994580 0.000000
vn 0.103976 0.994580 0.000000
vn 0.103976 0.994580 0.000000
vn 0.103976 0.994580 0.000000
vn 0.103976 0.994580 0.000000
vn 0.103976 0.994580 0.000000
vn 0.000000 0.000000 0.000000
vn 0.000000 0.000000 0.000000
vn 0.000000 0.000000 0.000000
vn 0.103976 0.994580 0.000000
vn 0.103976 0.994580 0.000000
vn 0.103976 0.994580 0.000000
vn -0.324183 -0.508201 0.797895
vn -0.324183 -0.508201 0.797895
vn -0.324183 -0.508201 0.797895
vn -0.324183 -0.508202 0.797895
vn -0.324183 -0.508202 0.797895
vn -0.324183 -0.508202 0.797895
vn -0.324183 -0.508202 0.797895
vn -0.324183 -0.508202 0.797895
vn -0.324183 -0.508202 0.797895
vn -0.324183 -0.508201 0.797896
vn -0.324183 -0.508201 0.797896
vn -0.324183 -0.508201 0.797896
vn 0.843090 0.537772 0.000000
vn 0.843090 0.537772 0.000000
vn 0.843090 0.537772 0.000000
vn 0.000000 0.000000 1.000000
vn 0.000000 0.000000 1.000000
vn 0.000000 0.000000 1.000000
vn 0.324182 -0.508201 -0.797895
vn 0.324182 -0.508201 -0.797895
vn 0.324182 -0.508201 -0.797895
vn 0.324183 -0.508202 -0.797895
vn 0.324183 -0.508202 -0.797895
vn 0.324183 -0.508202 -0.797895
vn 0.843090 0.537772 -0.000000
vn 0.843090 0.537772 -0.000000
vn 0.843090 0.537772 -0.000000
vn 0.843090 0.537772 0.000000
vn 0.843090 0.537772 0.000000
vn 0.843090 0.537772 0.000000
vn 0.843090 0.537772 0.000000
vn 0.843090 0.537772 0.000000
vn 0.843090 0.537772 0.000000
vn 0.843090 0.537772 0.000000
vn 0.843090 0.537772 0.000000
vn 0.843090 0.537772 0.000000
vn 0.843090 0.537772 -0.000000
vn 0.843090 0.537772 -0.000000
vn 0.843090 0.537772 -0.000000
vn 0.843090 0.537772 0.000002
vn 0.843090 0.537772 0.000002
vn 0.843090 0.537772 0.000002
vn -0.537798 -0.843074 0.000000
vn -0.537798 -0.843074 0.000000
vn -0.537798 -0.843074 0.000000
vn -0.537798 -0.843073 0.000000
vn -0.537798 -0.843073 0.000000
vn -0.537798 -0.843073 0.000000
vn -0.537798 -0.843074 0.000000
vn -0.537798 -0.843074 0.000000
vn -0.537798 -0.843074 0.000000
vn -0.537798 -0.843074 0.000000
vn -0.537798 -0.843074 0.000000
vn -0.537798 -0.843074 0.000000
vn -0.537798 -0.843074 0.000000
vn -0.537798 -0.843074 0.000000
vn -0.537798 -0.843074 0.000000
vn -0.537798 -0.843074 0.000000
vn -0.537798 -0.843074 0.000000
vn -0.537798 -0.843074 0.000000
vn -0.222903 0.974841 0.000000
vn -0.222903 0.974841 0.000000
vn -0.222903 0.974841 0.000000
vn -0.222903 0.974841 0.000000
vn -0.222903 0.974841 0.000000
vn -0.222903 0.974841 0.000000
vn -0.843090 0.537772 0.000000
vn -0.843090 0.537772 0.000000
vn -0.843090 0.537772 0.000000
vn -0.843090 0.537772 0.000000
vn -0.843090 0.537772 0.000000
vn -0.843090 0.537772 0.000000
vn 0.843090 0.537772 0.000000
vn 0.843090 0.537772 0.000000
vn 0.843090 0.537772 0.000000
vn -0.324183 -0.508201 0.797896
vn -0.324183 -0.508201 0.797896
vn -0.324183 -0.508201 0.797896
vn -0.324183 -0.508202 0.797895
vn -0.324183 -0.508202 0.797895
vn -0.324183 -0.508202 0.797895
vn 0.331547 -0.519747 0.787362
vn 0.331547 -0.519747 0.787362
vn 0.331547 -0.519747 0.787362
vn 0.331547 -0.519747 0.787362
vn 0.331547 -0.519747 0.787362
vn 0.331547 -0.519747 0.787362
vn 0.222902 0.974841 0.000000
vn 0.222902 0.974841 0.000000
vn 0.222902 0.974841 0.000000
vn 0.222902 0.974841 0.000000
vn 0.222902 0.974841 0.000000
vn 0.222902 0.974841 0.000000
vn 0.222900 0.974841 0.000000
vn 0.222900 0.974841 0.000000
vn 0.222900 0.974841 0.000000
vn 0.000000 0.000000 0.000000
vn 0.000000 0.000000 0.000000
vn 0.000000 0.000000 0.000000
vn 0.000000 0.000000 0.000000
vn 0.000000 0.000000 0.000000
vn 0.000000 0.000000 0.000000
vn -0.519421 0.331316 0.787675
vn -0.519421 0.331316 0.787675
vn -0.519421 0.331316 0.787675
vn -0.519421 0.331315 0.787675
vn -0.519421 0.331315 0.787675
vn -0.519421 0.331315 0.787675
vn 0.323818 0.206550 0.923298
vn 0.323818 0.206550 0.923298
vn 0.323818 0.206550 0.923298
vn 0.323818 0.206549 0.923298
vn 0.323818 0.206549 0.923298
vn 0.323818 0.206549 0.923298
vn -0.843090 0.537772 0.000000
vn -0.843090 0.537772 0.000000
vn -0.843090 0.537772 0.000000
vn -0.843091 0.537771 0.000000
vn -0.843091 0.537771 0.000000
vn -0.843091 0.537771 0.000000
vn 0.843090 0.537773 0.000000
vn 0.843090 0.537773 0.000000
vn 0.843090 0.537773 0.000000
vn 0.843090 0.537773 0.000000
vn 0.843090 0.537773 0.000000
vn 0.843090 0.537773 0.000000
vn -0.537798 -0.843074 0.000000
vn -0.537798 -0.843074 0.000000
vn -0.537798 -0.843074 0.000000
vn -0.537798 -0.843074 0.000000
vn -0.537798 -0.843074 0.000000
vn -0.537798 -0.843074 0.000000
vn -0.537798 -0.843074 -0.000000
vn -0.537798 -0.843074 -0.000000
vn -0.537798 -0.843074 -0.000000
vn -0.537798 -0.843074 0.000000
vn -0.537798 -0.843074 0.000000
vn -0.537798 -0.843074 0.000000
vn -0.537798 -0.843074 -0.000000
vn -0.537798 -0.843074 -0.000000
vn -0.537798 -0.843074 -0.000000
vn -0.537798 -0.843074 0.000000
vn -0.537798 -0.843074 0.000000
vn -0.537798 -0.843074 0.000000
vn 0.000000 0.000000 0.000000
vn 0.000000 0.000000 0.000000
vn 0.000000 0.000000 0.000000
vn 0.843092 -0.537770 0.000000
vn 0.843092 -0.537770 0.000000
vn 0.843092 -0.537770 0.000000
vn 0.843092 -0.537770 0.000000
vn 0.843092 -0.537770 0.000000
vn 0.843092 -0.537770 0.000000
vn 0.843092 -0.537770 0.000000
vn 0.843092 -0.537770 0.000000
vn 0.843092 -0.537770 0.000000
vn 0.843092 -0.537770 0.000000
vn 0.843092 -0.537770 0.000000
vn 0.843092 -0.537770 0.000000
vn 0.331548 -0.519747 0.787362
vn 0.331548 -0.519747 0.787362
vn 0.331548 -0.519747 0.787362
vn 0.331548 -0.519748 0.787362
vn 0.331548 -0.519748 0.787362
vn 0.331548 -0.519748 0.787362
vn 0.331548 -0.519748 0.787362
vn 0.331548 -0.519748 0.787362
vn 0.331548 -0.519748 0.787362
vn 0.331548 -0.519749 0.787361
vn 0.331548 -0.519749 0.787361
vn 0.331548 -0.519749 0.787361
vn 0.537798 0.843073 0.000000
vn 0.537798 0.843073 0.000000
vn 0.537798 0.843073 0.000000
vn 0.537799 0.843073 -0.000001
vn 0.537799 0.843073 -0.000001
vn 0.537799 0.843073 -0.000001
vn 0.537798 0.843074 0.000000
vn 0.537798 0.843074 0.000000
vn 0.537798 0.843074 0.000000
vn 0.537798 0.843074 0.000000
vn 0.537798 0.843074 0.000000
vn 0.537798 0.843074 0.000000
vn 0.000000 0.000000 0.000000
vn 0.000000 0.000000 0.000000
vn 0.000000 0.000000 0.000000
vn 0.000000 0.000000 0.000000
vn 0.000000 0.000000 0.000000
vn 0.000000 0.000000 0.000000
vn 0.000000 0.000000 0.000000
vn 0.000000 0.000000 0.000000
vn 0.000000 0.000000 0.000000
vn -0.243589 0.969878 0.000000
vn -0.243589 0.969878 0.000000
vn -0.243589 0.969878 0.000000
vn -0.243591 0.969878 0.000000
vn -0.243591 0.969878 0.000000
vn -0.243591 0.969878 0.000000
vn -0.243589 0.969878 0.000000
vn -0.243589 0.969878 0.000000
vn -0.243589 0.969878 0.000000
vn -0.331548 -0.519747 0.787362
vn -0.331548 -0.519747 0.787362
vn -0.331548 -0.519747 0.787362
vn -0.331548 -0.519747 0.787362
vn -0.331548 -0.519747 0.787362
vn -0.331548 -0.519747 0.787362
vn 0.843090 0.537773 0.000000
vn 0.843090 0.537773 0.000000
vn 0.843090 0.537773 0.000000
vn 0.843090 0.537773 0.000000
vn 0.843090 0.537773 0.000000
vn 0.843090 0.537773 0.000000
vn -0.843091 0.537771 0.000000
vn -0.843091 0.537771 0.000000
vn -0.843091 0.537771 0.000000
vn -0.537798 -0.843074 0.000000
vn -0.537798 -0.843074 0.000000
vn -0.537798 -0.843074 0.000000
vn -0.537798 -0.843074 0.000001
vn -0.537798 -0.843074 0.000001
vn -0.537798 -0.843074 0.000001
vn -0.537798 -0.843074 0.000000
vn -0.537798 -0.843074 0.000000
vn -0.537798 -0.843074 0.000000
vn -0.537798 -0.843074 -0.000000
vn -0.537798 -0.843074 -0.000000
vn -0.537798 -0.843074 -0.000000
vn 0.000000 0.000000 0.000000
vn 0.000000 0.000000 0.000000
vn 0.000000 0.000000 0.000000
vn 0.537799 -0.843073 -0.000000
vn 0.537799 -0.843073 -0.000000
vn 0.537799 -0.843073 -0.000000
vn 0.000000 0.000000 0.000000
vn 0.000000 0.000000 0.000000
vn 0.000000 0.000000 0.000000
vn 0.537799 -0.843073 0.000000
vn 0.537799 -0.843073 0.000000
vn 0.537799 -0.843073 0.000000
vn 0.537799 -0.843073 0.000000
vn 0.537799 -0.843073 0.000000
vn 0.537799 -0.843073 0.000000
vn -0.843091 0.537771 0.000000
vn -0.843091 0.537771 0.000000
vn -0.843091 0.537771 0.000000
vn -0.843091 0.537771 0.000000
vn -0.843091 0.537771 0.000000
vn -0.843091 0.537771 0.000000
vn -0.843091 0.537771 0.000000
vn -0.843091 0.537771 0.000000
vn -0.843091 0.537771 0.000000
vn -0.362845 -0.568811 0.738104
vn -0.362845 -0.568811 0.738104
vn -0.362845 -0.568811 0.738104
vn -0.362848 -0.568808 0.738105
vn -0.362848 -0.568808 0.738105
vn -0.362848 -0.568808 0.738105
vn 0.000000 0.000000 1.000000
vn 0.000000 0.000000 1.000000
vn 0.000000 0.000000 1.000000
vn 0.843090 0.537773 0.000000
vn 0.843090 0.537773 0.000000
vn 0.843090 0.537773 0.000000
vn 0.843108 0.537744 -0.000035
vn 0.843108 0.537744 -0.000035
vn 0.843108 0.537744 -0.000035
vn 0.843093 0.537767 -0.000009
vn 0.843093 0.537767 -0.000009
vn 0.843093 0.537767 -0.000009
vn -0.843091 0.537771 0.000000
vn -0.843091 0.537771 0.000000
vn -0.843091 0.537771 0.000000
vn -0.843091 0.537771 0.000000
vn -0.843091 0.537771 0.000000
vn -0.843091 0.537771 0.000000
vn -0.285402 0.182046 -0.940960
vn -0.285402 0.182046 -0.940960
vn -0.285402 0.182046 -0.940960
vn 0.331548 -0.519747 -0.787362
vn 0.331548 -0.519747 -0.787362
vn 0.331548 -0.519747 -0.787362
vn 0.331548 -0.519748 -0.787361
vn 0.331548 -0.519748 -0.787361
vn 0.331548 -0.519748 -0.787361
vn -0.843091 0.537771 0.000000
vn -0.843091 0.537771 0.000000
vn -0.843091 0.537771 0.000000
vn -0.707164 0.451068 -0.544478
vn -0.707164 0.451068 -0.544478
vn -0.707164 0.451068 -0.544478
vn -0.707165 0.451067 -0.544478
vn -0.707165 0.451067 -0.544478
vn -0.707165 0.451067 -0.544478
vn -0.331548 -0.519750 -0.787360
vn -0.331548 -0.519750 -0.787360
vn -0.331548 -0.519750 -0.787360
vn -0.331548 -0.519748 -0.787362
vn -0.331548 -0.519748 -0.787362
vn -0.331548 -0.519748 -0.787362
vn -0.331548 -0.519748 -0.787361
vn -0.331548 -0.519748 -0.787361
vn -0.331548 -0.519748 -0.787361
vn -0.843092 0.537769 0.000000
vn -0.843092 0.537769 0.000000
vn -0.843092 0.537769 0.000000
vn 0.000000 0.000000 1.000000
vn 0.000000 0.000000 1.000000
vn 0.000000 0.000000 1.000000
vn -0.354542 0.935040 -0.000001
vn -0.354542 0.935040 -0.000001
vn -0.354542 0.935040 -0.000001
vn -0.354544 0.935039 0.000003
vn -0.354544 0.935039 0.000003
vn -0.354544 0.935039 0.000003
vn -0.354543 0.935040 0.000000
vn -0.354543 0.935040 0.000000
vn -0.354543 0.935040 0.000000
vn -0.354543 0.935040 0.000000
vn -0.354543 0.935040 0.000000
vn -0.354543 0.935040 0.000000
vn 0.000000 0.000000 0.000000
vn 0.000000 0.000000 0.000000
vn 0.000000 0.000000 0.000000
vn -0.354543 0.935040 0.000000
vn -0.354543 0.935040 0.000000
vn -0.354543 0.935040 0.000000
vn -0.354543 0.935040 0.000000
vn -0.354543 0.935040 0.000000
vn -0.354543 0.935040 0.000000
vn -0.354543 0.935040 0.000000
vn -0.354543 0.935040 0.000000
vn -0.354543 0.935040 0.000000
vn -0.354543 0.935040 0.000000
vn -0.354543 0.935040 0.000000
vn -0.354543 0.935040 0.000000
vn -0.627466 0.400234 0.667907
vn -0.627466 0.400234 0.667907
vn -0.627466 0.400234 0.667907
vn -0.627466 0.400234 0.667907
vn -0.627466 0.400234 0.667907
vn -0.627466 0.400234 0.667907
vn 0.537799 -0.843073 0.000000
vn 0.537799 -0.843073 0.000000
vn 0.537799 -0.843073 0.000000
vn 0.537799 -0.843073 0.000000
vn 0.537799 -0.843073 0.000000
vn 0.537799 -0.843073 0.000000
vn 0.537799 -0.843073 0.000000
vn 0.537799 -0.843073 0.000000
vn 0.537799 -0.843073 0.000000
vn 0.537799 -0.843073 0.000000
vn 0.537799 -0.843073 0.000000
vn 0.537799 -0.843073 0.000000
vn -0.647747 0.413170 0.640090
vn -0.647747 0.413170 0.640090
vn -0.647747 0.413170 0.640090
vn -0.647747 0.413170 0.640090
vn -0.647747 0.413170 0.640090
vn -0.647747 0.413170 0.640090
vn -0.843091 0.537771 0.000000
vn -0.843091 0.537771 0.000000
vn -0.843091 0.537771 0.000000
vn -0.843089 0.537774 0.000000
vn -0.843089 0.537774 0.000000
vn -0.843089 0.537774 0.000000
vn -0.843089 0.537774 0.000000
vn -0.843089 0.537774 0.000000
vn -0.843089 0.537774 0.000000
vn -0.579981 0.369945 0.725785
vn -0.579981 0.369945 0.725785
vn -0.579981 0.369945 0.725785
vn -0.579981 0.369944 0.725785
vn -0.579981 0.369944 0.725785
vn -0.579981 0.369944 0.725785
vn -0.324183 -0.508203 0.797894
vn -0.324183 -0.508203 0.797894
vn -0.324183 -0.508203 0.797894
vn -0.324183 -0.508202 0.797895
vn -0.324183 -0.508202 0.797895
vn -0.324183 -0.508202 0.797895
vn -0.324183 -0.508201 0.797895
vn -0.324183 -0.508201 0.797895
vn -0.324183 -0.508201 0.797895
vn -0.324183 -0.508201 0.797895
vn -0.324183 -0.508201 0.797895
vn -0.324183 -0.508201 0.797895
vn -0.468504 0.298840 -0.831383
vn -0.468504 0.298840 -0.831383
vn -0.468504 0.298840 -0.831383
vn -0.468504 0.298842 -0.831383
vn -0.468504 0.298842 -0.831383
vn -0.468504 0.298842 -0.831383
vn -0.619852 0.395378 0.677835
vn -0.619852 0.395378 0.677835
vn -0.619852 0.395378 0.677835
vn -0.619852 0.395378 0.677835
vn -0.619852 0.395378 0.677835
vn -0.619852 0.395378 0.677835
vn 0.103974 0.994580 -0.000001
vn 0.103974 0.994580 -0.000001
vn 0.103974 0.994580 -0.000001
vn 0.103974 0.994580 -0.000001
vn 0.103974 0.994580 -0.000001
vn 0.103974 0.994580 -0.000001
vn 0.103974 0.994580 -0.000001
vn 0.103974 0.994580 -0.000001
vn 0.103974 0.994580 -0.000001
vn 0.000000 0.000000 0.000000
vn 0.000000 0.000000 0.000000
vn 0.000000 0.000000 0.000000
vn -0.537798 -0.843074 0.000000
vn -0.537798 -0.843074 0.000000
vn -0.537798 -0.843074 0.000000
vn -0.537798 -0.843074 0.000000
vn -0.537798 -0.843074 0.000000
vn -0.537798 -0.843074 0.000000
vn -0.537798 -0.843073 -0.000001
vn -0.537798 -0.843073 -0.000001
vn -0.537798 -0.843073 -0.000001
vn -0.537798 -0.843073 0.000000
vn -0.537798 -0.843073 0.000000
vn -0.537798 -0.843073 0.000000
vn -0.537798 -0.843074 0.000000
vn -0.537798 -0.843074 0.000000
vn -0.537798 -0.843074 0.000000
vn 0.000000 0.000000 0.000000
vn 0.000000 0.000000 0.000000
vn 0.000000 0.000000 0.000000
vn 0.000000 0.000000 0.000000
vn 0.000000 0.000000 0.000000
vn 0.000000 0.000000 0.000000
vn 0.000000 0.000000 1.000000
vn 0.000000 0.000000 1.000000
vn 0.000000 0.000000 1.000000
vn -0.537798 -0.843074 0.000000
vn -0.537798 -0.843074 0.000000
vn -0.537798 -0.843074 0.000000
vn -0.537798 -0.843074 0.000000
vn -0.537798 -0.843074 0.000000
vn -0.537798 -0.843074 0.000000
vn -0.537798 -0.843074 0.000000
vn -0.537798 -0.843074 0.000000
vn -0.537798 -0.843074 0.000000
vn -0.537798 -0.843074 0.000000
vn -0.537798 -0.843074 0.000000
vn -0.537798 -0.843074 0.000000
vn -0.537798 -0.843074 0.000000
vn -0.537798 -0.843074 0.000000
vn -0.537798 -0.843074 0.000000
vn -0.537798 -0.843074 0.000000
vn -0.537798 -0.843074 0.000000
vn -0.537798 -0.843074 0.000000
vn 0.000000 0.000000 0.000000
vn 0.000000 0.000000 0.000000
vn 0.000000 0.000000 0.000000
vn 0.000000 0.000000 0.000000
vn 0.000000 0.000000 0.000000
vn 0.000000 0.000000 0.000000
vn -0.537798 -0.843073 -0.000001
vn -0.537798 -0.843073 -0.000001
vn -0.537798 -0.843073 -0.000001
vn -0.537798 -0.843074 0.000000
vn -0.537798 -0.843074 0.000000
vn -0.537798 -0.843074 0.000000
vn -0.537798 -0.843074 0.000000
vn -0.537798 -0.843074 0.000000
vn -0.537798 -0.843074 0.000000
vn -0.537798 -0.843074 0.000000
vn -0.537798 -0.843074 0.000000
vn -0.537798 -0.843074 0.000000
vn -0.537798 -0.843074 0.000001
vn -0.537798 -0.843074 0.000001
vn -0.537798 -0.843074 0.000001
vn -0.537798 -0.843074 0.000000
vn -0.537798 -0.843074 0.000000
vn -0.537798 -0.843074 0.000000
vn -0.537798 -0.843074 0.000000
vn -0.537798 -0.843074 0.000000
vn -0.537798 -0.843074 0.000000
vn -0.537798 -0.843074 0.000000
vn -0.537798 -0.843074 0.000000
vn -0.537798 -0.843074 0.000000
vn -0.537798 -0.843074 -0.000001
vn -0.537798 -0.843074 -0.000001
vn -0.537798 -0.843074 -0.000001
vn 0.000000 0.000000 0.000000
vn 0.000000 0.000000 0.000000
vn 0.000000 0.000000 0.000000
vn 0.000000 0.000000 0.000000
vn 0.000000 0.000000 0.000000
vn 0.000000 0.000000 0.000000
vn -0.642800 -0.766034 0.000000
vn -0.642800 -0.766034 0.000000
vn -0.642800 -0.766034 0.000000
vn -0.642800 -0.766034 0.000000
vn -0.642800 -0.766034 0.000000
vn -0.642800 -0.766034 0.000000
vn 0.642800 0.766034 0.000000
vn 0.642800 0.766034 0.000000
vn 0.642800 0.766034 0.000000
vn 0.642800 0.766034 0.000000
vn 0.642800 0.766034 0.000000
vn 0.642800 0.766034 0.000000
vn -0.843091 0.537771 0.000000
vn -0.843091 0.537771 0.000000
vn -0.843091 0.537771 0.000000
vn -0.843091 0.537771 0.000000
vn -0.843091 0.537771 0.000000
vn -0.843091 0.537771 0.000000
vn -0.766056 0.642774 0.000000
vn -0.766056 0.642774 0.000000
vn -0.766056 0.642774 0.000000
vn -0.766056 0.642774 0.000000
vn -0.766056 0.642774 0.000000
vn -0.766056 0.642774 0.000000
vn 0.000000 0.000000 1.000000
vn 0.000000 0.000000 1.000000
vn 0.000000 0.000000 1.000000
vn 0.000000 0.000000 1.000000
vn 0.000000 0.000000 1.000000
vn 0.000000 0.000000 1.000000
vn -0.843091 0.537771 0.000000
vn -0.843091 0.537771 0.000000
vn -0.843091 0.537771 0.000000
vn -0.332615 0.212161 0.918888
vn -0.332615 0.212161 0.918888
vn -0.332615 0.212161 0.918888
vn -0.332615 0.212161 0.918888
vn -0.332615 0.212161 0.918888
vn -0.332615 0.212161 0.918888
vn -0.843091 0.537771 0.000000
vn -0.843091 0.537771 0.000000
vn -0.843091 0.537771 0.000000
vn 0.000000 0.000000 1.000000
vn 0.000000 0.000000 1.000000
vn 0.000000 0.000000 1.000000
vn 0.000000 0.000000 1.000000
vn 0.000000 0.000000 1.000000
vn 0.000000 0.000000 1.000000
vn -0.331548 -0.519747 0.787362
vn -0.331548 -0.519747 0.787362
vn -0.331548 -0.519747 0.787362
vn -0.331548 -0.519748 0.787361
vn -0.331548 -0.519748 0.787361
vn -0.331548 -0.519748 0.787361
vn -0.493156 0.314563 -0.811078
vn -0.493156 0.314563 -0.811078
vn -0.493156 0.314563 -0.811078
vn -0.493156 0.314563 -0.811078
vn -0.493156 0.314563 -0.811078
vn -0.493156 0.314563 -0.811078
vn -0.843091 0.537771 -0.000002
vn -0.843091 0.537771 -0.000002
vn -0.843091 0.537771 -0.000002
vn -0.843091 0.537770 0.000001
vn -0.843091 0.537770 0.000001
vn -0.843091 0.537770 0.000001
vn -0.748117 0.477190 -0.461097
vn -0.748117 0.477190 -0.461097
vn -0.748117 0.477190 -0.461097
vn 0.537798 -0.843074 -0.000001
vn 0.537798 -0.843074 -0.000001
vn 0.537798 -0.843074 -0.000001
vn 0.537798 -0.843074 -0.000001
vn 0.537798 -0.843074 -0.000001
vn 0.537798 -0.843074 -0.000001
vn 0.537798 -0.843073 -0.000000
vn 0.537798 -0.843073 -0.000000
vn 0.537798 -0.843073 -0.000000
vn 0.537799 -0.843073 0.000000
vn 0.537799 -0.843073 0.000000
vn 0.537799 -0.843073 0.000000
vn 0.000000 0.000000 0.000000
vn 0.000000 0.000000 0.000000
vn 0.000000 0.000000 0.000000
vn 0.379547 0.242096 0.892935
vn 0.379547 0.242096 0.892935
vn 0.379547 0.242096 0.892935
vn 0.379123 0.246063 0.892031
vn 0.379123 0.246063 0.892031
vn 0.379123 0.246063 0.892031
vn -0.843091 0.537771 0.000000
vn -0.843091 0.537771 0.000000
vn -0.843091 0.537771 0.000000
vn -0.843091 0.537771 0.000000
vn -0.843091 0.537771 0.000000
vn -0.843091 0.537771 0.000000
vn -0.843088 0.537775 0.000000
vn -0.843088 0.537775 0.000000
vn -0.843088 0.537775 0.000000
vn -0.537798 -0.843074 0.000000
vn -0.537798 -0.843074 0.000000
vn -0.537798 -0.843074 0.000000
vn -0.537798 -0.843074 0.000000
vn -0.537798 -0.843074 0.000000
vn -0.537798 -0.843074 0.000000
vn -0.537798 -0.843074 0.000000
vn -0.537798 -0.843074 0.000000
vn -0.537798 -0.843074 0.000000
vn -0.537798 -0.843074 0.000000
vn -0.537798 -0.843074 0.000000
vn -0.537798 -0.843074 0.000000
vn -0.445260 0.284012 -0.849165
vn -0.445260 0.284012 -0.849165
vn -0.445260 0.284012 -0.849165
vn -0.445260 0.284012 -0.849165
vn -0.445260 0.284012 -0.849165
vn -0.445260 0.284012 -0.849165
vn -0.843088 0.537775 0.000000
vn -0.843088 0.537775 0.000000
vn -0.843088 0.537775 0.000000
vn -0.843091 0.537771 0.000000
vn -0.843091 0.537771 0.000000
vn -0.843091 0.537771 0.000000
vn -0.843091 0.537771 0.000000
vn -0.843091 0.537771 0.000000
vn -0.843091 0.537771 0.000000
vn -0.843091 0.537771 0.000000
vn -0.843091 0.537771 0.000000
vn -0.843091 0.537771 0.000000
vn -0.843091 0.537771 0.000000
vn -0.843091 0.537771 0.000000
vn -0.843091 0.537771 0.000000
vn -0.400386 0.255387 -0.880039
vn -0.400386 0.255387 -0.880039
vn -0.400386 0.255387 -0.880039
vn -0.331548 -0.519748 0.787361
vn -0.331548 -0.519748 0.787361
vn -0.331548 -0.519748 0.787361
vn -0.331549 -0.519749 0.787361
vn -0.331549 -0.519749 0.787361
vn -0.331549 -0.519749 0.787361
vn -0.843091 0.537771 0.000000
vn -0.843091 0.537771 0.000000
vn -0.843091 0.537771 0.000000
vn -0.843091 0.537771 0.000000
vn -0.843091 0.537771 0.000000
vn -0.843091 0.537771 0.000000
vn 0.000000 0.000000 0.000000
vn 0.000000 0.000000 0.000000
vn 0.000000 0.000000 0.000000
vn 0.000000 0.000000 0.000000
vn 0.000000 0.000000 0.000000
vn 0.000000 0.000000 0.000000
vn 0.000000 0.000000 0.000000
vn 0.000000 0.000000 0.000000
vn 0.000000 0.000000 0.000000
vn 0.537798 -0.843074 0.000000
vn 0.537798 -0.843074 0.000000
vn 0.537798 -0.843074 0.000000
vn 0.537798 -0.843074 0.000000
vn 0.537798 -0.843074 0.000000
vn 0.537798 -0.843074 0.000000
vn 0.331548 -0.519747 0.787362
vn 0.331548 -0.519747 0.787362
vn 0.331548 -0.519747 0.787362
vn 0.331548 -0.519748 0.787361
vn 0.331548 -0.519748 0.787361
vn 0.331548 -0.519748 0.787361
vn -0.000374 0.002139 0.999998
vn -0.000374 0.002139 0.999998
vn -0.000374 0.002139 0.999998
vn 0.000000 0.000000 1.000000
vn 0.000000 0.000000 1.000000
vn 0.000000 0.000000 1.000000
vn 0.843090 0.537772 0.000000
vn 0.843090 0.537772 0.000000
vn 0.843090 0.537772 0.000000
vn 0.000000 0.000000 0.000000
vn 0.000000 0.000000 0.000000
vn 0.000000 0.000000 0.000000
vn 0.000000 0.000000 0.000000
vn 0.000000 0.000000 0.000000
vn 0.000000 0.000000 0.000000
vn -0.261843 0.965110 0.000000
vn -0.261843 0.965110 0.000000
vn -0.261843 0.965110 0.000000
vn -0.261843 0.965110 0.000000
vn -0.261843 0.965110 0.000000
vn -0.261843 0.965110 0.000000
vn 0.331548 -0.519747 0.787362
vn 0.331548 -0.519747 0.787362
vn 0.331548 -0.519747 0.787362
vn 0.331548 -0.519748 0.787361
vn 0.331548 -0.519748 0.787361
vn 0.331548 -0.519748 0.787361
vn -0.103976 0.994580 0.000000
vn -0.103976 0.994580 0.000000
vn -0.103976 0.994580 0.000000
vn -0.103976 0.994580 0.000000
vn -0.103976 0.994580 0.000000
vn -0.103976 0.994580 0.000000
vn 0.000000 0.000000 0.000000
vn 0.000000 0.000000 0.000000
vn 0.000000 0.000000 0.000000
vn -0.103976 0.994580 0.000000
vn -0.103976 0.994580 0.000000
vn -0.103976 0.994580 0.000000
vn -0.104070 0.994570 -0.000024
vn -0.104070 0.994570 -0.000024
vn -0.104070 0.994570 -0.000024
vn -0.103976 0.994580 0.000000
vn -0.103976 0.994580 0.000000
vn -0.103976 0.994580 0.000000
vn 0.843087 0.537777 0.000000
vn 0.843087 0.537777 0.000000
vn 0.843087 0.537777 0.000000
vn 0.843090 0.537772 0.000000
vn 0.843090 0.537772 0.000000
vn 0.843090 0.537772 0.000000
vn 0.843089 0.537774 0.000000
vn 0.843089 0.537774 0.000000
vn 0.843089 0.537774 0.000000
vn 1.000000 0.000000 0.000000
vn 1.000000 0.000000 0.000000
vn 1.000000 0.000000 0.000000
vn 1.000000 0.000000 0.000000
vn 1.000000 0.000000 0.000000
vn 1.000000 0.000000 0.000000
vn 0.843090 0.537772 0.000000
vn 0.843090 0.537772 0.000000
vn 0.843090 0.537772 0.000000
vn 0.843093 0.537768 0.000000
vn 0.843093 0.537768 0.000000
vn 0.843093 0.537768 0.000000
vn 0.554114 0.353440 -0.753683
vn 0.554114 0.353440 -0.753683
vn 0.554114 0.353440 -0.753683
vn 0.554112 0.353445 -0.753682
vn 0.554112 0.353445 -0.753682
vn 0.554112 0.353445 -0.753682
vn 0.331548 -0.519748 -0.787361
vn 0.331548 -0.519748 -0.787361
vn 0.331548 -0.519748 -0.787361
vn 0.331548 -0.519748 -0.787361
vn 0.331548 -0.519748 -0.787361
vn 0.331548 -0.519748 -0.787361
vn 0.331548 -0.519748 -0.787362
vn 0.331548 -0.519748 -0.787362
vn 0.331548 -0.519748 -0.787362
vn -0.400386 0.255389 -0.880038
vn -0.400386 0.255389 -0.880038
vn -0.400386 0.255389 -0.880038
vn -0.331548 -0.519749 -0.787361
vn -0.331548 -0.519749 -0.787361
vn -0.331548 -0.519749 -0.787361
vn -0.331548 -0.519748 -0.787362
vn -0.331548 -0.519748 -0.787362
vn -0.331548 -0.519748 -0.787362
vn -0.331548 -0.519748 -0.787361
vn -0.331548 -0.519748 -0.787361
vn -0.331548 -0.519748 -0.787361
vn 0.323819 0.206551 0.923298
vn 0.323819 0.206551 0.923298
vn 0.323819 0.206551 0.923298
vn 0.323819 0.206549 0.923298
vn 0.323819 0.206549 0.923298
vn 0.323819 0.206549 0.923298
vn 0.843090 0.537772 0.000000
vn 0.843090 0.537772 0.000000
vn 0.843090 0.537772 0.000000
vn 0.331549 -0.519749 0.787361
vn 0.331549 -0.519749 0.787361
vn 0.331549 -0.519749 0.787361
vn 0.331549 -0.519751 0.787359
vn 0.331549 -0.519751 0.787359
vn 0.331549 -0.519751 0.787359
vn 0.331549 -0.519748 0.787361
vn 0.331549 -0.519748 0.787361
vn 0.331549 -0.519748 0.787361
vn 0.331550 -0.519748 0.787361
vn 0.331550 -0.519748 0.787361
vn 0.331550 -0.519748 0.787361
vn 0.458019 0.292150 -0.839563
vn 0.458019 0.292150 -0.839563
vn 0.458019 0.292150 -0.839563
vn 0.458019 0.292150 -0.839563
vn 0.458019 0.292150 -0.839563
vn 0.458019 0.292150 -0.839563
vn 0.000000 0.000000 1.000000
vn 0.000000 0.000000 1.000000
vn 0.000000 0.000000 1.000000
vn -0.537798 -0.843074 0.000000
vn -0.537798 -0.843074 0.000000
vn -0.537798 -0.843074 0.000000
vn -0.537798 -0.843074 0.000000
vn -0.537798 -0.843074 0.000000
vn -0.537798 -0.843074 0.000000
vn -0.537798 -0.843074 0.000000
vn -0.537798 -0.843074 0.000000
vn -0.537798 -0.843074 0.000000
vn -0.537798 -0.843074 0.000000
vn -0.537798 -0.843074 0.000000
vn -0.537798 -0.843074 0.000000
vn 0.000000 0.000000 0.000000
vn 0.000000 0.000000 0.000000
vn 0.000000 0.000000 0.000000
vn -0.537801 -0.843072 0.000000
vn -0.537801 -0.843072 0.000000
vn -0.537801 -0.843072 0.000000
vn -0.537798 -0.843074 0.000000
vn -0.537798 -0.843074 0.000000
vn -0.537798 -0.843074 0.000000
vn -0.537798 -0.843074 0.000000
vn -0.537798 -0.843074 0.000000
vn -0.537798 -0.843074 0.000000
vn -0.537798 -0.843074 0.000000
vn -0.537798 -0.843074 0.000000
vn -0.537798 -0.843074 0.000000
vn 0.000000 0.000000 0.000000
vn 0.000000 0.000000 0.000000
vn 0.000000 0.000000 0.000000
vn 0.537798 -0.843074 0.000000
vn 0.537798 -0.843074 0.000000
vn 0.537798 -0.843074 0.000000
vn 0.537798 -0.843074 0.000000
vn 0.537798 -0.843074 0.000000
vn 0.537798 -0.843074 0.000000
vn 0.537798 -0.843074 -0.000001
vn 0.537798 -0.843074 -0.000001
vn 0.537798 -0.843074 -0.000001
vn 0.537796 -0.843075 0.000000
vn 0.537796 -0.843075 0.000000
vn 0.537796 -0.843075 0.000000
vn 0.537798 -0.843074 0.000000
vn 0.537798 -0.843074 0.000000
vn 0.537798 -0.843074 0.000000
vn 0.537799 -0.843073 -0.000002
vn 0.537799 -0.843073 -0.000002
vn 0.537799 -0.843073 -0.000002
vn 0.537797 -0.843074 0.000003
vn 0.537797 -0.843074 0.000003
vn 0.537797 -0.843074 0.000003
vn 0.537798 -0.843074 0.000000
vn 0.537798 -0.843074 0.000000
vn 0.537798 -0.843074 0.000000
vn 0.843090 0.537772 0.000000
vn 0.843090 0.537772 0.000000
vn 0.843090 0.537772 0.000000
vn -0.843092 0.537769 0.000000
vn -0.843092 0.537769 0.000000
vn -0.843092 0.537769 0.000000
vn -0.398144 0.253959 0.881468
vn -0.398144 0.253959 0.881468
vn -0.398144 0.253959 0.881468
vn -0.398144 0.253959 0.881468
vn -0.398144 0.253959 0.881468
vn -0.398144 0.253959 0.881468
vn -0.843091 0.537771 0.000000
vn -0.843091 0.537771 0.000000
vn -0.843091 0.537771 0.000000
vn -0.843091 0.537771 0.000000
vn -0.843091 0.537771 0.000000
vn -0.843091 0.537771 0.000000
vn -0.843090 0.537772 0.000000
vn -0.843090 0.537772 0.000000
vn -0.843090 0.537772 0.000000
vn -0.843091 0.537771 0.000000
vn -0.843091 0.537771 0.000000
vn -0.843091 0.537771 0.000000
vn 0.317259 0.948339 -0.000001
vn 0.317259 0.948339 -0.000001
vn 0.317259 0.948339 -0.000001
vn 0.317259 0.948339 -0.000001
vn 0.317259 0.948339 -0.000001
vn 0.317259 0.948339 -0.000001
vn 0.317261 0.948338 0.000000
vn 0.317261 0.948338 0.000000
vn 0.317261 0.948338 0.000000
vn 0.317259 0.948339 -0.000001
vn 0.317259 0.948339 -0.000001
vn 0.317259 0.948339 -0.000001
vn 0.317261 0.948338 0.000000
vn 0.317261 0.948338 0.000000
vn 0.317261 0.948338 0.000000
vn 0.292528 0.956257 0.000000
vn 0.292528 0.956257 0.000000
vn 0.292528 0.956257 0.000000
vn 0.292528 0.956257 0.000000
vn 0.292528 0.956257 0.000000
vn 0.292528 0.956257 0.000000
vn 0.000000 0.000000 0.000000
vn 0.000000 0.000000 0.000000
vn 0.000000 0.000000 0.000000
vn 0.000000 0.000000 0.000000
vn 0.000000 0.000000 0.000000
vn 0.000000 0.000000 0.000000
vn -0.678403 0.432724 -0.593734
vn -0.678403 0.432724 -0.593734
vn -0.678403 0.432724 -0.593734
vn 0.000000 1.000000 0.000000
vn 0.000000 1.000000 0.000000
vn 0.000000 1.000000 0.000000
vn 0.000000 1.000000 0.000000
vn 0.000000 1.000000 0.000000
vn 0.000000 1.000000 0.000000
vn -0.843088 0.537775 0.000000
vn -0.843088 0.537775 0.000000
vn -0.843088 0.537775 0.000000
vn -0.843091 0.537771 0.000000
vn -0.843091 0.537771 0.000000
vn -0.843091 0.537771 0.000000
vn -0.843091 0.537771 0.000000
vn -0.843091 0.537771 0.000000
vn -0.843091 0.537771 0.000000
vn -0.843090 0.537772 0.000000
vn -0.843090 0.537772 0.000000
vn -0.843090 0.537772 0.000000
vn 0.103976 0.994580 0.000000
vn 0.103976 0.994580 0.000000
vn 0.103976 0.994580 0.000000
vn 0.000000 0.000000 0.000000
vn 0.000000 0.000000 0.000000
vn 0.000000 0.000000 0.000000
vn 0.103975 0.994580 -0.000001
vn 0.103975 0.994580 -0.000001
vn 0.103975 0.994580 -0.000001
vn 0.103974 0.994580 -0.000001
vn 0.103974 0.994580 -0.000001
vn 0.103974 0.994580 -0.000001
vn 0.103976 0.994580 0.000000
vn 0.103976 0.994580 0.000000
vn 0.103976 0.994580 0.000000
vn 0.000000 0.000000 0.000000
vn 0.000000 0.000000 0.000000
vn 0.000000 0.000000 0.000000
vn 0.000000 0.000000 1.000000
vn 0.000000 0.000000 1.000000
vn 0.000000 0.000000 1.000000
vn 0.689772 0.439977 -0.575009
vn 0.689772 0.439977 -0.575009
vn 0.689772 0.439977 -0.575009
vn 0.689772 0.439977 -0.575009
vn 0.689772 0.439977 -0.575009
vn 0.689772 0.439977 -0.575009
vn -0.248595 -0.389708 0.886752
vn -0.248595 -0.389708 0.886752
vn -0.248595 -0.389708 0.886752
vn -0.248595 -0.389708 0.886752
vn -0.248595 -0.389708 0.886752
vn -0.248595 -0.389708 0.886752
vn -0.248596 -0.389709 0.886751
vn -0.248596 -0.389709 0.886751
vn -0.248596 -0.389709 0.886751
vn -0.248597 -0.389710 0.886750
vn -0.248597 -0.389710 0.886750
vn -0.248597 -0.389710 0.886750
vn -0.843091 0.537771 0.000000
vn -0.843091 0.537771 0.000000
vn -0.843091 0.537771 0.000000
vn -0.299946 -0.470210 -0.830021
vn -0.299946 -0.470210 -0.830021
vn -0.299946 -0.470210 -0.830021
vn -0.299947 -0.470208 -0.830022
vn -0.299947 -0.470208 -0.830022
vn -0.299947 -0.470208 -0.830022
vn -0.299946 -0.470208 -0.830022
vn -0.299946 -0.470208 -0.830022
vn -0.299946 -0.470208 -0.830022
vn -0.541555 0.345434 -0.766416
vn -0.541555 0.345434 -0.766416
vn -0.541555 0.345434 -0.766416
vn -0.541555 0.345435 -0.766416
vn -0.541555 0.345435 -0.766416
vn -0.541555 0.345435 -0.766416
vn 0.000000 -0.000000 -1.000000
vn 0.000000 -0.000000 -1.000000
vn 0.000000 -0.000000 -1.000000
vn 0.000000 0.000000 1.000000
vn 0.000000 0.000000 1.000000
vn 0.000000 0.000000 1.000000
vn 0.000000 0.000000 1.000000
vn 0.000000 0.000000 1.000000
vn 0.000000 0.000000 1.000000
vn -0.510248 0.325465 -0.796065
vn -0.510248 0.325465 -0.796065
vn -0.510248 0.325465 -0.796065
vn -0.510248 0.325465 -0.796065
vn -0.510248 0.325465 -0.796065
vn -0.510248 0.325465 -0.796065
vn -0.537799 -0.843073 0.000000
vn -0.537799 -0.843073 0.000000
vn -0.537799 -0.843073 0.000000
vn -0.537799 -0.843073 -0.000001
vn -0.537799 -0.843073 -0.000001
vn -0.537799 -0.843073 -0.000001
vn -0.537798 -0.843074 -0.000000
vn -0.537798 -0.843074 -0.000000
vn -0.537798 -0.843074 -0.000000
vn -0.537798 -0.843074 0.000000
vn -0.537798 -0.843074 0.000000
vn -0.537798 -0.843074 0.000000
vn -0.537798 -0.843074 0.000000
vn -0.537798 -0.843074 0.000000
vn -0.537798 -0.843074 0.000000
vn 0.000000 0.000000 0.000000
vn 0.000000 0.000000 0.000000
vn 0.000000 0.000000 0.000000
vn -0.707164 0.451069 -0.544478
vn -0.707164 0.451069 -0.544478
vn -0.707164 0.451069 -0.544478
vn -0.707164 0.451069 -0.544478
vn -0.707164 0.451069 -0.544478
vn -0.707164 0.451069 -0.544478
vn -0.537798 -0.843074 0.000000
vn -0.537798 -0.843074 0.000000
vn -0.537798 -0.843074 0.000000
vn -0.537798 -0.843074 0.000000
vn -0.537798 -0.843074 0.000000
vn -0.537798 -0.843074 0.000000
vn -0.537798 -0.843074 0.000000
vn -0.537798 -0.843074 0.000000
vn -0.537798 -0.843074 0.000000
vn -0.537798 -0.843074 0.000000
vn -0.537798 -0.843074 0.000000
vn -0.537798 -0.843074 0.000000
vn -0.537798 -0.843074 0.000000
vn -0.537798 -0.843074 0.000000
vn -0.537798 -0.843074 0.000000
vn 0.000000 0.000000 0.000000
vn 0.000000 0.000000 0.000000
vn 0.000000 0.000000 0.000000
vn 0.103975 0.994580 0.000001
vn 0.103975 0.994580 0.000001
vn 0.103975 0.994580 0.000001
vn 0.103976 0.994580 0.000000
vn 0.103976 0.994580 0.000000
vn 0.103976 0.994580 0.000000
vn 0.103975 0.994580 0.000001
vn 0.103975 0.994580 0.000001
vn 0.103975 0.994580 0.000001
vn 0.103975 0.994580 -0.000001
vn 0.103975 0.994580 -0.000001
vn 0.103975 0.994580 -0.000001
vn 0.103977 0.994580 0.000000
vn 0.103977 0.994580 0.000000
vn 0.103977 0.994580 0.000000
vn 0.000000 0.000000 0.000000
vn 0.000000 0.000000 0.000000
vn 0.000000 0.000000 0.000000
vn 0.000000 -0.000000 -1.000000
vn 0.000000 -0.000000 -1.000000
vn 0.000000 -0.000000 -1.000000
vn -0.843091 0.537771 0.000000
vn -0.843091 0.537771 0.000000
vn -0.843091 0.537771 0.000000
vn -0.843091 0.537771 0.000000
vn -0.843091 0.537771 0.000000
vn -0.843091 0.537771 0.000000
vn -0.843091 0.537771 0.000000
vn -0.843091 0.537771 0.000000
vn -0.843091 0.537771 0.000000
vn -0.843090 0.537772 0.000000
vn -0.843090 0.537772 0.000000
vn -0.843090 0.537772 0.000000
vn -0.843091 0.537771 0.000000
vn -0.843091 0.537771 0.000000
vn -0.843091 0.537771 0.000000
vn -0.843090 0.537773 0.000000
vn -0.843090 0.537773 0.000000
vn -0.843090 0.537773 0.000000
vn -0.547861 0.349457 -0.760084
vn -0.547861 0.349457 -0.760084
vn -0.547861 0.349457 -0.760084
vn -0.547861 0.349457 -0.760084
vn -0.547861 0.349457 -0.760084
vn -0.547861 0.349457 -0.760084
vn -0.843091 0.537771 0.000000
vn -0.843091 0.537771 0.000000
vn -0.843091 0.537771 0.000000
vn -0.843091 0.537771 0.000000
vn -0.843091 0.537771 0.000000
vn -0.843091 0.537771 0.000000
vn 0.843091 -0.537771 0.000000
vn 0.843091 -0.537771 0.000000
vn 0.843091 -0.537771 0.000000
vn 0.843091 -0.537771 0.000000
vn 0.843091 -0.537771 0.000000
vn 0.843091 -0.537771 0.000000
vn 0.537799 0.843073 0.000000
vn 0.537799 0.843073 0.000000
vn 0.537799 0.843073 0.000000
vn 0.537799 0.843073 -0.000001
vn 0.537799 0.843073 -0.000001
vn 0.537799 0.843073 -0.000001
vn 0.537799 0.843073 0.000000
vn 0.537799 0.843073 0.000000
vn 0.537799 0.843073 0.000000
vn 0.537800 0.843072 0.000000
vn 0.537800 0.843072 0.000000
vn 0.537800 0.843072 0.000000
vn -0.635110 0.405109 0.657664
vn -0.635110 0.405109 0.657664
vn -0.635110 0.405109 0.657664
vn -0.635110 0.405109 0.657664
vn -0.635110 0.405109 0.657664
vn -0.635110 0.405109 0.657664
vn -0.843091 0.537771 0.000000
vn -0.843091 0.537771 0.000000
vn -0.843091 0.537771 0.000000
vn -0.843091 0.537771 0.000000
vn -0.843091 0.537771 0.000000
vn -0.843091 0.537771 0.000000
vn -0.843090 0.537772 0.000000
vn -0.843090 0.537772 0.000000
vn -0.843090 0.537772 0.000000
vn -0.843090 0.537772 0.000000
vn -0.843090 0.537772 0.000000
vn -0.843090 0.537772 0.000000
vn -0.725350 0.462670 0.509709
vn -0.725350 0.462670 0.509709
vn -0.725350 0.462670 0.509709
vn -0.725350 0.462670 0.509709
vn -0.725350 0.462670 0.509709
vn -0.725350 0.462670 0.509709
vn -0.843091 0.537771 0.000000
vn -0.843091 0.537771 0.000000
vn -0.843091 0.537771 0.000000
vn -0.843091 0.537771 0.000000
vn -0.843091 0.537771 0.000000
vn -0.843091 0.537771 0.000000
vn 0.843090 0.537772 0.000000
vn 0.843090 0.537772 0.000000
vn 0.843090 0.537772 0.000000
vn 0.843090 0.537772 0.000000
vn 0.843090 0.537772 0.000000
vn 0.843090 0.537772 0.000000
vn 0.843091 0.537771 0.000000
vn 0.843091 0.537771 0.000000
vn 0.843091 0.537771 0.000000
vn 0.843091 0.537771 0.000000
vn 0.843091 0.537771 0.000000
vn 0.843091 0.537771 0.000000
vn 0.000000 -1.000000 0.000000
vn 0.000000 -1.000000 0.000000
vn 0.000000 -1.000000 0.000000
vn 0.000000 -1.000000 0.000000
vn 0.000000 -1.000000 0.000000
vn 0.000000 -1.000000 0.000000
vn 0.215887 0.976418 0.000000
vn 0.215887 0.976418 0.000000
vn 0.215887 0.976418 0.000000
vn 0.215887 0.976418 0.000000
vn 0.215887 0.976418 0.000000
vn 0.215887 0.976418 0.000000
vn 0.215887 0.976418 0.000000
vn 0.215887 0.976418 0.000000
vn 0.215887 0.976418 0.000000
vn -0.766055 -0.642775 0.000000
vn -0.766055 -0.642775 0.000000
vn -0.766055 -0.642775 0.000000
vn -0.766055 -0.642775 0.000000
vn -0.766055 -0.642775 0.000000
vn -0.766055 -0.642775 0.000000
vn -0.331549 -0.519749 0.787360
vn -0.331549 -0.519749 0.787360
vn -0.331549 -0.519749 0.787360
vn -0.331548 -0.519747 0.787362
vn -0.331548 -0.519747 0.787362
vn -0.331548 -0.519747 0.787362
vn -0.331549 -0.519750 0.787360
vn -0.331549 -0.519750 0.787360
vn -0.331549 -0.519750 0.787360
vn -0.331548 -0.519749 0.787361
vn -0.331548 -0.519749 0.787361
vn -0.331548 -0.519749 0.787361
vn 0.843090 0.537773 0.000000
vn 0.843090 0.537773 0.000000
vn 0.843090 0.537773 0.000000
vn 0.222902 0.974841 0.000000
vn 0.222902 0.974841 0.000000
vn 0.222902 0.974841 0.000000
vn 0.222902 0.974841 0.000000
vn 0.222902 0.974841 0.000000
vn 0.222902 0.974841 0.000000
vn 0.000000 0.000000 0.000000
vn 0.000000 0.000000 0.000000
vn 0.000000 0.000000 0.000000
vn -0.502064 0.320246 0.803352
vn -0.502064 0.320246 0.803352
vn -0.502064 0.320246 0.803352
vn -0.502065 0.320246 0.803352
vn -0.502065 0.320246 0.803352
vn -0.502065 0.320246 0.803352
vn 0.000000 0.000000 0.000000
vn 0.000000 0.000000 0.000000
vn 0.000000 0.000000 0.000000
vn 0.000000 0.000000 0.000000
vn 0.000000 0.000000 0.000000
vn 0.000000 0.000000 0.000000
vn -0.305529 0.952183 0.000000
vn -0.305529 0.952183 0.000000
vn -0.305529 0.952183 0.000000
vn -0.305529 0.952183 0.000000
vn -0.305529 0.952183 0.000000
vn -0.305529 0.952183 0.000000
vn -0.305529 0.952183 0.000000
vn -0.305529 0.952183 0.000000
vn -0.305529 0.952183 0.000000
vn -0.305529 0.952183 0.000000
vn -0.305529 0.952183 0.000000
vn -0.305529 0.952183 0.000000
vn -0.305529 0.952183 0.000000
vn -0.305529 0.952183 0.000000
vn -0.305529 0.952183 0.000000
vn -0.843090 0.537772 0.000000
vn -0.843090 0.537772 0.000000
vn -0.843090 0.537772 0.000000
vn -0.843090 0.537772 0.000000
vn -0.843090 0.537772 0.000000
vn -0.843090 0.537772 0.000000
vn -0.843092 0.537770 0.000000
vn -0.843092 0.537770 0.000000
vn -0.843092 0.537770 0.000000
vn 0.537798 -0.843074 0.000000
vn 0.537798 -0.843074 0.000000
vn 0.537798 -0.843074 0.000000
vn 0.537798 -0.843074 0.000000
vn 0.537798 -0.843074 0.000000
vn 0.537798 -0.843074 0.000000
vn 0.537798 -0.843074 0.000000
vn 0.537798 -0.843074 0.000000
vn 0.537798 -0.843074 0.000000
vn 0.537798 -0.843074 0.000000
vn 0.537798 -0.843074 0.000000
vn 0.537798 -0.843074 0.000000
vn 0.537798 -0.843074 0.000000
vn 0.537798 -0.843074 0.000000
vn 0.537798 -0.843074 0.000000
vn 0.537798 -0.843074 0.000000
vn 0.537798 -0.843074 0.000000
vn 0.537798 -0.843074 0.000000
vn 0.537798 -0.843074 0.000000
vn 0.537798 -0.843074 0.000000
vn 0.537798 -0.843074 0.000000
vn -0.103976 0.994580 0.000000
vn -0.103976 0.994580 0.000000
vn -0.103976 0.994580 0.000000
vn -0.103976 0.994580 0.000000
vn -0.103976 0.994580 0.000000
vn -0.103976 0.994580 0.000000
vn -0.103976 0.994580 0.000000
vn -0.103976 0.994580 0.000000
vn -0.103976 0.994580 0.000000
vn -0.103976 0.994580 0.000000
vn -0.103976 0.994580 0.000000
vn -0.103976 0.994580 0.000000
vn -0.103976 0.994580 0.000000
vn -0.103976 0.994580 0.000000
vn -0.103976 0.994580 0.000000
vn -0.103977 0.994580 0.000000
vn -0.103977 0.994580 0.000000
vn -0.103977 0.994580 0.000000
vn -0.103976 0.994580 0.000000
vn -0.103976 0.994580 0.000000
vn -0.103976 0.994580 0.000000
vn -0.103976 0.994580 0.000000
vn -0.103976 0.994580 0.000000
vn -0.103976 0.994580 0.000000
vn 0.843093 0.537768 0.000000
vn 0.843093 0.537768 0.000000
vn 0.843093 0.537768 0.000000
vn -0.449983 0.287024 -0.845656
vn -0.449983 0.287024 -0.845656
vn -0.449983 0.287024 -0.845656
vn 0.449983 0.287029 -0.845653
vn 0.449983 0.287029 -0.845653
vn 0.449983 0.287029 -0.845653
vn 0.324183 -0.508201 0.797896
vn 0.324183 -0.508201 0.797896
vn 0.324183 -0.508201 0.797896
vn 0.324184 -0.508203 0.797894
vn 0.324184 -0.508203 0.797894
vn 0.324184 -0.508203 0.797894
vn 0.324184 -0.508203 0.797894
vn 0.324184 -0.508203 0.797894
vn 0.324184 -0.508203 0.797894
vn 0.324183 -0.508202 0.797895
vn 0.324183 -0.508202 0.797895
vn 0.324183 -0.508202 0.797895
vn 0.000000 0.000000 1.000000
vn 0.000000 0.000000 1.000000
vn 0.000000 0.000000 1.000000
vn 0.000000 0.000000 1.000000
vn 0.000000 0.000000 1.000000
vn 0.000000 0.000000 1.000000
vn -0.492438 0.314105 -0.811691
vn -0.492438 0.314105 -0.811691
vn -0.492438 0.314105 -0.811691
vn -0.492438 0.314105 -0.811691
vn -0.492438 0.314105 -0.811691
vn -0.492438 0.314105 -0.811691
vn -0.575529 0.367105 0.730753
vn -0.575529 0.367105 0.730753
vn -0.575529 0.367105 0.730753
vn -0.575529 0.367105 0.730753
vn -0.575529 0.367105 0.730753
vn -0.575529 0.367105 0.730753
vn -0.843091 0.537771 0.000000
vn -0.843091 0.537771 0.000000
vn -0.843091 0.537771 0.000000
vn -0.843090 0.537773 0.000000
vn -0.843090 0.537773 0.000000
vn -0.843090 0.537773 0.000000
vn -0.537798 -0.843074 -0.000000
vn -0.537798 -0.843074 -0.000000
vn -0.537798 -0.843074 -0.000000
vn -0.537798 -0.843073 -0.000002
vn -0.537798 -0.843073 -0.000002
vn -0.537798 -0.843073 -0.000002
vn -0.537798 -0.843074 0.000000
vn -0.537798 -0.843074 0.000000
vn -0.537798 -0.843074 0.000000
vn -0.537798 -0.843074 0.000000
vn -0.537798 -0.843074 0.000000
vn -0.537798 -0.843074 0.000000
vn 0.000000 0.000000 0.000000
vn 0.000000 0.000000 0.000000
vn 0.000000 0.000000 0.000000
vn 0.000000 0.000000 0.000000
vn 0.000000 0.000000 0.000000
vn 0.000000 0.000000 0.000000
vn -0.537799 -0.843073 0.000000
vn -0.537799 -0.843073 0.000000
vn -0.537799 -0.843073 0.000000
vn -0.537798 -0.843074 0.000001
vn -0.537798 -0.843074 0.000001
vn -0.537798 -0.843074 0.000001
vn -0.537798 -0.843074 0.000000
vn -0.537798 -0.843074 0.000000
vn -0.537798 -0.843074 0.000000
vn -0.537801 -0.843072 0.000000
vn -0.537801 -0.843072 0.000000
vn -0.537801 -0.843072 0.000000
vn -0.537800 -0.843073 0.000000
vn -0.537800 -0.843073 0.000000
vn -0.537800 -0.843073 0.000000
vn 0.843090 0.537772 0.000000
vn 0.843090 0.537772 0.000000
vn 0.843090 0.537772 0.000000
vn 0.843090 0.537772 0.000000
vn 0.843090 0.537772 0.000000
vn 0.843090 0.537772 0.000000
vn 0.843090 0.537772 0.000000
vn 0.843090 0.537772 0.000000
vn 0.843090 0.537772 0.000000
vn -0.261843 0.965110 0.000000
vn -0.261843 0.965110 0.000000
vn -0.261843 0.965110 0.000000
vn -0.261843 0.965110 0.000000
vn -0.261843 0.965110 0.000000
vn -0.261843 0.965110 0.000000
vn -0.261843 0.965110 0.000000
vn -0.261843 0.965110 0.000000
vn -0.261843 0.965110 0.000000
vn -0.261843 0.965110 0.000000
vn -0.261843 0.965110 0.000000
vn -0.261843 0.965110 0.000000
vn -0.261843 0.965110 0.000000
vn -0.261843 0.965110 0.000000
vn -0.261843 0.965110 0.000000
vn -0.261843 0.965110 0.000000
vn -0.261843 0.965110 0.000000
vn -0.261843 0.965110 0.000000
vn -0.261843 0.965110 0.000000
vn -0.261843 0.965110 0.000000
vn -0.261843 0.965110 0.000000
vn 0.843091 0.537771 0.000000
vn 0.843091 0.537771 0.000000
vn 0.843091 0.537771 0.000000
vn 0.843091 0.537771 0.000000
vn 0.843091 0.537771 0.000000
vn 0.843091 0.537771 0.000000
vn 0.843089 0.537774 0.000000
vn 0.843089 0.537774 0.000000
vn 0.843089 0.537774 0.000000
vn 0.000000 0.000000 1.000000
vn 0.000000 0.000000 1.000000
vn 0.000000 0.000000 1.000000
vn -0.843091 0.537771 0.000000
vn -0.843091 0.537771 0.000000
vn -0.843091 0.537771 0.000000
vn 0.458018 0.292151 -0.839564
vn 0.458018 0.292151 -0.839564
vn 0.458018 0.292151 -0.839564
vn 0.458018 0.292149 -0.839564
vn 0.458018 0.292149 -0.839564
vn 0.458018 0.292149 -0.839564
vn 0.000000 0.000000 1.000000
vn 0.000000 0.000000 1.000000
vn 0.000000 0.000000 1.000000
vn 0.000000 0.000000 1.000000
vn 0.000000 0.000000 1.000000
vn 0.000000 0.000000 1.000000
vn 0.000000 0.000000 0.000000
vn 0.000000 0.000000 0.000000
vn 0.000000 0.000000 0.000000
vn 0.000000 0.000000 1.000000
vn 0.000000 0.000000 1.000000
vn 0.000000 0.000000 1.000000
vn -0.331548 -0.519749 -0.787361
vn -0.331548 -0.519749 -0.787361
vn -0.331548 -0.519749 -0.787361
vn -0.331548 -0.519750 -0.787360
vn -0.331548 -0.519750 -0.787360
vn -0.331548 -0.519750 -0.787360
vn -0.843091 0.537771 0.000000
vn -0.843091 0.537771 0.000000
vn -0.843091 0.537771 0.000000
vn -0.843091 0.537771 0.000000
vn -0.843091 0.537771 0.000000
vn -0.843091 0.537771 0.000000
vn 0.407052 -0.638113 -0.653544
vn 0.407052 -0.638113 -0.653544
vn 0.407052 -0.638113 -0.653544
vn 0.407053 -0.638111 -0.653546
vn 0.407053 -0.638111 -0.653546
vn 0.407053 -0.638111 -0.653546
vn -0.537798 -0.843074 0.000000
vn -0.537798 -0.843074 0.000000
vn -0.537798 -0.843074 0.000000
vn -0.537798 -0.843074 -0.000000
vn -0.537798 -0.843074 -0.000000
vn -0.537798 -0.843074 -0.000000
vn -0.537798 -0.843074 0.000000
vn -0.537798 -0.843074 0.000000
vn -0.537798 -0.843074 0.000000
vn -0.537798 -0.843074 0.000000
vn -0.537798 -0.843074 0.000000
vn -0.537798 -0.843074 0.000000
vn -0.537798 -0.843074 0.000000
vn -0.537798 -0.843074 0.000000
vn -0.537798 -0.843074 0.000000
vn -0.537798 -0.843074 0.000000
vn -0.537798 -0.843074 0.000000
vn -0.537798 -0.843074 0.000000
vn -0.537798 -0.843074 0.000000
vn -0.537798 -0.843074 0.000000
vn -0.537798 -0.843074 0.000000
vn -0.537798 -0.843074 0.000000
vn -0.537798 -0.843074 0.000000
vn -0.537798 -0.843074 0.000000
vn 0.324182 0.508203 0.797895
vn 0.324182 0.508203 0.797895
vn 0.324182 0.508203 0.797895
vn 0.324183 0.508202 0.797895
vn 0.324183 0.508202 0.797895
vn 0.324183 0.508202 0.797895
vn 0.324183 0.508202 0.797895
vn 0.324183 0.508202 0.797895
vn 0.324183 0.508202 0.797895
vn 0.324183 0.508202 0.797895
vn 0.324183 0.508202 0.797895
vn 0.324183 0.508202 0.797895
vn -0.537798 -0.843074 0.000000
vn -0.537798 -0.843074 0.000000
vn -0.537798 -0.843074 0.000000
vn -0.537798 -0.843074 0.000000
vn -0.537798 -0.843074 0.000000
vn -0.537798 -0.843074 0.000000
vn -0.537799 -0.843073 -0.000004
vn -0.537799 -0.843073 -0.000004
vn -0.537799 -0.843073 -0.000004
vn 0.000000 0.000000 0.000000
vn 0.000000 0.000000 0.000000
vn 0.000000 0.000000 0.000000
vn -0.537799 -0.843073 0.000000
vn -0.537799 -0.843073 0.000000
vn -0.537799 -0.843073 0.000000
vn -0.766055 -0.642774 -0.000000
vn -0.766055 -0.642774 -0.000000
vn -0.766055 -0.642774 -0.000000
vn -0.766055 -0.642775 0.000000
vn -0.766055 -0.642775 0.000000
vn -0.766055 -0.642775 0.000000
vn -0.766055 -0.642775 0.000005
vn -0.766055 -0.642775 0.000005
vn -0.766055 -0.642775 0.000005
vn -0.766055 -0.642775 0.000000
vn -0.766055 -0.642775 0.000000
vn -0.766055 -0.642775 0.000000
vn -0.766055 -0.642775 -0.000000
vn -0.766055 -0.642775 -0.000000
vn -0.766055 -0.642775 -0.000000
vn 0.843090 0.537772 0.000000
vn 0.843090 0.537772 0.000000
vn 0.843090 0.537772 0.000000
vn -0.843091 0.537771 0.000000
vn -0.843091 0.537771 0.000000
vn -0.843091 0.537771 0.000000
vn -0.537798 -0.843074 0.000000
vn -0.537798 -0.843074 0.000000
vn -0.537798 -0.843074 0.000000
vn -0.537798 -0.843074 0.000000
vn -0.537798 -0.843074 0.000000
vn -0.537798 -0.843074 0.000000
vn -0.537798 -0.843074 0.000000
vn -0.537798 -0.843074 0.000000
vn -0.537798 -0.843074 0.000000
vn -0.537798 -0.843074 0.000000
vn -0.537798 -0.843074 0.000000
vn -0.537798 -0.843074 0.000000
vn -0.537798 -0.843074 0.000000
vn -0.537798 -0.843074 0.000000
vn -0.537798 -0.843074 0.000000
vn -0.537798 -0.843074 0.000000
vn -0.537798 -0.843074 0.000000
vn -0.537798 -0.843074 0.000000
vn 0.843090 0.537772 -0.000000
vn 0.843090 0.537772 -0.000000
vn 0.843090 0.537772 -0.000000
vn 0.843090 0.537772 -0.000000
vn 0.843090 0.537772 -0.000000
vn 0.843090 0.537772 -0.000000
vn -0.843091 0.537771 0.000000
vn -0.843091 0.537771 0.000000
vn -0.843091 0.537771 0.000000
vn -0.843091 0.537771 0.000000
vn -0.843091 0.537771 0.000000
vn -0.843091 0.537771 0.000000
vn -0.324183 -0.508202 0.797895
vn -0.324183 -0.508202 0.797895
vn -0.324183 -0.508202 0.797895
vn -0.324183 -0.508201 0.797895
vn -0.324183 -0.508201 0.797895
vn -0.324183 -0.508201 0.797895
vn -0.324183 -0.508202 0.797895
vn -0.324183 -0.508202 0.797895
vn -0.324183 -0.508202 0.797895
vn -0.324183 -0.508202 0.797895
vn -0.324183 -0.508202 0.797895
vn -0.324183 -0.508202 0.797895
vn -0.103978 0.994580 0.000000
vn -0.103978 0.994580 0.000000
vn -0.103978 0.994580 0.000000
vn -0.103978 0.994580 0.000000
vn -0.103978 0.994580 0.000000
vn -0.103978 0.994580 0.000000
vn -0.103980 0.994579 0.000001
vn -0.103980 0.994579 0.000001
vn -0.103980 0.994579 0.000001
vn -0.103976 0.994580 0.000000
vn -0.103976 0.994580 0.000000
vn -0.103976 0.994580 0.000000
vn -0.103978 0.994580 0.000000
vn -0.103978 0.994580 0.000000
vn -0.103978 0.994580 0.000000
vn -0.103978 0.994580 -0.000002
vn -0.103978 0.994580 -0.000002
vn -0.103978 0.994580 -0.000002
vn -0.103976 0.994580 0.000000
vn -0.103976 0.994580 0.000000
vn -0.103976 0.994580 0.000000
vn 0.627465 0.400234 0.667908
vn 0.627465 0.400234 0.667908
vn 0.627465 0.400234 0.667908
vn 0.627465 0.400236 0.667907
vn 0.627465 0.400236 0.667907
vn 0.627465 0.400236 0.667907
vn -0.499378 0.318532 0.805704
vn -0.499378 0.318532 0.805704
vn -0.499378 0.318532 0.805704
vn -0.499378 0.318532 0.805704
vn -0.499378 0.318532 0.805704
vn -0.499378 0.318532 0.805704
vn 0.843088 0.537776 0.000000
vn 0.843088 0.537776 0.000000
vn 0.843088 0.537776 0.000000
vn 0.843088 0.537776 0.000000
vn 0.843088 0.537776 0.000000
vn 0.843088 0.537776 0.000000
vn -0.843091 0.537771 0.000000
vn -0.843091 0.537771 0.000000
vn -0.843091 0.537771 0.000000
vn 0.843089 0.537774 0.000000
vn 0.843089 0.537774 0.000000
vn 0.843089 0.537774 0.000000
vn 0.843089 0.537774 0.000000
vn 0.843089 0.537774 0.000000
vn 0.843089 0.537774 0.000000
vn 0.579983 0.369940 0.725785
vn 0.579983 0.369940 0.725785
vn 0.579983 0.369940 0.725785
vn 0.579983 0.369940 0.725785
vn 0.579983 0.369940 0.725785
vn 0.579983 0.369940 0.725785
vn -0.331547 -0.519748 0.787362
vn -0.331547 -0.519748 0.787362
vn -0.331547 -0.519748 0.787362
vn -0.331549 -0.519750 0.787360
vn -0.331549 -0.519750 0.787360
vn -0.331549 -0.519750 0.787360
vn -0.331548 -0.519746 0.787363
vn -0.331548 -0.519746 0.787363
vn -0.331548 -0.519746 0.787363
vn -0.331548 -0.519747 0.787362
vn -0.331548 -0.519747 0.787362
vn -0.331548 -0.519747 0.787362
vn 0.843091 0.537771 0.000000
vn 0.843091 0.537771 0.000000
vn 0.843091 0.537771 0.000000
vn -0.324183 -0.508201 -0.797895
vn -0.324183 -0.508201 -0.797895
vn -0.324183 -0.508201 -0.797895
vn -0.324183 -0.508202 -0.797895
vn -0.324183 -0.508202 -0.797895
vn -0.324183 -0.508202 -0.797895
vn -0.324183 -0.508202 -0.797895
vn -0.324183 -0.508202 -0.797895
vn -0.324183 -0.508202 -0.797895
vn -0.843091 0.537771 0.000000
vn -0.843091 0.537771 0.000000
vn -0.843091 0.537771 0.000000
vn -0.843091 0.537771 0.000000
vn -0.843091 0.537771 0.000000
vn -0.843091 0.537771 0.000000
vn -0.843091 0.537771 0.000000
vn -0.843091 0.537771 0.000000
vn -0.843091 0.537771 0.000000
vn -0.537798 -0.843074 -0.000000
vn -0.537798 -0.843074 -0.000000
vn -0.537798 -0.843074 -0.000000
vn -0.537798 -0.843074 0.000005
vn -0.537798 -0.843074 0.000005
vn -0.537798 -0.843074 0.000005
vn -0.537799 -0.843073 0.000000
vn -0.537799 -0.843073 0.000000
vn -0.537799 -0.843073 0.000000
vn 0.000000 0.000000 0.000000
vn 0.000000 0.000000 0.000000
vn 0.000000 0.000000 0.000000
vn -0.537797 -0.843075 0.000000
vn -0.537797 -0.843075 0.000000
vn -0.537797 -0.843075 0.000000
vn -0.537798 -0.843074 -0.000002
vn -0.537798 -0.843074 -0.000002
vn -0.537798 -0.843074 -0.000002
vn -0.537799 -0.843073 -0.000001
vn -0.537799 -0.843073 -0.000001
vn -0.537799 -0.843073 -0.000001
vn 0.000000 0.000000 0.000000
vn 0.000000 0.000000 0.000000
vn 0.000000 0.000000 0.000000
vn -0.537794 -0.843076 0.000000
vn -0.537794 -0.843076 0.000000
vn -0.537794 -0.843076 0.000000
vn -0.537795 -0.843076 -0.000001
vn -0.537795 -0.843076 -0.000001
vn -0.537795 -0.843076 -0.000001
vn -0.052420 0.998625 0.000000
vn -0.052420 0.998625 0.000000
vn -0.052420 0.998625 0.000000
vn -0.052420 0.998625 0.000000
vn -0.052420 0.998625 0.000000
vn -0.052420 0.998625 0.000000
vn -0.843091 0.537771 0.000000
vn -0.843091 0.537771 0.000000
vn -0.843091 0.537771 0.000000
vn 0.331547 -0.519750 -0.787360
vn 0.331547 -0.519750 -0.787360
vn 0.331547 -0.519750 -0.787360
vn 0.331548 -0.519747 -0.787362
vn 0.331548 -0.519747 -0.787362
vn 0.331548 -0.519747 -0.787362
vn 0.331549 -0.519748 -0.787361
vn 0.331549 -0.519748 -0.787361
vn 0.331549 -0.519748 -0.787361
vn -0.843091 -0.537771 0.000000
vn -0.843091 -0.537771 0.000000
vn -0.843091 -0.537771 0.000000
vn -0.843091 -0.537771 0.000000
vn -0.843091 -0.537771 0.000000
vn -0.843091 -0.537771 0.000000
vn -0.843091 -0.537771 0.000000
vn -0.843091 -0.537771 0.000000
vn -0.843091 -0.537771 0.000000
vn 0.843091 0.537771 0.000000
vn 0.843091 0.537771 0.000000
vn 0.843091 0.537771 0.000000
vn 0.843091 0.537771 0.000000
vn 0.843091 0.537771 0.000000
vn 0.843091 0.537771 0.000000
vn -0.843091 0.537771 0.000000
vn -0.843091 0.537771 0.000000
vn -0.843091 0.537771 0.000000
vn -0.843091 0.537771 0.000000
vn -0.843091 0.537771 0.000000
vn -0.843091 0.537771 0.000000
vn -0.331548 -0.519748 0.787361
vn -0.331548 -0.519748 0.787361
vn -0.331548 -0.519748 0.787361
vn -0.331548 -0.519749 0.787361
vn -0.331548 -0.519749 0.787361
vn -0.331548 -0.519749 0.787361
vn -0.331548 -0.519748 0.787361
vn -0.331548 -0.519748 0.787361
vn -0.331548 -0.519748 0.787361
vn -0.331548 -0.519748 0.787361
vn -0.331548 -0.519748 0.787361
vn -0.331548 -0.519748 0.787361
vn 0.537799 -0.843073 0.000000
vn 0.537799 -0.843073 0.000000
vn 0.537799 -0.843073 0.000000
vn 0.537799 -0.843073 0.000001
vn 0.537799 -0.843073 0.000001
vn 0.537799 -0.843073 0.000001
vn 0.537800 -0.843073 -0.000001
vn 0.537800 -0.843073 -0.000001
vn 0.537800 -0.843073 -0.000001
vn 0.537799 -0.843073 0.000000
vn 0.537799 -0.843073 0.000000
vn 0.537799 -0.843073 0.000000
vn 0.537799 -0.843073 0.000000
vn 0.537799 -0.843073 0.000000
vn 0.537799 -0.843073 0.000000
vn 0.537799 -0.843073 0.000000
vn 0.537799 -0.843073 0.000000
vn 0.537799 -0.843073 0.000000
vn 0.537799 -0.843073 0.000001
vn 0.537799 -0.843073 0.000001
vn 0.537799 -0.843073 0.000001
vn 0.537798 -0.843073 -0.000001
vn 0.537798 -0.843073 -0.000001
vn 0.537798 -0.843073 -0.000001
vn 0.537798 -0.843074 0.000000
vn 0.537798 -0.843074 0.000000
vn 0.537798 -0.843074 0.000000
vn 0.537799 -0.843073 0.000000
vn 0.537799 -0.843073 0.000000
vn 0.537799 -0.843073 0.000000
vn 0.537798 -0.843074 0.000000
vn 0.537798 -0.843074 0.000000
vn 0.537798 -0.843074 0.000000
vn 0.843090 0.537772 0.000000
vn 0.843090 0.537772 0.000000
vn 0.843090 0.537772 0.000000
vn 0.000000 0.000000 0.000000
vn 0.000000 0.000000 0.000000
vn 0.000000 0.000000 0.000000
vn 0.000000 0.000000 0.000000
vn 0.000000 0.000000 0.000000
vn 0.000000 0.000000 0.000000
vn -0.243591 0.969878 0.000000
vn -0.243591 0.969878 0.000000
vn -0.243591 0.969878 0.000000
vn -0.243591 0.969878 0.000000
vn -0.243591 0.969878 0.000000
vn -0.243591 0.969878 0.000000
vn -0.243591 0.969878 0.000000
vn -0.243591 0.969878 0.000000
vn -0.243591 0.969878 0.000000
vn -0.458019 0.292148 -0.839564
vn -0.458019 0.292148 -0.839564
vn -0.458019 0.292148 -0.839564
vn -0.458019 0.292151 -0.839563
vn -0.458019 0.292151 -0.839563
vn -0.458019 0.292151 -0.839563
vn 0.000000 0.000000 0.000000
vn 0.000000 0.000000 0.000000
vn 0.000000 0.000000 0.000000
vn 0.000000 0.000000 0.000000
vn 0.000000 0.000000 0.000000
vn 0.000000 0.000000 0.000000
vn -0.362011 0.932174 -0.000001
vn -0.362011 0.932174 -0.000001
vn -0.362011 0.932174 -0.000001
vn -0.362011 0.932174 -0.000001
vn -0.362011 0.932174 -0.000001
vn -0.362011 0.932174 -0.000001
vn -0.362007 0.932176 -0.000001
vn -0.362007 0.932176 -0.000001
vn -0.362007 0.932176 -0.000001
vn -0.362011 0.932174 -0.000001
vn -0.362011 0.932174 -0.000001
vn -0.362011 0.932174 -0.000001
vn -0.362011 0.932174 -0.000001
vn -0.362011 0.932174 -0.000001
vn -0.362011 0.932174 -0.000001
vn -0.362011 0.932174 -0.000001
vn -0.362011 0.932174 -0.000001
vn -0.362011 0.932174 -0.000001
vn 0.537798 -0.843074 0.000000
vn 0.537798 -0.843074 0.000000
vn 0.537798 -0.843074 0.000000
vn 0.537798 -0.843074 0.000000
vn 0.537798 -0.843074 0.000000
vn 0.537798 -0.843074 0.000000
vn 0.537798 -0.843074 0.000000
vn 0.537798 -0.843074 0.000000
vn 0.537798 -0.843074 0.000000
vn 0.537798 -0.843074 0.000000
vn 0.537798 -0.843074 0.000000
vn 0.537798 -0.843074 0.000000
vn 0.000000 0.000000 0.000000
vn 0.000000 0.000000 0.000000
vn 0.000000 0.000000 0.000000
vn 0.215887 0.976418 0.000000
vn 0.215887 0.976418 0.000000
vn 0.215887 0.976418 0.000000
vn 0.215887 0.976418 0.000000
vn 0.215887 0.976418 0.000000
vn 0.215887 0.976418 0.000000
vn 0.215887 0.976418 0.000000
vn 0.215887 0.976418 0.000000
vn 0.215887 0.976418 0.000000
vn 0.215887 0.976418 0.000000
vn 0.215887 0.976418 0.000000
vn 0.215887 0.976418 0.000000
vn 0.000000 0.000000 1.000000
vn 0.000000 0.000000 1.000000
vn 0.000000 0.000000 1.000000
vn 0.000000 -1.000000 0.000000
vn 0.000000 -1.000000 0.000000
vn 0.000000 -1.000000 0.000000
vn 0.000000 -1.000000 0.000000
vn 0.000000 -1.000000 0.000000
vn 0.000000 -1.000000 0.000000
vn 0.608959 0.388429 0.691586
vn 0.608959 0.388429 0.691586
vn 0.608959 0.388429 0.691586
vn 0.608959 0.388429 0.691586
vn 0.608959 0.388429 0.691586
vn 0.608959 0.388429 0.691586
vn 0.843090 0.537772 0.000000
vn 0.843090 0.537772 0.000000
vn 0.843090 0.537772 0.000000
vn 0.843090 0.537772 0.000000
vn 0.843090 0.537772 0.000000
vn 0.843090 0.537772 0.000000
vn 0.215885 0.976419 0.000000
vn 0.215885 0.976419 0.000000
vn 0.215885 0.976419 0.000000
vn 0.215885 0.976419 0.000000
vn 0.215885 0.976419 0.000000
vn 0.215885 0.976419 0.000000
vn 0.215885 0.976419 0.000000
vn 0.215885 0.976419 0.000000
vn 0.215885 0.976419 0.000000
vn -0.843092 -0.537770 0.000000
vn -0.843092 -0.537770 0.000000
vn -0.843092 -0.537770 0.000000
vn -0.843092 -0.537770 0.000000
vn -0.843092 -0.537770 0.000000
vn -0.843092 -0.537770 0.000000
vn -0.843092 -0.537770 0.000000
vn -0.843092 -0.537770 0.000000
vn -0.843092 -0.537770 0.000000
vn 0.537798 -0.843074 0.000000
vn 0.537798 -0.843074 0.000000
vn 0.537798 -0.843074 0.000000
vn 0.000000 0.000000 0.000000
vn 0.000000 0.000000 0.000000
vn 0.000000 0.000000 0.000000
vn 0.537798 -0.843074 -0.000001
vn 0.537798 -0.843074 -0.000001
vn 0.537798 -0.843074 -0.000001
vn 0.537798 -0.843074 0.000000
vn 0.537798 -0.843074 0.000000
vn 0.537798 -0.843074 0.000000
vn 0.537797 -0.843074 0.000001
vn 0.537797 -0.843074 0.000001
vn 0.537797 -0.843074 0.000001
vn 0.537798 -0.843074 0.000001
vn 0.537798 -0.843074 0.000001
vn 0.537798 -0.843074 0.000001
vn 0.537800 -0.843073 -0.000001
vn 0.537800 -0.843073 -0.000001
vn 0.537800 -0.843073 -0.000001
vn 0.537798 -0.843074 0.000000
vn 0.537798 -0.843074 0.000000
vn 0.537798 -0.843074 0.000000
vn 0.537798 -0.843074 0.000000
vn 0.537798 -0.843074 0.000000
vn 0.537798 -0.843074 0.000000
vn 0.537798 -0.843074 0.000000
vn 0.537798 -0.843074 0.000000
vn 0.537798 -0.843074 0.000000
vn 0.537798 -0.843074 0.000000
vn 0.537798 -0.843074 0.000000
vn 0.537798 -0.843074 0.000000
vn 0.537801 -0.843072 0.000000
vn 0.537801 -0.843072 0.000000
vn 0.537801 -0.843072 0.000000
vn 0.537799 -0.843073 -0.000002
vn 0.537799 -0.843073 -0.000002
vn 0.537799 -0.843073 -0.000002
vn 0.537799 -0.843073 0.000001
vn 0.537799 -0.843073 0.000001
vn 0.537799 -0.843073 0.000001
vn 0.537798 -0.843074 0.000000
vn 0.537798 -0.843074 0.000000
vn 0.537798 -0.843074 0.000000
vn 0.324181 -0.508203 -0.797895
vn 0.324181 -0.508203 -0.797895
vn 0.324181 -0.508203 -0.797895
vn 0.324182 -0.508201 -0.797896
vn 0.324182 -0.508201 -0.797896
vn 0.324182 -0.508201 -0.797896
vn 0.324182 -0.508200 -0.797897
vn 0.324182 -0.508200 -0.797897
vn 0.324182 -0.508200 -0.797897
vn 0.843090 0.537772 0.000000
vn 0.843090 0.537772 0.000000
vn 0.843090 0.537772 0.000000
vn 0.843090 0.537773 0.000000
vn 0.843090 0.537773 0.000000
vn 0.843090 0.537773 0.000000
vn 0.000000 0.000000 0.000000
vn 0.000000 0.000000 0.000000
vn 0.000000 0.000000 0.000000
vn 0.000000 0.000000 0.000000
vn 0.000000 0.000000 0.000000
vn 0.000000 0.000000 0.000000
vn 0.126595 0.991955 0.000000
vn 0.126595 0.991955 0.000000
vn 0.126595 0.991955 0.000000
vn 0.126595 0.991955 0.000000
vn 0.126595 0.991955 0.000000
vn 0.126595 0.991955 0.000000
vn 0.843090 0.537772 0.000000
vn 0.843090 0.537772 0.000000
vn 0.843090 0.537772 0.000000
vn 0.843091 0.537772 0.000000
vn 0.843091 0.537772 0.000000
vn 0.843091 0.537772 0.000000
vn 1.000000 0.000000 0.000000
vn 1.000000 0.000000 0.000000
vn 1.000000 0.000000 0.000000
vn 1.000000 0.000000 0.000000
vn 1.000000 0.000000 0.000000
vn 1.000000 0.000000 0.000000
vn 0.282828 -0.443370 0.850548
vn 0.282828 -0.443370 0.850548
vn 0.282828 -0.443370 0.850548
vn 0.282828 -0.443370 0.850548
vn 0.282828 -0.443370 0.850548
vn 0.282828 -0.443370 0.850548
vn 0.324183 -0.508202 0.797895
vn 0.324183 -0.508202 0.797895
vn 0.324183 -0.508202 0.797895
vn 0.324182 -0.508202 0.797895
vn 0.324182 -0.508202 0.797895
vn 0.324182 -0.508202 0.797895
vn 0.324182 -0.508201 0.797895
vn 0.324182 -0.508201 0.797895
vn 0.324182 -0.508201 0.797895
vn 0.324183 -0.508202 0.797895
vn 0.324183 -0.508202 0.797895
vn 0.324183 -0.508202 0.797895
vn 0.000000 0.000000 1.000000
vn 0.000000 0.000000 1.000000
vn 0.000000 0.000000 1.000000
vn 0.000000 0.000000 1.000000
vn 0.000000 0.000000 1.000000
vn 0.000000 0.000000 1.000000
vn 0.000000 0.000000 1.000000
vn 0.000000 0.000000 1.000000
vn 0.000000 0.000000 1.000000
vn 0.000000 0.000000 1.000000
vn 0.000000 0.000000 1.000000
vn 0.000000 0.000000 1.000000
vn 0.843090 0.537772 0.000000
vn 0.843090 0.537772 0.000000
vn 0.843090 0.537772 0.000000
vn 0.724369 0.462042 -0.511671
vn 0.724369 0.462042 -0.511671
vn 0.724369 0.462042 -0.511671
vn 0.724368 0.462045 -0.511669
vn 0.724368 0.462045 -0.511669
vn 0.724368 0.462045 -0.511669
vn 0.354542 0.935040 0.000001
vn 0.354542 0.935040 0.000001
vn 0.354542 0.935040 0.000001
vn 0.354542 0.935040 0.000000
vn 0.354542 0.935040 0.000000
vn 0.354542 0.935040 0.000000
vn 0.354541 0.935041 0.000000
vn 0.354541 0.935041 0.000000
vn 0.354541 0.935041 0.000000
vn 0.354540 0.935041 0.000004
vn 0.354540 0.935041 0.000004
vn 0.354540 0.935041 0.000004
vn 0.354541 0.935041 0.000000
vn 0.354541 0.935041 0.000000
vn 0.354541 0.935041 0.000000
vn 0.354542 0.935040 0.000000
vn 0.354542 0.935040 0.000000
vn 0.354542 0.935040 0.000000
vn 1.000000 0.000000 0.000000
vn 1.000000 0.000000 0.000000
vn 1.000000 0.000000 0.000000
vn -0.324183 -0.508202 0.797895
vn -0.324183 -0.508202 0.797895
vn -0.324183 -0.508202 0.797895
vn -0.324183 -0.508202 0.797895
vn -0.324183 -0.508202 0.797895
vn -0.324183 -0.508202 0.797895
vn 0.324182 -0.508202 -0.797895
vn 0.324182 -0.508202 -0.797895
vn 0.324182 -0.508202 -0.797895
vn 0.324182 -0.508202 -0.797895
vn 0.324182 -0.508202 -0.797895
vn 0.324182 -0.508202 -0.797895
vn -0.324184 -0.508200 -0.797896
vn -0.324184 -0.508200 -0.797896
vn -0.324184 -0.508200 -0.797896
vn -0.324183 -0.508201 -0.797895
vn -0.324183 -0.508201 -0.797895
vn -0.324183 -0.508201 -0.797895
vn -0.324183 -0.508202 -0.797895
vn -0.324183 -0.508202 -0.797895
vn -0.324183 -0.508202 -0.797895
vn -0.563351 0.359337 -0.743984
vn -0.563351 0.359337 -0.743984
vn -0.563351 0.359337 -0.743984
vn -0.563351 0.359337 -0.743984
vn -0.563351 0.359337 -0.743984
vn -0.563351 0.359337 -0.743984
vn -0.843091 0.537771 0.000000
vn -0.843091 0.537771 0.000000
vn -0.843091 0.537771 0.000000
vn 0.000000 0.000000 1.000000
vn 0.000000 0.000000 1.000000
vn 0.000000 0.000000 1.000000
vn 0.843090 0.537772 0.000000
vn 0.843090 0.537772 0.000000
vn 0.843090 0.537772 0.000000
vn 0.843090 0.537772 0.000000
vn 0.843090 0.537772 0.000000
vn 0.843090 0.537772 0.000000
vn -0.103977 0.994580 0.000000
vn -0.103977 0.994580 0.000000
vn -0.103977 0.994580 0.000000
vn -0.103977 0.994580 0.000000
vn -0.103977 0.994580 0.000000
vn -0.103977 0.994580 0.000000
vn -0.103977 0.994580 0.000000
vn -0.103977 0.994580 0.000000
vn -0.103977 0.994580 0.000000
vn -0.103978 0.994580 0.000000
vn -0.103978 0.994580 0.000000
vn -0.103978 0.994580 0.000000
vn -0.103976 0.994580 0.000002
vn -0.103976 0.994580 0.000002
vn -0.103976 0.994580 0.000002
vn 0.440600 0.281041 0.852577
vn 0.440600 0.281041 0.852577
vn 0.440600 0.281041 0.852577
vn 0.440600 0.281042 0.852576
vn 0.440600 0.281042 0.852576
vn 0.440600 0.281042 0.852576
vn 0.608961 0.388431 0.691584
vn 0.608961 0.388431 0.691584
vn 0.608961 0.388431 0.691584
vn 0.608961 0.388427 0.691586
vn 0.608961 0.388427 0.691586
vn 0.608961 0.388427 0.691586
vn 0.537799 -0.843073 0.000000
vn 0.537799 -0.843073 0.000000
vn 0.537799 -0.843073 0.000000
vn 0.537799 -0.843073 0.000000
vn 0.537799 -0.843073 0.000000
vn 0.537799 -0.843073 0.000000
vn 0.537798 -0.843074 -0.000000
vn 0.537798 -0.843074 -0.000000
vn 0.537798 -0.843074 -0.000000
vn 0.537797 -0.843075 0.000000
vn 0.537797 -0.843075 0.000000
vn 0.537797 -0.843075 0.000000
vn 0.843090 0.537772 -0.000009
vn 0.843090 0.537772 -0.000009
vn 0.843090 0.537772 -0.000009
vn 0.843098 0.537761 0.000017
vn 0.843098 0.537761 0.000017
vn 0.843098 0.537761 0.000017
vn -0.222904 0.974840 0.000000
vn -0.222904 0.974840 0.000000
vn -0.222904 0.974840 0.000000
vn -0.222903 0.974841 0.000000
vn -0.222903 0.974841 0.000000
vn -0.222903 0.974841 0.000000
vn -0.222903 0.974841 0.000000
vn -0.222903 0.974841 0.000000
vn -0.222903 0.974841 0.000000
vn 0.843095 0.537765 0.000000
vn 0.843095 0.537765 0.000000
vn 0.843095 0.537765 0.000000
vn -0.843091 0.537771 0.000000
vn -0.843091 0.537771 0.000000
vn -0.843091 0.537771 0.000000
vn 0.000000 0.000000 1.000000
vn 0.000000 0.000000 1.000000
vn 0.000000 0.000000 1.000000
vn 0.843092 0.537770 0.000000
vn 0.843092 0.537770 0.000000
vn 0.843092 0.537770 0.000000
vn 0.843092 0.537770 0.000000
vn 0.843092 0.537770 0.000000
vn 0.843092 0.537770 0.000000
vn 0.563351 0.359338 -0.743983
vn 0.563351 0.359338 -0.743983
vn 0.563351 0.359338 -0.743983
vn 0.563351 0.359338 -0.743983
vn 0.563351 0.359338 -0.743983
vn 0.563351 0.359338 -0.743983
vn -0.261843 0.965110 0.000000
vn -0.261843 0.965110 0.000000
vn -0.261843 0.965110 0.000000
vn -0.261843 0.965110 0.000000
vn -0.261843 0.965110 0.000000
vn -0.261843 0.965110 0.000000
vn -0.261843 0.965110 0.000000
vn -0.261843 0.965110 0.000000
vn -0.261843 0.965110 0.000000
vn -0.261843 0.965110 0.000000
vn -0.261843 0.965110 0.000000
vn -0.261843 0.965110 0.000000
vn -0.261843 0.965110 0.000000
vn -0.261843 0.965110 0.000000
vn -0.261843 0.965110 0.000000
vn -0.261843 0.965110 0.000000
vn -0.261843 0.965110 0.000000
vn -0.261843 0.965110 0.000000
vn 0.492439 0.314106 -0.811690
vn 0.492439 0.314106 -0.811690
vn 0.492439 0.314106 -0.811690
vn 0.492439 0.314103 -0.811692
vn 0.492439 0.314103 -0.811692
vn 0.492439 0.314103 -0.811692
vn 0.843090 0.537772 0.000000
vn 0.843090 0.537772 0.000000
vn 0.843090 0.537772 0.000000
vn 0.843090 0.537773 0.000000
vn 0.843090 0.537773 0.000000
vn 0.843090 0.537773 0.000000
vn 0.000000 0.000000 1.000000
vn 0.000000 0.000000 1.000000
vn 0.000000 0.000000 1.000000
vn 0.541555 0.345434 -0.766416
vn 0.541555 0.345434 -0.766416
vn 0.541555 0.345434 -0.766416
vn 0.541555 0.345436 -0.766416
vn 0.541555 0.345436 -0.766416
vn 0.541555 0.345436 -0.766416
vn 0.843093 0.537768 0.000000
vn 0.843093 0.537768 0.000000
vn 0.843093 0.537768 0.000000
vn 0.843090 0.537772 0.000000
vn 0.843090 0.537772 0.000000
vn 0.843090 0.537772 0.000000
vn 0.843090 0.537772 0.000000
vn 0.843090 0.537772 0.000000
vn 0.843090 0.537772 0.000000
vn 0.843090 0.537772 0.000000
vn 0.843090 0.537772 0.000000
vn 0.843090 0.537772 0.000000
vn 0.000000 0.000000 1.000000
vn 0.000000 0.000000 1.000000
vn 0.000000 0.000000 1.000000
vn 0.000000 0.000000 1.000000
vn 0.000000 0.000000 1.000000
vn 0.000000 0.000000 1.000000
vn -0.354541 0.935041 0.000000
vn -0.354541 0.935041 0.000000
vn -0.354541 0.935041 0.000000
vn -0.354541 0.935041 0.000000
vn -0.354541 0.935041 0.000000
vn -0.354541 0.935041 0.000000
vn -0.354543 0.935040 0.000000
vn -0.354543 0.935040 0.000000
vn -0.354543 0.935040 0.000000
vn -0.354543 0.935040 0.000000
vn -0.354543 0.935040 0.000000
vn -0.354543 0.935040 0.000000
vn -0.354542 0.935040 -0.000001
vn -0.354542 0.935040 -0.000001
vn -0.354542 0.935040 -0.000001
vn -0.354540 0.935041 0.000002
vn -0.354540 0.935041 0.000002
vn -0.354540 0.935041 0.000002
vn -0.354542 0.935040 -0.000001
vn -0.354542 0.935040 -0.000001
vn -0.354542 0.935040 -0.000001
vn -0.354541 0.935041 0.000000
vn -0.354541 0.935041 0.000000
vn -0.354541 0.935041 0.000000
vn -0.354543 0.935040 0.000000
vn -0.354543 0.935040 0.000000
vn -0.354543 0.935040 0.000000
vn 0.299946 -0.470208 -0.830022
vn 0.299946 -0.470208 -0.830022
vn 0.299946 -0.470208 -0.830022
vn 0.299946 -0.470208 -0.830022
vn 0.299946 -0.470208 -0.830022
vn 0.299946 -0.470208 -0.830022
vn 0.299946 -0.470208 -0.830022
vn 0.299946 -0.470208 -0.830022
vn 0.299946 -0.470208 -0.830022
vn -0.843090 0.537773 0.000000
vn -0.843090 0.537773 0.000000
vn -0.843090 0.537773 0.000000
vn 0.843090 0.537772 0.000000
vn 0.843090 0.537772 0.000000
vn 0.843090 0.537772 0.000000
vn 0.843090 0.537772 0.000000
vn 0.843090 0.537772 0.000000
vn 0.843090 0.537772 0.000000
vn 0.537798 -0.843074 0.000000
vn 0.537798 -0.843074 0.000000
vn 0.537798 -0.843074 0.000000
vn 0.537799 -0.843073 0.000000
vn 0.537799 -0.843073 0.000000
vn 0.537799 -0.843073 0.000000
vn 0.537798 -0.843073 -0.000000
vn 0.537798 -0.843073 -0.000000
vn 0.537798 -0.843073 -0.000000
vn 0.537799 -0.843073 0.000000
vn 0.537799 -0.843073 0.000000
vn 0.537799 -0.843073 0.000000
vn 0.537798 -0.843074 -0.000001
vn 0.537798 -0.843074 -0.000001
vn 0.537798 -0.843074 -0.000001
vn 0.537798 -0.843074 0.000000
vn 0.537798 -0.843074 0.000000
vn 0.537798 -0.843074 0.000000
vn 0.537799 -0.843073 -0.000001
vn 0.537799 -0.843073 -0.000001
vn 0.537799 -0.843073 -0.000001
vn 0.537801 -0.843072 0.000000
vn 0.537801 -0.843072 0.000000
vn 0.537801 -0.843072 0.000000
vn -0.103974 0.994580 0.000000
vn -0.103974 0.994580 0.000000
vn -0.103974 0.994580 0.000000
vn -0.103974 0.994580 0.000000
vn -0.103974 0.994580 0.000000
vn -0.103974 0.994580 0.000000
vn -0.103974 0.994580 0.000000
vn -0.103974 0.994580 0.000000
vn -0.103974 0.994580 0.000000
vn -0.103974 0.994580 0.000000
vn -0.103974 0.994580 0.000000
vn -0.103974 0.994580 0.000000
vn 0.843090 0.537772 0.000000
vn 0.843090 0.537772 0.000000
vn 0.843090 0.537772 0.000000
vn 0.843090 0.537772 0.000000
vn 0.843090 0.537772 0.000000
vn 0.843090 0.537772 0.000000
vn 0.843090 0.537772 0.000000
vn 0.843090 0.537772 0.000000
vn 0.843090 0.537772 0.000000
vn 0.843090 0.537772 0.000000
vn 0.843090 0.537772 0.000000
vn 0.843090 0.537772 0.000000
vn 0.843088 0.537776 0.000000
vn 0.843088 0.537776 0.000000
vn 0.843088 0.537776 0.000000
vn 0.843088 0.537776 0.000000
vn 0.843088 0.537776 0.000000
vn 0.843088 0.537776 0.000000
vn -0.103973 0.994580 0.000000
vn -0.103973 0.994580 0.000000
vn -0.103973 0.994580 0.000000
vn -0.103973 0.994580 0.000000
vn -0.103973 0.994580 0.000000
vn -0.103973 0.994580 0.000000
vn 0.843090 0.537772 0.000000
vn 0.843090 0.537772 0.000000
vn 0.843090 0.537772 0.000000
vn 0.000000 0.000000 0.000000
vn 0.000000 0.000000 0.000000
vn 0.000000 0.000000 0.000000
vn 0.537798 -0.843074 -0.000001
vn 0.537798 -0.843074 -0.000001
vn 0.537798 -0.843074 -0.000001
vn 0.537798 -0.843073 -0.000000
vn 0.537798 -0.843073 -0.000000
vn 0.537798 -0.843073 -0.000000
vn 0.537798 -0.843074 0.000000
vn 0.537798 -0.843074 0.000000
vn 0.537798 -0.843074 0.000000
vn 0.537798 -0.843073 -0.000000
vn 0.537798 -0.843073 -0.000000
vn 0.537798 -0.843073 -0.000000
vn 0.537798 -0.843074 -0.000001
vn 0.537798 -0.843074 -0.000001
vn 0.537798 -0.843074 -0.000001
vn 0.537798 -0.843073 -0.000001
vn 0.537798 -0.843073 -0.000001
vn 0.537798 -0.843073 -0.000001
vn 0.000000 0.000000 0.000000
vn 0.000000 0.000000 0.000000
vn 0.000000 0.000000 0.000000
vn -0.261844 0.965110 0.000000
vn -0.261844 0.965110 0.000000
vn -0.261844 0.965110 0.000000
vn -0.261844 0.965110 0.000000
vn -0.261844 0.965110 0.000000
vn -0.261844 0.965110 0.000000
vn -0.261844 0.965110 0.000000
vn -0.261844 0.965110 0.000000
vn -0.261844 0.965110 0.000000
vn -0.261844 0.965110 0.000000
vn -0.261844 0.965110 0.000000
vn -0.261844 0.965110 0.000000
vn -0.261844 0.965110 0.000000
vn -0.261844 0.965110 0.000000
vn -0.261844 0.965110 0.000000
vn -0.261844 0.965110 0.000000
vn -0.261844 0.965110 0.000000
vn -0.261844 0.965110 0.000000
vn 0.843090 0.537772 0.000000
vn 0.843090 0.537772 0.000000
vn 0.843090 0.537772 0.000000
vn 0.843090 0.537772 -0.000000
vn 0.843090 0.537772 -0.000000
vn 0.843090 0.537772 -0.000000
vn -0.627466 0.400234 0.667907
vn -0.627466 0.400234 0.667907
vn -0.627466 0.400234 0.667907
vn -0.627466 0.400234 0.667907
vn -0.627466 0.400234 0.667907
vn -0.627466 0.400234 0.667907
vn 0.579982 0.369946 0.725783
vn 0.579982 0.369946 0.725783
vn 0.579982 0.369946 0.725783
vn 0.579983 0.369940 0.725785
vn 0.579983 0.369940 0.725785
vn 0.579983 0.369940 0.725785
vn 0.843090 0.537772 0.000000
vn 0.843090 0.537772 0.000000
vn 0.843090 0.537772 0.000000
vn 0.843090 0.537772 0.000000
vn 0.843090 0.537772 0.000000
vn 0.843090 0.537772 0.000000
vn 0.843090 0.537772 0.000000
vn 0.843090 0.537772 0.000000
vn 0.843090 0.537772 0.000000
vn 0.843090 0.537772 0.000000
vn 0.843090 0.537772 0.000000
vn 0.843090 0.537772 0.000000
vn 0.843090 0.537772 0.000000
vn 0.843090 0.537772 0.000000
vn 0.843090 0.537772 0.000000
vn 0.843090 0.537772 0.000000
vn 0.843090 0.537772 0.000000
vn 0.843090 0.537772 0.000000
vn 0.843091 0.537771 0.000000
vn 0.843091 0.537771 0.000000
vn 0.843091 0.537771 0.000000
vn 0.843091 0.537771 0.000000
vn 0.843091 0.537771 0.000000
vn 0.843091 0.537771 0.000000
vn 0.156670 0.099933 -0.982582
vn 0.156670 0.099933 -0.982582
vn 0.156670 0.099933 -0.982582
vn 0.156670 0.099933 -0.982582
vn 0.156670 0.099933 -0.982582
vn 0.156670 0.099933 -0.982582
vn 0.324183 -0.508202 0.797894
vn 0.324183 -0.508202 0.797894
vn 0.324183 -0.508202 0.797894
vn 0.324183 -0.508201 0.797895
vn 0.324183 -0.508201 0.797895
vn 0.324183 -0.508201 0.797895
vn 0.000000 0.000000 1.000000
vn 0.000000 0.000000 1.000000
vn 0.000000 0.000000 1.000000
vn 0.000000 0.000000 1.000000
vn 0.000000 0.000000 1.000000
vn 0.000000 0.000000 1.000000
vn -0.843091 0.537771 0.000000
vn -0.843091 0.537771 0.000000
vn -0.843091 0.537771 0.000000
vn 0.324183 -0.508202 0.797895
vn 0.324183 -0.508202 0.797895
vn 0.324183 -0.508202 0.797895
vn 0.324183 -0.508201 0.797895
vn 0.324183 -0.508201 0.797895
vn 0.324183 -0.508201 0.797895
vn 0.000000 0.000000 1.000000
vn 0.000000 0.000000 1.000000
vn 0.000000 0.000000 1.000000
vn 0.619852 0.395377 0.677836
vn 0.619852 0.395377 0.677836
vn 0.619852 0.395377 0.677836
vn 0.619852 0.395377 0.677836
vn 0.619852 0.395377 0.677836
vn 0.619852 0.395377 0.677836
vn 0.843090 0.537772 0.000000
vn 0.843090 0.537772 0.000000
vn 0.843090 0.537772 0.000000
vn 0.843090 0.537772 0.000000
vn 0.843090 0.537772 0.000000
vn 0.843090 0.537772 0.000000
vn 0.843093 0.537768 0.000000
vn 0.843093 0.537768 0.000000
vn 0.843093 0.537768 0.000000
vn 0.537798 -0.843074 0.000000
vn 0.537798 -0.843074 0.000000
vn 0.537798 -0.843074 0.000000
vn 0.537798 -0.843074 0.000000
vn 0.537798 -0.843074 0.000000
vn 0.537798 -0.843074 0.000000
vn 0.537798 -0.843074 0.000000
vn 0.537798 -0.843074 0.000000
vn 0.537798 -0.843074 0.000000
vn 0.537798 -0.843074 -0.000001
vn 0.537798 -0.843074 -0.000001
vn 0.537798 -0.843074 -0.000001
vn 0.537825 -0.843056 0.000010
vn 0.537825 -0.843056 0.000010
vn 0.537825 -0.843056 0.000010
vn 0.537798 -0.843074 0.000002
vn 0.537798 -0.843074 0.000002
vn 0.537798 -0.843074 0.000002
vn 0.537801 -0.843072 0.000000
vn 0.537801 -0.843072 0.000000
vn 0.537801 -0.843072 0.000000
vn 0.537802 -0.843071 0.000000
vn 0.537802 -0.843071 0.000000
vn 0.537802 -0.843071 0.000000
vn -0.537798 0.843074 0.000000
vn -0.537798 0.843074 0.000000
vn -0.537798 0.843074 0.000000
vn -0.537798 0.843074 0.000000
vn -0.537798 0.843074 0.000000
vn -0.537798 0.843074 0.000000
vn 0.724368 0.462044 0.511671
vn 0.724368 0.462044 0.511671
vn 0.724368 0.462044 0.511671
vn 0.724368 0.462046 0.511669
vn 0.724368 0.462046 0.511669
vn 0.724368 0.462046 0.511669
vn 0.843090 0.537772 0.000000
vn 0.843090 0.537772 0.000000
vn 0.843090 0.537772 0.000000
vn 0.324183 -0.508202 0.797895
vn 0.324183 -0.508202 0.797895
vn 0.324183 -0.508202 0.797895
vn 0.324183 -0.508202 0.797895
vn 0.324183 -0.508202 0.797895
vn 0.324183 -0.508202 0.797895
vn 0.324183 -0.508202 0.797895
vn 0.324183 -0.508202 0.797895
vn 0.324183 -0.508202 0.797895
vn 0.324183 -0.508202 0.797895
vn 0.324183 -0.508202 0.797895
vn 0.324183 -0.508202 0.797895
vn 0.407052 -0.638112 -0.653546
vn 0.407052 -0.638112 -0.653546
vn 0.407052 -0.638112 -0.653546
vn 0.407053 -0.638108 -0.653549
vn 0.407053 -0.638108 -0.653549
vn 0.407053 -0.638108 -0.653549
vn 0.331549 -0.519749 0.787360
vn 0.331549 -0.519749 0.787360
vn 0.331549 -0.519749 0.787360
vn 0.331548 -0.519745 0.787364
vn 0.331548 -0.519745 0.787364
vn 0.331548 -0.519745 0.787364
vn 0.331548 -0.519747 0.787362
vn 0.331548 -0.519747 0.787362
vn 0.331548 -0.519747 0.787362
vn 0.331547 -0.519747 0.787363
vn 0.331547 -0.519747 0.787363
vn 0.331547 -0.519747 0.787363
vn 0.843090 0.537772 0.000000
vn 0.843090 0.537772 0.000000
vn 0.843090 0.537772 0.000000
vn 0.843091 0.537771 0.000000
vn 0.843091 0.537771 0.000000
vn 0.843091 0.537771 0.000000
vn 0.843091 0.537771 0.000000
vn 0.843091 0.537771 0.000000
vn 0.843091 0.537771 0.000000
vn 0.537798 -0.843074 0.000000
vn 0.537798 -0.843074 0.000000
vn 0.537798 -0.843074 0.000000
vn 0.537798 -0.843074 0.000000
vn 0.537798 -0.843074 0.000000
vn 0.537798 -0.843074 0.000000
vn 0.843090 0.537772 0.000000
vn 0.843090 0.537772 0.000000
vn 0.843090 0.537772 0.000000
vn 0.000000 0.000000 0.000000
vn 0.000000 0.000000 0.000000
vn 0.000000 0.000000 0.000000
vn -0.278052 0.960566 0.000000
vn -0.278052 0.960566 0.000000
vn -0.278052 0.960566 0.000000
vn -0.278052 0.960566 0.000000
vn -0.278052 0.960566 0.000000
vn -0.278052 0.960566 0.000000
vn -0.278052 0.960566 0.000000
vn -0.278052 0.960566 0.000000
vn -0.278052 0.960566 0.000000
vn 0.331549 -0.519748 0.787361
vn 0.331549 -0.519748 0.787361
vn 0.331549 -0.519748 0.787361
vn 0.331548 -0.519747 0.787362
vn 0.331548 -0.519747 0.787362
vn 0.331548 -0.519747 0.787362
vn 0.331549 -0.519748 0.787361
vn 0.331549 -0.519748 0.787361
vn 0.331549 -0.519748 0.787361
vn 0.331549 -0.519749 0.787361
vn 0.331549 -0.519749 0.787361
vn 0.331549 -0.519749 0.787361
vn 0.000000 0.000000 0.000000
vn 0.000000 0.000000 0.000000
vn 0.000000 0.000000 0.000000
vn 0.000000 0.000000 0.000000
vn 0.000000 0.000000 0.000000
vn 0.000000 0.000000 0.000000
vn -0.317263 0.948338 -0.000000
vn -0.317263 0.948338 -0.000000
vn -0.317263 0.948338 -0.000000
vn -0.317261 0.948338 0.000000
vn -0.317261 0.948338 0.000000
vn -0.317261 0.948338 0.000000
vn -0.317261 0.948338 0.000000
vn -0.317261 0.948338 0.000000
vn -0.317261 0.948338 0.000000
vn -0.317263 0.948338 -0.000000
vn -0.317263 0.948338 -0.000000
vn -0.317263 0.948338 -0.000000
vn -0.317263 0.948338 -0.000000
vn -0.317263 0.948338 -0.000000
vn -0.317263 0.948338 -0.000000
vn -0.222904 0.974840 0.000000
vn -0.222904 0.974840 0.000000
vn -0.222904 0.974840 0.000000
vn 0.000000 0.000000 0.000000
vn 0.000000 0.000000 0.000000
vn 0.000000 0.000000 0.000000
vn 0.000000 0.000000 0.000000
vn 0.000000 0.000000 0.000000
vn 0.000000 0.000000 0.000000
vn -0.222904 0.974840 0.000000
vn -0.222904 0.974840 0.000000
vn -0.222904 0.974840 0.000000
vn -0.222904 0.974840 0.000000
vn -0.222904 0.974840 0.000000
vn -0.222904 0.974840 0.000000
vn 0.843082 0.537785 0.000000
vn 0.843082 0.537785 0.000000
vn 0.843082 0.537785 0.000000
vn 0.843091 0.537770 -0.000003
vn 0.843091 0.537770 -0.000003
vn 0.843091 0.537770 -0.000003
vn 0.843090 0.537772 0.000000
vn 0.843090 0.537772 0.000000
vn 0.843090 0.537772 0.000000
vn 0.843090 0.537772 0.000000
vn 0.843090 0.537772 0.000000
vn 0.843090 0.537772 0.000000
vn 0.000000 0.000000 0.000000
vn 0.000000 0.000000 0.000000
vn 0.000000 0.000000 0.000000
vn 0.000000 0.000000 0.000000
vn 0.000000 0.000000 0.000000
vn 0.000000 0.000000 0.000000
vn -0.362012 0.932173 0.000000
vn -0.362012 0.932173 0.000000
vn -0.362012 0.932173 0.000000
vn -0.362011 0.932174 0.000001
vn -0.362011 0.932174 0.000001
vn -0.362011 0.932174 0.000001
vn -0.362009 0.932175 -0.000001
vn -0.362009 0.932175 -0.000001
vn -0.362009 0.932175 -0.000001
vn -0.362011 0.932174 -0.000001
vn -0.362011 0.932174 -0.000001
vn -0.362011 0.932174 -0.000001
vn -0.362011 0.932174 -0.000001
vn -0.362011 0.932174 -0.000001
vn -0.362011 0.932174 -0.000001
vn -0.362011 0.932174 -0.000001
vn -0.362011 0.932174 -0.000001
vn -0.362011 0.932174 -0.000001
vn 0.000000 0.000000 1.000000
vn 0.000000 0.000000 1.000000
vn 0.000000 0.000000 1.000000
vn 0.843091 0.537772 0.000000
vn 0.843091 0.537772 0.000000
vn 0.843091 0.537772 0.000000
vn 0.843091 0.537772 0.000000
vn 0.843091 0.537772 0.000000
vn 0.843091 0.537772 0.000000
vn 0.637168 0.406423 -0.654857
vn 0.637168 0.406423 -0.654857
vn 0.637168 0.406423 -0.654857
vn 0.637168 0.406423 -0.654857
vn 0.637168 0.406423 -0.654857
vn 0.637168 0.406423 -0.654857
vn 0.843090 0.537772 -0.000000
vn 0.843090 0.537772 -0.000000
vn 0.843090 0.537772 -0.000000
vn 0.000000 0.000000 1.000000
vn 0.000000 0.000000 1.000000
vn 0.000000 0.000000 1.000000
vn 0.843090 0.537772 0.000000
vn 0.843090 0.537772 0.000000
vn 0.843090 0.537772 0.000000
vn 0.843090 0.537772 0.000000
vn 0.843090 0.537772 0.000000
vn 0.843090 0.537772 0.000000
vn -0.547529 0.349245 -0.760421
vn -0.547529 0.349245 -0.760421
vn -0.547529 0.349245 -0.760421
vn -0.547529 0.349245 -0.760421
vn -0.547529 0.349245 -0.760421
vn -0.547529 0.349245 -0.760421
vn -0.324181 -0.508203 0.797895
vn -0.324181 -0.508203 0.797895
vn -0.324181 -0.508203 0.797895
vn -0.324183 -0.508202 0.797895
vn -0.324183 -0.508202 0.797895
vn -0.324183 -0.508202 0.797895
vn -0.324183 -0.508200 0.797896
vn -0.324183 -0.508200 0.797896
vn -0.324183 -0.508200 0.797896
vn -0.324183 -0.508202 0.797895
vn -0.324183 -0.508202 0.797895
vn -0.324183 -0.508202 0.797895
vn 0.766056 0.642774 0.000000
vn 0.766056 0.642774 0.000000
vn 0.766056 0.642774 0.000000
vn 0.766056 0.642774 0.000000
vn 0.766056 0.642774 0.000000
vn 0.766056 0.642774 0.000000
vn -0.843090 0.537773 0.000000
vn -0.843090 0.537773 0.000000
vn -0.843090 0.537773 0.000000
vn -0.843090 0.537773 0.000000
vn -0.843090 0.537773 0.000000
vn -0.843090 0.537773 0.000000
vn 0.255630 -0.400735 -0.879810
vn 0.255630 -0.400735 -0.879810
vn 0.255630 -0.400735 -0.879810
vn 0.255630 -0.400735 -0.879810
vn 0.255630 -0.400735 -0.879810
vn 0.255630 -0.400735 -0.879810
vn 0.255630 -0.400735 -0.879810
vn 0.255630 -0.400735 -0.879810
vn 0.255630 -0.400735 -0.879810
vn -0.331548 -0.519747 0.787362
vn -0.331548 -0.519747 0.787362
vn -0.331548 -0.519747 0.787362
vn -0.331548 -0.519747 0.787362
vn -0.331548 -0.519747 0.787362
vn -0.331548 -0.519747 0.787362
vn -0.331548 -0.519747 0.787362
vn -0.331548 -0.519747 0.787362
vn -0.331548 -0.519747 0.787362
vn -0.331548 -0.519747 0.787362
vn -0.331548 -0.519747 0.787362
vn -0.331548 -0.519747 0.787362
vn -0.537798 -0.843074 0.000000
vn -0.537798 -0.843074 0.000000
vn -0.537798 -0.843074 0.000000
vn -0.537798 -0.843074 -0.000000
vn -0.537798 -0.843074 -0.000000
vn -0.537798 -0.843074 -0.000000
vn -0.537798 -0.843074 0.000000
vn -0.537798 -0.843074 0.000000
vn -0.537798 -0.843074 0.000000
vn -0.537798 -0.843074 0.000000
vn -0.537798 -0.843074 0.000000
vn -0.537798 -0.843074 0.000000
vn -0.843090 0.537772 0.000000
vn -0.843090 0.537772 0.000000
vn -0.843090 0.537772 0.000000
vn -0.843090 0.537772 0.000000
vn -0.843090 0.537772 0.000000
vn -0.843090 0.537772 0.000000
vn 0.843102 0.537753 0.000000
vn 0.843102 0.537753 0.000000
vn 0.843102 0.537753 0.000000
vn 0.843093 0.537768 -0.000001
vn 0.843093 0.537768 -0.000001
vn 0.843093 0.537768 -0.000001
vn 0.843102 0.537753 0.000029
vn 0.843102 0.537753 0.000029
vn 0.843102 0.537753 0.000029
vn 0.843090 0.537772 0.000000
vn 0.843090 0.537772 0.000000
vn 0.843090 0.537772 0.000000
vn 0.000000 0.000000 1.000000
vn 0.000000 0.000000 1.000000
vn 0.000000 0.000000 1.000000
vn 0.000000 0.000000 1.000000
vn 0.000000 0.000000 1.000000
vn 0.000000 0.000000 1.000000
vn 0.000000 0.000000 1.000000
vn 0.000000 0.000000 1.000000
vn 0.000000 0.000000 1.000000
vn 0.000000 0.000000 1.000000
vn 0.000000 0.000000 1.000000
vn 0.000000 0.000000 1.000000
vn 0.000000 0.000000 1.000000
vn 0.000000 0.000000 1.000000
vn 0.000000 0.000000 1.000000
vn -0.458018 0.292150 -0.839564
vn -0.458018 0.292150 -0.839564
vn -0.458018 0.292150 -0.839564
vn -0.458018 0.292150 -0.839564
vn -0.458018 0.292150 -0.839564
vn -0.458018 0.292150 -0.839564
vn 0.103975 0.994580 0.000001
vn 0.103975 0.994580 0.000001
vn 0.103975 0.994580 0.000001
vn 0.103975 0.994580 0.000001
vn 0.103975 0.994580 0.000001
vn 0.103975 0.994580 0.000001
vn 0.103975 0.994580 0.000001
vn 0.103975 0.994580 0.000001
vn 0.103975 0.994580 0.000001
vn 0.103975 0.994580 -0.000001
vn 0.103975 0.994580 -0.000001
vn 0.103975 0.994580 -0.000001
vn 0.000000 0.000000 0.000000
vn 0.000000 0.000000 0.000000
vn 0.000000 0.000000 0.000000
vn 0.103975 0.994580 0.000001
vn 0.103975 0.994580 0.000001
vn 0.103975 0.994580 0.000001
vn 0.103975 0.994580 -0.000001
vn 0.103975 0.994580 -0.000001
vn 0.103975 0.994580 -0.000001
vn 0.103976 0.994580 0.000000
vn 0.103976 0.994580 0.000000
vn 0.103976 0.994580 0.000000
vn 0.103976 0.994580 0.000000
vn 0.103976 0.994580 0.000000
vn 0.103976 0.994580 0.000000
vn 0.000000 0.000000 0.000000
vn 0.000000 0.000000 0.000000
vn 0.000000 0.000000 0.000000
vn -0.331548 -0.519748 -0.787362
vn -0.331548 -0.519748 -0.787362
vn -0.331548 -0.519748 -0.787362
vn -0.331548 -0.519748 -0.787362
vn -0.331548 -0.519748 -0.787362
vn -0.331548 -0.519748 -0.787362
vn -0.331548 -0.519748 -0.787361
vn -0.331548 -0.519748 -0.787361
vn -0.331548 -0.519748 -0.787361
vn -0.324183 -0.508202 -0.797895
vn -0.324183 -0.508202 -0.797895
vn -0.324183 -0.508202 -0.797895
vn -0.324183 -0.508202 -0.797895
vn -0.324183 -0.508202 -0.797895
vn -0.324183 -0.508202 -0.797895
vn -0.324183 -0.508202 -0.797895
vn -0.324183 -0.508202 -0.797895
vn -0.324183 -0.508202 -0.797895
vn 0.199882 0.127496 -0.971490
vn 0.199882 0.127496 -0.971490
vn 0.199882 0.127496 -0.971490
vn 0.199882 0.127496 -0.971490
vn 0.199882 0.127496 -0.971490
vn 0.199882 0.127496 -0.971490
vn 0.843092 0.537770 0.000000
vn 0.843092 0.537770 0.000000
vn 0.843092 0.537770 0.000000
vn 0.843092 0.537770 0.000000
vn 0.843092 0.537770 0.000000
vn 0.843092 0.537770 0.000000
vn -1.000000 0.000000 0.000000
vn -1.000000 0.000000 0.000000
vn -1.000000 0.000000 0.000000
vn -1.000000 0.000000 0.000000
vn -1.000000 0.000000 0.000000
vn -1.000000 0.000000 0.000000
vn 0.843090 0.537772 0.000000
vn 0.843090 0.537772 0.000000
vn 0.843090 0.537772 0.000000
vn 0.843090 0.537772 0.000000
vn 0.843090 0.537772 0.000000
vn 0.843090 0.537772 0.000000
vn -0.324181 -0.508206 -0.797893
vn -0.324181 -0.508206 -0.797893
vn -0.324181 -0.508206 -0.797893
vn -0.324182 -0.508202 -0.797895
vn -0.324182 -0.508202 -0.797895
vn -0.324182 -0.508202 -0.797895
vn -0.324182 -0.508202 -0.797895
vn -0.324182 -0.508202 -0.797895
vn -0.324182 -0.508202 -0.797895
vn -0.843091 0.537771 0.000000
vn -0.843091 0.537771 0.000000
vn -0.843091 0.537771 0.000000
vn 0.331550 -0.519746 -0.787362
vn 0.331550 -0.519746 -0.787362
vn 0.331550 -0.519746 -0.787362
vn 0.331548 -0.519749 -0.787361
vn 0.331548 -0.519749 -0.787361
vn 0.331548 -0.519749 -0.787361
vn 0.331548 -0.519748 -0.787361
vn 0.331548 -0.519748 -0.787361
vn 0.331548 -0.519748 -0.787361
vn -0.472206 0.301200 -0.828432
vn -0.472206 0.301200 -0.828432
vn -0.472206 0.301200 -0.828432
vn -0.843090 0.537772 0.000000
vn -0.843090 0.537772 0.000000
vn -0.843090 0.537772 0.000000
vn -0.843091 0.537771 0.000000
vn -0.843091 0.537771 0.000000
vn -0.843091 0.537771 0.000000
vn -0.608960 0.388432 -0.691584
vn -0.608960 0.388432 -0.691584
vn -0.608960 0.388432 -0.691584
vn -0.608960 0.388430 -0.691585
vn -0.608960 0.388430 -0.691585
vn -0.608960 0.388430 -0.691585
vn 0.000000 0.000000 1.000000
vn 0.000000 0.000000 1.000000
vn 0.000000 0.000000 1.000000
vn 0.843090 0.537772 0.000000
vn 0.843090 0.537772 0.000000
vn 0.843090 0.537772 0.000000
vn 0.331549 -0.519747 -0.787362
vn 0.331549 -0.519747 -0.787362
vn 0.331549 -0.519747 -0.787362
vn 0.331548 -0.519748 -0.787361
vn 0.331548 -0.519748 -0.787361
vn 0.331548 -0.519748 -0.787361
vn 0.331548 -0.519748 -0.787361
vn 0.331548 -0.519748 -0.787361
vn 0.331548 -0.519748 -0.787361
vn -0.331548 -0.519748 0.787361
vn -0.331548 -0.519748 0.787361
vn -0.331548 -0.519748 0.787361
vn -0.331548 -0.519748 0.787361
vn -0.331548 -0.519748 0.787361
vn -0.331548 -0.519748 0.787361
vn 0.458018 0.292151 -0.839564
vn 0.458018 0.292151 -0.839564
vn 0.458018 0.292151 -0.839564
vn 0.458018 0.292149 -0.839564
vn 0.458018 0.292149 -0.839564
vn 0.458018 0.292149 -0.839564
vn -0.324184 -0.508203 0.797894
vn -0.324184 -0.508203 0.797894
vn -0.324184 -0.508203 0.797894
vn -0.324184 -0.508203 0.797894
vn -0.324184 -0.508203 0.797894
vn -0.324184 -0.508203 0.797894
vn -0.324183 -0.508202 0.797895
vn -0.324183 -0.508202 0.797895
vn -0.324183 -0.508202 0.797895
vn -0.324183 -0.508201 0.797895
vn -0.324183 -0.508201 0.797895
vn -0.324183 -0.508201 0.797895
vn -0.541675 0.454504 -0.707117
vn -0.541675 0.454504 -0.707117
vn -0.541675 0.454504 -0.707117
vn -0.541675 0.454504 -0.707117
vn -0.541675 0.454504 -0.707117
vn -0.541675 0.454504 -0.707117
vn -0.766054 0.642776 0.000000
vn -0.766054 0.642776 0.000000
vn -0.766054 0.642776 0.000000
vn -0.766054 0.642776 0.000000
vn -0.766054 0.642776 0.000000
vn -0.766054 0.642776 0.000000
vn -0.642800 -0.766034 0.000000
vn -0.642800 -0.766034 0.000000
vn -0.642800 -0.766034 0.000000
vn -0.642800 -0.766034 0.000000
vn -0.642800 -0.766034 0.000000
vn -0.642800 -0.766034 0.000000
vn 0.843090 0.537772 0.000000
vn 0.843090 0.537772 0.000000
vn 0.843090 0.537772 0.000000
vn 0.843090 0.537772 0.000000
vn 0.843090 0.537772 0.000000
vn 0.843090 0.537772 0.000000
vn 0.000372 0.002128 0.999998
vn 0.000372 0.002128 0.999998
vn 0.000372 0.002128 0.999998
vn 0.000000 0.000000 1.000000
vn 0.000000 0.000000 1.000000
vn 0.000000 0.000000 1.000000
vn -0.608961 0.388430 0.691584
vn -0.608961 0.388430 0.691584
vn -0.608961 0.388430 0.691584
vn -0.608962 0.388431 0.691583
vn -0.608962 0.388431 0.691583
vn -0.608962 0.388431 0.691583
vn -0.843090 0.537772 0.000000
vn -0.843090 0.537772 0.000000
vn -0.843090 0.537772 0.000000
vn 0.324183 -0.508202 0.797894
vn 0.324183 -0.508202 0.797894
vn 0.324183 -0.508202 0.797894
vn 0.324183 -0.508202 0.797895
vn 0.324183 -0.508202 0.797895
vn 0.324183 -0.508202 0.797895
vn 0.324188 -0.508236 0.797871
vn 0.324188 -0.508236 0.797871
vn 0.324188 -0.508236 0.797871
vn 0.324181 -0.508199 0.797897
vn 0.324181 -0.508199 0.797897
vn 0.324181 -0.508199 0.797897
vn 0.324183 -0.508204 0.797894
vn 0.324183 -0.508204 0.797894
vn 0.324183 -0.508204 0.797894
vn 0.000000 0.000000 0.000000
vn 0.000000 0.000000 0.000000
vn 0.000000 0.000000 0.000000
vn 0.000000 0.000000 0.000000
vn 0.000000 0.000000 0.000000
vn 0.000000 0.000000 0.000000
vn 0.126595 0.991955 0.000000
vn 0.126595 0.991955 0.000000
vn 0.126595 0.991955 0.000000
vn 0.126595 0.991955 0.000000
vn 0.126595 0.991955 0.000000
vn 0.126595 0.991955 0.000000
vn 0.537798 -0.843074 0.000000
vn 0.537798 -0.843074 0.000000
vn 0.537798 -0.843074 0.000000
vn 0.537798 -0.843074 0.000000
vn 0.537798 -0.843074 0.000000
vn 0.537798 -0.843074 0.000000
vn 0.000000 0.000000 0.000000
vn 0.000000 0.000000 0.000000
vn 0.000000 0.000000 0.000000
vn 0.537798 -0.843074 0.000000
vn 0.537798 -0.843074 0.000000
vn 0.537798 -0.843074 0.000000
vn 0.537798 -0.843074 0.000000
vn 0.537798 -0.843074 0.000000
vn 0.537798 -0.843074 0.000000
vn 0.537798 -0.843074 -0.000001
vn 0.537798 -0.843074 -0.000001
vn 0.537798 -0.843074 -0.000001
vn 0.537798 -0.843074 -0.000000
vn 0.537798 -0.843074 -0.000000
vn 0.537798 -0.843074 -0.000000
vn 0.843090 0.537772 0.000000
vn 0.843090 0.537772 0.000000
vn 0.843090 0.537772 0.000000
vn -0.843091 0.537770 -0.000002
vn -0.843091 0.537770 -0.000002
vn -0.843091 0.537770 -0.000002
vn 0.398144 0.253959 0.881468
vn 0.398144 0.253959 0.881468
vn 0.398144 0.253959 0.881468
vn 0.398144 0.253959 0.881468
vn 0.398144 0.253959 0.881468
vn 0.398144 0.253959 0.881468
vn 0.000000 0.000000 0.000000
vn 0.000000 0.000000 0.000000
vn 0.000000 0.000000 0.000000
vn 0.000000 0.000000 0.000000
vn 0.000000 0.000000 0.000000
vn 0.000000 0.000000 0.000000
vn -0.103976 0.994580 0.000000
vn -0.103976 0.994580 0.000000
vn -0.103976 0.994580 0.000000
vn -0.103978 0.994580 0.000000
vn -0.103978 0.994580 0.000000
vn -0.103978 0.994580 0.000000
vn -0.103977 0.994580 0.000000
vn -0.103977 0.994580 0.000000
vn -0.103977 0.994580 0.000000
vn -0.103974 0.994580 0.000000
vn -0.103974 0.994580 0.000000
vn -0.103974 0.994580 0.000000
vn -0.843091 0.537770 0.000000
vn -0.843091 0.537770 0.000000
vn -0.843091 0.537770 0.000000
vn -0.843091 0.537770 0.000000
vn -0.843091 0.537770 0.000000
vn -0.843091 0.537770 0.000000
vn -0.052420 0.998625 0.000000
vn -0.052420 0.998625 0.000000
vn -0.052420 0.998625 0.000000
vn -0.052420 0.998625 0.000000
vn -0.052420 0.998625 0.000000
vn -0.052420 0.998625 0.000000
vn 0.000000 0.000000 0.000000
vn 0.000000 0.000000 0.000000
vn 0.000000 0.000000 0.000000
vn 0.000000 0.000000 0.000000
vn 0.000000 0.000000 0.000000
vn 0.000000 0.000000 0.000000
vn 0.541675 0.454504 -0.707117
vn 0.541675 0.454504 -0.707117
vn 0.541675 0.454504 -0.707117
vn 0.541675 0.454503 -0.707117
vn 0.541675 0.454503 -0.707117
vn 0.541675 0.454503 -0.707117
vn 0.000000 0.000000 1.000000
vn 0.000000 0.000000 1.000000
vn 0.000000 0.000000 1.000000
vn 0.000000 0.000000 0.000000
vn 0.000000 0.000000 0.000000
vn 0.000000 0.000000 0.000000
vn 0.278051 0.960566 0.000000
vn 0.278051 0.960566 0.000000
vn 0.278051 0.960566 0.000000
vn 0.278051 0.960566 0.000000
vn 0.278051 0.960566 0.000000
vn 0.278051 0.960566 0.000000
vn 0.278051 0.960566 0.000000
vn 0.278051 0.960566 0.000000
vn 0.278051 0.960566 0.000000
vn 0.537798 -0.843074 0.000000
vn 0.537798 -0.843074 0.000000
vn 0.537798 -0.843074 0.000000
vn 0.537798 -0.843073 -0.000000
vn 0.537798 -0.843073 -0.000000
vn 0.537798 -0.843073 -0.000000
vn 0.537798 -0.843074 0.000000
vn 0.537798 -0.843074 0.000000
vn 0.537798 -0.843074 0.000000
vn 0.537798 -0.843073 0.000001
vn 0.537798 -0.843073 0.000001
vn 0.537798 -0.843073 0.000001
vn 0.537798 -0.843073 -0.000000
vn 0.537798 -0.843073 -0.000000
vn 0.537798 -0.843073 -0.000000
vn 0.537798 -0.843074 0.000000
vn 0.537798 -0.843074 0.000000
vn 0.537798 -0.843074 0.000000
vn 0.537799 -0.843073 -0.000000
vn 0.537799 -0.843073 -0.000000
vn 0.537799 -0.843073 -0.000000
vn 0.537798 -0.843074 0.000000
vn 0.537798 -0.843074 0.000000
vn 0.537798 -0.843074 0.000000
vn 0.642801 -0.766033 0.000000
vn 0.642801 -0.766033 0.000000
vn 0.642801 -0.766033 0.000000
vn 0.642801 -0.766033 0.000000
vn 0.642801 -0.766033 0.000000
vn 0.642801 -0.766033 0.000000
vn 0.324182 -0.508200 -0.797896
vn 0.324182 -0.508200 -0.797896
vn 0.324182 -0.508200 -0.797896
vn 0.324182 -0.508200 -0.797896
vn 0.324182 -0.508200 -0.797896
vn 0.324182 -0.508200 -0.797896
vn 0.843090 0.537772 0.000000
vn 0.843090 0.537772 0.000000
vn 0.843090 0.537772 0.000000
vn 0.843090 0.537772 0.000000
vn 0.843090 0.537772 0.000000
vn 0.843090 0.537772 0.000000
vn 0.766055 0.642775 0.000000
vn 0.766055 0.642775 0.000000
vn 0.766055 0.642775 0.000000
vn 0.766055 0.642775 0.000000
vn 0.766055 0.642775 0.000000
vn 0.766055 0.642775 0.000000
vn -0.843091 0.537771 0.000000
vn -0.843091 0.537771 0.000000
vn -0.843091 0.537771 0.000000
vn -0.843091 0.537771 0.000000
vn -0.843091 0.537771 0.000000
vn -0.843091 0.537771 0.000000
vn 0.324184 -0.508203 0.797894
vn 0.324184 -0.508203 0.797894
vn 0.324184 -0.508203 0.797894
vn 0.324182 -0.508201 0.797896
vn 0.324182 -0.508201 0.797896
vn 0.324182 -0.508201 0.797896
vn 0.324182 -0.508201 0.797895
vn 0.324182 -0.508201 0.797895
vn 0.324182 -0.508201 0.797895
vn 0.324183 -0.508202 0.797894
vn 0.324183 -0.508202 0.797894
vn 0.324183 -0.508202 0.797894
vn -0.748117 0.477190 -0.461097
vn -0.748117 0.477190 -0.461097
vn -0.748117 0.477190 -0.461097
vn 0.000000 0.000000 1.000000
vn 0.000000 0.000000 1.000000
vn 0.000000 0.000000 1.000000
vn 0.000000 0.000000 1.000000
vn 0.000000 0.000000 1.000000
vn 0.000000 0.000000 1.000000
vn 0.324182 -0.508201 -0.797896
vn 0.324182 -0.508201 -0.797896
vn 0.324182 -0.508201 -0.797896
vn 0.324182 -0.508201 -0.797896
vn 0.324182 -0.508201 -0.797896
vn 0.324182 -0.508201 -0.797896
vn 0.324182 -0.508201 -0.797895
vn 0.324182 -0.508201 -0.797895
vn 0.324182 -0.508201 -0.797895
vn -0.331548 -0.519747 -0.787362
vn -0.331548 -0.519747 -0.787362
vn -0.331548 -0.519747 -0.787362
vn -0.331548 -0.519747 -0.787362
vn -0.331548 -0.519747 -0.787362
vn -0.331548 -0.519747 -0.787362
vn 0.519420 0.331317 0.787675
vn 0.519420 0.331317 0.787675
vn 0.519420 0.331317 0.787675
vn 0.519420 0.331318 0.787675
vn 0.519420 0.331318 0.787675
vn 0.519420 0.331318 0.787675
vn 0.000000 0.000000 1.000000
vn 0.000000 0.000000 1.000000
vn 0.000000 0.000000 1.000000
vn 0.000000 0.000000 1.000000
vn 0.000000 0.000000 1.000000
vn 0.000000 0.000000 1.000000
vn -0.843091 0.537771 0.000000
vn -0.843091 0.537771 0.000000
vn -0.843091 0.537771 0.000000
vn 0.642800 0.766034 0.000000
vn 0.642800 0.766034 0.000000
vn 0.642800 0.766034 0.000000
vn 0.642800 0.766034 0.000000
vn 0.642800 0.766034 0.000000
vn 0.642800 0.766034 0.000000
vn -0.843089 -0.537774 0.000000
vn -0.843089 -0.537774 0.000000
vn -0.843089 -0.537774 0.000000
vn -0.843089 -0.537774 0.000000
vn -0.843089 -0.537774 0.000000
vn -0.843089 -0.537774 0.000000
vn 0.843091 0.537771 0.000000
vn 0.843091 0.537771 0.000000
vn 0.843091 0.537771 0.000000
vn 0.324184 -0.508203 0.797894
vn 0.324184 -0.508203 0.797894
vn 0.324184 -0.508203 0.797894
vn 0.324182 -0.508201 0.797896
vn 0.324182 -0.508201 0.797896
vn 0.324182 -0.508201 0.797896
vn 0.324182 -0.508200 0.797897
vn 0.324182 -0.508200 0.797897
vn 0.324182 -0.508200 0.797897
vn 0.324183 -0.508201 0.797895
vn 0.324183 -0.508201 0.797895
vn 0.324183 -0.508201 0.797895
vn 0.843090 0.537772 0.000000
vn 0.843090 0.537772 0.000000
vn 0.843090 0.537772 0.000000
vn -0.317261 0.948338 0.000000
vn -0.317261 0.948338 0.000000
vn -0.317261 0.948338 0.000000
vn -0.317261 0.948338 0.000000
vn -0.317261 0.948338 0.000000
vn -0.317261 0.948338 0.000000
vn -0.317261 0.948338 0.000000
vn -0.317261 0.948338 0.000000
vn -0.317261 0.948338 0.000000
vn -0.317261 0.948338 0.000000
vn -0.317261 0.948338 0.000000
vn -0.317261 0.948338 0.000000
vn -0.317260 0.948339 0.000000
vn -0.317260 0.948339 0.000000
vn -0.317260 0.948339 0.000000
vn 0.332614 0.212161 0.918888
vn 0.332614 0.212161 0.918888
vn 0.332614 0.212161 0.918888
vn 0.332615 0.212159 0.918889
vn 0.332615 0.212159 0.918889
vn 0.332615 0.212159 0.918889
vn 0.324183 -0.508202 0.797895
vn 0.324183 -0.508202 0.797895
vn 0.324183 -0.508202 0.797895
vn 0.324183 -0.508202 0.797895
vn 0.324183 -0.508202 0.797895
vn 0.324183 -0.508202 0.797895
vn 0.324183 -0.508202 0.797895
vn 0.324183 -0.508202 0.797895
vn 0.324183 -0.508202 0.797895
vn 0.324183 -0.508202 0.797895
vn 0.324183 -0.508202 0.797895
vn 0.324183 -0.508202 0.797895
vn 0.324183 -0.508202 -0.797895
vn 0.324183 -0.508202 -0.797895
vn 0.324183 -0.508202 -0.797895
vn 0.324183 -0.508202 -0.797895
vn 0.324183 -0.508202 -0.797895
vn 0.324183 -0.508202 -0.797895
vn 0.000000 0.000000 1.000000
vn 0.000000 0.000000 1.000000
vn 0.000000 0.000000 1.000000
vn 0.000000 0.000000 1.000000
vn 0.000000 0.000000 1.000000
vn 0.000000 0.000000 1.000000
vn -0.642802 0.766033 0.000000
vn -0.642802 0.766033 0.000000
vn -0.642802 0.766033 0.000000
vn -0.642802 0.766033 0.000000
vn -0.642802 0.766033 0.000000
vn -0.642802 0.766033 0.000000
vn -0.707164 0.451069 -0.544478
vn -0.707164 0.451069 -0.544478
vn -0.707164 0.451069 -0.544478
vn -0.707164 0.451069 -0.544478
vn -0.707164 0.451069 -0.544478
vn -0.707164 0.451069 -0.544478
vn -0.843091 0.537771 0.000000
vn -0.843091 0.537771 0.000000
vn -0.843091 0.537771 0.000000
vn -0.843091 0.537771 0.000000
vn -0.843091 0.537771 0.000000
vn -0.843091 0.537771 0.000000
vn -0.843091 0.537771 0.000000
vn -0.843091 0.537771 0.000000
vn -0.843091 0.537771 0.000000
vn 0.000000 0.000000 0.000000
vn 0.000000 0.000000 0.000000
vn 0.000000 0.000000 0.000000
vn 0.537798 -0.843074 0.000000
vn 0.537798 -0.843074 0.000000
vn 0.537798 -0.843074 0.000000
vn 0.537798 -0.843074 0.000000
vn 0.537798 -0.843074 0.000000
vn 0.537798 -0.843074 0.000000
vn 0.537807 -0.843068 0.000011
vn 0.537807 -0.843068 0.000011
vn 0.537807 -0.843068 0.000011
vn 0.537798 -0.843074 -0.000001
vn 0.537798 -0.843074 -0.000001
vn 0.537798 -0.843074 -0.000001
vn 0.537791 -0.843078 0.000000
vn 0.537791 -0.843078 0.000000
vn 0.537791 -0.843078 0.000000
vn 0.537794 -0.843076 -0.000001
vn 0.537794 -0.843076 -0.000001
vn 0.537794 -0.843076 -0.000001
vn 0.537791 -0.843078 0.000000
vn 0.537791 -0.843078 0.000000
vn 0.537791 -0.843078 0.000000
vn 0.537798 -0.843074 -0.000002
vn 0.537798 -0.843074 -0.000002
vn 0.537798 -0.843074 -0.000002
vn 0.537795 -0.843076 0.000000
vn 0.537795 -0.843076 0.000000
vn 0.537795 -0.843076 0.000000
vn -0.331548 -0.519750 -0.787360
vn -0.331548 -0.519750 -0.787360
vn -0.331548 -0.519750 -0.787360
vn -0.331549 -0.519749 -0.787361
vn -0.331549 -0.519749 -0.787361
vn -0.331549 -0.519749 -0.787361
vn -0.331549 -0.519749 -0.787361
vn -0.331549 -0.519749 -0.787361
vn -0.331549 -0.519749 -0.787361
vn -0.843091 0.537771 0.000000
vn -0.843091 0.537771 0.000000
vn -0.843091 0.537771 0.000000
vn -0.547529 0.349245 -0.760421
vn -0.547529 0.349245 -0.760421
vn -0.547529 0.349245 -0.760421
vn -0.547530 0.349246 -0.760420
vn -0.547530 0.349246 -0.760420
vn -0.547530 0.349246 -0.760420
vn 0.843090 0.537772 0.000000
vn 0.843090 0.537772 0.000000
vn 0.843090 0.537772 0.000000
vn 0.492437 0.314105 -0.811692
vn 0.492437 0.314105 -0.811692
vn 0.492437 0.314105 -0.811692
vn 0.492437 0.314105 -0.811692
vn 0.492437 0.314105 -0.811692
vn 0.492437 0.314105 -0.811692
vn 0.000000 0.000000 1.000000
vn 0.000000 0.000000 1.000000
vn 0.000000 0.000000 1.000000
vn 0.000000 0.000000 1.000000
vn 0.000000 0.000000 1.000000
vn 0.000000 0.000000 1.000000
vn -0.537798 -0.843074 0.000000
vn -0.537798 -0.843074 0.000000
vn -0.537798 -0.843074 0.000000
vn -0.537798 -0.843074 0.000000
vn -0.537798 -0.843074 0.000000
vn -0.537798 -0.843074 0.000000
vn 0.000000 0.000000 0.000000
vn 0.000000 0.000000 0.000000
vn 0.000000 0.000000 0.000000
vn 0.000000 0.000000 0.000000
vn 0.000000 0.000000 0.000000
vn 0.000000 0.000000 0.000000
vn 0.000000 0.000000 0.000000
vn 0.000000 0.000000 0.000000
vn 0.000000 0.000000 0.000000
vn -0.843093 0.537768 0.000000
vn -0.843093 0.537768 0.000000
vn -0.843093 0.537768 0.000000
vn -0.843093 0.537768 0.000000
vn -0.843093 0.537768 0.000000
vn -0.843093 0.537768 0.000000
vn -0.843091 0.537771 0.000000
vn -0.843091 0.537771 0.000000
vn -0.843091 0.537771 0.000000
vn -0.843090 0.537773 0.000000
vn -0.843090 0.537773 0.000000
vn -0.843090 0.537773 0.000000
vn 0.000000 0.000000 1.000000
vn 0.000000 0.000000 1.000000
vn 0.000000 0.000000 1.000000
vn -0.647748 0.413170 0.640089
vn -0.647748 0.413170 0.640089
vn -0.647748 0.413170 0.640089
vn -0.647746 0.413172 0.640090
vn -0.647746 0.413172 0.640090
vn -0.647746 0.413172 0.640090
vn -0.541555 0.345435 -0.766416
vn -0.541555 0.345435 -0.766416
vn -0.541555 0.345435 -0.766416
vn -0.541555 0.345435 -0.766416
vn -0.541555 0.345435 -0.766416
vn -0.541555 0.345435 -0.766416
vn -0.688350 0.105842 -0.717615
vn -0.688350 0.105842 -0.717615
vn -0.688350 0.105842 -0.717615
vn 0.843091 -0.537771 0.000001
vn 0.843091 -0.537771 0.000001
vn 0.843091 -0.537771 0.000001
vn 0.843091 -0.537771 0.000001
vn 0.843091 -0.537771 0.000001
vn 0.843091 -0.537771 0.000001
vn 0.843091 -0.537771 0.000001
vn 0.843091 -0.537771 0.000001
vn 0.843091 -0.537771 0.000001
vn -0.554114 0.353445 -0.753681
vn -0.554114 0.353445 -0.753681
vn -0.554114 0.353445 -0.753681
vn -0.554114 0.353445 -0.753681
vn -0.554114 0.353445 -0.753681
vn -0.554114 0.353445 -0.753681
vn -0.331548 -0.519748 -0.787361
vn -0.331548 -0.519748 -0.787361
vn -0.331548 -0.519748 -0.787361
vn -0.331549 -0.519748 -0.787361
vn -0.331549 -0.519748 -0.787361
vn -0.331549 -0.519748 -0.787361
vn -0.324183 -0.508202 0.797895
vn -0.324183 -0.508202 0.797895
vn -0.324183 -0.508202 0.797895
vn -0.324183 -0.508201 0.797895
vn -0.324183 -0.508201 0.797895
vn -0.324183 -0.508201 0.797895
vn -0.324183 -0.508202 0.797895
vn -0.324183 -0.508202 0.797895
vn -0.324183 -0.508202 0.797895
vn -0.324183 -0.508202 0.797895
vn -0.324183 -0.508202 0.797895
vn -0.324183 -0.508202 0.797895
vn 0.000000 0.000000 0.000000
vn 0.000000 0.000000 0.000000
vn 0.000000 0.000000 0.000000
vn 0.103974 0.994580 -0.000001
vn 0.103974 0.994580 -0.000001
vn 0.103974 0.994580 -0.000001
vn 0.103974 0.994580 -0.000001
vn 0.103974 0.994580 -0.000001
vn 0.103974 0.994580 -0.000001
vn 0.103974 0.994580 -0.000001
vn 0.103974 0.994580 -0.000001
vn 0.103974 0.994580 -0.000001
vn -0.331548 -0.519749 0.787361
vn -0.331548 -0.519749 0.787361
vn -0.331548 -0.519749 0.787361
vn -0.331548 -0.519748 0.787362
vn -0.331548 -0.519748 0.787362
vn -0.331548 -0.519748 0.787362
vn -0.331548 -0.519748 0.787361
vn -0.331548 -0.519748 0.787361
vn -0.331548 -0.519748 0.787361
vn -0.331548 -0.519748 0.787361
vn -0.331548 -0.519748 0.787361
vn -0.331548 -0.519748 0.787361
vn 0.843090 0.537772 0.000000
vn 0.843090 0.537772 0.000000
vn 0.843090 0.537772 0.000000
vn 0.843090 0.537772 0.000000
vn 0.843090 0.537772 0.000000
vn 0.843090 0.537772 0.000000
vn 0.324184 -0.508200 -0.797896
vn 0.324184 -0.508200 -0.797896
vn 0.324184 -0.508200 -0.797896
vn 0.324183 -0.508202 -0.797895
vn 0.324183 -0.508202 -0.797895
vn 0.324183 -0.508202 -0.797895
vn 0.324183 -0.508202 -0.797895
vn 0.324183 -0.508202 -0.797895
vn 0.324183 -0.508202 -0.797895
vn -0.217508 0.138738 0.966148
vn -0.217508 0.138738 0.966148
vn -0.217508 0.138738 0.966148
vn -0.217508 0.138738 0.966148
vn -0.217508 0.138738 0.966148
vn -0.217508 0.138738 0.966148
vn 0.843090 0.537772 0.000000
vn 0.843090 0.537772 0.000000
vn 0.843090 0.537772 0.000000
vn -0.510248 0.325465 -0.796065
vn -0.510248 0.325465 -0.796065
vn -0.510248 0.325465 -0.796065
vn -0.510248 0.325465 -0.796065
vn -0.510248 0.325465 -0.796065
vn -0.510248 0.325465 -0.796065
vn -0.682780 -0.195350 -0.704024
vn -0.682780 -0.195350 -0.704024
vn -0.682780 -0.195350 -0.704024
vn -0.052420 0.998625 0.000000
vn -0.052420 0.998625 0.000000
vn -0.052420 0.998625 0.000000
vn -0.052420 0.998625 0.000000
vn -0.052420 0.998625 0.000000
vn -0.052420 0.998625 0.000000
vn 0.000000 0.000000 0.000000
vn 0.000000 0.000000 0.000000
vn 0.000000 0.000000 0.000000
vn 0.000000 0.000000 0.000000
vn 0.000000 0.000000 0.000000
vn 0.000000 0.000000 0.000000
vn 0.305529 0.952183 0.000000
vn 0.305529 0.952183 0.000000
vn 0.305529 0.952183 0.000000
vn 0.305529 0.952183 0.000000
vn 0.305529 0.952183 0.000000
vn 0.305529 0.952183 0.000000
vn 0.305529 0.952183 0.000000
vn 0.305529 0.952183 0.000000
vn 0.305529 0.952183 0.000000
vn 0.305529 0.952183 0.000000
vn 0.305529 0.952183 0.000000
vn 0.305529 0.952183 0.000000
vn 0.305528 0.952183 0.000000
vn 0.305528 0.952183 0.000000
vn 0.305528 0.952183 0.000000
vn 0.000000 0.000000 0.000000
vn 0.000000 0.000000 0.000000
vn 0.000000 0.000000 0.000000
vn 0.000000 0.000000 0.000000
vn 0.000000 0.000000 0.000000
vn 0.000000 0.000000 0.000000
vn -0.299947 -0.470209 -0.830021
vn -0.299947 -0.470209 -0.830021
vn -0.299947 -0.470209 -0.830021
vn -0.299947 -0.470209 -0.830021
vn -0.299947 -0.470209 -0.830021
vn -0.299947 -0.470209 -0.830021
vn -0.843092 0.537769 0.000000
vn -0.843092 0.537769 0.000000
vn -0.843092 0.537769 0.000000
vn -0.843091 0.537771 0.000000
vn -0.843091 0.537771 0.000000
vn -0.843091 0.537771 0.000000
vn -0.843091 0.537771 0.000000
vn -0.843091 0.537771 0.000000
vn -0.843091 0.537771 0.000000
vn 0.000000 0.000000 1.000000
vn 0.000000 0.000000 1.000000
vn 0.000000 0.000000 1.000000
vn 0.000000 0.000000 1.000000
vn 0.000000 0.000000 1.000000
vn 0.000000 0.000000 1.000000
vn 0.575528 0.367104 0.730754
vn 0.575528 0.367104 0.730754
vn 0.575528 0.367104 0.730754
vn 0.575528 0.367104 0.730754
vn 0.575528 0.367104 0.730754
vn 0.575528 0.367104 0.730754
vn 0.282827 -0.443371 0.850547
vn 0.282827 -0.443371 0.850547
vn 0.282827 -0.443371 0.850547
vn 0.282827 -0.443371 0.850547
vn 0.282827 -0.443371 0.850547
vn 0.282827 -0.443371 0.850547
vn 0.000000 0.000000 0.000000
vn 0.000000 0.000000 0.000000
vn 0.000000 0.000000 0.000000
vn 0.000000 0.000000 0.000000
vn 0.000000 0.000000 0.000000
vn 0.000000 0.000000 0.000000
vn -0.337578 0.941298 0.000000
vn -0.337578 0.941298 0.000000
vn -0.337578 0.941298 0.000000
vn -0.337578 0.941298 0.000000
vn -0.337578 0.941298 0.000000
vn -0.337578 0.941298 0.000000
vn -0.843091 0.537771 0.000000
vn -0.843091 0.537771 0.000000
vn -0.843091 0.537771 0.000000
vn -0.843091 0.537771 0.000000
vn -0.843091 0.537771 0.000000
vn -0.843091 0.537771 0.000000
vn -0.324183 -0.508203 0.797894
vn -0.324183 -0.508203 0.797894
vn -0.324183 -0.508203 0.797894
vn -0.324182 -0.508200 0.797896
vn -0.324182 -0.508200 0.797896
vn -0.324182 -0.508200 0.797896
vn -0.324183 -0.508204 0.797894
vn -0.324183 -0.508204 0.797894
vn -0.324183 -0.508204 0.797894
vn -0.324187 -0.508233 0.797873
vn -0.324187 -0.508233 0.797873
vn -0.324187 -0.508233 0.797873
vn -0.324181 -0.508199 0.797897
vn -0.324181 -0.508199 0.797897
vn -0.324181 -0.508199 0.797897
vn -0.843091 0.537771 0.000000
vn -0.843091 0.537771 0.000000
vn -0.843091 0.537771 0.000000
vn -0.843091 0.537771 0.000000
vn -0.843091 0.537771 0.000000
vn -0.843091 0.537771 0.000000
vn -0.843091 0.537771 0.000000
vn -0.843091 0.537771 0.000000
vn -0.843091 0.537771 0.000000
vn -0.331548 -0.519748 -0.787361
vn -0.331548 -0.519748 -0.787361
vn -0.331548 -0.519748 -0.787361
vn -0.331548 -0.519748 -0.787362
vn -0.331548 -0.519748 -0.787362
vn -0.331548 -0.519748 -0.787362
vn -0.331548 -0.519748 -0.787361
vn -0.331548 -0.519748 -0.787361
vn -0.331548 -0.519748 -0.787361
vn 0.000000 0.000000 1.000000
vn 0.000000 0.000000 1.000000
vn 0.000000 0.000000 1.000000
vn 0.537798 0.843073 0.000000
vn 0.537798 0.843073 0.000000
vn 0.537798 0.843073 0.000000
vn 0.537798 0.843074 -0.000001
vn 0.537798 0.843074 -0.000001
vn 0.537798 0.843074 -0.000001
vn 0.537798 0.843074 0.000000
vn 0.537798 0.843074 0.000000
vn 0.537798 0.843074 0.000000
vn 0.537798 0.843074 0.000000
vn 0.537798 0.843074 0.000000
vn 0.537798 0.843074 0.000000
vn -0.324182 -0.508201 -0.797896
vn -0.324182 -0.508201 -0.797896
vn -0.324182 -0.508201 -0.797896
vn -0.324182 -0.508201 -0.797896
vn -0.324182 -0.508201 -0.797896
vn -0.324182 -0.508201 -0.797896
vn 0.000000 0.000000 1.000000
vn 0.000000 0.000000 1.000000
vn 0.000000 0.000000 1.000000
vn -0.299946 -0.470207 -0.830023
vn -0.299946 -0.470207 -0.830023
vn -0.299946 -0.470207 -0.830023
vn -0.299947 -0.470208 -0.830022
vn -0.299947 -0.470208 -0.830022
vn -0.299947 -0.470208 -0.830022
vn -0.647747 0.413170 0.640090
vn -0.647747 0.413170 0.640090
vn -0.647747 0.413170 0.640090
vn -0.647747 0.413170 0.640090
vn -0.647747 0.413170 0.640090
vn -0.647747 0.413170 0.640090
vn 0.000000 0.000000 1.000000
vn 0.000000 0.000000 1.000000
vn 0.000000 0.000000 1.000000
vn 0.000000 0.000000 1.000000
vn 0.000000 0.000000 1.000000
vn 0.000000 0.000000 1.000000
vn -0.537798 -0.843074 0.000000
vn -0.537798 -0.843074 0.000000
vn -0.537798 -0.843074 0.000000
vn -0.537798 -0.843074 -0.000002
vn -0.537798 -0.843074 -0.000002
vn -0.537798 -0.843074 -0.000002
vn -0.537798 -0.843074 0.000000
vn -0.537798 -0.843074 0.000000
vn -0.537798 -0.843074 0.000000
vn -0.537801 -0.843072 0.000000
vn -0.537801 -0.843072 0.000000
vn -0.537801 -0.843072 0.000000
vn -0.537798 -0.843074 0.000000
vn -0.537798 -0.843074 0.000000
vn -0.537798 -0.843074 0.000000
vn -0.537798 -0.843074 0.000000
vn -0.537798 -0.843074 0.000000
vn -0.537798 -0.843074 0.000000
vn -0.537798 -0.843074 0.000000
vn -0.537798 -0.843074 0.000000
vn -0.537798 -0.843074 0.000000
vn -0.843091 0.537771 0.000000
vn -0.843091 0.537771 0.000000
vn -0.843091 0.537771 0.000000
vn -0.843091 0.537771 0.000000
vn -0.843091 0.537771 0.000000
vn -0.843091 0.537771 0.000000
vn 0.510246 0.325465 -0.796066
vn 0.510246 0.325465 -0.796066
vn 0.510246 0.325465 -0.796066
vn 0.510247 0.325467 -0.796065
vn 0.510247 0.325467 -0.796065
vn 0.510247 0.325467 -0.796065
vn -0.537798 -0.843074 0.000000
vn -0.537798 -0.843074 0.000000
vn -0.537798 -0.843074 0.000000
vn -0.537798 -0.843074 0.000000
vn -0.537798 -0.843074 0.000000
vn -0.537798 -0.843074 0.000000
vn -0.537798 -0.843074 0.000000
vn -0.537798 -0.843074 0.000000
vn -0.537798 -0.843074 0.000000
vn -0.537798 -0.843074 0.000000
vn -0.537798 -0.843074 0.000000
vn -0.537798 -0.843074 0.000000
vn -0.537798 -0.843074 0.000000
vn -0.537798 -0.843074 0.000000
vn -0.537798 -0.843074 0.000000
vn -0.537798 -0.843074 0.000000
vn -0.537798 -0.843074 0.000000
vn -0.537798 -0.843074 0.000000
vn -0.537798 -0.843074 -0.000000
vn -0.537798 -0.843074 -0.000000
vn -0.537798 -0.843074 -0.000000
vn -0.537800 -0.843073 0.000000
vn -0.537800 -0.843073 0.000000
vn -0.537800 -0.843073 0.000000
vn 0.000000 0.000000 0.000000
vn 0.000000 0.000000 0.000000
vn 0.000000 0.000000 0.000000
vn 0.327895 0.944714 0.000000
vn 0.327895 0.944714 0.000000
vn 0.327895 0.944714 0.000000
vn 0.327895 0.944714 0.000000
vn 0.327895 0.944714 0.000000
vn 0.327895 0.944714 0.000000
vn 0.327895 0.944714 0.000000
vn 0.327895 0.944714 0.000000
vn 0.327895 0.944714 0.000000
vn 0.327895 0.944714 0.000000
vn 0.327895 0.944714 0.000000
vn 0.327895 0.944714 0.000000
vn 0.327895 0.944714 0.000000
vn 0.327895 0.944714 0.000000
vn 0.327895 0.944714 0.000000
vn -0.324183 -0.508201 -0.797896
vn -0.324183 -0.508201 -0.797896
vn -0.324183 -0.508201 -0.797896
vn -0.324183 -0.508202 -0.797895
vn -0.324183 -0.508202 -0.797895
vn -0.324183 -0.508202 -0.797895
vn -0.324183 -0.508202 -0.797895
vn -0.324183 -0.508202 -0.797895
vn -0.324183 -0.508202 -0.797895
vn -0.331548 -0.519747 0.787362
vn -0.331548 -0.519747 0.787362
vn -0.331548 -0.519747 0.787362
vn -0.331548 -0.519748 0.787361
vn -0.331548 -0.519748 0.787361
vn -0.331548 -0.519748 0.787361
vn -0.635110 0.405109 0.657664
vn -0.635110 0.405109 0.657664
vn -0.635110 0.405109 0.657664
vn -0.635110 0.405111 0.657663
vn -0.635110 0.405111 0.657663
vn -0.635110 0.405111 0.657663
vn 0.000000 0.000000 1.000000
vn 0.000000 0.000000 1.000000
vn 0.000000 0.000000 1.000000
vn 0.537799 -0.843073 0.000000
vn 0.537799 -0.843073 0.000000
vn 0.537799 -0.843073 0.000000
vn 0.537799 -0.843073 0.000000
vn 0.537799 -0.843073 0.000000
vn 0.537799 -0.843073 0.000000
vn 0.537799 -0.843073 0.000000
vn 0.537799 -0.843073 0.000000
vn 0.537799 -0.843073 0.000000
vn 0.537799 -0.843073 0.000000
vn 0.537799 -0.843073 0.000000
vn 0.537799 -0.843073 0.000000
vn 0.000000 0.000000 0.000000
vn 0.000000 0.000000 0.000000
vn 0.000000 0.000000 0.000000
vn -0.327895 0.944714 0.000001
vn -0.327895 0.944714 0.000001
vn -0.327895 0.944714 0.000001
vn -0.327895 0.944714 0.000001
vn -0.327895 0.944714 0.000001
vn -0.327895 0.944714 0.000001
vn -0.327895 0.944714 0.000001
vn -0.327895 0.944714 0.000001
vn -0.327895 0.944714 0.000001
vn -0.327895 0.944714 0.000001
vn -0.327895 0.944714 0.000001
vn -0.327895 0.944714 0.000001
vn -0.327895 0.944714 0.000001
vn -0.327895 0.944714 0.000001
vn -0.327895 0.944714 0.000001
vn 0.331548 -0.519747 -0.787362
vn 0.331548 -0.519747 -0.787362
vn 0.331548 -0.519747 -0.787362
vn 0.331548 -0.519748 -0.787361
vn 0.331548 -0.519748 -0.787361
vn 0.331548 -0.519748 -0.787361
vn -0.843091 0.537771 0.000000
vn -0.843091 0.537771 0.000000
vn -0.843091 0.537771 0.000000
vn -0.843091 0.537771 0.000000
vn -0.843091 0.537771 0.000000
vn -0.843091 0.537771 0.000000
vn 0.537800 -0.843073 -0.000001
vn 0.537800 -0.843073 -0.000001
vn 0.537800 -0.843073 -0.000001
vn 0.537799 -0.843073 0.000000
vn 0.537799 -0.843073 0.000000
vn 0.537799 -0.843073 0.000000
vn 0.537799 -0.843073 0.000000
vn 0.537799 -0.843073 0.000000
vn 0.537799 -0.843073 0.000000
vn 0.537797 -0.843075 0.000000
vn 0.537797 -0.843075 0.000000
vn 0.537797 -0.843075 0.000000
vn 0.537798 -0.843074 0.000002
vn 0.537798 -0.843074 0.000002
vn 0.537798 -0.843074 0.000002
vn 0.537797 -0.843074 -0.000000
vn 0.537797 -0.843074 -0.000000
vn 0.537797 -0.843074 -0.000000
vn 0.331548 -0.519748 0.787361
vn 0.331548 -0.519748 0.787361
vn 0.331548 -0.519748 0.787361
vn 0.331548 -0.519745 0.787363
vn 0.331548 -0.519745 0.787363
vn 0.331548 -0.519745 0.787363
vn 0.331548 -0.519748 0.787362
vn 0.331548 -0.519748 0.787362
vn 0.331548 -0.519748 0.787362
vn 0.331547 -0.519748 0.787362
vn 0.331547 -0.519748 0.787362
vn 0.331547 -0.519748 0.787362
vn -0.843090 0.537773 0.000000
vn -0.843090 0.537773 0.000000
vn -0.843090 0.537773 0.000000
vn -0.331549 -0.519747 0.787361
vn -0.331549 -0.519747 0.787361
vn -0.331549 -0.519747 0.787361
vn -0.331548 -0.519748 0.787361
vn -0.331548 -0.519748 0.787361
vn -0.331548 -0.519748 0.787361
vn -0.331548 -0.519749 0.787360
vn -0.331548 -0.519749 0.787360
vn -0.331548 -0.519749 0.787360
vn -0.331548 -0.519748 0.787361
vn -0.331548 -0.519748 0.787361
vn -0.331548 -0.519748 0.787361
vn 0.843090 0.537772 0.000000
vn 0.843090 0.537772 0.000000
vn 0.843090 0.537772 0.000000
vn 0.843091 0.537771 0.000000
vn 0.843091 0.537771 0.000000
vn 0.843091 0.537771 0.000000
vn 0.843091 0.537771 0.000000
vn 0.843091 0.537771 0.000000
vn 0.843091 0.537771 0.000000
vn -0.843091 0.537771 0.000000
vn -0.843091 0.537771 0.000000
vn -0.843091 0.537771 0.000000
vn 0.000000 0.000000 1.000000
vn 0.000000 0.000000 1.000000
vn 0.000000 0.000000 1.000000
vn 0.000000 0.000000 1.000000
vn 0.000000 0.000000 1.000000
vn 0.000000 0.000000 1.000000
vn 0.000000 0.000000 1.000000
vn 0.000000 0.000000 1.000000
vn 0.000000 0.000000 1.000000
vn -0.324182 -0.508201 -0.797896
vn -0.324182 -0.508201 -0.797896
vn -0.324182 -0.508201 -0.797896
vn -0.324182 -0.508201 -0.797896
vn -0.324182 -0.508201 -0.797896
vn -0.324182 -0.508201 -0.797896
vn -0.324182 -0.508202 -0.797895
vn -0.324182 -0.508202 -0.797895
vn -0.324182 -0.508202 -0.797895
vn 0.843090 0.537772 0.000000
vn 0.843090 0.537772 0.000000
vn 0.843090 0.537772 0.000000
vn -0.843091 0.537771 0.000000
vn -0.843091 0.537771 0.000000
vn -0.843091 0.537771 0.000000
vn 0.537798 -0.843074 -0.000000
vn 0.537798 -0.843074 -0.000000
vn 0.537798 -0.843074 -0.000000
vn 0.537798 -0.843074 -0.000000
vn 0.537798 -0.843074 -0.000000
vn 0.537798 -0.843074 -0.000000
vn 0.000000 0.000000 0.000000
vn 0.000000 0.000000 0.000000
vn 0.000000 0.000000 0.000000
vn -0.222912 0.974839 0.000000
vn -0.222912 0.974839 0.000000
vn -0.222912 0.974839 0.000000
vn -0.222906 0.974840 0.000001
vn -0.222906 0.974840 0.000001
vn -0.222906 0.974840 0.000001
vn -0.222906 0.974840 -0.000001
vn -0.222906 0.974840 -0.000001
vn -0.222906 0.974840 -0.000001
vn -0.222906 0.974840 -0.000001
vn -0.222906 0.974840 -0.000001
vn -0.222906 0.974840 -0.000001
vn 0.000000 0.000000 0.000000
vn 0.000000 0.000000 0.000000
vn 0.000000 0.000000 0.000000
vn 0.000000 0.000000 0.000000
vn 0.000000 0.000000 0.000000
vn 0.000000 0.000000 0.000000
vn -0.243589 0.969878 0.000000
vn -0.243589 0.969878 0.000000
vn -0.243589 0.969878 0.000000
vn -0.243582 0.969880 -0.000002
vn -0.243582 0.969880 -0.000002
vn -0.243582 0.969880 -0.000002
vn -0.243591 0.969878 0.000000
vn -0.243591 0.969878 0.000000
vn -0.243591 0.969878 0.000000
vn 0.843090 0.537772 0.000000
vn 0.843090 0.537772 0.000000
vn 0.843090 0.537772 0.000000
vn 0.843090 0.537772 0.000000
vn 0.843090 0.537772 0.000000
vn 0.843090 0.537772 0.000000
vn -0.324183 -0.508202 -0.797895
vn -0.324183 -0.508202 -0.797895
vn -0.324183 -0.508202 -0.797895
vn -0.324183 -0.508201 -0.797895
vn -0.324183 -0.508201 -0.797895
vn -0.324183 -0.508201 -0.797895
vn -0.537798 -0.843074 0.000000
vn -0.537798 -0.843074 0.000000
vn -0.537798 -0.843074 0.000000
vn -0.537798 -0.843073 -0.000002
vn -0.537798 -0.843073 -0.000002
vn -0.537798 -0.843073 -0.000002
vn -0.537798 -0.843074 0.000000
vn -0.537798 -0.843074 0.000000
vn -0.537798 -0.843074 0.000000
vn -0.537798 -0.843074 0.000000
vn -0.537798 -0.843074 0.000000
vn -0.537798 -0.843074 0.000000
vn -0.537799 -0.843073 0.000000
vn -0.537799 -0.843073 0.000000
vn -0.537799 -0.843073 0.000000
vn -0.537798 -0.843074 -0.000000
vn -0.537798 -0.843074 -0.000000
vn -0.537798 -0.843074 -0.000000
vn -0.537798 -0.843074 0.000000
vn -0.537798 -0.843074 0.000000
vn -0.537798 -0.843074 0.000000
vn 0.630646 -0.725873 -0.274579
vn 0.630646 -0.725873 -0.274579
vn 0.630646 -0.725873 -0.274579
vn -0.331550 -0.519749 0.787360
vn -0.331550 -0.519749 0.787360
vn -0.331550 -0.519749 0.787360
vn -0.331548 -0.519749 0.787361
vn -0.331548 -0.519749 0.787361
vn -0.331548 -0.519749 0.787361
vn -0.331549 -0.519750 0.787360
vn -0.331549 -0.519750 0.787360
vn -0.331549 -0.519750 0.787360
vn -0.331549 -0.519749 0.787360
vn -0.331549 -0.519749 0.787360
vn -0.331549 -0.519749 0.787360
vn 0.362837 -0.568816 0.738104
vn 0.362837 -0.568816 0.738104
vn 0.362837 -0.568816 0.738104
vn 0.362839 -0.568814 0.738105
vn 0.362839 -0.568814 0.738105
vn 0.362839 -0.568814 0.738105
vn 0.769497 0.490830 0.408608
vn 0.769497 0.490830 0.408608
vn 0.769497 0.490830 0.408608
vn 0.769497 0.490830 0.408608
vn 0.769497 0.490830 0.408608
vn 0.769497 0.490830 0.408608
vn 0.843095 0.537765 0.000000
vn 0.843095 0.537765 0.000000
vn 0.843095 0.537765 0.000000
vn 0.502064 0.320242 0.803354
vn 0.502064 0.320242 0.803354
vn 0.502064 0.320242 0.803354
vn 0.502062 0.320244 0.803354
vn 0.502062 0.320244 0.803354
vn 0.502062 0.320244 0.803354
vn -0.843091 0.537771 0.000000
vn -0.843091 0.537771 0.000000
vn -0.843091 0.537771 0.000000
vn -0.537798 -0.843074 -0.000001
vn -0.537798 -0.843074 -0.000001
vn -0.537798 -0.843074 -0.000001
vn -0.537798 -0.843074 -0.000001
vn -0.537798 -0.843074 -0.000001
vn -0.537798 -0.843074 -0.000001
vn -0.843090 0.537772 0.000000
vn -0.843090 0.537772 0.000000
vn -0.843090 0.537772 0.000000
vn -0.843090 0.537772 0.000000
vn -0.843090 0.537772 0.000000
vn -0.843090 0.537772 0.000000
vn -0.843090 0.537772 0.000000
vn -0.843090 0.537772 0.000000
vn -0.843090 0.537772 0.000000
vn 0.537798 -0.843074 -0.000001
vn 0.537798 -0.843074 -0.000001
vn 0.537798 -0.843074 -0.000001
vn 0.537798 -0.843074 -0.000001
vn 0.537798 -0.843074 -0.000001
vn 0.537798 -0.843074 -0.000001
vn 0.684701 0.436742 -0.583473
vn 0.684701 0.436742 -0.583473
vn 0.684701 0.436742 -0.583473
vn 0.684701 0.436742 -0.583473
vn 0.684701 0.436742 -0.583473
vn 0.684701 0.436742 -0.583473
vn 0.843090 0.537772 0.000000
vn 0.843090 0.537772 0.000000
vn 0.843090 0.537772 0.000000
vn -0.843091 0.537771 0.000000
vn -0.843091 0.537771 0.000000
vn -0.843091 0.537771 0.000000
vn 0.324183 -0.508202 -0.797895
vn 0.324183 -0.508202 -0.797895
vn 0.324183 -0.508202 -0.797895
vn 0.324183 -0.508202 -0.797895
vn 0.324183 -0.508202 -0.797895
vn 0.324183 -0.508202 -0.797895
vn -0.766054 0.642777 0.000000
vn -0.766054 0.642777 0.000000
vn -0.766054 0.642777 0.000000
vn -0.766054 0.642777 0.000000
vn -0.766054 0.642777 0.000000
vn -0.766054 0.642777 0.000000
vn 0.635110 0.405110 0.657664
vn 0.635110 0.405110 0.657664
vn 0.635110 0.405110 0.657664
vn 0.635111 0.405107 0.657665
vn 0.635111 0.405107 0.657665
vn 0.635111 0.405107 0.657665
vn 0.324183 -0.508201 -0.797896
vn 0.324183 -0.508201 -0.797896
vn 0.324183 -0.508201 -0.797896
vn 0.324183 -0.508202 -0.797895
vn 0.324183 -0.508202 -0.797895
vn 0.324183 -0.508202 -0.797895
vn 0.324183 -0.508201 -0.797895
vn 0.324183 -0.508201 -0.797895
vn 0.324183 -0.508201 -0.797895
vn 0.682780 -0.195346 -0.704025
vn 0.682780 -0.195346 -0.704025
vn 0.682780 -0.195346 -0.704025
vn -0.769498 0.490829 0.408608
vn -0.769498 0.490829 0.408608
vn -0.769498 0.490829 0.408608
vn -0.769498 0.490829 0.408608
vn -0.769498 0.490829 0.408608
vn -0.769498 0.490829 0.408608
vn -1.000000 0.000000 0.000000
vn -1.000000 0.000000 0.000000
vn -1.000000 0.000000 0.000000
vn -1.000000 0.000000 0.000000
vn -1.000000 0.000000 0.000000
vn -1.000000 0.000000 0.000000
vn -1.000000 0.000000 0.000000
vn -1.000000 0.000000 0.000000
vn -1.000000 0.000000 0.000000
vn -1.000000 0.000000 0.000000
vn -1.000000 0.000000 0.000000
vn -1.000000 0.000000 0.000000
vn -1.000000 0.000000 0.000000
vn -1.000000 0.000000 0.000000
vn -1.000000 0.000000 0.000000
vn -1.000000 0.000000 0.000000
vn -1.000000 0.000000 0.000000
vn -1.000000 0.000000 0.000000
vn -1.000000 0.000000 0.000000
vn -1.000000 0.000000 0.000000
vn -1.000000 0.000000 0.000000
vn -1.000000 0.000000 0.000000
vn -1.000000 0.000000 0.000000
vn -1.000000 0.000000 0.000000
vn -1.000000 0.000000 0.000000
vn -1.000000 0.000000 0.000000
vn -1.000000 0.000000 0.000000
vn -1.000000 0.000000 0.000000
vn -1.000000 0.000000 0.000000
vn -1.000000 0.000000 0.000000
vn -1.000000 0.000000 0.000000
vn -1.000000 0.000000 0.000000
vn -1.000000 0.000000 0.000000
vn -1.000000 0.000000 0.000000
vn -1.000000 0.000000 0.000000
vn -1.000000 0.000000 0.000000
vn -1.000000 0.000000 0.000000
vn -1.000000 0.000000 0.000000
vn -1.000000 0.000000 0.000000
vn -1.000000 0.000000 0.000000
vn -1.000000 0.000000 0.000000
vn -1.000000 0.000000 0.000000
vn -1.000000 0.000000 0.000000
vn -1.000000 0.000000 0.000000
vn -1.000000 0.000000 0.000000
vn -1.000000 0.000000 0.000000
vn -1.000000 0.000000 0.000000
vn -1.000000 0.000000 0.000000
vn -1.000000 0.000000 0.000000
vn -1.000000 0.000000 0.000000
vn -1.000000 0.000000 0.000000
vn -1.000000 0.000000 0.000000
vn -1.000000 0.000000 0.000000
vn -1.000000 0.000000 0.000000
vn -1.000000 0.000000 0.000000
vn -1.000000 0.000000 0.000000
vn -1.000000 0.000000 0.000000
vn -1.000000 0.000000 0.000000
vn -1.000000 0.000000 0.000000
vn -1.000000 0.000000 0.000000
vn -1.000000 0.000000 0.000000
vn -1.000000 0.000000 0.000000
vn -1.000000 0.000000 0.000000
vn -1.000000 0.000000 0.000000
vn -1.000000 0.000000 0.000000
vn -1.000000 0.000000 0.000000
vn -1.000000 0.000000 0.000000
vn -1.000000 0.000000 0.000000
vn -1.000000 0.000000 0.000000
vn -1.000000 0.000000 0.000000
vn -1.000000 0.000000 0.000000
vn -1.000000 0.000000 0.000000
vn -1.000000 0.000000 0.000000
vn -1.000000 0.000000 0.000000
vn -1.000000 0.000000 0.000000
vn -1.000000 0.000000 0.000000
vn -1.000000 0.000000 0.000000
vn -1.000000 0.000000 0.000000
vn -1.000000 0.000000 0.000000
vn -1.000000 0.000000 0.000000
vn -1.000000 0.000000 0.000000
vn -1.000000 0.000000 0.000000
vn -1.000000 0.000000 0.000000
vn -1.000000 0.000000 0.000000
vn -1.000000 0.000000 0.000000
vn -1.000000 0.000000 0.000000
vn -1.000000 0.000000 0.000000
vn -1.000000 0.000000 0.000000
vn -1.000000 0.000000 0.000000
vn -1.000000 0.000000 0.000000
vn -1.000000 0.000000 0.000000
vn -1.000000 0.000000 0.000000
vn -1.000000 0.000000 0.000000
vn 0.843093 0.537768 0.000000
vn 0.843093 0.537768 0.000000
vn 0.843093 0.537768 0.000000
vn 0.843090 0.537772 0.000000
vn 0.843090 0.537772 0.000000
vn 0.843090 0.537772 0.000000
vn 0.000000 0.000000 1.000000
vn 0.000000 0.000000 1.000000
vn 0.000000 0.000000 1.000000
vn -0.343721 0.219244 -0.913120
vn -0.343721 0.219244 -0.913120
vn -0.343721 0.219244 -0.913120
vn -0.343721 0.219244 -0.913120
vn -0.343721 0.219244 -0.913120
vn -0.343721 0.219244 -0.913120
vn 0.769497 0.490830 0.408608
vn 0.769497 0.490830 0.408608
vn 0.769497 0.490830 0.408608
vn 0.769497 0.490830 0.408608
vn 0.769497 0.490830 0.408608
vn 0.769497 0.490830 0.408608
vn -0.843090 0.537772 0.000000
vn -0.843090 0.537772 0.000000
vn -0.843090 0.537772 0.000000
vn -0.843090 0.537772 0.000000
vn -0.843090 0.537772 0.000000
vn -0.843090 0.537772 0.000000
vn 0.519420 0.331317 0.787675
vn 0.519420 0.331317 0.787675
vn 0.519420 0.331317 0.787675
vn 0.519420 0.331317 0.787675
vn 0.519420 0.331317 0.787675
vn 0.519420 0.331317 0.787675
vn -0.766058 0.642771 0.000000
vn -0.766058 0.642771 0.000000
vn -0.766058 0.642771 0.000000
vn -0.766058 0.642771 0.000000
vn -0.766058 0.642771 0.000000
vn -0.766058 0.642771 0.000000
vn 0.324183 -0.508202 -0.797895
vn 0.324183 -0.508202 -0.797895
vn 0.324183 -0.508202 -0.797895
vn 0.324183 -0.508201 -0.797895
vn 0.324183 -0.508201 -0.797895
vn 0.324183 -0.508201 -0.797895
vn 0.000000 0.000000 1.000000
vn 0.000000 0.000000 1.000000
vn 0.000000 0.000000 1.000000
vn 0.000000 0.000000 0.000000
vn 0.000000 0.000000 0.000000
vn 0.000000 0.000000 0.000000
vn 0.000000 0.000000 0.000000
vn 0.000000 0.000000 0.000000
vn 0.000000 0.000000 0.000000
vn -0.222904 0.974840 0.000000
vn -0.222904 0.974840 0.000000
vn -0.222904 0.974840 0.000000
vn -0.222903 0.974841 0.000000
vn -0.222903 0.974841 0.000000
vn -0.222903 0.974841 0.000000
vn 0.637167 0.406426 -0.654855
vn 0.637167 0.406426 -0.654855
vn 0.637167 0.406426 -0.654855
vn 0.637168 0.406423 -0.654857
vn 0.637168 0.406423 -0.654857
vn 0.637168 0.406423 -0.654857
vn -0.324183 -0.508203 -0.797894
vn -0.324183 -0.508203 -0.797894
vn -0.324183 -0.508203 -0.797894
vn -0.324183 -0.508201 -0.797895
vn -0.324183 -0.508201 -0.797895
vn -0.324183 -0.508201 -0.797895
vn 0.324184 -0.508202 -0.797894
vn 0.324184 -0.508202 -0.797894
vn 0.324184 -0.508202 -0.797894
vn 0.324183 -0.508202 -0.797895
vn 0.324183 -0.508202 -0.797895
vn 0.324183 -0.508202 -0.797895
vn 0.843090 0.537772 0.000000
vn 0.843090 0.537772 0.000000
vn 0.843090 0.537772 0.000000
vn 0.324183 -0.508202 -0.797895
vn 0.324183 -0.508202 -0.797895
vn 0.324183 -0.508202 -0.797895
vn 0.324183 -0.508202 -0.797895
vn 0.324183 -0.508202 -0.797895
vn 0.324183 -0.508202 -0.797895
vn 0.510246 0.325465 -0.796067
vn 0.510246 0.325465 -0.796067
vn 0.510246 0.325465 -0.796067
vn 0.510246 0.325467 -0.796066
vn 0.510246 0.325467 -0.796066
vn 0.510246 0.325467 -0.796066
vn -0.575528 0.367104 0.730755
vn -0.575528 0.367104 0.730755
vn -0.575528 0.367104 0.730755
vn -0.575528 0.367104 0.730755
vn -0.575528 0.367104 0.730755
vn -0.575528 0.367104 0.730755
vn -0.537801 -0.843072 0.000000
vn -0.537801 -0.843072 0.000000
vn -0.537801 -0.843072 0.000000
vn -0.537798 -0.843073 0.000001
vn -0.537798 -0.843073 0.000001
vn -0.537798 -0.843073 0.000001
vn -0.537798 -0.843074 0.000001
vn -0.537798 -0.843074 0.000001
vn -0.537798 -0.843074 0.000001
vn -0.537798 -0.843074 0.000001
vn -0.537798 -0.843074 0.000001
vn -0.537798 -0.843074 0.000001
vn -0.537796 -0.843075 0.000004
vn -0.537796 -0.843075 0.000004
vn -0.537796 -0.843075 0.000004
vn -0.537799 -0.843073 0.000000
vn -0.537799 -0.843073 0.000000
vn -0.537799 -0.843073 0.000000
vn 0.000000 0.000000 1.000000
vn 0.000000 0.000000 1.000000
vn 0.000000 0.000000 1.000000
vn -0.537798 -0.843073 -0.000001
vn -0.537798 -0.843073 -0.000001
vn -0.537798 -0.843073 -0.000001
vn -0.537798 -0.843073 -0.000001
vn -0.537798 -0.843073 -0.000001
vn -0.537798 -0.843073 -0.000001
vn -0.458018 0.292150 -0.839564
vn -0.458018 0.292150 -0.839564
vn -0.458018 0.292150 -0.839564
vn -0.458018 0.292150 -0.839564
vn -0.458018 0.292150 -0.839564
vn -0.458018 0.292150 -0.839564
vn 0.324183 -0.508202 0.797895
vn 0.324183 -0.508202 0.797895
vn 0.324183 -0.508202 0.797895
vn 0.324183 -0.508202 0.797895
vn 0.324183 -0.508202 0.797895
vn 0.324183 -0.508202 0.797895
vn 0.000000 0.000000 1.000000
vn 0.000000 0.000000 1.000000
vn 0.000000 0.000000 1.000000
vn 0.000000 0.000000 1.000000
vn 0.000000 0.000000 1.000000
vn 0.000000 0.000000 1.000000
vn 0.000000 0.000000 1.000000
vn 0.000000 0.000000 1.000000
vn 0.000000 0.000000 1.000000
vn -0.331548 -0.519749 0.787361
vn -0.331548 -0.519749 0.787361
vn -0.331548 -0.519749 0.787361
vn -0.331548 -0.519748 0.787362
vn -0.331548 -0.519748 0.787362
vn -0.331548 -0.519748 0.787362
vn -0.331548 -0.519749 0.787361
vn -0.331548 -0.519749 0.787361
vn -0.331548 -0.519749 0.787361
vn -0.331548 -0.519749 0.787361
vn -0.331548 -0.519749 0.787361
vn -0.331548 -0.519749 0.787361
vn 0.843090 0.537772 0.000000
vn 0.843090 0.537772 0.000000
vn 0.843090 0.537772 0.000000
vn 0.843090 0.537772 0.000000
vn 0.843090 0.537772 0.000000
vn 0.843090 0.537772 0.000000
vn 0.537799 -0.843073 -0.000000
vn 0.537799 -0.843073 -0.000000
vn 0.537799 -0.843073 -0.000000
vn 0.537799 -0.843073 0.000000
vn 0.537799 -0.843073 0.000000
vn 0.537799 -0.843073 0.000000
vn 0.537799 -0.843073 0.000000
vn 0.537799 -0.843073 0.000000
vn 0.537799 -0.843073 0.000000
vn 0.537799 -0.843073 -0.000000
vn 0.537799 -0.843073 -0.000000
vn 0.537799 -0.843073 -0.000000
vn 0.000000 0.000000 0.000000
vn 0.000000 0.000000 0.000000
vn 0.000000 0.000000 0.000000
vn 0.000000 0.000000 1.000000
vn 0.000000 0.000000 1.000000
vn 0.000000 0.000000 1.000000
vn 0.331547 -0.519747 0.787363
vn 0.331547 -0.519747 0.787363
vn 0.331547 -0.519747 0.787363
vn 0.331549 -0.519748 0.787361
vn 0.331549 -0.519748 0.787361
vn 0.331549 -0.519748 0.787361
vn 0.331549 -0.519748 0.787361
vn 0.331549 -0.519748 0.787361
vn 0.331549 -0.519748 0.787361
vn 0.331547 -0.519747 0.787362
vn 0.331547 -0.519747 0.787362
vn 0.331547 -0.519747 0.787362
vn 0.331548 -0.519748 0.787361
vn 0.331548 -0.519748 0.787361
vn 0.331548 -0.519748 0.787361
vn -0.215256 -0.337442 -0.916405
vn -0.215256 -0.337442 -0.916405
vn -0.215256 -0.337442 -0.916405
vn -0.215256 -0.337444 -0.916404
vn -0.215256 -0.337444 -0.916404
vn -0.215256 -0.337444 -0.916404
vn -0.215256 -0.337444 -0.916404
vn -0.215256 -0.337444 -0.916404
vn -0.215256 -0.337444 -0.916404
vn -0.331548 -0.519747 -0.787362
vn -0.331548 -0.519747 -0.787362
vn -0.331548 -0.519747 -0.787362
vn -0.331548 -0.519749 -0.787361
vn -0.331548 -0.519749 -0.787361
vn -0.331548 -0.519749 -0.787361
vn 0.642800 0.766034 0.000000
vn 0.642800 0.766034 0.000000
vn 0.642800 0.766034 0.000000
vn 0.642800 0.766034 0.000000
vn 0.642800 0.766034 0.000000
vn 0.642800 0.766034 0.000000
vn 0.000000 0.000000 0.000000
vn 0.000000 0.000000 0.000000
vn 0.000000 0.000000 0.000000
vn 0.000000 0.000000 0.000000
vn 0.000000 0.000000 0.000000
vn 0.000000 0.000000 0.000000
vn 0.537799 -0.843073 0.000000
vn 0.537799 -0.843073 0.000000
vn 0.537799 -0.843073 0.000000
vn 0.537798 -0.843073 -0.000001
vn 0.537798 -0.843073 -0.000001
vn 0.537798 -0.843073 -0.000001
vn 0.537798 -0.843074 0.000000
vn 0.537798 -0.843074 0.000000
vn 0.537798 -0.843074 0.000000
vn 0.537800 -0.843072 0.000000
vn 0.537800 -0.843072 0.000000
vn 0.537800 -0.843072 0.000000
vn 0.843090 0.537772 0.000000
vn 0.843090 0.537772 0.000000
vn 0.843090 0.537772 0.000000
vn 0.843090 0.537772 0.000000
vn 0.843090 0.537772 0.000000
vn 0.843090 0.537772 0.000000
vn -0.324183 -0.508202 -0.797895
vn -0.324183 -0.508202 -0.797895
vn -0.324183 -0.508202 -0.797895
vn -0.324183 -0.508202 -0.797895
vn -0.324183 -0.508202 -0.797895
vn -0.324183 -0.508202 -0.797895
vn -0.537798 -0.843073 -0.000001
vn -0.537798 -0.843073 -0.000001
vn -0.537798 -0.843073 -0.000001
vn -0.537798 -0.843074 0.000000
vn -0.537798 -0.843074 0.000000
vn -0.537798 -0.843074 0.000000
vn -0.537798 -0.843074 0.000000
vn -0.537798 -0.843074 0.000000
vn -0.537798 -0.843074 0.000000
vn -0.537798 -0.843073 0.000000
vn -0.537798 -0.843073 0.000000
vn -0.537798 -0.843073 0.000000
vn -0.537798 -0.843074 0.000000
vn -0.537798 -0.843074 0.000000
vn -0.537798 -0.843074 0.000000
vn -0.541676 0.454504 -0.707116
vn -0.541676 0.454504 -0.707116
vn -0.541676 0.454504 -0.707116
vn -0.541676 0.454502 -0.707118
vn -0.541676 0.454502 -0.707118
vn -0.541676 0.454502 -0.707118
vn -0.324183 -0.508202 0.797895
vn -0.324183 -0.508202 0.797895
vn -0.324183 -0.508202 0.797895
vn -0.324183 -0.508202 0.797895
vn -0.324183 -0.508202 0.797895
vn -0.324183 -0.508202 0.797895
vn -0.766056 0.642774 0.000000
vn -0.766056 0.642774 0.000000
vn -0.766056 0.642774 0.000000
vn -0.766056 0.642774 0.000000
vn -0.766056 0.642774 0.000000
vn -0.766056 0.642774 0.000000
vn 0.537798 -0.843074 0.000000
vn 0.537798 -0.843074 0.000000
vn 0.537798 -0.843074 0.000000
vn 0.537798 -0.843073 0.000002
vn 0.537798 -0.843073 0.000002
vn 0.537798 -0.843073 0.000002
vn 0.537789 -0.843079 0.000000
vn 0.537789 -0.843079 0.000000
vn 0.537789 -0.843079 0.000000
vn 0.537799 -0.843073 -0.000000
vn 0.537799 -0.843073 -0.000000
vn 0.537799 -0.843073 -0.000000
vn 0.537799 -0.843073 0.000000
vn 0.537799 -0.843073 0.000000
vn 0.537799 -0.843073 0.000000
vn 0.537799 -0.843073 -0.000000
vn 0.537799 -0.843073 -0.000000
vn 0.537799 -0.843073 -0.000000
vn 0.000000 0.000000 1.000000
vn 0.000000 0.000000 1.000000
vn 0.000000 0.000000 1.000000
vn 0.000000 0.000000 1.000000
vn 0.000000 0.000000 1.000000
vn 0.000000 0.000000 1.000000
vn 0.843090 0.537772 0.000000
vn 0.843090 0.537772 0.000000
vn 0.843090 0.537772 0.000000
vn 0.843090 0.537772 0.000000
vn 0.843090 0.537772 0.000000
vn 0.843090 0.537772 0.000000
vn -0.843091 0.537771 0.000000
vn -0.843091 0.537771 0.000000
vn -0.843091 0.537771 0.000000
vn -0.843085 0.537780 0.000003
vn -0.843085 0.537780 0.000003
vn -0.843085 0.537780 0.000003
vn -0.843089 0.537774 0.000000
vn -0.843089 0.537774 0.000000
vn -0.843089 0.537774 0.000000
vn -0.843085 0.537780 -0.000012
vn -0.843085 0.537780 -0.000012
vn -0.843085 0.537780 -0.000012
vn 0.635110 0.405110 0.657664
vn 0.635110 0.405110 0.657664
vn 0.635110 0.405110 0.657664
vn 0.635111 0.405107 0.657665
vn 0.635111 0.405107 0.657665
vn 0.635111 0.405107 0.657665
vn 0.000000 0.000000 1.000000
vn 0.000000 0.000000 1.000000
vn 0.000000 0.000000 1.000000
vn 0.000000 0.000000 1.000000
vn 0.000000 0.000000 1.000000
vn 0.000000 0.000000 1.000000
vn 0.000000 0.000000 1.000000
vn 0.000000 0.000000 1.000000
vn 0.000000 0.000000 1.000000
vn 0.000000 0.000000 1.000000
vn 0.000000 0.000000 1.000000
vn 0.000000 0.000000 1.000000
vn 0.103975 0.994580 -0.000001
vn 0.103975 0.994580 -0.000001
vn 0.103975 0.994580 -0.000001
vn 0.103975 0.994580 0.000001
vn 0.103975 0.994580 0.000001
vn 0.103975 0.994580 0.000001
vn 0.103975 0.994580 -0.000001
vn 0.103975 0.994580 -0.000001
vn 0.103975 0.994580 -0.000001
vn 0.103975 0.994580 0.000001
vn 0.103975 0.994580 0.000001
vn 0.103975 0.994580 0.000001
vn 0.103975 0.994580 0.000001
vn 0.103975 0.994580 0.000001
vn 0.103975 0.994580 0.000001
vn 0.103975 0.994580 0.000001
vn 0.103975 0.994580 0.000001
vn 0.103975 0.994580 0.000001
vn 0.103975 0.994580 -0.000001
vn 0.103975 0.994580 -0.000001
vn 0.103975 0.994580 -0.000001
vn 0.103975 0.994580 0.000001
vn 0.103975 0.994580 0.000001
vn 0.103975 0.994580 0.000001
vn 0.299946 -0.470208 -0.830022
vn 0.299946 -0.470208 -0.830022
vn 0.299946 -0.470208 -0.830022
vn 0.299946 -0.470208 -0.830022
vn 0.299946 -0.470208 -0.830022
vn 0.299946 -0.470208 -0.830022
vn 0.413107 0.263504 -0.871727
vn 0.413107 0.263504 -0.871727
vn 0.413107 0.263504 -0.871727
vn 0.413107 0.263505 -0.871727
vn 0.413107 0.263505 -0.871727
vn 0.413107 0.263505 -0.871727
vn 0.843091 0.537772 0.000000
vn 0.843091 0.537772 0.000000
vn 0.843091 0.537772 0.000000
vn 0.843090 0.537772 -0.000000
vn 0.843090 0.537772 -0.000000
vn 0.843090 0.537772 -0.000000
vn 0.449982 0.287028 -0.845654
vn 0.449982 0.287028 -0.845654
vn 0.449982 0.287028 -0.845654
vn 0.324183 -0.508201 0.797895
vn 0.324183 -0.508201 0.797895
vn 0.324183 -0.508201 0.797895
vn 0.324183 -0.508202 0.797895
vn 0.324183 -0.508202 0.797895
vn 0.324183 -0.508202 0.797895
vn -0.554113 0.353445 -0.753682
vn -0.554113 0.353445 -0.753682
vn -0.554113 0.353445 -0.753682
vn -0.554113 0.353445 -0.753682
vn -0.554113 0.353445 -0.753682
vn -0.554113 0.353445 -0.753682
vn -0.843091 0.537771 0.000000
vn -0.843091 0.537771 0.000000
vn -0.843091 0.537771 0.000000
vn 0.400386 0.255390 -0.880038
vn 0.400386 0.255390 -0.880038
vn 0.400386 0.255390 -0.880038
vn -0.412486 0.263108 -0.872141
vn -0.412486 0.263108 -0.872141
vn -0.412486 0.263108 -0.872141
vn -0.412486 0.263110 -0.872140
vn -0.412486 0.263110 -0.872140
vn -0.412486 0.263110 -0.872140
vn 0.502065 0.320246 0.803352
vn 0.502065 0.320246 0.803352
vn 0.502065 0.320246 0.803352
vn 0.502064 0.320246 0.803352
vn 0.502064 0.320246 0.803352
vn 0.502064 0.320246 0.803352
vn -0.843091 0.537771 0.000000
vn -0.843091 0.537771 0.000000
vn -0.843091 0.537771 0.000000
vn 0.766056 0.642774 0.000000
vn 0.766056 0.642774 0.000000
vn 0.766056 0.642774 0.000000
vn 0.766056 0.642774 0.000000
vn 0.766056 0.642774 0.000000
vn 0.766056 0.642774 0.000000
vn 0.000000 0.000000 1.000000
vn 0.000000 0.000000 1.000000
vn 0.000000 0.000000 1.000000
vn 0.000000 0.000000 1.000000
vn 0.000000 0.000000 1.000000
vn 0.000000 0.000000 1.000000
vn 0.000000 0.000000 1.000000
vn 0.000000 0.000000 1.000000
vn 0.000000 0.000000 1.000000
vn 0.000000 0.000000 1.000000
vn 0.000000 0.000000 1.000000
vn 0.000000 0.000000 1.000000
vn 0.000000 0.000000 1.000000
vn 0.000000 0.000000 1.000000
vn 0.000000 0.000000 1.000000
vn 0.000000 0.000000 1.000000
vn 0.000000 0.000000 1.000000
vn 0.000000 0.000000 1.000000
vn 0.000000 0.000000 1.000000
vn 0.000000 0.000000 1.000000
vn 0.000000 0.000000 1.000000
vn 0.000000 0.000000 1.000000
vn 0.000000 0.000000 1.000000
vn 0.000000 0.000000 1.000000
vn 0.000000 0.000000 1.000000
vn 0.000000 0.000000 1.000000
vn 0.000000 0.000000 1.000000
vn 0.000000 0.000000 1.000000
vn 0.000000 0.000000 1.000000
vn 0.000000 0.000000 1.000000
vn 0.696874 0.444506 -0.562833
vn 0.696874 0.444506 -0.562833
vn 0.696874 0.444506 -0.562833
vn 0.696874 0.444503 -0.562835
vn 0.696874 0.444503 -0.562835
vn 0.696874 0.444503 -0.562835
vn -0.843091 0.537771 0.000000
vn -0.843091 0.537771 0.000000
vn -0.843091 0.537771 0.000000
vn -0.323818 0.206550 0.923298
vn -0.323818 0.206550 0.923298
vn -0.323818 0.206550 0.923298
vn -0.323818 0.206550 0.923298
vn -0.323818 0.206550 0.923298
vn -0.323818 0.206550 0.923298
vn -0.331548 -0.519747 0.787362
vn -0.331548 -0.519747 0.787362
vn -0.331548 -0.519747 0.787362
vn -0.331548 -0.519749 0.787361
vn -0.331548 -0.519749 0.787361
vn -0.331548 -0.519749 0.787361
vn -0.331548 -0.519747 0.787362
vn -0.331548 -0.519747 0.787362
vn -0.331548 -0.519747 0.787362
vn -0.331548 -0.519748 0.787362
vn -0.331548 -0.519748 0.787362
vn -0.331548 -0.519748 0.787362
vn 0.843090 0.537772 0.000000
vn 0.843090 0.537772 0.000000
vn 0.843090 0.537772 0.000000
vn 0.103977 0.994580 0.000000
vn 0.103977 0.994580 0.000000
vn 0.103977 0.994580 0.000000
vn 0.103977 0.994580 0.000000
vn 0.103977 0.994580 0.000000
vn 0.103977 0.994580 0.000000
vn 0.000000 0.000000 0.000000
vn 0.000000 0.000000 0.000000
vn 0.000000 0.000000 0.000000
vn 0.000000 0.000000 0.000000
vn 0.000000 0.000000 0.000000
vn 0.000000 0.000000 0.000000
vn 0.000000 0.000000 0.000000
vn 0.000000 0.000000 0.000000
vn 0.000000 0.000000 0.000000
vn 0.000000 0.000000 0.000000
vn 0.000000 0.000000 0.000000
vn 0.000000 0.000000 0.000000
vn 0.537798 0.843074 0.000000
vn 0.537798 0.843074 0.000000
vn 0.537798 0.843074 0.000000
vn 0.537798 0.843074 0.000000
vn 0.537798 0.843074 0.000000
vn 0.537798 0.843074 0.000000
vn 0.537797 0.843074 0.000000
vn 0.537797 0.843074 0.000000
vn 0.537797 0.843074 0.000000
vn -0.843090 0.537773 0.000000
vn -0.843090 0.537773 0.000000
vn -0.843090 0.537773 0.000000
vn -0.843090 0.537773 0.000000
vn -0.843090 0.537773 0.000000
vn -0.843090 0.537773 0.000000
vn 0.324182 -0.508201 0.797896
vn 0.324182 -0.508201 0.797896
vn 0.324182 -0.508201 0.797896
vn 0.324184 -0.508202 0.797894
vn 0.324184 -0.508202 0.797894
vn 0.324184 -0.508202 0.797894
vn 0.324184 -0.508204 0.797893
vn 0.324184 -0.508204 0.797893
vn 0.324184 -0.508204 0.797893
vn 0.324183 -0.508202 0.797895
vn 0.324183 -0.508202 0.797895
vn 0.324183 -0.508202 0.797895
vn 0.331549 -0.519749 0.787360
vn 0.331549 -0.519749 0.787360
vn 0.331549 -0.519749 0.787360
vn 0.331549 -0.519748 0.787361
vn 0.331549 -0.519748 0.787361
vn 0.331549 -0.519748 0.787361
vn 0.843090 0.537772 0.000000
vn 0.843090 0.537772 0.000000
vn 0.843090 0.537772 0.000000
vn 0.843090 0.537772 0.000000
vn 0.843090 0.537772 0.000000
vn 0.843090 0.537772 0.000000
vn 0.843090 0.537772 0.000000
vn 0.843090 0.537772 0.000000
vn 0.843090 0.537772 0.000000
vn 0.000000 0.000000 0.000000
vn 0.000000 0.000000 0.000000
vn 0.000000 0.000000 0.000000
vn 0.000000 0.000000 0.000000
vn 0.000000 0.000000 0.000000
vn 0.000000 0.000000 0.000000
vn -0.292529 0.956257 0.000000
vn -0.292529 0.956257 0.000000
vn -0.292529 0.956257 0.000000
vn -0.292529 0.956257 0.000000
vn -0.292529 0.956257 0.000000
vn -0.292529 0.956257 0.000000
vn 0.541675 0.454503 -0.707118
vn 0.541675 0.454503 -0.707118
vn 0.541675 0.454503 -0.707118
vn 0.541675 0.454504 -0.707117
vn 0.541675 0.454504 -0.707117
vn 0.541675 0.454504 -0.707117
vn -0.407052 -0.638111 -0.653546
vn -0.407052 -0.638111 -0.653546
vn -0.407052 -0.638111 -0.653546
vn -0.407052 -0.638108 -0.653549
vn -0.407052 -0.638108 -0.653549
vn -0.407052 -0.638108 -0.653549
vn 0.000000 0.000000 1.000000
vn 0.000000 0.000000 1.000000
vn 0.000000 0.000000 1.000000
vn 0.843090 0.537772 0.000000
vn 0.843090 0.537772 0.000000
vn 0.843090 0.537772 0.000000
vn -0.843091 0.537771 0.000000
vn -0.843091 0.537771 0.000000
vn -0.843091 0.537771 0.000000
vn -0.052422 0.998625 0.000000
vn -0.052422 0.998625 0.000000
vn -0.052422 0.998625 0.000000
vn -0.052422 0.998625 0.000000
vn -0.052422 0.998625 0.000000
vn -0.052422 0.998625 0.000000
vn 0.000000 0.000000 0.000000
vn 0.000000 0.000000 0.000000
vn 0.000000 0.000000 0.000000
vn 0.000000 0.000000 0.000000
vn 0.000000 0.000000 0.000000
vn 0.000000 0.000000 0.000000
vn 0.331548 -0.519749 0.787361
vn 0.331548 -0.519749 0.787361
vn 0.331548 -0.519749 0.787361
vn 0.331548 -0.519747 0.787362
vn 0.331548 -0.519747 0.787362
vn 0.331548 -0.519747 0.787362
vn 0.331548 -0.519747 0.787362
vn 0.331548 -0.519747 0.787362
vn 0.331548 -0.519747 0.787362
vn 0.331547 -0.519747 0.787362
vn 0.331547 -0.519747 0.787362
vn 0.331547 -0.519747 0.787362
vn 0.537798 -0.843074 -0.000001
vn 0.537798 -0.843074 -0.000001
vn 0.537798 -0.843074 -0.000001
vn 0.537798 -0.843074 -0.000001
vn 0.537798 -0.843074 -0.000001
vn 0.537798 -0.843074 -0.000001
vn 0.537798 -0.843074 0.000000
vn 0.537798 -0.843074 0.000000
vn 0.537798 -0.843074 0.000000
vn 0.537799 -0.843073 0.000000
vn 0.537799 -0.843073 0.000000
vn 0.537799 -0.843073 0.000000
vn 0.000000 0.000000 0.000000
vn 0.000000 0.000000 0.000000
vn 0.000000 0.000000 0.000000
vn 0.843092 0.537770 0.000000
vn 0.843092 0.537770 0.000000
vn 0.843092 0.537770 0.000000
vn 0.000000 0.000000 0.000000
vn 0.000000 0.000000 0.000000
vn 0.000000 0.000000 0.000000
vn 0.537799 -0.843073 0.000000
vn 0.537799 -0.843073 0.000000
vn 0.537799 -0.843073 0.000000
vn 0.537799 -0.843073 0.000000
vn 0.537799 -0.843073 0.000000
vn 0.537799 -0.843073 0.000000
vn 0.537799 -0.843073 0.000000
vn 0.537799 -0.843073 0.000000
vn 0.537799 -0.843073 0.000000
vn 0.331549 -0.519749 0.787360
vn 0.331549 -0.519749 0.787360
vn 0.331549 -0.519749 0.787360
vn 0.331549 -0.519748 0.787361
vn 0.331549 -0.519748 0.787361
vn 0.331549 -0.519748 0.787361
vn 0.103977 0.994580 0.000000
vn 0.103977 0.994580 0.000000
vn 0.103977 0.994580 0.000000
vn 0.103976 0.994580 0.000000
vn 0.103976 0.994580 0.000000
vn 0.103976 0.994580 0.000000
vn 0.103975 0.994580 0.000001
vn 0.103975 0.994580 0.000001
vn 0.103975 0.994580 0.000001
vn 0.103977 0.994580 -0.000001
vn 0.103977 0.994580 -0.000001
vn 0.103977 0.994580 -0.000001
vn 0.103980 0.994579 0.000000
vn 0.103980 0.994579 0.000000
vn 0.103980 0.994579 0.000000
vn 0.103980 0.994579 0.000000
vn 0.103980 0.994579 0.000000
vn 0.103980 0.994579 0.000000
vn 0.000000 0.000000 0.000000
vn 0.000000 0.000000 0.000000
vn 0.000000 0.000000 0.000000
vn -0.425127 -0.509001 0.748455
vn -0.425127 -0.509001 0.748455
vn -0.425127 -0.509001 0.748455
vn 0.332614 0.212161 0.918888
vn 0.332614 0.212161 0.918888
vn 0.332614 0.212161 0.918888
vn 0.332615 0.212159 0.918889
vn 0.332615 0.212159 0.918889
vn 0.332615 0.212159 0.918889
vn -0.843090 -0.537773 0.000000
vn -0.843090 -0.537773 0.000000
vn -0.843090 -0.537773 0.000000
vn -0.843090 -0.537773 0.000000
vn -0.843090 -0.537773 0.000000
vn -0.843090 -0.537773 0.000000
vn -0.843090 -0.537773 0.000000
vn -0.843090 -0.537773 0.000000
vn -0.843090 -0.537773 0.000000
vn 0.398144 0.253959 0.881468
vn 0.398144 0.253959 0.881468
vn 0.398144 0.253959 0.881468
vn 0.398144 0.253959 0.881468
vn 0.398144 0.253959 0.881468
vn 0.398144 0.253959 0.881468
vn -0.331549 -0.519749 0.787361
vn -0.331549 -0.519749 0.787361
vn -0.331549 -0.519749 0.787361
vn -0.331549 -0.519749 0.787361
vn -0.331549 -0.519749 0.787361
vn -0.331549 -0.519749 0.787361
vn -0.331549 -0.519749 0.787361
vn -0.331549 -0.519749 0.787361
vn -0.331549 -0.519749 0.787361
vn -0.331549 -0.519749 0.787360
vn -0.331549 -0.519749 0.787360
vn -0.331549 -0.519749 0.787360
vn -0.843090 0.537772 0.000000
vn -0.843090 0.537772 0.000000
vn -0.843090 0.537772 0.000000
vn 0.000000 -0.000000 -1.000000
vn 0.000000 -0.000000 -1.000000
vn 0.000000 -0.000000 -1.000000
vn 0.843090 0.537772 0.000000
vn 0.843090 0.537772 0.000000
vn 0.843090 0.537772 0.000000
vn -0.537801 -0.843072 0.000000
vn -0.537801 -0.843072 0.000000
vn -0.537801 -0.843072 0.000000
vn -0.537799 -0.843073 0.000001
vn -0.537799 -0.843073 0.000001
vn -0.537799 -0.843073 0.000001
vn -0.537798 -0.843074 0.000000
vn -0.537798 -0.843074 0.000000
vn -0.537798 -0.843074 0.000000
vn -0.537798 -0.843074 0.000000
vn -0.537798 -0.843074 0.000000
vn -0.537798 -0.843074 0.000000
vn -0.537799 -0.843073 -0.000001
vn -0.537799 -0.843073 -0.000001
vn -0.537799 -0.843073 -0.000001
vn -0.537799 -0.843073 -0.000001
vn -0.537799 -0.843073 -0.000001
vn -0.537799 -0.843073 -0.000001
vn -0.378883 -0.924849 0.033209
vn -0.378883 -0.924849 0.033209
vn -0.378883 -0.924849 0.033209
vn 0.324182 -0.508201 -0.797896
vn 0.324182 -0.508201 -0.797896
vn 0.324182 -0.508201 -0.797896
vn 0.324183 -0.508203 -0.797894
vn 0.324183 -0.508203 -0.797894
vn 0.324183 -0.508203 -0.797894
vn 0.324183 -0.508201 -0.797895
vn 0.324183 -0.508201 -0.797895
vn 0.324183 -0.508201 -0.797895
vn 0.843090 0.537772 0.000000
vn 0.843090 0.537772 0.000000
vn 0.843090 0.537772 0.000000
vn 0.000000 0.000000 1.000000
vn 0.000000 0.000000 1.000000
vn 0.000000 0.000000 1.000000
vn -0.537798 -0.843074 0.000000
vn -0.537798 -0.843074 0.000000
vn -0.537798 -0.843074 0.000000
vn -0.537798 -0.843074 0.000000
vn -0.537798 -0.843074 0.000000
vn -0.537798 -0.843074 0.000000
vn -0.537798 -0.843074 0.000000
vn -0.537798 -0.843074 0.000000
vn -0.537798 -0.843074 0.000000
vn -0.537798 -0.843074 0.000000
vn -0.537798 -0.843074 0.000000
vn -0.537798 -0.843074 0.000000
vn -0.537798 -0.843074 0.000000
vn -0.537798 -0.843074 0.000000
vn -0.537798 -0.843074 0.000000
vn -0.537798 -0.843074 0.000000
vn -0.537798 -0.843074 0.000000
vn -0.537798 -0.843074 0.000000
vn -0.537798 -0.843074 0.000000
vn -0.537798 -0.843074 0.000000
vn -0.537798 -0.843074 0.000000
vn 0.317261 0.948338 0.000000
vn 0.317261 0.948338 0.000000
vn 0.317261 0.948338 0.000000
vn 0.000000 0.000000 0.000000
vn 0.000000 0.000000 0.000000
vn 0.000000 0.000000 0.000000
vn 0.317262 0.948338 0.000000
vn 0.317262 0.948338 0.000000
vn 0.317262 0.948338 0.000000
vn 0.317261 0.948338 0.000000
vn 0.317261 0.948338 0.000000
vn 0.317261 0.948338 0.000000
vn 0.317262 0.948338 0.000000
vn 0.317262 0.948338 0.000000
vn 0.317262 0.948338 0.000000
vn 0.317261 0.948338 0.000000
vn 0.317261 0.948338 0.000000
vn 0.317261 0.948338 0.000000
vn 0.000000 0.000000 0.000000
vn 0.000000 0.000000 0.000000
vn 0.000000 0.000000 0.000000
vn -0.642799 -0.766034 0.000000
vn -0.642799 -0.766034 0.000000
vn -0.642799 -0.766034 0.000000
vn -0.642799 -0.766034 0.000000
vn -0.642799 -0.766034 0.000000
vn -0.642799 -0.766034 0.000000
vn -0.292529 0.956257 0.000000
vn -0.292529 0.956257 0.000000
vn -0.292529 0.956257 0.000000
vn -0.292529 0.956257 0.000000
vn -0.292529 0.956257 0.000000
vn -0.292529 0.956257 0.000000
vn -0.292529 0.956257 0.000000
vn -0.292529 0.956257 0.000000
vn -0.292529 0.956257 0.000000
vn -0.292529 0.956257 0.000000
vn -0.292529 0.956257 0.000000
vn -0.292529 0.956257 0.000000
vn 0.843093 0.537768 0.000000
vn 0.843093 0.537768 0.000000
vn 0.843093 0.537768 0.000000
vn 0.843090 0.537773 0.000000
vn 0.843090 0.537773 0.000000
vn 0.843090 0.537773 0.000000
vn 0.843090 0.537772 0.000000
vn 0.843090 0.537772 0.000000
vn 0.843090 0.537772 0.000000
vn 0.331549 -0.519749 0.787360
vn 0.331549 -0.519749 0.787360
vn 0.331549 -0.519749 0.787360
vn 0.331549 -0.519749 0.787360
vn 0.331549 -0.519749 0.787360
vn 0.331549 -0.519749 0.787360
vn -0.843091 0.537771 0.000000
vn -0.843091 0.537771 0.000000
vn -0.843091 0.537771 0.000000
vn -0.843091 0.537771 0.000000
vn -0.843091 0.537771 0.000000
vn -0.843091 0.537771 0.000000
vn -0.843091 0.537771 0.000000
vn -0.843091 0.537771 0.000000
vn -0.843091 0.537771 0.000000
vn -0.282827 -0.443371 0.850547
vn -0.282827 -0.443371 0.850547
vn -0.282827 -0.443371 0.850547
vn -0.282827 -0.443371 0.850547
vn -0.282827 -0.443371 0.850547
vn -0.282827 -0.443371 0.850547
vn 0.000000 0.000000 1.000000
vn 0.000000 0.000000 1.000000
vn 0.000000 0.000000 1.000000
vn 0.000000 0.000000 1.000000
vn 0.000000 0.000000 1.000000
vn 0.000000 0.000000 1.000000
vn 0.537799 -0.843073 -0.000000
vn 0.537799 -0.843073 -0.000000
vn 0.537799 -0.843073 -0.000000
vn 0.537799 -0.843073 0.000000
vn 0.537799 -0.843073 0.000000
vn 0.537799 -0.843073 0.000000
vn 0.537799 -0.843073 -0.000000
vn 0.537799 -0.843073 -0.000000
vn 0.537799 -0.843073 -0.000000
vn 0.537799 -0.843073 0.000000
vn 0.537799 -0.843073 0.000000
vn 0.537799 -0.843073 0.000000
vn 0.537799 -0.843073 -0.000000
vn 0.537799 -0.843073 -0.000000
vn 0.537799 -0.843073 -0.000000
vn 0.537797 -0.843074 0.000002
vn 0.537797 -0.843074 0.000002
vn 0.537797 -0.843074 0.000002
vn 0.537799 -0.843073 0.000000
vn 0.537799 -0.843073 0.000000
vn 0.537799 -0.843073 0.000000
vn 0.537799 -0.843073 0.000000
vn 0.537799 -0.843073 0.000000
vn 0.537799 -0.843073 0.000000
vn 0.537799 -0.843073 0.000000
vn 0.537799 -0.843073 0.000000
vn 0.537799 -0.843073 0.000000
vn 0.537799 -0.843073 0.000000
vn 0.537799 -0.843073 0.000000
vn 0.537799 -0.843073 0.000000
vn 0.537799 -0.843073 0.000000
vn 0.537799 -0.843073 0.000000
vn 0.537799 -0.843073 0.000000
vn 0.537791 -0.843078 0.000000
vn 0.537791 -0.843078 0.000000
vn 0.537791 -0.843078 0.000000
vn 0.537798 -0.843074 0.000001
vn 0.537798 -0.843074 0.000001
vn 0.537798 -0.843074 0.000001
vn 0.537798 -0.843074 0.000002
vn 0.537798 -0.843074 0.000002
vn 0.537798 -0.843074 0.000002
vn 0.537796 -0.843075 0.000008
vn 0.537796 -0.843075 0.000008
vn 0.537796 -0.843075 0.000008
vn 0.217508 0.138739 0.966148
vn 0.217508 0.138739 0.966148
vn 0.217508 0.138739 0.966148
vn 0.217508 0.138739 0.966148
vn 0.217508 0.138739 0.966148
vn 0.217508 0.138739 0.966148
vn -0.000372 0.002128 0.999998
vn -0.000372 0.002128 0.999998
vn -0.000372 0.002128 0.999998
vn 0.000000 0.000000 1.000000
vn 0.000000 0.000000 1.000000
vn 0.000000 0.000000 1.000000
vn 0.000000 0.000000 1.000000
vn 0.000000 0.000000 1.000000
vn 0.000000 0.000000 1.000000
vn 0.000000 0.000000 1.000000
vn 0.000000 0.000000 1.000000
vn 0.000000 0.000000 1.000000
vn 0.843090 0.537772 0.000000
vn 0.843090 0.537772 0.000000
vn 0.843090 0.537772 0.000000
vn 0.537799 -0.843073 0.000000
vn 0.537799 -0.843073 0.000000
vn 0.537799 -0.843073 0.000000
vn 0.537799 -0.843073 0.000000
vn 0.537799 -0.843073 0.000000
vn 0.537799 -0.843073 0.000000
vn 0.537795 -0.843076 0.000000
vn 0.537795 -0.843076 0.000000
vn 0.537795 -0.843076 0.000000
vn 0.537795 -0.843076 0.000000
vn 0.537795 -0.843076 0.000000
vn 0.537795 -0.843076 0.000000
vn 0.537798 -0.843074 0.000000
vn 0.537798 -0.843074 0.000000
vn 0.537798 -0.843074 0.000000
vn 0.537798 -0.843074 0.000000
vn 0.537798 -0.843074 0.000000
vn 0.537798 -0.843074 0.000000
vn 0.537798 -0.843074 0.000000
vn 0.537798 -0.843074 0.000000
vn 0.537798 -0.843074 0.000000
vn 0.537794 -0.843076 0.000010
vn 0.537794 -0.843076 0.000010
vn 0.537794 -0.843076 0.000010
vn 0.537798 -0.843074 0.000000
vn 0.537798 -0.843074 0.000000
vn 0.537798 -0.843074 0.000000
vn 0.537799 -0.843073 0.000000
vn 0.537799 -0.843073 0.000000
vn 0.537799 -0.843073 0.000000
vn -0.331549 -0.519749 -0.787361
vn -0.331549 -0.519749 -0.787361
vn -0.331549 -0.519749 -0.787361
vn -0.331548 -0.519746 -0.787363
vn -0.331548 -0.519746 -0.787363
vn -0.331548 -0.519746 -0.787363
vn -0.331548 -0.519748 -0.787361
vn -0.331548 -0.519748 -0.787361
vn -0.331548 -0.519748 -0.787361
vn -0.537798 -0.843074 0.000001
vn -0.537798 -0.843074 0.000001
vn -0.537798 -0.843074 0.000001
vn -0.537798 -0.843074 -0.000000
vn -0.537798 -0.843074 -0.000000
vn -0.537798 -0.843074 -0.000000
vn -0.537798 -0.843074 0.000000
vn -0.537798 -0.843074 0.000000
vn -0.537798 -0.843074 0.000000
vn 0.000000 0.000000 0.000000
vn 0.000000 0.000000 0.000000
vn 0.000000 0.000000 0.000000
vn 0.613351 0.391231 -0.686104
vn 0.613351 0.391231 -0.686104
vn 0.613351 0.391231 -0.686104
vn 0.613352 0.391228 -0.686105
vn 0.613352 0.391228 -0.686105
vn 0.613352 0.391228 -0.686105
vn -0.331549 -0.519750 0.787360
vn -0.331549 -0.519750 0.787360
vn -0.331549 -0.519750 0.787360
vn -0.331549 -0.519749 0.787360
vn -0.331549 -0.519749 0.787360
vn -0.331549 -0.519749 0.787360
vn -0.537798 -0.843073 -0.000001
vn -0.537798 -0.843073 -0.000001
vn -0.537798 -0.843073 -0.000001
vn -0.537798 -0.843074 -0.000000
vn -0.537798 -0.843074 -0.000000
vn -0.537798 -0.843074 -0.000000
vn -0.537799 -0.843073 0.000000
vn -0.537799 -0.843073 0.000000
vn -0.537799 -0.843073 0.000000
vn 0.000000 0.000000 0.000000
vn 0.000000 0.000000 0.000000
vn 0.000000 0.000000 0.000000
vn 0.000000 0.000000 0.000000
vn 0.000000 0.000000 0.000000
vn 0.000000 0.000000 0.000000
vn -0.537798 -0.843074 0.000000
vn -0.537798 -0.843074 0.000000
vn -0.537798 -0.843074 0.000000
vn -0.537798 -0.843074 0.000000
vn -0.537798 -0.843074 0.000000
vn -0.537798 -0.843074 0.000000
vn -0.305530 0.952182 0.000000
vn -0.305530 0.952182 0.000000
vn -0.305530 0.952182 0.000000
vn -0.305530 0.952182 0.000000
vn -0.305530 0.952182 0.000000
vn -0.305530 0.952182 0.000000
vn 0.000000 0.000000 1.000000
vn 0.000000 0.000000 1.000000
vn 0.000000 0.000000 1.000000
vn 0.000000 0.000000 1.000000
vn 0.000000 0.000000 1.000000
vn 0.000000 0.000000 1.000000
vn 0.843089 0.537774 0.000000
vn 0.843089 0.537774 0.000000
vn 0.843089 0.537774 0.000000
vn 0.843089 0.537774 0.000000
vn 0.843089 0.537774 0.000000
vn 0.843089 0.537774 0.000000
vn 0.843090 0.537772 0.000000
vn 0.843090 0.537772 0.000000
vn 0.843090 0.537772 0.000000
vn 0.843090 0.537772 0.000000
vn 0.843090 0.537772 0.000000
vn 0.843090 0.537772 0.000000
vn 0.843090 -0.537773 0.000000
vn 0.843090 -0.537773 0.000000
vn 0.843090 -0.537773 0.000000
vn 0.843090 -0.537773 0.000000
vn 0.843090 -0.537773 0.000000
vn 0.843090 -0.537773 0.000000
vn 0.537798 -0.843074 -0.000001
vn 0.537798 -0.843074 -0.000001
vn 0.537798 -0.843074 -0.000001
vn 0.537798 -0.843074 -0.000000
vn 0.537798 -0.843074 -0.000000
vn 0.537798 -0.843074 -0.000000
vn 0.537798 -0.843074 -0.000001
vn 0.537798 -0.843074 -0.000001
vn 0.537798 -0.843074 -0.000001
vn 0.537798 -0.843074 0.000000
vn 0.537798 -0.843074 0.000000
vn 0.537798 -0.843074 0.000000
vn 0.537809 -0.843067 0.000004
vn 0.537809 -0.843067 0.000004
vn 0.537809 -0.843067 0.000004
vn 0.537800 -0.843072 0.000000
vn 0.537800 -0.843072 0.000000
vn 0.537800 -0.843072 0.000000
vn 0.537799 -0.843073 0.000000
vn 0.537799 -0.843073 0.000000
vn 0.537799 -0.843073 0.000000
vn 0.537800 -0.843072 0.000000
vn 0.537800 -0.843072 0.000000
vn 0.537800 -0.843072 0.000000
vn -0.642801 -0.766033 0.000000
vn -0.642801 -0.766033 0.000000
vn -0.642801 -0.766033 0.000000
vn -0.642801 -0.766033 0.000000
vn -0.642801 -0.766033 0.000000
vn -0.642801 -0.766033 0.000000
vn 0.000000 0.000000 0.000000
vn 0.000000 0.000000 0.000000
vn 0.000000 0.000000 0.000000
vn -0.103976 0.994580 0.000000
vn -0.103976 0.994580 0.000000
vn -0.103976 0.994580 0.000000
vn -0.103976 0.994580 0.000000
vn -0.103976 0.994580 0.000000
vn -0.103976 0.994580 0.000000
vn -0.103976 0.994580 0.000000
vn -0.103976 0.994580 0.000000
vn -0.103976 0.994580 0.000000
vn -0.843091 0.537771 0.000000
vn -0.843091 0.537771 0.000000
vn -0.843091 0.537771 0.000000
vn -0.389723 -0.919603 -0.049455
vn -0.389723 -0.919603 -0.049455
vn -0.389723 -0.919603 -0.049455
vn -0.261843 0.965110 0.000000
vn -0.261843 0.965110 0.000000
vn -0.261843 0.965110 0.000000
vn -0.261843 0.965110 0.000000
vn -0.261843 0.965110 0.000000
vn -0.261843 0.965110 0.000000
vn 0.000000 0.000000 0.000000
vn 0.000000 0.000000 0.000000
vn 0.000000 0.000000 0.000000
vn 0.000000 0.000000 0.000000
vn 0.000000 0.000000 0.000000
vn 0.000000 0.000000 0.000000
vn -0.261843 0.965110 0.000000
vn -0.261843 0.965110 0.000000
vn -0.261843 0.965110 0.000000
vn -0.261843 0.965110 0.000000
vn -0.261843 0.965110 0.000000
vn -0.261843 0.965110 0.000000
vn -0.261843 0.965110 0.000000
vn -0.261843 0.965110 0.000000
vn -0.261843 0.965110 0.000000
vn 0.537798 -0.843074 0.000000
vn 0.537798 -0.843074 0.000000
vn 0.537798 -0.843074 0.000000
vn 0.537798 -0.843074 0.000001
vn 0.537798 -0.843074 0.000001
vn 0.537798 -0.843074 0.000001
vn 0.537795 -0.843076 0.000000
vn 0.537795 -0.843076 0.000000
vn 0.537795 -0.843076 0.000000
vn 0.000000 0.000000 0.000000
vn 0.000000 0.000000 0.000000
vn 0.000000 0.000000 0.000000
vn 0.537798 -0.843074 0.000000
vn 0.537798 -0.843074 0.000000
vn 0.537798 -0.843074 0.000000
vn 0.537822 -0.843059 -0.000068
vn 0.537822 -0.843059 -0.000068
vn 0.537822 -0.843059 -0.000068
vn 0.537799 -0.843073 0.000000
vn 0.537799 -0.843073 0.000000
vn 0.537799 -0.843073 0.000000
vn 0.331549 -0.519749 0.787360
vn 0.331549 -0.519749 0.787360
vn 0.331549 -0.519749 0.787360
vn 0.331549 -0.519748 0.787361
vn 0.331549 -0.519748 0.787361
vn 0.331549 -0.519748 0.787361
vn 0.331549 -0.519748 0.787361
vn 0.331549 -0.519748 0.787361
vn 0.331549 -0.519748 0.787361
vn 0.331549 -0.519749 0.787360
vn 0.331549 -0.519749 0.787360
vn 0.331549 -0.519749 0.787360
vn 0.331545 -0.519749 0.787362
vn 0.331545 -0.519749 0.787362
vn 0.331545 -0.519749 0.787362
vn 0.843089 0.537774 0.000000
vn 0.843089 0.537774 0.000000
vn 0.843089 0.537774 0.000000
vn 0.331548 -0.519749 -0.787361
vn 0.331548 -0.519749 -0.787361
vn 0.331548 -0.519749 -0.787361
vn 0.331548 -0.519748 -0.787361
vn 0.331548 -0.519748 -0.787361
vn 0.331548 -0.519748 -0.787361
vn 0.331548 -0.519748 -0.787361
vn 0.331548 -0.519748 -0.787361
vn 0.331548 -0.519748 -0.787361
vn -0.843091 0.537771 0.000000
vn -0.843091 0.537771 0.000000
vn -0.843091 0.537771 0.000000
vn -0.843088 0.537775 0.000000
vn -0.843088 0.537775 0.000000
vn -0.843088 0.537775 0.000000
vn -0.324183 -0.508202 -0.797895
vn -0.324183 -0.508202 -0.797895
vn -0.324183 -0.508202 -0.797895
vn -0.324183 -0.508202 -0.797895
vn -0.324183 -0.508202 -0.797895
vn -0.324183 -0.508202 -0.797895
vn -0.324183 -0.508202 -0.797895
vn -0.324183 -0.508202 -0.797895
vn -0.324183 -0.508202 -0.797895
vn 0.331548 -0.519748 0.787362
vn 0.331548 -0.519748 0.787362
vn 0.331548 -0.519748 0.787362
vn 0.331549 -0.519751 0.787359
vn 0.331549 -0.519751 0.787359
vn 0.331549 -0.519751 0.787359
vn 0.331548 -0.519748 0.787361
vn 0.331548 -0.519748 0.787361
vn 0.331548 -0.519748 0.787361
vn 0.331550 -0.519748 0.787361
vn 0.331550 -0.519748 0.787361
vn 0.331550 -0.519748 0.787361
vn -0.537798 -0.843074 0.000001
vn -0.537798 -0.843074 0.000001
vn -0.537798 -0.843074 0.000001
vn -0.537798 -0.843074 0.000000
vn -0.537798 -0.843074 0.000000
vn -0.537798 -0.843074 0.000000
vn -0.537799 -0.843073 -0.000001
vn -0.537799 -0.843073 -0.000001
vn -0.537799 -0.843073 -0.000001
vn -0.537796 -0.843075 0.000000
vn -0.537796 -0.843075 0.000000
vn -0.537796 -0.843075 0.000000
vn 0.843091 0.537771 0.000000
vn 0.843091 0.537771 0.000000
vn 0.843091 0.537771 0.000000
vn -0.008265 -0.012956 0.999882
vn -0.008265 -0.012956 0.999882
vn -0.008265 -0.012956 0.999882
vn -0.331549 -0.519750 0.787359
vn -0.331549 -0.519750 0.787359
vn -0.331549 -0.519750 0.787359
vn -0.331549 -0.519749 0.787361
vn -0.331549 -0.519749 0.787361
vn -0.331549 -0.519749 0.787361
vn 0.843090 0.537773 0.000000
vn 0.843090 0.537773 0.000000
vn 0.843090 0.537773 0.000000
vn 0.317259 0.948339 -0.000001
vn 0.317259 0.948339 -0.000001
vn 0.317259 0.948339 -0.000001
vn 0.317259 0.948339 0.000001
vn 0.317259 0.948339 0.000001
vn 0.317259 0.948339 0.000001
vn 0.317258 0.948339 0.000000
vn 0.317258 0.948339 0.000000
vn 0.317258 0.948339 0.000000
vn 0.317259 0.948339 -0.000001
vn 0.317259 0.948339 -0.000001
vn 0.317259 0.948339 -0.000001
vn 0.317261 0.948338 0.000000
vn 0.317261 0.948338 0.000000
vn 0.317261 0.948338 0.000000
vn 0.000000 0.000000 0.000000
vn 0.000000 0.000000 0.000000
vn 0.000000 0.000000 0.000000
vn 0.000000 0.000000 0.000000
vn 0.000000 0.000000 0.000000
vn 0.000000 0.000000 0.000000
vn -0.843091 0.537771 0.000000
vn -0.843091 0.537771 0.000000
vn -0.843091 0.537771 0.000000
vn 0.493154 0.314566 -0.811078
vn 0.493154 0.314566 -0.811078
vn 0.493154 0.314566 -0.811078
vn 0.493155 0.314561 -0.811079
vn 0.493155 0.314561 -0.811079
vn 0.493155 0.314561 -0.811079
vn 0.000000 0.000000 1.000000
vn 0.000000 0.000000 1.000000
vn 0.000000 0.000000 1.000000
vn 0.000000 0.000000 1.000000
vn 0.000000 0.000000 1.000000
vn 0.000000 0.000000 1.000000
vn 0.000000 0.000000 1.000000
vn 0.000000 0.000000 1.000000
vn 0.000000 0.000000 1.000000
vn 0.843090 0.537772 0.000000
vn 0.843090 0.537772 0.000000
vn 0.843090 0.537772 0.000000
vn -0.726327 0.463292 -0.507750
vn -0.726327 0.463292 -0.507750
vn -0.726327 0.463292 -0.507750
vn -0.726326 0.463295 -0.507749
vn -0.726326 0.463295 -0.507749
vn -0.726326 0.463295 -0.507749
vn -0.324183 -0.508203 -0.797894
vn -0.324183 -0.508203 -0.797894
vn -0.324183 -0.508203 -0.797894
vn -0.324183 -0.508202 -0.797895
vn -0.324183 -0.508202 -0.797895
vn -0.324183 -0.508202 -0.797895
vn -0.324183 -0.508202 -0.797895
vn -0.324183 -0.508202 -0.797895
vn -0.324183 -0.508202 -0.797895
vn 0.843090 0.537772 0.000000
vn 0.843090 0.537772 0.000000
vn 0.843090 0.537772 0.000000
vn 0.843090 0.537772 0.000000
vn 0.843090 0.537772 0.000000
vn 0.843090 0.537772 0.000000
vn 0.583400 -0.759216 -0.288504
vn 0.583400 -0.759216 -0.288504
vn 0.583400 -0.759216 -0.288504
vn 0.362848 -0.568809 0.738104
vn 0.362848 -0.568809 0.738104
vn 0.362848 -0.568809 0.738104
vn 0.362849 -0.568807 0.738105
vn 0.362849 -0.568807 0.738105
vn 0.362849 -0.568807 0.738105
vn 0.000000 0.000000 1.000000
vn 0.000000 0.000000 1.000000
vn 0.000000 0.000000 1.000000
vn 0.541675 0.454504 -0.707117
vn 0.541675 0.454504 -0.707117
vn 0.541675 0.454504 -0.707117
vn 0.541675 0.454504 -0.707117
vn 0.541675 0.454504 -0.707117
vn 0.541675 0.454504 -0.707117
vn -0.684701 0.436741 -0.583475
vn -0.684701 0.436741 -0.583475
vn -0.684701 0.436741 -0.583475
vn -0.684701 0.436741 -0.583475
vn -0.684701 0.436741 -0.583475
vn -0.684701 0.436741 -0.583475
vn -0.642801 0.766033 0.000000
vn -0.642801 0.766033 0.000000
vn -0.642801 0.766033 0.000000
vn -0.642801 0.766033 0.000000
vn -0.642801 0.766033 0.000000
vn -0.642801 0.766033 0.000000
vn -0.689774 0.439976 -0.575007
vn -0.689774 0.439976 -0.575007
vn -0.689774 0.439976 -0.575007
vn -0.689774 0.439976 -0.575007
vn -0.689774 0.439976 -0.575007
vn -0.689774 0.439976 -0.575007
vn 0.537798 -0.843074 0.000000
vn 0.537798 -0.843074 0.000000
vn 0.537798 -0.843074 0.000000
vn 0.000000 0.000000 0.000000
vn 0.000000 0.000000 0.000000
vn 0.000000 0.000000 0.000000
vn 0.537798 -0.843074 0.000000
vn 0.537798 -0.843074 0.000000
vn 0.537798 -0.843074 0.000000
vn 0.537798 -0.843074 0.000000
vn 0.537798 -0.843074 0.000000
vn 0.537798 -0.843074 0.000000
vn -0.843091 0.537771 0.000000
vn -0.843091 0.537771 0.000000
vn -0.843091 0.537771 0.000000
vn -0.843091 0.537771 0.000000
vn -0.843091 0.537771 0.000000
vn -0.843091 0.537771 0.000000
vn 0.292528 0.956257 0.000000
vn 0.292528 0.956257 0.000000
vn 0.292528 0.956257 0.000000
vn 0.292528 0.956257 0.000000
vn 0.292528 0.956257 0.000000
vn 0.292528 0.956257 0.000000
vn 0.000000 0.000000 0.000000
vn 0.000000 0.000000 0.000000
vn 0.000000 0.000000 0.000000
vn 0.000000 0.000000 0.000000
vn 0.000000 0.000000 0.000000
vn 0.000000 0.000000 0.000000
vn -0.843088 0.537775 0.000000
vn -0.843088 0.537775 0.000000
vn -0.843088 0.537775 0.000000
vn 0.766056 -0.642774 0.000000
vn 0.766056 -0.642774 0.000000
vn 0.766056 -0.642774 0.000000
vn 0.766055 -0.642775 0.000004
vn 0.766055 -0.642775 0.000004
vn 0.766055 -0.642775 0.000004
vn 0.766055 -0.642775 0.000004
vn 0.766055 -0.642775 0.000004
vn 0.766055 -0.642775 0.000004
vn 0.766055 -0.642774 0.000000
vn 0.766055 -0.642774 0.000000
vn 0.766055 -0.642774 0.000000
vn 0.766055 -0.642775 0.000000
vn 0.766055 -0.642775 0.000000
vn 0.766055 -0.642775 0.000000
vn 0.766055 -0.642775 0.000000
vn 0.766055 -0.642775 0.000000
vn 0.766055 -0.642775 0.000000
vn -0.677271 0.432003 0.595548
vn -0.677271 0.432003 0.595548
vn -0.677271 0.432003 0.595548
vn -0.677271 0.432003 0.595548
vn -0.677271 0.432003 0.595548
vn -0.677271 0.432003 0.595548
vn 0.843091 0.537771 0.000000
vn 0.843091 0.537771 0.000000
vn 0.843091 0.537771 0.000000
vn 0.843091 0.537771 0.000000
vn 0.843091 0.537771 0.000000
vn 0.843091 0.537771 0.000000
vn 0.843090 0.537772 0.000000
vn 0.843090 0.537772 0.000000
vn 0.843090 0.537772 0.000000
vn 0.000000 0.000000 1.000000
vn 0.000000 0.000000 1.000000
vn 0.000000 0.000000 1.000000
vn 0.000000 0.000000 1.000000
vn 0.000000 0.000000 1.000000
vn 0.000000 0.000000 1.000000
vn 0.000000 0.000000 1.000000
vn 0.000000 0.000000 1.000000
vn 0.000000 0.000000 1.000000
vn 0.843092 0.537770 0.000000
vn 0.843092 0.537770 0.000000
vn 0.843092 0.537770 0.000000
vn 0.000000 0.000000 0.000000
vn 0.000000 0.000000 0.000000
vn 0.000000 0.000000 0.000000
vn 0.052419 0.998625 0.000000
vn 0.052419 0.998625 0.000000
vn 0.052419 0.998625 0.000000
vn 0.052419 0.998625 0.000000
vn 0.052419 0.998625 0.000000
vn 0.052419 0.998625 0.000000
vn 0.052419 0.998625 0.000000
vn 0.052419 0.998625 0.000000
vn 0.052419 0.998625 0.000000
vn 0.843090 0.537772 0.000000
vn 0.843090 0.537772 0.000000
vn 0.843090 0.537772 0.000000
vn 0.843090 0.537772 0.000000
vn 0.843090 0.537772 0.000000
vn 0.843090 0.537772 0.000000
vn 0.000000 0.000000 1.000000
vn 0.000000 0.000000 1.000000
vn 0.000000 0.000000 1.000000
vn 0.642801 -0.766033 0.000000
vn 0.642801 -0.766033 0.000000
vn 0.642801 -0.766033 0.000000
vn 0.642801 -0.766033 0.000000
vn 0.642801 -0.766033 0.000000
vn 0.642801 -0.766033 0.000000
vn -0.843091 0.537771 0.000000
vn -0.843091 0.537771 0.000000
vn -0.843091 0.537771 0.000000
vn 0.331547 -0.519747 0.787362
vn 0.331547 -0.519747 0.787362
vn 0.331547 -0.519747 0.787362
vn 0.331549 -0.519752 0.787359
vn 0.331549 -0.519752 0.787359
vn 0.331549 -0.519752 0.787359
vn 0.331548 -0.519748 0.787361
vn 0.331548 -0.519748 0.787361
vn 0.331548 -0.519748 0.787361
vn 0.331550 -0.519748 0.787361
vn 0.331550 -0.519748 0.787361
vn 0.331550 -0.519748 0.787361
vn 0.000000 1.000000 0.000000
vn 0.000000 1.000000 0.000000
vn 0.000000 1.000000 0.000000
vn 0.000000 1.000000 0.000000
vn 0.000000 1.000000 0.000000
vn 0.000000 1.000000 0.000000
vn -0.537797 -0.843075 0.000000
vn -0.537797 -0.843075 0.000000
vn -0.537797 -0.843075 0.000000
vn -0.537797 -0.843075 0.000000
vn -0.537797 -0.843075 0.000000
vn -0.537797 -0.843075 0.000000
vn -0.537799 -0.843073 -0.000001
vn -0.537799 -0.843073 -0.000001
vn -0.537799 -0.843073 -0.000001
vn -0.537799 -0.843073 -0.000001
vn -0.537799 -0.843073 -0.000001
vn -0.537799 -0.843073 -0.000001
vn -0.440601 0.281041 0.852577
vn -0.440601 0.281041 0.852577
vn -0.440601 0.281041 0.852577
vn -0.440601 0.281043 0.852576
vn -0.440601 0.281043 0.852576
vn -0.440601 0.281043 0.852576
vn 0.324182 -0.508201 -0.797896
vn 0.324182 -0.508201 -0.797896
vn 0.324182 -0.508201 -0.797896
vn 0.324182 -0.508201 -0.797896
vn 0.324182 -0.508201 -0.797896
vn 0.324182 -0.508201 -0.797896
vn 0.324182 -0.508201 -0.797896
vn 0.324182 -0.508201 -0.797896
vn 0.324182 -0.508201 -0.797896
vn 0.537799 -0.843073 -0.000002
vn 0.537799 -0.843073 -0.000002
vn 0.537799 -0.843073 -0.000002
vn 0.537800 -0.843072 0.000000
vn 0.537800 -0.843072 0.000000
vn 0.537800 -0.843072 0.000000
vn 0.537799 -0.843073 0.000000
vn 0.537799 -0.843073 0.000000
vn 0.537799 -0.843073 0.000000
vn 0.537799 -0.843073 0.000000
vn 0.537799 -0.843073 0.000000
vn 0.537799 -0.843073 0.000000
vn 0.537795 -0.843076 0.000000
vn 0.537795 -0.843076 0.000000
vn 0.537795 -0.843076 0.000000
vn 0.537798 -0.843074 0.000004
vn 0.537798 -0.843074 0.000004
vn 0.537798 -0.843074 0.000004
vn 0.537800 -0.843072 0.000000
vn 0.537800 -0.843072 0.000000
vn 0.537800 -0.843072 0.000000
vn 0.499378 0.318532 0.805704
vn 0.499378 0.318532 0.805704
vn 0.499378 0.318532 0.805704
vn 0.499378 0.318532 0.805704
vn 0.499378 0.318532 0.805704
vn 0.499378 0.318532 0.805704
vn -0.843091 0.537771 0.000000
vn -0.843091 0.537771 0.000000
vn -0.843091 0.537771 0.000000
vn -0.843091 0.537771 0.000000
vn -0.843091 0.537771 0.000000
vn -0.843091 0.537771 0.000000
vn 0.000000 -1.000000 0.000000
vn 0.000000 -1.000000 0.000000
vn 0.000000 -1.000000 0.000000
vn 0.000000 -1.000000 0.000000
vn 0.000000 -1.000000 0.000000
vn 0.000000 -1.000000 0.000000
vn 0.000000 -1.000000 0.000000
vn 0.000000 -1.000000 0.000000
vn 0.000000 -1.000000 0.000000
vn 0.000000 -1.000000 0.000000
vn 0.000000 -1.000000 0.000000
vn 0.000000 -1.000000 0.000000
vn 0.000000 -1.000000 0.000000
vn 0.000000 -1.000000 0.000000
vn 0.000000 -1.000000 0.000000
vn 0.000000 -1.000000 0.000000
vn 0.000000 -1.000000 0.000000
vn 0.000000 -1.000000 0.000000
vn 0.000000 -1.000000 0.000000
vn 0.000000 -1.000000 0.000000
vn 0.000000 -1.000000 0.000000
vn 0.000000 -1.000000 0.000000
vn 0.000000 -1.000000 0.000000
vn 0.000000 -1.000000 0.000000
vn 0.000000 -1.000000 0.000000
vn 0.000000 -1.000000 0.000000
vn 0.000000 -1.000000 0.000000
vn 0.000000 -1.000000 0.000000
vn 0.000000 -1.000000 0.000000
vn 0.000000 -1.000000 0.000000
vn 0.000000 -1.000000 0.000000
vn 0.000000 -1.000000 0.000000
vn 0.000000 -1.000000 0.000000
vn 0.000000 -1.000000 0.000000
vn 0.000000 -1.000000 0.000000
vn 0.000000 -1.000000 0.000000
vn -0.324183 -0.508202 -0.797895
vn -0.324183 -0.508202 -0.797895
vn -0.324183 -0.508202 -0.797895
vn -0.324183 -0.508202 -0.797895
vn -0.324183 -0.508202 -0.797895
vn -0.324183 -0.508202 -0.797895
vn -0.324183 -0.508201 -0.797895
vn -0.324183 -0.508201 -0.797895
vn -0.324183 -0.508201 -0.797895
vn 0.331548 -0.519747 -0.787362
vn 0.331548 -0.519747 -0.787362
vn 0.331548 -0.519747 -0.787362
vn 0.331548 -0.519748 -0.787361
vn 0.331548 -0.519748 -0.787361
vn 0.331548 -0.519748 -0.787361
vn 0.331548 -0.519748 -0.787361
vn 0.331548 -0.519748 -0.787361
vn 0.331548 -0.519748 -0.787361
vn -0.843091 0.537771 0.000000
vn -0.843091 0.537771 0.000000
vn -0.843091 0.537771 0.000000
vn -0.331549 -0.519749 0.787361
vn -0.331549 -0.519749 0.787361
vn -0.331549 -0.519749 0.787361
vn -0.331548 -0.519748 0.787361
vn -0.331548 -0.519748 0.787361
vn -0.331548 -0.519748 0.787361
vn 0.843090 0.537772 0.000000
vn 0.843090 0.537772 0.000000
vn 0.843090 0.537772 0.000000
vn 0.843090 0.537772 0.000000
vn 0.843090 0.537772 0.000000
vn 0.843090 0.537772 0.000000
vn -0.245767 -0.385274 0.889473
vn -0.245767 -0.385274 0.889473
vn -0.245767 -0.385274 0.889473
vn -0.245767 -0.385273 0.889474
vn -0.245767 -0.385273 0.889474
vn -0.245767 -0.385273 0.889474
vn 0.843091 0.537771 0.000000
vn 0.843091 0.537771 0.000000
vn 0.843091 0.537771 0.000000
vn 0.000000 0.000000 1.000000
vn 0.000000 0.000000 1.000000
vn 0.000000 0.000000 1.000000
vn 0.000000 0.000000 1.000000
vn 0.000000 0.000000 1.000000
vn 0.000000 0.000000 1.000000
vn 0.245767 -0.385274 0.889473
vn 0.245767 -0.385274 0.889473
vn 0.245767 -0.385274 0.889473
vn 0.245767 -0.385273 0.889474
vn 0.245767 -0.385273 0.889474
vn 0.245767 -0.385273 0.889474
vn -0.537798 0.843074 0.000000
vn -0.537798 0.843074 0.000000
vn -0.537798 0.843074 0.000000
vn -0.537798 0.843074 -0.000001
vn -0.537798 0.843074 -0.000001
vn -0.537798 0.843074 -0.000001
vn -0.537798 0.843074 0.000000
vn -0.537798 0.843074 0.000000
vn -0.537798 0.843074 0.000000
vn -0.537798 0.843074 0.000000
vn -0.537798 0.843074 0.000000
vn -0.537798 0.843074 0.000000
vn -0.537798 0.843073 0.000000
vn -0.537798 0.843073 0.000000
vn -0.537798 0.843073 0.000000
vn 0.843092 0.537770 0.000000
vn 0.843092 0.537770 0.000000
vn 0.843092 0.537770 0.000000
vn 0.843090 0.537772 0.000000
vn 0.843090 0.537772 0.000000
vn 0.843090 0.537772 0.000000
vn 0.000000 0.000000 1.000000
vn 0.000000 0.000000 1.000000
vn 0.000000 0.000000 1.000000
vn -0.331548 -0.519747 -0.787362
vn -0.331548 -0.519747 -0.787362
vn -0.331548 -0.519747 -0.787362
vn -0.331548 -0.519748 -0.787362
vn -0.331548 -0.519748 -0.787362
vn -0.331548 -0.519748 -0.787362
vn -0.331548 -0.519748 -0.787361
vn -0.331548 -0.519748 -0.787361
vn -0.331548 -0.519748 -0.787361
vn 0.632340 -0.737021 0.238633
vn 0.632340 -0.737021 0.238633
vn 0.632340 -0.737021 0.238633
vn 0.000000 0.000000 1.000000
vn 0.000000 0.000000 1.000000
vn 0.000000 0.000000 1.000000
vn -0.843091 0.537771 0.000000
vn -0.843091 0.537771 0.000000
vn -0.843091 0.537771 0.000000
vn -0.843091 0.537771 0.000000
vn -0.843091 0.537771 0.000000
vn -0.843091 0.537771 0.000000
vn 0.537798 -0.843074 -0.000001
vn 0.537798 -0.843074 -0.000001
vn 0.537798 -0.843074 -0.000001
vn 0.537799 -0.843073 0.000001
vn 0.537799 -0.843073 0.000001
vn 0.537799 -0.843073 0.000001
vn 0.537799 -0.843073 0.000002
vn 0.537799 -0.843073 0.000002
vn 0.537799 -0.843073 0.000002
vn 0.537795 -0.843075 0.000001
vn 0.537795 -0.843075 0.000001
vn 0.537795 -0.843075 0.000001
vn 0.323818 0.206549 0.923298
vn 0.323818 0.206549 0.923298
vn 0.323818 0.206549 0.923298
vn 0.323818 0.206549 0.923298
vn 0.323818 0.206549 0.923298
vn 0.323818 0.206549 0.923298
vn 0.324182 -0.508201 0.797895
vn 0.324182 -0.508201 0.797895
vn 0.324182 -0.508201 0.797895
vn 0.324182 -0.508202 0.797895
vn 0.324182 -0.508202 0.797895
vn 0.324182 -0.508202 0.797895
vn -0.362840 -0.568815 0.738104
vn -0.362840 -0.568815 0.738104
vn -0.362840 -0.568815 0.738104
vn -0.362840 -0.568813 0.738104
vn -0.362840 -0.568813 0.738104
vn -0.362840 -0.568813 0.738104
vn -0.199882 0.127496 -0.971489
vn -0.199882 0.127496 -0.971489
vn -0.199882 0.127496 -0.971489
vn -0.199882 0.127496 -0.971489
vn -0.199882 0.127496 -0.971489
vn -0.199882 0.127496 -0.971489
vn -0.843091 0.537771 0.000000
vn -0.843091 0.537771 0.000000
vn -0.843091 0.537771 0.000000
vn 1.000000 0.000000 0.000000
vn 1.000000 0.000000 0.000000
vn 1.000000 0.000000 0.000000
vn 1.000000 0.000000 0.000000
vn 1.000000 0.000000 0.000000
vn 1.000000 0.000000 0.000000
vn -0.843089 0.537774 0.000000
vn -0.843089 0.537774 0.000000
vn -0.843089 0.537774 0.000000
vn -0.843089 0.537774 0.000000
vn -0.843089 0.537774 0.000000
vn -0.843089 0.537774 0.000000
vn 0.843088 0.537776 0.000000
vn 0.843088 0.537776 0.000000
vn 0.843088 0.537776 0.000000
vn 0.843088 0.537776 0.000000
vn 0.843088 0.537776 0.000000
vn 0.843088 0.537776 0.000000
vn 0.317259 0.948339 -0.000001
vn 0.317259 0.948339 -0.000001
vn 0.317259 0.948339 -0.000001
vn 0.317261 0.948338 0.000000
vn 0.317261 0.948338 0.000000
vn 0.317261 0.948338 0.000000
vn 0.317261 0.948338 0.000000
vn 0.317261 0.948338 0.000000
vn 0.317261 0.948338 0.000000
vn 0.317259 0.948339 -0.000001
vn 0.317259 0.948339 -0.000001
vn 0.317259 0.948339 -0.000001
vn 0.317259 0.948339 -0.000001
vn 0.317259 0.948339 -0.000001
vn 0.317259 0.948339 -0.000001
vn 0.000000 0.000000 0.000000
vn 0.000000 0.000000 0.000000
vn 0.000000 0.000000 0.000000
vn 0.000000 0.000000 0.000000
vn 0.000000 0.000000 0.000000
vn 0.000000 0.000000 0.000000
vn -0.324184 -0.508203 -0.797894
vn -0.324184 -0.508203 -0.797894
vn -0.324184 -0.508203 -0.797894
vn -0.324183 -0.508202 -0.797895
vn -0.324183 -0.508202 -0.797895
vn -0.324183 -0.508202 -0.797895
vn 0.331548 -0.519749 0.787361
vn 0.331548 -0.519749 0.787361
vn 0.331548 -0.519749 0.787361
vn 0.331548 -0.519748 0.787361
vn 0.331548 -0.519748 0.787361
vn 0.331548 -0.519748 0.787361
vn 0.331548 -0.519748 0.787361
vn 0.331548 -0.519748 0.787361
vn 0.331548 -0.519748 0.787361
vn 0.331548 -0.519748 0.787361
vn 0.331548 -0.519748 0.787361
vn 0.331548 -0.519748 0.787361
vn -0.103976 0.994580 0.000000
vn -0.103976 0.994580 0.000000
vn -0.103976 0.994580 0.000000
vn -0.103976 0.994580 0.000000
vn -0.103976 0.994580 0.000000
vn -0.103976 0.994580 0.000000
vn 0.843090 0.537772 0.000000
vn 0.843090 0.537772 0.000000
vn 0.843090 0.537772 0.000000
vn 0.000000 0.000000 0.000000
vn 0.000000 0.000000 0.000000
vn 0.000000 0.000000 0.000000
vn -0.278052 0.960566 0.000000
vn -0.278052 0.960566 0.000000
vn -0.278052 0.960566 0.000000
vn -0.278052 0.960566 0.000000
vn -0.278052 0.960566 0.000000
vn -0.278052 0.960566 0.000000
vn -0.278052 0.960566 0.000000
vn -0.278052 0.960566 0.000000
vn -0.278052 0.960566 0.000000
vn -0.331549 -0.519748 0.787361
vn -0.331549 -0.519748 0.787361
vn -0.331549 -0.519748 0.787361
vn -0.331549 -0.519750 0.787360
vn -0.331549 -0.519750 0.787360
vn -0.331549 -0.519750 0.787360
vn -0.331548 -0.519748 0.787362
vn -0.331548 -0.519748 0.787362
vn -0.331548 -0.519748 0.787362
vn -0.331548 -0.519748 0.787362
vn -0.331548 -0.519748 0.787362
vn -0.331548 -0.519748 0.787362
vn -0.537798 0.843074 0.000000
vn -0.537798 0.843074 0.000000
vn -0.537798 0.843074 0.000000
vn -0.537798 0.843074 -0.000000
vn -0.537798 0.843074 -0.000000
vn -0.537798 0.843074 -0.000000
vn -0.537798 0.843074 0.000000
vn -0.537798 0.843074 0.000000
vn -0.537798 0.843074 0.000000
vn 0.000000 0.000000 0.000000
vn 0.000000 0.000000 0.000000
vn 0.000000 0.000000 0.000000
vn -0.324182 -0.508201 0.797896
vn -0.324182 -0.508201 0.797896
vn -0.324182 -0.508201 0.797896
vn -0.324184 -0.508203 0.797894
vn -0.324184 -0.508203 0.797894
vn -0.324184 -0.508203 0.797894
vn -0.324183 -0.508199 0.797897
vn -0.324183 -0.508199 0.797897
vn -0.324183 -0.508199 0.797897
vn -0.324183 -0.508202 0.797895
vn -0.324183 -0.508202 0.797895
vn -0.324183 -0.508202 0.797895
vn 0.000000 0.000000 0.000000
vn 0.000000 0.000000 0.000000
vn 0.000000 0.000000 0.000000
vn -0.222904 0.974840 0.000000
vn -0.222904 0.974840 0.000000
vn -0.222904 0.974840 0.000000
vn -0.222904 0.974840 0.000000
vn -0.222904 0.974840 0.000000
vn -0.222904 0.974840 0.000000
vn -0.613352 0.391232 -0.686103
vn -0.613352 0.391232 -0.686103
vn -0.613352 0.391232 -0.686103
vn -0.613352 0.391232 -0.686103
vn -0.613352 0.391232 -0.686103
vn -0.613352 0.391232 -0.686103
vn 1.000000 0.000000 0.000000
vn 1.000000 0.000000 0.000000
vn 1.000000 0.000000 0.000000
vn 1.000000 0.000000 0.000000
vn 1.000000 0.000000 0.000000
vn 1.000000 0.000000 0.000000
vn 1.000000 0.000000 0.000000
vn 1.000000 0.000000 0.000000
vn 1.000000 0.000000 0.000000
vn 1.000000 0.000000 0.000000
vn 1.000000 0.000000 0.000000
vn 1.000000 0.000000 0.000000
vn 1.000000 0.000000 0.000000
vn 1.000000 0.000000 0.000000
vn 1.000000 0.000000 0.000000
vn 1.000000 0.000000 0.000000
vn 1.000000 0.000000 0.000000
vn 1.000000 0.000000 0.000000
vn 1.000000 0.000000 0.000000
vn 1.000000 0.000000 0.000000
vn 1.000000 0.000000 0.000000
vn 1.000000 0.000000 0.000000
vn 1.000000 0.000000 0.000000
vn 1.000000 0.000000 0.000000
vn 1.000000 0.000000 0.000000
vn 1.000000 0.000000 0.000000
vn 1.000000 0.000000 0.000000
vn 1.000000 0.000000 0.000000
vn 1.000000 0.000000 0.000000
vn 1.000000 0.000000 0.000000
vn 1.000000 0.000000 0.000000
vn 1.000000 0.000000 0.000000
vn 1.000000 0.000000 0.000000
vn 1.000000 0.000000 0.000000
vn 1.000000 0.000000 0.000000
vn 1.000000 0.000000 0.000000
vn 1.000000 0.000000 0.000000
vn 1.000000 0.000000 0.000000
vn 1.000000 0.000000 0.000000
vn 1.000000 0.000000 0.000000
vn 1.000000 0.000000 0.000000
vn 1.000000 0.000000 0.000000
vn 1.000000 0.000000 0.000000
vn 1.000000 0.000000 0.000000
vn 1.000000 0.000000 0.000000
vn 1.000000 0.000000 0.000000
vn 1.000000 0.000000 0.000000
vn 1.000000 0.000000 0.000000
vn 1.000000 0.000000 0.000000
vn 1.000000 0.000000 0.000000
vn 1.000000 0.000000 0.000000
vn 1.000000 0.000000 0.000000
vn 1.000000 0.000000 0.000000
vn 1.000000 0.000000 0.000000
vn 1.000000 0.000000 0.000000
vn 1.000000 0.000000 0.000000
vn 1.000000 0.000000 0.000000
vn 1.000000 0.000000 0.000000
vn 1.000000 0.000000 0.000000
vn 1.000000 0.000000 0.000000
vn 1.000000 0.000000 0.000000
vn 1.000000 0.000000 0.000000
vn 1.000000 0.000000 0.000000
vn 1.000000 0.000000 0.000000
vn 1.000000 0.000000 0.000000
vn 1.000000 0.000000 0.000000
vn 1.000000 0.000000 0.000000
vn 1.000000 0.000000 0.000000
vn 1.000000 0.000000 0.000000
vn 1.000000 0.000000 0.000000
vn 1.000000 0.000000 0.000000
vn 1.000000 0.000000 0.000000
vn 1.000000 0.000000 0.000000
vn 1.000000 0.000000 0.000000
vn 1.000000 0.000000 0.000000
vn 1.000000 0.000000 0.000000
vn 1.000000 0.000000 0.000000
vn 1.000000 0.000000 0.000000
vn 1.000000 0.000000 0.000000
vn 1.000000 0.000000 0.000000
vn 1.000000 0.000000 0.000000
vn 1.000000 0.000000 0.000000
vn 1.000000 0.000000 0.000000
vn 1.000000 0.000000 0.000000
vn 1.000000 0.000000 0.000000
vn 1.000000 0.000000 0.000000
vn 1.000000 0.000000 0.000000
vn 1.000000 0.000000 0.000000
vn 1.000000 0.000000 0.000000
vn 1.000000 0.000000 0.000000
vn 1.000000 0.000000 0.000000
vn 1.000000 0.000000 0.000000
vn 1.000000 0.000000 0.000000
vn 1.000000 0.000000 0.000000
vn 1.000000 0.000000 0.000000
vn 1.000000 0.000000 0.000000
vn 1.000000 0.000000 0.000000
vn 1.000000 0.000000 0.000000
vn 1.000000 0.000000 0.000000
vn 0.331548 -0.519749 -0.787360
vn 0.331548 -0.519749 -0.787360
vn 0.331548 -0.519749 -0.787360
vn 0.331548 -0.519749 -0.787361
vn 0.331548 -0.519749 -0.787361
vn 0.331548 -0.519749 -0.787361
vn 0.331548 -0.519748 -0.787361
vn 0.331548 -0.519748 -0.787361
vn 0.331548 -0.519748 -0.787361
vn 0.537799 -0.843073 -0.000000
vn 0.537799 -0.843073 -0.000000
vn 0.537799 -0.843073 -0.000000
vn 0.537799 -0.843073 -0.000000
vn 0.537799 -0.843073 -0.000000
vn 0.537799 -0.843073 -0.000000
vn 0.537799 -0.843073 0.000000
vn 0.537799 -0.843073 0.000000
vn 0.537799 -0.843073 0.000000
vn 0.537799 -0.843073 -0.000000
vn 0.537799 -0.843073 -0.000000
vn 0.537799 -0.843073 -0.000000
vn 0.537799 -0.843073 -0.000000
vn 0.537799 -0.843073 -0.000000
vn 0.537799 -0.843073 -0.000000
vn 0.537799 -0.843073 0.000000
vn 0.537799 -0.843073 0.000000
vn 0.537799 -0.843073 0.000000
vn 0.537798 -0.843073 0.000001
vn 0.537798 -0.843073 0.000001
vn 0.537798 -0.843073 0.000001
vn 0.537799 -0.843073 0.000000
vn 0.537799 -0.843073 0.000000
vn 0.537799 -0.843073 0.000000
vn 0.331547 -0.519747 0.787362
vn 0.331547 -0.519747 0.787362
vn 0.331547 -0.519747 0.787362
vn 0.331548 -0.519749 0.787360
vn 0.331548 -0.519749 0.787360
vn 0.331548 -0.519749 0.787360
vn 0.331548 -0.519748 0.787362
vn 0.331548 -0.519748 0.787362
vn 0.331548 -0.519748 0.787362
vn 0.331548 -0.519747 0.787362
vn 0.331548 -0.519747 0.787362
vn 0.331548 -0.519747 0.787362
vn 0.563351 0.359338 -0.743983
vn 0.563351 0.359338 -0.743983
vn 0.563351 0.359338 -0.743983
vn 0.563352 0.359337 -0.743984
vn 0.563352 0.359337 -0.743984
vn 0.563352 0.359337 -0.743984
vn -0.278052 0.960566 0.000000
vn -0.278052 0.960566 0.000000
vn -0.278052 0.960566 0.000000
vn -0.278052 0.960566 0.000000
vn -0.278052 0.960566 0.000000
vn -0.278052 0.960566 0.000000
vn -0.278052 0.960566 0.000000
vn -0.278052 0.960566 0.000000
vn -0.278052 0.960566 0.000000
vn 0.707168 0.451064 -0.544477
vn 0.707168 0.451064 -0.544477
vn 0.707168 0.451064 -0.544477
vn 0.707163 0.451070 -0.544479
vn 0.707163 0.451070 -0.544479
vn 0.707163 0.451070 -0.544479
vn -0.843090 0.537772 0.000000
vn -0.843090 0.537772 0.000000
vn -0.843090 0.537772 0.000000
vn -0.843090 0.537772 0.000000
vn -0.843090 0.537772 0.000000
vn -0.843090 0.537772 0.000000
vn 0.843090 0.537772 0.000000
vn 0.843090 0.537772 0.000000
vn 0.843090 0.537772 0.000000
vn -0.766056 0.642774 0.000000
vn -0.766056 0.642774 0.000000
vn -0.766056 0.642774 0.000000
vn -0.766056 0.642774 0.000000
vn -0.766056 0.642774 0.000000
vn -0.766056 0.642774 0.000000
vn 0.362841 -0.568811 0.738106
vn 0.362841 -0.568811 0.738106
vn 0.362841 -0.568811 0.738106
vn 0.362841 -0.568811 0.738106
vn 0.362841 -0.568811 0.738106
vn 0.362841 -0.568811 0.738106
vn 0.537798 -0.843074 0.000000
vn 0.537798 -0.843074 0.000000
vn 0.537798 -0.843074 0.000000
vn 0.537799 -0.843073 0.000002
vn 0.537799 -0.843073 0.000002
vn 0.537799 -0.843073 0.000002
vn 0.537804 -0.843070 0.000004
vn 0.537804 -0.843070 0.000004
vn 0.537804 -0.843070 0.000004
vn 0.537798 -0.843074 0.000002
vn 0.537798 -0.843074 0.000002
vn 0.537798 -0.843074 0.000002
vn 0.537801 -0.843072 0.000000
vn 0.537801 -0.843072 0.000000
vn 0.537801 -0.843072 0.000000
vn 0.537796 -0.843075 0.000000
vn 0.537796 -0.843075 0.000000
vn 0.537796 -0.843075 0.000000
vn 0.843090 0.537773 0.000000
vn 0.843090 0.537773 0.000000
vn 0.843090 0.537773 0.000000
vn 0.000000 0.000000 1.000000
vn 0.000000 0.000000 1.000000
vn 0.000000 0.000000 1.000000
vn 0.000000 0.000000 1.000000
vn 0.000000 0.000000 1.000000
vn 0.000000 0.000000 1.000000
vn -1.000000 0.000000 0.000000
vn -1.000000 0.000000 0.000000
vn -1.000000 0.000000 0.000000
vn -1.000000 0.000000 0.000000
vn -1.000000 0.000000 0.000000
vn -1.000000 0.000000 0.000000
vn -0.449983 0.287025 -0.845655
vn -0.449983 0.287025 -0.845655
vn -0.449983 0.287025 -0.845655
vn 0.537798 0.843073 0.000000
vn 0.537798 0.843073 0.000000
vn 0.537798 0.843073 0.000000
vn 0.537798 0.843073 0.000000
vn 0.537798 0.843073 0.000000
vn 0.537798 0.843073 0.000000
vn 0.537798 0.843073 0.000000
vn 0.537798 0.843073 0.000000
vn 0.537798 0.843073 0.000000
vn 0.537798 0.843073 0.000000
vn 0.537798 0.843073 0.000000
vn 0.537798 0.843073 0.000000
vn 0.537798 0.843073 0.000000
vn 0.537798 0.843073 0.000000
vn 0.537798 0.843073 0.000000
vn 0.647747 0.413171 0.640089
vn 0.647747 0.413171 0.640089
vn 0.647747 0.413171 0.640089
vn 0.647747 0.413169 0.640090
vn 0.647747 0.413169 0.640090
vn 0.647747 0.413169 0.640090
vn 0.000000 0.000000 1.000000
vn 0.000000 0.000000 1.000000
vn 0.000000 0.000000 1.000000
vn -0.689774 0.439976 -0.575007
vn -0.689774 0.439976 -0.575007
vn -0.689774 0.439976 -0.575007
vn -0.689773 0.439977 -0.575008
vn -0.689773 0.439977 -0.575008
vn -0.689773 0.439977 -0.575008
vn 0.843090 0.537772 0.000000
vn 0.843090 0.537772 0.000000
vn 0.843090 0.537772 0.000000
vn 0.537799 -0.843073 0.000000
vn 0.537799 -0.843073 0.000000
vn 0.537799 -0.843073 0.000000
vn 0.537799 -0.843073 0.000000
vn 0.537799 -0.843073 0.000000
vn 0.537799 -0.843073 0.000000
vn 0.537799 -0.843073 0.000000
vn 0.537799 -0.843073 0.000000
vn 0.537799 -0.843073 0.000000
vn 0.537799 -0.843073 0.000000
vn 0.537799 -0.843073 0.000000
vn 0.537799 -0.843073 0.000000
vn 0.537797 -0.843075 0.000000
vn 0.537797 -0.843075 0.000000
vn 0.537797 -0.843075 0.000000
vn 0.537797 -0.843075 0.000000
vn 0.537797 -0.843075 0.000000
vn 0.537797 -0.843075 0.000000
vn 0.000000 0.000000 0.000000
vn 0.000000 0.000000 0.000000
vn 0.000000 0.000000 0.000000
vn 0.331548 -0.519748 -0.787362
vn 0.331548 -0.519748 -0.787362
vn 0.331548 -0.519748 -0.787362
vn 0.331548 -0.519748 -0.787362
vn 0.331548 -0.519748 -0.787362
vn 0.331548 -0.519748 -0.787362
vn 0.000000 1.000000 0.000000
vn 0.000000 1.000000 0.000000
vn 0.000000 1.000000 0.000000
vn 0.000000 1.000000 0.000000
vn 0.000000 1.000000 0.000000
vn 0.000000 1.000000 0.000000
vn 0.000000 1.000000 0.000000
vn 0.000000 1.000000 0.000000
vn 0.000000 1.000000 0.000000
vn 0.000000 1.000000 0.000000
vn 0.000000 1.000000 0.000000
vn 0.000000 1.000000 0.000000
vn 0.000000 1.000000 0.000000
vn 0.000000 1.000000 0.000000
vn 0.000000 1.000000 0.000000
vn 0.000000 1.000000 0.000000
vn 0.000000 1.000000 0.000000
vn 0.000000 1.000000 0.000000
vn 0.331548 -0.519747 0.787362
vn 0.331548 -0.519747 0.787362
vn 0.331548 -0.519747 0.787362
vn 0.331548 -0.519748 0.787362
vn 0.331548 -0.519748 0.787362
vn 0.331548 -0.519748 0.787362
vn 0.000000 0.000000 0.000000
vn 0.000000 0.000000 0.000000
vn 0.000000 0.000000 0.000000
vn 0.000000 0.000000 0.000000
vn 0.000000 0.000000 0.000000
vn 0.000000 0.000000 0.000000
vn 0.052422 0.998625 0.000000
vn 0.052422 0.998625 0.000000
vn 0.052422 0.998625 0.000000
vn 0.052422 0.998625 0.000000
vn 0.052422 0.998625 0.000000
vn 0.052422 0.998625 0.000000
vn -0.843091 0.537771 0.000000
vn -0.843091 0.537771 0.000000
vn -0.843091 0.537771 0.000000
vn 0.766056 0.642774 0.000000
vn 0.766056 0.642774 0.000000
vn 0.766056 0.642774 0.000000
vn 0.766056 0.642774 0.000000
vn 0.766056 0.642774 0.000000
vn 0.766056 0.642774 0.000000
vn -0.238863 -0.374451 -0.895952
vn -0.238863 -0.374451 -0.895952
vn -0.238863 -0.374451 -0.895952
vn -0.238862 -0.374450 -0.895953
vn -0.238862 -0.374450 -0.895953
vn -0.238862 -0.374450 -0.895953
vn 0.324184 -0.508203 -0.797894
vn 0.324184 -0.508203 -0.797894
vn 0.324184 -0.508203 -0.797894
vn 0.324183 -0.508202 -0.797895
vn 0.324183 -0.508202 -0.797895
vn 0.324183 -0.508202 -0.797895
vn -0.324184 -0.508204 0.797893
vn -0.324184 -0.508204 0.797893
vn -0.324184 -0.508204 0.797893
vn -0.324184 -0.508202 0.797894
vn -0.324184 -0.508202 0.797894
vn -0.324184 -0.508202 0.797894
vn -0.324183 -0.508202 0.797895
vn -0.324183 -0.508202 0.797895
vn -0.324183 -0.508202 0.797895
vn -0.324182 -0.508200 0.797896
vn -0.324182 -0.508200 0.797896
vn -0.324182 -0.508200 0.797896
vn 0.324182 -0.508204 -0.797894
vn 0.324182 -0.508204 -0.797894
vn 0.324182 -0.508204 -0.797894
vn 0.324183 -0.508201 -0.797895
vn 0.324183 -0.508201 -0.797895
vn 0.324183 -0.508201 -0.797895
vn 0.324182 -0.508201 -0.797896
vn 0.324182 -0.508201 -0.797896
vn 0.324182 -0.508201 -0.797896
vn -0.537798 -0.843074 0.000003
vn -0.537798 -0.843074 0.000003
vn -0.537798 -0.843074 0.000003
vn -0.537796 -0.843075 0.000000
vn -0.537796 -0.843075 0.000000
vn -0.537796 -0.843075 0.000000
vn -0.537798 -0.843074 -0.000002
vn -0.537798 -0.843074 -0.000002
vn -0.537798 -0.843074 -0.000002
vn -0.537799 -0.843073 0.000000
vn -0.537799 -0.843073 0.000000
vn -0.537799 -0.843073 0.000000
vn 0.331549 -0.519749 0.787360
vn 0.331549 -0.519749 0.787360
vn 0.331549 -0.519749 0.787360
vn 0.331547 -0.519750 0.787360
vn 0.331547 -0.519750 0.787360
vn 0.331547 -0.519750 0.787360
vn 0.331547 -0.519747 0.787363
vn 0.331547 -0.519747 0.787363
vn 0.331547 -0.519747 0.787363
vn 0.331549 -0.519749 0.787360
vn 0.331549 -0.519749 0.787360
vn 0.331549 -0.519749 0.787360
vn 0.331549 -0.519749 0.787360
vn 0.331549 -0.519749 0.787360
vn 0.331549 -0.519749 0.787360
vn 0.331549 -0.519749 0.787360
vn 0.331549 -0.519749 0.787360
vn 0.331549 -0.519749 0.787360
vn -0.843091 0.537771 0.000000
vn -0.843091 0.537771 0.000000
vn -0.843091 0.537771 0.000000
vn -0.843091 0.537771 0.000000
vn -0.843091 0.537771 0.000000
vn -0.843091 0.537771 0.000000
vn 0.843091 -0.537771 0.000000
vn 0.843091 -0.537771 0.000000
vn 0.843091 -0.537771 0.000000
vn 0.843091 -0.537771 0.000000
vn 0.843091 -0.537771 0.000000
vn 0.843091 -0.537771 0.000000
vn 0.843091 -0.537771 0.000000
vn 0.843091 -0.537771 0.000000
vn 0.843091 -0.537771 0.000000
vn 0.537798 -0.843074 0.000006
vn 0.537798 -0.843074 0.000006
vn 0.537798 -0.843074 0.000006
vn 0.537798 -0.843074 0.000000
vn 0.537798 -0.843074 0.000000
vn 0.537798 -0.843074 0.000000
vn 0.537799 -0.843073 -0.000002
vn 0.537799 -0.843073 -0.000002
vn 0.537799 -0.843073 -0.000002
vn 0.537794 -0.843076 0.000000
vn 0.537794 -0.843076 0.000000
vn 0.537794 -0.843076 0.000000
vn -0.343706 0.219235 -0.913128
vn -0.343706 0.219235 -0.913128
vn -0.343706 0.219235 -0.913128
vn -0.343706 0.219235 -0.913128
vn -0.343706 0.219235 -0.913128
vn -0.343706 0.219235 -0.913128
vn 0.537798 -0.843074 0.000000
vn 0.537798 -0.843074 0.000000
vn 0.537798 -0.843074 0.000000
vn 0.537798 -0.843074 0.000000
vn 0.537798 -0.843074 0.000000
vn 0.537798 -0.843074 0.000000
vn 0.537798 -0.843074 0.000000
vn 0.537798 -0.843074 0.000000
vn 0.537798 -0.843074 0.000000
vn 0.537798 -0.843074 0.000000
vn 0.537798 -0.843074 0.000000
vn 0.537798 -0.843074 0.000000
vn -0.537798 -0.843074 -0.000000
vn -0.537798 -0.843074 -0.000000
vn -0.537798 -0.843074 -0.000000
vn -0.537797 -0.843074 0.000003
vn -0.537797 -0.843074 0.000003
vn -0.537797 -0.843074 0.000003
vn -0.537799 -0.843073 0.000000
vn -0.537799 -0.843073 0.000000
vn -0.537799 -0.843073 0.000000
vn -0.537796 -0.843075 0.000000
vn -0.537796 -0.843075 0.000000
vn -0.537796 -0.843075 0.000000
vn -0.537798 -0.843074 -0.000001
vn -0.537798 -0.843074 -0.000001
vn -0.537798 -0.843074 -0.000001
vn -0.537799 -0.843073 0.000000
vn -0.537799 -0.843073 0.000000
vn -0.537799 -0.843073 0.000000
vn 0.000000 0.000000 0.000000
vn 0.000000 0.000000 0.000000
vn 0.000000 0.000000 0.000000
vn -0.103976 0.994580 0.000000
vn -0.103976 0.994580 0.000000
vn -0.103976 0.994580 0.000000
vn -0.103976 0.994580 0.000000
vn -0.103976 0.994580 0.000000
vn -0.103976 0.994580 0.000000
vn -0.103976 0.994580 0.000000
vn -0.103976 0.994580 0.000000
vn -0.103976 0.994580 0.000000
vn -0.103945 0.994583 0.000007
vn -0.103945 0.994583 0.000007
vn -0.103945 0.994583 0.000007
vn -0.103976 0.994580 0.000000
vn -0.103976 0.994580 0.000000
vn -0.103976 0.994580 0.000000
vn -0.331547 -0.519749 0.787362
vn -0.331547 -0.519749 0.787362
vn -0.331547 -0.519749 0.787362
vn -0.331547 -0.519746 0.787364
vn -0.331547 -0.519746 0.787364
vn -0.331547 -0.519746 0.787364
vn -0.331548 -0.519747 0.787362
vn -0.331548 -0.519747 0.787362
vn -0.331548 -0.519747 0.787362
vn -0.331549 -0.519750 0.787360
vn -0.331549 -0.519750 0.787360
vn -0.331549 -0.519750 0.787360
vn 0.843088 0.537776 0.000000
vn 0.843088 0.537776 0.000000
vn 0.843088 0.537776 0.000000
vn 0.843088 0.537776 0.000000
vn 0.843088 0.537776 0.000000
vn 0.843088 0.537776 0.000000
vn 0.000000 0.000000 1.000000
vn 0.000000 0.000000 1.000000
vn 0.000000 0.000000 1.000000
vn 0.000000 0.000000 0.000000
vn 0.000000 0.000000 0.000000
vn 0.000000 0.000000 0.000000
vn 0.327897 0.944714 -0.000000
vn 0.327897 0.944714 -0.000000
vn 0.327897 0.944714 -0.000000
vn 0.327898 0.944713 -0.000000
vn 0.327898 0.944713 -0.000000
vn 0.327898 0.944713 -0.000000
vn 0.327897 0.944714 -0.000000
vn 0.327897 0.944714 -0.000000
vn 0.327897 0.944714 -0.000000
vn 0.327897 0.944714 -0.000000
vn 0.327897 0.944714 -0.000000
vn 0.327897 0.944714 -0.000000
vn 0.327897 0.944714 -0.000000
vn 0.327897 0.944714 -0.000000
vn 0.327897 0.944714 -0.000000
vn -0.766055 -0.642775 0.000000
vn -0.766055 -0.642775 0.000000
vn -0.766055 -0.642775 0.000000
vn -0.766056 -0.642774 0.000000
vn -0.766056 -0.642774 0.000000
vn -0.766056 -0.642774 0.000000
vn -0.766056 -0.642774 0.000000
vn -0.766056 -0.642774 0.000000
vn -0.766056 -0.642774 0.000000
vn -0.766056 -0.642774 0.000000
vn -0.766056 -0.642774 0.000000
vn -0.766056 -0.642774 0.000000
vn -0.766056 -0.642774 0.000000
vn -0.766056 -0.642774 0.000000
vn -0.766056 -0.642774 0.000000
vn -0.766055 -0.642775 0.000009
vn -0.766055 -0.642775 0.000009
vn -0.766055 -0.642775 0.000009
vn 0.843089 0.537774 0.000000
vn 0.843089 0.537774 0.000000
vn 0.843089 0.537774 0.000000
vn 0.843089 0.537774 0.000000
vn 0.843089 0.537774 0.000000
vn 0.843089 0.537774 0.000000
vn 0.677270 0.432002 0.595549
vn 0.677270 0.432002 0.595549
vn 0.677270 0.432002 0.595549
vn 0.677272 0.432002 0.595548
vn 0.677272 0.432002 0.595548
vn 0.677272 0.432002 0.595548
vn 0.843090 0.537772 0.000000
vn 0.843090 0.537772 0.000000
vn 0.843090 0.537772 0.000000
vn -0.324182 -0.508202 -0.797895
vn -0.324182 -0.508202 -0.797895
vn -0.324182 -0.508202 -0.797895
vn -0.324182 -0.508201 -0.797895
vn -0.324182 -0.508201 -0.797895
vn -0.324182 -0.508201 -0.797895
vn -0.843091 0.537771 0.000000
vn -0.843091 0.537771 0.000000
vn -0.843091 0.537771 0.000000
vn -0.843091 0.537771 0.000000
vn -0.843091 0.537771 0.000000
vn -0.843091 0.537771 0.000000
vn 0.331549 -0.519749 0.787360
vn 0.331549 -0.519749 0.787360
vn 0.331549 -0.519749 0.787360
vn 0.331548 -0.519748 0.787361
vn 0.331548 -0.519748 0.787361
vn 0.331548 -0.519748 0.787361
vn 0.331548 -0.519747 0.787362
vn 0.331548 -0.519747 0.787362
vn 0.331548 -0.519747 0.787362
vn 0.331549 -0.519748 0.787361
vn 0.331549 -0.519748 0.787361
vn 0.331549 -0.519748 0.787361
vn 0.843089 0.537774 0.000000
vn 0.843089 0.537774 0.000000
vn 0.843089 0.537774 0.000000
vn 0.843091 0.537770 -0.000003
vn 0.843091 0.537770 -0.000003
vn 0.843091 0.537770 -0.000003
vn 0.000000 0.000000 1.000000
vn 0.000000 0.000000 1.000000
vn 0.000000 0.000000 1.000000
vn -0.843091 0.537771 0.000000
vn -0.843091 0.537771 0.000000
vn -0.843091 0.537771 0.000000
vn 0.843091 0.537771 -0.000002
vn 0.843091 0.537771 -0.000002
vn 0.843091 0.537771 -0.000002
vn 0.000000 0.000000 0.000000
vn 0.000000 0.000000 0.000000
vn 0.000000 0.000000 0.000000
vn 0.103977 0.994580 0.000000
vn 0.103977 0.994580 0.000000
vn 0.103977 0.994580 0.000000
vn 0.103977 0.994580 0.000000
vn 0.103977 0.994580 0.000000
vn 0.103977 0.994580 0.000000
vn 0.103977 0.994580 0.000000
vn 0.103977 0.994580 0.000000
vn 0.103977 0.994580 0.000000
vn 0.238863 -0.374451 -0.895952
vn 0.238863 -0.374451 -0.895952
vn 0.238863 -0.374451 -0.895952
vn 0.238863 -0.374450 -0.895953
vn 0.238863 -0.374450 -0.895953
vn 0.238863 -0.374450 -0.895953
vn 0.843090 0.537773 0.000000
vn 0.843090 0.537773 0.000000
vn 0.843090 0.537773 0.000000
vn 0.843090 0.537772 0.000000
vn 0.843090 0.537772 0.000000
vn 0.843090 0.537772 0.000000
vn 0.324180 -0.508206 -0.797894
vn 0.324180 -0.508206 -0.797894
vn 0.324180 -0.508206 -0.797894
vn 0.324182 -0.508201 -0.797896
vn 0.324182 -0.508201 -0.797896
vn 0.324182 -0.508201 -0.797896
vn 0.324182 -0.508201 -0.797896
vn 0.324182 -0.508201 -0.797896
vn 0.324182 -0.508201 -0.797896
vn -0.843090 0.537772 0.000000
vn -0.843090 0.537772 0.000000
vn -0.843090 0.537772 0.000000
vn 0.000000 0.000000 1.000000
vn 0.000000 0.000000 1.000000
vn 0.000000 0.000000 1.000000
vn 0.000000 0.000000 1.000000
vn 0.000000 0.000000 1.000000
vn 0.000000 0.000000 1.000000
vn 0.000000 0.000000 1.000000
vn 0.000000 0.000000 1.000000
vn 0.000000 0.000000 1.000000
vn 0.000000 0.000000 1.000000
vn 0.000000 0.000000 1.000000
vn 0.000000 0.000000 1.000000
vn 0.000000 0.000000 1.000000
vn 0.000000 0.000000 1.000000
vn 0.000000 0.000000 1.000000
vn 0.000000 0.000000 1.000000
vn 0.000000 0.000000 1.000000
vn 0.000000 0.000000 1.000000
vn 0.000000 0.000000 1.000000
vn 0.000000 0.000000 1.000000
vn 0.000000 0.000000 1.000000
vn 0.000000 0.000000 1.000000
vn 0.000000 0.000000 1.000000
vn 0.000000 0.000000 1.000000
vn 0.000000 0.000000 0.000000
vn 0.000000 0.000000 0.000000
vn 0.000000 0.000000 0.000000
vn -0.103977 0.994580 0.000000
vn -0.103977 0.994580 0.000000
vn -0.103977 0.994580 0.000000
vn -0.103977 0.994580 0.000000
vn -0.103977 0.994580 0.000000
vn -0.103977 0.994580 0.000000
vn 0.000000 0.000000 0.000000
vn 0.000000 0.000000 0.000000
vn 0.000000 0.000000 0.000000
vn 0.537797 -0.843074 0.000000
vn 0.537797 -0.843074 0.000000
vn 0.537797 -0.843074 0.000000
vn 0.537797 -0.843074 0.000000
vn 0.537797 -0.843074 0.000000
vn 0.537797 -0.843074 0.000000
vn 0.537797 -0.843074 0.000000
vn 0.537797 -0.843074 0.000000
vn 0.537797 -0.843074 0.000000
vn 0.537799 -0.843073 0.000000
vn 0.537799 -0.843073 0.000000
vn 0.537799 -0.843073 0.000000
vn 0.537799 -0.843073 0.000000
vn 0.537799 -0.843073 0.000000
vn 0.537799 -0.843073 0.000000
vn 0.627464 0.400233 0.667909
vn 0.627464 0.400233 0.667909
vn 0.627464 0.400233 0.667909
vn 0.627464 0.400236 0.667907
vn 0.627464 0.400236 0.667907
vn 0.627464 0.400236 0.667907
vn 0.324183 -0.508202 -0.797895
vn 0.324183 -0.508202 -0.797895
vn 0.324183 -0.508202 -0.797895
vn 0.324183 -0.508202 -0.797895
vn 0.324183 -0.508202 -0.797895
vn 0.324183 -0.508202 -0.797895
vn 0.324183 -0.508201 -0.797896
vn 0.324183 -0.508201 -0.797896
vn 0.324183 -0.508201 -0.797896
vn 0.000000 0.000000 0.000000
vn 0.000000 0.000000 0.000000
vn 0.000000 0.000000 0.000000
vn 0.000000 0.000000 0.000000
vn 0.000000 0.000000 0.000000
vn 0.000000 0.000000 0.000000
vn -0.305530 0.952182 0.000000
vn -0.305530 0.952182 0.000000
vn -0.305530 0.952182 0.000000
vn -0.305530 0.952182 0.000000
vn -0.305530 0.952182 0.000000
vn -0.305530 0.952182 0.000000
vn -0.305529 0.952183 0.000000
vn -0.305529 0.952183 0.000000
vn -0.305529 0.952183 0.000000
vn -0.305530 0.952182 0.000000
vn -0.305530 0.952182 0.000000
vn -0.305530 0.952182 0.000000
vn -0.305529 0.952183 0.000000
vn -0.305529 0.952183 0.000000
vn -0.305529 0.952183 0.000000
vn 0.103975 0.994580 0.000001
vn 0.103975 0.994580 0.000001
vn 0.103975 0.994580 0.000001
vn 0.103975 0.994580 0.000001
vn 0.103975 0.994580 0.000001
vn 0.103975 0.994580 0.000001
vn 0.103975 0.994580 0.000001
vn 0.103975 0.994580 0.000001
vn 0.103975 0.994580 0.000001
vn 0.103975 0.994580 0.000001
vn 0.103975 0.994580 0.000001
vn 0.103975 0.994580 0.000001
vn 0.103975 0.994580 0.000001
vn 0.103975 0.994580 0.000001
vn 0.103975 0.994580 0.000001
vn 0.748116 0.477190 -0.461099
vn 0.748116 0.477190 -0.461099
vn 0.748116 0.477190 -0.461099
vn 0.843092 0.537769 -0.000001
vn 0.843092 0.537769 -0.000001
vn 0.843092 0.537769 -0.000001
vn 0.324182 -0.508201 0.797896
vn 0.324182 -0.508201 0.797896
vn 0.324182 -0.508201 0.797896
vn 0.324182 -0.508201 0.797895
vn 0.324182 -0.508201 0.797895
vn 0.324182 -0.508201 0.797895
vn -0.843091 0.537771 0.000000
vn -0.843091 0.537771 0.000000
vn -0.843091 0.537771 0.000000
vn -0.843091 0.537771 0.000000
vn -0.843091 0.537771 0.000000
vn -0.843091 0.537771 0.000000
vn 0.000000 0.000000 1.000000
vn 0.000000 0.000000 1.000000
vn 0.000000 0.000000 1.000000
vn -0.332615 0.212161 0.918888
vn -0.332615 0.212161 0.918888
vn -0.332615 0.212161 0.918888
vn -0.332615 0.212161 0.918888
vn -0.332615 0.212161 0.918888
vn -0.332615 0.212161 0.918888
vn 0.400386 0.255390 -0.880038
vn 0.400386 0.255390 -0.880038
vn 0.400386 0.255390 -0.880038
vn 0.324182 -0.508202 0.797895
vn 0.324182 -0.508202 0.797895
vn 0.324182 -0.508202 0.797895
vn 0.324183 -0.508201 0.797895
vn 0.324183 -0.508201 0.797895
vn 0.324183 -0.508201 0.797895
vn 0.324183 -0.508202 0.797895
vn 0.324183 -0.508202 0.797895
vn 0.324183 -0.508202 0.797895
vn 0.324182 -0.508201 0.797895
vn 0.324182 -0.508201 0.797895
vn 0.324182 -0.508201 0.797895
vn -0.331548 -0.519749 0.787360
vn -0.331548 -0.519749 0.787360
vn -0.331548 -0.519749 0.787360
vn -0.331548 -0.519749 0.787360
vn -0.331548 -0.519749 0.787360
vn -0.331548 -0.519749 0.787360
vn 0.843091 0.537771 0.000000
vn 0.843091 0.537771 0.000000
vn 0.843091 0.537771 0.000000
vn 0.324183 -0.508201 0.797895
vn 0.324183 -0.508201 0.797895
vn 0.324183 -0.508201 0.797895
vn 0.324183 -0.508202 0.797895
vn 0.324183 -0.508202 0.797895
vn 0.324183 -0.508202 0.797895
vn -0.493155 0.314562 -0.811079
vn -0.493155 0.314562 -0.811079
vn -0.493155 0.314562 -0.811079
vn -0.493155 0.314563 -0.811079
vn -0.493155 0.314563 -0.811079
vn -0.493155 0.314563 -0.811079
vn 0.000000 0.000000 1.000000
vn 0.000000 0.000000 1.000000
vn 0.000000 0.000000 1.000000
vn 0.843090 0.537772 0.000000
vn 0.843090 0.537772 0.000000
vn 0.843090 0.537772 0.000000
vn 0.843092 -0.537770 0.000000
vn 0.843092 -0.537770 0.000000
vn 0.843092 -0.537770 0.000000
vn 0.843091 -0.537770 0.000000
vn 0.843091 -0.537770 0.000000
vn 0.843091 -0.537770 0.000000
vn 0.843092 -0.537770 0.000000
vn 0.843092 -0.537770 0.000000
vn 0.843092 -0.537770 0.000000
vn 0.324182 -0.508201 0.797896
vn 0.324182 -0.508201 0.797896
vn 0.324182 -0.508201 0.797896
vn 0.324184 -0.508203 0.797894
vn 0.324184 -0.508203 0.797894
vn 0.324184 -0.508203 0.797894
vn 0.324184 -0.508203 0.797894
vn 0.324184 -0.508203 0.797894
vn 0.324184 -0.508203 0.797894
vn 0.324183 -0.508202 0.797895
vn 0.324183 -0.508202 0.797895
vn 0.324183 -0.508202 0.797895
vn 0.843089 0.537774 0.000000
vn 0.843089 0.537774 0.000000
vn 0.843089 0.537774 0.000000
vn -1.000000 0.000000 0.000000
vn -1.000000 0.000000 0.000000
vn -1.000000 0.000000 0.000000
vn -0.354540 0.935041 0.000000
vn -0.354540 0.935041 0.000000
vn -0.354540 0.935041 0.000000
vn -0.354541 0.935041 0.000000
vn -0.354541 0.935041 0.000000
vn -0.354541 0.935041 0.000000
vn -0.354565 0.935031 0.000007
vn -0.354565 0.935031 0.000007
vn -0.354565 0.935031 0.000007
vn -0.354540 0.935041 0.000000
vn -0.354540 0.935041 0.000000
vn -0.354540 0.935041 0.000000
vn -0.354542 0.935040 -0.000001
vn -0.354542 0.935040 -0.000001
vn -0.354542 0.935040 -0.000001
vn -0.354543 0.935040 0.000000
vn -0.354543 0.935040 0.000000
vn -0.354543 0.935040 0.000000
vn 0.843090 0.537772 -0.000000
vn 0.843090 0.537772 -0.000000
vn 0.843090 0.537772 -0.000000
vn 0.843090 0.537772 -0.000000
vn 0.843090 0.537772 -0.000000
vn 0.843090 0.537772 -0.000000
vn -0.103959 0.994582 0.000000
vn -0.103959 0.994582 0.000000
vn -0.103959 0.994582 0.000000
vn -0.103972 0.994580 -0.000003
vn -0.103972 0.994580 -0.000003
vn -0.103972 0.994580 -0.000003
vn -0.103976 0.994580 0.000000
vn -0.103976 0.994580 0.000000
vn -0.103976 0.994580 0.000000
vn 0.000000 0.000000 0.000000
vn 0.000000 0.000000 0.000000
vn 0.000000 0.000000 0.000000
vn -0.103972 0.994580 0.000000
vn -0.103972 0.994580 0.000000
vn -0.103972 0.994580 0.000000
vn -0.103966 0.994581 0.000002
vn -0.103966 0.994581 0.000002
vn -0.103966 0.994581 0.000002
vn -0.103976 0.994580 0.000000
vn -0.103976 0.994580 0.000000
vn -0.103976 0.994580 0.000000
vn 0.331549 -0.519749 0.787360
vn 0.331549 -0.519749 0.787360
vn 0.331549 -0.519749 0.787360
vn 0.331549 -0.519748 0.787361
vn 0.331549 -0.519748 0.787361
vn 0.331549 -0.519748 0.787361
vn 0.324183 -0.508201 -0.797896
vn 0.324183 -0.508201 -0.797896
vn 0.324183 -0.508201 -0.797896
vn 0.324183 -0.508202 -0.797895
vn 0.324183 -0.508202 -0.797895
vn 0.324183 -0.508202 -0.797895
vn -0.843090 0.537772 0.000000
vn -0.843090 0.537772 0.000000
vn -0.843090 0.537772 0.000000
vn -0.537798 -0.843074 0.000000
vn -0.537798 -0.843074 0.000000
vn -0.537798 -0.843074 0.000000
vn -0.537799 -0.843073 0.000000
vn -0.537799 -0.843073 0.000000
vn -0.537799 -0.843073 0.000000
vn -0.537798 -0.843073 -0.000000
vn -0.537798 -0.843073 -0.000000
vn -0.537798 -0.843073 -0.000000
vn -0.537798 -0.843074 0.000000
vn -0.537798 -0.843074 0.000000
vn -0.537798 -0.843074 0.000000
vn 0.000000 0.000000 0.000000
vn 0.000000 0.000000 0.000000
vn 0.000000 0.000000 0.000000
vn -0.537798 0.843074 0.000000
vn -0.537798 0.843074 0.000000
vn -0.537798 0.843074 0.000000
vn -0.537799 0.843073 0.000006
vn -0.537799 0.843073 0.000006
vn -0.537799 0.843073 0.000006
vn -0.537798 0.843074 0.000000
vn -0.537798 0.843074 0.000000
vn -0.537798 0.843074 0.000000
vn -0.537798 0.843074 0.000000
vn -0.537798 0.843074 0.000000
vn -0.537798 0.843074 0.000000
vn -0.843091 0.537771 0.000000
vn -0.843091 0.537771 0.000000
vn -0.843091 0.537771 0.000000
vn -0.843091 0.537771 0.000000
vn -0.843091 0.537771 0.000000
vn -0.843091 0.537771 0.000000
vn -0.843092 0.537769 0.000000
vn -0.843092 0.537769 0.000000
vn -0.843092 0.537769 0.000000
vn -0.843092 0.537769 0.000000
vn -0.843092 0.537769 0.000000
vn -0.843092 0.537769 0.000000
vn -0.843090 0.537772 0.000003
vn -0.843090 0.537772 0.000003
vn -0.843090 0.537772 0.000003
vn -0.843092 0.537769 0.000000
vn -0.843092 0.537769 0.000000
vn -0.843092 0.537769 0.000000
vn 0.331548 -0.519749 0.787360
vn 0.331548 -0.519749 0.787360
vn 0.331548 -0.519749 0.787360
vn 0.331548 -0.519749 0.787360
vn 0.331548 -0.519749 0.787360
vn 0.331548 -0.519749 0.787360
vn 0.331548 -0.519748 0.787361
vn 0.331548 -0.519748 0.787361
vn 0.331548 -0.519748 0.787361
vn 0.331548 -0.519749 0.787361
vn 0.331548 -0.519749 0.787361
vn 0.331548 -0.519749 0.787361
vn 0.725351 0.462666 0.509711
vn 0.725351 0.462666 0.509711
vn 0.725351 0.462666 0.509711
vn 0.725349 0.462672 0.509709
vn 0.725349 0.462672 0.509709
vn 0.725349 0.462672 0.509709
vn 0.293206 -0.868886 0.398833
vn 0.293206 -0.868886 0.398833
vn 0.293206 -0.868886 0.398833
vn 0.331548 -0.519748 -0.787361
vn 0.331548 -0.519748 -0.787361
vn 0.331548 -0.519748 -0.787361
vn 0.331549 -0.519749 -0.787361
vn 0.331549 -0.519749 -0.787361
vn 0.331549 -0.519749 -0.787361
vn -0.843091 0.537771 0.000000
vn -0.843091 0.537771 0.000000
vn -0.843091 0.537771 0.000000
vn -0.843091 0.537771 0.000000
vn -0.843091 0.537771 0.000000
vn -0.843091 0.537771 0.000000
vn 0.547861 0.349458 -0.760084
vn 0.547861 0.349458 -0.760084
vn 0.547861 0.349458 -0.760084
vn 0.547861 0.349458 -0.760084
vn 0.547861 0.349458 -0.760084
vn 0.547861 0.349458 -0.760084
vn -0.627466 0.400234 0.667907
vn -0.627466 0.400234 0.667907
vn -0.627466 0.400234 0.667907
vn -0.627466 0.400234 0.667907
vn -0.627466 0.400234 0.667907
vn -0.627466 0.400234 0.667907
vn 0.000000 0.000000 1.000000
vn 0.000000 0.000000 1.000000
vn 0.000000 0.000000 1.000000
vn 0.000000 0.000000 1.000000
vn 0.000000 0.000000 1.000000
vn 0.000000 0.000000 1.000000
vn 0.000000 0.000000 1.000000
vn 0.000000 0.000000 1.000000
vn 0.000000 0.000000 1.000000
vn 0.000000 0.000000 1.000000
vn 0.000000 0.000000 1.000000
vn 0.000000 0.000000 1.000000
vn 0.000000 0.000000 1.000000
vn 0.000000 0.000000 1.000000
vn 0.000000 0.000000 1.000000
vn 0.000000 0.000000 1.000000
vn 0.000000 0.000000 1.000000
vn 0.000000 0.000000 1.000000
vn 0.000000 0.000000 1.000000
vn 0.000000 0.000000 1.000000
vn 0.000000 0.000000 1.000000
vn 0.000000 0.000000 1.000000
vn 0.000000 0.000000 1.000000
vn 0.000000 0.000000 1.000000
vn 0.000000 0.000000 1.000000
vn 0.000000 0.000000 1.000000
vn 0.000000 0.000000 1.000000
vn 0.000000 0.000000 1.000000
vn 0.000000 0.000000 1.000000
vn 0.000000 0.000000 1.000000
vn 0.000000 0.000000 1.000000
vn 0.000000 0.000000 1.000000
vn 0.000000 0.000000 1.000000
vn 0.000000 0.000000 1.000000
vn 0.000000 0.000000 1.000000
vn 0.000000 0.000000 1.000000
vn 0.000000 0.000000 1.000000
vn 0.000000 0.000000 1.000000
vn 0.000000 0.000000 1.000000
vn 0.000000 0.000000 1.000000
vn 0.000000 0.000000 1.000000
vn 0.000000 0.000000 1.000000
vn 0.000000 0.000000 1.000000
vn 0.000000 0.000000 1.000000
vn 0.000000 0.000000 1.000000
vn 0.000000 0.000000 1.000000
vn 0.000000 0.000000 1.000000
vn 0.000000 0.000000 1.000000
vn 0.000000 0.000000 1.000000
vn 0.000000 0.000000 1.000000
vn 0.000000 0.000000 1.000000
vn 0.000000 0.000000 1.000000
vn 0.000000 0.000000 1.000000
vn 0.000000 0.000000 1.000000
vn 0.000000 0.000000 1.000000
vn 0.000000 0.000000 1.000000
vn 0.000000 0.000000 1.000000
vn 0.000000 0.000000 1.000000
vn 0.000000 0.000000 1.000000
vn 0.000000 0.000000 1.000000
vn 0.000000 0.000000 1.000000
vn 0.000000 0.000000 1.000000
vn 0.000000 0.000000 1.000000
vn -0.843091 0.537771 0.000000
vn -0.843091 0.537771 0.000000
vn -0.843091 0.537771 0.000000
vn 0.843082 0.537786 0.000000
vn 0.843082 0.537786 0.000000
vn 0.843082 0.537786 0.000000
vn 0.843086 0.537779 0.000000
vn 0.843086 0.537779 0.000000
vn 0.843086 0.537779 0.000000
vn 0.843082 0.537786 -0.000015
vn 0.843082 0.537786 -0.000015
vn 0.843082 0.537786 -0.000015
vn 0.843088 0.537776 0.000000
vn 0.843088 0.537776 0.000000
vn 0.843088 0.537776 0.000000
vn -0.843092 0.537770 0.000000
vn -0.843092 0.537770 0.000000
vn -0.843092 0.537770 0.000000
vn -0.843090 0.537772 0.000000
vn -0.843090 0.537772 0.000000
vn -0.843090 0.537772 0.000000
vn -0.537798 -0.843074 0.000000
vn -0.537798 -0.843074 0.000000
vn -0.537798 -0.843074 0.000000
vn -0.537799 -0.843073 -0.000001
vn -0.537799 -0.843073 -0.000001
vn -0.537799 -0.843073 -0.000001
vn -0.537799 -0.843073 0.000000
vn -0.537799 -0.843073 0.000000
vn -0.537799 -0.843073 0.000000
vn -0.537798 -0.843074 0.000003
vn -0.537798 -0.843074 0.000003
vn -0.537798 -0.843074 0.000003
vn -0.537796 -0.843075 0.000000
vn -0.537796 -0.843075 0.000000
vn -0.537796 -0.843075 0.000000
vn -0.537799 -0.843073 -0.000001
vn -0.537799 -0.843073 -0.000001
vn -0.537799 -0.843073 -0.000001
vn -0.537799 -0.843073 -0.000001
vn -0.537799 -0.843073 -0.000001
vn -0.537799 -0.843073 -0.000001
vn 0.537798 -0.843073 -0.000000
vn 0.537798 -0.843073 -0.000000
vn 0.537798 -0.843073 -0.000000
vn 0.537799 -0.843073 0.000001
vn 0.537799 -0.843073 0.000001
vn 0.537799 -0.843073 0.000001
vn 0.537798 -0.843074 0.000001
vn 0.537798 -0.843074 0.000001
vn 0.537798 -0.843074 0.000001
vn 0.537797 -0.843074 0.000000
vn 0.537797 -0.843074 0.000000
vn 0.537797 -0.843074 0.000000
vn 0.537799 -0.843073 0.000000
vn 0.537799 -0.843073 0.000000
vn 0.537799 -0.843073 0.000000
vn 1.000000 0.000000 0.000000
vn 1.000000 0.000000 0.000000
vn 1.000000 0.000000 0.000000
vn -0.843091 0.537771 0.000000
vn -0.843091 0.537771 0.000000
vn -0.843091 0.537771 0.000000
vn 0.000000 0.000000 1.000000
vn 0.000000 0.000000 1.000000
vn 0.000000 0.000000 1.000000
vn 0.000000 0.000000 1.000000
vn 0.000000 0.000000 1.000000
vn 0.000000 0.000000 1.000000
vn -0.331549 -0.519750 0.787360
vn -0.331549 -0.519750 0.787360
vn -0.331549 -0.519750 0.787360
vn -0.331549 -0.519750 0.787360
vn -0.331549 -0.519750 0.787360
vn -0.331549 -0.519750 0.787360
vn -0.331549 -0.519749 0.787361
vn -0.331549 -0.519749 0.787361
vn -0.331549 -0.519749 0.787361
vn -0.331547 -0.519749 0.787362
vn -0.331547 -0.519749 0.787362
vn -0.331547 -0.519749 0.787362
vn -0.331549 -0.519750 0.787360
vn -0.331549 -0.519750 0.787360
vn -0.331549 -0.519750 0.787360
vn -0.324182 -0.508201 -0.797896
vn -0.324182 -0.508201 -0.797896
vn -0.324182 -0.508201 -0.797896
vn -0.324182 -0.508201 -0.797896
vn -0.324182 -0.508201 -0.797896
vn -0.324182 -0.508201 -0.797896
vn 0.537798 -0.843074 -0.000001
vn 0.537798 -0.843074 -0.000001
vn 0.537798 -0.843074 -0.000001
vn 0.537798 -0.843074 -0.000001
vn 0.537798 -0.843074 -0.000001
vn 0.537798 -0.843074 -0.000001
vn 0.537799 -0.843073 -0.000000
vn 0.537799 -0.843073 -0.000000
vn 0.537799 -0.843073 -0.000000
vn 0.537800 -0.843072 0.000000
vn 0.537800 -0.843072 0.000000
vn 0.537800 -0.843072 0.000000
vn 0.000000 0.000000 0.000000
vn 0.000000 0.000000 0.000000
vn 0.000000 0.000000 0.000000
vn 0.324182 -0.508201 -0.797896
vn 0.324182 -0.508201 -0.797896
vn 0.324182 -0.508201 -0.797896
vn 0.324183 -0.508201 -0.797896
vn 0.324183 -0.508201 -0.797896
vn 0.324183 -0.508201 -0.797896
vn 0.324182 -0.508201 -0.797896
vn 0.324182 -0.508201 -0.797896
vn 0.324182 -0.508201 -0.797896
vn 0.000000 0.000000 0.000000
vn 0.000000 0.000000 0.000000
vn 0.000000 0.000000 0.000000
vn -0.103974 0.994580 0.000000
vn -0.103974 0.994580 0.000000
vn -0.103974 0.994580 0.000000
vn -0.103974 0.994580 0.000000
vn -0.103974 0.994580 0.000000
vn -0.103974 0.994580 0.000000
vn -0.103974 0.994580 0.000000
vn -0.103974 0.994580 0.000000
vn -0.103974 0.994580 0.000000
vn -0.843089 0.537774 0.000000
vn -0.843089 0.537774 0.000000
vn -0.843089 0.537774 0.000000
vn 0.537798 -0.843074 -0.000001
vn 0.537798 -0.843074 -0.000001
vn 0.537798 -0.843074 -0.000001
vn 0.537798 -0.843074 -0.000001
vn 0.537798 -0.843074 -0.000001
vn 0.537798 -0.843074 -0.000001
vn 0.537799 -0.843073 -0.000000
vn 0.537799 -0.843073 -0.000000
vn 0.537799 -0.843073 -0.000000
vn 0.000000 0.000000 0.000000
vn 0.000000 0.000000 0.000000
vn 0.000000 0.000000 0.000000
vn 0.537798 -0.843074 -0.000001
vn 0.537798 -0.843074 -0.000001
vn 0.537798 -0.843074 -0.000001
vn 0.537798 -0.843074 -0.000001
vn 0.537798 -0.843074 -0.000001
vn 0.537798 -0.843074 -0.000001
vn 0.537798 -0.843074 0.000000
vn 0.537798 -0.843074 0.000000
vn 0.537798 -0.843074 0.000000
vn 0.537799 -0.843073 0.000000
vn 0.537799 -0.843073 0.000000
vn 0.537799 -0.843073 0.000000
vn 0.000000 0.000000 1.000000
vn 0.000000 0.000000 1.000000
vn 0.000000 0.000000 1.000000
vn -0.537798 -0.843074 0.000000
vn -0.537798 -0.843074 0.000000
vn -0.537798 -0.843074 0.000000
vn -0.537798 -0.843074 0.000000
vn -0.537798 -0.843074 0.000000
vn -0.537798 -0.843074 0.000000
vn 0.000000 0.000000 0.000000
vn 0.000000 0.000000 0.000000
vn 0.000000 0.000000 0.000000
vn -0.103976 0.994580 0.000000
vn -0.103976 0.994580 0.000000
vn -0.103976 0.994580 0.000000
vn -0.103976 0.994580 0.000000
vn -0.103976 0.994580 0.000000
vn -0.103976 0.994580 0.000000
vn -0.103976 0.994580 0.000000
vn -0.103976 0.994580 0.000000
vn -0.103976 0.994580 0.000000
vn 0.000000 0.000000 1.000000
vn 0.000000 0.000000 1.000000
vn 0.000000 0.000000 1.000000
vn 0.000000 0.000000 1.000000
vn 0.000000 0.000000 1.000000
vn 0.000000 0.000000 1.000000
vn 0.843090 0.537772 0.000000
vn 0.843090 0.537772 0.000000
vn 0.843090 0.537772 0.000000
vn 0.843090 0.537772 0.000000
vn 0.843090 0.537772 0.000000
vn 0.843090 0.537772 0.000000
vn 0.642802 0.766032 0.000000
vn 0.642802 0.766032 0.000000
vn 0.642802 0.766032 0.000000
vn 0.642802 0.766032 0.000000
vn 0.642802 0.766032 0.000000
vn 0.642802 0.766032 0.000000
vn -0.843091 0.537771 0.000000
vn -0.843091 0.537771 0.000000
vn -0.843091 0.537771 0.000000
vn -0.843091 0.537771 0.000000
vn -0.843091 0.537771 0.000000
vn -0.843091 0.537771 0.000000
vn 0.547530 0.349244 -0.760420
vn 0.547530 0.349244 -0.760420
vn 0.547530 0.349244 -0.760420
vn 0.547528 0.349245 -0.760421
vn 0.547528 0.349245 -0.760421
vn 0.547528 0.349245 -0.760421
vn 0.642801 -0.766033 0.000000
vn 0.642801 -0.766033 0.000000
vn 0.642801 -0.766033 0.000000
vn 0.642801 -0.766033 0.000000
vn 0.642801 -0.766033 0.000000
vn 0.642801 -0.766033 0.000000
vn -0.324182 -0.508201 -0.797895
vn -0.324182 -0.508201 -0.797895
vn -0.324182 -0.508201 -0.797895
vn -0.324182 -0.508201 -0.797896
vn -0.324182 -0.508201 -0.797896
vn -0.324182 -0.508201 -0.797896
vn -0.324182 -0.508201 -0.797896
vn -0.324182 -0.508201 -0.797896
vn -0.324182 -0.508201 -0.797896
vn 0.331549 -0.519749 0.787360
vn 0.331549 -0.519749 0.787360
vn 0.331549 -0.519749 0.787360
vn 0.331548 -0.519748 0.787361
vn 0.331548 -0.519748 0.787361
vn 0.331548 -0.519748 0.787361
vn 0.331549 -0.519749 0.787361
vn 0.331549 -0.519749 0.787361
vn 0.331549 -0.519749 0.787361
vn 0.331548 -0.519749 0.787360
vn 0.331548 -0.519749 0.787360
vn 0.331548 -0.519749 0.787360
vn 0.324182 -0.508201 -0.797895
vn 0.324182 -0.508201 -0.797895
vn 0.324182 -0.508201 -0.797895
vn 0.324182 -0.508201 -0.797895
vn 0.324182 -0.508201 -0.797895
vn 0.324182 -0.508201 -0.797895
vn -0.541675 0.454503 -0.707118
vn -0.541675 0.454503 -0.707118
vn -0.541675 0.454503 -0.707118
vn -0.541675 0.454503 -0.707118
vn -0.541675 0.454503 -0.707118
vn -0.541675 0.454503 -0.707118
vn 0.843090 0.537772 0.000000
vn 0.843090 0.537772 0.000000
vn 0.843090 0.537772 0.000000
vn 0.748116 0.477190 -0.461099
vn 0.748116 0.477190 -0.461099
vn 0.748116 0.477190 -0.461099
vn 0.000000 0.000000 0.000000
vn 0.000000 0.000000 0.000000
vn 0.000000 0.000000 0.000000
vn 0.000000 0.000000 0.000000
vn 0.000000 0.000000 0.000000
vn 0.000000 0.000000 0.000000
vn 0.537799 -0.843073 0.000000
vn 0.537799 -0.843073 0.000000
vn 0.537799 -0.843073 0.000000
vn 0.537799 -0.843073 0.000000
vn 0.537799 -0.843073 0.000000
vn 0.537799 -0.843073 0.000000
vn 0.537799 -0.843073 -0.000000
vn 0.537799 -0.843073 -0.000000
vn 0.537799 -0.843073 -0.000000
vn 0.537799 -0.843073 0.000000
vn 0.537799 -0.843073 0.000000
vn 0.537799 -0.843073 0.000000
vn 0.537798 -0.843073 -0.000000
vn 0.537798 -0.843073 -0.000000
vn 0.537798 -0.843073 -0.000000
vn 0.537798 -0.843074 0.000001
vn 0.537798 -0.843074 0.000001
vn 0.537798 -0.843074 0.000001
vn 0.537798 -0.843074 0.000001
vn 0.537798 -0.843074 0.000001
vn 0.537798 -0.843074 0.000001
vn 0.537798 -0.843074 -0.000001
vn 0.537798 -0.843074 -0.000001
vn 0.537798 -0.843074 -0.000001
vn 0.000000 0.000000 1.000000
vn 0.000000 0.000000 1.000000
vn 0.000000 0.000000 1.000000
vn -0.519421 0.331316 0.787675
vn -0.519421 0.331316 0.787675
vn -0.519421 0.331316 0.787675
vn -0.519421 0.331316 0.787675
vn -0.519421 0.331316 0.787675
vn -0.519421 0.331316 0.787675
vn -0.642802 0.766033 0.000000
vn -0.642802 0.766033 0.000000
vn -0.642802 0.766033 0.000000
vn -0.642802 0.766033 0.000000
vn -0.642802 0.766033 0.000000
vn -0.642802 0.766033 0.000000
vn 0.843091 0.537771 0.000000
vn 0.843091 0.537771 0.000000
vn 0.843091 0.537771 0.000000
vn -0.331549 -0.519750 0.787360
vn -0.331549 -0.519750 0.787360
vn -0.331549 -0.519750 0.787360
vn -0.331549 -0.519749 0.787360
vn -0.331549 -0.519749 0.787360
vn -0.331549 -0.519749 0.787360
vn 0.000000 -0.000000 -1.000000
vn 0.000000 -0.000000 -1.000000
vn 0.000000 -0.000000 -1.000000
vn 0.000000 -0.000000 -1.000000
vn 0.000000 -0.000000 -1.000000
vn 0.000000 -0.000000 -1.000000
vn 0.000000 -0.000000 -1.000000
vn 0.000000 -0.000000 -1.000000
vn 0.000000 -0.000000 -1.000000
vn 0.000000 -0.000000 -1.000000
vn 0.000000 -0.000000 -1.000000
vn 0.000000 -0.000000 -1.000000
vn 0.000000 -0.000000 -1.000000
vn 0.000000 -0.000000 -1.000000
vn 0.000000 -0.000000 -1.000000
vn 0.000000 -0.000000 -1.000000
vn 0.000000 -0.000000 -1.000000
vn 0.000000 -0.000000 -1.000000
vn 0.000000 -0.000000 -1.000000
vn 0.000000 -0.000000 -1.000000
vn 0.000000 -0.000000 -1.000000
vn 0.000000 -0.000000 -1.000000
vn 0.000000 -0.000000 -1.000000
vn 0.000000 -0.000000 -1.000000
vn 0.000000 -0.000000 -1.000000
vn 0.000000 -0.000000 -1.000000
vn 0.000000 -0.000000 -1.000000
vn 0.000000 -0.000000 -1.000000
vn 0.000000 -0.000000 -1.000000
vn 0.000000 -0.000000 -1.000000
vn 0.000000 -0.000000 -1.000000
vn 0.000000 -0.000000 -1.000000
vn 0.000000 -0.000000 -1.000000
vn 0.000000 -0.000000 -1.000000
vn 0.000000 -0.000000 -1.000000
vn 0.000000 -0.000000 -1.000000
vn 0.000000 -0.000000 -1.000000
vn 0.000000 -0.000000 -1.000000
vn 0.000000 -0.000000 -1.000000
vn 0.000000 -0.000000 -1.000000
vn 0.000000 -0.000000 -1.000000
vn 0.000000 -0.000000 -1.000000
vn 0.000000 -0.000000 -1.000000
vn 0.000000 -0.000000 -1.000000
vn 0.000000 -0.000000 -1.000000
vn 0.000000 -0.000000 -1.000000
vn 0.000000 -0.000000 -1.000000
vn 0.000000 -0.000000 -1.000000
vn 0.000000 -0.000000 -1.000000
vn 0.000000 -0.000000 -1.000000
vn 0.000000 -0.000000 -1.000000
vn 0.000000 -0.000000 -1.000000
vn 0.000000 -0.000000 -1.000000
vn 0.000000 -0.000000 -1.000000
vn 0.000000 -0.000000 -1.000000
vn 0.000000 -0.000000 -1.000000
vn 0.000000 -0.000000 -1.000000
vn 0.000000 -0.000000 -1.000000
vn 0.000000 -0.000000 -1.000000
vn 0.000000 -0.000000 -1.000000
vn 0.000000 -0.000000 -1.000000
vn 0.000000 -0.000000 -1.000000
vn 0.000000 -0.000000 -1.000000
vn 0.000000 -0.000000 -1.000000
vn 0.000000 -0.000000 -1.000000
vn 0.000000 -0.000000 -1.000000
vn 0.000000 -0.000000 -1.000000
vn 0.000000 -0.000000 -1.000000
vn 0.000000 -0.000000 -1.000000
vn -0.000000 0.000000 -1.000000
vn -0.000000 0.000000 -1.000000
vn -0.000000 0.000000 -1.000000
vn -0.000000 0.000000 -1.000000
vn -0.000000 0.000000 -1.000000
vn -0.000000 0.000000 -1.000000
vn -0.000000 0.000000 -1.000000
vn -0.000000 0.000000 -1.000000
vn -0.000000 0.000000 -1.000000
vn 0.000000 -0.000000 -1.000000
vn 0.000000 -0.000000 -1.000000
vn 0.000000 -0.000000 -1.000000
vn -0.000000 0.000000 -1.000000
vn -0.000000 0.000000 -1.000000
vn -0.000000 0.000000 -1.000000
vn -0.000000 0.000000 -1.000000
vn -0.000000 0.000000 -1.000000
vn -0.000000 0.000000 -1.000000
vn -0.000000 0.000000 -1.000000
vn -0.000000 0.000000 -1.000000
vn -0.000000 0.000000 -1.000000
vn 0.000000 -0.000000 -1.000000
vn 0.000000 -0.000000 -1.000000
vn 0.000000 -0.000000 -1.000000
vn -0.000000 0.000000 -1.000000
vn -0.000000 0.000000 -1.000000
vn -0.000000 0.000000 -1.000000
vn 0.000000 -0.000000 -1.000000
vn 0.000000 -0.000000 -1.000000
vn 0.000000 -0.000000 -1.000000
vn 0.000000 -0.000000 -1.000000
vn 0.000000 -0.000000 -1.000000
vn 0.000000 -0.000000 -1.000000
vn 0.000000 -0.000000 -1.000000
vn 0.000000 -0.000000 -1.000000
vn 0.000000 -0.000000 -1.000000
vn -0.000000 0.000000 -1.000000
vn -0.000000 0.000000 -1.000000
vn -0.000000 0.000000 -1.000000
vn -0.000000 0.000000 -1.000000
vn -0.000000 0.000000 -1.000000
vn -0.000000 0.000000 -1.000000
vn 0.000000 -0.000000 -1.000000
vn 0.000000 -0.000000 -1.000000
vn 0.000000 -0.000000 -1.000000
vn -0.000000 0.000000 -1.000000
vn -0.000000 0.000000 -1.000000
vn -0.000000 0.000000 -1.000000
vn 0.000000 -0.000000 -1.000000
vn 0.000000 -0.000000 -1.000000
vn 0.000000 -0.000000 -1.000000
vn -0.000000 0.000000 -1.000000
vn -0.000000 0.000000 -1.000000
vn -0.000000 0.000000 -1.000000
vn 0.000000 -0.000000 -1.000000
vn 0.000000 -0.000000 -1.000000
vn 0.000000 -0.000000 -1.000000
vn 0.000000 -0.000000 -1.000000
vn 0.000000 -0.000000 -1.000000
vn 0.000000 -0.000000 -1.000000
vn 0.000000 -0.000000 -1.000000
vn 0.000000 -0.000000 -1.000000
vn 0.000000 -0.000000 -1.000000
vn 0.000000 -0.000000 -1.000000
vn 0.000000 -0.000000 -1.000000
vn 0.000000 -0.000000 -1.000000
vn 0.000000 -0.000000 -1.000000
vn 0.000000 -0.000000 -1.000000
vn 0.000000 -0.000000 -1.000000
vn 0.000000 -0.000000 -1.000000
vn 0.000000 -0.000000 -1.000000
vn 0.000000 -0.000000 -1.000000
vn 0.000000 -0.000000 -1.000000
vn 0.000000 -0.000000 -1.000000
vn 0.000000 -0.000000 -1.000000
vn -0.000000 0.000000 -1.000000
vn -0.000000 0.000000 -1.000000
vn -0.000000 0.000000 -1.000000
vn -0.000000 0.000000 -1.000000
vn -0.000000 0.000000 -1.000000
vn -0.000000 0.000000 -1.000000
vn 0.000000 -0.000000 -1.000000
vn 0.000000 -0.000000 -1.000000
vn 0.000000 -0.000000 -1.000000
vn -0.000000 0.000000 -1.000000
vn -0.000000 0.000000 -1.000000
vn -0.000000 0.000000 -1.000000
vn -0.000000 0.000000 -1.000000
vn -0.000000 0.000000 -1.000000
vn -0.000000 0.000000 -1.000000
vn 0.000000 -0.000000 -1.000000
vn 0.000000 -0.000000 -1.000000
vn 0.000000 -0.000000 -1.000000
vn -0.000000 0.000000 -1.000000
vn -0.000000 0.000000 -1.000000
vn -0.000000 0.000000 -1.000000
vn -0.000000 0.000000 -1.000000
vn -0.000000 0.000000 -1.000000
vn -0.000000 0.000000 -1.000000
vn 0.000000 -0.000000 -1.000000
vn 0.000000 -0.000000 -1.000000
vn 0.000000 -0.000000 -1.000000
vn 0.000000 -0.000000 -1.000000
vn 0.000000 -0.000000 -1.000000
vn 0.000000 -0.000000 -1.000000
vn 0.000000 -0.000000 -1.000000
vn 0.000000 -0.000000 -1.000000
vn 0.000000 -0.000000 -1.000000
vn 0.000000 -0.000000 -1.000000
vn 0.000000 -0.000000 -1.000000
vn 0.000000 -0.000000 -1.000000
vn 0.000000 -0.000000 -1.000000
vn 0.000000 -0.000000 -1.000000
vn 0.000000 -0.000000 -1.000000
vn 0.000000 -0.000000 -1.000000
vn 0.000000 -0.000000 -1.000000
vn 0.000000 -0.000000 -1.000000
vn 0.000000 -0.000000 -1.000000
vn 0.000000 -0.000000 -1.000000
vn 0.000000 -0.000000 -1.000000
vn -0.000000 0.000000 -1.000000
vn -0.000000 0.000000 -1.000000
vn -0.000000 0.000000 -1.000000
vn 0.000000 -0.000000 -1.000000
vn 0.000000 -0.000000 -1.000000
vn 0.000000 -0.000000 -1.000000
vn -0.000000 0.000000 -1.000000
vn -0.000000 0.000000 -1.000000
vn -0.000000 0.000000 -1.000000
vn 0.000000 -0.000000 -1.000000
vn 0.000000 -0.000000 -1.000000
vn 0.000000 -0.000000 -1.000000
vn 0.000000 -0.000000 -1.000000
vn 0.000000 -0.000000 -1.000000
vn 0.000000 -0.000000 -1.000000
vn -0.000000 0.000000 -1.000000
vn -0.000000 0.000000 -1.000000
vn -0.000000 0.000000 -1.000000
vn -0.000000 0.000000 -1.000000
vn -0.000000 0.000000 -1.000000
vn -0.000000 0.000000 -1.000000
vn -0.000000 0.000000 -1.000000
vn -0.000000 0.000000 -1.000000
vn -0.000000 0.000000 -1.000000
vn -0.000000 0.000000 -1.000000
vn -0.000000 0.000000 -1.000000
vn -0.000000 0.000000 -1.000000
vn 0.000000 -0.000000 -1.000000
vn 0.000000 -0.000000 -1.000000
vn 0.000000 -0.000000 -1.000000
vn 0.000000 -0.000000 -1.000000
vn 0.000000 -0.000000 -1.000000
vn 0.000000 -0.000000 -1.000000
vn -0.000000 0.000000 -1.000000
vn -0.000000 0.000000 -1.000000
vn -0.000000 0.000000 -1.000000
vn 0.000000 -0.000000 -1.000000
vn 0.000000 -0.000000 -1.000000
vn 0.000000 -0.000000 -1.000000
vn -0.000000 0.000000 -1.000000
vn -0.000000 0.000000 -1.000000
vn -0.000000 0.000000 -1.000000
vn 0.000000 -0.000000 -1.000000
vn 0.000000 -0.000000 -1.000000
vn 0.000000 -0.000000 -1.000000
vn -0.000000 0.000000 -1.000000
vn -0.000000 0.000000 -1.000000
vn -0.000000 0.000000 -1.000000
vn -0.000000 0.000000 -1.000000
vn -0.000000 0.000000 -1.000000
vn -0.000000 0.000000 -1.000000
vn -0.000000 0.000000 -1.000000
vn -0.000000 0.000000 -1.000000
vn -0.000000 0.000000 -1.000000
vn 0.000000 -0.000000 -1.000000
vn 0.000000 -0.000000 -1.000000
vn 0.000000 -0.000000 -1.000000
vn 0.000000 -0.000000 -1.000000
vn 0.000000 -0.000000 -1.000000
vn 0.000000 -0.000000 -1.000000
vn -0.000000 0.000000 -1.000000
vn -0.000000 0.000000 -1.000000
vn -0.000000 0.000000 -1.000000
vn 0.000000 -0.000000 -1.000000
vn 0.000000 -0.000000 -1.000000
vn 0.000000 -0.000000 -1.000000
vn 0.000000 -0.000000 -1.000000
vn 0.000000 -0.000000 -1.000000
vn 0.000000 -0.000000 -1.000000
vn 0.000000 -0.000000 -1.000000
vn 0.000000 -0.000000 -1.000000
vn 0.000000 -0.000000 -1.000000
vn -0.000000 0.000000 -1.000000
vn -0.000000 0.000000 -1.000000
vn -0.000000 0.000000 -1.000000
vn 0.000000 -0.000000 -1.000000
vn 0.000000 -0.000000 -1.000000
vn 0.000000 -0.000000 -1.000000
vn 0.000000 -0.000000 -1.000000
vn 0.000000 -0.000000 -1.000000
vn 0.000000 -0.000000 -1.000000
vn 0.000000 -0.000000 0.000000
vn 0.000000 -0.000000 0.000000
vn 0.000000 -0.000000 0.000000
s off
g cottage_remix_roof02
usemtl lambert2SG
f 1247//1 1206//2 1207//3
f 1206//4 1247//5 1238//6
f 1238//7 1247//8 1246//9
f 1238//10 1245//11 1218//12
f 1245//13 1238//14 1246//15
f 755//16 800//17 776//18
f 800//19 755//20 919//21
f 800//22 919//23 966//24
f 966//25 817//26 800//27
f 359//28 331//29 330//30
f 331//31 359//32 360//33
f 359//34 248//35 307//36
f 248//37 359//38 330//39
f 917//40 872//41 873//42
f 872//43 917//44 916//45
f 535//46 471//47 472//48
f 471//49 535//50 534//51
f 765//52 581//53 624//54
f 581//55 765//56 726//57
f 150//58 251//59 161//60
f 251//61 150//62 373//63
f 251//64 373//65 421//66
f 421//67 267//68 251//69
f 317//70 234//71 243//72
f 234//73 317//74 295//75
f 683//76 712//77 660//78
f 310//79 103//80 170//81
f 103//82 310//83 270//84
f 901//85 974//86 900//87
f 974//88 901//89 976//90
f 1046//91 976//92 975//93
f 976//94 1046//95 1045//96
f 974//97 898//98 899//99
f 898//100 974//101 1043//102
f 1043//103 974//104 976//105
f 1043//106 976//107 1045//108
f 1043//109 1045//110 1044//111
f 308//112 359//113 307//114
f 359//115 308//116 360//117
f 472//118 584//119 535//120
f 584//121 472//122 548//123
f 535//124 583//125 534//126
f 583//127 535//128 584//129
f 583//130 548//131 547//132
f 548//133 583//134 584//135
f 583//136 471//137 534//138
f 471//139 583//140 547//141
f 308//142 248//143 249//144
f 248//145 308//146 307//147
f 249//148 360//149 308//150
f 360//151 249//152 331//153
f 656//154 640//155 639//156
f 640//157 656//158 814//159
f 814//160 656//161 813//162
f 182//163 181//164 152//165
f 1136//166 1158//167 1061//168
f 590//169 619//170 569//171
f 920//172 757//173 756//174
f 757//175 920//176 921//177
f 757//178 921//179 923//180
f 922//181 923//182 921//183
f 924//184 757//185 923//186
f 1609//187 1781//188 1763//189
f 1781//190 1609//191 1810//192
f 1810//193 1609//194 1655//195
f 1810//196 1804//197 1781//198
f 1072//199 1101//200 1100//201
f 1101//202 1072//203 1073//204
f 817//205 816//206 800//207
f 562//208 574//209 573//210
f 574//211 562//212 563//213
f 139//214 104//215 133//216
f 270//217 133//218 103//219
f 133//220 270//221 139//222
f 139//223 270//224 271//225
f 271//226 273//227 139//228
f 273//229 271//230 272//231
f 66//232 185//233 80//234
f 185//235 66//236 142//237
f 1260//238 1242//239 1184//240
f 1259//241 1258//242 1260//243
f 1242//244 1257//245 1183//246
f 1257//247 1242//248 1258//249
f 1258//250 1242//251 1260//252
f 1268//253 1215//254 1216//255
f 1215//256 1268//257 1265//258
f 1265//259 1268//260 1266//261
f 1266//262 1268//263 1267//264
f 1277//265 1208//266 1209//267
f 1208//268 1277//269 1275//270
f 1275//271 1277//272 1276//273
f 574//274 600//275 573//276
f 600//277 574//278 602//279
f 600//280 602//281 601//282
f 895//283 1081//284 935//285
f 1081//286 895//287 1040//288
f 857//289 872//290 856//291
f 872//292 857//293 873//294
f 168//295 31//296 30//297
f 31//298 168//299 169//300
f 169//301 171//302 31//303
f 171//304 169//305 170//306
f 859//307 874//308 858//309
f 874//310 859//311 875//312
f 838//313 595//314 594//315
f 595//316 838//317 839//318
f 595//319 839//320 841//321
f 840//322 841//323 839//324
f 1217//325 1218//326 1201//327
f 1218//328 1217//329 1238//330
f 367//331 366//332 361//333
f 263//334 147//335 158//336
f 147//337 263//338 370//339
f 370//340 263//341 420//342
f 907//343 930//344 855//345
f 404//346 364//347 427//348
f 364//349 404//350 353//351
f 223//352 150//353 149//354
f 150//355 223//356 373//357
f 370//358 148//359 147//360
f 148//361 370//362 223//363
f 223//364 370//365 371//366
f 223//367 371//368 373//369
f 372//370 373//371 371//372
f 756//373 778//374 777//375
f 778//376 756//377 757//378
f 751//379 785//380 750//381
f 785//382 751//383 786//384
f 178//385 177//386 140//387
f 127//388 151//389 135//390
f 151//391 309//392 165//393
f 309//394 151//395 127//396
f 309//397 127//398 264//399
f 938//400 883//401 884//402
f 883//403 938//404 935//405
f 935//406 938//407 936//408
f 936//409 938//410 937//411
f 33//412 76//413 50//414
f 76//415 213//416 98//417
f 213//418 76//419 33//420
f 213//421 33//422 183//423
f 1133//424 1149//425 1097//426
f 712//427 711//428 675//429
f 2212//430 2271//431 2245//432
f 2271//433 2212//434 2234//435
f 1999//436 2050//437 1969//438
f 1776//439 1540//440 1539//441
f 1540//442 1776//443 1541//444
f 1541//445 1398//446 1397//447
f 1398//448 1541//449 1777//450
f 1777//451 1541//452 1776//453
f 2354//454 2344//455 2353//456
f 2344//457 2354//458 2345//459
f 2345//460 2354//461 2241//462
f 2241//463 2196//464 2240//465
f 2196//466 2241//467 2197//468
f 2197//469 2241//470 2354//471
f 1554//472 1595//473 1540//474
f 1113//475 1256//476 1124//477
f 1256//478 1113//479 1231//480
f 2529//481 2445//482 2400//483
f 2445//484 2529//485 2528//486
f 2400//487 2398//488 2399//489
f 2398//490 2400//491 2397//492
f 2397//493 2400//494 2445//495
f 2397//496 2445//497 2526//498
f 2526//499 2445//500 2527//501
f 2189//502 2211//503 2188//504
f 1928//505 1741//506 1740//507
f 1741//508 1928//509 1742//510
f 1742//511 1928//512 1904//513
f 1904//514 1928//515 1929//516
f 1742//517 1931//518 1743//519
f 1931//520 1742//521 1904//522
f 1931//523 1904//524 1930//525
f 2659//526 2585//527 2642//528
f 2585//529 2659//530 2473//531
f 2473//532 2659//533 2497//534
f 1782//535 1835//536 1766//537
f 1902//538 1811//539 1901//540
f 1811//541 1902//542 1798//543
f 1798//544 1694//545 1797//546
f 1694//547 1798//548 1695//549
f 1695//550 1798//551 1902//552
f 2226//553 2232//554 2225//555
f 2232//556 2226//557 2233//558
f 2588//559 2637//560 2587//561
f 2637//562 2588//563 2638//564
f 1677//565 1430//566 1429//567
f 1430//568 1677//569 1431//570
f 1431//571 1677//572 1432//573
f 1432//574 1677//575 1433//576
f 1433//577 1677//578 1628//579
f 1628//580 1677//581 1678//582
f 1628//583 1680//584 1433//585
f 1680//586 1628//587 1679//588
f 2573//589 2521//590 2565//591
f 2521//592 2573//593 2549//594
f 2363//595 2385//596 2362//597
f 2385//598 2363//599 2386//600
f 1828//601 1634//602 1633//603
f 1634//604 1828//605 1829//606
f 1422//607 1511//608 1504//609
f 1511//610 1422//611 1452//612
f 2516//613 2536//614 2515//615
f 2427//616 2301//617 2388//618
f 2301//619 2427//620 2172//621
f 2301//622 2172//623 2144//624
f 2649//625 2665//626 2648//627
f 2665//628 2649//629 2666//630
f 2601//631 2486//632 2485//633
f 2486//634 2601//635 2602//636
f 1430//637 1428//638 1429//639
f 1428//640 1430//641 1472//642
f 1428//643 1472//644 1427//645
f 1427//646 1472//647 1471//648
f 830//649 829//650 802//651
f 2410//652 2435//653 2409//654
f 1615//655 1558//656 1586//657
f 1558//658 1615//659 1583//660
f 2651//661 2667//662 2650//663
f 2667//664 2651//665 2668//666
f 2474//667 2609//668 2587//669
f 2609//670 2664//671 2647//672
f 2664//673 2609//674 2501//675
f 2501//676 2609//677 2474//678
f 2613//679 2673//680 2593//681
f 1824//682 2012//683 1974//684
f 2012//685 1824//686 1859//687
f 2300//688 2298//689 2299//690
f 2298//691 2300//692 2441//693
f 2298//694 2441//695 2297//696
f 2297//697 2441//698 2440//699
f 2503//700 2635//701 2628//702
f 2635//703 2503//704 2544//705
f 2449//706 2318//707 2317//708
f 2131//709 2483//710 2132//711
f 2483//712 2131//713 2318//714
f 2483//715 2318//716 2449//717
f 2483//718 2449//719 2482//720
f 2520//721 2548//722 2519//723
f 1778//724 1813//725 1741//726
f 1762//727 1760//728 1761//729
f 1760//730 1762//731 1759//732
f 1759//733 1762//734 1804//735
f 1759//736 1804//737 1803//738
f 696//739 740//740 695//741
f 740//742 696//743 741//744
f 89//745 88//746 71//747
f 91//748 90//749 72//750
f 63//751 73//752 92//753
f 73//754 63//755 64//756
f 96//757 95//758 75//759
f 100//760 99//761 77//762
f 102//763 101//764 78//765
f 87//766 105//767 84//768
f 105//769 87//770 106//771
f 106//772 87//773 88//774
f 106//775 88//776 89//777
f 106//778 89//779 90//780
f 106//781 90//782 91//783
f 106//784 91//785 92//786
f 92//787 91//788 63//789
f 106//790 92//791 93//792
f 106//793 93//794 94//795
f 94//796 93//797 74//798
f 106//799 94//800 95//801
f 106//802 95//803 96//804
f 106//805 96//806 97//807
f 106//808 97//809 98//810
f 98//811 97//812 76//813
f 106//814 98//815 99//816
f 106//817 99//818 100//819
f 106//820 100//821 101//822
f 106//823 101//824 102//825
f 2446//826 2262//827 2401//828
f 2262//829 2446//830 2294//831
f 2019//832 1858//833 2005//834
f 1858//835 2019//836 1757//837
f 1858//838 1757//839 1718//840
f 1579//841 1399//842 1516//843
f 1399//844 1579//845 1599//846
f 1399//847 1599//848 1412//849
f 1795//850 1646//851 1783//852
f 1646//853 1795//854 1683//855
f 125//856 54//857 61//858
f 54//859 125//860 112//861
f 2143//862 2330//863 2296//864
f 2330//865 2384//866 2361//867
f 2384//868 2330//869 2166//870
f 2166//871 2330//872 2143//873
f 1910//874 1930//875 1909//876
f 1930//877 1910//878 1931//879
f 808//880 909//881 853//882
f 909//883 808//884 1049//885
f 909//886 1049//887 1083//888
f 1083//889 943//890 909//891
f 676//892 865//893 720//894
f 865//895 676//896 831//897
f 920//898 966//899 919//900
f 2066//901 2106//902 2065//903
f 1435//904 1560//905 1546//906
f 1560//907 1435//908 1455//909
f 1892//910 1929//911 1908//912
f 1929//913 1892//914 1904//915
f 1711//916 1802//917 1789//918
f 1802//919 1711//920 1732//921
f 2097//922 2114//923 2060//924
f 2506//925 2505//926 2475//927
f 119//928 130//929 129//930
f 130//931 119//932 120//933
f 1386//934 1385//935 1391//936
f 2524//937 2522//938 2523//939
f 2522//940 2524//941 2521//942
f 2521//943 2524//944 2565//945
f 2565//946 2524//947 2566//948
f 2632//949 2551//950 2625//951
f 2551//952 2632//953 2564//954
f 2339//955 2296//956 2297//957
f 2405//958 2407//959 2406//960
f 2407//961 2405//962 2545//963
f 2583//964 2405//965 2404//966
f 2405//967 2583//968 2554//969
f 2405//970 2554//971 2545//972
f 2584//973 2545//974 2554//975
f 1421//976 1420//977 1401//978
f 1895//979 1849//980 1850//981
f 1879//982 1763//983 1834//984
f 1763//985 1879//986 1656//987
f 1763//988 1656//989 1609//990
f 2174//991 2207//992 2173//993
f 181//994 129//995 130//996
f 129//997 181//998 178//999
f 178//1000 181//1001 179//1002
f 179//1003 181//1004 180//1005
f 1564//1006 1574//1007 1563//1008
f 1574//1009 1564//1010 1575//1011
f 1978//1012 2000//1013 1977//1014
f 2653//1015 2669//1016 2652//1017
f 696//1018 802//1019 741//1020
f 802//1021 696//1022 932//1023
f 802//1024 932//1025 969//1026
f 969//1027 830//1028 802//1029
f 1048//1030 964//1031 985//1032
f 964//1033 1048//1034 1003//1035
f 625//1036 539//1037 557//1038
f 539//1039 625//1040 581//1041
f 465//1042 509//1043 508//1044
f 509//1045 465//1046 466//1047
f 509//1048 466//1049 479//1050
f 509//1051 479//1052 544//1053
f 544//1054 479//1055 510//1056
f 511//1057 544//1058 510//1059
f 942//1060 852//1061 853//1062
f 852//1063 942//1064 939//1065
f 939//1066 942//1067 940//1068
f 940//1069 942//1070 941//1071
f 1250//1072 1086//1073 1085//1074
f 1086//1075 1250//1076 1254//1077
f 1254//1078 1250//1079 1253//1080
f 1253//1081 1250//1082 1251//1083
f 1252//1084 1253//1085 1251//1086
f 1016//1087 1042//1088 954//1089
f 1167//1090 1166//1091 1138//1092
f 123//1093 166//1094 137//1095
f 166//1096 123//1097 136//1098
f 819//1099 862//1100 818//1101
f 274//1102 311//1103 273//1104
f 1111//1105 1211//1106 1122//1107
f 1211//1108 1111//1109 1185//1110
f 1283//1111 1105//1112 1150//1113
f 1105//1114 1283//1115 1085//1116
f 1085//1117 1283//1118 1250//1119
f 291//1120 315//1121 290//1122
f 1261//1123 1260//1124 1232//1125
f 606//1126 644//1127 605//1128
f 724//1129 594//1130 635//1131
f 594//1132 724//1133 838//1134
f 838//1135 724//1136 866//1137
f 838//1138 866//1139 851//1140
f 309//1141 137//1142 165//1143
f 137//1144 309//1145 265//1146
f 1256//1147 1123//1148 1124//1149
f 1123//1150 1256//1151 1211//1152
f 1211//1153 1256//1154 1254//1155
f 1254//1156 1256//1157 1255//1158
f 1211//1159 1121//1160 1122//1161
f 1121//1162 1211//1163 1253//1164
f 1253//1165 1211//1166 1254//1167
f 19//1168 67//1169 35//1170
f 67//1171 19//1172 46//1173
f 270//1174 310//1175 269//1176
f 882//1177 894//1178 926//1179
f 894//1180 882//1181 869//1182
f 193//1183 198//1184 192//1185
f 198//1186 193//1187 199//1188
f 2457//1189 2471//1190 2456//1191
f 2471//1192 2457//1193 2472//1194
f 973//1195 1046//1196 975//1197
f 1046//1198 973//1199 1017//1200
f 943//1201 942//1202 909//1203
f 821//1204 820//1205 801//1206
f 254//1207 287//1208 197//1209
f 987//1210 1146//1211 988//1212
f 1146//1213 987//1214 1279//1215
f 988//1216 1146//1217 1147//1218
f 1146//1219 1279//1220 1280//1221
f 579//1222 763//1223 616//1224
f 763//1225 579//1226 717//1227
f 608//1228 607//1229 577//1230
f 306//1231 394//1232 329//1233
f 394//1234 306//1235 348//1236
f 618//1237 416//1238 415//1239
f 416//1240 618//1241 430//1242
f 430//1243 618//1244 431//1245
f 431//1246 618//1247 621//1248
f 621//1249 618//1250 620//1251
f 620//1252 618//1253 619//1254
f 17//1255 94//1256 16//1257
f 94//1258 17//1259 95//1260
f 834//1261 833//1262 803//1263
f 104//1264 173//1265 111//1266
f 173//1267 104//1268 139//1269
f 931//1270 805//1271 849//1272
f 805//1273 931//1274 1037//1275
f 1037//1276 931//1277 1080//1278
f 237//1279 246//1280 236//1281
f 246//1282 237//1283 247//1284
f 504//1285 503//1286 477//1287
f 93//1288 14//1289 15//1290
f 14//1291 93//1292 92//1293
f 532//1294 474//1295 473//1296
f 474//1297 532//1298 550//1299
f 550//1300 532//1301 714//1302
f 550//1303 714//1304 551//1305
f 551//1306 714//1307 579//1308
f 579//1309 714//1310 715//1311
f 715//1312 717//1313 579//1314
f 717//1315 715//1316 716//1317
f 665//1318 680//1319 679//1320
f 680//1321 665//1322 666//1323
f 1239//1324 1247//1325 1207//1326
f 1150//1327 1149//1328 1133//1329
f 912//1330 952//1331 951//1332
f 952//1333 912//1334 913//1335
f 1199//1336 1264//1337 1220//1338
f 1264//1339 1199//1340 1233//1341
f 1173//1342 1196//1343 1172//1344
f 1263//1345 1071//1346 1070//1347
f 1071//1348 1263//1349 1087//1350
f 1087//1351 1263//1352 1088//1353
f 1088//1354 1263//1355 1264//1356
f 1264//1357 1266//1358 1088//1359
f 1266//1360 1264//1361 1265//1362
f 78//1363 101//1364 45//1365
f 970//1366 791//1367 834//1368
f 791//1369 970//1370 937//1371
f 251//1372 266//1373 161//1374
f 381//1375 257//1376 296//1377
f 257//1378 381//1379 511//1380
f 511//1381 381//1382 544//1383
f 622//1384 352//1385 351//1386
f 352//1387 622//1388 404//1389
f 404//1390 622//1391 623//1392
f 404//1393 354//1394 353//1395
f 354//1396 404//1397 626//1398
f 626//1399 404//1400 623//1401
f 626//1402 623//1403 624//1404
f 626//1405 624//1406 625//1407
f 1272//1408 1288//1409 1271//1410
f 906//1411 921//1412 812//1413
f 559//1414 455//1415 454//1416
f 455//1417 559//1418 538//1419
f 538//1420 457//1421 456//1422
f 457//1423 538//1424 577//1425
f 577//1426 538//1427 559//1428
f 577//1429 559//1430 576//1431
f 577//1432 576//1433 705//1434
f 577//1435 705//1436 706//1437
f 577//1438 706//1439 709//1440
f 706//1441 708//1442 709//1443
f 708//1444 706//1445 707//1446
f 888//1447 976//1448 901//1449
f 976//1450 888//1451 955//1452
f 674//1453 651//1454 650//1455
f 651//1456 674//1457 675//1458
f 675//1459 674//1460 823//1461
f 823//1462 674//1463 822//1464
f 674//1465 820//1466 822//1467
f 820//1468 674//1469 819//1470
f 821//1471 822//1472 820//1473
f 1259//1474 1285//1475 1258//1476
f 631//1477 637//1478 630//1479
f 637//1480 631//1481 638//1482
f 302//1483 355//1484 325//1485
f 355//1486 302//1487 501//1488
f 355//1489 501//1490 542//1491
f 542//1492 372//1493 355//1494
f 703//1495 702//1496 686//1497
f 1192//1498 1001//1499 1034//1500
f 1001//1501 1192//1502 1157//1503
f 345//1504 544//1505 381//1506
f 544//1507 345//1508 509//1509
f 625//1510 624//1511 581//1512
f 517//1513 415//1514 440//1515
f 415//1516 517//1517 647//1518
f 415//1519 647//1520 618//1521
f 689//1522 723//1523 664//1524
f 2530//1525 2418//1526 2490//1527
f 2418//1528 2530//1529 2313//1530
f 2418//1531 2313//1532 2266//1533
f 1035//1534 891//1535 903//1536
f 891//1537 1035//1538 1001//1539
f 1169//1540 1170//1541 1003//1542
f 1003//1543 965//1544 964//1545
f 965//1546 1003//1547 1004//1548
f 1004//1549 1003//1550 1172//1551
f 1172//1552 1003//1553 1170//1554
f 1172//1555 1170//1556 1171//1557
f 589//1558 602//1559 574//1560
f 1103//1561 1143//1562 1102//1563
f 1143//1564 1103//1565 1174//1566
f 1143//1567 1100//1568 1101//1569
f 1100//1570 1143//1571 1171//1572
f 1171//1573 1143//1574 1173//1575
f 1173//1576 1143//1577 1174//1578
f 1171//1579 1173//1580 1172//1581
f 380//1582 246//1583 247//1584
f 246//1585 380//1586 377//1587
f 377//1588 380//1589 378//1590
f 378//1591 380//1592 379//1593
f 610//1594 645//1595 609//1596
f 2486//1597 2581//1598 2485//1599
f 2581//1600 2486//1601 2487//1602
f 2581//1603 2487//1604 2582//1605
f 2253//1606 2278//1607 2252//1608
f 1716//1609 1884//1610 1849//1611
f 1884//1612 1933//1613 1912//1614
f 1933//1615 1884//1616 1748//1617
f 1748//1618 1884//1619 1716//1620
f 843//1621 697//1622 742//1623
f 697//1624 843//1625 946//1626
f 946//1627 843//1628 972//1629
f 1619//1630 1529//1631 1590//1632
f 1529//1633 1619//1634 1402//1635
f 1402//1636 1619//1637 1425//1638
f 1912//1639 1932//1640 1911//1641
f 1932//1642 1912//1643 1933//1644
f 2247//1645 2272//1646 2246//1647
f 2272//1648 2247//1649 2273//1650
f 133//1651 110//1652 103//1653
f 110//1654 133//1655 155//1656
f 1669//1657 1603//1658 1536//1659
f 1603//1660 1669//1661 1668//1662
f 1536//1663 1534//1664 1535//1665
f 1534//1666 1536//1667 1533//1668
f 1533//1669 1536//1670 1666//1671
f 1666//1672 1536//1673 1603//1674
f 1666//1675 1603//1676 1667//1677
f 1794//1678 1610//1679 1767//1680
f 1610//1681 1794//1682 1661//1683
f 1604//1684 1778//1685 1742//1686
f 1778//1687 1829//1688 1813//1689
f 1829//1690 1778//1691 1634//1692
f 1634//1693 1778//1694 1604//1695
f 2278//1696 2192//1697 2252//1698
f 2192//1699 2278//1700 2227//1701
f 1652//1702 1651//1703 1608//1704
f 1504//1705 1464//1706 1445//1707
f 1464//1708 1504//1709 1511//1710
f 2671//1711 2675//1712 2670//1713
f 2675//1714 2671//1715 2676//1716
f 255//1717 294//1718 293//1719
f 294//1720 255//1721 256//1722
f 2176//1723 2174//1724 2175//1725
f 2174//1726 2176//1727 2177//1728
f 2174//1729 2177//1730 2281//1731
f 2281//1732 2177//1733 2282//1734
f 2151//1735 2115//1736 2094//1737
f 2115//1738 2151//1739 2158//1740
f 641//1741 844//1742 642//1743
f 844//1744 641//1745 677//1746
f 844//1747 677//1748 843//1749
f 843//1750 677//1751 842//1752
f 483//1753 524//1754 365//1755
f 343//1756 321//1757 322//1758
f 321//1759 343//1760 342//1761
f 354//1762 364//1763 353//1764
f 364//1765 354//1766 365//1767
f 892//1768 903//1769 891//1770
f 903//1771 892//1772 904//1773
f 283//1774 232//1775 233//1776
f 232//1777 283//1778 280//1779
f 280//1780 283//1781 281//1782
f 281//1783 283//1784 282//1785
f 1248//1786 1247//1787 1239//1788
f 1993//1789 1894//1790 1948//1791
f 1894//1792 1993//1793 1906//1794
f 922//1795 921//1796 906//1797
f 1103//1798 1102//1799 1074//1800
f 2098//1801 2119//1802 2077//1803
f 2404//1804 2402//1805 2403//1806
f 2402//1807 2404//1808 2456//1809
f 2456//1810 2404//1811 2405//1812
f 2456//1813 2405//1814 2457//1815
f 383//1816 154//1817 153//1818
f 154//1819 383//1820 240//1821
f 240//1822 383//1823 399//1824
f 399//1825 383//1826 384//1827
f 385//1828 399//1829 384//1830
f 386//1831 240//1832 399//1833
f 279//1834 194//1835 195//1836
f 194//1837 279//1838 276//1839
f 276//1840 279//1841 278//1842
f 276//1843 278//1844 277//1845
f 1255//1846 1256//1847 1125//1848
f 1126//1849 1056//1850 1055//1851
f 1056//1852 1126//1853 1258//1854
f 1258//1855 1126//1856 1125//1857
f 1258//1858 1125//1859 1256//1860
f 1258//1861 1256//1862 1257//1863
f 1037//1864 1080//1865 1036//1866
f 845//1867 978//1868 844//1869
f 978//1870 845//1871 846//1872
f 978//1873 846//1874 1118//1875
f 978//1876 1118//1877 1117//1878
f 1117//1879 977//1880 978//1881
f 710//1882 709//1883 711//1884
f 711//1885 661//1886 662//1887
f 661//1888 711//1889 709//1890
f 661//1891 709//1892 708//1893
f 856//1894 1023//1895 857//1896
f 1023//1897 856//1898 1022//1899
f 627//1900 649//1901 626//1902
f 791//1903 938//1904 939//1905
f 938//1906 791//1907 937//1908
f 791//1909 759//1910 758//1911
f 759//1912 791//1913 792//1914
f 792//1915 791//1916 940//1917
f 940//1918 791//1919 939//1920
f 276//1921 275//1922 252//1923
f 506//1924 507//1925 344//1926
f 344//1927 237//1928 236//1929
f 237//1930 344//1931 345//1932
f 345//1933 344//1934 509//1935
f 509//1936 344//1937 507//1938
f 509//1939 507//1940 508//1941
f 682//1942 768//1943 681//1944
f 768//1945 682//1946 770//1947
f 833//1948 770//1949 769//1950
f 770//1951 833//1952 832//1953
f 768//1954 679//1955 680//1956
f 679//1957 768//1958 830//1959
f 830//1960 768//1961 770//1962
f 830//1963 770//1964 832//1965
f 830//1966 832//1967 831//1968
f 944//1969 858//1970 874//1971
f 858//1972 944//1973 896//1974
f 1129//1975 1066//1976 1094//1977
f 1066//1978 1129//1979 1104//1980
f 2027//1981 1853//1982 1852//1983
f 1853//1984 1855//1985 1854//1986
f 1855//1987 1853//1988 2057//1989
f 2057//1990 1853//1991 2027//1992
f 2057//1993 2027//1994 2056//1995
f 336//1996 337//1997 320//1998
f 337//1999 336//2000 350//2001
f 1668//2002 1628//2003 1603//2004
f 1628//2005 1668//2006 1679//2007
f 252//2008 275//2009 199//2010
f 2463//2011 2201//2012 2202//2013
f 2201//2014 2463//2015 2462//2016
f 921//2017 811//2018 812//2019
f 811//2020 921//2021 897//2022
f 897//2023 921//2024 918//2025
f 918//2026 921//2027 919//2028
f 919//2029 921//2030 920//2031
f 897//2032 809//2033 810//2034
f 809//2035 897//2036 918//2037
f 1038//2038 903//2039 904//2040
f 903//2041 1038//2042 1035//2043
f 1035//2044 1038//2045 1036//2046
f 1036//2047 1038//2048 1037//2049
f 344//2050 377//2051 376//2052
f 2078//2053 2193//2054 2218//2055
f 25//2056 49//2057 41//2058
f 49//2059 25//2060 32//2061
f 1250//2062 1283//2063 1249//2064
f 72//2065 90//2066 48//2067
f 624//2068 623//2069 580//2070
f 955//2071 975//2072 976//2073
f 975//2074 955//2075 973//2076
f 2606//2077 2668//2078 2651//2079
f 2668//2080 2606//2081 2629//2082
f 620//2083 722//2084 467//2085
f 722//2086 620//2087 764//2088
f 49//2089 56//2090 41//2091
f 2677//2092 2511//2093 2510//2094
f 2512//2095 2678//2096 2513//2097
f 2678//2098 2512//2099 2511//2100
f 2678//2101 2511//2102 2677//2103
f 410//2104 470//2105 435//2106
f 470//2107 410//2108 448//2109
f 2647//2110 2663//2111 2646//2112
f 2663//2113 2647//2114 2664//2115
f 1559//2116 1477//2117 1545//2118
f 1477//2119 1559//2120 1505//2121
f 2083//2122 2110//2123 2082//2124
f 1957//2125 1997//2126 1956//2127
f 731//2128 766//2129 730//2130
f 1163//2131 1070//2132 1098//2133
f 1070//2134 1163//2135 1286//2136
f 1070//2137 1286//2138 1263//2139
f 1211//2140 1112//2141 1123//2142
f 1112//2143 1211//2144 1185//2145
f 1202//2146 1216//2147 1215//2148
f 1216//2149 1202//2150 1203//2151
f 1568//2152 1567//2153 1569//2154
f 1597//2155 1567//2156 1596//2157
f 1567//2158 1597//2159 1569//2160
f 1569//2161 1597//2162 1570//2163
f 1570//2164 1597//2165 1598//2166
f 403//2167 481//2168 408//2169
f 481//2170 403//2171 617//2172
f 481//2173 617//2174 647//2175
f 647//2176 517//2177 481//2178
f 1137//2179 1162//2180 1063//2181
f 2615//2182 2682//2183 2597//2184
f 541//2185 347//2186 389//2187
f 347//2188 541//2189 519//2190
f 1866//2191 1864//2192 1865//2193
f 1864//2194 1866//2195 1867//2196
f 1864//2197 1867//2198 1863//2199
f 1863//2200 1867//2201 1914//2202
f 1863//2203 1914//2204 1913//2205
f 114//2206 121//2207 113//2208
f 121//2209 114//2210 122//2211
f 1518//2212 1517//2213 1492//2214
f 1570//2215 1710//2216 1569//2217
f 1710//2218 1570//2219 1874//2220
f 1710//2221 1874//2222 1873//2223
f 1710//2224 1873//2225 1872//2226
f 1709//2227 1569//2228 1710//2229
f 2023//2230 1824//2231 1974//2232
f 1824//2233 2023//2234 2029//2235
f 1824//2236 2029//2237 1860//2238
f 893//2239 869//2240 868//2241
f 869//2242 893//2243 894//2244
f 894//2245 893//2246 1031//2247
f 1031//2248 893//2249 1028//2250
f 1031//2251 1028//2252 1029//2253
f 1031//2254 1029//2255 1030//2256
f 498//2257 336//2258 320//2259
f 336//2260 498//2261 499//2262
f 336//2263 302//2264 301//2265
f 302//2266 336//2267 501//2268
f 501//2269 336//2270 499//2271
f 501//2272 499//2273 500//2274
f 569//2275 616//2276 568//2277
f 616//2278 569//2279 618//2280
f 618//2281 569//2282 619//2283
f 617//2284 616//2285 618//2286
f 610//2287 611//2288 465//2289
f 466//2290 401//2291 400//2292
f 401//2293 466//2294 613//2295
f 613//2296 466//2297 465//2298
f 613//2299 465//2300 612//2301
f 612//2302 465//2303 611//2304
f 508//2305 507//2306 478//2307
f 13//2308 6//2309 2//2310
f 6//2311 13//2312 29//2313
f 957//2314 1076//2315 1000//2316
f 1076//2317 957//2318 1012//2319
f 720//2320 719//2321 676//2322
f 863//2323 660//2324 712//2325
f 660//2326 863//2327 824//2328
f 843//2329 733//2330 734//2331
f 733//2332 843//2333 841//2334
f 841//2335 843//2336 842//2337
f 840//2338 733//2339 841//2340
f 2682//2341 2685//2342 2681//2343
f 2685//2344 2682//2345 2686//2346
f 629//2347 628//2348 582//2349
f 627//2350 418//2351 417//2352
f 418//2353 627//2354 460//2355
f 460//2356 627//2357 628//2358
f 460//2359 772//2360 419//2361
f 772//2362 460//2363 629//2364
f 629//2365 460//2366 628//2367
f 772//2368 629//2369 766//2370
f 772//2371 766//2372 771//2373
f 23//2374 71//2375 39//2376
f 71//2377 23//2378 167//2379
f 71//2380 167//2381 209//2382
f 209//2383 89//2384 71//2385
f 2426//2386 2424//2387 2425//2388
f 2424//2389 2469//2390 2423//2391
f 2469//2392 2424//2393 2426//2394
f 2469//2395 2426//2396 2470//2397
f 210//2398 63//2399 91//2400
f 63//2401 210//2402 172//2403
f 867//2404 677//2405 728//2406
f 677//2407 867//2408 842//2409
f 2296//2410 2330//2411 2295//2412
f 201//2413 334//2414 333//2415
f 334//2416 201//2417 202//2418
f 334//2419 202//2420 229//2421
f 1175//2422 1174//2423 1140//2424
f 2325//2425 2260//2426 2185//2427
f 2260//2428 2325//2429 2324//2430
f 2184//2431 2182//2432 2183//2433
f 2182//2434 2184//2435 2322//2436
f 2322//2437 2184//2438 2185//2439
f 2322//2440 2185//2441 2260//2442
f 2322//2443 2260//2444 2323//2445
f 1570//2446 1887//2447 1874//2448
f 1887//2449 1994//2450 1949//2451
f 1994//2452 1887//2453 1598//2454
f 1598//2455 1887//2456 1570//2457
f 145//2458 225//2459 224//2460
f 225//2461 145//2462 146//2463
f 225//2464 146//2465 339//2466
f 339//2467 146//2468 248//2469
f 248//2470 146//2471 249//2472
f 249//2473 146//2474 331//2475
f 331//2476 146//2477 472//2478
f 472//2479 146//2480 548//2481
f 548//2482 146//2483 671//2484
f 671//2485 146//2486 748//2487
f 748//2488 146//2489 957//2490
f 957//2491 146//2492 1012//2493
f 1012//2494 146//2495 1180//2496
f 1180//2497 146//2498 1229//2499
f 1229//2500 146//2501 1295//2502
f 1295//2503 146//2504 1300//2505
f 1300//2506 146//2507 1343//2508
f 338//2509 1343//2510 1342//2511
f 1343//2512 338//2513 1299//2514
f 1299//2515 338//2516 339//2517
f 1299//2518 339//2519 248//2520
f 1299//2521 248//2522 330//2523
f 1299//2524 330//2525 471//2526
f 1299//2527 471//2528 547//2529
f 1299//2530 547//2531 670//2532
f 1299//2533 670//2534 747//2535
f 1299//2536 747//2537 956//2538
f 1299//2539 956//2540 1011//2541
f 1299//2542 1011//2543 1179//2544
f 1299//2545 1179//2546 1228//2547
f 1299//2548 1228//2549 1294//2550
f 1343//2551 1299//2552 1300//2553
f 1229//2554 1294//2555 1228//2556
f 1294//2557 1229//2558 1295//2559
f 1012//2560 1179//2561 1011//2562
f 1179//2563 1012//2564 1180//2565
f 748//2566 956//2567 747//2568
f 956//2569 748//2570 957//2571
f 548//2572 670//2573 547//2574
f 670//2575 548//2576 671//2577
f 331//2578 471//2579 330//2580
f 471//2581 331//2582 472//2583
f 394//2584 328//2585 329//2586
f 328//2587 394//2588 390//2589
f 390//2590 394//2591 393//2592
f 393//2593 391//2594 390//2595
f 391//2596 393//2597 392//2598
f 1251//2599 1224//2600 1225//2601
f 1224//2602 1251//2603 1248//2604
f 1248//2605 1251//2606 1250//2607
f 1248//2608 1250//2609 1249//2610
f 267//2611 266//2612 251//2613
f 445//2614 444//2615 419//2616
f 143//2617 114//2618 113//2619
f 114//2620 143//2621 144//2622
f 144//2623 143//2624 286//2625
f 144//2626 286//2627 288//2628
f 144//2629 288//2630 290//2631
f 288//2632 286//2633 287//2634
f 289//2635 290//2636 288//2637
f 1148//2638 959//2639 958//2640
f 959//2641 1148//2642 990//2643
f 990//2644 1148//2645 1149//2646
f 990//2647 961//2648 960//2649
f 961//2650 990//2651 1151//2652
f 1151//2653 990//2654 1149//2655
f 1151//2656 1149//2657 1150//2658
f 1127//2659 1197//2660 1141//2661
f 1197//2662 1127//2663 1178//2664
f 603//2665 602//2666 589//2667
f 1510//2668 1419//2669 1503//2670
f 306//2671 328//2672 305//2673
f 328//2674 306//2675 329//2676
f 1171//2677 1170//2678 1139//2679
f 1030//2680 1029//2681 1014//2682
f 1043//2683 1042//2684 1016//2685
f 703//2686 585//2687 596//2688
f 585//2689 703//2690 815//2691
f 815//2692 703//2693 861//2694
f 2092//2695 1867//2696 1866//2697
f 1867//2698 2092//2699 1869//2700
f 1869//2701 2092//2702 2093//2703
f 1869//2704 1868//2705 1867//2706
f 1766//2707 1764//2708 1765//2709
f 1764//2710 1766//2711 1763//2712
f 1763//2713 1766//2714 1835//2715
f 1763//2716 1835//2717 1834//2718
f 698//2719 794//2720 743//2721
f 794//2722 698//2723 782//2724
f 1269//2725 1268//2726 1241//2727
f 528//2728 527//2729 484//2730
f 1057//2731 1063//2732 1062//2733
f 1063//2734 1057//2735 1058//2736
f 69//2737 82//2738 68//2739
f 82//2740 69//2741 83//2742
f 755//2743 775//2744 754//2745
f 775//2746 755//2747 776//2748
f 601//2749 634//2750 600//2751
f 634//2752 601//2753 643//2754
f 156//2755 197//2756 196//2757
f 197//2758 156//2759 157//2760
f 722//2761 764//2762 721//2763
f 892//2764 1038//2765 904//2766
f 1038//2767 892//2768 1002//2769
f 1034//2770 1033//2771 1015//2772
f 1177//2773 1260//2774 1184//2775
f 1260//2776 1177//2777 1232//2778
f 1423//2779 1452//2780 1422//2781
f 4//2782 77//2783 8//2784
f 77//2785 4//2786 188//2787
f 77//2788 188//2789 214//2790
f 214//2791 100//2792 77//2793
f 715//2794 637//2795 638//2796
f 637//2797 715//2798 683//2799
f 683//2800 715//2801 712//2802
f 712//2803 715//2804 714//2805
f 712//2806 714//2807 713//2808
f 543//2809 344//2810 376//2811
f 344//2812 543//2813 506//2814
f 164//2815 134//2816 135//2817
f 134//2818 164//2819 163//2820
f 134//2821 163//2822 162//2823
f 768//2824 667//2825 681//2826
f 667//2827 768//2828 735//2829
f 523//2830 546//2831 522//2832
f 1753//2833 1752//2834 1717//2835
f 941//2836 692//2837 691//2838
f 692//2839 941//2840 945//2841
f 945//2842 941//2843 942//2844
f 945//2845 942//2846 944//2847
f 943//2848 944//2849 942//2850
f 631//2851 688//2852 638//2853
f 688//2854 631//2855 827//2856
f 688//2857 827//2858 864//2859
f 864//2860 716//2861 688//2862
f 701//2863 563//2864 562//2865
f 563//2866 701//2867 703//2868
f 563//2869 703//2870 704//2871
f 703//2872 701//2873 702//2874
f 242//2875 149//2876 160//2877
f 149//2878 242//2879 223//2880
f 415//2881 441//2882 440//2883
f 441//2884 415//2885 416//2886
f 1128//2887 1273//2888 1142//2889
f 1273//2890 1128//2891 1235//2892
f 1146//2893 1064//2894 1092//2895
f 1064//2896 1146//2897 1280//2898
f 1064//2899 1280//2900 1246//2901
f 1111//2902 1121//2903 1110//2904
f 1121//2905 1111//2906 1122//2907
f 1056//2908 1136//2909 1061//2910
f 1136//2911 1056//2912 1258//2913
f 1136//2914 1258//2915 1285//2916
f 1285//2917 1159//2918 1136//2919
f 193//2920 252//2921 199//2922
f 252//2923 193//2924 382//2925
f 252//2926 382//2927 423//2928
f 423//2929 276//2930 252//2931
f 1015//2932 1033//2933 984//2934
f 2033//2935 2045//2936 2032//2937
f 2045//2938 2033//2939 2046//2940
f 2047//2941 1983//2942 2034//2943
f 1983//2944 2047//2945 2013//2946
f 530//2947 593//2948 572//2949
f 593//2950 530//2951 537//2952
f 478//2953 507//2954 450//2955
f 1625//2956 1629//2957 1624//2958
f 1629//2959 1625//2960 1630//2961
f 2237//2962 2249//2963 2228//2964
f 2389//2965 2427//2966 2388//2967
f 2427//2968 2389//2969 2428//2970
f 414//2971 477//2972 439//2973
f 477//2974 414//2975 605//2976
f 477//2977 605//2978 644//2979
f 644//2980 504//2981 477//2982
f 930//2983 854//2984 855//2985
f 854//2986 930//2987 902//2988
f 902//2989 930//2990 927//2991
f 927//2992 930//2993 928//2994
f 928//2995 930//2996 929//2997
f 1765//2998 1764//2999 1720//3000
f 1890//3001 1790//3002 1877//3003
f 1790//3004 1890//3005 1808//3006
f 1561//3007 1418//3008 1417//3009
f 1418//3010 1420//3011 1419//3012
f 1420//3013 1418//3014 1630//3015
f 1630//3016 1418//3017 1562//3018
f 1562//3019 1418//3020 1561//3021
f 1630//3022 1562//3023 1629//3024
f 1871//3025 1996//3026 1954//3027
f 1996//3028 1871//3029 1769//3030
f 1769//3031 1871//3032 1721//3033
f 316//3034 388//3035 318//3036
f 388//3037 316//3038 358//3039
f 2427//3040 2173//3041 2172//3042
f 2173//3043 2427//3044 2174//3045
f 2174//3046 2427//3047 2352//3048
f 2352//3049 2427//3050 2428//3051
f 2174//3052 2430//3053 2175//3054
f 2430//3055 2174//3056 2352//3057
f 2430//3058 2352//3059 2429//3060
f 1915//3061 1985//3062 1927//3063
f 1985//3064 1915//3065 1811//3066
f 1985//3067 1811//3068 1817//3069
f 1817//3070 1811//3071 1798//3072
f 724//3073 723//3074 689//3075
f 1815//3076 1770//3077 1771//3078
f 1769//3079 1814//3080 1768//3081
f 1814//3082 1769//3083 1770//3084
f 1814//3085 1770//3086 1815//3087
f 1639//3088 1641//3089 1640//3090
f 1641//3091 1639//3092 1642//3093
f 1642//3094 1639//3095 1792//3096
f 1792//3097 1639//3098 1791//3099
f 1792//3100 1791//3101 1818//3102
f 1792//3103 1818//3104 1819//3105
f 2515//3106 2513//3107 2514//3108
f 2513//3109 2515//3110 2512//3111
f 2512//3112 2515//3113 2558//3114
f 2512//3115 2558//3116 2557//3117
f 528//3118 526//3119 527//3120
f 526//3121 528//3122 751//3123
f 526//3124 751//3125 750//3126
f 526//3127 750//3128 749//3129
f 735//3130 668//3131 667//3132
f 668//3133 735//3134 746//3135
f 665//3136 735//3137 666//3138
f 735//3139 665//3140 933//3141
f 735//3142 933//3143 746//3144
f 746//3145 933//3146 934//3147
f 746//3148 935//3149 936//3150
f 935//3151 746//3152 934//3153
f 2230//3154 2149//3155 2128//3156
f 2149//3157 2230//3158 2231//3159
f 2105//3160 1960//3161 1959//3162
f 1960//3163 2105//3164 1961//3165
f 1961//3166 2105//3167 1962//3168
f 1962//3169 2105//3170 1963//3171
f 1963//3172 2105//3173 2106//3174
f 2106//3175 2105//3176 2149//3177
f 2106//3178 2149//3179 2233//3180
f 2149//3181 2105//3182 2128//3183
f 2233//3184 2149//3185 2232//3186
f 817//3187 756//3188 777//3189
f 756//3190 817//3191 966//3192
f 756//3193 966//3194 920//3195
f 1924//3196 2108//3197 2074//3198
f 2108//3199 1924//3200 1971//3201
f 489//3202 446//3203 432//3204
f 2200//3205 2201//3206 2199//3207
f 2201//3208 2200//3209 2202//3210
f 374//3211 421//3212 373//3213
f 153//3214 195//3215 194//3216
f 195//3217 153//3218 154//3219
f 2669//3220 2606//3221 2652//3222
f 2606//3223 2669//3224 2629//3225
f 2426//3226 2483//3227 2470//3228
f 2483//3229 2426//3230 2198//3231
f 2483//3232 2198//3233 2132//3234
f 2132//3235 2198//3236 2122//3237
f 2272//3238 2212//3239 2246//3240
f 2212//3241 2272//3242 2234//3243
f 630//3244 683//3245 660//3246
f 683//3247 630//3248 637//3249
f 1726//3250 1519//3251 1518//3252
f 1519//3253 1726//3254 1521//3255
f 1521//3256 1726//3257 1727//3258
f 1521//3259 1520//3260 1519//3261
f 2412//3262 2411//3263 2375//3264
f 2341//3265 2370//3266 2392//3267
f 408//3268 513//3269 407//3270
f 513//3271 408//3272 516//3273
f 513//3274 516//3275 515//3276
f 513//3277 515//3278 514//3279
f 2533//3280 2410//3281 2492//3282
f 2410//3283 2533//3284 2303//3285
f 2410//3286 2303//3287 2264//3288
f 1856//3289 1855//3290 1823//3291
f 2549//3292 2377//3293 2520//3294
f 2377//3295 2549//3296 2420//3297
f 915//3298 953//3299 914//3300
f 953//3301 915//3302 954//3303
f 1551//3304 1627//3305 1528//3306
f 2532//3307 2583//3308 2576//3309
f 2583//3310 2532//3311 2554//3312
f 2310//3313 2342//3314 2309//3315
f 2681//3316 2674//3317 2658//3318
f 2674//3319 2681//3320 2685//3321
f 2123//3322 2191//3323 2116//3324
f 2500//3325 2664//3326 2501//3327
f 2664//3328 2500//3329 2636//3330
f 2664//3331 2636//3332 2663//3333
f 2500//3334 2499//3335 2498//3336
f 2659//3337 2498//3338 2497//3339
f 2498//3340 2659//3341 2500//3342
f 2500//3343 2659//3344 2641//3345
f 2500//3346 2641//3347 2636//3348
f 2641//3349 2659//3350 2660//3351
f 2641//3352 2662//3353 2636//3354
f 2662//3355 2641//3356 2661//3357
f 1986//3358 2048//3359 2035//3360
f 2048//3361 1986//3362 1696//3363
f 2048//3364 1696//3365 1872//3366
f 1872//3367 1696//3368 1710//3369
f 1710//3370 1696//3371 1691//3372
f 1812//3373 1829//3374 1828//3375
f 1829//3376 1812//3377 1813//3378
f 1495//3379 1673//3380 1654//3381
f 1673//3382 1775//3383 1736//3384
f 1775//3385 1673//3386 1530//3387
f 1530//3388 1673//3389 1495//3390
f 2683//3391 2596//3392 2679//3393
f 2596//3394 2683//3395 2518//3396
f 2596//3397 2518//3398 2478//3399
f 1425//3400 1424//3401 1402//3402
f 393//3403 157//3404 156//3405
f 157//3406 393//3407 396//3408
f 396//3409 393//3410 394//3411
f 396//3412 394//3413 395//3414
f 1200//3415 1130//3416 1144//3417
f 1130//3418 1200//3419 1181//3420
f 1888//3421 1742//3422 1875//3423
f 1742//3424 1888//3425 1635//3426
f 1742//3427 1635//3428 1604//3429
f 1653//3430 1655//3431 1654//3432
f 1655//3433 1653//3434 1810//3435
f 1810//3436 1653//3437 1652//3438
f 1810//3439 1652//3440 1809//3441
f 1417//3442 1416//3443 1400//3444
f 1995//3445 1766//3446 1765//3447
f 1766//3448 1995//3449 1767//3450
f 1767//3451 1995//3452 1768//3453
f 1768//3454 1995//3455 1769//3456
f 1769//3457 1995//3458 1996//3459
f 2547//3460 2376//3461 2516//3462
f 2376//3463 2547//3464 2416//3465
f 2557//3466 2375//3467 2512//3468
f 2375//3469 2557//3470 2567//3471
f 2375//3472 2567//3473 2412//3474
f 348//3475 546//3476 395//3477
f 546//3478 348//3479 522//3480
f 1623//3481 1544//3482 1594//3483
f 1544//3484 1623//3485 1571//3486
f 2359//3487 2381//3488 2358//3489
f 2381//3490 2359//3491 2382//3492
f 2378//3493 2550//3494 2525//3495
f 2550//3496 2378//3497 2424//3498
f 2376//3499 2536//3500 2516//3501
f 2536//3502 2376//3503 2568//3504
f 2568//3505 2376//3506 2415//3507
f 2568//3508 2558//3509 2536//3510
f 1823//3511 1999//3512 1970//3513
f 1999//3514 2057//3515 2050//3516
f 2057//3517 1999//3518 1855//3519
f 1855//3520 1999//3521 1823//3522
f 1722//3523 1515//3524 1514//3525
f 1515//3526 1722//3527 1697//3528
f 1697//3529 1722//3530 1723//3531
f 1516//3532 1725//3533 1517//3534
f 1725//3535 1516//3536 1515//3537
f 1725//3538 1515//3539 1697//3540
f 1725//3541 1697//3542 1724//3543
f 2061//3544 2097//3545 2060//3546
f 716//3547 715//3548 688//3549
f 2026//3550 2036//3551 2025//3552
f 2036//3553 2026//3554 2037//3555
f 2518//3556 2517//3557 2478//3558
f 2355//3559 2486//3560 2354//3561
f 2486//3562 2355//3563 2487//3564
f 2487//3565 2355//3566 2458//3567
f 238//3568 216//3569 215//3570
f 216//3571 238//3572 239//3573
f 239//3574 238//3575 378//3576
f 378//3577 238//3578 377//3579
f 238//3580 375//3581 377//3582
f 375//3583 238//3584 374//3585
f 376//3586 377//3587 375//3588
f 2184//3589 2183//3590 2146//3591
f 2510//3592 2508//3593 2509//3594
f 2508//3595 2510//3596 2511//3597
f 2508//3598 2511//3599 2569//3600
f 2569//3601 2511//3602 2555//3603
f 2555//3604 2511//3605 2556//3606
f 2569//3607 2555//3608 2605//3609
f 2569//3610 2605//3611 2604//3612
f 1976//3613 2078//3614 2218//3615
f 2078//3616 1976//3617 1925//3618
f 2065//3619 2233//3620 2226//3621
f 2233//3622 2065//3623 2106//3624
f 2004//3625 2056//3626 2027//3627
f 2056//3628 2004//3629 2049//3630
f 1947//3631 1991//3632 1946//3633
f 1991//3634 1947//3635 1992//3636
f 2638//3637 2654//3638 2637//3639
f 2654//3640 2638//3641 2655//3642
f 2249//3643 2274//3644 2248//3645
f 2274//3646 2249//3647 2275//3648
f 2595//3649 2648//3650 2594//3651
f 2648//3652 2595//3653 2630//3654
f 2630//3655 2595//3656 2631//3657
f 2648//3658 2630//3659 2649//3660
f 1804//3661 1809//3662 1803//3663
f 1809//3664 1804//3665 1810//3666
f 2423//3667 2449//3668 2422//3669
f 846//3670 845//3671 804//3672
f 480//3673 512//3674 406//3675
f 607//3676 463//3677 464//3678
f 463//3679 607//3680 561//3681
f 561//3682 607//3683 575//3684
f 575//3685 607//3686 604//3687
f 604//3688 607//3689 605//3690
f 605//3691 607//3692 606//3693
f 561//3694 461//3695 462//3696
f 461//3697 561//3698 575//3699
f 414//3700 438//3701 413//3702
f 438//3703 414//3704 439//3705
f 1059//3706 1019//3707 1008//3708
f 1019//3709 1059//3710 1084//3711
f 231//3712 239//3713 271//3714
f 239//3715 231//3716 216//3717
f 1167//3718 1007//3719 1018//3720
f 1007//3721 1167//3722 1267//3723
f 1267//3724 1167//3725 1287//3726
f 312//3727 129//3728 178//3729
f 129//3730 312//3731 119//3732
f 119//3733 312//3734 278//3735
f 729//3736 641//3737 654//3738
f 641//3739 729//3740 677//3741
f 530//3742 611//3743 537//3744
f 611//3745 530//3746 578//3747
f 1670//3748 1693//3749 1636//3750
f 825//3751 684//3752 685//3753
f 684//3754 825//3755 823//3756
f 684//3757 823//3758 822//3759
f 823//3760 825//3761 824//3762
f 71//3763 88//3764 39//3765
f 728//3766 727//3767 690//3768
f 2368//3769 2453//3770 2444//3771
f 2453//3772 2368//3773 2387//3774
f 533//3775 531//3776 468//3777
f 531//3778 580//3779 469//3780
f 580//3781 531//3782 533//3783
f 722//3784 533//3785 467//3786
f 533//3787 722//3788 580//3789
f 580//3790 722//3791 723//3792
f 580//3793 724//3794 725//3795
f 724//3796 580//3797 723//3798
f 760//3799 576//3800 603//3801
f 576//3802 760//3803 705//3804
f 33//3805 49//3806 32//3807
f 49//3808 33//3809 56//3810
f 56//3811 33//3812 57//3813
f 57//3814 33//3815 50//3816
f 2168//3817 2166//3818 2167//3819
f 2166//3820 2168//3821 2165//3822
f 2165//3823 2168//3824 2235//3825
f 2235//3826 2168//3827 2236//3828
f 1148//3829 1190//3830 1147//3831
f 559//3832 604//3833 576//3834
f 604//3835 559//3836 575//3837
f 960//3838 1006//3839 990//3840
f 1006//3841 960//3842 981//3843
f 1210//3844 1127//3845 1141//3846
f 1127//3847 1210//3848 1182//3849
f 1177//3850 1242//3851 1223//3852
f 1242//3853 1177//3854 1184//3855
f 190//3856 121//3857 122//3858
f 121//3859 190//3860 187//3861
f 187//3862 190//3863 189//3864
f 187//3865 189//3866 188//3867
f 1143//3868 1074//3869 1102//3870
f 1074//3871 1143//3872 1116//3873
f 484//3874 527//3875 445//3876
f 941//3877 971//3878 940//3879
f 1243//3880 1119//3881 1089//3882
f 799//3883 906//3884 812//3885
f 906//3886 799//3887 1027//3888
f 906//3889 1027//3890 1078//3891
f 1078//3892 922//3893 906//3894
f 23//3895 38//3896 22//3897
f 38//3898 23//3899 39//3900
f 946//3901 698//3902 697//3903
f 698//3904 946//3905 782//3906
f 782//3907 700//3908 699//3909
f 700//3910 782//3911 1091//3912
f 1091//3913 782//3914 947//3915
f 947//3916 782//3917 946//3918
f 1091//3919 947//3920 1090//3921
f 1131//3922 1214//3923 1145//3924
f 1214//3925 1131//3926 1198//3927
f 65//3928 115//3929 79//3930
f 115//3931 65//3932 107//3933
f 2680//3934 2683//3935 2679//3936
f 2683//3937 2680//3938 2684//3939
f 1349//3940 1389//3941 1348//3942
f 1389//3943 1349//3944 1390//3945
f 1392//3946 1348//3947 1389//3948
f 1348//3949 1392//3950 1387//3951
f 1387//3952 1349//3953 1348//3954
f 1349//3955 1387//3956 1388//3957
f 2303//3958 2302//3959 2264//3960
f 1507//3961 1405//3962 1465//3963
f 1405//3964 1507//3965 1458//3966
f 1349//3967 1393//3968 1390//3969
f 1393//3970 1349//3971 1388//3972
f 1393//3973 1389//3974 1390//3975
f 1389//3976 1393//3977 1392//3978
f 395//3979 394//3980 348//3981
f 1169//3982 1195//3983 1168//3984
f 838//3985 860//3986 837//3987
f 860//3988 838//3989 851//3990
f 860//3991 851//3992 866//3993
f 1024//3994 1077//3995 1023//3996
f 2616//3997 2653//3998 2599//3999
f 1406//4000 1508//4001 1466//4002
f 1508//4003 1406//4004 1459//4005
f 1458//4006 1406//4007 1405//4008
f 1406//4009 1458//4010 1459//4011
f 1406//4012 1465//4013 1405//4014
f 1465//4015 1406//4016 1466//4017
f 239//4018 422//4019 272//4020
f 422//4021 239//4022 378//4023
f 2442//4024 2494//4025 2459//4026
f 2494//4027 2442//4028 2488//4029
f 1508//4030 1465//4031 1466//4032
f 1465//4033 1508//4034 1507//4035
f 2422//4036 2437//4037 2421//4038
f 1997//4039 2033//4040 1956//4041
f 1922//4042 2106//4043 2066//4044
f 2106//4045 1922//4046 1963//4047
f 1041//4048 878//4049 877//4050
f 878//4051 1041//4052 1044//4053
f 1044//4054 1041//4055 1042//4056
f 1044//4057 1042//4058 1043//4059
f 2637//4060 2474//4061 2587//4062
f 2474//4063 2637//4064 2654//4065
f 2474//4066 2654//4067 2502//4068
f 2010//4069 1848//4070 1847//4071
f 1848//4072 2010//4073 1850//4074
f 1850//4075 2011//4076 1851//4077
f 2011//4078 1850//4079 2010//4080
f 2011//4081 2010//4082 2036//4083
f 2011//4084 2036//4085 2037//4086
f 1850//4087 1849//4088 1848//4089
f 207//4090 219//4091 206//4092
f 219//4093 207//4094 220//4095
f 2094//4096 2157//4097 2150//4098
f 2157//4099 2094//4100 2115//4101
f 387//4102 424//4103 386//4104
f 1768//4105 1794//4106 1767//4107
f 1535//4108 1534//4109 1496//4110
f 1401//4111 1550//4112 1525//4113
f 1550//4114 1630//4115 1625//4116
f 1630//4117 1550//4118 1420//4119
f 1420//4120 1550//4121 1401//4122
f 261//4123 262//4124 126//4125
f 126//4126 264//4127 127//4128
f 264//4129 126//4130 262//4131
f 264//4132 262//4133 263//4134
f 2073//4135 2137//4136 2117//4137
f 2137//4138 2073//4139 2108//4140
f 2421//4141 2419//4142 2420//4143
f 2419//4144 2421//4145 2418//4146
f 2418//4147 2421//4148 2491//4149
f 2418//4150 2491//4151 2490//4152
f 848//4153 907//4154 855//4155
f 907//4156 848//4157 1036//4158
f 907//4159 1036//4160 1080//4161
f 1080//4162 931//4163 907//4164
f 961//4165 1014//4166 982//4167
f 1014//4168 961//4169 1151//4170
f 1014//4171 1151//4172 1191//4173
f 1191//4174 1030//4175 1014//4176
f 840//4177 691//4178 733//4179
f 691//4180 840//4181 941//4182
f 941//4183 840//4184 971//4185
f 726//4186 765//4187 725//4188
f 993//4189 997//4190 992//4191
f 997//4192 993//4193 998//4194
f 2085//4195 2084//4196 2044//4197
f 401//4198 480//4199 406//4200
f 480//4201 401//4202 613//4203
f 480//4204 613//4205 646//4206
f 646//4207 513//4208 480//4209
f 2290//4210 2289//4211 2261//4212
f 1787//4213 1799//4214 1786//4215
f 1799//4216 1787//4217 1800//4218
f 833//4219 835//4220 832//4221
f 835//4222 833//4223 834//4224
f 832//4225 658//4226 657//4227
f 658//4228 832//4229 835//4230
f 658//4231 835//4232 837//4233
f 837//4234 835//4235 836//4236
f 2677//4237 2592//4238 2672//4239
f 2592//4240 2677//4241 2476//4242
f 2476//4243 2677//4244 2510//4245
f 2559//4246 2605//4247 2555//4248
f 2219//4249 2127//4250 2194//4251
f 2127//4252 2219//4253 2154//4254
f 2504//4255 2544//4256 2503//4257
f 2454//4258 2265//4259 2414//4260
f 2265//4261 2454//4262 2465//4263
f 2265//4264 2465//4265 2307//4266
f 1706//4267 1643//4268 1644//4269
f 1643//4270 1641//4271 1642//4272
f 1641//4273 1643//4274 1705//4275
f 1705//4276 1643//4277 1706//4278
f 1397//4279 1385//4280 1386//4281
f 1385//4282 1397//4283 1396//4284
f 102//4285 202//4286 106//4287
f 202//4288 102//4289 229//4290
f 2444//4291 2452//4292 2443//4293
f 2452//4294 2444//4295 2453//4296
f 2365//4297 2425//4298 2378//4299
f 2425//4300 2365//4301 2345//4302
f 2425//4303 2345//4304 2241//4305
f 2425//4306 2241//4307 2255//4308
f 2132//4309 2120//4310 2131//4311
f 2120//4312 2132//4313 2121//4314
f 2121//4315 2132//4316 2122//4317
f 2031//4318 1842//4319 1841//4320
f 1842//4321 2031//4322 2046//4323
f 2046//4324 2031//4325 2045//4326
f 1770//4327 1769//4328 1721//4329
f 2146//4330 2343//4331 2315//4332
f 2343//4333 2146//4334 2183//4335
f 1811//4336 1915//4337 1901//4338
f 586//4339 678//4340 597//4341
f 678//4342 586//4343 659//4344
f 2024//4345 2029//4346 2023//4347
f 2029//4348 2024//4349 2030//4350
f 490//4351 446//4352 489//4353
f 446//4354 490//4355 447//4356
f 343//4357 332//4358 342//4359
f 332//4360 343//4361 333//4362
f 333//4363 343//4364 447//4365
f 333//4366 447//4367 490//4368
f 383//4369 423//4370 382//4371
f 55//4372 61//4373 54//4374
f 61//4375 55//4376 62//4377
f 1189//4378 1208//4379 1188//4380
f 1208//4381 1189//4382 1209//4383
f 1603//4384 1678//4385 1667//4386
f 1678//4387 1603//4388 1628//4389
f 1399//4390 1547//4391 1516//4392
f 1547//4393 1618//4394 1589//4395
f 1618//4396 1547//4397 1411//4398
f 1411//4399 1547//4400 1399//4401
f 1867//4402 1935//4403 1914//4404
f 1935//4405 1867//4406 1898//4407
f 1030//4408 962//4409 983//4410
f 962//4411 1030//4412 1191//4413
f 962//4414 1191//4415 1152//4416
f 1505//4417 1432//4418 1477//4419
f 1432//4420 1505//4421 1454//4422
f 1500//4423 1437//4424 1480//4425
f 1437//4426 1500//4427 1456//4428
f 2535//4429 2553//4430 2498//4431
f 1418//4432 1416//4433 1417//4434
f 1416//4435 1418//4436 1476//4437
f 1476//4438 1418//4439 1566//4440
f 1476//4441 1566//4442 1565//4443
f 1416//4444 1563//4445 1415//4446
f 1563//4447 1416//4448 1476//4449
f 1563//4450 1476//4451 1564//4452
f 2397//4453 2433//4454 2396//4455
f 1897//4456 1762//4457 1761//4458
f 1762//4459 1897//4460 1763//4461
f 1763//4462 1898//4463 1764//4464
f 1898//4465 1763//4466 1897//4467
f 1898//4468 1897//4469 1934//4470
f 1898//4471 1934//4472 1935//4473
f 1544//4474 1622//4475 1593//4476
f 1622//4477 1544//4478 1571//4479
f 2467//4480 2481//4481 2480//4482
f 2481//4483 2467//4484 2468//4485
f 2418//4486 2436//4487 2417//4488
f 1991//4489 1906//4490 1770//4491
f 1906//4492 1991//4493 1992//4494
f 1771//4495 1598//4496 1597//4497
f 1598//4498 1771//4499 1994//4500
f 1994//4501 1771//4502 1770//4503
f 1994//4504 1770//4505 1906//4506
f 1994//4507 1906//4508 1993//4509
f 2264//4510 2435//4511 2410//4512
f 2435//4513 2495//4514 2489//4515
f 2495//4516 2435//4517 2302//4518
f 2302//4519 2435//4520 2264//4521
f 1923//4522 2107//4523 2070//4524
f 2107//4525 1923//4526 1967//4527
f 2441//4528 2450//4529 2440//4530
f 2450//4531 2441//4532 2451//4533
f 1525//4534 1550//4535 1524//4536
f 1722//4537 1637//4538 1701//4539
f 1637//4540 1722//4541 1491//4542
f 1491//4543 1722//4544 1514//4545
f 2068//4546 2067//4547 2040//4548
f 2581//4549 2585//4550 2603//4551
f 2585//4552 2581//4553 2582//4554
f 2585//4555 2582//4556 2586//4557
f 2586//4558 2582//4559 2587//4560
f 2586//4561 2587//4562 2609//4563
f 2587//4564 2582//4565 2588//4566
f 2588//4567 2582//4568 2589//4569
f 2588//4570 2589//4571 2610//4572
f 2589//4573 2582//4574 2590//4575
f 2589//4576 2590//4577 2623//4578
f 2590//4579 2582//4580 2591//4581
f 2591//4582 2582//4583 2592//4584
f 2591//4585 2592//4586 2612//4587
f 2592//4588 2582//4589 2593//4590
f 2593//4591 2582//4592 2594//4593
f 2593//4594 2594//4595 2613//4596
f 2594//4597 2582//4598 2595//4599
f 2595//4600 2582//4601 2596//4602
f 2595//4603 2596//4604 2614//4605
f 2596//4606 2582//4607 2597//4608
f 2597//4609 2582//4610 2598//4611
f 2597//4612 2598//4613 2615//4614
f 2598//4615 2582//4616 2599//4617
f 2599//4618 2582//4619 2616//4620
f 2616//4621 2582//4622 2600//4623
f 2623//4624 2611//4625 2624//4626
f 2611//4627 2623//4628 2590//4629
f 1706//4630 1726//4631 1705//4632
f 1726//4633 1706//4634 1727//4635
f 2105//4636 1921//4637 2061//4638
f 1921//4639 2105//4640 1959//4641
f 1817//4642 1797//4643 1816//4644
f 1797//4645 1817//4646 1798//4647
f 1533//4648 1552//4649 1532//4650
f 1566//4651 1576//4652 1565//4653
f 1576//4654 1566//4655 1577//4656
f 1546//4657 1509//4658 1490//4659
f 1509//4660 1546//4661 1560//4662
f 1807//4663 1606//4664 1751//4665
f 1606//4666 1807//4667 1643//4668
f 2512//4669 2546//4670 2511//4671
f 2514//4672 2513//4673 2477//4674
f 1805//4675 1791//4676 1747//4677
f 1791//4678 1805//4679 1818//4680
f 2213//4681 2135//4682 2190//4683
f 2135//4684 2213//4685 2155//4686
f 2314//4687 2386//4688 2363//4689
f 2386//4690 2314//4691 2343//4692
f 702//4693 652//4694 653//4695
f 652//4696 702//4697 669//4698
f 669//4699 702//4700 701//4701
f 73//4702 9//4703 14//4704
f 9//4705 73//4706 64//4707
f 2169//4708 2205//4709 2168//4710
f 2459//4711 2263//4712 2406//4713
f 2263//4714 2459//4715 2299//4716
f 2539//4717 2445//4718 2528//4719
f 2445//4720 2539//4721 2464//4722
f 2673//4723 2677//4724 2672//4725
f 2677//4726 2673//4727 2678//4728
f 2523//4729 2522//4730 2479//4731
f 1986//4732 1817//4733 1696//4734
f 1817//4735 1986//4736 1985//4737
f 1696//4738 1694//4739 1695//4740
f 1694//4741 1696//4742 1816//4743
f 1816//4744 1696//4745 1817//4746
f 1648//4747 1647//4748 1607//4749
f 2163//4750 2162//4751 2142//4752
f 2524//4753 2574//4754 2566//4755
f 2574//4756 2524//4757 2550//4758
f 1860//4759 1859//4760 1824//4761
f 2070//4762 2107//4763 2069//4764
f 2262//4765 2434//4766 2401//4767
f 2434//4768 2540//4769 2529//4770
f 2540//4771 2434//4772 2293//4773
f 2293//4774 2434//4775 2262//4776
f 1531//4777 1530//4778 1495//4779
f 2577//4780 2532//4781 2507//4782
f 2507//4783 2505//4784 2506//4785
f 2505//4786 2507//4787 2504//4788
f 2504//4789 2507//4790 2532//4791
f 2504//4792 2532//4793 2576//4794
f 1791//4795 1605//4796 1746//4797
f 1605//4798 1791//4799 1639//4800
f 2493//4801 2533//4802 2492//4803
f 2533//4804 2493//4805 2534//4806
f 2556//4807 2559//4808 2555//4809
f 2559//4810 2571//4811 2570//4812
f 2571//4813 2559//4814 2556//4815
f 2433//4816 2468//4817 2396//4818
f 622//4819 648//4820 621//4821
f 336//4822 324//4823 350//4824
f 324//4825 336//4826 301//4827
f 192//4828 245//4829 228//4830
f 245//4831 192//4832 198//4833
f 908//4834 938//4835 884//4836
f 140//4837 312//4838 178//4839
f 312//4840 140//4841 277//4842
f 1704//4843 1639//4844 1640//4845
f 1639//4846 1704//4847 1681//4848
f 1681//4849 1704//4850 1703//4851
f 1639//4852 1637//4853 1638//4854
f 1637//4855 1639//4856 1681//4857
f 1637//4858 1681//4859 1701//4860
f 1701//4861 1681//4862 1702//4863
f 2399//4864 2398//4865 2372//4866
f 2431//4867 2315//4868 2393//4869
f 2315//4870 2431//4871 2184//4872
f 2315//4873 2184//4874 2146//4875
f 28//4876 78//4877 45//4878
f 78//4879 28//4880 323//4881
f 78//4882 323//4883 229//4884
f 229//4885 323//4886 334//4887
f 229//4888 102//4889 78//4890
f 2229//4891 2237//4892 2228//4893
f 2237//4894 2229//4895 2259//4896
f 2259//4897 2229//4898 2238//4899
f 2259//4900 2258//4901 2237//4902
f 2473//4903 2603//4904 2585//4905
f 2603//4906 2473//4907 2484//4908
f 1479//4909 1498//4910 1478//4911
f 1498//4912 1479//4913 1499//4914
f 1755//4915 1780//4916 1754//4917
f 2350//4918 2351//4919 2367//4920
f 2351//4921 2350//4922 2337//4923
f 2499//4924 2535//4925 2498//4926
f 1854//4927 1896//4928 1853//4929
f 1519//4930 1517//4931 1518//4932
f 1517//4933 1519//4934 1516//4935
f 1516//4936 1519//4937 1579//4938
f 1579//4939 1519//4940 1580//4941
f 2383//4942 2164//4943 2163//4944
f 2164//4945 2383//4946 2165//4947
f 2165//4948 2384//4949 2166//4950
f 2384//4951 2165//4952 2383//4953
f 1870//4954 1869//4955 1826//4956
f 2339//4957 2143//4958 2296//4959
f 2143//4960 2339//4961 2167//4962
f 1772//4963 1650//4964 1733//4965
f 1650//4966 1772//4967 1527//4968
f 1650//4969 1527//4970 1494//4971
f 1715//4972 1883//4973 1845//4974
f 1883//4975 1931//4976 1910//4977
f 1931//4978 1883//4979 1743//4980
f 1743//4981 1883//4982 1715//4983
f 1966//4984 2107//4985 1967//4986
f 2107//4987 1966//4988 1965//4989
f 2157//4990 1965//4991 1964//4992
f 1965//4993 2157//4994 2115//4995
f 1965//4996 2115//4997 2107//4998
f 2158//4999 2107//5000 2115//5001
f 1549//5002 1522//5003 1624//5004
f 2033//5005 1955//5006 1956//5007
f 1955//5008 2033//5009 2018//5010
f 2018//5011 2033//5012 2032//5013
f 2420//5014 2419//5015 2377//5016
f 1576//5017 1476//5018 1565//5019
f 1476//5020 1576//5021 1502//5022
f 1530//5023 1529//5024 1528//5025
f 1772//5026 1528//5027 1527//5028
f 1528//5029 1772//5030 1530//5031
f 1530//5032 1772//5033 1698//5034
f 1698//5035 1772//5036 1773//5037
f 1698//5038 1775//5039 1530//5040
f 1775//5041 1698//5042 1774//5043
f 2301//5044 2340//5045 2300//5046
f 2665//5047 2515//5048 2514//5049
f 2515//5050 2665//5051 2516//5052
f 2516//5053 2665//5054 2517//5055
f 2517//5056 2665//5057 2656//5058
f 2656//5059 2665//5060 2666//5061
f 2657//5062 2517//5063 2656//5064
f 1473//5065 1543//5066 1467//5067
f 202//5068 105//5069 106//5070
f 105//5071 202//5072 200//5073
f 200//5074 202//5075 201//5076
f 479//5077 400//5078 405//5079
f 400//5080 479//5081 466//5082
f 157//5083 254//5084 197//5085
f 254//5086 157//5087 396//5088
f 254//5089 396//5090 426//5091
f 426//5092 288//5093 254//5094
f 1119//5095 1090//5096 1089//5097
f 1090//5098 1119//5099 1117//5100
f 1117//5101 1119//5102 1120//5103
f 1090//5104 1117//5105 1118//5106
f 1090//5107 1118//5108 1091//5109
f 1085//5110 1106//5111 1105//5112
f 1106//5113 1085//5114 1086//5115
f 2508//5116 2545//5117 2507//5118
f 302//5119 324//5120 301//5121
f 324//5122 302//5123 325//5124
f 783//5125 774//5126 753//5127
f 774//5128 783//5129 795//5130
f 1964//5131 1963//5132 1922//5133
f 1415//5134 1450//5135 1414//5136
f 1734//5137 1772//5138 1733//5139
f 1772//5140 1734//5141 1773//5142
f 451//5143 458//5144 441//5145
f 506//5146 543//5147 505//5148
f 2009//5149 2100//5150 2089//5151
f 2100//5152 2009//5153 2028//5154
f 918//5155 796//5156 809//5157
f 796//5158 918//5159 1024//5160
f 1024//5161 918//5162 1077//5163
f 1878//5164 1890//5165 1877//5166
f 1890//5167 1878//5168 1891//5169
f 1444//5170 1596//5171 1443//5172
f 1596//5173 1444//5174 1460//5175
f 1596//5176 1460//5177 1461//5178
f 1596//5179 1461//5180 1597//5181
f 24//5182 41//5183 40//5184
f 41//5185 24//5186 25//5187
f 2265//5188 2448//5189 2414//5190
f 2448//5191 2265//5192 2306//5193
f 1069//5194 1096//5195 1068//5196
f 1096//5197 1069//5198 1097//5199
f 582//5200 766//5201 629//5202
f 766//5203 582//5204 730//5205
f 905//5206 917//5207 873//5208
f 2155//5209 1923//5210 2070//5211
f 1923//5212 2155//5213 1968//5214
f 103//5215 110//5216 170//5217
f 1645//5218 1672//5219 1644//5220
f 70//5221 22//5222 38//5223
f 22//5224 70//5225 51//5226
f 1088//5227 1138//5228 1108//5229
f 1138//5230 1287//5231 1167//5232
f 1287//5233 1138//5234 1088//5235
f 1287//5236 1088//5237 1266//5238
f 1010//5239 1139//5240 1021//5241
f 1139//5242 1010//5243 1271//5244
f 1139//5245 1271//5246 1288//5247
f 1288//5248 1171//5249 1139//5250
f 108//5251 69//5252 68//5253
f 69//5254 108//5255 116//5256
f 116//5257 108//5258 274//5259
f 116//5260 274//5261 117//5262
f 117//5263 274//5264 140//5265
f 140//5266 274//5267 275//5268
f 275//5269 277//5270 140//5271
f 277//5272 275//5273 276//5274
f 1826//5275 2001//5276 1982//5277
f 2001//5278 2093//5279 2052//5280
f 2093//5281 2001//5282 1869//5283
f 1869//5284 2001//5285 1826//5286
f 1606//5287 1792//5288 1751//5289
f 1792//5290 1606//5291 1642//5292
f 2314//5293 2316//5294 2315//5295
f 2316//5296 2314//5297 2313//5298
f 2316//5299 2313//5300 2531//5301
f 2531//5302 2313//5303 2530//5304
f 1412//5305 1410//5306 1411//5307
f 1410//5308 1412//5309 1462//5310
f 1462//5311 1412//5312 1413//5313
f 1462//5314 1413//5315 1463//5316
f 2527//5317 2537//5318 2526//5319
f 2537//5320 2527//5321 2538//5322
f 886//5323 974//5324 899//5325
f 974//5326 886//5327 950//5328
f 830//5329 665//5330 679//5331
f 665//5332 830//5333 933//5334
f 933//5335 830//5336 969//5337
f 500//5338 409//5339 434//5340
f 409//5341 500//5342 643//5343
f 409//5344 643//5345 601//5346
f 718//5347 554//5348 553//5349
f 554//5350 718//5351 720//5352
f 554//5353 720//5354 721//5355
f 720//5356 718//5357 719//5358
f 911//5359 1054//5360 949//5361
f 1054//5362 911//5363 1291//5364
f 1054//5365 1291//5366 1293//5367
f 342//5368 332//5369 321//5370
f 397//5371 426//5372 396//5373
f 651//5374 661//5375 650//5376
f 661//5377 651//5378 662//5379
f 1909//5380 1904//5381 1892//5382
f 1904//5383 1909//5384 1930//5385
f 2025//5386 2010//5387 1962//5388
f 2010//5389 2025//5390 2036//5391
f 228//5392 193//5393 192//5394
f 193//5395 228//5396 382//5397
f 382//5398 228//5399 380//5400
f 380//5401 228//5402 379//5403
f 381//5404 382//5405 380//5406
f 1223//5407 1183//5408 1176//5409
f 1183//5410 1223//5411 1242//5412
f 2268//5413 2161//5414 2242//5415
f 2161//5416 2268//5417 2038//5418
f 2038//5419 2268//5420 2059//5421
f 393//5422 425//5423 392//5424
f 286//5425 314//5426 285//5427
f 2654//5428 2503//5429 2502//5430
f 2503//5431 2505//5432 2504//5433
f 2505//5434 2503//5435 2655//5436
f 2655//5437 2503//5438 2654//5439
f 289//5440 288//5441 241//5442
f 150//5443 160//5444 149//5445
f 160//5446 150//5447 161//5448
f 644//5449 449//5450 504//5451
f 449//5452 644//5453 428//5454
f 428//5455 644//5456 606//5457
f 2578//5458 2516//5459 2563//5460
f 201//5461 85//5462 200//5463
f 85//5464 201//5465 86//5466
f 1402//5467 1551//5468 1529//5469
f 1551//5470 1632//5471 1627//5472
f 1632//5473 1551//5474 1424//5475
f 1424//5476 1551//5477 1402//5478
f 2331//5479 2391//5480 2304//5481
f 642//5482 654//5483 641//5484
f 654//5485 642//5486 655//5487
f 81//5488 28//5489 44//5490
f 28//5491 81//5492 58//5493
f 235//5494 319//5495 244//5496
f 319//5497 235//5498 300//5499
f 694//5500 793//5501 739//5502
f 793//5503 694//5504 781//5505
f 2452//5506 2370//5507 2443//5508
f 2370//5509 2452//5510 2392//5511
f 26//5512 43//5513 42//5514
f 43//5515 26//5516 27//5517
f 10//5518 74//5519 15//5520
f 74//5521 10//5522 175//5523
f 74//5524 175//5525 211//5526
f 211//5527 94//5528 74//5529
f 524//5530 364//5531 365//5532
f 364//5533 524//5534 427//5535
f 363//5536 521//5537 362//5538
f 521//5539 363//5540 427//5541
f 521//5542 427//5543 524//5544
f 521//5545 524//5546 523//5547
f 521//5548 523//5549 522//5550
f 431//5551 451//5552 430//5553
f 451//5554 431//5555 458//5556
f 458//5557 431//5558 459//5559
f 459//5560 431//5561 452//5562
f 1473//5563 1557//5564 1543//5565
f 1557//5566 1473//5567 1488//5568
f 2500//5569 2543//5570 2499//5571
f 268//5572 267//5573 238//5574
f 1515//5575 1513//5576 1514//5577
f 1589//5578 1555//5579 1515//5580
f 1555//5581 1589//5582 1588//5583
f 1587//5584 1558//5585 1555//5586
f 1558//5587 1587//5588 1586//5589
f 1513//5590 1584//5591 1512//5592
f 1584//5593 1513//5594 1558//5595
f 1558//5596 1513//5597 1515//5598
f 1558//5599 1515//5600 1555//5601
f 1584//5602 1558//5603 1585//5604
f 1895//5605 1750//5606 1749//5607
f 1751//5608 1896//5609 1752//5610
f 1896//5611 1751//5612 1750//5613
f 1896//5614 1750//5615 1895//5616
f 1896//5617 1895//5618 2014//5619
f 1896//5620 2014//5621 2015//5622
f 2196//5623 2254//5624 2240//5625
f 384//5626 298//5627 299//5628
f 298//5629 384//5630 349//5631
f 349//5632 384//5633 382//5634
f 382//5635 384//5636 383//5637
f 349//5638 296//5639 297//5640
f 296//5641 349//5642 381//5643
f 381//5644 349//5645 382//5646
f 754//5647 795//5648 783//5649
f 795//5650 754//5651 775//5652
f 1585//5653 1613//5654 1584//5655
f 1613//5656 1585//5657 1614//5658
f 614//5659 403//5660 402//5661
f 403//5662 614//5663 615//5664
f 615//5665 617//5666 403//5667
f 617//5668 615//5669 616//5670
f 947//5671 874//5672 875//5673
f 874//5674 947//5675 946//5676
f 874//5677 945//5678 944//5679
f 945//5680 874//5681 946//5682
f 1685//5683 1536//5684 1535//5685
f 1537//5686 1686//5687 1538//5688
f 1686//5689 1537//5690 1536//5691
f 1686//5692 1536//5693 1685//5694
f 1686//5695 1685//5696 1728//5697
f 1686//5698 1728//5699 1729//5700
f 657//5701 664//5702 663//5703
f 664//5704 657//5705 658//5706
f 388//5707 390//5708 387//5709
f 390//5710 388//5711 389//5712
f 221//5713 392//5714 222//5715
f 392//5716 221//5717 387//5718
f 392//5719 387//5720 390//5721
f 392//5722 390//5723 391//5724
f 1547//5725 1589//5726 1515//5727
f 2519//5728 2622//5729 2608//5730
f 2622//5731 2519//5732 2548//5733
f 2284//5734 2206//5735 2279//5736
f 2206//5737 2284//5738 2222//5739
f 1853//5740 2015//5741 2003//5742
f 2015//5743 1853//5744 1896//5745
f 2566//5746 2573//5747 2565//5748
f 2573//5749 2566//5750 2574//5751
f 1654//5752 1673//5753 1653//5754
f 2266//5755 2436//5756 2418//5757
f 2436//5758 2266//5759 2466//5760
f 2466//5761 2266//5762 2312//5763
f 2466//5764 2455//5765 2436//5766
f 2363//5767 2313//5768 2314//5769
f 2313//5770 2363//5771 2310//5772
f 2310//5773 2363//5774 2362//5775
f 2313//5776 2311//5777 2312//5778
f 2311//5779 2313//5780 2310//5781
f 1550//5782 1625//5783 1524//5784
f 1919//5785 2020//5786 2006//5787
f 2020//5788 1919//5789 1952//5790
f 2342//5791 2181//5792 2180//5793
f 2182//5794 2343//5795 2183//5796
f 2343//5797 2182//5798 2181//5799
f 2343//5800 2181//5801 2342//5802
f 2343//5803 2342//5804 2385//5805
f 2343//5806 2385//5807 2386//5808
f 2118//5809 1924//5810 2074//5811
f 1924//5812 2118//5813 2133//5814
f 1924//5815 2133//5816 1972//5817
f 1468//5818 1473//5819 1467//5820
f 1473//5821 1489//5822 1488//5823
f 1489//5824 1473//5825 1468//5826
f 1926//5827 2109//5828 2082//5829
f 2109//5830 1926//5831 1979//5832
f 2341//5833 2145//5834 2305//5835
f 2145//5836 2341//5837 2176//5838
f 1427//5839 1453//5840 1426//5841
f 2180//5842 2179//5843 2141//5844
f 2447//5845 2457//5846 2405//5847
f 2457//5848 2447//5849 2472//5850
f 2401//5851 2434//5852 2400//5853
f 75//5854 95//5855 17//5856
f 2165//5857 2204//5858 2164//5859
f 1302//5860 1296//5861 1301//5862
f 1853//5863 1851//5864 1852//5865
f 1851//5866 1853//5867 2003//5868
f 1851//5869 2003//5870 1850//5871
f 1850//5872 2003//5873 2002//5874
f 2267//5875 2437//5876 2422//5877
f 2437//5878 2531//5879 2491//5880
f 2531//5881 2437//5882 2316//5883
f 2316//5884 2437//5885 2267//5886
f 2221//5887 2069//5888 2068//5889
f 2069//5890 2221//5891 2070//5892
f 2070//5893 2285//5894 2071//5895
f 2285//5896 2070//5897 2222//5898
f 2222//5899 2070//5900 2221//5901
f 2285//5902 2222//5903 2284//5904
f 2330//5905 2361//5906 2295//5907
f 2329//5908 2359//5909 2291//5910
f 2122//5911 2197//5912 2121//5913
f 2197//5914 2122//5915 2198//5916
f 2414//5917 2448//5918 2413//5919
f 2176//5920 2175//5921 2145//5922
f 1803//5923 1608//5924 1759//5925
f 1608//5926 1803//5927 1809//5928
f 1608//5929 1809//5930 1652//5931
f 1746//5932 1779//5933 1745//5934
f 2479//5935 2615//5936 2598//5937
f 2615//5938 2686//5939 2682//5940
f 2686//5941 2615//5942 2522//5943
f 2522//5944 2615//5945 2479//5946
f 1694//5947 1816//5948 1797//5949
f 2204//5950 2247//5951 2164//5952
f 1418//5953 1577//5954 1566//5955
f 1577//5956 1418//5957 1451//5958
f 939//5959 938//5960 908//5961
f 1007//5962 1019//5963 1018//5964
f 1019//5965 1007//5966 1008//5967
f 260//5968 357//5969 299//5970
f 357//5971 260//5972 514//5973
f 357//5974 514//5975 545//5976
f 545//5977 385//5978 357//5979
f 53//5980 59//5981 52//5982
f 59//5983 53//5984 60//5985
f 913//5986 1005//5987 952//5988
f 1005//5989 913//5990 989//5991
f 207//5992 292//5993 220//5994
f 292//5995 207//5996 491//5997
f 491//5998 207//5999 556//6000
f 491//6001 556//6002 567//6003
f 376//6004 375//6005 356//6006
f 1064//6007 1093//6008 1092//6009
f 1093//6010 1064//6011 1065//6012
f 858//6013 1053//6014 859//6015
f 1053//6016 858//6017 896//6018
f 1053//6019 896//6020 1050//6021
f 1053//6022 1050//6023 1051//6024
f 1053//6025 1051//6026 1052//6027
f 857//6028 905//6029 873//6030
f 905//6031 857//6032 1023//6033
f 905//6034 1023//6035 1077//6036
f 1077//6037 918//6038 905//6039
f 50//6040 97//6041 57//6042
f 97//6043 50//6044 76//6045
f 2450//6046 2297//6047 2440//6048
f 2297//6049 2450//6050 2339//6051
f 806//6052 934//6053 850//6054
f 934//6055 806//6056 895//6057
f 532//6058 552//6059 612//6060
f 645//6061 465//6062 508//6063
f 465//6064 645//6065 610//6066
f 21//6067 36//6068 20//6069
f 36//6070 21//6071 37//6072
f 876//6073 784//6074 771//6075
f 988//6076 994//6077 987//6078
f 994//6079 988//6080 995//6081
f 2261//6082 2433//6083 2397//6084
f 2433//6085 2481//6086 2468//6087
f 2481//6088 2433//6089 2289//6090
f 2289//6091 2433//6092 2261//6093
f 1263//6094 1286//6095 1262//6096
f 1472//6097 1484//6098 1471//6099
f 1484//6100 1472//6101 1485//6102
f 1726//6103 1641//6104 1705//6105
f 1641//6106 1726//6107 1492//6108
f 1492//6109 1726//6110 1518//6111
f 1838//6112 1881//6113 1837//6114
f 1881//6115 1838//6116 1882//6117
f 1845//6118 1883//6119 1844//6120
f 710//6121 761//6122 709//6123
f 642//6124 732//6125 655//6126
f 732//6127 642//6128 993//6129
f 993//6130 642//6131 844//6132
f 993//6133 844//6134 978//6135
f 993//6136 978//6137 998//6138
f 1028//6139 1078//6140 1027//6141
f 287//6142 196//6143 197//6144
f 196//6145 287//6146 284//6147
f 284//6148 287//6149 285//6150
f 285//6151 287//6152 286//6153
f 170//6154 169//6155 138//6156
f 790//6157 968//6158 826//6159
f 968//6160 790//6161 928//6162
f 1252//6163 1251//6164 1240//6165
f 354//6166 483//6167 365//6168
f 483//6169 354//6170 626//6171
f 483//6172 626//6173 649//6174
f 649//6175 525//6176 483//6177
f 1000//6178 956//6179 957//6180
f 956//6181 1000//6182 999//6183
f 561//6184 456//6185 463//6186
f 456//6187 561//6188 538//6189
f 1941//6190 1760//6191 1759//6192
f 2019//6193 1758//6194 1757//6195
f 1758//6196 2019//6197 1759//6198
f 1759//6199 2019//6200 1952//6201
f 1759//6202 1952//6203 1941//6204
f 1952//6205 2019//6206 2020//6207
f 1952//6208 2022//6209 1941//6210
f 2022//6211 1952//6212 2021//6213
f 615//6214 570//6215 571//6216
f 570//6217 496//6218 497//6219
f 496//6220 570//6221 552//6222
f 552//6223 570//6224 612//6225
f 612//6226 570//6227 615//6228
f 612//6229 615//6230 614//6231
f 612//6232 614//6233 613//6234
f 1075//6235 956//6236 999//6237
f 956//6238 1075//6239 1011//6240
f 723//6241 663//6242 664//6243
f 663//6244 723//6245 720//6246
f 720//6247 723//6248 722//6249
f 720//6250 722//6251 721//6252
f 513//6253 402//6254 407//6255
f 402//6256 513//6257 646//6258
f 402//6259 646//6260 614//6261
f 828//6262 592//6263 591//6264
f 592//6265 828//6266 676//6267
f 676//6268 828//6269 829//6270
f 829//6271 831//6272 676//6273
f 831//6274 829//6275 830//6276
f 965//6277 1051//6278 986//6279
f 1051//6280 965//6281 1004//6282
f 1075//6283 1012//6284 1011//6285
f 1012//6286 1075//6287 1076//6288
f 525//6289 417//6290 442//6291
f 417//6292 525//6293 649//6294
f 417//6295 649//6296 627//6297
f 588//6298 598//6299 587//6300
f 598//6301 588//6302 599//6303
f 1041//6304 1081//6305 1040//6306
f 477//6307 503//6308 439//6309
f 761//6310 529//6311 608//6312
f 529//6313 761//6314 710//6315
f 1078//6316 893//6317 922//6318
f 893//6319 1078//6320 1028//6321
f 2072//6322 2071//6323 2041//6324
f 1265//6325 1264//6326 1233//6327
f 2164//6328 2162//6329 2163//6330
f 2162//6331 2164//6332 2212//6333
f 2212//6334 2164//6335 2247//6336
f 2162//6337 2212//6338 2161//6339
f 2212//6340 2247//6341 2246//6342
f 2245//6343 2217//6344 2212//6345
f 2217//6346 2245//6347 2244//6348
f 2161//6349 2217//6350 2242//6351
f 2217//6352 2161//6353 2212//6354
f 2242//6355 2217//6356 2243//6357
f 144//6358 315//6359 191//6360
f 315//6361 144//6362 290//6363
f 417//6364 443//6365 442//6366
f 443//6367 417//6368 418//6369
f 474//6370 496//6371 473//6372
f 496//6373 474//6374 497//6375
f 2010//6376 1821//6377 1961//6378
f 1821//6379 2010//6380 1847//6381
f 2449//6382 2267//6383 2422//6384
f 2267//6385 2449//6386 2317//6387
f 1058//6388 1137//6389 1063//6390
f 1137//6391 1058//6392 1262//6393
f 1137//6394 1262//6395 1286//6396
f 1286//6397 1163//6398 1137//6399
f 958//6400 980//6401 979//6402
f 980//6403 958//6404 959//6405
f 623//6406 549//6407 494//6408
f 549//6409 623//6410 560//6411
f 560//6412 620//6413 492//6414
f 620//6415 560//6416 623//6417
f 620//6418 623//6419 621//6420
f 621//6421 623//6422 622//6423
f 560//6424 493//6425 549//6426
f 2045//6427 2018//6428 2032//6429
f 2018//6430 2045//6431 2031//6432
f 1846//6433 1845//6434 1844//6435
f 2099//6436 1844//6437 1843//6438
f 1844//6439 2099//6440 1846//6441
f 1846//6442 2099//6443 2028//6444
f 2028//6445 2099//6446 2100//6447
f 2028//6448 2102//6449 1846//6450
f 2102//6451 2028//6452 2101//6453
f 1917//6454 1941//6455 1918//6456
f 1941//6457 1917//6458 1920//6459
f 1493//6460 1522//6461 1521//6462
f 1522//6463 1493//6464 1523//6465
f 1521//6466 1561//6467 1520//6468
f 1561//6469 1521//6470 1562//6471
f 1562//6472 1521//6473 1549//6474
f 1549//6475 1521//6476 1522//6477
f 303//6478 327//6479 326//6480
f 327//6481 303//6482 304//6483
f 2308//6484 2371//6485 2369//6486
f 2371//6487 2308//6488 2332//6489
f 2121//6490 1936//6491 2120//6492
f 1936//6493 2121//6494 1937//6495
f 2365//6496 2353//6497 2364//6498
f 2353//6499 2365//6500 2354//6501
f 2354//6502 2365//6503 2366//6504
f 2354//6505 2366//6506 2355//6507
f 266//6508 160//6509 161//6510
f 160//6511 266//6512 242//6513
f 242//6514 158//6515 159//6516
f 158//6517 242//6518 263//6519
f 263//6520 242//6521 266//6522
f 263//6523 266//6524 265//6525
f 263//6526 265//6527 264//6528
f 1669//6529 1679//6530 1668//6531
f 1679//6532 1669//6533 1680//6534
f 2144//6535 2340//6536 2301//6537
f 2340//6538 2144//6539 2170//6540
f 479//6541 405//6542 510//6543
f 865//6544 663//6545 720//6546
f 663//6547 865//6548 657//6549
f 657//6550 865//6551 832//6552
f 2610//6553 2638//6554 2588//6555
f 2145//6556 2331//6557 2305//6558
f 2331//6559 2430//6560 2391//6561
f 2430//6562 2331//6563 2175//6564
f 2175//6565 2331//6566 2145//6567
f 2402//6568 2446//6569 2401//6570
f 1437//6571 1456//6572 1436//6573
f 470//6574 411//6575 436//6576
f 411//6577 470//6578 448//6579
f 1954//6580 1995//6581 1953//6582
f 1995//6583 1954//6584 1996//6585
f 862//6586 674//6587 707//6588
f 674//6589 862//6590 819//6591
f 1343//6592 2346//6593 1342//6594
f 2346//6595 1343//6596 1387//6597
f 2346//6598 1387//6599 2347//6600
f 2347//6601 1387//6602 2461//6603
f 1387//6604 1343//6605 1388//6606
f 1388//6607 1343//6608 1459//6609
f 1459//6610 1343//6611 1676//6612
f 1676//6613 1343//6614 1940//6615
f 1940//6616 1343//6617 2017//6618
f 2017//6619 1343//6620 2140//6621
f 2140//6622 1343//6623 2357//6624
f 2357//6625 1343//6626 2439//6627
f 2461//6628 2541//6629 2460//6630
f 2541//6631 2461//6632 2542//6633
f 2542//6634 2461//6635 2438//6636
f 2438//6637 2461//6638 2356//6639
f 2356//6640 2461//6641 1387//6642
f 2356//6643 1387//6644 1392//6645
f 2356//6646 1392//6647 1458//6648
f 2356//6649 1458//6650 1507//6651
f 2356//6652 1507//6653 1675//6654
f 2356//6655 1675//6656 1730//6657
f 2356//6658 1730//6659 1939//6660
f 2356//6661 1939//6662 2139//6663
f 2356//6664 2139//6665 2215//6666
f 2542//6667 2438//6668 2439//6669
f 2542//6670 2439//6671 1343//6672
f 2216//6673 2356//6674 2215//6675
f 2356//6676 2216//6677 2357//6678
f 2357//6679 2216//6680 2140//6681
f 2016//6682 2139//6683 1939//6684
f 2139//6685 2016//6686 2140//6687
f 2140//6688 2016//6689 2017//6690
f 1731//6691 1939//6692 1730//6693
f 1939//6694 1731//6695 1940//6696
f 1940//6697 1731//6698 1676//6699
f 1508//6700 1675//6701 1507//6702
f 1675//6703 1508//6704 1676//6705
f 1676//6706 1508//6707 1459//6708
f 1393//6709 1458//6710 1392//6711
f 1458//6712 1393//6713 1459//6714
f 1459//6715 1393//6716 1388//6717
f 371//6718 324//6719 325//6720
f 324//6721 371//6722 350//6723
f 350//6724 368//6725 337//6726
f 368//6727 350//6728 369//6729
f 369//6730 350//6731 370//6732
f 370//6733 350//6734 371//6735
f 1758//6736 1756//6737 1757//6738
f 1756//6739 1758//6740 1755//6741
f 1755//6742 1758//6743 1838//6744
f 1755//6745 1838//6746 1837//6747
f 1025//6748 994//6749 995//6750
f 994//6751 1025//6752 1024//6753
f 1024//6754 1022//6755 994//6756
f 1022//6757 1024//6758 1023//6759
f 1506//6760 1423//6761 1487//6762
f 1970//6763 1999//6764 1969//6765
f 2210//6766 2325//6767 2185//6768
f 1897//6769 1719//6770 1862//6771
f 1719//6772 1897//6773 1761//6774
f 1663//6775 1686//6776 1662//6777
f 1532//6778 1530//6779 1531//6780
f 1530//6781 1532//6782 1573//6783
f 1530//6784 1590//6785 1529//6786
f 1590//6787 1530//6788 1572//6789
f 1572//6790 1530//6791 1573//6792
f 1590//6793 1572//6794 1591//6795
f 2081//6796 2079//6797 2080//6798
f 2081//6799 2138//6800 2127//6801
f 2138//6802 2081//6803 2195//6804
f 2194//6805 2127//6806 2138//6807
f 2079//6808 2193//6809 2078//6810
f 2193//6811 2079//6812 2127//6813
f 2127//6814 2079//6815 2081//6816
f 835//6817 758//6818 779//6819
f 758//6820 835//6821 791//6822
f 474//6823 564//6824 497//6825
f 564//6826 474//6827 550//6828
f 1001//6829 1035//6830 1034//6831
f 757//6832 801//6833 778//6834
f 801//6835 757//6836 924//6837
f 801//6838 924//6839 967//6840
f 967//6841 821//6842 801//6843
f 675//6844 863//6845 712//6846
f 863//6847 675//6848 823//6849
f 753//6850 773//6851 752//6852
f 773//6853 753//6854 774//6855
f 166//6856 165//6857 137//6858
f 2367//6859 2160//6860 2159//6861
f 2160//6862 2367//6863 2161//6864
f 2161//6865 2367//6866 2162//6867
f 2162//6868 2367//6869 2351//6870
f 2351//6871 2382//6872 2162//6873
f 2382//6874 2351//6875 2381//6876
f 2276//6877 2186//6878 2250//6879
f 2186//6880 2276//6881 2044//6882
f 2044//6883 2276//6884 2085//6885
f 2476//6886 2612//6887 2592//6888
f 2612//6889 2676//6890 2671//6891
f 2676//6892 2612//6893 2509//6894
f 2509//6895 2612//6896 2476//6897
f 746//6898 803//6899 767//6900
f 803//6901 746//6902 936//6903
f 803//6904 936//6905 970//6906
f 970//6907 834//6908 803//6909
f 668//6910 770//6911 682//6912
f 770//6913 668//6914 746//6915
f 1699//6916 1442//6917 1441//6918
f 1442//6919 1699//6920 1512//6921
f 1512//6922 1699//6923 1513//6924
f 1513//6925 1699//6926 1700//6927
f 1131//6928 1144//6929 1130//6930
f 1144//6931 1131//6932 1145//6933
f 1042//6934 953//6935 954//6936
f 953//6937 1042//6938 1005//6939
f 1005//6940 1042//6941 1041//6942
f 1005//6943 951//6944 952//6945
f 951//6946 1005//6947 1039//6948
f 1039//6949 1005//6950 1041//6951
f 1039//6952 1041//6953 1040//6954
f 2438//6955 2327//6956 2379//6957
f 2327//6958 2438//6959 2356//6960
f 1186//6961 1238//6962 1217//6963
f 1238//6964 1186//6965 1206//6966
f 521//6967 520//6968 482//6969
f 209//6970 47//6971 89//6972
f 47//6973 209//6974 30//6975
f 30//6976 209//6977 168//6978
f 796//6979 810//6980 809//6981
f 810//6982 796//6983 797//6984
f 1159//6985 1158//6986 1136//6987
f 829//6988 740//6989 741//6990
f 740//6991 829//6992 793//6993
f 828//6994 827//6995 829//6996
f 793//6997 738//6998 739//6999
f 738//7000 793//7001 826//7002
f 826//7003 793//7004 829//7005
f 826//7006 829//7007 827//7008
f 469//7009 623//7010 494//7011
f 623//7012 469//7013 580//7014
f 2671//7015 2590//7016 2591//7017
f 2590//7018 2671//7019 2670//7020
f 2549//7021 2520//7022 2521//7023
f 2119//7024 2076//7025 2077//7026
f 2076//7027 2119//7028 2075//7029
f 2075//7030 2119//7031 2074//7032
f 2074//7033 2119//7034 2118//7035
f 2583//7036 2373//7037 2504//7038
f 2373//7039 2583//7040 2404//7041
f 2181//7042 2238//7043 2229//7044
f 2238//7045 2181//7046 2209//7047
f 2042//7048 2208//7049 2178//7050
f 2208//7051 2287//7052 2282//7053
f 2287//7054 2208//7055 2075//7056
f 2075//7057 2208//7058 2042//7059
f 2095//7060 1857//7061 1856//7062
f 1857//7063 2095//7064 2012//7065
f 2012//7066 2095//7067 2096//7068
f 1857//7069 1859//7070 1858//7071
f 1859//7072 1857//7073 2012//7074
f 1605//7075 1779//7076 1746//7077
f 1779//7078 1891//7079 1878//7080
f 1891//7081 1779//7082 1638//7083
f 1638//7084 1779//7085 1605//7086
f 1558//7087 1614//7088 1585//7089
f 1614//7090 1558//7091 1583//7092
f 1595//7093 1623//7094 1594//7095
f 314//7096 143//7097 186//7098
f 143//7099 314//7100 286//7101
f 2437//7102 2491//7103 2421//7104
f 2359//7105 2337//7106 2291//7107
f 2337//7108 2359//7109 2358//7110
f 2289//7111 2350//7112 2288//7113
f 2350//7114 2289//7115 2337//7116
f 2337//7117 2289//7118 2290//7119
f 2337//7120 2290//7121 2291//7122
f 575//7123 454//7124 461//7125
f 454//7126 575//7127 559//7128
f 540//7129 557//7130 539//7131
f 557//7132 540//7133 558//7134
f 727//7135 635//7136 636//7137
f 635//7138 727//7139 724//7140
f 724//7141 727//7142 725//7143
f 725//7144 727//7145 726//7146
f 515//7147 516//7148 346//7149
f 295//7150 235//7151 234//7152
f 235//7153 295//7154 300//7155
f 300//7156 295//7157 346//7158
f 300//7159 346//7160 518//7161
f 518//7162 346//7163 516//7164
f 518//7165 516//7166 517//7167
f 690//7168 727//7169 636//7170
f 925//7171 926//7172 789//7173
f 789//7174 673//7175 672//7176
f 673//7177 789//7178 790//7179
f 790//7180 789//7181 928//7182
f 928//7183 789//7184 926//7185
f 928//7186 926//7187 927//7188
f 2073//7189 2071//7190 2072//7191
f 2071//7192 2073//7193 2070//7194
f 2070//7195 2073//7196 2135//7197
f 2135//7198 2073//7199 2116//7200
f 2116//7201 2073//7202 2117//7203
f 2135//7204 2116//7205 2191//7206
f 2135//7207 2191//7208 2190//7209
f 1272//7210 1073//7211 1072//7212
f 1073//7213 1272//7214 1116//7215
f 1116//7216 1272//7217 1273//7218
f 1116//7219 1276//7220 1074//7221
f 1276//7222 1116//7223 1273//7224
f 1276//7225 1273//7226 1274//7227
f 1276//7228 1274//7229 1275//7230
f 2507//7231 2584//7232 2577//7233
f 2584//7234 2507//7235 2545//7236
f 2133//7237 1973//7238 1972//7239
f 1973//7240 2133//7241 1974//7242
f 1974//7243 2134//7244 1975//7245
f 2134//7246 1974//7247 2133//7248
f 1712//7249 1732//7250 1711//7251
f 1732//7252 1712//7253 1714//7254
f 2609//7255 2647//7256 2586//7257
f 1448//7258 1472//7259 1430//7260
f 1927//7261 2111//7262 2087//7263
f 2111//7264 1927//7265 1984//7266
f 2039//7267 2204//7268 2165//7269
f 2204//7270 2273//7271 2247//7272
f 2273//7273 2204//7274 2063//7275
f 2063//7276 2204//7277 2039//7278
f 2062//7279 2105//7280 2061//7281
f 2333//7282 2182//7283 2322//7284
f 2182//7285 2333//7286 2080//7287
f 2182//7288 2080//7289 2043//7290
f 1987//7291 1854//7292 1942//7293
f 1854//7294 1987//7295 1753//7296
f 1854//7297 1753//7298 1717//7299
f 2511//7300 2571//7301 2556//7302
f 2571//7303 2511//7304 2546//7305
f 2114//7306 2124//7307 2113//7308
f 2124//7309 2114//7310 2125//7311
f 1861//7312 1863//7313 1862//7314
f 1863//7315 1861//7316 1860//7317
f 1864//7318 2030//7319 1865//7320
f 2030//7321 1864//7322 1863//7323
f 2030//7324 1863//7325 1860//7326
f 2030//7327 1860//7328 2029//7329
f 1921//7330 2097//7331 2061//7332
f 2097//7333 1921//7334 2125//7335
f 2125//7336 1921//7337 1958//7338
f 2125//7339 2114//7340 2097//7341
f 2074//7342 2108//7343 2073//7344
f 2385//7345 2310//7346 2362//7347
f 2310//7348 2385//7349 2342//7350
f 2608//7351 2580//7352 2572//7353
f 2580//7354 2608//7355 2622//7356
f 123//7357 53//7358 52//7359
f 53//7360 123//7361 112//7362
f 112//7363 55//7364 54//7365
f 55//7366 112//7367 138//7368
f 138//7369 112//7370 123//7371
f 138//7372 123//7373 137//7374
f 138//7375 137//7376 265//7377
f 138//7378 265//7379 266//7380
f 138//7381 267//7382 269//7383
f 267//7384 138//7385 266//7386
f 269//7387 267//7388 268//7389
f 1107//7390 1114//7391 1099//7392
f 1158//7393 1157//7394 1061//7395
f 1061//7396 1156//7397 1060//7398
f 1156//7399 1061//7400 1157//7401
f 2321//7402 2326//7403 2320//7404
f 1257//7405 1256//7406 1231//7407
f 893//7408 881//7409 923//7410
f 881//7411 893//7412 868//7413
f 746//7414 769//7415 770//7416
f 769//7417 746//7418 767//7419
f 1529//7420 1551//7421 1528//7422
f 1195//7423 1003//7424 1047//7425
f 1003//7426 1195//7427 1169//7428
f 935//7429 934//7430 895//7431
f 1776//7432 1663//7433 1738//7434
f 1663//7435 1776//7436 1539//7437
f 1663//7438 1539//7439 1497//7440
f 1785//7441 1839//7442 1807//7443
f 1839//7444 1785//7445 1832//7446
f 1708//7447 1728//7448 1707//7449
f 1728//7450 1708//7451 1729//7452
f 2549//7453 2421//7454 2420//7455
f 2421//7456 2549//7457 2422//7458
f 2422//7459 2549//7460 2424//7461
f 2424//7462 2549//7463 2550//7464
f 2550//7465 2549//7466 2573//7467
f 2550//7468 2573//7469 2574//7470
f 2424//7471 2423//7472 2422//7473
f 1667//7474 1677//7475 1666//7476
f 1677//7477 1667//7478 1678//7479
f 2035//7480 2047//7481 2034//7482
f 2047//7483 2035//7484 2048//7485
f 152//7486 181//7487 130//7488
f 2342//7489 2141//7490 2309//7491
f 2141//7492 2342//7493 2180//7494
f 718//7495 763//7496 717//7497
f 845//7498 744//7499 745//7500
f 744//7501 845//7502 794//7503
f 794//7504 845//7505 844//7506
f 794//7507 742//7508 743//7509
f 742//7510 794//7511 843//7512
f 843//7513 794//7514 844//7515
f 340//7516 339//7517 338//7518
f 339//7519 340//7520 341//7521
f 1154//7522 1153//7523 1134//7524
f 2014//7525 1850//7526 2002//7527
f 1850//7528 2014//7529 1895//7530
f 2536//7531 2558//7532 2515//7533
f 965//7534 985//7535 964//7536
f 985//7537 965//7538 986//7539
f 616//7540 615//7541 579//7542
f 2323//7543 2333//7544 2322//7545
f 2333//7546 2323//7547 2334//7548
f 2618//7549 2569//7550 2604//7551
f 2569//7552 2618//7553 2579//7554
f 1152//7555 963//7556 962//7557
f 963//7558 1152//7559 1153//7560
f 1153//7561 1155//7562 963//7563
f 1155//7564 1153//7565 1154//7566
f 1302//7567 1289//7568 1290//7569
f 1289//7570 1302//7571 1301//7572
f 848//7573 854//7574 847//7575
f 854//7576 848//7577 855//7578
f 1779//7579 1878//7580 1745//7581
f 1476//7582 1575//7583 1564//7584
f 1575//7585 1476//7586 1502//7587
f 1703//7588 1725//7589 1724//7590
f 1725//7591 1703//7592 1704//7593
f 687//7594 706//7595 599//7596
f 2052//7597 2092//7598 2051//7599
f 2092//7600 2052//7601 2093//7602
f 802//7603 829//7604 741//7605
f 1852//7606 1851//7607 1822//7608
f 1780//7609 1833//7610 1754//7611
f 253//7612 283//7613 233//7614
f 2477//7615 2613//7616 2594//7617
f 2613//7618 2678//7619 2673//7620
f 2678//7621 2613//7622 2513//7623
f 2513//7624 2613//7625 2477//7626
f 885//7627 899//7628 898//7629
f 899//7630 885//7631 886//7632
f 1463//7633 1474//7634 1462//7635
f 1474//7636 1463//7637 1475//7638
f 1820//7639 1997//7640 1957//7641
f 1997//7642 2046//7643 2033//7644
f 2046//7645 1997//7646 1842//7647
f 1842//7648 1997//7649 1820//7650
f 1067//7651 1094//7652 1066//7653
f 1094//7654 1067//7655 1095//7656
f 673//7657 825//7658 685//7659
f 825//7660 673//7661 790//7662
f 1610//7663 1782//7664 1767//7665
f 1782//7666 1880//7667 1835//7668
f 1880//7669 1782//7670 1660//7671
f 1660//7672 1782//7673 1610//7674
f 180//7675 212//7676 179//7677
f 2339//7678 2168//7679 2167//7680
f 2169//7681 2340//7682 2170//7683
f 2340//7684 2169//7685 2168//7686
f 2340//7687 2168//7688 2339//7689
f 2340//7690 2339//7691 2450//7692
f 2340//7693 2450//7694 2451//7695
f 2470//7696 2482//7697 2469//7698
f 2482//7699 2470//7700 2483//7701
f 256//7702 398//7703 294//7704
f 398//7705 256//7706 526//7707
f 398//7708 526//7709 555//7710
f 555//7711 749//7712 565//7713
f 749//7714 555//7715 526//7716
f 205//7717 217//7718 204//7719
f 217//7720 205//7721 218//7722
f 1074//7723 1140//7724 1103//7725
f 1140//7726 1074//7727 1276//7728
f 1140//7729 1276//7730 1290//7731
f 1290//7732 1276//7733 1302//7734
f 1302//7735 1276//7736 1296//7737
f 1290//7738 1175//7739 1140//7740
f 929//7741 968//7742 928//7743
f 1998//7744 2091//7745 1960//7746
f 714//7747 762//7748 713//7749
f 1000//7750 1075//7751 999//7752
f 1075//7753 1000//7754 1076//7755
f 1132//7756 1094//7757 1095//7758
f 1094//7759 1132//7760 1129//7761
f 1097//7762 1132//7763 1096//7764
f 1132//7765 1097//7766 1149//7767
f 1148//7768 1147//7769 1149//7770
f 1129//7771 1092//7772 1093//7773
f 1092//7774 1129//7775 1146//7776
f 1146//7777 1129//7778 1132//7779
f 1146//7780 1132//7781 1149//7782
f 1146//7783 1149//7784 1147//7785
f 927//7786 926//7787 894//7788
f 2055//7789 2095//7790 2054//7791
f 2095//7792 2055//7793 2096//7794
f 859//7795 947//7796 875//7797
f 947//7798 859//7799 1090//7800
f 1090//7801 859//7802 1053//7803
f 1090//7804 1053//7805 1227//7806
f 1227//7807 1053//7808 1205//7809
f 367//7810 498//7811 366//7812
f 498//7813 367//7814 499//7815
f 1032//7816 1079//7817 1031//7818
f 117//7819 128//7820 116//7821
f 128//7822 132//7823 131//7824
f 132//7825 128//7826 117//7827
f 1419//7828 1451//7829 1418//7830
f 1253//7831 1110//7832 1121//7833
f 1110//7834 1253//7835 1230//7836
f 97//7837 56//7838 57//7839
f 56//7840 40//7841 41//7842
f 40//7843 56//7844 96//7845
f 96//7846 56//7847 97//7848
f 173//7849 155//7850 111//7851
f 155//7852 170//7853 110//7854
f 170//7855 155//7856 173//7857
f 170//7858 173//7859 172//7860
f 170//7861 172//7862 171//7863
f 372//7864 303//7865 326//7866
f 303//7867 372//7868 542//7869
f 303//7870 542//7871 502//7872
f 2372//7873 2535//7874 2499//7875
f 2535//7876 2372//7877 2561//7878
f 2561//7879 2372//7880 2398//7881
f 2561//7882 2553//7883 2535//7884
f 558//7885 625//7886 557//7887
f 625//7888 558//7889 628//7890
f 625//7891 628//7892 627//7893
f 625//7894 627//7895 626//7896
f 377//7897 236//7898 246//7899
f 236//7900 377//7901 344//7902
f 1739//7903 1776//7904 1738//7905
f 1776//7906 1739//7907 1777//7908
f 2091//7909 2101//7910 2090//7911
f 2101//7912 2091//7913 2102//7914
f 390//7915 305//7916 328//7917
f 305//7918 390//7919 347//7920
f 172//7921 210//7922 171//7923
f 915//7924 1016//7925 954//7926
f 1016//7927 915//7928 1164//7929
f 1016//7930 1164//7931 1194//7932
f 1194//7933 1043//7934 1016//7935
f 1113//7936 1123//7937 1112//7938
f 1123//7939 1113//7940 1124//7941
f 2602//7942 2541//7943 2542//7944
f 2541//7945 2602//7946 2601//7947
f 1936//7948 2131//7949 2120//7950
f 2131//7951 1936//7952 2187//7953
f 2318//7954 2432//7955 2394//7956
f 2432//7957 2318//7958 2187//7959
f 2187//7960 2318//7961 2131//7962
f 304//7963 356//7964 327//7965
f 356//7966 304//7967 505//7968
f 356//7969 505//7970 543//7971
f 543//7972 376//7973 356//7974
f 1718//7975 1885//7976 1858//7977
f 1885//7978 1990//7979 1945//7980
f 1990//7981 1885//7982 1756//7983
f 1756//7984 1885//7985 1718//7986
f 939//7987 807//7988 852//7989
f 807//7990 939//7991 1045//7992
f 1045//7993 939//7994 1082//7995
f 950//7996 888//7997 887//7998
f 888//7999 950//8000 955//8001
f 885//8002 950//8003 886//8004
f 950//8005 885//8006 1165//8007
f 950//8008 1165//8009 955//8010
f 955//8011 1165//8012 1166//8013
f 955//8014 1167//8015 1168//8016
f 1167//8017 955//8018 1166//8019
f 1785//8020 1807//8021 1751//8022
f 2632//8023 2575//8024 2564//8025
f 2575//8026 2632//8027 2633//8028
f 2543//8029 2400//8030 2399//8031
f 2400//8032 2543//8033 2544//8034
f 2544//8035 2543//8036 2575//8037
f 2544//8038 2575//8039 2635//8040
f 2575//8041 2543//8042 2564//8043
f 2635//8044 2575//8045 2634//8046
f 2402//8047 2544//8048 2403//8049
f 2544//8050 2402//8051 2401//8052
f 2544//8053 2401//8054 2400//8055
f 1134//8056 1153//8057 1106//8058
f 564//8059 570//8060 497//8061
f 262//8062 217//8063 218//8064
f 217//8065 262//8066 261//8067
f 2358//8068 2351//8069 2337//8070
f 2351//8071 2358//8072 2381//8073
f 2643//8074 2659//8075 2642//8076
f 2659//8077 2643//8078 2660//8079
f 785//8080 771//8081 784//8082
f 771//8083 785//8084 772//8085
f 772//8086 785//8087 786//8088
f 291//8089 290//8090 292//8091
f 292//8092 219//8093 220//8094
f 219//8095 292//8096 290//8097
f 219//8098 290//8099 289//8100
f 888//8101 900//8102 887//8103
f 900//8104 888//8105 901//8106
f 2307//8107 2306//8108 2265//8109
f 878//8110 908//8111 884//8112
f 908//8113 1082//8114 939//8115
f 1082//8116 908//8117 878//8118
f 1082//8119 878//8120 1044//8121
f 759//8122 779//8123 758//8124
f 779//8125 759//8126 780//8127
f 1166//8128 1114//8129 1115//8130
f 1165//8131 1164//8132 1166//8133
f 1099//8134 1163//8135 1098//8136
f 1163//8137 1099//8138 1114//8139
f 1163//8140 1114//8141 1164//8142
f 1164//8143 1114//8144 1166//8145
f 2552//8146 2561//8147 2560//8148
f 2561//8149 2552//8150 2553//8151
f 2341//8152 2319//8153 2370//8154
f 1478//8155 1470//8156 1449//8157
f 1470//8158 1478//8159 1498//8160
f 216//8161 230//8162 215//8163
f 230//8164 216//8165 231//8166
f 991//8167 889//8168 870//8169
f 577//8170 761//8171 608//8172
f 761//8173 577//8174 709//8175
f 1048//8176 985//8177 1049//8178
f 1051//8179 985//8180 986//8181
f 985//8182 1051//8183 1049//8184
f 1049//8185 1051//8186 1050//8187
f 2082//8188 2109//8189 2081//8190
f 1894//8191 1992//8192 1947//8193
f 1992//8194 1894//8195 1906//8196
f 1672//8197 1706//8198 1644//8199
f 1758//8200 1882//8201 1838//8202
f 1882//8203 1758//8204 1793//8205
f 2434//8206 2529//8207 2400//8208
f 1848//8209 1846//8210 1847//8211
f 1846//8212 1848//8213 1912//8214
f 1846//8215 1911//8216 1845//8217
f 1911//8218 1846//8219 1912//8220
f 1429//8221 1428//8222 1403//8223
f 588//8224 687//8225 599//8226
f 687//8227 588//8228 818//8229
f 687//8230 818//8231 862//8232
f 862//8233 707//8234 687//8235
f 476//8236 499//8237 367//8238
f 1159//8239 1057//8240 1062//8241
f 1057//8242 1159//8243 1285//8244
f 1057//8245 1285//8246 1259//8247
f 421//8248 238//8249 267//8250
f 238//8251 421//8252 374//8253
f 1054//8254 948//8255 949//8256
f 948//8257 1054//8258 1053//8259
f 1052//8260 948//8261 1053//8262
f 1483//8263 1460//8264 1482//8265
f 1460//8266 1483//8267 1461//8268
f 1259//8269 1058//8270 1057//8271
f 1058//8272 1259//8273 1260//8274
f 1260//8275 1262//8276 1058//8277
f 1262//8278 1260//8279 1261//8280
f 2611//8281 2590//8282 2670//8283
f 447//8284 432//8285 446//8286
f 432//8287 447//8288 433//8289
f 2500//8290 2564//8291 2543//8292
f 2564//8293 2500//8294 2551//8295
f 762//8296 532//8297 612//8298
f 532//8299 762//8300 714//8301
f 127//8302 134//8303 126//8304
f 134//8305 127//8306 135//8307
f 578//8308 530//8309 572//8310
f 710//8311 572//8312 529//8313
f 572//8314 710//8315 578//8316
f 578//8317 710//8318 711//8319
f 578//8320 712//8321 713//8322
f 712//8323 578//8324 711//8325
f 961//8326 981//8327 960//8328
f 981//8329 961//8330 982//8331
f 1106//8332 1150//8333 1105//8334
f 1150//8335 1106//8336 1153//8337
f 1150//8338 1153//8339 1151//8340
f 1151//8341 1153//8342 1152//8343
f 1063//8344 1159//8345 1062//8346
f 1159//8347 1063//8348 1162//8349
f 1159//8350 1162//8351 1161//8352
f 1159//8353 1161//8354 1160//8355
f 1070//8356 1099//8357 1098//8358
f 1099//8359 1070//8360 1071//8361
f 1013//8362 1025//8363 995//8364
f 1830//8365 1768//8366 1814//8367
f 1768//8368 1830//8369 1794//8370
f 169//8371 61//8372 62//8373
f 61//8374 169//8375 125//8376
f 125//8377 169//8378 136//8379
f 136//8380 169//8381 166//8382
f 166//8383 169//8384 167//8385
f 167//8386 169//8387 168//8388
f 125//8389 59//8390 60//8391
f 59//8392 125//8393 136//8394
f 1937//8395 2187//8396 1936//8397
f 2187//8398 1937//8399 1938//8400
f 2187//8401 1938//8402 2189//8403
f 2187//8404 2189//8405 2188//8406
f 1435//8407 1433//8408 1434//8409
f 1433//8410 1477//8411 1432//8412
f 1477//8413 1433//8414 1435//8415
f 1477//8416 1435//8417 1490//8418
f 1490//8419 1435//8420 1546//8421
f 1545//8422 1477//8423 1490//8424
f 2232//8425 2126//8426 2225//8427
f 2126//8428 2232//8429 2149//8430
f 1039//8431 912//8432 951//8433
f 912//8434 1039//8435 1161//8436
f 1161//8437 1039//8438 1193//8439
f 2667//8440 2598//8441 2650//8442
f 2598//8443 2667//8444 2479//8445
f 2479//8446 2667//8447 2523//8448
f 275//8449 198//8450 199//8451
f 198//8452 275//8453 245//8454
f 245//8455 275//8456 272//8457
f 272//8458 275//8459 274//8460
f 272//8461 274//8462 273//8463
f 1267//8464 1008//8465 1007//8466
f 1008//8467 1267//8468 1059//8469
f 1059//8470 1267//8471 1269//8472
f 1059//8473 1269//8474 1271//8475
f 1271//8476 1269//8477 1270//8478
f 1269//8479 1267//8480 1268//8481
f 1059//8482 1010//8483 1009//8484
f 1010//8485 1059//8486 1271//8487
f 1026//8488 958//8489 979//8490
f 958//8491 1026//8492 1190//8493
f 958//8494 1190//8495 1148//8496
f 1246//8497 1279//8498 1245//8499
f 1279//8500 1246//8501 1280//8502
f 176//8503 12//8504 11//8505
f 12//8506 176//8507 177//8508
f 177//8509 179//8510 12//8511
f 179//8512 177//8513 178//8514
f 826//8515 825//8516 790//8517
f 431//8518 482//8519 452//8520
f 482//8521 648//8522 521//8523
f 648//8524 482//8525 431//8526
f 648//8527 431//8528 621//8529
f 1949//8530 1993//8531 1948//8532
f 1993//8533 1949//8534 1994//8535
f 1490//8536 1559//8537 1545//8538
f 1559//8539 1490//8540 1509//8541
f 2044//8542 2210//8543 2186//8544
f 2210//8545 2336//8546 2325//8547
f 2336//8548 2210//8549 2084//8550
f 2084//8551 2210//8552 2044//8553
f 2525//8554 2550//8555 2524//8556
f 1002//8557 1193//8558 1039//8559
f 1193//8560 1002//8561 1160//8562
f 2092//8563 1978//8564 2051//8565
f 1978//8566 2092//8567 1866//8568
f 1978//8569 1866//8570 1825//8571
f 1825//8572 1866//8573 1836//8574
f 909//8575 942//8576 853//8577
f 792//8578 971//8579 840//8580
f 971//8581 792//8582 940//8583
f 2076//8584 2078//8585 2077//8586
f 2078//8587 2076//8588 2274//8589
f 2078//8590 2274//8591 2079//8592
f 2079//8593 2274//8594 2258//8595
f 2258//8596 2274//8597 2275//8598
f 2259//8599 2079//8600 2258//8601
f 291//8602 322//8603 315//8604
f 322//8605 291//8606 343//8607
f 343//8608 291//8609 447//8610
f 447//8611 291//8612 433//8613
f 2491//8614 2530//8615 2490//8616
f 2530//8617 2491//8618 2531//8619
f 1591//8620 1619//8621 1590//8622
f 1619//8623 1591//8624 1620//8625
f 1029//8626 981//8627 982//8628
f 981//8629 1029//8630 1006//8631
f 1006//8632 1029//8633 1028//8634
f 1006//8635 979//8636 980//8637
f 979//8638 1006//8639 1026//8640
f 1026//8641 1006//8642 1028//8643
f 1026//8644 1028//8645 1027//8646
f 375//8647 326//8648 327//8649
f 326//8650 375//8651 373//8652
f 373//8653 375//8654 374//8655
f 372//8656 326//8657 373//8658
f 955//8659 1017//8660 973//8661
f 1017//8662 955//8663 1168//8664
f 1017//8665 1168//8666 1195//8667
f 1195//8668 1047//8669 1017//8670
f 1868//8671 1898//8672 1867//8673
f 77//8674 99//8675 8//8676
f 2543//8677 2372//8678 2499//8679
f 2372//8680 2543//8681 2399//8682
f 2172//8683 2171//8684 2144//8685
f 2170//8686 2221//8687 2169//8688
f 2221//8689 2170//8690 2222//8691
f 2222//8692 2170//8693 2206//8694
f 2206//8695 2170//8696 2144//8697
f 2206//8698 2144//8699 2171//8700
f 180//8701 25//8702 24//8703
f 25//8704 180//8705 32//8706
f 32//8707 180//8708 33//8709
f 33//8710 180//8711 181//8712
f 33//8713 181//8714 182//8715
f 33//8716 182//8717 183//8718
f 2593//8719 2672//8720 2592//8721
f 2672//8722 2593//8723 2673//8724
f 591//8725 633//8726 632//8727
f 633//8728 591//8729 592//8730
f 1537//8731 1553//8732 1536//8733
f 894//8734 1079//8735 927//8736
f 1079//8737 894//8738 1031//8739
f 2374//8740 2545//8741 2508//8742
f 2545//8743 2374//8744 2407//8745
f 611//8746 593//8747 537//8748
f 593//8749 608//8750 536//8751
f 608//8752 593//8753 611//8754
f 608//8755 611//8756 610//8757
f 608//8758 610//8759 609//8760
f 797//8761 897//8762 810//8763
f 897//8764 797//8765 879//8766
f 1893//8767 1988//8768 1943//8769
f 1988//8770 1893//8771 1905//8772
f 962//8773 984//8774 983//8775
f 984//8776 962//8777 963//8778
f 2003//8779 2014//8780 2002//8781
f 2014//8782 2003//8783 2015//8784
f 581//8785 540//8786 539//8787
f 540//8788 581//8789 582//8790
f 582//8791 581//8792 726//8793
f 582//8794 726//8795 727//8796
f 582//8797 727//8798 728//8799
f 728//8800 730//8801 582//8802
f 730//8803 728//8804 729//8805
f 333//8806 321//8807 332//8808
f 321//8809 333//8810 322//8811
f 322//8812 333//8813 323//8814
f 323//8815 333//8816 334//8817
f 2043//8818 2209//8819 2182//8820
f 2209//8821 2043//8822 2259//8823
f 2259//8824 2043//8825 2079//8826
f 2259//8827 2238//8828 2209//8829
f 993//8830 731//8831 732//8832
f 731//8833 993//8834 871//8835
f 871//8836 993//8837 870//8838
f 870//8839 993//8840 991//8841
f 991//8842 993//8843 992//8844
f 1968//8845 1966//8846 1967//8847
f 1966//8848 1968//8849 1969//8850
f 1966//8851 1969//8852 2050//8853
f 1966//8854 2050//8855 2004//8856
f 2004//8857 2050//8858 2049//8859
f 139//8860 311//8861 174//8862
f 311//8863 139//8864 273//8865
f 2529//8866 2539//8867 2528//8868
f 2539//8869 2529//8870 2540//8871
f 390//8872 389//8873 347//8874
f 1037//8875 806//8876 805//8877
f 806//8878 1037//8879 895//8880
f 895//8881 1037//8882 1038//8883
f 1038//8884 1040//8885 895//8886
f 1040//8887 1038//8888 1039//8889
f 1631//8890 1422//8891 1421//8892
f 1422//8893 1424//8894 1423//8895
f 1424//8896 1422//8897 1632//8898
f 1632//8899 1422//8900 1631//8901
f 519//8902 541//8903 518//8904
f 693//8905 739//8906 738//8907
f 739//8908 693//8909 694//8910
f 416//8911 451//8912 441//8913
f 451//8914 416//8915 430//8916
f 801//8917 820//8918 778//8919
f 1827//8920 1866//8921 1865//8922
f 1866//8923 1827//8924 1836//8925
f 1836//8926 1827//8927 1825//8928
f 697//8929 743//8930 742//8931
f 743//8932 697//8933 698//8934
f 620//8935 467//8936 492//8937
f 1683//8938 1493//8939 1645//8940
f 1493//8941 1683//8942 1523//8943
f 500//8944 499//8945 476//8946
f 1128//8947 1197//8948 1178//8949
f 1197//8950 1128//8951 1142//8952
f 1043//8953 885//8954 898//8955
f 885//8956 1043//8957 1165//8958
f 1165//8959 1043//8960 1194//8961
f 1267//8962 1287//8963 1266//8964
f 2211//8965 2253//8966 2188//8967
f 1917//8968 1860//8969 1861//8970
f 1860//8971 1917//8972 1918//8973
f 2008//8974 1919//8975 1918//8976
f 1919//8977 2008//8978 2007//8979
f 1860//8980 1858//8981 1859//8982
f 1858//8983 1860//8984 1919//8985
f 1858//8986 1919//8987 2005//8988
f 1919//8989 1860//8990 1918//8991
f 2005//8992 1919//8993 2006//8994
f 412//8995 475//8996 437//8997
f 475//8998 412//8999 453//9000
f 2286//9001 2073//9002 2072//9003
f 2073//9004 2286//9005 2287//9006
f 2074//9007 2287//9008 2075//9009
f 2287//9010 2074//9011 2073//9012
f 460//9013 443//9014 418//9015
f 443//9016 460//9017 495//9018
f 385//9019 384//9020 357//9021
f 1055//9022 1061//9023 1060//9024
f 1061//9025 1055//9026 1056//9027
f 468//9028 549//9029 493//9030
f 549//9031 468//9032 531//9033
f 640//9034 686//9035 653//9036
f 686//9037 640//9038 814//9039
f 686//9040 814//9041 861//9042
f 861//9043 703//9044 686//9045
f 1270//9046 1182//9047 1210//9048
f 1182//9049 1270//9050 1234//9051
f 759//9052 839//9053 780//9054
f 839//9055 759//9056 792//9057
f 1033//9058 983//9059 984//9060
f 983//9061 1033//9062 1032//9063
f 1032//9064 1030//9065 983//9066
f 1030//9067 1032//9068 1031//9069
f 1024//9070 797//9071 796//9072
f 797//9073 1024//9074 879//9075
f 879//9076 799//9077 798//9078
f 799//9079 879//9080 1027//9081
f 1027//9082 879//9083 1024//9084
f 1027//9085 1024//9086 1025//9087
f 1027//9088 1025//9089 1026//9090
f 1139//9091 1170//9092 1021//9093
f 184//9094 2//9095 1//9096
f 2//9097 184//9098 13//9099
f 13//9100 184//9101 185//9102
f 13//9103 4//9104 3//9105
f 4//9106 13//9107 188//9108
f 188//9109 13//9110 185//9111
f 188//9112 185//9113 186//9114
f 188//9115 186//9116 187//9117
f 51//9118 23//9119 22//9120
f 23//9121 51//9122 167//9123
f 167//9124 51//9125 166//9126
f 46//9127 21//9128 20//9129
f 21//9130 46//9131 51//9132
f 163//9133 19//9134 18//9135
f 19//9136 163//9137 46//9138
f 46//9139 163//9140 51//9141
f 51//9142 163//9143 166//9144
f 166//9145 163//9146 164//9147
f 165//9148 166//9149 164//9150
f 2356//9151 2328//9152 2327//9153
f 2328//9154 2356//9155 2357//9156
f 2439//9157 2379//9158 2380//9159
f 2379//9160 2439//9161 2438//9162
f 409//9163 435//9164 434//9165
f 435//9166 409//9167 410//9168
f 2328//9169 2379//9170 2327//9171
f 2379//9172 2328//9173 2380//9174
f 2328//9175 2439//9176 2380//9177
f 2439//9178 2328//9179 2357//9180
f 604//9181 603//9182 576//9183
f 455//9184 561//9185 462//9186
f 561//9187 455//9188 538//9189
f 191//9190 190//9191 144//9192
f 1108//9193 1166//9194 1115//9195
f 1166//9196 1108//9197 1138//9198
f 578//9199 762//9200 612//9201
f 762//9202 578//9203 713//9204
f 118//9205 68//9206 82//9207
f 68//9208 118//9209 108//9210
f 300//9211 318//9212 319//9213
f 318//9214 300//9215 316//9216
f 902//9217 927//9218 880//9219
f 1794//9220 1662//9221 1661//9222
f 1662//9223 1794//9224 1664//9225
f 1664//9226 1794//9227 1831//9228
f 1831//9229 1794//9230 1830//9231
f 1664//9232 1663//9233 1662//9234
f 1918//9235 2022//9236 2008//9237
f 2022//9238 1918//9239 1941//9240
f 257//9241 297//9242 296//9243
f 297//9244 257//9245 258//9246
f 1278//9247 1277//9248 1237//9249
f 502//9250 304//9251 303//9252
f 304//9253 502//9254 503//9255
f 304//9256 504//9257 505//9258
f 504//9259 304//9260 503//9261
f 822//9262 672//9263 684//9264
f 672//9265 822//9266 789//9267
f 1274//9268 1273//9269 1235//9270
f 1045//9271 1082//9272 1044//9273
f 551//9274 564//9275 550//9276
f 564//9277 571//9278 570//9279
f 571//9280 564//9281 551//9282
f 1176//9283 1183//9284 1257//9285
f 84//9286 208//9287 87//9288
f 208//9289 84//9290 203//9291
f 4//9292 7//9293 3//9294
f 7//9295 4//9296 8//9297
f 1658//9298 1660//9299 1659//9300
f 1660//9301 1658//9302 1657//9303
f 1660//9304 1657//9305 1656//9306
f 1660//9307 1656//9308 1880//9309
f 1880//9310 1656//9311 1879//9312
f 2375//9313 2546//9314 2512//9315
f 2546//9316 2375//9317 2411//9318
f 1657//9319 1714//9320 1712//9321
f 1714//9322 1657//9323 1674//9324
f 1968//9325 1967//9326 1923//9327
f 1981//9328 1979//9329 1980//9330
f 1979//9331 1981//9332 1978//9333
f 1978//9334 1981//9335 2052//9336
f 1978//9337 2052//9338 2051//9339
f 2373//9340 2544//9341 2504//9342
f 2544//9343 2373//9344 2403//9345
f 2253//9346 2192//9347 2188//9348
f 2192//9349 2253//9350 2252//9351
f 2188//9352 2186//9353 2187//9354
f 2186//9355 2188//9356 2250//9357
f 2250//9358 2188//9359 2192//9360
f 2250//9361 2192//9362 2251//9363
f 2117//9364 2123//9365 2116//9366
f 2123//9367 2137//9368 2136//9369
f 2137//9370 2123//9371 2117//9372
f 1441//9373 1408//9374 1407//9375
f 1408//9376 1441//9377 1442//9378
f 1858//9379 1885//9380 1857//9381
f 1983//9382 2013//9383 1982//9384
f 2621//9385 2563//9386 2607//9387
f 2563//9388 2621//9389 2578//9390
f 2095//9391 1970//9392 2054//9393
f 1970//9394 2095//9395 1856//9396
f 1970//9397 1856//9398 1823//9399
f 529//9400 536//9401 608//9402
f 284//9403 156//9404 196//9405
f 156//9406 284//9407 393//9408
f 393//9409 284//9410 425//9411
f 2338//9412 2428//9413 2389//9414
f 2428//9415 2338//9416 2352//9417
f 1972//9418 1971//9419 1924//9420
f 2478//9421 2614//9422 2596//9423
f 2614//9424 2478//9425 2657//9426
f 2657//9427 2478//9428 2517//9429
f 2657//9430 2640//9431 2614//9432
f 1774//9433 1682//9434 1735//9435
f 1682//9436 1774//9437 1698//9438
f 2208//9439 2282//9440 2177//9441
f 278//9442 120//9443 119//9444
f 120//9445 278//9446 279//9447
f 120//9448 280//9449 281//9450
f 280//9451 120//9452 279//9453
f 1034//9454 1035//9455 1033//9456
f 880//9457 848//9458 847//9459
f 848//9460 880//9461 1036//9462
f 1036//9463 880//9464 1035//9465
f 1035//9466 880//9467 1032//9468
f 1035//9469 1032//9470 1033//9471
f 2667//9472 2524//9473 2523//9474
f 2524//9475 2667//9476 2629//9477
f 2629//9478 2667//9479 2668//9480
f 2378//9481 2366//9482 2365//9483
f 2366//9484 2378//9485 2669//9486
f 2669//9487 2378//9488 2525//9489
f 2669//9490 2525//9491 2629//9492
f 2629//9493 2525//9494 2524//9495
f 1520//9496 1548//9497 1519//9498
f 1163//9499 1162//9500 1137//9501
f 237//9502 380//9503 247//9504
f 380//9505 237//9506 345//9507
f 282//9508 313//9509 281//9510
f 1165//9511 1194//9512 1164//9513
f 1212//9514 1225//9515 1224//9516
f 1225//9517 1212//9518 1213//9519
f 99//9520 7//9521 8//9522
f 7//9523 99//9524 29//9525
f 6//9526 98//9527 5//9528
f 98//9529 6//9530 29//9531
f 98//9532 29//9533 99//9534
f 719//9535 632//9536 633//9537
f 632//9538 719//9539 716//9540
f 716//9541 719//9542 718//9543
f 716//9544 718//9545 717//9546
f 124//9547 182//9548 109//9549
f 86//9550 145//9551 85//9552
f 145//9553 86//9554 146//9555
f 1253//9556 1252//9557 1230//9558
f 594//9559 636//9560 635//9561
f 636//9562 594//9563 595//9564
f 708//9565 707//9566 674//9567
f 520//9568 458//9569 459//9570
f 519//9571 518//9572 520//9573
f 441//9574 517//9575 440//9576
f 517//9577 441//9578 458//9579
f 517//9580 458//9581 520//9582
f 517//9583 520//9584 518//9585
f 1140//9586 1174//9587 1103//9588
f 2324//9589 2283//9590 2260//9591
f 2283//9592 2324//9593 2335//9594
f 700//9595 804//9596 745//9597
f 804//9598 700//9599 1091//9600
f 804//9601 1091//9602 1118//9603
f 1118//9604 846//9605 804//9606
f 278//9607 312//9608 277//9609
f 395//9610 255//9611 293//9612
f 255//9613 395//9614 523//9615
f 523//9616 395//9617 546//9618
f 678//9619 587//9620 598//9621
f 587//9622 678//9623 659//9624
f 73//9625 14//9626 92//9627
f 977//9628 1120//9629 996//9630
f 1120//9631 977//9632 1117//9633
f 475//9634 413//9635 438//9636
f 413//9637 475//9638 453//9639
f 1001//9640 892//9641 891//9642
f 892//9643 1001//9644 1002//9645
f 1002//9646 1001//9647 1160//9648
f 1160//9649 1001//9650 1159//9651
f 1159//9652 1001//9653 1157//9654
f 1159//9655 1157//9656 1158//9657
f 469//9658 549//9659 531//9660
f 549//9661 469//9662 494//9663
f 519//9664 520//9665 347//9666
f 347//9667 306//9668 305//9669
f 306//9670 347//9671 348//9672
f 348//9673 347//9674 522//9675
f 522//9676 347//9677 520//9678
f 522//9679 520//9680 521//9681
f 445//9682 495//9683 444//9684
f 495//9685 445//9686 527//9687
f 495//9688 442//9689 443//9690
f 442//9691 495//9692 525//9693
f 525//9694 495//9695 527//9696
f 525//9697 527//9698 526//9699
f 1135//9700 1060//9701 1156//9702
f 288//9703 287//9704 254//9705
f 30//9706 48//9707 47//9708
f 48//9709 30//9710 31//9711
f 729//9712 728//9713 677//9714
f 525//9715 524//9716 483//9717
f 933//9718 969//9719 932//9720
f 187//9721 113//9722 121//9723
f 113//9724 187//9725 143//9726
f 280//9727 279//9728 240//9729
f 618//9730 647//9731 617//9732
f 890//9733 870//9734 889//9735
f 870//9736 890//9737 871//9738
f 1090//9739 1243//9740 1089//9741
f 1243//9742 1090//9743 1226//9744
f 1226//9745 1090//9746 1227//9747
f 1243//9748 1226//9749 1244//9750
f 154//9751 279//9752 195//9753
f 279//9754 154//9755 240//9756
f 923//9757 922//9758 893//9759
f 1052//9760 1051//9761 1004//9762
f 1187//9763 1206//9764 1186//9765
f 1206//9766 1187//9767 1207//9768
f 572//9769 536//9770 529//9771
f 536//9772 572//9773 593//9774
f 877//9775 884//9776 883//9777
f 884//9778 877//9779 878//9780
f 1593//9781 1621//9782 1592//9783
f 1621//9784 1593//9785 1622//9786
f 2224//9787 2230//9788 2223//9789
f 2230//9790 2224//9791 2231//9792
f 2199//9793 2349//9794 2200//9795
f 2349//9796 2199//9797 2348//9798
f 2114//9799 2059//9800 2060//9801
f 2059//9802 2114//9803 2058//9804
f 2058//9805 2114//9806 2113//9807
f 749//9808 566//9809 565//9810
f 566//9811 749//9812 750//9813
f 554//9814 590//9815 569//9816
f 590//9817 764//9818 620//9819
f 764//9820 590//9821 554//9822
f 764//9823 554//9824 721//9825
f 1757//9826 1756//9827 1718//9828
f 406//9829 510//9830 405//9831
f 510//9832 406//9833 512//9834
f 510//9835 512//9836 511//9837
f 662//9838 675//9839 711//9840
f 675//9841 662//9842 651//9843
f 1745//9844 1743//9845 1744//9846
f 1743//9847 1745//9848 1742//9849
f 1742//9850 1745//9851 1790//9852
f 1790//9853 1745//9854 1878//9855
f 1790//9856 1878//9857 1877//9858
f 1790//9859 1875//9860 1742//9861
f 1875//9862 1790//9863 1876//9864
f 805//9865 850//9866 849//9867
f 850//9868 805//9869 806//9870
f 918//9871 917//9872 905//9873
f 1987//9874 1754//9875 1753//9876
f 1754//9877 1987//9878 1755//9879
f 1755//9880 1987//9881 1905//9882
f 1905//9883 1987//9884 1988//9885
f 1755//9886 1990//9887 1756//9888
f 1990//9889 1755//9890 1905//9891
f 1990//9892 1905//9893 1989//9894
f 2647//9895 2617//9896 2586//9897
f 2617//9898 2647//9899 2646//9900
f 2645//9901 2620//9902 2617//9903
f 2620//9904 2645//9905 2644//9906
f 2585//9907 2620//9908 2642//9909
f 2620//9910 2585//9911 2586//9912
f 2620//9913 2586//9914 2617//9915
f 2642//9916 2620//9917 2643//9918
f 1434//9919 1433//9920 1404//9921
f 1181//9922 1200//9923 1261//9924
f 2155//9925 2070//9926 2135//9927
f 1607//9928 1780//9929 1755//9930
f 1780//9931 1840//9932 1833//9933
f 1840//9934 1780//9935 1647//9936
f 1647//9937 1780//9938 1607//9939
f 1568//9940 1709//9941 1689//9942
f 1709//9943 1568//9944 1569//9945
f 67//9946 20//9947 36//9948
f 20//9949 67//9950 46//9951
f 114//9952 190//9953 122//9954
f 190//9955 114//9956 144//9957
f 502//9958 542//9959 501//9960
f 937//9961 970//9962 936//9963
f 601//9964 410//9965 409//9966
f 410//9967 601//9968 448//9969
f 448//9970 601//9971 453//9972
f 453//9973 601//9974 604//9975
f 604//9976 601//9977 603//9978
f 603//9979 601//9980 602//9981
f 453//9982 414//9983 413//9984
f 414//9985 453//9986 605//9987
f 605//9988 453//9989 604//9990
f 448//9991 412//9992 411//9993
f 412//9994 448//9995 453//9996
f 1874//9997 1887//9998 1873//9999
f 1627//10000 1631//10001 1626//10002
f 1631//10003 1627//10004 1632//10005
f 1651//10006 1733//10007 1650//10008
f 1733//10009 1651//10010 1682//10011
f 1682//10012 1651//10013 1652//10014
f 1733//10015 1682//10016 1734//10017
f 1736//10018 1652//10019 1653//10020
f 1652//10021 1736//10022 1682//10023
f 1682//10024 1736//10025 1735//10026
f 2236//10027 2256//10028 2235//10029
f 2256//10030 2236//10031 2257//10032
f 1440//10033 1457//10034 1439//10035
f 1014//10036 1029//10037 982//10038
f 263//10039 262//10040 250//10041
f 1989//10042 1893//10043 1944//10044
f 1893//10045 1989//10046 1905//10047
f 2200//10048 2463//10049 2202//10050
f 2463//10051 2200//10052 2461//10053
f 2461//10054 2200//10055 2349//10056
f 2461//10057 2349//10058 2347//10059
f 967//10060 789//10061 821//10062
f 789//10063 967//10064 925//10065
f 412//10066 436//10067 411//10068
f 436//10069 412//10070 437//10071
f 2675//10072 2611//10073 2670//10074
f 2611//10075 2675//10076 2624//10077
f 109//10078 107//10079 65//10080
f 107//10081 142//10082 66//10083
f 142//10084 107//10085 109//10086
f 142//10087 109//10088 141//10089
f 142//10090 141//10091 282//10092
f 142//10093 282//10094 283//10095
f 142//10096 284//10097 285//10098
f 284//10099 142//10100 283//10101
f 731//10102 771//10103 766//10104
f 771//10105 731//10106 876//10107
f 876//10108 731//10109 871//10110
f 876//10111 871//10112 890//10113
f 1173//10114 911//10115 910//10116
f 911//10117 1173//10118 1175//10119
f 911//10120 1175//10121 1291//10122
f 1175//10123 1173//10124 1174//10125
f 1291//10126 1175//10127 1290//10128
f 992//10129 889//10130 991//10131
f 889//10132 992//10133 890//10134
f 890//10135 784//10136 876//10137
f 784//10138 890//10139 785//10140
f 785//10141 890//10142 992//10143
f 2182//10144 2209//10145 2181//10146
f 815//10147 861//10148 814//10149
f 172//10150 173//10151 63//10152
f 64//10153 10//10154 9//10155
f 10//10156 64//10157 175//10158
f 175//10159 64//10160 63//10161
f 175//10162 63//10163 174//10164
f 174//10165 63//10166 173//10167
f 2605//10168 2618//10169 2604//10170
f 2618//10171 2605//10172 2619//10173
f 1//10174 6//10175 5//10176
f 6//10177 1//10178 2//10179
f 963//10180 1015//10181 984//10182
f 1015//10183 963//10184 1155//10185
f 1015//10186 1155//10187 1192//10188
f 1192//10189 1034//10190 1015//10191
f 1910//10192 1843//10193 1844//10194
f 1843//10195 1910//10196 1842//10197
f 1842//10198 1910//10199 1892//10200
f 1892//10201 1910//10202 1909//10203
f 1842//10204 1907//10205 1841//10206
f 1907//10207 1842//10208 1892//10209
f 1907//10210 1892//10211 1908//10212
f 2617//10213 2662//10214 2645//10215
f 2662//10216 2617//10217 2636//10218
f 467//10219 560//10220 492//10221
f 560//10222 467//10223 533//10224
f 1543//10225 1556//10226 1542//10227
f 1556//10228 1543//10229 1557//10230
f 828//10231 864//10232 827//10233
f 1876//10234 1888//10235 1875//10236
f 1888//10237 1876//10238 1889//10239
f 2572//10240 2621//10241 2607//10242
f 2621//10243 2572//10244 2580//10245
f 1086//10246 1134//10247 1106//10248
f 1134//10249 1284//10250 1154//10251
f 1284//10252 1134//10253 1086//10254
f 1284//10255 1086//10256 1254//10257
f 1747//10258 1791//10259 1746//10260
f 521//10261 351//10262 362//10263
f 351//10264 521//10265 622//10266
f 622//10267 521//10268 648//10269
f 381//10270 380//10271 345//10272
f 11//10273 17//10274 16//10275
f 17//10276 11//10277 12//10278
f 1246//10279 1065//10280 1064//10281
f 1065//10282 1246//10283 1104//10284
f 1104//10285 1246//10286 1109//10287
f 1247//10288 1248//10289 1246//10290
f 1109//10291 1069//10292 1068//10293
f 1069//10294 1109//10295 1249//10296
f 1249//10297 1109//10298 1246//10299
f 1249//10300 1246//10301 1248//10302
f 1104//10303 1067//10304 1066//10305
f 1067//10306 1104//10307 1109//10308
f 48//10309 89//10310 47//10311
f 89//10312 48//10313 90//10314
f 176//10315 211//10316 175//10317
f 1881//10318 1755//10319 1837//10320
f 1755//10321 1881//10322 1648//10323
f 1755//10324 1648//10325 1607//10326
f 1710//10327 1689//10328 1709//10329
f 1689//10330 1710//10331 1690//10332
f 1690//10333 1710//10334 1691//10335
f 2089//10336 2099//10337 2088//10338
f 2099//10339 2089//10340 2100//10341
f 1010//10342 1020//10343 1009//10344
f 1020//10345 1010//10346 1021//10347
f 361//10348 476//10349 367//10350
f 476//10351 361//10352 634//10353
f 476//10354 634//10355 643//10356
f 643//10357 500//10358 476//10359
f 2062//10360 2273//10361 2063//10362
f 2273//10363 2062//10364 2234//10365
f 2273//10366 2234//10367 2272//10368
f 2268//10369 2060//10370 2059//10371
f 2060//10372 2268//10373 2061//10374
f 2061//10375 2268//10376 2062//10377
f 2062//10378 2268//10379 2239//10380
f 2062//10381 2239//10382 2234//10383
f 2239//10384 2268//10385 2269//10386
f 2239//10387 2271//10388 2234//10389
f 2271//10390 2239//10391 2270//10392
f 1843//10393 1842//10394 1820//10395
f 2409//10396 2407//10397 2408//10398
f 2407//10399 2409//10400 2406//10401
f 2406//10402 2409//10403 2442//10404
f 2442//10405 2409//10406 2489//10407
f 2442//10408 2489//10409 2488//10410
f 1005//10411 914//10412 953//10413
f 914//10414 1005//10415 989//10416
f 2503//10417 2501//10418 2502//10419
f 2501//10420 2503//10421 2500//10422
f 2500//10423 2503//10424 2562//10425
f 2562//10426 2503//10427 2628//10428
f 2500//10429 2562//10430 2551//10431
f 2562//10432 2628//10433 2627//10434
f 2562//10435 2625//10436 2551//10437
f 2625//10438 2562//10439 2626//10440
f 1932//10441 1745//10442 1744//10443
f 1745//10444 1932//10445 1747//10446
f 1747//10447 1933//10448 1748//10449
f 1933//10450 1747//10451 1932//10452
f 1747//10453 1746//10454 1745//10455
f 1693//10456 1635//10457 1636//10458
f 1634//10459 1692//10460 1633//10461
f 1692//10462 1634//10463 1635//10464
f 1692//10465 1635//10466 1693//10467
f 1671//10468 1704//10469 1640//10470
f 485//10471 341//10472 340//10473
f 341//10474 485//10475 486//10476
f 2620//10477 2660//10478 2643//10479
f 2660//10480 2620//10481 2641//10482
f 2645//10483 2661//10484 2644//10485
f 2661//10486 2645//10487 2662//10488
f 2497//10489 2552//10490 2496//10491
f 2552//10492 2497//10493 2498//10494
f 2552//10495 2498//10496 2553//10497
f 1397//10498 1394//10499 1396//10500
f 1394//10501 1397//10502 1395//10503
f 1395//10504 1397//10505 1398//10506
f 2341//10507 2177//10508 2176//10509
f 2177//10510 2179//10511 2178//10512
f 2179//10513 2177//10514 2387//10515
f 2387//10516 2177//10517 2341//10518
f 2387//10519 2341//10520 2392//10521
f 2387//10522 2392//10523 2453//10524
f 2453//10525 2392//10526 2452//10527
f 2621//10528 2580//10529 2578//10530
f 2547//10531 2417//10532 2416//10533
f 2417//10534 2547//10535 2418//10536
f 2418//10537 2547//10538 2548//10539
f 2548//10540 2547//10541 2580//10542
f 2548//10543 2580//10544 2622//10545
f 2580//10546 2547//10547 2578//10548
f 2548//10549 2419//10550 2418//10551
f 1613//10552 1512//10553 1584//10554
f 1512//10555 1613//10556 1442//10557
f 1442//10558 1613//10559 1408//10560
f 2050//10561 2056//10562 2049//10563
f 2056//10564 2050//10565 2057//10566
f 1976//10567 1974//10568 1975//10569
f 1974//10570 1976//10571 1977//10572
f 1974//10573 1977//10574 2023//10575
f 2023//10576 1977//10577 2024//10578
f 2161//10579 2203//10580 2160//10581
f 2167//10582 2166//10583 2143//10584
f 487//10585 486//10586 485//10587
f 486//10588 487//10589 488//10590
f 2123//10591 2214//10592 2191//10593
f 2214//10594 2123//10595 2136//10596
f 1492//10597 1671//10598 1641//10599
f 1671//10600 1725//10601 1704//10602
f 1725//10603 1671//10604 1517//10605
f 1517//10606 1671//10607 1492//10608
f 486//10609 488//10610 341//10611
f 225//10612 488//10613 227//10614
f 488//10615 225//10616 341//10617
f 341//10618 225//10619 339//10620
f 1637//10621 1670//10622 1636//10623
f 1681//10624 1724//10625 1697//10626
f 1724//10627 1681//10628 1703//10629
f 319//10630 243//10631 244//10632
f 243//10633 319//10634 317//10635
f 317//10636 319//10637 399//10638
f 388//10639 319//10640 318//10641
f 319//10642 388//10643 387//10644
f 319//10645 387//10646 399//10647
f 386//10648 399//10649 387//10650
f 1004//10651 1196//10652 1052//10653
f 1196//10654 1004//10655 1172//10656
f 2623//10657 2475//10658 2589//10659
f 2475//10660 2623//10661 2506//10662
f 96//10663 24//10664 40//10665
f 24//10666 96//10667 212//10668
f 24//10669 212//10670 180//10671
f 974//10672 887//10673 900//10674
f 887//10675 974//10676 950//10677
f 515//10678 545//10679 514//10680
f 1887//10681 1949//10682 1873//10683
f 2245//10684 2270//10685 2244//10686
f 2270//10687 2245//10688 2271//10689
f 1479//10690 1408//10691 1409//10692
f 1408//10693 1479//10694 1449//10695
f 1449//10696 1479//10697 1478//10698
f 1408//10699 1469//10700 1407//10701
f 1469//10702 1408//10703 1449//10704
f 1439//10705 1501//10706 1481//10707
f 1501//10708 1439//10709 1457//10710
f 2217//10711 2269//10712 2243//10713
f 2269//10714 2217//10715 2239//10716
f 2013//10717 1871//10718 1870//10719
f 1871//10720 2013//10721 1872//10722
f 1872//10723 2013//10724 2048//10725
f 2048//10726 2013//10727 2047//10728
f 2369//10729 2387//10730 2368//10731
f 2387//10732 2369//10733 2371//10734
f 1625//10735 1523//10736 1524//10737
f 1523//10738 1624//10739 1522//10740
f 1624//10741 1523//10742 1625//10743
f 1961//10744 1998//10745 1960//10746
f 168//10747 209//10748 167//10749
f 2203//10750 2321//10751 2160//10752
f 1736//10753 1774//10754 1735//10755
f 1774//10756 1736//10757 1775//10758
f 1801//10759 1713//10760 1788//10761
f 1713//10762 1801//10763 1737//10764
f 1949//10765 1872//10766 1873//10767
f 1872//10768 1949//10769 1894//10770
f 1894//10771 1949//10772 1948//10773
f 1871//10774 1894//10775 1946//10776
f 1894//10777 1871//10778 1872//10779
f 1946//10780 1894//10781 1947//10782
f 2270//10783 2217//10784 2244//10785
f 2217//10786 2270//10787 2239//10788
f 2408//10789 2407//10790 2374//10791
f 1749//10792 1748//10793 1716//10794
f 2001//10795 2052//10796 1981//10797
f 2101//10798 2009//10799 2090//10800
f 2009//10801 2101//10802 2028//10803
f 1966//10804 2011//10805 1965//10806
f 2119//10807 2133//10808 2118//10809
f 2133//10810 2119//10811 2134//10812
f 2294//10813 2293//10814 2262//10815
f 2595//10816 2640//10817 2631//10818
f 2640//10819 2595//10820 2614//10821
f 1712//10822 1656//10823 1657//10824
f 1656//10825 1712//10826 1711//10827
f 1789//10828 1713//10829 1711//10830
f 1713//10831 1789//10832 1788//10833
f 1655//10834 1786//10835 1654//10836
f 1786//10837 1655//10838 1713//10839
f 1713//10840 1655//10841 1656//10842
f 1713//10843 1656//10844 1711//10845
f 1786//10846 1713//10847 1787//10848
f 1995//10849 1868//10850 1953//10851
f 1868//10852 1995//10853 1765//10854
f 1868//10855 1765//10856 1720//10857
f 946//10858 972//10859 945//10860
f 2416//10861 2415//10862 2376//10863
f 1643//10864 1642//10865 1606//10866
f 2109//10867 1979//10868 1978//10869
f 2218//10870 1977//10871 1976//10872
f 1977//10873 2218//10874 1978//10875
f 1978//10876 2218//10877 2154//10878
f 1978//10879 2154//10880 2109//10881
f 2219//10882 2156//10883 2154//10884
f 2109//10885 2156//10886 2220//10887
f 2156//10888 2109//10889 2154//10890
f 1708//10891 1661//10892 1662//10893
f 1661//10894 1708//10895 1660//10896
f 1660//10897 1707//10898 1659//10899
f 1707//10900 1660//10901 1708//10902
f 2404//10903 2403//10904 2373//10905
f 1586//10906 1616//10907 1615//10908
f 1616//10909 1586//10910 1587//10911
f 1516//10912 1547//10913 1515//10914
f 1913//10915 1935//10916 1934//10917
f 1935//10918 1913//10919 1914//10920
f 1741//10921 1812//10922 1740//10923
f 1812//10924 1741//10925 1813//10926
f 1639//10927 1638//10928 1605//10929
f 2293//10930 2292//10931 2291//10932
f 2537//10933 2291//10934 2290//10935
f 2291//10936 2537//10937 2293//10938
f 2293//10939 2537//10940 2464//10941
f 2464//10942 2537//10943 2538//10944
f 2464//10945 2540//10946 2293//10947
f 2540//10948 2464//10949 2539//10950
f 2304//10951 2302//10952 2303//10953
f 2302//10954 2304//10955 2391//10956
f 2302//10957 2391//10958 2338//10959
f 2338//10960 2391//10961 2390//10962
f 2302//10963 2388//10964 2301//10965
f 2388//10966 2302//10967 2338//10968
f 2388//10969 2338//10970 2389//10971
f 2317//10972 2316//10973 2267//10974
f 2425//10975 2424//10976 2378//10977
f 21//10978 70//10979 37//10980
f 70//10981 21//10982 51//10983
f 2138//10984 2219//10985 2194//10986
f 2219//10987 2138//10988 2156//10989
f 1943//10990 1987//10991 1942//10992
f 1987//10993 1943//10994 1988//10995
f 1692//10996 1700//10997 1699//10998
f 1700//10999 1692//11000 1693//11001
f 1784//11002 1795//11003 1783//11004
f 1795//11005 1784//11006 1796//11007
f 2006//11008 2019//11009 2005//11010
f 2019//11011 2006//11012 2020//11013
f 2634//11014 2562//11015 2627//11016
f 2562//11017 2634//11018 2575//11019
f 2263//11020 2447//11021 2406//11022
f 2447//11023 2263//11024 2298//11025
f 2081//11026 2220//11027 2195//11028
f 2220//11029 2081//11030 2109//11031
f 189//11032 214//11033 188//11034
f 1822//11035 2011//11036 1966//11037
f 2011//11038 1822//11039 1851//11040
f 804//11041 845//11042 745//11043
f 1662//11044 1729//11045 1708//11046
f 1729//11047 1662//11048 1686//11049
f 2251//11050 2276//11051 2250//11052
f 2276//11053 2251//11054 2277//11055
f 1974//11056 2012//11057 1973//11058
f 2410//11059 2546//11060 2411//11061
f 2546//11062 2410//11063 2409//11064
f 2579//11065 2409//11066 2408//11067
f 2409//11068 2579//11069 2546//11070
f 2546//11071 2579//11072 2570//11073
f 2570//11074 2579//11075 2619//11076
f 2619//11077 2579//11078 2618//11079
f 2571//11080 2546//11081 2570//11082
f 2365//11083 2344//11084 2345//11085
f 2344//11086 2365//11087 2364//11088
f 1449//11089 1486//11090 1469//11091
f 1486//11092 1449//11093 1470//11094
f 1431//11095 1448//11096 1430//11097
f 1491//11098 1670//11099 1637//11100
f 1670//11101 1491//11102 1700//11103
f 1700//11104 1491//11105 1513//11106
f 1700//11107 1693//11108 1670//11109
f 1629//11110 1549//11111 1624//11112
f 1549//11113 1629//11114 1562//11115
f 1403//11116 1552//11117 1533//11118
f 1552//11119 1403//11120 1602//11121
f 1602//11122 1403//11123 1428//11124
f 1602//11125 1582//11126 1552//11127
f 2186//11128 2210//11129 2185//11130
f 2130//11131 2147//11132 2129//11133
f 2147//11134 2130//11135 2148//11136
f 2480//11137 2289//11138 2288//11139
f 2289//11140 2480//11141 2481//11142
f 2087//11143 2111//11144 2086//11145
f 1871//11146 1869//11147 1870//11148
f 1869//11149 1871//11150 1954//11151
f 1869//11152 1953//11153 1868//11154
f 1953//11155 1869//11156 1954//11157
f 2038//11158 2203//11159 2161//11160
f 2203//11161 2326//11162 2321//11163
f 2326//11164 2203//11165 2053//11166
f 2053//11167 2203//11168 2038//11169
f 1426//11170 1424//11171 1425//11172
f 1424//11173 1426//11174 1423//11175
f 1423//11176 1426//11177 1487//11178
f 1487//11179 1426//11180 1467//11181
f 1467//11182 1426//11183 1468//11184
f 1487//11185 1467//11186 1543//11187
f 1487//11188 1543//11189 1542//11190
f 2150//11191 2066//11192 2094//11193
f 2068//11194 2066//11195 2067//11196
f 2066//11197 2068//11198 2069//11199
f 2066//11200 2069//11201 2094//11202
f 2094//11203 2069//11204 2151//11205
f 2053//11206 2059//11207 2058//11208
f 2059//11209 2053//11210 2038//11211
f 2628//11212 2634//11213 2627//11214
f 2634//11215 2628//11216 2635//11217
f 2064//11218 2062//11219 2063//11220
f 2062//11221 2064//11222 2065//11223
f 2062//11224 2065//11225 2126//11226
f 2126//11227 2065//11228 2226//11229
f 2062//11230 2126//11231 2112//11232
f 2126//11233 2226//11234 2225//11235
f 2126//11236 2223//11237 2112//11238
f 2223//11239 2126//11240 2224//11241
f 2207//11242 2280//11243 2173//11244
f 2361//11245 2383//11246 2360//11247
f 2383//11248 2361//11249 2384//11250
f 1728//11251 1659//11252 1707//11253
f 1659//11254 1728//11255 1685//11256
f 2315//11257 2343//11258 2314//11259
f 688//11260 715//11261 638//11262
f 2558//11263 2567//11264 2557//11265
f 2567//11266 2558//11267 2568//11268
f 238//11269 230//11270 268//11271
f 230//11272 238//11273 215//11274
f 988//11275 1013//11276 995//11277
f 1013//11278 1190//11279 1026//11280
f 1190//11281 1013//11282 988//11283
f 1190//11284 988//11285 1147//11286
f 491//11287 566//11288 490//11289
f 566//11290 491//11291 567//11292
f 640//11293 652//11294 639//11295
f 652//11296 640//11297 653//11298
f 1991//11299 1871//11300 1946//11301
f 1871//11302 1991//11303 1770//11304
f 1871//11305 1770//11306 1721//11307
f 12//11308 75//11309 17//11310
f 75//11311 12//11312 179//11313
f 75//11314 179//11315 212//11316
f 212//11317 96//11318 75//11319
f 606//11320 429//11321 428//11322
f 429//11323 606//11324 607//11325
f 429//11326 608//11327 609//11328
f 608//11329 429//11330 607//11331
f 673//11332 684//11333 672//11334
f 684//11335 673//11336 685//11337
f 2631//11338 2639//11339 2630//11340
f 2639//11341 2631//11342 2657//11343
f 2657//11344 2631//11345 2640//11346
f 2657//11347 2656//11348 2639//11349
f 1771//11350 1831//11351 1815//11352
f 1831//11353 1771//11354 1597//11355
f 1831//11356 1597//11357 1664//11358
f 1664//11359 1597//11360 1461//11361
f 1664//11362 1461//11363 1483//11364
f 349//11365 259//11366 298//11367
f 259//11368 349//11369 335//11370
f 475//11371 436//11372 437//11373
f 436//11374 475//11375 470//11376
f 439//11377 475//11378 438//11379
f 475//11380 439//11381 503//11382
f 502//11383 501//11384 503//11385
f 470//11386 434//11387 435//11388
f 434//11389 470//11390 500//11391
f 500//11392 470//11393 475//11394
f 500//11395 475//11396 503//11397
f 500//11398 503//11399 501//11400
f 276//11401 153//11402 194//11403
f 153//11404 276//11405 383//11406
f 383//11407 276//11408 423//11409
f 87//11410 18//11411 34//11412
f 18//11413 87//11414 208//11415
f 18//11416 208//11417 163//11418
f 2230//11419 2112//11420 2223//11421
f 2112//11422 2230//11423 2128//11424
f 1835//11425 1879//11426 1834//11427
f 1879//11428 1835//11429 1880//11430
f 225//11431 226//11432 224//11433
f 226//11434 225//11435 227//11436
f 1481//11437 1500//11438 1480//11439
f 1500//11440 1481//11441 1501//11442
f 1171//11443 1072//11444 1100//11445
f 1072//11446 1171//11447 1288//11448
f 1072//11449 1288//11450 1272//11451
f 165//11452 164//11453 151//11454
f 1932//11455 1845//11456 1911//11457
f 1845//11458 1932//11459 1715//11460
f 1715//11461 1932//11462 1744//11463
f 346//11464 295//11465 317//11466
f 400//11467 406//11468 405//11469
f 406//11470 400//11471 401//11472
f 669//11473 639//11474 652//11475
f 639//11476 669//11477 656//11478
f 1553//11479 1669//11480 1536//11481
f 2502//11482 2501//11483 2474//11484
f 2383//11485 2292//11486 2360//11487
f 2292//11488 2383//11489 2142//11490
f 2142//11491 2383//11492 2163//11493
f 142//11494 314//11495 186//11496
f 314//11497 142//11498 285//11499
f 2429//11500 2338//11501 2390//11502
f 2338//11503 2429//11504 2352//11505
f 300//11506 358//11507 316//11508
f 358//11509 300//11510 518//11511
f 358//11512 518//11513 541//11514
f 541//11515 389//11516 358//11517
f 2215//11518 2103//11519 2152//11520
f 2103//11521 2215//11522 2139//11523
f 2104//11524 2152//11525 2103//11526
f 2152//11527 2104//11528 2153//11529
f 2139//11530 2104//11531 2103//11532
f 2104//11533 2139//11534 2140//11535
f 1702//11536 1722//11537 1701//11538
f 1722//11539 1702//11540 1723//11541
f 767//11542 833//11543 769//11544
f 833//11545 767//11546 803//11547
f 1065//11548 1129//11549 1093//11550
f 1129//11551 1065//11552 1104//11553
f 1152//11554 1191//11555 1151//11556
f 1825//11557 2000//11558 1978//11559
f 2000//11560 1825//11561 2030//11562
f 2030//11563 1825//11564 1827//11565
f 2030//11566 1827//11567 1865//11568
f 2030//11569 2024//11570 2000//11571
f 2417//11572 2415//11573 2416//11574
f 2415//11575 2417//11576 2414//11577
f 2414//11578 2417//11579 2455//11580
f 2414//11581 2455//11582 2454//11583
f 2110//11584 1981//11585 1980//11586
f 1981//11587 2110//11588 1982//11589
f 1982//11590 1984//11591 1983//11592
f 1984//11593 1982//11594 2111//11595
f 2111//11596 1982//11597 2110//11598
f 2111//11599 2110//11600 2147//11601
f 2111//11602 2147//11603 2148//11604
f 1862//11605 1886//11606 1861//11607
f 346//11608 399//11609 385//11610
f 2300//11611 2451//11612 2441//11613
f 2451//11614 2300//11615 2340//11616
f 2181//11617 2179//11618 2180//11619
f 2179//11620 2181//11621 2178//11622
f 2178//11623 2181//11624 2248//11625
f 2248//11626 2181//11627 2228//11628
f 2228//11629 2181//11630 2229//11631
f 2248//11632 2228//11633 2249//11634
f 585//11635 597//11636 596//11637
f 597//11638 585//11639 586//11640
f 450//11641 504//11642 449//11643
f 504//11644 450//11645 507//11646
f 504//11647 507//11648 505//11649
f 505//11650 507//11651 506//11652
f 787//11653 670//11654 736//11655
f 670//11656 787//11657 747//11658
f 1885//11659 1945//11660 1857//11661
f 397//11662 396//11663 398//11664
f 398//11665 293//11666 294//11667
f 293//11668 398//11669 396//11670
f 293//11671 396//11672 395//11673
f 1732//11674 1534//11675 1533//11676
f 1799//11677 1532//11678 1531//11679
f 1532//11680 1799//11681 1533//11682
f 1533//11683 1799//11684 1737//11685
f 1533//11686 1737//11687 1732//11688
f 1737//11689 1799//11690 1800//11691
f 1737//11692 1802//11693 1732//11694
f 1802//11695 1737//11696 1801//11697
f 787//11698 748//11699 747//11700
f 748//11701 787//11702 788//11703
f 1561//11704 1400//11705 1520//11706
f 1400//11707 1561//11708 1417//11709
f 2299//11710 2298//11711 2263//11712
f 2178//11713 2208//11714 2177//11715
f 737//11716 787//11717 736//11718
f 787//11719 737//11720 788//11721
f 700//11722 744//11723 699//11724
f 744//11725 700//11726 745//11727
f 1719//11728 1886//11729 1862//11730
f 1886//11731 1941//11732 1920//11733
f 1941//11734 1886//11735 1760//11736
f 1760//11737 1886//11738 1719//11739
f 245//11740 272//11741 228//11742
f 671//11743 788//11744 737//11745
f 788//11746 671//11747 748//11748
f 2235//11749 2039//11750 2165//11751
f 2039//11752 2235//11753 2256//11754
f 2039//11755 2256//11756 2064//11757
f 545//11758 346//11759 385//11760
f 346//11761 545//11762 515//11763
f 1790//11764 1889//11765 1876//11766
f 1889//11767 1790//11768 1808//11769
f 151//11770 164//11771 135//11772
f 1884//11773 1912//11774 1848//11775
f 840//11776 839//11777 792//11778
f 2216//11779 2152//11780 2153//11781
f 2152//11782 2216//11783 2215//11784
f 2255//11785 2240//11786 2254//11787
f 2240//11788 2255//11789 2241//11790
f 1659//11791 1685//11792 1658//11793
f 1821//11794 1998//11795 1961//11796
f 1998//11797 2102//11798 2091//11799
f 2102//11800 1998//11801 1846//11802
f 1846//11803 1998//11804 1821//11805
f 2076//11806 2075//11807 2042//11808
f 2682//11809 2658//11810 2597//11811
f 2658//11812 2682//11813 2681//11814
f 2597//11815 2679//11816 2596//11817
f 2679//11818 2597//11819 2658//11820
f 2679//11821 2658//11822 2680//11823
f 2126//11824 2231//11825 2224//11826
f 2231//11827 2126//11828 2149//11829
f 1493//11830 1672//11831 1645//11832
f 1672//11833 1727//11834 1706//11835
f 1727//11836 1672//11837 1521//11838
f 1521//11839 1672//11840 1493//11841
f 2157//11842 1922//11843 2066//11844
f 1922//11845 2157//11846 1964//11847
f 2104//11848 2216//11849 2153//11850
f 2216//11851 2104//11852 2140//11853
f 737//11854 670//11855 671//11856
f 670//11857 737//11858 736//11859
f 66//11860 115//11861 107//11862
f 115//11863 66//11864 80//11865
f 517//11866 516//11867 481//11868
f 221//11869 233//11870 232//11871
f 233//11872 221//11873 222//11874
f 1408//11875 1410//11876 1409//11877
f 1410//11878 1408//11879 1613//11880
f 1410//11881 1613//11882 1411//11883
f 1411//11884 1613//11885 1583//11886
f 1411//11887 1583//11888 1578//11889
f 1583//11890 1613//11891 1614//11892
f 1583//11893 1616//11894 1578//11895
f 1616//11896 1583//11897 1615//11898
f 1578//11899 1618//11900 1411//11901
f 1618//11902 1578//11903 1617//11904
f 826//11905 693//11906 738//11907
f 693//11908 826//11909 929//11910
f 929//11911 826//11912 968//11913
f 372//11914 371//11915 355//11916
f 674//11917 661//11918 708//11919
f 661//11920 674//11921 650//11922
f 2309//11923 2332//11924 2308//11925
f 2661//11926 2620//11927 2644//11928
f 2620//11929 2661//11930 2641//11931
f 452//11932 520//11933 459//11934
f 520//11935 452//11936 482//11937
f 1045//11938 808//11939 807//11940
f 808//11941 1045//11942 1049//11943
f 1049//11944 1045//11945 1046//11946
f 1049//11947 1046//11948 1047//11949
f 1049//11950 1047//11951 1048//11952
f 807//11953 853//11954 852//11955
f 853//11956 807//11957 808//11958
f 187//11959 186//11960 143//11961
f 925//11962 967//11963 924//11964
f 1214//11965 1219//11966 1145//11967
f 1116//11968 1101//11969 1073//11970
f 1101//11971 1116//11972 1143//11973
f 897//11974 798//11975 811//11976
f 798//11977 897//11978 879//11979
f 346//11980 317//11981 399//11982
f 997//11983 977//11984 996//11985
f 977//11986 997//11987 978//11988
f 978//11989 997//11990 998//11991
f 560//11992 468//11993 493//11994
f 468//11995 560//11996 533//11997
f 422//11998 228//11999 272//12000
f 228//12001 422//12002 379//12003
f 205//12004 250//12005 218//12006
f 250//12007 205//12008 369//12009
f 250//12010 369//12011 420//12012
f 420//12013 263//12014 250//12015
f 731//12016 730//12017 732//12018
f 732//12019 654//12020 655//12021
f 654//12022 732//12023 730//12024
f 654//12025 730//12026 729//12027
f 563//12028 589//12029 574//12030
f 589//12031 760//12032 603//12033
f 760//12034 589//12035 563//12036
f 760//12037 563//12038 704//12039
f 1806//12040 1818//12041 1805//12042
f 1818//12043 1806//12044 1819//12045
f 2665//12046 2594//12047 2648//12048
f 2594//12049 2665//12050 2477//12051
f 2477//12052 2665//12053 2514//12054
f 666//12055 768//12056 680//12057
f 768//12058 666//12059 735//12060
f 1863//12061 1897//12062 1862//12063
f 1132//12064 1068//12065 1096//12066
f 1068//12067 1132//12068 1109//12069
f 141//12070 109//12071 182//12072
f 271//12073 230//12074 231//12075
f 230//12076 271//12077 268//12078
f 268//12079 271//12080 270//12081
f 268//12082 270//12083 269//12084
f 706//12085 598//12086 599//12087
f 598//12088 706//12089 678//12090
f 678//12091 596//12092 597//12093
f 596//12094 678//12095 703//12096
f 703//12097 678//12098 706//12099
f 703//12100 706//12101 704//12102
f 704//12103 706//12104 705//12105
f 426//12106 241//12107 288//12108
f 241//12109 426//12110 397//12111
f 1255//12112 1284//12113 1254//12114
f 799//12115 811//12116 798//12117
f 811//12118 799//12119 812//12120
f 74//12121 93//12122 15//12123
f 1673//12124 1736//12125 1653//12126
f 2086//12127 2148//12128 2130//12129
f 2148//12130 2086//12131 2111//12132
f 2559//12133 2619//12134 2605//12135
f 2619//12136 2559//12137 2570//12138
f 1649//12139 1647//12140 1648//12141
f 1647//12142 1649//12143 1646//12144
f 1646//12145 1649//12146 1784//12147
f 1646//12148 1784//12149 1783//12150
f 163//12151 203//12152 162//12153
f 203//12154 163//12155 208//12156
f 658//12157 689//12158 664//12159
f 689//12160 866//12161 724//12162
f 866//12163 689//12164 658//12165
f 866//12166 658//12167 860//12168
f 860//12169 658//12170 837//12171
f 174//12172 173//12173 139//12174
f 235//12175 243//12176 234//12177
f 243//12178 235//12179 244//12180
f 716//12181 591//12182 632//12183
f 591//12184 716//12185 828//12186
f 828//12187 716//12188 864//12189
f 800//12190 816//12191 776//12192
f 1054//12193 1205//12194 1053//12195
f 1205//12196 1054//12197 1293//12198
f 1205//12199 1293//12200 1204//12201
f 1204//12202 1293//12203 1292//12204
f 313//12205 141//12206 182//12207
f 141//12208 313//12209 282//12210
f 1240//12211 1251//12212 1225//12213
f 1083//12214 896//12215 943//12216
f 896//12217 1083//12218 1050//12219
f 58//12220 43//12221 27//12222
f 43//12223 58//12224 81//12225
f 457//12226 607//12227 464//12228
f 607//12229 457//12230 577//12231
f 916//12232 753//12233 752//12234
f 753//12235 916//12236 783//12237
f 783//12238 916//12239 917//12240
f 783//12241 755//12242 754//12243
f 755//12244 783//12245 919//12246
f 919//12247 783//12248 918//12249
f 918//12250 783//12251 917//12252
f 553//12253 569//12254 568//12255
f 569//12256 553//12257 554//12258
f 2663//12259 2617//12260 2646//12261
f 2617//12262 2663//12263 2636//12264
f 189//12265 27//12266 26//12267
f 27//12268 189//12269 58//12270
f 58//12271 189//12272 190//12273
f 58//12274 323//12275 28//12276
f 323//12277 58//12278 191//12279
f 191//12280 58//12281 190//12282
f 323//12283 191//12284 315//12285
f 323//12286 315//12287 322//12288
f 184//12289 183//12290 185//12291
f 185//12292 115//12293 80//12294
f 115//12295 185//12296 124//12297
f 124//12298 185//12299 183//12300
f 124//12301 183//12302 182//12303
f 124//12304 79//12305 115//12306
f 94//12307 11//12308 16//12309
f 11//12310 94//12311 211//12312
f 11//12313 211//12314 176//12315
f 580//12316 765//12317 624//12318
f 765//12319 580//12320 725//12321
f 592//12322 719//12323 633//12324
f 719//12325 592//12326 676//12327
f 2436//12328 2455//12329 2417//12330
f 2560//12331 2396//12332 2395//12333
f 2396//12334 2560//12335 2561//12336
f 2397//12337 2561//12338 2398//12339
f 2561//12340 2397//12341 2396//12342
f 2519//12343 2517//12344 2518//12345
f 2517//12346 2563//12347 2516//12348
f 2563//12349 2517//12350 2519//12351
f 2563//12352 2519//12353 2572//12354
f 2572//12355 2519//12356 2608//12357
f 2607//12358 2563//12359 2572//12360
f 1685//12361 1496//12362 1658//12363
f 1496//12364 1685//12365 1535//12366
f 1047//12367 1046//12368 1017//12369
f 835//12370 834//12371 791//12372
f 1559//12373 1509//12374 1505//12375
f 1454//12376 1371//12377 1370//12378
f 1371//12379 1454//12380 1455//12381
f 1455//12382 1454//12383 1509//12384
f 1455//12385 1509//12386 1560//12387
f 1509//12388 1454//12389 1505//12390
f 2040//12391 2205//12392 2169//12393
f 2205//12394 2040//12395 2257//12396
f 2257//12397 2040//12398 2067//12399
f 2257//12400 2236//12401 2205//12402
f 620//12403 619//12404 590//12405
f 1213//12406 1240//12407 1225//12408
f 1240//12409 1326//12410 1252//12411
f 1326//12412 1240//12413 1213//12414
f 1326//12415 1213//12416 1312//12417
f 1514//12418 1513//12419 1491//12420
f 2191//12421 2213//12422 2190//12423
f 2213//12424 2191//12425 2214//12426
f 1039//12427 1038//12428 1002//12429
f 1665//12430 1777//12431 1739//12432
f 1777//12433 1665//12434 1398//12435
f 1398//12436 1665//12437 1395//12438
f 100//12439 26//12440 42//12441
f 26//12442 100//12443 214//12444
f 26//12445 214//12446 189//12447
f 1527//12448 1526//12449 1494//12450
f 842//12451 867//12452 841//12453
f 1484//12454 1369//12455 1368//12456
f 1369//12457 1484//12458 1485//12459
f 1422//12460 1420//12461 1421//12462
f 1420//12463 1422//12464 1445//12465
f 1445//12466 1422//12467 1504//12468
f 1420//12469 1503//12470 1419//12471
f 1503//12472 1420//12473 1445//12474
f 1754//12475 1752//12476 1753//12477
f 1752//12478 1754//12479 1751//12480
f 1751//12481 1754//12482 1833//12483
f 1751//12484 1833//12485 1785//12486
f 1785//12487 1833//12488 1832//12489
f 2325//12490 2335//12491 2324//12492
f 2335//12493 2325//12494 2336//12495
f 311//12496 108//12497 174//12498
f 108//12499 311//12500 274//12501
f 929//12502 694//12503 693//12504
f 694//12505 929//12506 781//12507
f 781//12508 929//12509 930//12510
f 781//12511 930//12512 931//12513
f 781//12514 696//12515 695//12516
f 696//12517 781//12518 932//12519
f 932//12520 781//12521 931//12522
f 1354//12523 1345//12524 1356//12525
f 1203//12526 1241//12527 1216//12528
f 1241//12529 1330//12530 1269//12531
f 1330//12532 1241//12533 1203//12534
f 1330//12535 1203//12536 1320//12537
f 1581//12538 1620//12539 1591//12540
f 1620//12541 1581//12542 1601//12543
f 2658//12544 2684//12545 2680//12546
f 2684//12547 2658//12548 2674//12549
f 1982//12550 2001//12551 1981//12552
f 2011//12553 2026//12554 1965//12555
f 2026//12556 2011//12557 2037//12558
f 184//12559 213//12560 183//12561
f 1319//12562 1203//12563 1202//12564
f 1203//12565 1319//12566 1320//12567
f 1199//12568 1214//12569 1198//12570
f 1214//12571 1220//12572 1219//12573
f 1220//12574 1214//12575 1199//12576
f 1474//12577 1361//12578 1360//12579
f 1361//12580 1474//12581 1475//12582
f 2577//12583 2554//12584 2532//12585
f 2554//12586 2577//12587 2584//12588
f 1847//12589 1846//12590 1821//12591
f 272//12592 271//12593 239//12594
f 1510//12595 1376//12596 1419//12597
f 1376//12598 1510//12599 1364//12600
f 1903//12601 1937//12602 1902//12603
f 1937//12604 1903//12605 1938//12606
f 1973//12607 2096//12608 2055//12609
f 2096//12610 1973//12611 2012//12612
f 2286//12613 2174//12614 2281//12615
f 2174//12616 2286//12617 2041//12618
f 2041//12619 2286//12620 2072//12621
f 2547//12622 2516//12623 2578//12624
f 404//12625 363//12626 352//12627
f 363//12628 404//12629 427//12630
f 1304//12631 1309//12632 1303//12633
f 1309//12634 1304//12635 1310//12636
f 1310//12637 1304//12638 1325//12639
f 1325//12640 1304//12641 1311//12642
f 1311//12643 1304//12644 1312//12645
f 1312//12646 1304//12647 1307//12648
f 1312//12649 1307//12650 1313//12651
f 1312//12652 1313//12653 1326//12654
f 1313//12655 1307//12656 1314//12657
f 1314//12658 1307//12659 1315//12660
f 1314//12661 1315//12662 1327//12663
f 1315//12664 1307//12665 1316//12666
f 1316//12667 1307//12668 1317//12669
f 1316//12670 1317//12671 1328//12672
f 1317//12673 1307//12674 1318//12675
f 1318//12676 1307//12677 1305//12678
f 1318//12679 1305//12680 1319//12681
f 1318//12682 1319//12683 1329//12684
f 1319//12685 1305//12686 1320//12687
f 1320//12688 1305//12689 1321//12690
f 1320//12691 1321//12692 1330//12693
f 1321//12694 1305//12695 1322//12696
f 1322//12697 1305//12698 1306//12699
f 1322//12700 1306//12701 1323//12702
f 1322//12703 1323//12704 1331//12705
f 1323//12706 1306//12707 1324//12708
f 1324//12709 1306//12710 1333//12711
f 1333//12712 1334//12713 1332//12714
f 1334//12715 1333//12716 1335//12717
f 1335//12718 1333//12719 1306//12720
f 1335//12721 1306//12722 1308//12723
f 1412//12724 1411//12725 1399//12726
f 1980//12727 1979//12728 1926//12729
f 2000//12730 2024//12731 1977//12732
f 794//12733 699//12734 744//12735
f 699//12736 794//12737 782//12738
f 2260//12739 2334//12740 2323//12741
f 2334//12742 2260//12743 2283//12744
f 910//12745 949//12746 948//12747
f 949//12748 910//12749 911//12750
f 2445//12751 2538//12752 2527//12753
f 2538//12754 2445//12755 2464//12756
f 1691//12757 1695//12758 1690//12759
f 1695//12760 1691//12761 1696//12762
f 2221//12763 2040//12764 2169//12765
f 2040//12766 2221//12767 2068//12768
f 2435//12769 2489//12770 2409//12771
f 1527//12772 1525//12773 1526//12774
f 1525//12775 1527//12776 1528//12777
f 1525//12778 1528//12779 1626//12780
f 1626//12781 1528//12782 1627//12783
f 1934//12784 1863//12785 1913//12786
f 1863//12787 1934//12788 1897//12789
f 1326//12790 1230//12791 1252//12792
f 1230//12793 1326//12794 1313//12795
f 1450//12796 1375//12797 1414//12798
f 1375//12799 1450//12800 1362//12801
f 2305//12802 2331//12803 2304//12804
f 2110//12805 1926//12806 2082//12807
f 1926//12808 2110//12809 1980//12810
f 1617//12811 1555//12812 1588//12813
f 1555//12814 1617//12815 1578//12816
f 540//12817 628//12818 558//12819
f 628//12820 540//12821 582//12822
f 1181//12823 1131//12824 1130//12825
f 1131//12826 1181//12827 1198//12828
f 1198//12829 1181//12830 1317//12831
f 1198//12832 1317//12833 1199//12834
f 1199//12835 1317//12836 1233//12837
f 1233//12838 1317//12839 1318//12840
f 2639//12841 2649//12842 2630//12843
f 204//12844 369//12845 205//12846
f 369//12847 204//12848 368//12849
f 793//12850 695//12851 740//12852
f 695//12853 793//12854 781//12855
f 1717//12856 1896//12857 1854//12858
f 1896//12859 1717//12860 1752//12861
f 2487//12862 2600//12863 2582//12864
f 2600//12865 2487//12866 2458//12867
f 1443//12868 1596//12869 1567//12870
f 31//12871 72//12872 48//12873
f 72//12874 210//12875 91//12876
f 210//12877 72//12878 31//12879
f 210//12880 31//12881 171//12882
f 1589//12883 1617//12884 1588//12885
f 1617//12886 1589//12887 1618//12888
f 1599//12889 1413//12890 1412//12891
f 1413//12892 1599//12893 1415//12894
f 1415//12895 1599//12896 1416//12897
f 1416//12898 1599//12899 1600//12900
f 1415//12901 1414//12902 1413//12903
f 1447//12904 1463//12905 1413//12906
f 2458//12907 2616//12908 2600//12909
f 2616//12910 2669//12911 2653//12912
f 2669//12913 2616//12914 2366//12915
f 2366//12916 2616//12917 2458//12918
f 2366//12919 2458//12920 2355//12921
f 1052//12922 910//12923 948//12924
f 910//12925 1052//12926 1173//12927
f 1173//12928 1052//12929 1196//12930
f 1079//12931 880//12932 927//12933
f 880//12934 1079//12935 1032//12936
f 1731//12937 1687//12938 1688//12939
f 1687//12940 1731//12941 1730//12942
f 1644//12943 1646//12944 1645//12945
f 1646//12946 1644//12947 1643//12948
f 1646//12949 1840//12950 1647//12951
f 1840//12952 1646//12953 1643//12954
f 1840//12955 1643//12956 1807//12957
f 1840//12958 1807//12959 1839//12960
f 2510//12961 2509//12962 2476//12963
f 1541//12964 1554//12965 1540//12966
f 1327//12967 1176//12968 1257//12969
f 1176//12970 1327//12971 1315//12972
f 397//12973 398//12974 241//12975
f 241//12976 207//12977 206//12978
f 207//12979 241//12980 556//12981
f 556//12982 241//12983 398//12984
f 556//12985 398//12986 555//12987
f 2016//12988 1899//12989 1950//12990
f 1899//12991 2016//12992 1939//12993
f 240//12994 424//12995 280//12996
f 424//12997 240//12998 386//12999
f 1900//13000 1950//13001 1899//13002
f 1950//13003 1900//13004 1951//13005
f 1619//13006 1426//13007 1425//13008
f 1426//13009 1619//13010 1601//13011
f 1601//13012 1619//13013 1620//13014
f 1427//13015 1602//13016 1428//13017
f 1602//13018 1427//13019 1426//13020
f 1602//13021 1426//13022 1601//13023
f 1180//13024 1282//13025 1222//13026
f 1282//13027 1180//13028 1229//13029
f 2064//13030 2063//13031 2039//13032
f 1414//13033 1447//13034 1413//13035
f 1088//13036 1107//13037 1087//13038
f 1107//13039 1088//13040 1114//13041
f 1114//13042 1088//13043 1115//13044
f 1115//13045 1088//13046 1108//13047
f 2413//13048 2534//13049 2493//13050
f 2534//13051 2413//13052 2448//13053
f 1335//13054 1355//13055 1384//13056
f 1355//13057 1335//13058 1308//13059
f 1355//13060 1308//13061 1341//13062
f 128//13063 131//13064 83//13065
f 70//13066 36//13067 37//13068
f 36//13069 70//13070 67//13071
f 39//13072 70//13073 38//13074
f 70//13075 39//13076 88//13077
f 67//13078 34//13079 35//13080
f 34//13081 67//13082 87//13083
f 87//13084 67//13085 70//13086
f 87//13087 70//13088 88//13089
f 2013//13090 1826//13091 1982//13092
f 1826//13093 2013//13094 1870//13095
f 1574//13096 1415//13097 1563//13098
f 1415//13099 1574//13100 1450//13101
f 2455//13102 2465//13103 2454//13104
f 2465//13105 2455//13106 2466//13107
f 2579//13108 2508//13109 2569//13110
f 1608//13111 1793//13112 1759//13113
f 1793//13114 1608//13115 1651//13116
f 124//13117 65//13118 79//13119
f 65//13120 124//13121 109//13122
f 370//13123 420//13124 369//13125
f 2583//13126 2504//13127 2576//13128
f 1275//13129 1188//13130 1208//13131
f 1188//13132 1275//13133 1236//13134
f 1792//13135 1806//13136 1750//13137
f 1806//13138 1792//13139 1819//13140
f 612//13141 611//13142 578//13143
f 1222//13144 1281//13145 1221//13146
f 1281//13147 1222//13148 1282//13149
f 1332//13150 1334//13151 1296//13152
f 1204//13153 1244//13154 1226//13155
f 1244//13156 1204//13157 1292//13158
f 1244//13159 1292//13160 1338//13161
f 1338//13162 1292//13163 1301//13164
f 1301//13165 1292//13166 1289//13167
f 1338//13168 1301//13169 1296//13170
f 1338//13171 1296//13172 1334//13173
f 117//13174 177//13175 132//13176
f 177//13177 117//13178 140//13179
f 2062//13180 2128//13181 2105//13182
f 2128//13183 2062//13184 2112//13185
f 705//13186 760//13187 704//13188
f 258//13189 349//13190 297//13191
f 349//13192 258//13193 335//13194
f 429//13195 478//13196 450//13197
f 478//13198 645//13199 508//13200
f 645//13201 478//13202 429//13203
f 645//13204 429//13205 609//13206
f 2078//13207 2098//13208 2077//13209
f 839//13210 779//13211 780//13212
f 779//13213 839//13214 835//13215
f 835//13216 839//13217 836//13218
f 836//13219 839//13220 838//13221
f 836//13222 838//13223 837//13224
f 1278//13225 1276//13226 1277//13227
f 1276//13228 1278//13229 1333//13230
f 1276//13231 1333//13232 1296//13233
f 1296//13234 1333//13235 1332//13236
f 691//13237 734//13238 733//13239
f 734//13240 691//13241 692//13242
f 2141//13243 2332//13244 2309//13245
f 2332//13246 2387//13247 2371//13248
f 2387//13249 2332//13250 2179//13251
f 2179//13252 2332//13253 2141//13254
f 1378//13255 1453//13256 1427//13257
f 1453//13258 1378//13259 1367//13260
f 1945//13261 1989//13262 1944//13263
f 1989//13264 1945//13265 1990//13266
f 1658//13267 1674//13268 1657//13269
f 2412//13270 2410//13271 2411//13272
f 2410//13273 2412//13274 2413//13275
f 2410//13276 2413//13277 2492//13278
f 2492//13279 2413//13280 2493//13281
f 1336//13282 1294//13283 1297//13284
f 1294//13285 1336//13286 1299//13287
f 1135//13288 1055//13289 1060//13290
f 1055//13291 1135//13292 1126//13293
f 481//13294 516//13295 408//13296
f 1539//13297 1538//13298 1497//13299
f 45//13300 44//13301 28//13302
f 926//13303 881//13304 882//13305
f 881//13306 926//13307 923//13308
f 923//13309 926//13310 925//13311
f 923//13312 925//13313 924//13314
f 1400//13315 1548//13316 1520//13317
f 1548//13318 1400//13319 1600//13320
f 1600//13321 1400//13322 1416//13323
f 1600//13324 1580//13325 1548//13326
f 1881//13327 1649//13328 1648//13329
f 1649//13330 1881//13331 1651//13332
f 1651//13333 1881//13334 1793//13335
f 1793//13336 1881//13337 1882//13338
f 1651//13339 1650//13340 1649//13341
f 1767//13342 1782//13343 1766//13344
f 1955//13345 1957//13346 1956//13347
f 1957//13348 2125//13349 1958//13350
f 2125//13351 1957//13352 1955//13353
f 2125//13354 1955//13355 2124//13356
f 1377//13357 1452//13358 1423//13359
f 1452//13360 1377//13361 1365//13362
f 816//13363 775//13364 776//13365
f 775//13366 816//13367 795//13368
f 795//13369 773//13370 774//13371
f 773//13372 795//13373 813//13374
f 813//13375 795//13376 814//13377
f 814//13378 795//13379 816//13380
f 814//13381 816//13382 815//13383
f 1306//13384 1341//13385 1308//13386
f 2562//13387 2633//13388 2626//13389
f 2633//13390 2562//13391 2575//13392
f 1916//13393 1901//13394 1915//13395
f 1901//13396 1916//13397 1902//13398
f 1902//13399 1916//13400 1903//13401
f 1649//13402 1796//13403 1784//13404
f 1796//13405 1649//13406 1684//13407
f 120//13408 152//13409 130//13410
f 152//13411 313//13412 182//13413
f 313//13414 152//13415 120//13416
f 313//13417 120//13418 281//13419
f 1026//13420 1025//13421 1013//13422
f 2206//13423 2171//13424 2279//13425
f 1410//13426 1446//13427 1409//13428
f 1182//13429 1178//13430 1127//13431
f 1178//13432 1235//13433 1128//13434
f 1235//13435 1178//13436 1182//13437
f 1235//13438 1182//13439 1234//13440
f 1235//13441 1234//13442 1321//13443
f 1235//13444 1321//13445 1322//13446
f 1340//13447 1307//13448 1304//13449
f 1462//13450 1374//13451 1410//13452
f 1374//13453 1462//13454 1474//13455
f 1374//13456 1474//13457 1360//13458
f 2313//13459 2312//13460 2266//13461
f 1883//13462 1910//13463 1844//13464
f 511//13465 258//13466 257//13467
f 258//13468 511//13469 335//13470
f 335//13471 511//13472 512//13473
f 335//13474 260//13475 259//13476
f 260//13477 335//13478 514//13479
f 514//13480 335//13481 513//13482
f 513//13483 335//13484 512//13485
f 1264//13486 1219//13487 1220//13488
f 1263//13489 1262//13490 1264//13491
f 1219//13492 1144//13493 1145//13494
f 1144//13495 1219//13496 1200//13497
f 1200//13498 1219//13499 1261//13500
f 1261//13501 1219//13502 1264//13503
f 1261//13504 1264//13505 1262//13506
f 1675//13507 1612//13508 1611//13509
f 1612//13510 1675//13511 1676//13512
f 2055//13513 1972//13514 1973//13515
f 1972//13516 2055//13517 1971//13518
f 1971//13519 2055//13520 1970//13521
f 1970//13522 2055//13523 2054//13524
f 1962//13525 2010//13526 1961//13527
f 2394//13528 2431//13529 2393//13530
f 2431//13531 2394//13532 2432//13533
f 1380//13534 1455//13535 1436//13536
f 1455//13537 1380//13538 1371//13539
f 18//13540 35//13541 34//13542
f 35//13543 18//13544 19//13545
f 513//13546 512//13547 480//13548
f 69//13549 128//13550 83//13551
f 128//13552 69//13553 116//13554
f 551//13555 615//13556 571//13557
f 615//13558 551//13559 579//13560
f 1888//13561 1808//13562 1635//13563
f 1808//13564 1888//13565 1889//13566
f 1637//13567 1891//13568 1638//13569
f 1891//13570 1637//13571 1636//13572
f 1891//13573 1636//13574 1635//13575
f 1891//13576 1635//13577 1808//13578
f 1891//13579 1808//13580 1890//13581
f 2276//13582 2086//13583 2085//13584
f 2086//13585 2276//13586 2087//13587
f 2087//13588 2276//13589 2227//13590
f 2227//13591 2276//13592 2277//13593
f 1927//13594 1916//13595 1915//13596
f 1916//13597 1927//13598 2278//13599
f 2278//13600 1927//13601 2087//13602
f 2278//13603 2087//13604 2227//13605
f 1713//13606 1800//13607 1787//13608
f 1800//13609 1713//13610 1737//13611
f 1861//13612 1920//13613 1917//13614
f 1920//13615 1861//13616 1886//13617
f 1295//13618 1337//13619 1298//13620
f 1337//13621 1295//13622 1300//13623
f 1849//13624 1884//13625 1848//13626
f 1456//13627 1373//13628 1372//13629
f 1373//13630 1456//13631 1457//13632
f 1457//13633 1456//13634 1500//13635
f 1457//13636 1500//13637 1501//13638
f 2623//13639 2507//13640 2506//13641
f 2508//13642 2676//13643 2509//13644
f 2676//13645 2508//13646 2507//13647
f 2676//13648 2507//13649 2624//13650
f 2624//13651 2507//13652 2623//13653
f 2676//13654 2624//13655 2675//13656
f 424//13657 232//13658 280//13659
f 232//13660 424//13661 221//13662
f 221//13663 424//13664 387//13665
f 523//13666 524//13667 255//13668
f 255//13669 526//13670 256//13671
f 526//13672 255//13673 524//13674
f 526//13675 524//13676 525//13677
f 2482//13678 2423//13679 2469//13680
f 2423//13681 2482//13682 2449//13683
f 1232//13684 1328//13685 1261//13686
f 1328//13687 1232//13688 1316//13689
f 815//13690 586//13691 585//13692
f 586//13693 815//13694 659//13695
f 659//13696 815//13697 818//13698
f 818//13699 815//13700 816//13701
f 818//13702 816//13703 817//13704
f 659//13705 588//13706 587//13707
f 588//13708 659//13709 818//13710
f 2160//13711 2320//13712 2159//13713
f 2320//13714 2160//13715 2321//13716
f 1900//13717 2017//13718 1951//13719
f 2017//13720 1900//13721 1940//13722
f 1815//13723 1830//13724 1814//13725
f 1830//13726 1815//13727 1831//13728
f 1789//13729 1801//13730 1788//13731
f 1801//13732 1789//13733 1802//13734
f 1227//13735 1204//13736 1226//13737
f 1204//13738 1227//13739 1205//13740
f 2155//13741 1969//13742 1968//13743
f 1969//13744 2155//13745 1970//13746
f 1970//13747 2155//13748 1971//13749
f 1971//13750 2155//13751 2108//13752
f 2108//13753 2155//13754 2136//13755
f 2108//13756 2136//13757 2137//13758
f 2136//13759 2155//13760 2214//13761
f 2214//13762 2155//13763 2213//13764
f 1939//13765 1900//13766 1899//13767
f 1900//13768 1939//13769 1940//13770
f 2085//13771 2083//13772 2084//13773
f 2083//13774 2085//13775 2129//13776
f 2129//13777 2085//13778 2086//13779
f 2129//13780 2086//13781 2130//13782
f 1050//13783 1083//13784 1049//13785
f 1340//13786 1305//13787 1307//13788
f 1945//13789 1893//13790 1857//13791
f 1893//13792 1945//13793 1944//13794
f 1857//13795 1855//13796 1856//13797
f 1855//13798 1857//13799 1854//13800
f 1854//13801 1857//13802 1893//13803
f 1854//13804 1893//13805 1942//13806
f 1942//13807 1893//13808 1943//13809
f 1621//13810 1435//13811 1434//13812
f 1435//13813 1621//13814 1571//13815
f 1571//13816 1621//13817 1622//13818
f 1436//13819 1438//13820 1437//13821
f 1438//13822 1436//13823 1623//13824
f 1623//13825 1436//13826 1571//13827
f 1571//13828 1436//13829 1435//13830
f 1938//13831 2211//13832 2189//13833
f 2211//13834 2278//13835 2253//13836
f 2278//13837 2211//13838 1916//13839
f 1916//13840 2211//13841 1938//13842
f 1916//13843 1938//13844 1903//13845
f 1454//13846 1431//13847 1432//13848
f 2537//13849 2397//13850 2526//13851
f 2397//13852 2537//13853 2290//13854
f 2397//13855 2290//13856 2261//13857
f 614//13858 646//13859 613//13860
f 1275//13861 1274//13862 1236//13863
f 763//13864 568//13865 616//13866
f 568//13867 763//13868 553//13869
f 553//13870 763//13871 718//13872
f 2475//13873 2610//13874 2589//13875
f 2610//13876 2475//13877 2655//13878
f 2655//13879 2475//13880 2505//13881
f 2655//13882 2638//13883 2610//13884
f 1315//13885 1223//13886 1176//13887
f 1223//13888 1315//13889 1232//13890
f 1232//13891 1315//13892 1316//13893
f 1232//13894 1177//13895 1223//13896
f 1650//13897 1684//13898 1649//13899
f 1241//13900 1268//13901 1216//13902
f 1235//13903 1331//13904 1274//13905
f 1331//13906 1235//13907 1322//13908
f 1744//13909 1743//13910 1715//13911
f 1170//13912 1020//13913 1021//13914
f 1020//13915 1170//13916 1084//13917
f 1084//13918 1018//13919 1019//13920
f 1018//13921 1084//13922 1167//13923
f 1167//13924 1084//13925 1170//13926
f 1167//13927 1170//13928 1168//13929
f 1168//13930 1170//13931 1169//13932
f 944//13933 943//13934 896//13935
f 1556//13936 1487//13937 1542//13938
f 1487//13939 1556//13940 1506//13941
f 1781//13942 1804//13943 1762//13944
f 55//13945 169//13946 62//13947
f 169//13948 55//13949 138//13950
f 1641//13951 1671//13952 1640//13953
f 847//13954 902//13955 880//13956
f 902//13957 847//13958 854//13959
f 98//13960 1//13961 5//13962
f 1//13963 98//13964 184//13965
f 184//13966 98//13967 213//13968
f 2280//13969 2284//13970 2279//13971
f 2284//13972 2280//13973 2285//13974
f 1352//13975 1344//13976 1357//13977
f 2237//13978 2275//13979 2249//13980
f 2275//13981 2237//13982 2258//13983
f 1446//13984 1479//13985 1409//13986
f 1281//13987 1179//13988 1221//13989
f 1179//13990 1281//13991 1228//13992
f 104//13993 155//13994 133//13995
f 155//13996 104//13997 111//13998
f 1298//13999 1294//14000 1295//14001
f 1294//14002 1298//14003 1297//14004
f 1059//14005 1020//14006 1084//14007
f 1020//14008 1059//14009 1009//14010
f 2431//14011 2185//14012 2184//14013
f 2185//14014 2187//14015 2186//14016
f 2187//14017 2185//14018 2432//14019
f 2432//14020 2185//14021 2431//14022
f 455//14023 461//14024 454//14025
f 461//14026 455//14027 462//14028
f 934//14029 849//14030 850//14031
f 849//14032 934//14033 931//14034
f 931//14035 934//14036 932//14037
f 932//14038 934//14039 933//14040
f 1270//14041 1269//14042 1234//14043
f 1690//14044 1568//14045 1689//14046
f 1568//14047 1690//14048 1444//14049
f 1444//14050 1690//14051 1346//14052
f 1346//14053 1690//14054 1347//14055
f 1567//14056 1444//14057 1443//14058
f 1444//14059 1567//14060 1568//14061
f 990//14062 980//14063 959//14064
f 980//14065 990//14066 1006//14067
f 2008//14068 2021//14069 2007//14070
f 2021//14071 2008//14072 2022//14073
f 2292//14074 2329//14075 2291//14076
f 692//14077 843//14078 734//14079
f 843//14080 692//14081 945//14082
f 843//14083 945//14084 972//14085
f 1763//14086 1781//14087 1762//14088
f 1965//14089 1963//14090 1964//14091
f 1963//14092 2025//14093 1962//14094
f 2025//14095 1963//14096 1965//14097
f 2025//14098 1965//14099 2026//14100
f 2282//14101 2286//14102 2281//14103
f 2286//14104 2282//14105 2287//14106
f 250//14107 262//14108 218//14109
f 1336//14110 1300//14111 1299//14112
f 1300//14113 1336//14114 1337//14115
f 1048//14116 1047//14117 1003//14118
f 1925//14119 2098//14120 2078//14121
f 2098//14122 1925//14123 2134//14124
f 2134//14125 1925//14126 1975//14127
f 2134//14128 2119//14129 2098//14130
f 488//14131 226//14132 227//14133
f 226//14134 488//14135 487//14136
f 1236//14137 1189//14138 1188//14139
f 1189//14140 1236//14141 1237//14142
f 1237//14143 1236//14144 1323//14145
f 1237//14146 1323//14147 1324//14148
f 1189//14149 1277//14150 1209//14151
f 1277//14152 1189//14153 1237//14154
f 1471//14155 1378//14156 1427//14157
f 1378//14158 1471//14159 1484//14160
f 1378//14161 1484//14162 1368//14163
f 1574//14164 1502//14165 1450//14166
f 1502//14167 1574//14168 1575//14169
f 1450//14170 1363//14171 1362//14172
f 1363//14173 1450//14174 1451//14175
f 1451//14176 1450//14177 1502//14178
f 1451//14179 1502//14180 1577//14181
f 1577//14182 1502//14183 1576//14184
f 2127//14185 2218//14186 2193//14187
f 2218//14188 2127//14189 2154//14190
f 9//14191 15//14192 14//14193
f 15//14194 9//14195 10//14196
f 1340//14197 1306//14198 1305//14199
f 1306//14200 1340//14201 1341//14202
f 1350//14203 1304//14204 1303//14205
f 1304//14206 1350//14207 1340//14208
f 1340//14209 1350//14210 1344//14211
f 1340//14212 1344//14213 1341//14214
f 1344//14215 1350//14216 1351//14217
f 1352//14218 1345//14219 1344//14220
f 1345//14221 1352//14222 1353//14223
f 1341//14224 1345//14225 1355//14226
f 1345//14227 1341//14228 1344//14229
f 1355//14230 1345//14231 1354//14232
f 1325//14233 1224//14234 1248//14235
f 1224//14236 1325//14237 1212//14238
f 1212//14239 1325//14240 1311//14241
f 2099//14242 1957//14243 2088//14244
f 1957//14245 2099//14246 1843//14247
f 1957//14248 1843//14249 1820//14250
f 379//14251 422//14252 378//14253
f 1233//14254 1329//14255 1265//14256
f 1329//14257 1233//14258 1318//14259
f 2489//14260 2494//14261 2488//14262
f 2494//14263 2489//14264 2495//14265
f 1237//14266 1333//14267 1278//14268
f 1333//14269 1237//14270 1324//14271
f 1759//14272 1793//14273 1758//14274
f 1612//14275 1731//14276 1688//14277
f 1731//14278 1612//14279 1676//14280
f 1382//14281 1457//14282 1440//14283
f 1457//14284 1382//14285 1373//14286
f 2426//14287 2197//14288 2198//14289
f 2197//14290 2426//14291 2255//14292
f 2197//14293 2255//14294 2196//14295
f 2196//14296 2255//14297 2254//14298
f 2255//14299 2426//14300 2425//14301
f 1742//14302 1778//14303 1741//14304
f 1985//14305 1984//14306 1927//14307
f 1548//14308 1580//14309 1519//14310
f 1081//14311 883//14312 935//14313
f 883//14314 1081//14315 877//14316
f 877//14317 1081//14318 1041//14319
f 1351//14320 1357//14321 1344//14322
f 355//14323 371//14324 325//14325
f 668//14326 681//14327 667//14328
f 681//14329 668//14330 682//14331
f 1510//14332 1365//14333 1364//14334
f 1365//14335 1510//14336 1464//14337
f 1365//14338 1464//14339 1452//14340
f 1511//14341 1452//14342 1464//14343
f 1682//14344 1773//14345 1734//14346
f 1773//14347 1682//14348 1698//14349
f 1494//14350 1684//14351 1650//14352
f 1684//14353 1494//14354 1526//14355
f 1071//14356 1107//14357 1099//14358
f 1107//14359 1071//14360 1087//14361
f 136//14362 52//14363 59//14364
f 52//14365 136//14366 123//14367
f 832//14368 865//14369 831//14370
f 2462//14371 2461//14372 2460//14373
f 2461//14374 2462//14375 2463//14376
f 869//14377 881//14378 868//14379
f 881//14380 869//14381 882//14382
f 1580//14383 1599//14384 1579//14385
f 1599//14386 1580//14387 1600//14388
f 177//14389 131//14390 132//14391
f 131//14392 82//14393 83//14394
f 82//14395 131//14396 118//14397
f 118//14398 131//14399 174//14400
f 174//14401 131//14402 177//14403
f 174//14404 177//14405 176//14406
f 174//14407 176//14408 175//14409
f 1330//14410 1234//14411 1269//14412
f 1234//14413 1330//14414 1321//14415
f 1374//14416 1446//14417 1410//14418
f 1446//14419 1499//14420 1479//14421
f 1499//14422 1446//14423 1359//14424
f 1359//14425 1446//14426 1374//14427
f 2396//14428 2467//14429 2395//14430
f 2467//14431 2396//14432 2468//14433
f 1976//14434 1975//14435 1925//14436
f 2318//14437 2316//14438 2317//14439
f 2316//14440 2318//14441 2394//14442
f 2316//14443 2394//14444 2393//14445
f 2393//14446 2315//14447 2316//14448
f 1187//14449 1239//14450 1207//14451
f 1239//14452 1187//14453 1310//14454
f 1239//14455 1310//14456 1325//14457
f 1325//14458 1248//14459 1239//14460
f 1440//14461 1381//14462 1382//14463
f 1381//14464 1440//14465 1391//14466
f 1391//14467 1440//14468 1438//14469
f 1438//14470 1440//14471 1439//14472
f 222//14473 253//14474 233//14475
f 253//14476 425//14477 284//14478
f 425//14479 253//14480 222//14481
f 425//14482 222//14483 392//14484
f 2173//14485 2171//14486 2172//14487
f 2171//14488 2173//14489 2280//14490
f 2171//14491 2280//14492 2279//14493
f 289//14494 206//14495 219//14496
f 206//14497 289//14498 241//14499
f 1384//14500 1381//14501 1383//14502
f 1381//14503 1384//14504 1382//14505
f 1382//14506 1384//14507 1355//14508
f 1358//14509 1351//14510 1350//14511
f 1351//14512 1358//14513 1359//14514
f 1351//14515 1359//14516 1360//14517
f 1360//14518 1359//14519 1374//14520
f 1351//14521 1360//14522 1361//14523
f 1351//14524 1361//14525 1375//14526
f 1351//14527 1375//14528 1362//14529
f 1351//14530 1362//14531 1363//14532
f 1351//14533 1363//14534 1357//14535
f 1357//14536 1363//14537 1376//14538
f 1357//14539 1376//14540 1364//14541
f 1357//14542 1364//14543 1352//14544
f 1352//14545 1364//14546 1365//14547
f 1352//14548 1365//14549 1377//14550
f 1352//14551 1377//14552 1366//14553
f 1352//14554 1366//14555 1353//14556
f 1353//14557 1366//14558 1367//14559
f 1353//14560 1367//14561 1368//14562
f 1368//14563 1367//14564 1378//14565
f 1353//14566 1368//14567 1369//14568
f 1353//14569 1369//14570 1379//14571
f 1353//14572 1379//14573 1370//14574
f 1353//14575 1370//14576 1356//14577
f 1356//14578 1370//14579 1371//14580
f 1356//14581 1371//14582 1354//14583
f 1354//14584 1371//14585 1380//14586
f 1354//14587 1380//14588 1372//14589
f 1354//14590 1372//14591 1373//14592
f 1354//14593 1373//14594 1355//14595
f 1355//14596 1373//14597 1382//14598
f 1799//14599 1654//14600 1786//14601
f 1654//14602 1799//14603 1531//14604
f 1654//14605 1531//14606 1495//14607
f 2333//14608 2081//14609 2080//14610
f 2081//14611 2333//14612 2283//14613
f 2283//14614 2333//14615 2334//14616
f 2083//14617 2336//14618 2084//14619
f 2336//14620 2083//14621 2082//14622
f 2336//14623 2082//14624 2081//14625
f 2336//14626 2081//14627 2283//14628
f 2336//14629 2283//14630 2335//14631
f 1404//14632 1553//14633 1537//14634
f 1553//14635 1680//14636 1669//14637
f 1680//14638 1553//14639 1433//14640
f 1433//14641 1553//14642 1404//14643
f 2021//14644 1919//14645 2007//14646
f 1919//14647 2021//14648 1952//14649
f 1739//14650 1664//14651 1665//14652
f 1664//14653 1738//14654 1663//14655
f 1738//14656 1664//14657 1739//14658
f 2195//14659 2156//14660 2138//14661
f 2156//14662 2195//14663 2220//14664
f 147//14665 159//14666 158//14667
f 159//14668 147//14669 148//14670
f 1635//14671 1634//14672 1604//14673
f 1612//14674 1687//14675 1611//14676
f 1687//14677 1612//14678 1688//14679
f 2639//14680 2666//14681 2649//14682
f 2666//14683 2639//14684 2656//14685
f 1506//14686 1367//14687 1366//14688
f 1367//14689 1506//14690 1453//14691
f 1453//14692 1506//14693 1488//14694
f 1488//14695 1506//14696 1557//14697
f 1557//14698 1506//14699 1556//14700
f 1489//14701 1453//14702 1488//14703
f 1761//14704 1760//14705 1719//14706
f 1426//14707 1489//14708 1468//14709
f 1489//14710 1426//14711 1453//14712
f 2347//14713 2348//14714 2346//14715
f 2348//14716 2347//14717 2349//14718
f 108//14719 118//14720 174//14721
f 491//14722 291//14723 292//14724
f 291//14725 491//14726 433//14727
f 433//14728 491//14729 432//14730
f 432//14731 491//14732 490//14733
f 432//14734 490//14735 489//14736
f 2192//14737 2277//14738 2251//14739
f 2277//14740 2192//14741 2227//14742
f 2612//14743 2671//14744 2591//14745
f 13//14746 7//14747 29//14748
f 7//14749 13//14750 3//14751
f 1656//14752 1655//14753 1609//14754
f 2446//14755 2295//14756 2294//14757
f 2295//14758 2446//14759 2297//14760
f 2297//14761 2447//14762 2298//14763
f 2447//14764 2297//14765 2446//14766
f 2447//14767 2446//14768 2471//14769
f 2447//14770 2471//14771 2472//14772
f 2297//14773 2296//14774 2295//14775
f 2027//14776 1822//14777 1966//14778
f 1822//14779 2027//14780 1852//14781
f 1335//14782 1338//14783 1334//14784
f 1338//14785 1335//14786 1339//14787
f 1384//14788 1339//14789 1335//14790
f 1339//14791 1384//14792 1347//14793
f 1347//14794 1383//14795 1346//14796
f 1383//14797 1347//14798 1384//14799
f 2377//14800 2548//14801 2520//14802
f 2548//14803 2377//14804 2419//14805
f 1750//14806 1748//14807 1749//14808
f 1748//14809 1750//14810 1747//14811
f 1747//14812 1750//14813 1805//14814
f 1805//14815 1750//14816 1806//14817
f 824//14818 863//14819 823//14820
f 1298//14821 1336//14822 1297//14823
f 1336//14824 1298//14825 1337//14826
f 1331//14827 1236//14828 1274//14829
f 1236//14830 1331//14831 1323//14832
f 1454//14833 1379//14834 1431//14835
f 1379//14836 1454//14837 1370//14838
f 595//14839 690//14840 636//14841
f 690//14842 595//14843 841//14844
f 690//14845 841//14846 867//14847
f 867//14848 728//14849 690//14850
f 1677//14851 1533//14852 1666//14853
f 1533//14854 1677//14855 1429//14856
f 1533//14857 1429//14858 1403//14859
f 1309//14860 1217//14861 1201//14862
f 1217//14863 1187//14864 1186//14865
f 1187//14866 1217//14867 1310//14868
f 1310//14869 1217//14870 1309//14871
f 1397//14872 1554//14873 1541//14874
f 1554//14875 1623//14876 1595//14877
f 1623//14878 1554//14879 1438//14880
f 1438//14881 1554//14882 1397//14883
f 1438//14884 1397//14885 1386//14886
f 1438//14887 1386//14888 1391//14889
f 260//14890 298//14891 259//14892
f 298//14893 260//14894 299//14895
f 566//14896 555//14897 565//14898
f 555//14899 566//14900 556//14901
f 556//14902 566//14903 567//14904
f 1486//14905 1470//14906 1358//14907
f 1358//14908 1499//14909 1359//14910
f 1499//14911 1358//14912 1470//14913
f 1499//14914 1470//14915 1498//14916
f 495//14917 419//14918 444//14919
f 419//14920 495//14921 460//14922
f 2256//14923 2065//14924 2064//14925
f 2066//14926 2257//14927 2067//14928
f 2257//14929 2066//14930 2065//14931
f 2257//14932 2065//14933 2256//14934
f 1161//14935 913//14936 912//14937
f 913//14938 1161//14939 989//14940
f 989//14941 1161//14942 1162//14943
f 989//14944 915//14945 914//14946
f 915//14947 989//14948 1164//14949
f 1164//14950 989//14951 1162//14952
f 1164//14953 1162//14954 1163//14955
f 2653//14956 2606//14957 2599//14958
f 2606//14959 2653//14960 2652//14961
f 2599//14962 2650//14963 2598//14964
f 2650//14965 2599//14966 2606//14967
f 2650//14968 2606//14969 2651//14970
f 1069//14971 1133//14972 1097//14973
f 1133//14974 1069//14975 1249//14976
f 1133//14977 1249//14978 1283//14979
f 1283//14980 1150//14981 1133//14982
f 1908//14983 1928//14984 1907//14985
f 1928//14986 1908//14987 1929//14988
f 356//14989 375//14990 327//14991
f 1272//14992 1271//14993 1273//14994
f 1273//14995 1197//14996 1142//14997
f 1197//14998 1273//14999 1210//15000
f 1210//15001 1273//15002 1271//15003
f 1210//15004 1271//15005 1270//15006
f 1210//15007 1141//15008 1197//15009
f 1339//15010 1244//15011 1338//15012
f 1244//15013 1119//15014 1243//15015
f 1119//15016 1244//15017 1120//15018
f 1120//15019 1244//15020 996//15021
f 996//15022 1244//15023 997//15024
f 997//15025 1244//15026 1339//15027
f 1833//15028 1839//15029 1832//15030
f 1839//15031 1833//15032 1840//15033
f 1702//15034 1697//15035 1723//15036
f 1697//15037 1702//15038 1681//15039
f 1661//15040 1660//15041 1610//15042
f 1328//15043 1181//15044 1261//15045
f 1181//15046 1328//15047 1317//15048
f 428//15049 450//15050 449//15051
f 450//15052 428//15053 429//15054
f 2041//15055 2207//15056 2174//15057
f 2207//15058 2285//15059 2280//15060
f 2285//15061 2207//15062 2071//15063
f 2071//15064 2207//15065 2041//15066
f 2484//15067 2497//15068 2496//15069
f 2497//15070 2484//15071 2473//15072
f 2344//15073 2364//15074 2353//15075
f 186//15076 185//15077 142//15078
f 2341//15079 2305//15080 2319//15081
f 819//15082 818//15083 820//15084
f 820//15085 777//15086 778//15087
f 777//15088 820//15089 818//15090
f 777//15091 818//15092 817//15093
f 1456//15094 1380//15095 1436//15096
f 1380//15097 1456//15098 1372//15099
f 2391//15100 2429//15101 2390//15102
f 2429//15103 2391//15104 2430//15105
f 1621//15106 1537//15107 1592//15108
f 1537//15109 1621//15110 1404//15111
f 1404//15112 1621//15113 1434//15114
f 789//15115 822//15116 821//15117
f 1444//15118 1482//15119 1460//15120
f 1482//15121 1444//15122 1394//15123
f 1394//15124 1444//15125 1346//15126
f 1394//15127 1346//15128 1385//15129
f 1394//15130 1385//15131 1396//15132
f 1385//15133 1346//15134 1391//15135
f 1391//15136 1346//15137 1383//15138
f 1381//15139 1391//15140 1383//15141
f 1439//15142 1437//15143 1438//15144
f 1437//15145 1439//15146 1480//15147
f 1480//15148 1439//15149 1481//15150
f 1523//15151 1525//15152 1524//15153
f 1525//15154 1684//15155 1526//15156
f 1684//15157 1525//15158 1523//15159
f 1684//15160 1523//15161 1683//15162
f 1684//15163 1683//15164 1795//15165
f 1684//15166 1795//15167 1796//15168
f 1555//15169 1616//15170 1587//15171
f 1616//15172 1555//15173 1578//15174
f 1631//15175 1525//15176 1626//15177
f 1525//15178 1631//15179 1401//15180
f 1401//15181 1631//15182 1421//15183
f 1960//15184 1958//15185 1959//15186
f 1958//15187 1960//15188 1957//15189
f 1957//15190 1960//15191 2009//15192
f 2009//15193 1960//15194 2091//15195
f 2009//15196 2091//15197 2090//15198
f 2009//15199 2088//15200 1957//15201
f 2088//15202 2009//15203 2089//15204
f 101//15205 44//15206 45//15207
f 44//15208 101//15209 81//15210
f 81//15211 42//15212 43//15213
f 42//15214 81//15215 100//15216
f 100//15217 81//15218 101//15219
f 2442//15220 2459//15221 2406//15222
f 2406//15223 2447//15224 2405//15225
f 1720//15226 1898//15227 1868//15228
f 1898//15229 1720//15230 1764//15231
f 457//15232 463//15233 456//15234
f 463//15235 457//15236 464//15237
f 2205//15238 2236//15239 2168//15240
f 53//15241 125//15242 60//15243
f 125//15244 53//15245 112//15246
f 2157//15247 2066//15248 2150//15249
f 2142//15250 2329//15251 2292//15252
f 2329//15253 2382//15254 2359//15255
f 2382//15256 2329//15257 2162//15258
f 2162//15259 2329//15260 2142//15261
f 138//15262 310//15263 170//15264
f 310//15265 138//15266 269//15267
f 1683//15268 1645//15269 1646//15270
f 1497//15271 1686//15272 1663//15273
f 1686//15274 1497//15275 1538//15276
f 552//15277 473//15278 496//15279
f 473//15280 552//15281 532//15282
f 1581//15283 1591//15284 1572//15285
f 2080//15286 2079//15287 2043//15288
f 1293//15289 1289//15290 1292//15291
f 1289//15292 1293//15293 1290//15294
f 1290//15295 1293//15296 1291//15297
f 1496//15298 1674//15299 1658//15300
f 1674//15301 1732//15302 1714//15303
f 1732//15304 1674//15305 1534//15306
f 1534//15307 1674//15308 1496//15309
f 1436//15310 1455//15311 1435//15312
f 2319//15313 2306//15314 2307//15315
f 2369//15316 2307//15317 2308//15318
f 2307//15319 2369//15320 2319//15321
f 2319//15322 2369//15323 2368//15324
f 2368//15325 2370//15326 2319//15327
f 2370//15328 2368//15329 2444//15330
f 2370//15331 2444//15332 2443//15333
f 2626//15334 2632//15335 2625//15336
f 2632//15337 2626//15338 2633//15339
f 1540//15340 1544//15341 1539//15342
f 1544//15343 1540//15344 1595//15345
f 1544//15346 1595//15347 1594//15348
f 1539//15349 1537//15350 1538//15351
f 1537//15352 1539//15353 1592//15354
f 1592//15355 1539//15356 1544//15357
f 1592//15358 1544//15359 1593//15360
f 1376//15361 1451//15362 1419//15363
f 1451//15364 1376//15365 1363//15366
f 2579//15367 2374//15368 2508//15369
f 2374//15370 2579//15371 2408//15372
f 1161//15373 1193//15374 1160//15375
f 824//15376 825//15377 660//15378
f 660//15379 631//15380 630//15381
f 631//15382 660//15383 827//15384
f 827//15385 660//15386 825//15387
f 827//15388 825//15389 826//15390
f 1665//15391 1394//15392 1395//15393
f 1394//15394 1665//15395 1483//15396
f 1394//15397 1483//15398 1482//15399
f 1483//15400 1665//15401 1664//15402
f 1156//15403 1192//15404 1155//15405
f 1192//15406 1156//15407 1157//15408
f 1125//15409 1155//15410 1154//15411
f 1155//15412 1125//15413 1126//15414
f 1155//15415 1126//15416 1135//15417
f 1155//15418 1135//15419 1156//15420
f 1375//15421 1447//15422 1414//15423
f 1447//15424 1375//15425 1475//15426
f 1475//15427 1375//15428 1361//15429
f 1475//15430 1463//15431 1447//15432
f 1445//15433 1510//15434 1503//15435
f 1510//15436 1445//15437 1464//15438
f 1353//15439 1356//15440 1345//15441
f 1895//15442 1716//15443 1849//15444
f 1716//15445 1895//15446 1749//15447
f 351//15448 363//15449 362//15450
f 363//15451 351//15452 352//15453
f 2147//15454 2083//15455 2129//15456
f 2083//15457 2147//15458 2110//15459
f 1067//15460 1132//15461 1095//15462
f 1132//15463 1067//15464 1109//15465
f 201//15466 146//15467 86//15468
f 146//15469 201//15470 1343//15471
f 1343//15472 201//15473 333//15474
f 1343//15475 333//15476 490//15477
f 1343//15478 490//15479 566//15480
f 1343//15481 566//15482 750//15483
f 1343//15484 750//15485 785//15486
f 1343//15487 785//15488 992//15489
f 1343//15490 992//15491 997//15492
f 1343//15493 997//15494 1339//15495
f 1343//15496 1339//15497 1347//15498
f 1343//15499 2602//15500 2542//15501
f 2602//15502 1343//15503 2486//15504
f 2486//15505 1343//15506 2354//15507
f 2354//15508 1343//15509 2197//15510
f 2197//15511 1343//15512 2121//15513
f 2121//15514 1343//15515 1937//15516
f 1937//15517 1343//15518 1902//15519
f 1902//15520 1343//15521 1695//15522
f 1695//15523 1343//15524 1690//15525
f 1690//15526 1343//15527 1347//15528
f 265//15529 309//15530 264//15531
f 1573//15532 1581//15533 1572//15534
f 1581//15535 1573//15536 1602//15537
f 1602//15538 1573//15539 1582//15540
f 1602//15541 1601//15542 1581//15543
f 931//15544 930//15545 907//15546
f 284//15547 283//15548 253//15549
f 1230//15550 1111//15551 1110//15552
f 1111//15553 1230//15554 1185//15555
f 1185//15556 1113//15557 1112//15558
f 1113//15559 1185//15560 1231//15561
f 1231//15562 1185//15563 1230//15564
f 1231//15565 1230//15566 1313//15567
f 1231//15568 1313//15569 1314//15570
f 2533//15571 2304//15572 2303//15573
f 2304//15574 2533//15575 2319//15576
f 2319//15577 2533//15578 2448//15579
f 2448//15580 2533//15581 2534//15582
f 2448//15583 2306//15584 2319//15585
f 2319//15586 2305//15587 2304//15588
f 389//15589 388//15590 358//15591
f 1532//15592 1582//15593 1573//15594
f 1582//15595 1532//15596 1552//15597
f 419//15598 484//15599 445//15600
f 484//15601 419//15602 772//15603
f 484//15604 772//15605 751//15606
f 751//15607 772//15608 786//15609
f 751//15610 528//15611 484//15612
f 1284//15613 1125//15614 1154//15615
f 1125//15616 1284//15617 1255//15618
f 2459//15619 2300//15620 2299//15621
f 2300//15622 2459//15623 2302//15624
f 2302//15625 2459//15626 2495//15627
f 2495//15628 2459//15629 2494//15630
f 2302//15631 2301//15632 2300//15633
f 2274//15634 2178//15635 2248//15636
f 2178//15637 2274//15638 2042//15639
f 2042//15640 2274//15641 2076//15642
f 1986//15643 1984//15644 1985//15645
f 1984//15646 2034//15647 1983//15648
f 2034//15649 1984//15650 1986//15651
f 2034//15652 1986//15653 2035//15654
f 707//15655 706//15656 687//15657
f 2683//15658 2519//15659 2518//15660
f 2519//15661 2683//15662 2674//15663
f 2674//15664 2683//15665 2684//15666
f 2520//15667 2522//15668 2521//15669
f 2522//15670 2520//15671 2686//15672
f 2686//15673 2520//15674 2519//15675
f 2686//15676 2519//15677 2674//15678
f 2686//15679 2674//15680 2685//15681
f 686//15682 702//15683 653//15684
f 1311//15685 1213//15686 1212//15687
f 1213//15688 1311//15689 1312//15690
f 2295//15691 2293//15692 2294//15693
f 2293//15694 2295//15695 2361//15696
f 2293//15697 2361//15698 2360//15699
f 2360//15700 2292//15701 2293//15702
f 2069//15703 2158//15704 2151//15705
f 2158//15706 2069//15707 2107//15708
f 2243//15709 2268//15710 2242//15711
f 2268//15712 2243//15713 2269//15714
f 2017//15715 1950//15716 1951//15717
f 1950//15718 2017//15719 2016//15720
f 402//15721 408//15722 407//15723
f 408//15724 402//15725 403//15726
f 2456//15727 2446//15728 2402//15729
f 2446//15730 2456//15731 2471//15732
f 1281//15733 1229//15734 1228//15735
f 1229//15736 1281//15737 1282//15738
f 1329//15739 1215//15740 1265//15741
f 1215//15742 1329//15743 1202//15744
f 1202//15745 1329//15746 1319//15747
f 1379//15748 1448//15749 1431//15750
f 1448//15751 1379//15752 1485//15753
f 1485//15754 1379//15755 1369//15756
f 1485//15757 1472//15758 1448//15759
f 1506//15760 1377//15761 1423//15762
f 1377//15763 1506//15764 1366//15765
f 1730//15766 1611//15767 1687//15768
f 1611//15769 1730//15770 1675//15771
f 1959//15772 1958//15773 1921//15774
f 2004//15775 2027//15776 1966//15777
f 2308//15778 2310//15779 2309//15780
f 2310//15781 2308//15782 2307//15783
f 2311//15784 2466//15785 2312//15786
f 2466//15787 2311//15788 2310//15789
f 2466//15790 2310//15791 2307//15792
f 2466//15793 2307//15794 2465//15795
f 2567//15796 2413//15797 2412//15798
f 2413//15799 2567//15800 2414//15801
f 2414//15802 2568//15803 2415//15804
f 2568//15805 2414//15806 2567//15807
f 357//15808 384//15809 299//15810
f 148//15811 242//15812 159//15813
f 242//15814 148//15815 223//15816
f 1222//15817 1179//15818 1180//15819
f 1179//15820 1222//15821 1221//15822
f 1751//15823 1792//15824 1750//15825
f 1231//15826 1327//15827 1257//15828
f 1327//15829 1231//15830 1314//15831
f 224//15832 85//15833 145//15834
f 85//15835 224//15836 200//15837
f 2603//15838 2485//15839 2581//15840
f 2485//15841 2603//15842 2484//15843
f 2480//15844 2395//15845 2467//15846
f 2367//15847 2288//15848 2350//15849
f 2326//15850 2159//15851 2320//15852
f 2159//15853 2326//15854 2053//15855
f 2031//15856 1955//15857 2018//15858
f 1928//15859 1841//15860 1907//15861
f 1828//15862 1740//15863 1812//15864
f 1486//15865 1407//15866 1469//15867
f 2601//15868 2460//15869 2541//15870
f 2460//15871 2601//15872 2485//15873
f 2460//15874 2485//15875 2348//15876
f 2348//15877 2485//15878 2346//15879
f 2346//15880 2485//15881 2484//15882
f 2346//15883 2484//15884 2496//15885
f 2346//15886 2496//15887 2552//15888
f 2346//15889 2552//15890 2560//15891
f 2346//15892 2560//15893 2395//15894
f 2346//15895 2395//15896 1342//15897
f 1342//15898 2395//15899 2288//15900
f 2288//15901 2395//15902 2480//15903
f 1342//15904 2288//15905 2159//15906
f 2159//15907 2288//15908 2367//15909
f 1342//15910 2159//15911 2053//15912
f 1342//15913 2053//15914 2058//15915
f 1342//15916 2058//15917 1955//15918
f 1955//15919 2058//15920 2113//15921
f 1955//15922 2113//15923 2124//15924
f 1342//15925 1955//15926 1841//15927
f 1841//15928 1955//15929 2031//15930
f 1342//15931 1841//15932 1740//15933
f 1740//15934 1841//15935 1928//15936
f 1342//15937 1740//15938 1633//15939
f 1633//15940 1740//15941 1828//15942
f 1342//15943 1633//15944 1692//15945
f 1342//15946 1692//15947 1699//15948
f 1342//15949 1699//15950 1441//15951
f 1342//15952 1441//15953 1407//15954
f 1342//15955 1407//15956 1486//15957
f 1342//15958 1486//15959 1358//15960
f 1342//15961 1358//15962 1309//15963
f 1309//15964 1358//15965 1303//15966
f 1303//15967 1358//15968 1350//15969
f 485//15970 226//15971 487//15972
f 226//15973 485//15974 340//15975
f 226//15976 340//15977 224//15978
f 224//15979 340//15980 338//15981
f 224//15982 338//15983 200//15984
f 200//15985 338//15986 203//15987
f 203//15988 338//15989 162//15990
f 162//15991 338//15992 134//15993
f 134//15994 338//15995 126//15996
f 126//15997 338//15998 261//15999
f 261//16000 338//16001 1342//16002
f 261//16003 1342//16004 368//16005
f 261//16006 368//16007 204//16008
f 368//16009 1342//16010 498//16011
f 368//16012 498//16013 320//16014
f 498//16015 1342//16016 634//16017
f 634//16018 1342//16019 600//16020
f 600//16021 1342//16022 701//16023
f 600//16024 701//16025 573//16026
f 573//16027 701//16028 562//16029
f 701//16030 1342//16031 813//16032
f 701//16033 813//16034 656//16035
f 813//16036 1342//16037 916//16038
f 813//16039 916//16040 752//16041
f 916//16042 1342//16043 1022//16044
f 916//16045 1022//16046 856//16047
f 1022//16048 1342//16049 994//16050
f 994//16051 1342//16052 987//16053
f 987//16054 1342//16055 1279//16056
f 1279//16057 1342//16058 1245//16059
f 1245//16060 1342//16061 1201//16062
f 1201//16063 1342//16064 1309//16065
f 1201//16066 1218//16067 1245//16068
f 856//16069 872//16070 916//16071
f 752//16072 773//16073 813//16074
f 656//16075 669//16076 701//16077
f 498//16078 361//16079 366//16080
f 361//16081 498//16082 634//16083
f 320//16084 337//16085 368//16086
f 204//16087 217//16088 261//16089
f 200//16090 84//16091 105//16092
f 84//16093 200//16094 203//16095
f 2460//16096 2201//16097 2462//16098
f 2201//16099 2460//16100 2199//16101
f 2199//16102 2460//16103 2348//16104
