####
#
#	OBJ File Generated by LightWave3D
#	LightWave3D OBJ Export v2.2
#
####
#	Object: Dorfhaus_2K1.lwo
#
#	                Vertices: 4964
#	                  Points: 0
#	                   Lines: 0
#	                   Faces: 10138
#	               Materials: 1
#
####

o Dorfhaus_2K1.lwo

#	             Vertex list

v -3.5776 0.2186 -2.5514
v -3.4526 0.2186 -2.5384
v -3.5776 -0.0002 -2.5518
v -3.4526 -0.0002 -2.5514
v -3.5776 0.4374 -2.5086
v -3.4526 0.4374 -2.5586
v -3.7026 0.875 -2.5842
v -3.5776 0.875 -2.5598
v -3.7026 0.6562 -2.6054
v -3.5776 0.6562 -2.5332
v -3.7026 0.4374 -2.5272
v -3.3276 1.0936 -2.5348
v -3.2026 1.0936 -2.5232
v -3.3276 0.875 -2.5428
v -3.2026 0.875 -2.5762
v -3.3276 1.3124 -2.5492
v -3.2026 1.3124 -2.563
v -3.7026 0.2186 -2.528
v -3.7026 -0.0002 -2.5366
v -3.4526 0.875 -2.5936
v -3.3276 0.4374 -2.5612
v -3.2026 0.6562 -2.5614
v -3.2026 0.4374 -2.5504
v -3.3276 0.2186 -2.5914
v -3.3276 0.6562 -2.5406
v -3.3276 -0.0002 -2.559
v -3.4526 0.6562 -2.5244
v -3.4526 1.0936 -2.5466
v -3.5776 1.3124 -2.5566
v -3.4526 1.3124 -2.5654
v -3.5776 1.0936 -2.5356
v -3.7026 1.3124 -2.554
v -3.7026 1.0936 -2.5686
v -3.7026 1.5312 -2.5662
v -3.5776 1.5312 -2.5808
v -3.8276 1.3124 -2.5882
v -3.8276 1.0936 -2.531
v -3.9526 1.3124 -2.5796
v -3.9526 1.0936 -2.582
v -3.8276 0.875 -2.5538
v -3.7026 1.75 -2.5478
v -3.5776 1.75 -2.5578
v -3.3276 1.5312 -2.5534
v -3.2026 1.75 -2.5214
v -3.2026 1.5312 -2.5224
v -3.4526 1.5312 -2.5784
v -3.3276 1.75 -2.5304
v -3.4526 1.75 -2.5424
v -5.0776 1.5312 -2.5848
v -5.0776 1.3124 -2.5266
v -5.0776 1.75 -2.5094
v -5.0776 0.875 -2.5648
v -4.9526 1.0936 -2.5728
v -4.9526 0.875 -2.5048
v -4.9526 1.75 -2.554
v -4.9526 1.5312 -2.566
v -5.0776 1.0936 -2.5556
v -4.8276 -0.0002 -2.5658
v -4.7026 0.2186 -2.521
v -4.7026 -0.0002 -2.5538
v -4.9526 1.3124 -2.5876
v -4.8276 1.3124 -2.5556
v -4.8276 0.875 -2.524
v -4.8276 1.75 -2.5112
v -4.8276 1.5312 -2.5318
v -4.7026 1.5312 -2.5358
v -4.7026 1.75 -2.591
v -4.8276 0.2186 -2.5388
v -5.0776 -0.0002 -2.5438
v -4.9526 0.2186 -2.5226
v -4.9526 -0.0002 -2.5318
v -5.0776 0.6562 -2.5466
v -5.0776 0.2186 -2.546
v -4.9526 0.4374 -2.537
v -3.2026 0.2186 -2.5506
v -3.2026 -0.0002 -2.5508
v -5.2026 -0.0002 -2.5482
v -4.9526 0.6562 -2.4988
v -4.8276 0.6562 -2.5334
v -4.7026 0.6562 -2.591
v -4.8276 0.4374 -2.5274
v -4.7026 0.4374 -2.556
v -3.7026 1.9686 -2.5912
v -3.5776 1.9686 -2.566
v -3.2026 2.8436 -2.5082
v -3.3276 2.625 -2.557
v -3.2026 2.625 -2.5486
v -3.5776 2.1874 -2.54
v -3.4526 2.1874 -2.5872
v -3.4526 1.9686 -2.565
v -3.7026 2.1874 -2.5402
v -3.4526 2.8436 -2.5264
v -3.3276 3.2812 -2.5474
v -3.2026 3.2812 -2.5648
v -3.2026 3.0624 -2.5272
v -3.3276 2.4062 -2.5332
v -3.3276 2.1874 -2.551
v -3.4526 2.4062 -2.5568
v -3.2026 2.4062 -2.564
v -3.5776 2.4062 -2.5256
v -3.7026 2.625 -2.5474
v -3.5776 2.625 -2.5138
v -3.2026 3.5 -2.5602
v -3.8276 2.8436 -2.5808
v -3.7026 2.8436 -2.5502
v -3.8276 2.625 -2.5228
v -3.8276 3.0624 -2.5396
v -3.7026 3.0624 -2.5682
v -3.5776 3.0624 -2.5632
v -3.5776 2.8436 -2.547
v -3.8276 3.2812 -2.5342
v -3.7026 3.2812 -2.544
v -3.8276 3.5 -2.5506
v -3.7026 3.5 -2.5696
v -3.9526 3.0624 -2.5462
v -3.9526 2.8436 -2.567
v -3.9526 2.625 -2.5504
v -3.4526 3.2812 -2.5102
v -3.5776 3.2812 -2.611
v -3.4526 3.5 -2.5414
v -3.3276 3.5 -2.577
v -3.5776 3.5 -2.5116
v -4.0776 1.3124 -2.5622
v -4.0776 1.0936 -2.571
v -4.2026 1.0936 -2.5266
v -4.0776 0.875 -2.5658
v -4.2026 0.875 -2.5478
v -4.2026 1.3124 -2.6068
v -3.9526 0.875 -2.5748
v -4.0776 1.5312 -2.5746
v -3.9526 0.2186 -2.5426
v -3.8276 0.4374 -2.5612
v -3.8276 0.2186 -2.5372
v -3.8276 -0.0002 -2.5804
v -3.9526 -0.0002 -2.5584
v -3.9526 0.4374 -2.5986
v -3.8276 1.75 -2.5544
v -3.8276 1.5312 -2.533
v -3.9526 1.75 -2.5408
v -3.9526 1.5312 -2.6032
v -4.0776 1.75 -2.533
v -4.0776 0.2186 -2.5506
v -4.0776 -0.0002 -2.5448
v -4.2026 -0.0002 -2.524
v -4.2026 0.4374 -2.5476
v -4.0776 0.4374 -2.5158
v -4.2026 0.2186 -2.5596
v -3.2026 1.9686 -2.5556
v -3.3276 1.9686 -2.5484
v -3.2026 2.1874 -2.505
v -3.9526 0.6562 -2.5518
v -3.8276 0.6562 -2.5392
v -4.2026 0.6562 -2.5426
v -4.0776 0.6562 -2.553
v -4.5776 1.0936 -2.5244
v 1.3024 2.625 2.5454
v 1.3024 2.4062 2.5326
v 1.4274 2.4062 2.558
v 1.4274 2.1874 2.5208
v 1.5524 2.4062 2.5558
v 1.4274 2.625 2.5752
v 1.4274 1.9686 2.5438
v 1.4274 1.75 2.5112
v 1.5524 1.75 2.5538
v 1.5524 2.1874 2.5644
v 1.5524 1.9686 2.5322
v 1.3024 2.1874 2.5332
v 1.5524 2.625 2.5644
v 1.6774 2.4062 2.5574
v 1.6774 2.1874 2.5754
v 1.6774 2.625 2.5476
v 1.6774 2.8436 2.536
v 1.5524 2.8436 2.537
v 1.6774 3.0624 2.5504
v 1.5524 3.0624 2.5148
v 1.8024 3.5 2.5002
v 1.6774 3.5 2.6092
v 1.6774 3.2812 2.5212
v 1.3024 1.9686 2.5394
v 1.3024 1.75 2.5908
v -5.2026 -0.0002 -2.25
v -5.2026 3.5 -2.25
v -3.2026 3.5 -2.25
v -4.9526 3.5 -2.5604
v -5.0776 3.5 -2.6094
v -5.2026 3.5 -2.5004
v 1.6774 1.9686 2.5446
v 1.6774 1.75 2.5092
v -3.2026 -0.0002 -2.25
v 1.0524 2.8436 2.5698
v 0.9274 2.8436 2.5422
v 1.0524 2.625 2.5598
v 0.9274 2.625 2.526
v 0.9274 3.2812 2.4862
v 0.8024 3.2812 2.5474
v 0.9274 3.0624 2.5308
v 0.8024 3.0624 2.5582
v 0.8024 2.8436 2.584
v 1.0524 3.0624 2.532
v 1.0524 3.2812 2.5392
v 1.1774 3.2812 2.567
v 1.1774 3.0624 2.6008
v 0.9274 3.5 2.5742
v 0.8024 3.5 2.5374
v 1.0524 3.5 2.555
v 1.1774 2.4062 2.503
v 1.1774 2.1874 2.5558
v 1.1774 2.625 2.5826
v 1.0524 1.9686 2.5902
v 1.0524 1.75 2.561
v 1.1774 1.75 2.5658
v 1.0524 2.4062 2.628
v 1.1774 1.9686 2.5764
v 0.8024 2.625 2.53
v 1.0524 2.1874 2.6022
v 1.4274 3.2812 2.5492
v 1.3024 3.2812 2.4902
v 1.4274 3.0624 2.4988
v 1.3024 3.0624 2.566
v 1.4274 3.5 2.5436
v 1.3024 3.5 2.5484
v 1.4274 2.8436 2.491
v 1.5524 3.2812 2.5914
v 1.5524 3.5 2.5602
v 1.1774 2.8436 2.5966
v 1.1774 3.5 2.5536
v 1.3024 2.8436 2.5626
v -4.5776 0.6562 -2.6014
v -4.4526 0.875 -2.5486
v -4.4526 0.6562 -2.561
v -4.5776 0.4374 -2.5856
v -4.5776 0.875 -2.499
v -4.4526 0.4374 -2.5368
v -4.3276 0.6562 -2.55
v -4.3276 0.4374 -2.53
v -4.3276 0.875 -2.528
v -4.4526 0.2186 -2.541
v -4.5776 0.2186 -2.5248
v -4.5776 -0.0002 -2.5678
v -4.4526 -0.0002 -2.556
v -4.3276 0.2186 -2.5964
v -4.3276 -0.0002 -2.5354
v -5.2 0.5974 -2.55
v -5.2 0.5974 -2.75
v -5.2 -0.0026 -2.75
v -5.2 -0.0026 -2.55
v -3.205 3.4924 -2.75
v -4.5776 1.75 -2.566
v -4.5776 1.5312 -2.5734
v -4.4526 1.75 -2.5612
v -4.5776 1.3124 -2.5262
v -4.4526 1.5312 -2.5466
v -4.4526 1.3124 -2.5102
v -4.4526 1.0936 -2.5072
v -4.3276 1.3124 -2.5354
v -4.3276 1.0936 -2.561
v -3.9526 3.5 -2.5442
v -4.0776 3.5 -2.5274
v -4.8276 3.5 -2.5438
v -4.2026 3.5 -2.5376
v -4.7026 3.5 -2.5486
v -4.4526 3.5 -2.5552
v -4.5776 3.5 -2.5538
v -4.3276 3.5 -2.5744
v -5.7 3.5 -2.25
v -5.7 3.5 -2.75
v -5.7 -0.0002 -2.75
v -5.7 -0.0002 -2.25
v -5.2 3.5 -2.75
v -5.2 3.5 -2.25
v -5.2 -0.0002 -2.75
v -5.2 -0.0002 -2.25
v -3.205 2.8924 -2.75
v -3.205 2.8924 -2.55
v -3.9526 3.2812 -2.534
v -0.3278 2.6246 -2.75
v -0.2028 2.6246 -2.75
v -0.2028 1.7496 -2.75
v -0.7028 1.7496 -2.75
v -0.7028 0.875 -2.75
v -0.7028 0.875 -2.6254
v -0.2028 3.4922 -2.75
v -0.2028 2.8924 -2.75
v -0.7028 2.6246 -2.6254
v -0.7028 1.7496 -2.25
v -0.7028 0.875 -2.25
v -0.7028 -0.0002 -2.25
v -0.7028 3.4996 -2.75
v -0.7028 2.6246 -2.75
v 0.2972 2.7686 -2.75
v 0.7974 2.0448 -2.75
v -0.4526 1.7496 -2.75
v -0.5778 0.875 -2.75
v -0.5778 2.6246 -2.75
v -0.7028 -0.0002 -2.75
v -0.2028 -0.0002 -2.75
v -0.2028 3.4996 -2.75
v 0.2972 2.3184 -2.75
v 0.2972 2.1686 -2.75
v -0.7028 3.4996 -2.25
v -0.7028 2.6246 -2.25
v 0.6098 -0.0002 -2.3934
v 0.7974 -0.0002 -2.25
v -0.2028 -0.0002 -2.25
v 0.0474 -0.0002 -2.5578
v 0.1722 -0.0002 -2.5518
v 0.6722 -0.0002 -2.5102
v 1.4222 -0.0002 -2.5366
v 1.2974 0.7212 -2.6002
v 1.2974 0.7212 -2.7004
v 1.7974 -0.0026 -2.55
v 1.2974 0.7212 -2.75
v 0.7974 1.4448 -2.75
v 1.7974 0.5974 -2.75
v 1.7974 -0.0026 -2.75
v 0.7974 1.7448 -2.75
v 1.2974 1.3212 -2.75
v 1.2974 1.171 -2.75
v 0.2972 2.1686 -2.7004
v 0.2972 2.1686 -2.6002
v -0.2028 2.8924 -2.5552
v -0.2028 2.8924 -2.6636
v -0.169 2.8436 -2.5562
v 1.6394 0.2258 -2.55
v 1.6446 0.2186 -2.5506
v 1.646 0.216 -2.55
v 1.2974 0.7212 -2.55
v -0.3278 0.875 -2.75
v -0.2028 0.875 -2.75
v -0.2028 0.875 -2.6254
v -0.2028 0.7368 -2.566
v -0.2028 0.6562 -2.5566
v -0.2028 2.6246 -2.6254
v -0.2028 0.2186 -2.4972
v -0.2028 -0.0002 -2.5038
v -0.2028 0.4372 -2.5406
v -0.2028 2.2552 -2.5722
v -0.2028 2.1872 -2.5634
v -0.2028 3.4996 -2.5786
v -0.2028 3.4922 -2.5768
v -0.2028 3.387 -2.55
v -0.2028 3.2812 -2.5236
v -0.2028 3.131 -2.55
v -0.2028 1.7496 -2.5734
v -0.2028 1.5312 -2.5376
v -0.2028 1.9686 -2.5544
v 0.5472 3.4996 -2.574
v 0.4224 3.4996 -2.55
v 0.6722 3.4996 -2.5402
v 1.2974 3.4996 -2.5596
v 1.1722 3.4996 -2.5496
v 0.9848 3.4996 -2.389
v 0.7974 3.4996 -2.25
v 0.1722 3.4996 -2.5276
v 1.6724 3.4996 -2.5428
v -0.2028 3.4996 -2.25
v 0.9224 3.4996 -2.5662
v -0.0776 3.4996 -2.535
v 1.5472 3.4996 -2.518
v 1.4222 3.4996 -2.5608
v 0.2972 3.4996 -2.567
v 1.0472 3.4996 -2.5674
v -0.2028 2.6246 -2.5142
v -0.2028 2.4062 -2.592
v 0.2972 -0.0002 -2.535
v 0.5472 -0.0002 -2.5102
v 0.4224 -0.0002 -2.5392
v 0.9224 -0.0002 -2.544
v 1.1722 -0.0002 -2.5604
v 1.2974 -0.0002 -2.5496
v 1.0472 -0.0002 -2.5752
v 1.5472 -0.0002 -2.5816
v 1.6724 -0.0002 -2.5124
v -0.0776 -0.0002 -2.5344
v 1.7974 -0.0002 -2.528
v 1.7974 -0.0002 -2.25
v 0.7974 -0.0002 -2.5662
v -0.2028 2.8436 -2.5532
v -0.2028 3.4922 -2.747
v -0.2028 3.4922 -2.7492
v -0.2028 1.3122 -2.5592
v -0.2028 1.0936 -2.528
v -0.2028 0.875 -2.582
v -0.2028 1.3914 -2.5514
v 1.3434 0.9818 -2.55
v 1.2974 0.9182 -2.55
v 1.3416 0.7974 -2.55
v 0.7996 1.443 -2.55
v 0.7974 1.4448 -2.55
v 0.8 1.4408 -2.55
v 1.3966 0.6562 -2.55
v 1.4222 0.5546 -2.55
v 1.3792 0.7008 -2.55
v -0.1192 3.3714 -2.55
v -0.1188 3.3528 -2.55
v -0.0776 2.8904 -2.55
v 1.6014 0.7802 -2.55
v 1.5984 0.7658 -2.55
v 0.006 3.19 -2.55
v -0.0218 3.1834 -2.55
v 1.6724 0.2098 -2.55
v 1.6806 0.2038 -2.55
v 0.3124 2.3102 -2.55
v 0.3116 2.302 -2.55
v 0.5462 2.033 -2.55
v 1.4802 0.5546 -2.55
v 1.6394 0.4952 -2.55
v 1.5472 0.5636 -2.55
v 1.5766 0.6562 -2.55
v 1.5784 0.6516 -2.55
v 0.4224 2.3466 -2.55
v 0.5332 2.212 -2.55
v 0.3186 2.3686 -2.55
v 0.5748 2.1872 -2.55
v 0.6722 2.14 -2.55
v 0.8862 1.8128 -2.55
v 0.8108 1.7496 -2.55
v 0.9224 1.6868 -2.55
v 0.7996 1.4434 -2.55
v 0.2604 2.822 -2.55
v 0.235 2.8584 -2.55
v 0.2424 2.7822 -2.55
v 1.0472 1.2984 -2.55
v 1.0302 1.2476 -2.55
v 1.0744 1.21 -2.55
v 1.1096 1.0936 -2.55
v 1.0016 1.149 -2.55
v 1.1722 0.91 -2.55
v 1.2784 0.9078 -2.55
v 0.6844 2.1066 -2.55
v 1.0038 1.1698 -2.55
v 1.1402 1.3512 -2.55
v 0.9966 1.5162 -2.55
v 1.0472 1.3264 -2.55
v 1.1316 1.5312 -2.55
v 0.9572 1.6092 -2.55
v 1.139 1.4554 -2.55
v 1.1194 1.5784 -2.55
v 0.1722 2.8856 -2.55
v 0.1214 2.812 -2.55
v 0.0474 2.8132 -2.55
v -0.0526 2.7652 -2.55
v 0.1522 2.5916 -2.55
v 1.4222 0.7148 -2.55
v 1.3034 1.3122 -2.57
v 1.5472 0.959 -2.557
v 1.3974 1.1762 -2.55
v 1.2974 1.3212 -2.7004
v 1.2974 1.3212 -2.6002
v 1.4746 1.0642 -2.55
v 1.5848 0.9048 -2.55
v 0.0158 3.0622 -2.55
v 0.025 2.883 -2.55
v 0.9926 1.5312 -2.55
v 0.1426 2.4964 -2.55
v -0.0474 2.7142 -2.55
v 1.423 1.0922 -2.55
v 0.6076 1.7496 -2.55
v 0.2972 2.1686 -2.55
v 0.6134 1.711 -2.55
v 0.5484 1.9556 -2.55
v 0.7346 1.9686 -2.55
v 0.5492 2.0296 -2.55
v 0.7364 1.8148 -2.55
v 0.2272 2.7474 -2.55
v 0.1722 2.7206 -2.55
v -0.1786 3.0622 -2.55
v 1.4966 0.852 -2.55
v 1.5178 0.7078 -2.55
v 1.1486 1.3534 -2.55
v 0.1558 2.6246 -2.55
v 0.8692 1.9408 -2.55
v 0.7974 1.4572 -2.55
v 1.594 0.875 -2.55
v 1.5978 0.826 -2.55
v 0.1172 2.9398 -2.55
v 0.1038 2.8436 -2.55
v 0.5472 2.057 -2.55
v 0.4952 2.301 -2.55
v 0.6722 1.8782 -2.55
v 0.1332 2.4062 -2.5886
v -0.0776 2.7112 -2.5748
v -0.0624 2.689 -2.5644
v -0.0418 2.6596 -2.55
v 0.1228 2.4214 -2.5826
v 0.0644 2.5054 -2.55
v 0.1432 2.3916 -2.5848
v 0.5432 1.9756 -2.55
v 0.541 1.9686 -2.55
v 0.658 2.2124 -2.55
v 0.6574 2.2474 -2.55
v 0.615 2.1994 -2.55
v 0.5536 1.9686 -2.55
v 0.2964 2.1694 -2.55
v 0.2842 2.1872 -2.553
v 0.1722 2.3496 -2.5738
v 1.6724 0.3104 -2.55
v 1.6524 0.2536 -2.55
v 1.6766 0.4298 -2.55
v 1.4216 1.0936 -2.55
v 1.3966 1.0572 -2.55
v 0.2972 2.1716 -2.55
v 1.4568 0.9884 -2.55
v 0.1392 2.4642 -2.55
v 0.7934 1.4504 -2.55
v 1.7554 0.5104 -2.55
v 1.6948 0.4372 -2.55
v 0.3008 2.1812 -2.55
v -0.0568 2.8068 -2.55
v 0.445 2.5548 -2.55
v 0.4502 2.4062 -2.55
v 1.4932 0.875 -2.55
v 1.3536 0.9952 -2.55
v 0.7912 1.7604 -2.55
v 0.5472 1.96 -2.55
v 0.2994 2.1872 -2.55
v 0.0474 3.4996 -2.537
v -4.4526 2.625 -2.5598
v -4.3276 2.8436 -2.5424
v -4.3276 2.625 -2.5262
v -4.4526 3.0624 -2.5324
v -4.3276 3.0624 -2.531
v -4.4526 2.8436 -2.57
v -4.2026 3.2812 -2.5476
v -4.2026 3.0624 -2.5584
v -4.2026 2.8436 -2.5842
v -4.3276 3.2812 -2.4864
v -4.4526 3.2812 -2.5394
v -4.5776 3.0624 -2.601
v -4.2026 2.625 -2.5302
v -4.7026 2.625 -2.5458
v -4.5776 2.625 -2.583
v -4.7026 2.4062 -2.5328
v -4.5776 2.4062 -2.5034
v -4.7026 2.1874 -2.5334
v -4.5776 2.1874 -2.5562
v -4.4526 2.4062 -2.6282
v -4.4526 2.1874 -2.6024
v -4.7026 1.9686 -2.5394
v -4.5776 1.9686 -2.5766
v -4.4526 1.9686 -2.5904
v -4.5776 3.2812 -2.5672
v -4.7026 3.2812 -2.4904
v -4.7026 3.0624 -2.5662
v -4.8276 3.0624 -2.499
v -4.9526 2.8436 -2.5372
v -4.8276 2.8436 -2.4912
v -4.9526 2.625 -2.5648
v -4.8276 3.2812 -2.5494
v -4.8276 2.625 -2.5754
v -4.9526 3.0624 -2.515
v -5.0776 3.0624 -2.5506
v -4.9526 3.2812 -2.5916
v -5.0776 3.2812 -2.5214
v -4.7026 2.8436 -2.5628
v -4.5776 2.8436 -2.5966
v -3.8276 1.9686 -2.528
v -4.0776 2.8436 -2.549
v -4.0776 2.625 -2.4988
v -3.8276 2.4062 -2.5422
v -3.9526 2.4062 -2.5498
v -4.0776 3.0624 -2.5354
v -4.0776 3.2812 -2.5344
v -4.3276 2.1874 -2.5736
v -4.3276 1.9686 -2.5564
v -4.2026 1.9686 -2.5166
v -4.2026 2.1874 -2.5634
v -4.3276 2.4062 -2.5428
v -4.2026 2.4062 -2.5608
v -4.0776 1.9686 -2.5306
v -4.0776 2.4062 -2.5602
v -4.0776 2.1874 -2.509
v 0.2972 0.875 -2.25
v -0.2028 1.7496 -2.25
v -0.2028 0.875 -2.25
v -0.5778 0.875 -2.25
v -0.5778 2.6246 -2.25
v 0.2972 2.6246 -2.25
v -0.2028 2.6246 -2.25
v -0.4526 1.7496 -2.25
v -0.3278 0.875 -2.25
v 0.5472 3.0622 -2.25
v 1.2974 2.6246 -2.25
v 0.7974 1.7496 -2.25
v -0.3278 2.6246 -2.25
v 0.7974 3.4996 -2.5796
v -4.8276 2.4062 -2.5582
v -4.8276 2.1874 -2.521
v -4.9526 2.1874 -2.5648
v -4.9526 1.9686 -2.5324
v -4.8276 1.9686 -2.544
v -5.0776 2.4062 -2.5574
v -4.9526 2.4062 -2.556
v -5.0776 2.1874 -2.5756
v -5.0776 2.625 -2.548
v -5.0776 2.8436 -2.5362
v 1.2974 0.875 -2.25
v 0.5472 0.4372 -2.25
v -5.0776 1.9686 -2.5448
v -2.1876 2.3704 -2.5504
v -2.1896 2.3748 -2.5504
v -2.1876 1.7862 -2.5504
v -2.1988 1.75 -2.5504
v -2.3902 1.75 -2.5504
v -2.201 1.6914 -2.5504
v -1.338 1.75 -2.5504
v -1.5986 1.75 -2.5504
v -1.5298 1.6464 -2.5504
v -2.5494 1.3988 -2.5504
v -2.7002 1.3148 -2.5504
v -2.5658 1.1944 -2.5504
v -0.7028 0.3498 -2.5504
v -1.4042 0.5078 -2.5504
v -0.9526 0.271 -2.5504
v -0.7028 -0.0002 -2.5504
v -2.4334 1.75 -2.5504
v -2.5468 1.75 -2.5504
v -2.442 1.7426 -2.5504
v -2.1876 1.75 -2.5504
v -2.1962 1.6868 -2.5504
v -2.65 1.75 -2.5504
v -2.7002 1.75 -2.5504
v -1.1398 2.9998 -2.5504
v -1.1942 2.9998 -2.5504
v -1.1734 2.7574 -2.5504
v -2.4296 1.7158 -2.5504
v -2.7002 1.1498 -2.5504
v -2.4546 1.0944 -2.5504
v -2.7002 1.6266 -2.5504
v -2.5728 1.5312 -2.5504
v -1.8978 1.6002 -2.5504
v -2.0896 1.5764 -2.5504
v -2.046 1.5312 -2.5504
v -0.9202 0.2186 -2.5504
v -1.951 0.9278 -2.5504
v -2.4426 1.0918 -2.5504
v -1.984 0.9034 -2.5504
v -2.0858 0.9036 -2.5504
v -1.7016 0.9248 -2.5504
v -1.8022 0.875 -2.5504
v -1.7016 0.7498 -2.5504
v -1.202 0.5702 -2.5504
v -1.238 0.5644 -2.5504
v -1.0882 0.5562 -2.5504
v -1.9372 0.8442 -2.5504
v -2.3226 0.9984 -2.5504
v -2.3612 2.4856 -2.5504
v -2.3902 2.156 -2.5504
v -2.3512 2.1482 -2.5504
v -2.3902 2.4556 -2.5504
v -1.0016 0.2618 -2.5504
v -1.1 0.2286 -2.5504
v -1.4696 0.5224 -2.5504
v -1.7016 0.5748 -2.5504
v -1.4518 0.481 -2.5504
v -2.471 1.058 -2.5504
v -1.907 1.6504 -2.5504
v -1.0614 2.3748 -2.5504
v -1.0852 2.2538 -2.5504
v -1.0102 2.0958 -2.5504
v -1.202 1.542 -2.5504
v -1.2168 1.5642 -2.5504
v -1.4472 1.5 -2.5504
v -2.2352 2.9998 -2.5504
v -2.294 2.9466 -2.5504
v -2.1876 2.8926 -2.5504
v -2.343 1.5312 -2.5504
v -2.349 1.5438 -2.5504
v -2.3534 1.5 -2.5504
v -1.138 2.9998 -2.5504
v -1.1302 2.6872 -2.5504
v -1.0622 2.6314 -2.5504
v -1.0852 2.8024 -2.5504
v -2.4538 1.0936 -2.5504
v -2.4504 1.097 -2.5504
v -2.197 1.8076 -2.5504
v -1.1592 1.5312 -2.5504
v -1.0908 1.5 -2.5504
v -2.414 1.75 -2.5504
v -2.201 0.904 -2.5504
v -1.951 0.729 -2.5504
v -1.9688 0.7286 -2.5504
v -2.4862 1.0264 -2.5504
v -1.8866 1.75 -2.5504
v -1.92 1.7226 -2.5504
v -1.5264 0.6562 -2.5504
v -1.5524 0.69 -2.5504
v -2.042 1.1208 -2.5504
v -2.201 1.1346 -2.5504
v -2.3866 1.3122 -2.5504
v -1.29 1.6764 -2.5504
v -2.5702 1.5162 -2.5504
v -1.4986 1.5996 -2.5504
v -1.0102 1.9962 -2.5504
v -1.028 1.9222 -2.5504
v -1.0102 1.75 -2.5504
v -2.3888 2.99 -2.5504
v -2.3092 2.0622 -2.5504
v -1.1314 2.4986 -2.5504
v -1.0942 2.2678 -2.5504
v -1.031 1.8782 -2.5504
v -2.3632 2.6872 -2.5504
v -2.316 2.0802 -2.5504
v -2.3858 1.3188 -2.5504
v -2.552 1.4144 -2.5504
v -1.0102 2.9998 -2.5504
v -1.058 2.9998 -2.5504
v -1.0102 2.848 -2.5504
v -1.0102 2.24 -2.5504
v -1.2128 2.9998 -2.5504
v -1.2128 2.8216 -2.5504
v -2.445 1.0936 -2.5504
v -0.7028 1.75 -2.5504
v -0.7058 1.75 -2.5504
v -0.9536 1.7184 -2.5504
v -1.8848 1.5312 -2.5504
v -2.059 1.5 -2.5504
v -1.8754 1.5 -2.5504
v -0.8626 1.5312 -2.5504
v -0.851 1.5182 -2.5504
v -0.9526 1.714 -2.5504
v -1.3302 0.5494 -2.5504
v -2.2456 2.6872 -2.5504
v -0.8362 1.75 -2.5504
v -0.8556 1.75 -2.5504
v -0.7028 1.5 -2.5504
v -2.3788 2.9998 -2.5504
v -1.0986 0.578 -2.5504
v -2.1896 2.3794 -2.5504
v -1.4532 1.5312 -2.5504
v -1.4518 1.5054 -2.5504
v -1.455 1.5338 -2.5504
v -2.5672 1.5 -2.5504
v -1.677 0.8532 -2.5504
v -1.6506 0.875 -2.5504
v -0.9526 0.1808 -2.5504
v -1.0548 0.2026 -2.5504
v -1.935 0.8606 -2.5504
v -1.6282 0.8828 -2.5504
v -0.9292 0.1982 -2.5504
v -1.0102 2.6552 -2.5504
v -0.834 1.5 -2.5504
v -1.0102 2.7426 -2.5504
v -2.3902 2.8038 -2.5504
v -2.3902 2.9882 -2.5504
v -2.316 2.0504 -2.5504
v -2.3902 2.0482 -2.5504
v -0.964 1.75 -2.5504
v -1.0398 1.75 -2.5504
v -1.1314 2.4886 -2.5504
v -1.163 2.3748 -2.5504
v -2.1876 2.9998 -2.5504
v -3.075 2.625 -2.75
v -2.7002 3.5 -2.75
v -2.8252 2.625 -2.75
v -2.7002 2.625 -2.75
v -2.7002 1.75 -2.75
v -3.2002 2.625 -2.75
v -3.2002 3.5 -2.75
v -3.2002 1.75 -2.75
v -2.9504 1.75 -2.75
v -1.7016 1.75 -2.75
v -1.7016 1.6248 -2.75
v -2.7002 1.5 -2.75
v -3.2002 0.875 -2.75
v -3.075 0.875 -2.75
v -3.2002 -0.0002 -2.75
v -2.8252 0.875 -2.75
v -2.7002 -0.0002 -2.75
v -1.7016 0.5748 -2.6502
v -1.7016 0.5748 -2.75
v -2.7002 1.1498 -2.75
v -1.7016 0.9248 -2.75
v -2.7002 0.875 -2.75
v -0.7028 0.3498 -2.75
v -1.7016 1.5 -2.75
v -1.7016 0.7498 -2.75
v -0.7028 1.75 -2.75
v -0.7028 1.5 -2.75
v -1.0826 0.2186 -2.551
v -2.7002 1.5 -2.7146
v -1.7016 1.5 -2.6502
v -0.9526 1.5 -2.5566
v -2.6646 1.5 -2.57
v -2.611 1.5 -2.5592
v -2.7002 1.5 -2.5722
v -1.4518 1.5 -2.5504
v -0.9168 1.5 -2.5592
v -1.6658 1.5 -2.5982
v -2.201 1.5 -2.5852
v -1.7016 1.5 -2.6028
v -2.1654 1.5 -2.5726
v -1.7016 0.9248 -2.6502
v -2.5962 1.44 -2.5582
v -2.3746 1.3122 -2.5536
v -2.201 1.2122 -2.5718
v -2.6062 1.4456 -2.5596
v -2.7002 3.2498 -2.7496
v -1.7018 3.125 -2.7496
v -2.7002 2.9998 -2.7496
v -1.7018 3.2498 -2.7496
v -0.7032 3.2498 -2.7496
v -1.7018 2.9998 -2.7496
v -0.7032 2.9998 -2.7496
v -1.0102 2.8158 -2.5562
v -1.0102 1.75 -2.6502
v -1.7018 3.2498 -2.65
v -0.7218 3.2498 -2.5522
v -0.7032 3.2498 -2.5518
v -0.7032 3.248 -2.5518
v -0.7032 3.238 -2.55
v -0.7032 2.9998 -2.55
v -1.0102 2.9998 -2.5808
v -1.0102 2.9998 -2.6502
v -1.0102 1.75 -2.5812
v -1.0102 1.75 -2.5578
v -1.0102 2.5036 -2.5718
v -1.0102 2.3748 -2.5718
v -1.0102 2.0622 -2.553
v -1.7018 3.2498 -2.5518
v -2.7002 3.2498 -2.55
v -1.7018 3.125 -2.55
v -1.7018 2.9998 -2.55
v -1.5628 2.9998 -2.55
v -2.4516 3.2186 -2.55
v -2.5378 3.209 -2.55
v -1.257 3.0134 -2.55
v -1.202 3.0098 -2.55
v -1.945 3.0942 -2.55
v -1.7394 3.0094 -2.55
v -2.0636 3.2498 -2.55
v -2.201 3.2466 -2.55
v -0.8774 3.228 -2.55
v -2.7002 3.1656 -2.55
v -2.0918 3.1736 -2.55
v -1.7018 3.245 -2.55
v -1.1392 2.9998 -2.55
v -1.138 2.9998 -2.55
v -1.058 2.9998 -2.55
v -1.202 3.2498 -2.5558
v -1.7016 3.2498 -2.5518
v -1.7398 2.9998 -2.55
v -2.7002 3.2498 -2.7146
v -2.7002 3.2498 -2.6432
v -1.0708 3.2168 -2.55
v -1.202 3.2384 -2.55
v -1.6878 3.2462 -2.55
v -2.0186 3.125 -2.55
v -1.7016 3.245 -2.55
v -2.3902 2.9998 -2.551
v -2.3902 2.9998 -2.5622
v -2.3902 2.9942 -2.5506
v -0.7138 1.75 -2.5454
v -0.7028 1.75 -2.5452
v -1.7016 1.75 -2.6502
v -1.2128 1.75 -2.5504
v -1.4518 1.75 -2.518
v -1.2128 1.75 -2.4324
v -0.8708 1.75 -2.5474
v -0.9526 1.75 -2.5484
v -0.9406 1.75 -2.534
v -2.3902 1.75 -2.6502
v -2.1876 1.75 -2.6502
v -0.8302 1.75 -2.5552
v -0.9578 1.75 -2.531
v -1.7016 1.75 -2.5504
v -1.951 1.75 -2.5422
v -0.7262 1.75 -2.5526
v -2.4322 1.75 -2.5484
v -0.7028 1.75 -2.5518
v -2.4504 1.75 -2.5492
v -1.2128 1.75 -2.6502
v -2.1876 1.75 -2.5358
v -1.4518 1.75 -2.3942
v -2.1876 1.75 -2.5384
v -2.229 1.75 -2.5396
v -2.407 1.75 -2.5474
v -2.316 1.75 -2.5086
v -1.2128 1.75 -2.3696
v -0.8402 1.75 -2.547
v -1.7016 1.75 -2.5726
v -2.3902 1.75 -2.5812
v -2.4438 1.75 -2.563
v -2.5326 1.75 -2.5384
v -2.1876 1.75 -2.554
v -2.5226 1.75 -2.5682
v -2.6208 1.75 -2.5582
v -2.572 1.75 -2.5712
v -1.2128 1.75 -2.5856
v -1.2128 1.75 -2.3484
v -1.6 1.75 -2.25
v -1.2128 1.75 -2.25
v -1.6 1.75 -2.3088
v -2.7002 1.75 -2.5366
v -2.6712 1.75 -2.5206
v -2.7002 1.75 -2.5168
v -1.8004 1.75 -2.3072
v -2.1876 1.75 -2.5306
v -2.1876 1.75 -2.25
v -2.1876 1.75 -2.6016
v -1.8004 1.75 -2.4002
v -1.2128 1.75 -2.5618
v -1.6 1.75 -2.4002
v -1.8004 1.75 -2.25
v -1.7016 1.75 -2.25
v -2.201 1.3122 -2.25
v -1.7016 0.875 -2.25
v -0.7028 2.9998 -2.25
v -0.9578 2.3748 -2.25
v -0.7028 1.75 -2.25
v -2.7002 0.875 -2.25
v -2.201 0.4372 -2.25
v -1.202 0.4372 -2.25
v -1.7016 -0.0002 -2.25
v -1.202 1.3122 -2.25
v -2.4438 2.3748 -2.25
v -2.7002 1.75 -2.25
v -3.075 2.625 -2.25
v -3.2002 2.625 -2.25
v -3.2002 1.75 -2.25
v -0.7028 3.5 -2.25
v -1.7016 3.2498 -2.25
v -2.9504 1.75 -2.25
v -3.075 0.875 -2.25
v -3.2002 0.875 -2.25
v -3.2002 -0.0002 -2.25
v -1.7016 2.9998 -2.25
v -1.6 2.9998 -2.25
v -3.2002 3.5 -2.25
v -2.8252 2.625 -2.25
v -2.1876 2.9998 -2.25
v -2.7002 2.9998 -2.25
v -1.8004 2.9998 -2.25
v -1.2128 2.9998 -2.25
v -0.7028 2.0622 -2.5548
v -2.7002 -0.0002 -2.25
v -1.7016 3.5 -2.25
v -2.8252 0.875 -2.25
v -2.7002 3.5 -2.25
v -2.7002 2.625 -2.25
v -1.202 3.5 -2.5388
v -1.7016 3.5 -2.5662
v -1.951 3.5 -2.3942
v -2.7002 3.5 -2.5756
v -2.201 3.5 -2.5318
v -0.7028 3.5 -2.5908
v -0.9526 -0.0002 -2.537
v -0.7028 -0.0002 -2.5232
v -1.951 -0.0002 -2.3924
v -2.7002 -0.0002 -2.5418
v -2.4504 -0.0002 -2.5822
v -1.202 -0.0002 -2.5346
v -1.7016 -0.0002 -2.5306
v -2.7002 3.3748 -2.5562
v -2.7002 3.2498 -2.5392
v -2.7002 2.625 -2.625
v -2.7002 2.3748 -2.5488
v -2.7002 2.1798 -2.5618
v -2.7002 2.9998 -2.6786
v -2.7002 2.6872 -2.5574
v -2.7002 2.625 -2.5556
v -2.7002 1.3122 -2.55
v -2.7002 1.1498 -2.6644
v -2.7002 1.1498 -2.586
v -2.7002 0.875 -2.625
v -2.7002 1.0936 -2.5294
v -2.7002 0.875 -2.5324
v -2.3902 2.0622 -2.5522
v -1.2128 2.9998 -2.6502
v -2.3902 2.9998 -2.6502
v -2.1876 2.9998 -2.6502
v -2.3902 2.6872 -2.567
v -2.3902 2.9998 -2.5812
v -2.3902 2.5562 -2.5674
v -1.8004 2.9998 -2.4002
v -1.951 -0.0002 -2.5288
v -2.201 -0.0002 -2.5254
v -1.4518 -0.0002 -2.5808
v -1.6 2.9998 -2.4002
v -1.7016 2.9998 -2.4002
v -2.1876 2.9998 -2.5718
v -2.1876 2.3738 -2.5504
v -2.1876 2.0622 -2.5202
v -2.1876 2.6184 -2.5504
v -2.1876 2.7102 -2.5504
v -2.1876 2.9998 -2.6012
v -2.1876 2.9998 -2.5376
v -2.1876 2.9998 -2.4032
v -2.1876 2.6872 -2.574
v -2.1876 2.3748 -2.5506
v -1.2128 1.75 -2.6012
v -2.201 1.75 -2.5384
v -2.7002 2.0622 -2.5696
v -2.7002 2.9998 -2.5566
v -2.7002 0.7008 -2.5506
v -2.7002 0.6562 -2.5556
v -2.7002 0.4372 -2.524
v -2.7002 0.2186 -2.5246
v 0.8024 0.875 2.5476
v 0.6774 1.0936 2.571
v 0.6774 0.875 2.5656
v 0.8024 1.3124 2.6064
v 0.6774 1.3124 2.562
v 0.8024 1.0936 2.5264
v 0.3024 0.2186 2.5278
v 0.3024 -0.0002 2.5364
v 0.4274 -0.0002 2.5802
v 0.5524 1.3124 2.5792
v 0.5524 1.0936 2.5818
v 0.5524 -0.0002 2.5582
v 0.4274 0.2186 2.537
v 0.5524 0.4374 2.5982
v 0.4274 0.4374 2.561
v 0.5524 0.2186 2.5424
v 0.3024 0.6562 2.6052
v 0.3024 0.4374 2.5268
v 0.5524 0.875 2.5746
v 0.5524 1.75 2.5406
v 0.4274 1.75 2.5542
v 0.5524 1.5312 2.603
v 0.4274 1.5312 2.5328
v 0.4274 1.3124 2.5878
v 0.3024 1.5312 2.566
v 0.3024 1.3124 2.554
v 0.3024 1.75 2.5476
v 0.6774 1.75 2.5328
v 0.6774 1.5312 2.5744
v 0.4274 0.6562 2.539
v -0.1976 1.9686 2.5554
v -0.1976 1.75 2.5214
v -0.0726 1.75 2.5302
v 0.8024 0.2186 2.5594
v 0.6774 0.2186 2.5502
v 0.8024 -0.0002 2.5238
v -0.0726 1.9686 2.548
v -0.1976 2.1874 2.5048
v 0.6774 0.4374 2.5156
v 0.6774 -0.0002 2.5448
v 0.8024 0.4374 2.5474
v -0.1976 2.4062 2.5638
v -0.0726 2.1874 2.5508
v 0.0524 1.9686 2.5648
v 0.0524 1.75 2.5422
v -0.0726 2.4062 2.533
v -0.1976 2.625 2.5484
v 0.0524 2.1874 2.587
v 0.5524 0.6562 2.5516
v 0.6774 0.6562 2.5528
v 0.4274 0.875 2.5536
v 0.3024 0.875 2.584
v 0.8024 0.6562 2.5424
v 0.1774 0.4374 2.5084
v 0.0524 0.4374 2.5584
v 0.1774 0.2186 2.551
v 0.0524 0.2186 2.5382
v 0.1774 0.6562 2.5332
v 0.1774 -0.0002 2.5516
v 0.0524 -0.0002 2.5512
v -0.0726 1.3124 2.549
v -0.1976 1.3124 2.5628
v -0.0726 1.0936 2.5346
v -0.1976 1.0936 2.523
v 0.0524 1.3124 2.5654
v 0.0524 1.0936 2.5464
v -0.0726 0.875 2.5424
v -0.1976 0.875 2.5762
v 0.1774 0.875 2.5598
v -0.0726 0.6562 2.5404
v -0.1976 0.6562 2.5614
v -0.0726 0.4374 2.561
v 0.0524 0.6562 2.5242
v -0.0726 0.2186 2.5912
v -0.0726 -0.0002 2.5588
v -0.1976 0.4374 2.5502
v 0.0524 0.875 2.5936
v 0.1774 1.3124 2.5564
v 0.3024 1.0936 2.5686
v 0.1774 1.0936 2.5354
v 0.4274 1.0936 2.5308
v 0.1774 1.5312 2.5806
v -0.0726 1.5312 2.5532
v 0.0524 1.5312 2.5782
v -0.1976 1.5312 2.5224
v 0.1774 1.75 2.5578
v 0.4274 1.9686 2.5278
v 0.3024 2.1874 2.54
v 0.3024 1.9686 2.591
v 0.6774 2.8436 2.549
v 0.4274 2.625 2.5226
v 0.4274 2.4062 2.542
v 0.5524 2.4062 2.5496
v 0.3024 2.625 2.5474
v 0.5524 2.625 2.5502
v 0.6774 2.625 2.4986
v 0.6774 3.5 2.5272
v 0.5524 3.5 2.544
v 0.6774 3.2812 2.5342
v 0.5524 3.2812 2.5338
v 0.4274 3.2812 2.534
v 0.5524 3.0624 2.546
v 0.4274 3.0624 2.5394
v 0.6774 3.0624 2.5352
v 0.5524 2.8436 2.5668
v 0.9274 1.9686 2.5562
v 0.9274 2.1874 2.5734
v 0.8024 2.4062 2.5606
v 0.8024 2.1874 2.5634
v 0.8024 1.9686 2.5164
v 0.9274 2.4062 2.5428
v 0.6774 2.4062 2.56
v 0.6774 2.1874 2.5088
v 0.6774 1.9686 2.5302
v -0.1976 2.8436 2.508
v -0.0726 2.625 2.5568
v -0.1976 3.0624 2.527
v 0.1774 2.1874 2.5398
v 0.1774 1.9686 2.5658
v -0.0726 3.2812 2.5472
v -0.1976 3.2812 2.5644
v -0.0726 3.5 2.5768
v -0.1976 3.5 2.56
v 0.0524 2.8436 2.5264
v 0.0524 2.4062 2.5568
v 0.1774 2.4062 2.5254
v 0.1774 2.625 2.5136
v 0.0524 3.2812 2.51
v 0.3024 3.0624 2.568
v 0.4274 2.8436 2.5806
v 0.3024 2.8436 2.55
v 0.1774 2.8436 2.5468
v 0.4274 3.5 2.5506
v 0.3024 3.5 2.5694
v 0.3024 3.2812 2.5438
v 0.1774 3.0624 2.563
v 0.0524 3.5 2.5412
v 0.1774 3.2812 2.6108
v 0.1774 3.5 2.5114
v -0.1976 3.5 2.2498
v -0.1976 -0.0002 2.2498
v -0.1976 -0.0002 2.5506
v 1.5524 -0.0002 2.5316
v 1.8024 -0.0002 2.2498
v 1.6774 -0.0002 2.5436
v 1.8024 -0.0002 2.548
v 1.8024 3.5 2.2498
v -0.1976 0.2186 2.5502
v 2.2998 3.5 2.7498
v 1.8 3.5 2.2498
v 1.8 3.5 2.7498
v 2.2998 3.5 2.2498
v -0.195 2.8924 2.7498
v -0.195 2.8924 2.5498
v 1.8 -0.0026 2.7498
v 1.8 -0.0026 2.5498
v 1.8 -0.0002 2.7498
v 2.2998 -0.0002 2.7498
v 2.2998 -0.0002 2.2498
v -0.195 3.4924 2.7498
v 1.8 0.5974 2.7498
v 1.8 0.5974 2.5498
v 0.9274 -0.0002 2.5352
v 1.0524 -0.0002 2.5558
v 1.1774 -0.0002 2.5676
v 1.3024 -0.0002 2.5536
v 1.4274 -0.0002 2.5656
v 1.8 -0.0002 2.2498
v -2.2226 0.875 -2.5526
v -2.4504 1.0062 -2.554
v -2.1594 0.8382 -2.5514
v -2.201 0.8624 -2.5526
v -3.2002 0.875 -2.3752
v -3.2002 0.875 -2.625
v -3.2002 2.625 -2.3752
v -3.2002 2.625 -2.625
v -3.2002 1.75 -2.5002
v -1.202 0.6372 -2.5558
v -1.1398 0.6016 -2.5536
v -1.2346 0.6562 -2.5578
v -1.4518 0.781 -2.5574
v -1.6146 0.875 -2.551
v 1.6774 1.5312 2.5844
v 1.6774 1.3124 2.5264
v 1.6774 1.0936 2.5554
v 1.5524 1.0936 2.5726
v 1.6774 0.875 2.5646
v 1.5524 0.875 2.5048
v 1.5524 1.5312 2.5658
v 1.4274 0.2186 2.5386
v 1.3024 0.2186 2.5208
v 1.5524 1.3124 2.5874
v 1.4274 0.875 2.5238
v 1.4274 1.3124 2.5554
v 1.3024 1.5312 2.5354
v 1.4274 1.5312 2.5316
v 1.3024 0.4374 2.5558
v 1.6774 0.2186 2.5458
v 1.5524 0.2186 2.5224
v 1.5524 0.4374 2.5368
v 1.6774 0.6562 2.5464
v 1.4274 0.4374 2.5272
v 1.3024 0.6562 2.5908
v 1.4274 0.6562 2.5332
v 1.5524 0.6562 2.4986
v 1.1774 0.875 2.4988
v 1.1774 0.6562 2.6014
v 1.0524 0.875 2.5484
v 1.1774 0.4374 2.5854
v 1.0524 0.6562 2.5608
v 1.0524 0.4374 2.5366
v 0.9274 0.6562 2.5498
v 1.1774 0.2186 2.5246
v 1.0524 0.2186 2.5406
v 0.9274 0.4374 2.5298
v 0.9274 0.2186 2.5962
v 0.9274 0.875 2.5276
v 1.1774 1.5312 2.5732
v 1.1774 1.3124 2.526
v 1.0524 1.0936 2.507
v 1.0524 1.5312 2.5464
v 1.1774 1.0936 2.5242
v 1.0524 1.3124 2.51
v 0.9274 1.3124 2.535
v 0.9274 1.0936 2.5608
v 2.134 2.8436 1.2474
v 2.0852 3.0624 1.3724
v 2.0988 2.8436 1.3724
v 2.096 3.0624 1.4974
v 2.08 2.625 1.2474
v 2.0486 2.625 1.3724
v 2.1082 3.0624 1.2474
v 2.1168 2.8436 1.4974
v 2.1002 2.625 1.4974
v 2.0974 3.2812 1.2474
v 2.0842 3.2812 1.3724
v 2.0778 1.9686 1.6224
v 2.0902 2.1874 1.7474
v 2.0906 1.75 1.4974
v 2.1042 1.75 1.6224
v 2.141 1.9686 1.7474
v 2.0976 1.75 1.7474
v 2.1006 3.5 1.6224
v 2.1194 3.5 1.7474
v 2.084 3.2812 1.6224
v 2.094 3.2812 1.7474
v 2.094 3.5 1.4974
v 2.0838 3.2812 1.4974
v 2.1306 2.8436 1.6224
v 2.0724 2.625 1.6224
v 2.0894 3.0624 1.6224
v 2.1178 3.0624 1.7474
v 2.0772 3.5 1.3724
v 2.0874 3.5 1.2474
v 2.0802 1.9686 1.3724
v 2.0828 1.75 1.3724
v 2.1134 2.1874 1.2474
v 2.0588 2.1874 1.3724
v 2.0664 1.9686 1.2474
v 2.111 1.75 0.9974
v 2.1062 1.9686 1.1224
v 2.152 2.1874 0.9974
v 2.1234 2.1874 1.1224
v 2.1402 1.9686 0.9974
v 2.1106 2.4062 1.2474
v 2.0996 2.4062 1.4974
v 2.092 2.4062 1.6224
v 2.0974 2.625 1.7474
v 2.11 2.4062 1.3724
v 2.1158 1.9686 1.8724
v 2.1148 1.9686 1.9974
v 2.1078 1.75 1.8724
v 2.0922 1.75 1.9974
v 2.0898 2.1874 1.8724
v 2.137 2.1874 1.9974
v 2.0636 2.625 1.8724
v 2.0754 2.4062 1.8724
v 2.058 2.8436 2.2474
v 2.1066 2.625 2.1224
v 2.0984 2.625 2.2474
v 2.0772 3.0624 2.2474
v 2.101 2.1874 2.1224
v 2.1138 2.4062 2.2474
v 2.0546 2.1874 2.2474
v 2.098 1.9686 2.1224
v 2.0832 2.4062 2.1224
v 2.0802 1.75 2.1224
v 2.1066 2.4062 1.9974
v 2.0764 2.8436 1.9974
v 2.1132 3.0624 1.8724
v 2.0968 2.8436 1.8724
v 2.1002 2.8436 1.7474
v 2.1608 3.2812 1.8724
v 2.0616 3.5 1.8724
v 2.0974 3.2812 2.1224
v 2.11 3.5 2.2474
v 2.1144 3.2812 2.2474
v 2.06 3.2812 1.9974
v 2.1268 3.5 2.1224
v 2.091 3.5 1.9974
v 2.0936 1.9686 0.6224
v 2.0832 2.1874 0.7474
v 2.0894 1.9686 0.7474
v 2.0612 1.75 0.6224
v 2.0822 1.9686 0.4974
v 2.0706 2.1874 0.6224
v 2.086 2.8436 0.3724
v 2.0976 2.625 0.3724
v 2.1004 3.0624 0.3724
v 2.1408 1.75 0.7474
v 2.108 2.4062 0.6224
v 2.0954 2.625 0.7474
v 2.0826 2.4062 0.7474
v 2.1058 2.4062 0.4974
v 2.1252 2.625 0.6224
v 2.1038 1.75 0.4974
v 2.1146 2.1874 0.4974
v 2.0712 3.2812 0.3724
v 2.1412 3.2812 0.4974
v 2.0648 3.0624 0.4974
v 2.1594 3.5 0.3724
v 2.11 3.5 0.4974
v 2.0936 3.5 0.6224
v 2.0992 3.2812 0.6224
v 2.0488 3.0624 0.6224
v 2.0872 2.8436 0.4974
v 2.1146 2.625 0.4974
v 2.0502 3.5 0.2474
v 1.8 -0.0002 0
v 1.8 -0.0002 -2.25
v 1.8 0.2 2.2498
v -5.2 -0.0002 0
v -3.45 -0.0002 1.125
v -5.2 -0.0002 2.2498
v 2.0946 1.9686 0.3724
v -1.7 -0.0002 2.2498
v -1.7 -0.0002 -2.25
v -3.45 -0.0002 -1.1252
v 2.095 8.67 -0.7602
v 2.095 8.15 -1.74
v 2.095 8.15 -0.7602
v 1.8 0.2 0
v 0.05 0.2 -1.1252
v 2.1448 8.0998 -1.74
v 2.1448 8.0998 -0.7602
v 2.095 8.67 -1.74
v -5.2 0.2 2.2498
v -1.7 0.2 -2.25
v -1.7 0.2 2.2498
v 0.05 0.2 1.125
v 2.0594 1.75 0.3724
v 2.1074 2.4062 0.3724
v 2.1252 2.1874 0.3724
v 2.1264 1.9686 0.8724
v 2.1158 1.75 0.8724
v 2.0922 2.8436 1.1224
v 2.076 2.625 1.1224
v 2.1058 2.1874 0.8724
v 2.1198 2.8436 0.9974
v 2.1096 2.625 0.9974
v 2.0362 3.2812 1.1224
v 2.0808 3.0624 1.1224
v 2.0822 3.0624 0.9974
v 2.0928 2.4062 1.1224
v 2.178 2.4062 0.9974
v 2.053 2.4062 0.8724
v 2.1326 2.625 0.8724
v 2.041 2.8436 0.6224
v 2.1126 2.8436 0.7474
v 2.116 3.0624 0.7474
v 2.1508 3.0624 0.8724
v 2.1464 2.8436 0.8724
v 2.0402 3.2812 0.7474
v 2.0984 3.5 0.7474
v 2.0892 3.2812 0.9974
v 2.117 3.2812 0.8724
v 2.1048 3.5 0.9974
v 2.1242 3.5 1.1224
v 2.1036 3.5 0.8724
v 2.1054 1.9686 2.2474
v 2.1158 1.5312 0.4974
v 2.0816 1.5312 0.6224
v 2.1374 1.3124 0.4974
v 2.1054 1.3124 0.6224
v 2.1346 1.5312 0.3724
v 2.0764 1.3124 0.3724
v 2.0854 1.5312 0.7474
v 2.1056 1.0936 0.3724
v 2.1226 1.0936 0.4974
v 2.1146 0.875 0.3724
v 2.0546 0.875 0.4974
v 2.0742 1.0936 0.8724
v 2.0488 0.875 0.8724
v 2.0758 1.3124 0.8724
v 2.0738 0.875 0.6224
v 2.06 1.3124 0.9974
v 2.057 1.0936 0.9974
v 2.0962 0.6562 0.3724
v 2.0486 0.6562 0.4974
v 2.0868 0.4374 0.4974
v 2.0832 0.6562 0.6224
v 2.0772 0.4374 0.6224
v 2.0958 0.2186 0.3724
v 2.0724 0.2186 0.4974
v 2.0936 -0.0002 0.3724
v 2.0818 -0.0002 0.4974
v 2.1158 -0.0002 0.6224
v 2.0708 0.2186 0.7474
v 2.1036 -0.0002 0.7474
v 2.0886 0.2186 0.6224
v 2.1058 0.4374 0.7474
v 2.1408 0.6562 0.7474
v 2.1108 0.6562 0.9974
v 2.0776 0.875 1.1224
v 2.0998 0.6562 1.1224
v 2.0976 0.875 1.2474
v 2.0868 0.4374 0.9974
v 2.0798 0.4374 1.1224
v 2.0984 0.875 0.9974
v 2.0924 0.6562 1.2474
v 2.0976 0.4374 1.2474
v 2.0906 0.2186 0.9974
v 2.1462 0.2186 1.1224
v 2.1058 -0.0002 0.9974
v 2.1512 0.6562 0.8724
v 2.1354 0.4374 0.8724
v 2.0852 -0.0002 1.1224
v 2.2998 0.5974 0.2498
v 2.2998 2.8924 2.245
v 2.2998 -0.0026 0.2498
v 2.2998 3.4924 2.245
v 2.0998 0.5974 0.2498
v 2.0998 -0.0026 0.2498
v 2.0998 2.8924 2.245
v 2.1092 0.2186 1.2474
v 2.0738 -0.0002 1.2474
v 2.085 1.3124 1.1224
v 2.0964 1.5312 0.9974
v 2.1234 1.5312 0.8724
v 2.1566 1.3124 1.2474
v 2.0746 0.2186 0.8724
v 2.1174 -0.0002 0.8724
v 2.1108 1.0936 1.1224
v 2.0764 1.0936 1.2474
v 2.1244 1.5312 1.3724
v 2.1118 1.3124 1.3724
v 2.153 1.5312 1.4974
v 2.1292 1.3124 1.4974
v 2.121 1.0936 1.3724
v 2.1156 0.875 1.3724
v 2.1318 1.0936 1.4974
v 2.1246 0.875 1.4974
v 2.0828 1.5312 1.6224
v 2.1378 1.3124 1.6224
v 2.0806 1.0936 1.6224
v 2.104 1.3124 1.7474
v 2.1036 0.875 1.6224
v 2.1186 1.0936 1.7474
v 2.1342 0.875 1.7474
v 2.0854 1.0936 1.8724
v 2.116 1.5312 1.7474
v 2.1302 -0.0002 1.6224
v 2.0778 0.2186 1.7474
v 2.0862 -0.0002 1.7474
v 2.1028 0.6562 1.3724
v 2.0654 0.4374 1.3724
v 2.1002 0.2186 1.3724
v 2.0924 0.2186 1.4974
v 2.0948 -0.0002 1.3724
v 2.1082 -0.0002 1.4974
v 2.1016 0.6562 1.4974
v 2.0714 1.75 2.2474
v 2.1482 0.4374 1.4974
v 2.087 0.2186 1.6224
v 2.111 0.4374 1.6224
v 2.1552 0.6562 1.7474
v 2.0768 0.4374 1.7474
v 2.089 0.6562 1.6224
v 2.0832 0.6562 1.8724
v 2.1434 0.875 1.9974
v 2.0742 0.6562 1.9974
v 2.0584 0.4374 1.8724
v 2.1096 0.875 1.8724
v 2.1084 0.4374 1.9974
v 2.0904 0.6562 2.1224
v 2.111 0.4374 2.1224
v 2.0924 0.875 2.1224
v 2.1012 0.2186 1.8724
v 2.0884 0.2186 1.9974
v 2.1014 -0.0002 1.8724
v 2.1012 -0.0002 1.9974
v 2.1412 0.2186 2.1224
v 2.1002 0.2186 2.2474
v 2.1088 -0.0002 2.1224
v 2.1006 -0.0002 2.2474
v 2.1002 0.4374 2.2474
v 2.098 -0.0002 0.2474
v 2.1114 0.6562 2.2474
v 2.1262 0.875 2.2474
v 2.1304 1.5312 1.8724
v 2.1064 1.3124 1.8724
v 2.1282 1.5312 1.9974
v 2.1152 1.3124 1.9974
v 2.1032 1.5312 2.1224
v 2.0962 1.0936 1.9974
v 2.099 1.3124 2.1224
v 2.1128 1.3124 2.2474
v 2.0846 1.0936 2.1224
v 2.073 1.0936 2.2474
v 2.0724 1.5312 2.2474
v 2.695 8.0998 -0.7602
v 2.5998 8.0998 -0.9252
v 2.5998 8.0998 -1.575
v 2.2248 8.0998 -0.9252
v 2.695 8.0998 -1.74
v 2.2248 8.0998 -1.575
v 2.1448 7.4798 -1.74
v 2.2248 7.4798 -0.9252
v 2.1448 7.4798 -0.7602
v 2.2278 4.9998 -0.9252
v 2.2278 3.1298 -0.9252
v 2.2248 3.1298 -0.9252
v 2.2248 4.9998 -0.9252
v 2.2248 5.6198 -0.9252
v 2.5998 5.6198 -0.9252
v 2.5998 3.1298 -0.9252
v 2.5998 0.4 -0.9252
v 2.2248 0.4 -1.575
v 2.2248 0.4 -0.9252
v 2.5998 4.9998 -0.9252
v 2.5998 0.4 -1.575
v 2.2248 7.4798 -1.575
v 2.5998 7.4798 -1.575
v 2.5998 7.4798 -0.9252
v 2.695 7.4798 -0.7602
v 2.695 7.4798 -1.74
v 2.1448 6.8598 -1.74
v 2.2248 6.8598 -0.9252
v 2.1448 6.8598 -0.7602
v 2.2248 6.8598 -1.575
v 2.5998 6.8598 -0.9252
v 2.5998 6.8598 -1.575
v 2.5998 6.2398 -1.575
v 2.5998 6.2398 -0.9252
v 2.5998 5.6198 -1.575
v 2.5998 4.9998 -1.575
v 2.2248 5.6198 -1.575
v 2.5966 4.9998 -1.575
v 2.5998 8.7198 -1.575
v 2.2248 4.9998 -1.575
v 2.5966 3.1298 -1.575
v 2.2248 3.1298 -1.575
v 2.5998 3.1298 -1.575
v 2.5998 8.7198 -0.9252
v 2.2248 6.2398 -0.9252
v 2.2248 8.7198 -0.9252
v 2.695 5.6198 -1.74
v 2.1448 5.6198 -1.74
v 2.695 5.6198 -0.7602
v 2.1448 4.9998 -0.7602
v 2.695 4.9998 -0.7602
v 2.1448 4.9998 -1.74
v 2.1448 5.6198 -0.7602
v 2.695 8.7198 -1.74
v 2.1448 8.7198 -1.74
v 2.2248 8.7198 -1.575
v 2.695 8.7198 -0.7602
v 2.695 4.9998 -1.74
v 2.1448 8.7198 -0.7602
v 2.695 6.8598 -0.7602
v 2.695 6.8598 -1.74
v 2.1448 6.2398 -0.7602
v 2.1448 6.2398 -1.74
v 2.2248 6.2398 -1.575
v 2.695 6.2398 -1.74
v 2.695 6.2398 -0.7602
v 1.7902 1.75 -1.2478
v 2.2248 1.75 -0.9252
v 1.7902 1.7496 -0.5502
v 2.5998 1.75 -0.9252
v 1.7902 1.7496 -1.875
v 2.5998 1.75 -1.575
v 2.2248 1.75 -1.575
v 2.925 1.75 -1.875
v 2.925 1.75 -0.5502
v -3.45 0.2 -1.1252
v 2.2248 0.51 -0.9252
v 1.7902 0.51 -0.9564
v 2.925 0.51 -0.5502
v 2.2248 0.51 -1.575
v 1.7902 0.51 -1.3734
v 2.5998 0.51 -0.9252
v 2.5998 0.51 -1.575
v 1.7902 0.51 -1.875
v 2.925 0.51 -1.875
v 1.7902 0.652 -1.875
v 1.7902 1.0978 -1.875
v 1.7902 0.529 -0.5502
v 1.7902 1.2206 -0.5502
v 1.7902 0.51 -0.5502
v 0.05 -0.0002 -1.1252
v -1.7 -0.0002 0
v 0.05 -0.0002 1.125
v -1.7 0.2 0
v -3.45 0.2 1.125
v 1.7902 1.7496 -0.2476
v 1.7902 -0.0002 -0.2476
v 1.7902 -0.0002 -2.2478
v 1.7902 -0.0002 -1.2478
v 1.7902 1.7496 -2.2478
v 2.2248 3.1254 -0.9374
v 2.2248 3.1254 -0.9252
v 2.2248 3.1254 -1.575
v 2.5998 3.1254 -1.575
v 2.5998 3.1254 -0.9252
v 2.5998 3.1254 -1.5616
v 1.7902 2.6246 -1.7478
v 1.7902 2.6246 -0.7476
v 2.1448 5.67 -0.71
v 2.095 5.67 -0.7602
v 2.1448 6.19 -0.71
v 2.095 6.19 -0.7602
v 2.1448 5.67 -1.7902
v 2.695 5.67 -1.7902
v 2.095 6.19 -1.74
v 2.695 6.19 -0.71
v 2.695 5.67 -0.71
v 2.1448 6.19 -1.7902
v 2.695 6.19 -1.7902
v 2.7448 5.57 -0.7602
v 2.695 5.57 -0.71
v 2.7448 5.05 -0.7602
v 2.695 5.05 -0.71
v 2.7448 5.05 -1.74
v 2.7448 5.57 -1.74
v 2.695 5.57 -1.7902
v 2.095 5.67 -1.74
v 2.1448 6.81 -1.7902
v 2.095 6.81 -1.74
v 2.1448 6.29 -1.7902
v 2.095 6.81 -0.7602
v 2.095 6.29 -0.7602
v 2.095 6.29 -1.74
v 2.695 6.29 -1.7902
v 2.695 6.81 -1.7902
v 2.1448 6.81 -0.71
v 2.1448 6.29 -0.71
v 2.7448 6.19 -1.74
v 2.7448 5.67 -1.74
v 2.7448 6.19 -0.7602
v 2.7448 5.67 -0.7602
v 2.7448 8.15 -0.7602
v 2.695 8.15 -0.71
v 2.1448 8.15 -0.71
v 2.695 8.15 -1.7902
v 2.7448 8.15 -1.74
v 2.1448 8.67 -0.71
v 2.695 8.67 -0.71
v 2.7448 8.67 -0.7602
v 2.7448 8.67 -1.74
v 2.695 8.67 -1.7902
v 2.1448 8.15 -1.7902
v 2.1448 8.67 -1.7902
v 2.1448 5.57 -0.71
v 2.1448 5.05 -0.71
v 2.1448 5.57 -1.7902
v 2.695 5.05 -1.7902
v 2.1448 5.05 -1.7902
v 2.095 5.05 -0.7602
v 2.095 5.05 -1.74
v 2.095 5.57 -1.74
v 2.095 5.57 -0.7602
v 2.7448 7.53 -1.74
v 2.7448 7.53 -0.7602
v 2.695 7.53 -1.7902
v 2.7448 8.05 -1.74
v 2.695 8.05 -0.71
v 2.1448 8.05 -0.71
v 2.695 7.53 -0.71
v 2.1448 7.53 -0.71
v 2.7448 8.05 -0.7602
v 2.695 8.05 -1.7902
v 2.095 8.05 -0.7602
v 2.095 8.05 -1.74
v 2.095 7.53 -0.7602
v 2.1448 8.05 -1.7902
v 2.1448 7.53 -1.7902
v 2.095 7.53 -1.74
v 2.14 4.9998 -1.74
v 2.6902 4.9998 -1.74
v 2.14 4.9998 -0.7702
v 2.6902 3.1298 -1.74
v 2.6902 3.1298 -0.7702
v 2.6902 4.9998 -0.7702
v 2.14 3.1298 -0.7702
v 2.7388 3.1254 -1.7932
v 2.7388 3.1254 -0.713
v 2.0902 3.1254 -1.7932
v 2.0902 3.1254 -0.713
v 2.14 3.1298 -1.74
v 2.095 7.43 -0.7602
v 2.095 6.91 -1.74
v 2.095 6.91 -0.7602
v 2.7448 6.81 -1.74
v 2.7448 6.81 -0.7602
v 2.7448 6.29 -1.74
v 2.095 7.43 -1.74
v 2.695 6.81 -0.71
v 2.7448 6.29 -0.7602
v 2.695 6.29 -0.71
v 2.1448 7.43 -1.7902
v 2.1448 7.43 -0.71
v 2.1448 6.91 -1.7902
v 2.1448 6.91 -0.71
v 2.7448 7.43 -0.7602
v 2.695 7.43 -0.71
v 2.7448 7.43 -1.74
v 2.7448 6.91 -0.7602
v 2.695 6.91 -0.71
v 2.695 7.43 -1.7902
v 2.695 6.91 -1.7902
v 2.7448 6.91 -1.74
v -0.0776 2.1872 -2.5656
v 0.0474 2.6246 -2.4812
v -0.0776 2.4062 -2.522
v 0.0474 2.4062 -2.6184
v -0.0776 2.6246 -2.582
v 0.2972 1.9686 -2.5402
v 0.4224 1.9686 -2.5228
v 0.4224 1.7496 -2.5128
v 0.2972 1.7496 -2.5544
v 0.0474 2.1872 -2.5054
v 0.1722 1.9686 -2.5722
v 0.1722 2.1872 -2.5696
v 0.0474 1.9686 -2.4608
v 0.1722 1.7496 -2.5878
v 0.0474 1.7496 -2.518
v 0.5472 1.7496 -2.5138
v 0.5472 2.1872 -2.548
v 0.6722 1.9686 -2.5224
v 0.699 2.1872 -2.5682
v 0.7974 2.1872 -2.6072
v 0.7974 2.0448 -2.5882
v 0.5472 2.4062 -2.4912
v 0.6722 2.4062 -2.5596
v 0.6818 2.212 -2.5618
v 0.6722 2.2258 -2.5582
v 0.4224 2.1872 -2.505
v 1.4222 3.2812 -2.5184
v 1.5472 3.2812 -2.5376
v 1.5472 3.0622 -2.5514
v 1.4222 3.0622 -2.5574
v 1.6724 3.2812 -2.544
v 1.2974 3.2812 -2.5164
v 1.2974 3.0622 -2.5748
v 0.9224 2.8436 -2.5556
v 1.0472 2.8436 -2.538
v 1.0472 2.6246 -2.56
v 0.9224 2.6246 -2.602
v 0.9224 3.0622 -2.5202
v 1.0472 3.0622 -2.5648
v 0.7974 2.8436 -2.5614
v 0.7974 2.6246 -2.5504
v 1.6724 2.6246 -2.6024
v 1.6724 2.8436 -2.5132
v 1.5472 2.8436 -2.5526
v 1.6724 3.0622 -2.5458
v 1.2974 2.8436 -2.5812
v 1.4222 2.8436 -2.5276
v 1.5472 2.6246 -2.5712
v 0.7974 3.0622 -2.5224
v 1.0472 3.2812 -2.5328
v 0.9224 3.2812 -2.5488
v 0.7974 3.2812 -2.5474
v -0.0776 1.9686 -2.5514
v -0.0776 1.7496 -2.582
v 1.1722 3.2812 -2.5864
v 1.1722 3.0622 -2.5636
v 1.1722 2.8436 -2.5496
v 1.2974 2.6246 -2.5242
v 1.1722 2.6246 -2.564
v 0.1722 3.2812 -2.5834
v 0.2972 3.2812 -2.535
v 0.2972 3.0622 -2.5454
v 0.1722 3.0622 -2.6072
v 0.0882 3.0714 -2.5794
v 0.0474 3.2812 -2.54
v 0.0942 3.0622 -2.5826
v 0.0474 3.1306 -2.5588
v -0.0776 3.2812 -2.5362
v -0.0776 3.0622 -2.499
v 0.1046 3.0476 -2.5808
v 0.1722 2.8436 -2.5366
v 0.2972 2.8436 -2.554
v 0.2972 2.7686 -2.5588
v 0.1722 2.9496 -2.5708
v 0.1722 0.2186 -2.5604
v 0.2972 0.2186 -2.5262
v 0.1722 0.4372 -2.5682
v 0.2972 0.4372 -2.5872
v -0.0776 0.4372 -2.5504
v -0.0776 0.2186 -2.5886
v 0.0474 0.2186 -2.5662
v 0.1722 0.6562 -2.5496
v 0.2972 0.6562 -2.5636
v 0.1722 0.875 -2.5428
v 0.2972 0.875 -2.547
v 0.0474 0.4372 -2.5436
v 0.0474 0.6562 -2.5288
v -0.1382 3.3986 -2.5566
v -0.178 3.4566 -2.57
v 0.4224 2.8436 -2.5344
v 0.4224 2.6246 -2.5622
v 0.3964 2.6246 -2.5634
v 0.5472 2.8436 -2.5522
v 0.5472 2.6246 -2.5224
v 0.4224 2.5876 -2.563
v 0.6722 2.8436 -2.5514
v 0.6722 2.6246 -2.5592
v 0.4224 3.0622 -2.5566
v 0.5472 3.0622 -2.5276
v 0.7974 2.4062 -2.5448
v 0.6722 3.0622 -2.5886
v 0.4224 3.2812 -2.5604
v 0.5472 3.2812 -2.5526
v 0.6722 3.2812 -2.5076
v 1.2974 0.4372 -2.566
v 1.2974 0.6562 -2.522
v 1.4222 0.4372 -2.5418
v 1.6724 0.875 -2.525
v 1.6724 0.6562 -2.5302
v 1.4222 0.875 -2.5302
v 1.2974 0.875 -2.5462
v 1.5472 0.4372 -2.5418
v 1.6724 0.4372 -2.548
v 1.5472 0.2186 -2.5462
v 1.5472 1.0936 -2.5432
v 1.6724 1.0936 -2.605
v 1.4222 1.3122 -2.5254
v 1.4222 1.0936 -2.55
v 1.5472 1.5312 -2.5782
v 1.6724 1.3122 -2.5562
v 1.5472 1.3122 -2.5402
v 1.6724 1.5312 -2.5324
v 0.9224 0.2186 -2.564
v 1.0472 0.2186 -2.5258
v 0.9224 0.4372 -2.5432
v 1.0472 0.4372 -2.5358
v 0.2972 2.7686 -2.6002
v 0.7974 0.2186 -2.6206
v 1.1722 0.2186 -2.5552
v 1.2974 0.2186 -2.5302
v 1.1722 0.4372 -2.548
v 0.7974 0.4372 -2.5946
v 0.2972 2.7686 -2.7004
v 1.2974 1.3212 -2.5718
v 1.4222 0.2186 -2.5562
v 0.7974 0.875 -2.5402
v 0.9224 0.875 -2.5822
v 0.9224 0.6562 -2.5804
v 1.1722 0.6562 -2.5838
v 1.1722 0.875 -2.5458
v 1.0472 0.6562 -2.6162
v 1.0472 0.875 -2.5024
v 0.7974 0.6562 -2.5402
v 1.1722 2.4062 -2.5522
v 1.0472 2.4062 -2.566
v 0.9224 2.4062 -2.5076
v 0.9224 2.1872 -2.5454
v 1.2974 2.4062 -2.5556
v 1.2974 2.1872 -2.5514
v 1.1722 2.1872 -2.563
v 1.2974 1.9686 -2.5522
v 1.4222 1.9686 -2.5376
v 1.4222 1.7496 -2.5184
v 1.2974 1.7496 -2.5496
v 1.0472 2.1872 -2.4968
v 0.8498 1.9686 -2.5566
v 0.9224 1.9686 -2.5266
v 1.0472 1.9686 -2.5578
v 1.1722 1.7496 -2.5582
v 1.0472 1.7496 -2.5428
v 0.9224 1.7496 -2.5388
v 1.1722 1.9686 -2.525
v 1.5472 1.7496 -2.5712
v 1.4222 2.4062 -2.5518
v 1.4222 2.1872 -2.5778
v 1.5472 2.4062 -2.5778
v 1.5472 2.1872 -2.5384
v 1.6724 2.4062 -2.5266
v 1.4222 2.6246 -2.551
v 1.5472 1.9686 -2.5454
v 1.6724 1.7496 -2.5402
v 1.6724 1.9686 -2.5392
v 1.6724 2.1872 -2.5392
v 1.0472 1.0936 -2.5276
v 0.9224 1.0936 -2.5822
v 0.7974 1.3122 -2.5402
v 0.7974 1.0936 -2.5302
v 0.9224 1.2638 -2.59
v 0.9676 1.198 -2.5674
v 0.8888 1.3122 -2.5782
v 1.2974 1.5312 -2.56
v 1.4222 1.5312 -2.5136
v 1.0472 1.5312 -2.5284
v 0.8012 1.4394 -2.5506
v 0.8524 1.965 -2.5556
v 1.152 1.5312 -2.5556
v 1.1722 1.5312 -2.5608
v 1.1722 1.5018 -2.56
v 1.2684 1.3628 -2.5696
v 0.0474 0.875 -2.548
v 2.0898 3.1796 -1.74
v 2.14 3.1796 -1.7902
v 2.0898 3.1796 -0.7702
v 2.0898 3.1796 -1.065
v 2.14 4.3296 -1.7902
v 2.6902 3.8 -1.7902
v 2.14 3.8 -1.7902
v 2.6902 4.3296 -1.7902
v 2.14 3.1796 -0.72
v 2.0898 3.1796 -1.6992
v 2.14 3.7498 -1.74
v 2.6902 3.6996 -1.7902
v 2.14 3.6996 -1.7902
v 2.6902 3.7498 -1.74
v 2.6902 3.6996 -0.72
v 2.14 3.7498 -0.7702
v 2.14 3.6996 -0.72
v 2.6902 3.7498 -0.7702
v 2.14 4.95 -1.7902
v 2.6902 4.95 -1.7902
v 2.6902 4.43 -1.7902
v 2.14 4.43 -1.7902
v 2.6902 3.1796 -1.7902
v 2.0898 3.6996 -0.7702
v 2.0898 3.5 -0.7702
v 2.0898 3.5 -1.74
v 2.0898 3.6996 -1.74
v 2.0898 3.2038 -1.74
v 2.0898 4.95 -1.74
v 2.0898 4.43 -1.74
v 2.0898 4.95 -0.7702
v 2.0898 4.43 -0.7702
v 2.14 4.43 -0.72
v 2.14 4.95 -0.72
v 2.0898 4.3296 -0.7702
v 2.0898 3.8 -0.7702
v 2.14 3.8 -0.72
v 2.14 4.3296 -0.72
v 2.6902 4.3296 -0.72
v 2.6902 3.8 -0.72
v 2.74 4.3296 -0.7702
v 2.74 3.8 -0.7702
v 2.74 4.43 -0.7702
v 2.6902 4.95 -0.72
v 2.6902 4.43 -0.72
v 2.74 4.95 -0.7702
v 2.74 3.6996 -0.7702
v 2.74 3.6996 -1.74
v 2.74 3.1796 -0.7702
v 2.6902 3.1796 -0.72
v 2.74 3.1796 -1.74
v 2.74 3.8 -1.74
v 2.74 4.3296 -1.74
v 2.74 4.43 -1.74
v 2.74 4.95 -1.74
v 2.0898 3.0128 -0.6666
v 2.0898 2.87 -0.6074
v 2.0898 3.0128 -0.7666
v 2.0898 3.0332 -2.2478
v 2.0898 3.5 -2.2478
v 2.0898 2.0024 -2.2466
v 2.0898 3.5 -0.2476
v 2.0898 3.0128 -1.7304
v 2.0898 3.0128 -1.413
v 2.0898 3.0128 -1.8386
v 2.0898 3.0128 -0.8664
v 2.0898 2.0998 -2.2478
v 2.0898 2.6246 -2.2478
v 2.0898 3.0128 -0.9694
v 2.0898 1.9998 -2.2478
v 2.0898 3.5 -1.2478
v 2.0898 4.3296 -1.74
v 2.0898 3.8 -1.74
v 2.0898 2.8786 -1.8928
v 2.2902 1.7496 -2.7476
v 2.2902 0.875 -2.6228
v 2.2902 -0.0002 -2.7476
v 2.2902 3.5 -2.7476
v 2.2902 3.5 -2.2478
v 2.2902 2.6246 -2.3726
v 2.0898 3.5 -1.3672
v 3.0146 2.5626 -1.4802
v 3.29 1.9998 -1.2478
v 3.29 1.9998 -0.2476
v 3.29 -0.0002 -2.2478
v 3.29 0.9996 -1.2478
v 3.29 -0.0002 -1.2478
v 3.29 -0.0002 -0.2476
v 3.29 1.9998 -2.2478
v 3.29 0.9996 -0.2476
v 3.29 0.9996 -2.2478
v 2.2542 1.9998 -2.2478
v 2.2902 1.9998 -2.2478
v 1.8 3.5 2.2474
v 1.8 -0.0002 2.2474
v 1.8 3.5 0.2474
v 1.8 3.5 0.2498
v 1.8 3.5 -0.2502
v 1.8 -0.0002 0.2498
v 1.8 -0.0002 -0.2502
v 2.2998 3.5 0.2498
v 2.2998 -0.0002 0.2498
v 1.8 -0.0002 0.2474
v 2.2998 -0.0002 -0.2502
v 2.2998 3.5 -0.2502
v 2.6902 4.3798 -0.7702
v 2.6902 4.3798 -1.74
v 2.14 4.3798 -0.7702
v 2.14 4.3798 -1.74
v 2.2902 0.875 -2.3726
v 2.2902 -0.0002 -2.2478
v 0.1722 1.0936 -2.5648
v 0.0474 1.0936 -2.534
v 0.1722 1.3122 -2.5726
v 0.2972 1.0936 -2.5254
v -0.0776 1.0936 -2.5744
v -0.0776 1.3122 -2.5964
v 0.0474 1.3122 -2.5224
v 0.1722 1.5312 -2.5344
v 0.2972 1.3122 -2.5536
v 0.0474 1.5312 -2.5496
v 0.2972 1.5312 -2.5714
v 0.4224 1.5312 -2.5198
v 0.4224 1.3122 -2.5738
v 0.5472 1.5312 -2.5856
v 0.5472 1.3122 -2.5422
v 0.6454 1.6646 -2.5652
v 0.6722 1.6256 -2.5778
v 0.6722 1.5312 -2.5692
v -0.0776 0.875 -2.605
v 0.7974 2.0448 -2.6502
v 0.7974 1.4448 -2.6502
v -0.0776 1.5312 -2.5644
v 0.6722 0.4372 -2.5396
v 0.6722 0.2186 -2.5444
v 0.5472 0.2186 -2.5496
v 0.5472 0.4372 -2.5718
v 0.4224 0.4372 -2.5856
v 0.4224 0.2186 -2.5804
v 0.6722 0.6562 -2.5506
v 0.6722 0.875 -2.5124
v 0.5472 0.6562 -2.6232
v 0.5472 0.875 -2.5582
v -0.0776 0.6562 -2.5574
v 0.5472 1.0936 -2.5518
v 0.6722 1.0936 -2.55
v 0.6722 1.3122 -2.561
v 0.7896 1.456 -2.551
v 0.7376 1.5312 -2.5618
v 0.4224 0.875 -2.57
v 0.4224 0.6562 -2.5608
v 0.4224 1.0936 -2.532
v 1.94 -0.0002 -1.2478
v 2.2902 1.6664 -2.2478
v 2.6902 0.9996 -2.2478
v 2.2902 0.9996 -2.2478
v 2.0898 -0.0002 -1.2478
v 2.0898 -0.0002 -0.2476
v 2.0898 -0.0002 -2.2478
v 2.165 2.6246 -2.2478
v 2.2902 1.7496 -2.2478
v 2.6902 -0.0002 -1.2478
v 1.7902 -0.0002 -2.7476
v 1.94 3.5 -1.2478
v 1.7902 3.5 -2.2478
v 1.7902 3.5 -1.2478
v 2.2902 0.3332 -2.2478
v 2.2902 2.6246 -2.6228
v 2.2902 1.7496 -2.4976
v 1.7902 1.7496 -2.7476
v 2.04 1.7496 -2.7476
v 1.9152 0.875 -2.7476
v 2.165 0.875 -2.7476
v 1.7902 3.5 -2.7476
v 1.9152 2.6246 -2.7476
v 2.165 2.6246 -2.7476
v 1.7902 3.5 -0.2476
v 1.7902 0.875 -2.6228
v 1.7902 2.6246 -2.6228
v 2.6902 0.9996 -0.2476
v -5.5018 0.6562 -0.2524
v -5.4954 0.4372 -0.3774
v -5.4858 0.4372 -0.2524
v -5.4928 0.875 -0.5026
v -5.488 0.875 -0.6274
v -5.4944 0.6562 -0.6274
v -5.5022 0.6562 -0.3774
v -5.4884 0.4372 -0.5026
v -5.5088 0.6562 -0.7524
v -5.5322 0.4372 -0.7524
v -5.474 0.6562 -0.5026
v -5.4922 0.875 -0.7524
v -5.527 0.875 -0.2524
v -5.5502 0.875 -0.3774
v -5.5108 0.7368 -0.2524
v -5.471 0.2186 -0.7524
v -5.5256 0.2186 -0.8776
v -5.4844 -0.0002 -0.8776
v -5.4802 -0.0002 -0.7524
v -5.513 0.4372 -0.6274
v -5.5338 0.2186 -0.3774
v -5.4424 0.2186 -0.2524
v -5.5114 0.2186 -0.5026
v -5.5052 0.2186 -0.6274
v -5.497 -0.0002 -0.6274
v -5.503 -0.0002 -0.5026
v -5.4794 -0.0002 -0.3774
v -5.455 -0.0002 -1.0026
v -5.5056 0.6562 -0.8776
v -5.5304 0.4372 -0.8776
v -5.5684 0.6562 -1.0026
v -5.517 0.4372 -1.0026
v -5.4572 0.875 -1.1274
v -5.485 0.875 -1.2524
v -5.485 0.6562 -1.2524
v -5.4958 0.6562 -1.1274
v -5.5032 0.875 -1.0026
v -5.4706 1.0936 -0.7524
v -5.4772 1.0936 -0.8776
v -5.5148 0.875 -0.8776
v -5.4966 1.0936 -1.0026
v -5.5398 0.4372 -1.2524
v -5.4944 0.2186 -1.0026
v -5.455 -0.0002 -1.1274
v -5.4892 0.2186 -1.1274
v -5.5114 -0.0002 -1.2524
v -5.4846 0.4372 -1.1274
v -5.5658 0.2186 -1.2524
v -5.4952 2.8436 -0.5588
v -5.4818 2.8436 -0.6274
v -5.4952 2.812 -0.5766
v -5.4952 2.7206 -0.6274
v -5.4952 2.7822 -0.6978
v -5.4952 2.7474 -0.6822
v -5.5004 2.8924 -0.2524
v -5.5014 2.8436 -0.2862
v -5.4984 2.8436 -0.2524
v -5.4442 3.0622 -0.3774
v -5.4952 3.0622 -0.471
v -5.4952 2.883 -0.48
v -5.4952 2.8132 -0.5026
v -5.4952 2.6246 -0.6108
v -5.4264 2.6246 -0.5026
v -5.4952 3.0622 -0.2766
v -5.4952 2.8904 -0.3774
v -5.4952 2.8856 -0.6274
v -5.4952 2.8584 -0.6904
v -5.5524 3.0622 -0.6274
v -5.4988 2.8436 -0.7524
v -5.4902 3.0622 -0.7524
v -5.4952 2.822 -0.7156
v -5.5036 2.7686 -0.7524
v -5.516 2.9496 -0.6274
v -5.5122 3.4996 -0.7524
v -5.4948 3.4996 -0.8776
v -5.5052 3.2812 -0.8776
v -5.4798 3.2812 -0.7524
v -5.5196 2.7112 -0.3774
v -5.527 2.6246 -0.3774
v -5.459 2.6246 -0.2524
v -5.4978 3.2812 -1.0026
v -5.4728 3.0622 -1.0026
v -5.5018 3.0622 -0.8776
v -5.5192 3.4996 -1.0026
v -5.5092 2.689 -0.393
v -5.4952 2.6596 -0.4134
v -5.4952 2.8068 -0.3986
v -5.4952 2.7142 -0.4078
v -5.4952 2.7652 -0.4026
v -5.4952 2.9398 -0.5724
v -5.4798 3.4996 -0.3774
v -5.482 3.4996 -0.5026
v -5.485 3.2812 -0.5026
v -5.4814 3.2812 -0.3774
v -5.4952 3.387 -0.2524
v -5.4952 3.3528 -0.3364
v -5.4684 3.2812 -0.2524
v -5.5218 3.4922 -0.2524
v -5.5234 3.4996 -0.2524
v -5.5152 3.4566 -0.2774
v -5.4952 3.19 -0.4614
v -5.4952 3.1834 -0.4334
v -5.504 3.1306 -0.5026
v -5.4952 3.3714 -0.336
v -5.4486 -0.0002 -0.2524
v -5.5018 3.3986 -0.3172
v -5.5274 3.0622 -0.5494
v -5.5244 3.0714 -0.5432
v -5.5286 3.2812 -0.6274
v -5.526 3.0476 -0.5598
v -5.4952 3.131 -0.2524
v -5.4728 3.4996 -0.6274
v -5.6452 2.1686 -0.7524
v -5.695 1.4448 -1.2524
v -5.5954 1.4448 -1.2524
v -5.5352 1.2638 -1.3776
v -5.5452 0.7212 -1.7526
v -5.4958 1.456 -1.2448
v -5.507 1.5312 -1.1928
v -5.4952 1.4448 -1.2524
v -5.5122 1.198 -1.423
v -5.4952 1.149 -1.4568
v -5.4954 1.4394 -1.2564
v -5.5234 1.3122 -1.3442
v -5.4952 2.1686 -0.7524
v -5.5452 2.1686 -0.7524
v -5.4952 1.711 -1.0688
v -5.695 2.1686 -0.7524
v -5.4952 1.4504 -1.2486
v -5.5104 1.6646 -1.1006
v -5.523 1.6256 -1.1274
v -5.4952 0.7212 -1.7526
v -5.4952 1.5784 -1.5746
v -5.5006 1.5312 -1.6074
v -5.5452 1.3212 -1.7526
v -5.5048 1.5018 -1.6274
v -5.5006 1.965 -1.3078
v -5.4952 1.9408 -1.3244
v -5.6452 1.3212 -1.7526
v -5.5954 2.0448 -1.2524
v -5.695 1.3212 -1.7526
v -5.695 2.0448 -1.2524
v -5.5148 1.3628 -1.7236
v -5.517 1.3212 -1.7526
v -5.695 0.7212 -1.7526
v -5.6452 0.7212 -1.7526
v -5.4952 1.4408 -1.255
v -5.5014 1.9686 -1.3052
v -5.5334 2.0448 -1.2524
v -5.695 2.7686 -0.7524
v -5.6452 2.7686 -0.7524
v -4.6974 0.875 2.2498
v -4.1974 1.7496 2.2498
v -3.6976 0.875 2.2498
v -3.1976 0.875 2.2498
v -3.1976 -0.0002 2.2498
v -3.1976 1.7496 2.2498
v -3.0724 2.6246 2.2498
v -2.9474 1.7496 2.2498
v -5.1974 1.7496 2.2498
v -4.6974 2.6246 2.2498
v -5.1974 0.875 2.2498
v -5.1974 -0.0002 2.2498
v -5.1974 3.4996 2.2498
v -4.1974 3.4996 2.2498
v -3.6976 2.6246 2.2498
v -3.1976 3.4996 2.2498
v -3.1976 2.6246 2.2498
v -3.9474 0.4372 2.2498
v -4.1974 -0.0002 2.2498
v -3.9474 3.0622 2.2498
v -5.5084 2.6246 -0.8516
v -5.5082 2.5876 -0.8776
v -5.5066 2.212 -1.1368
v -5.4952 2.5548 -0.9
v -5.5452 2.7686 -0.7524
v -5.5032 2.2258 -1.1274
v -5.4952 2.2474 -1.1126
v -2.6976 3.4996 2.2498
v -3.0724 0.875 2.2498
v -2.8226 0.875 2.2498
v -5.5134 2.1872 -1.1542
v -5.4586 1.7496 -1.0026
v -5.4952 1.7496 -1.0628
v -5.514 1.5312 -1.1274
v -5.4854 1.3122 -1.2524
v -5.5308 1.5312 -1.0026
v -5.458 1.7496 -0.8776
v -5.4646 1.5312 -0.8776
v -5.4996 1.7496 -0.7524
v -5.5166 1.5312 -0.7524
v -5.5188 1.3122 -0.8776
v -5.4988 1.3122 -0.7524
v -5.4872 1.3122 -1.0026
v -5.4952 1.0936 -1.1274
v -5.475 1.0936 -1.2524
v -5.5062 1.3122 -1.1274
v -5.4952 1.4572 -1.2524
v -5.4732 1.0936 -0.2524
v -5.4628 1.7496 -0.5026
v -5.5326 1.7496 -0.6274
v -5.4794 1.5312 -0.6274
v -5.4944 1.5312 -0.5026
v -5.4966 1.3914 -0.2524
v -5.5412 1.3122 -0.3774
v -5.5044 1.3122 -0.2524
v -5.4824 1.5312 -0.2524
v -5.5178 1.3122 -0.6274
v -5.5182 1.7496 -0.2524
v -5.5092 1.5312 -0.3774
v -5.527 1.7496 -0.3774
v -5.4672 1.3122 -0.5026
v -5.5196 1.0936 -0.3774
v -5.4788 1.0936 -0.5026
v -5.5096 1.0936 -0.6274
v -5.52 3.0622 -1.7526
v -5.4724 2.8436 -1.8776
v -5.526 2.8436 -1.7526
v -5.5026 3.0622 -1.8776
v -5.4962 3.0622 -2.0024
v -5.4978 2.8436 -2.0024
v -5.5476 2.6246 -2.1276
v -5.5162 2.6246 -2.0024
v -5.4958 2.6246 -1.8776
v -5.4584 2.8436 -2.1276
v -5.4906 3.0622 -2.1276
v -5.4824 3.2812 -2.0024
v -5.4694 2.6246 -1.7526
v -5.4714 2.4062 -2.1276
v -5.5226 2.4062 -2.0024
v -5.4844 2.1872 -2.1276
v -5.4832 2.1872 -2.0024
v -5.497 2.4062 -1.8776
v -5.5006 2.4062 -1.7526
v -5.523 2.1872 -1.8776
v -5.4966 2.1872 -1.7526
v -5.4888 3.2812 -2.1276
v -5.4832 2.8436 -1.5024
v -5.5092 2.6246 -1.6274
v -5.5048 2.6246 -1.5024
v -5.4676 3.0622 -1.2524
v -5.4654 3.0622 -1.3776
v -5.5006 2.8436 -1.3776
v -5.4948 2.8436 -1.6274
v -5.5062 2.8436 -1.2524
v -5.5096 3.0622 -1.5024
v -5.4776 3.2812 -1.5024
v -5.5088 3.0622 -1.6274
v -5.5316 3.2812 -1.6274
v -5.5472 2.6246 -1.3776
v -5.4628 3.4996 -2.0024
v -5.4876 3.4996 -2.1276
v -5.4612 3.2812 -1.7526
v -5.4632 3.2812 -1.8776
v -5.5044 3.4996 -1.7526
v -5.5056 3.4996 -1.8776
v -5.4954 2.6246 -1.2524
v -5.4902 2.1872 -1.3776
v -5.5026 1.9686 -1.5024
v -5.4716 1.9686 -1.3776
v -5.4876 1.7496 -1.5024
v -5.5524 2.1872 -1.2524
v -5.442 2.1872 -1.5024
v -5.484 1.7496 -1.3776
v -5.4698 1.9686 -1.6274
v -5.497 1.9686 -1.7526
v -5.4948 1.7496 -1.7526
v -5.5032 1.7496 -1.6274
v -5.5078 2.1872 -1.6274
v -5.4952 1.8128 -1.3416
v -5.4952 1.443 -1.255
v -5.4952 1.4434 -1.2546
v -5.4952 1.5312 -1.5868
v -5.4736 1.5312 -1.5024
v -5.5056 1.5312 -1.6274
v -5.4952 1.5312 -1.4478
v -5.4952 1.7496 -1.266
v -5.4952 1.6868 -1.3776
v -5.4952 1.5162 -1.452
v -5.4952 1.3264 -1.5024
v -5.4952 1.6092 -1.4126
v -5.4902 1.9686 -2.0024
v -5.4824 1.9686 -1.8776
v -5.4636 1.7496 -1.8776
v -5.516 1.7496 -2.0024
v -5.4844 1.9686 -2.1276
v -5.485 1.7496 -2.1276
v -5.4528 2.4062 -1.3776
v -5.497 2.4062 -1.6274
v -5.5108 2.4062 -1.5024
v -5.49 2.4062 -1.2524
v -5.5044 2.4062 -1.1274
v -5.5044 2.6246 -1.1274
v -5.4364 2.4062 -1.0026
v -5.4952 2.2124 -1.113
v -5.4952 2.3686 -0.774
v -5.4952 2.3466 -0.8776
v -5.4502 2.1872 -0.8776
v -5.4952 2.302 -0.7668
v -5.4952 2.1872 -0.7546
v -5.4952 2.212 -0.9884
v -5.4932 2.1872 -1.0026
v -5.4672 2.6246 -1.0026
v -5.4952 2.3102 -0.7676
v -5.4952 2.14 -1.1274
v -5.4952 2.1066 -1.1394
v -5.4676 1.9686 -1.1274
v -5.4952 1.9686 -1.1898
v -5.4952 1.7604 -1.2464
v -5.4952 1.9686 -1.0088
v -5.4952 1.8782 -1.1274
v -5.4952 1.9556 -1.0036
v -5.4952 1.8148 -1.1914
v -5.4952 2.1872 -1.03
v -5.4952 2.1994 -1.0702
v -5.4952 2.0296 -1.0044
v -5.4952 2.057 -1.0026
v -5.4952 2.301 -0.9502
v -5.4962 2.8436 -1.1274
v -5.4974 2.8436 -1.0026
v -5.5338 3.0622 -1.1274
v -5.4524 3.2812 -1.1274
v -5.4854 3.4996 -1.1274
v -5.5248 3.4996 -1.2524
v -5.4926 3.2812 -1.2524
v -5.5074 2.6246 -0.8776
v -5.4952 2.4062 -0.9056
v -5.4792 2.8436 -0.8776
v -5.4056 1.9686 -0.5026
v -5.517 1.9686 -0.6274
v -5.485 1.9686 -0.7524
v -5.5104 2.1872 -0.3774
v -5.4506 2.1872 -0.5026
v -5.4962 1.9686 -0.3774
v -5.5084 2.1872 -0.2524
v -5.4996 1.9686 -0.2524
v -5.5144 2.1872 -0.6274
v -5.53 2.3916 -0.5986
v -5.5186 2.3496 -0.6274
v -5.5634 2.4062 -0.5026
v -5.4952 2.1694 -0.7516
v -5.4952 2.1716 -0.7524
v -5.498 2.1872 -0.7394
v -5.5126 3.4996 -1.5024
v -5.4944 3.4996 -1.6274
v -5.494 3.2812 -1.3776
v -5.5114 3.4996 -1.3776
v -5.5338 2.4062 -0.5884
v -5.468 1.9686 -0.8776
v -5.4952 1.9686 -0.9962
v -5.4952 1.96 -1.0026
v -5.4952 1.9756 -0.9984
v -5.4668 2.4062 -0.3774
v -5.4952 2.1812 -0.7558
v -5.4952 2.033 -1.0014
v -5.5372 2.4062 -0.2524
v -5.4952 2.5054 -0.5196
v -5.4952 2.4642 -0.5944
v -5.5278 2.4214 -0.578
v -5.4952 2.5916 -0.6074
v -5.4952 2.4964 -0.5978
v -5.5174 2.2552 -0.2524
v -4.3224 0.4372 2.5428
v -4.4476 0.2186 2.5256
v -4.3224 0.2186 2.564
v -4.4476 -0.0002 2.5748
v -4.1974 0.4372 2.5944
v -4.1974 0.2186 2.6204
v -4.4476 0.4372 2.5354
v -4.3224 -0.0002 2.5438
v -4.1974 -0.0002 2.5662
v -3.1976 3.4922 2.7498
v -3.2222 3.4566 2.5698
v -3.6976 2.7686 2.6
v -4.5726 0.4372 2.548
v -4.6974 0.2186 2.5298
v -4.5726 0.2186 2.555
v -4.6974 -0.0002 2.5494
v -4.6974 0.4372 2.5658
v -4.5726 -0.0002 2.5602
v -3.4946 3.0622 2.5822
v -3.6976 2.7686 2.7
v -3.1976 3.4922 2.7468
v -3.1976 3.4922 2.5766
v -3.2812 3.3714 2.5498
v -3.4062 3.19 2.5498
v -3.4882 3.0714 2.5792
v -3.4474 3.1306 2.5588
v -3.6976 2.7686 2.7498
v -4.6974 1.3212 2.6
v -4.6974 1.3212 2.5718
v -4.7034 1.3122 2.5698
v -3.1976 3.4922 2.749
v -3.5046 3.0476 2.5806
v -3.5726 2.9496 2.5706
v -3.262 3.3986 2.5566
v -3.6604 2.822 2.5498
v -3.6976 2.7686 2.5584
v -3.6354 2.8584 2.5498
v -4.8224 0.2186 2.5562
v -4.8224 0.4372 2.5416
v -4.9476 0.4372 2.5416
v -4.9476 0.2186 2.5462
v -5.0724 -0.0002 2.5122
v -4.9476 -0.0002 2.5814
v -4.8224 -0.0002 2.5364
v -5.081 0.2038 2.5498
v -5.1974 0.0584 2.5498
v -5.1974 -0.0002 2.5278
v -5.0724 0.4372 2.5476
v -5.0952 0.4372 2.5498
v -5.077 0.4298 2.5498
v -5.0724 0.3104 2.5498
v -5.0446 0.2186 2.5502
v -5.0464 0.216 2.5498
v -5.0724 0.2098 2.5498
v -4.5726 0.875 2.5458
v -4.6974 0.875 2.5458
v -4.6974 0.6562 2.522
v -4.5726 0.6562 2.5836
v -4.4476 0.875 2.5022
v -4.4476 0.6562 2.616
v -4.3224 0.875 2.5818
v -4.3224 0.6562 2.58
v -4.1974 0.875 2.5398
v -4.1974 0.6562 2.5398
v -4.7792 0.7008 2.5498
v -4.6974 0.7212 2.5498
v -4.7966 0.6562 2.5498
v -4.7436 0.9818 2.5498
v -4.6974 0.9182 2.5498
v -4.7416 0.7974 2.5498
v -4.9476 0.5636 2.5498
v -4.8806 0.5546 2.5498
v -5.0394 0.4952 2.5498
v -4.8224 0.5546 2.5498
v -3.3782 3.1834 2.5498
v -3.3226 2.8904 2.5498
v -3.2816 3.3528 2.5498
v -4.1998 1.443 2.5498
v -4.1974 1.4448 2.5498
v -4.2 1.4408 2.5498
v -5.1974 -0.0026 2.5498
v -4.5406 1.3512 2.5498
v -4.3968 1.5162 2.5498
v -4.4476 1.3264 2.5498
v -3.7128 2.3102 2.5498
v -3.712 2.302 2.5498
v -3.9462 2.033 2.5498
v -5.0398 0.2258 2.5498
v -5.0014 0.7802 2.5498
v -4.9988 0.7658 2.5498
v -5.1974 0.5974 2.5498
v -3.9332 2.212 2.5498
v -3.9752 2.1872 2.5498
v -3.8224 2.3466 2.5498
v -4.0726 2.14 2.5498
v -4.0844 2.1066 2.5498
v -4.4476 1.2984 2.5498
v -4.4302 1.2476 2.5498
v -4.4744 1.21 2.5498
v -4.2864 1.8128 2.5498
v -4.2112 1.7496 2.5498
v -4.3224 1.6868 2.5498
v -3.7188 2.3686 2.5498
v -3.6426 2.7822 2.5498
v -4.6788 0.9078 2.5498
v -4.5726 0.91 2.5498
v -4.5098 1.0936 2.5498
v -4.4016 1.149 2.5498
v -4.977 0.6562 2.5498
v -4.9788 0.6516 2.5498
v -4.4038 1.1698 2.5498
v -4.7974 1.1762 2.5498
v -4.8234 1.0922 2.5498
v -3.4474 2.8132 2.5498
v -3.3478 2.7652 2.5498
v -3.5526 2.5916 2.5498
v -4.5316 1.5312 2.5498
v -4.3574 1.6092 2.5498
v -4.539 1.4554 2.5498
v -3.5214 2.812 2.5498
v -3.5726 2.8856 2.5498
v -4.5198 1.5784 2.5498
v -4.9476 0.959 2.5568
v -4.6974 1.3212 2.7
v -4.6974 1.3212 2.7498
v -5.1974 0.5974 2.7498
v -4.9848 0.9048 2.5498
v -4.8748 1.0642 2.5498
v -4.8224 0.7148 2.5498
v -3.353 2.7142 2.5498
v -3.5426 2.4964 2.5498
v -4.393 1.5312 2.5498
v -3.6274 2.7474 2.5498
v -3.5726 2.7206 2.5498
v -3.9488 1.9556 2.5498
v -3.6976 2.1686 2.5498
v -4.0076 1.7496 2.5498
v -4.0138 1.711 2.5498
v -4.1346 1.9686 2.5498
v -3.9496 2.0296 2.5498
v -4.1366 1.8148 2.5498
v -3.4158 3.0622 2.5498
v -3.425 2.883 2.5498
v -4.8966 0.852 2.5498
v -4.9178 0.7078 2.5498
v -3.2214 3.0622 2.5498
v -4.4476 1.0936 2.5276
v -4.289 1.3122 2.578
v -4.3224 1.2638 2.59
v -4.3224 1.0936 2.5822
v -4.1974 1.0936 2.5298
v -4.1974 1.3122 2.5402
v -4.3678 1.198 2.567
v -4.6974 1.5312 2.5598
v -4.8224 1.3122 2.5252
v -4.8224 1.5312 2.5134
v -4.9476 1.3122 2.5402
v -5.0724 1.7496 2.5398
v -5.1974 1.7496 2.5554
v -5.1974 1.5312 2.5718
v -5.0724 1.5312 2.5324
v -4.9476 1.7496 2.571
v -4.9476 1.5312 2.578
v -4.6974 1.7496 2.5494
v -4.8224 1.7496 2.5182
v -4.3224 1.7496 2.5386
v -4.4476 1.5312 2.5282
v -4.2012 1.4394 2.5502
v -4.2528 1.965 2.5554
v -4.3224 1.9686 2.5264
v -4.2692 1.9408 2.5498
v -4.4476 1.7496 2.5424
v -4.2502 1.9686 2.5562
v -4.1998 1.4434 2.5498
v -4.5726 1.5018 2.5598
v -4.5726 1.5312 2.5606
v -4.6684 1.3628 2.5696
v -4.5524 1.5312 2.5554
v -4.5488 1.3534 2.5498
v -4.1974 1.4572 2.5498
v -4.5726 1.7496 2.558
v -4.9982 0.826 2.5498
v -5.0724 0.6562 2.5302
v -4.9944 0.875 2.5498
v -5.0724 0.875 2.5246
v -4.8224 0.875 2.5302
v -4.8934 0.875 2.5498
v -5.0524 0.2536 2.5498
v -5.1974 0.6562 2.5172
v -5.1974 0.4882 2.5498
v -5.1558 0.5104 2.5498
v -5.1974 0.875 2.535
v -4.9476 1.0936 2.5432
v -5.0724 1.0936 2.6048
v -5.1974 1.0936 2.551
v -4.8224 1.0936 2.5498
v -5.0724 1.3122 2.5558
v -5.1974 1.3122 2.561
v -4.7966 1.0572 2.5498
v -4.822 1.0936 2.5498
v -4.7536 0.9952 2.5498
v -4.8568 0.9884 2.5498
v -3.1976 0.875 2.6252
v -3.1976 0.7368 2.5658
v -3.1976 -0.0002 2.7498
v -3.1976 0.6562 2.5566
v -3.1976 1.7496 2.7498
v -3.1976 0.875 2.7498
v -3.1976 2.8924 2.7498
v -3.1976 2.8924 2.6632
v -3.1976 2.6246 2.6252
v -3.1976 0.2186 2.497
v -3.1976 -0.0002 2.5034
v -3.1976 0.4372 2.5406
v -3.1976 2.2552 2.5722
v -3.1976 2.1872 2.5632
v -3.1976 2.6246 2.7498
v -3.1976 3.4996 2.7498
v -3.1976 3.4996 2.5784
v -3.1976 3.387 2.5498
v -3.1976 3.2812 2.5234
v -3.1976 3.131 2.5498
v -3.1976 1.7496 2.5732
v -3.1976 1.5312 2.5372
v -3.1976 1.9686 2.5542
v -3.8224 3.4996 2.5498
v -4.0726 3.4996 2.5402
v -3.9474 3.4996 2.574
v -4.5726 3.4996 2.5494
v -4.6974 3.4996 2.5594
v -4.3852 3.4996 2.3888
v -3.5726 3.4996 2.5276
v -5.0724 3.4996 2.5424
v -5.1974 3.4996 2.5718
v -4.3224 3.4996 2.5662
v -3.3226 3.4996 2.5346
v -4.9476 3.4996 2.5178
v -4.8224 3.4996 2.5606
v -3.6976 3.4996 2.567
v -4.4476 3.4996 2.5672
v -3.1976 2.6246 2.5138
v -3.1976 2.4062 2.5918
v -3.9474 -0.0002 2.51
v -3.6976 -0.0002 2.535
v -3.8224 -0.0002 2.539
v -4.0726 -0.0002 2.51
v -2.6976 -0.0002 2.2498
v -2.6976 -0.0002 2.7498
v -3.3226 -0.0002 2.5342
v -3.4474 -0.0002 2.5576
v -3.5726 -0.0002 2.5516
v -4.0102 -0.0002 2.3934
v -3.1976 2.8436 2.5532
v -3.1976 1.3122 2.5592
v -3.1976 1.0936 2.5278
v -3.1976 0.875 2.5818
v -3.1976 1.3914 2.5514
v -3.1976 2.8924 2.555
v -5.1974 0.2186 2.6104
v -5.1974 -0.0026 2.7498
v -5.1974 0.4372 2.5598
v -2.8226 2.6246 2.2498
v -2.6976 2.6246 2.2498
v -2.6976 1.7496 2.2498
v -5.1974 0.1818 2.5498
v -5.1974 0.423 2.5498
v -5.1974 1.9686 2.5438
v -5.1974 1.3668 2.4502
v -2.6976 0.875 2.2498
v -5.1974 2.6246 2.2498
v -5.1974 2.1872 2.562
v -5.1974 2.734 2.397
v -5.1974 2.4062 2.5572
v -5.1974 2.8436 2.406
v -5.1974 2.789 2.3168
v -5.1974 2.078 2.3836
v -2.6976 3.4996 2.7498
v -3.4474 3.4996 2.5368
v -4.1974 3.4996 2.5796
v -5.1974 3.2812 2.539
v -5.1974 3.0622 2.5576
v -5.1974 2.8436 2.5758
v -5.1974 2.6246 2.5602
v -3.556 2.6246 2.5498
v -3.5176 2.9398 2.5498
v -3.5038 2.8436 2.5498
v -3.9474 2.057 2.5498
v -3.8952 2.301 2.5498
v -4.0726 1.8782 2.5498
v -3.5336 2.4062 2.5884
v -3.3226 2.7112 2.5744
v -3.6976 2.1686 2.6
v -3.3378 2.689 2.564
v -3.231 2.8436 2.5562
v -3.3582 2.6596 2.5498
v -3.5228 2.4214 2.5826
v -3.4648 2.5054 2.5498
v -3.5436 2.3916 2.5848
v -3.9436 1.9756 2.5498
v -3.941 1.9686 2.5498
v -4.0582 2.2124 2.5498
v -4.0574 2.2474 2.5498
v -4.015 2.1994 2.5498
v -3.954 1.9686 2.5498
v -3.6968 2.1694 2.5498
v -3.6846 2.1872 2.5528
v -3.5726 2.3496 2.5736
v -3.6976 2.1716 2.5498
v -3.5392 2.4642 2.5498
v -4.1934 1.4504 2.5498
v -3.7008 2.1812 2.5498
v -3.3434 2.8068 2.5498
v -3.8452 2.5548 2.5498
v -3.8504 2.4062 2.5498
v -4.1916 1.7604 2.5498
v -3.9474 1.96 2.5498
v -3.6998 2.1872 2.5498
v -3.0724 2.6246 2.7498
v -2.6976 0.875 2.6252
v -2.6976 1.7496 2.7498
v -2.6976 0.875 2.7498
v -2.6976 2.6246 2.6252
v -2.6976 2.6246 2.7498
v -4.1974 2.0448 2.7498
v -2.9474 1.7496 2.7498
v -2.8226 0.875 2.7498
v -2.8226 2.6246 2.7498
v -3.6976 2.3184 2.7498
v -3.6976 2.1686 2.7498
v -4.6974 0.7212 2.6
v -4.6974 0.7212 2.7
v -4.6974 0.7212 2.7498
v -4.1974 1.4448 2.7498
v -4.1974 1.7448 2.7498
v -4.6974 1.171 2.7498
v -3.6976 2.1686 2.7
v -3.0724 0.875 2.7498
v -5.6002 0.7498 0.4456
v -5.6002 -0.0002 0.395
v -5.6002 -0.0002 0.5976
v -5.5252 0.7498 0.395
v -5.5004 0.587 0.395
v -5.5004 -0.0002 0.395
v -5.6002 0.7498 1.948
v -5.6002 -0.0002 1.8974
v -5.6002 -0.0002 2.1
v -5.6002 0.7498 0.395
v -5.6002 1.5 0.395
v -5.575 2.25 0.395
v -5.5502 1.5 0.395
v -5.6002 2.9998 0.395
v -5.5252 2.25 0.395
v -5.6002 2.25 0.395
v -5.5004 1.5 0.395
v -5.6002 2.25 1.948
v -5.6002 2.25 1.8974
v -5.6002 1.5 1.8974
v -5.6002 1.5 1.9986
v -5.6002 0.7498 2.1
v -5.6002 0.7498 2.0492
v -5.6002 2.9998 2.1
v -5.6002 2.25 2.0492
v -5.6002 2.25 2.1
v -5.6002 2.9998 1.8974
v -5.6002 0.7498 1.8974
v -5.5004 0.7498 0.395
v -5.5004 2.5868 0.395
v -5.5004 2.25 0.395
v -5.575 0.7498 0.395
v -5.5004 2.9998 0.395
v -5.5144 2.9998 0.395
v -5.5004 1.7608 0.395
v -5.5004 1.2386 0.395
v -5.6002 0.7498 0.547
v -5.6002 1.5 0.5976
v -5.6002 0.7498 0.5976
v -5.6002 1.5 2.1
v -5.5004 2.4254 2.1
v -5.5252 2.25 2.1
v -5.5004 2.25 2.1
v -5.5252 0.7498 2.1
v -5.575 0.7498 2.1
v -5.5004 -0.0002 2.1
v -5.5502 1.5 2.1
v -5.5004 1.2762 2.1
v -5.5004 0.7498 2.1
v -5.575 2.25 2.1
v -5.5004 2.9998 2.1
v -5.6002 2.25 0.4456
v -5.6002 1.5 0.4962
v -5.6002 2.9998 0.5976
v -5.6002 2.25 0.547
v -5.6002 2.25 0.5976
v -5.5004 0.875 2.2498
v -5.5004 0.7498 2.1618
v -5.5004 0.7498 2.2498
v -5.5004 1.3996 2.2498
v -5.5004 0.7 2.2498
v -5.5004 -0.0002 2.2498
v -5.5004 2.0998 2.2498
v -5.5004 2.25 2.1618
v -5.5004 1.75 2.2498
v -5.5004 2.25 2.2498
v -5.5004 1.5 2.2498
v -5.5346 2.9998 0.5976
v -5.5252 2.25 0.5976
v -5.575 2.25 0.5976
v -5.2 0.7498 0.5976
v -5.2754 0.7498 0.5976
v -5.2 -0.0002 0.5976
v -5.5004 2.9998 0.5976
v -5.4252 0.7498 0.5976
v -5.5004 0.7498 0.5976
v -5.5004 -0.0002 0.5976
v -5.5252 0.7498 0.5976
v -5.5004 1.5 0.5976
v -5.5502 1.5 0.5976
v -5.5004 0.7498 0.3386
v -5.5004 2.9998 0.253
v -5.5004 2.9998 0.2524
v -5.5004 2.9998 0.2534
v -5.5004 2.625 2.2498
v -5.5004 2.9998 2.2498
v -5.5004 2.25 0.3386
v -5.5004 2.9998 2.2494
v -5.5004 -0.0002 0.2524
v -5.5004 1.5 0.2524
v -5.575 0.7498 0.5976
v -5.2 1.5 0.5976
v -5.5004 2.25 0.5976
v -5.3502 1.5 0.5976
v -5.2754 2.25 0.5976
v -5.4252 2.25 0.5976
v -5.2 2.9998 0.5976
v -5.2 2.25 0.5976
v -5.5 2.9998 0.5976
v -5.4096 2.9998 0.5976
v -5.4992 2.9998 0.5976
v -5.2962 2.9998 0.5976
v -5.4988 3.2498 2.2498
v -5.491 3.2498 1.7506
v -5.4954 3.125 1.7506
v -5.4928 3.125 2.2498
v -5.5 3.0198 0.8314
v -5.5 2.9998 0.8132
v -5.478 2.9998 1.2514
v -5.4836 3.125 1.2514
v -5.498 2.9998 1.7506
v -5.4844 3.2498 1.2514
v -5.5 3.0268 0.469
v -5.5 2.9998 0.6352
v -5.4992 2.9998 0.5962
v -5.5 3.125 0.404
v -5.49 3.125 0.2524
v -5.49 2.9998 0.2524
v -5.5 3.0376 0.4032
v -5.5 3.0904 0.9752
v -5.5 3.125 1.046
v -5.5004 2.25 0.2524
v -5.4252 2.25 0.2524
v -5.3502 1.5 0.2524
v -5.2 1.5 0.2524
v -5.2754 0.7498 0.2524
v -5.2 0.7498 0.2524
v -5.4252 0.7498 0.2524
v -5.2 -0.0002 0.2524
v -5.5014 3.2498 0.2524
v -5.2 2.9998 0.2524
v -5.5156 3.3748 0.2524
v -5.5 3.0842 2.2498
v -5.5 3.0332 1.9844
v -5.2754 2.25 0.2524
v -5.5 2.9998 1.8108
v -5.5 3.2488 0.7518
v -5.5 3.2498 0.7518
v -5.5 3.2034 0.6244
v -5.4922 3.5 1.2514
v -5.4914 3.3748 0.7518
v -5.5136 3.3748 1.2514
v -5.472 3.5 0.7518
v -5.4892 3.5 0.2524
v -5.5214 3.3748 2.2498
v -5.5 3.2498 0.6806
v -5.5014 3.2498 0.253
v -5.4992 3.5 2.2498
v -5.488 3.3748 1.7506
v -5.5 3.5 1.7506
v -5.1952 3.4996 -1.2524
v -5.1952 3.4996 -0.2524
v -5.1952 3.0622 -1.0026
v -5.5014 3.2498 0.2654
v -5.5014 3.2484 0.253
v -5.5 3.2388 0.3416
v -5.5 3.2358 0.253
v -5.5 3.1998 1.0512
v -5.5 3.1502 1.0478
v -5.5352 2.9998 1.8974
v -5.5252 2.25 1.8974
v -5.2754 0.7498 1.8974
v -5.2 0.7498 1.8974
v -5.2 -0.0002 1.8974
v -5.5032 2.9998 1.8974
v -5.5004 2.9998 1.8974
v -5.2984 2.9998 1.8974
v -5.2 2.9998 1.8974
v -5.2754 2.25 1.8974
v -5.4104 2.9998 1.8974
v -5.5004 2.25 1.8974
v -5.5004 1.5 1.8974
v -5.5004 -0.0002 1.8974
v -5.4252 0.7498 1.8974
v -5.575 2.25 1.8974
v -5.5502 1.5 1.8974
v -5.575 0.7498 1.8974
v -5.5252 0.7498 1.8974
v -5.5004 0.7498 1.8974
v -5.5 2.9998 1.8974
v -5.5104 2.9998 2.1
v -5.5152 2.9998 2.1
v -5.5004 1.5 2.1
v -5.5004 1.7236 2.1
v -5.5004 0.4254 2.1
v -5.2 2.25 1.8974
v -5.4252 2.25 1.8974
v -5.3502 1.5 1.8974
v -5.2 3.5 0.2524
v -5.2 1.5 1.8974
v -5.2 2.25 0.2524
v -5.5004 0.7498 0.2524
v -5.5 3.2498 2.2498
v -5.7 0.875 2.2498
v -5.575 0.875 2.2498
v -5.7 -0.0002 2.2498
v -5.7 2.625 2.2498
v -5.575 2.625 2.2498
v -5.7 1.75 2.2498
v -5.7 3.5 2.2498
v -5.6996 3.2498 2.2498
v -5.6646 3.2498 2.2498
v -5.6286 2.9998 2.2498
v -5.6996 2.9998 2.2498
v -5.2 0.875 2.3752
v -5.2 1.75 2.5
v -5.2 0.875 2.625
v -5.2 1.75 2.2498
v -5.2 2.25 0.3386
v -5.2 2.25 0.5114
v -5.2 1.5 0.4252
v -5.2 0.7498 0.5114
v -5.2 2.25 1.9856
v -5.2 1.5 2.0736
v -5.2 1.5 2.2498
v -5.2 0.7498 2.1618
v -5.2 2.625 2.3752
v -5.2 3.5 2.2498
v -5.2 2.625 2.625
v -5.2 2.25 2.1618
v -5.2 2.25 2.2498
v -5.2 0.875 2.2498
v -5.2 0.7498 2.2498
v -5.2 2.9998 2.2498
v -5.2 2.625 2.2498
v -5.2 0.7498 0.3386
v -5.5932 3.2498 2.2498
v -5.7 0.875 2.7502
v -5.7 0.875 2.625
v -5.7 -0.0002 2.7502
v -5.7 2.625 2.625
v -5.7 2.625 2.3752
v -5.7 1.75 2.5
v -5.7 3.5 2.7502
v -5.7 0.875 2.3752
v -5.7 2.625 2.7502
v -5.575 2.625 2.7502
v -5.4502 1.75 2.7502
v -5.575 0.875 2.7502
v -5.3252 0.875 2.7502
v -5.2 0.875 2.7502
v -5.2 -0.0002 2.7502
v -5.7 1.75 2.7502
v -5.5156 2.9998 2.2498
v -5.2 3.5 2.7502
v -5.2 2.625 2.7502
v -5.2 2.9998 1.2514
v -5.2 3.2498 1.2514
v -5.2 3.5 1.2514
v -5.2 0.7498 1.9856
v -5.2 1.75 2.7502
v -5.5 2.9998 0.7466
v -5.6 2.9998 1.2514
v -5.5 2.9998 0.253
v -5.5 2.9998 1.2514
v -5.5032 2.9998 0.7518
v -5.6996 2.9998 0.253
v -5.6996 2.9998 1.2514
v -5.5114 2.9998 2.1358
v -5.6996 3.125 1.2514
v -5.6996 3.2498 1.2514
v -5.6996 3.2498 0.253
v -5.5 3.2498 1.2514
v -5.5 3.125 1.2514
v -5.3252 2.625 2.7502
v -5.6 3.2498 1.2514
v -5.1952 0.4372 -1.0026
v -5.1952 0.875 -0.7524
v -5.1952 -0.0002 -0.2524
v -5.695 3.4922 -0.2524
v -5.5152 1.3122 -1.7586
v -5.694 3.4922 -0.2524
v -5.6918 3.4922 -0.2524
v -5.5018 0.959 -2.0024
v -5.4952 1.1762 -1.8526
v -5.4952 0.7658 -2.0538
v -5.4952 0.6516 -2.0336
v -5.4952 0.9818 -1.7988
v -5.4952 0.7974 -1.7968
v -5.4952 0.7148 -1.8776
v -5.4952 0.7008 -1.8344
v -5.4952 0.9182 -1.7526
v -5.4952 1.4554 -1.594
v -5.4952 1.3512 -1.5954
v -5.4952 1.0642 -1.93
v -5.4952 0.9048 -2.04
v -5.5612 0.6562 -1.5024
v -5.529 0.6562 -1.6274
v -5.4932 0.4372 -1.6274
v -5.4806 0.4372 -1.5024
v -5.4672 0.6562 -1.7526
v -5.511 0.4372 -1.7526
v -5.475 0.2186 -1.7526
v -5.5004 0.2186 -1.6274
v -5.4706 0.2186 -1.5024
v -5.5252 0.6562 -1.3776
v -5.488 0.4372 -1.3776
v -5.491 0.875 -1.6274
v -5.491 0.875 -1.7526
v -5.4472 0.875 -1.5024
v -5.4948 -0.0002 -1.7526
v -5.4888 -0.0002 -1.3776
v -5.5092 0.2186 -1.3776
v -5.52 -0.0002 -1.5024
v -5.5056 -0.0002 -1.6274
v -5.4952 1.2984 -1.5024
v -5.4952 1.2476 -1.4854
v -5.4952 1.21 -1.5296
v -5.4952 1.1698 -1.459
v -5.4952 0.9078 -1.7336
v -5.4952 1.0936 -1.565
v -5.4952 1.0922 -1.8782
v -5.4952 1.0936 -1.8768
v -5.4952 1.0572 -1.8518
v -5.4952 0.9884 -1.9118
v -5.4952 0.875 -1.9486
v -5.4952 0.852 -1.9518
v -5.4952 0.5104 -2.2106
v -5.4952 0.4372 -2.15
v -5.4952 0.4298 -2.1318
v -5.4952 0.3104 -2.1276
v -5.4952 0.4952 -2.0946
v -5.4952 0.2536 -2.1076
v -5.4952 0.2258 -2.0946
v -5.4952 0.91 -1.6274
v -5.4952 0.2038 -2.1358
v -5.4952 0.216 -2.1012
v -5.4952 -0.0026 -2.2526
v -5.4952 0.7078 -1.973
v -5.4952 0.2098 -2.1276
v -5.4952 0.7802 -2.0564
v -5.4952 0.6562 -2.0318
v -5.4952 0.5546 -1.8776
v -5.4952 0.5546 -1.9356
v -5.4952 0.6562 -1.8518
v -5.4952 0.5636 -2.0024
v -5.4776 1.5312 -2.1276
v -5.523 1.5312 -2.0024
v -5.501 1.3122 -2.1276
v -5.4854 1.3122 -2.0024
v -5.4586 1.5312 -1.8776
v -5.5052 1.5312 -1.7526
v -5.4706 1.3122 -1.8776
v -5.5498 1.0936 -2.1276
v -5.4952 1.0936 -1.8776
v -5.4884 1.0936 -2.0024
v -5.4698 0.875 -2.1276
v -5.4952 0.875 -2.0492
v -5.4952 1.3534 -1.604
v -5.4728 1.0936 -1.5024
v -5.5274 1.0936 -1.3776
v -5.527 0.875 -1.3776
v -5.4954 0.2186 -2.0998
v -5.4914 0.2186 -2.0024
v -5.4866 0.4372 -2.0024
v -5.4732 -0.0002 -2.2526
v -5.4572 -0.0002 -2.1276
v -5.4928 0.4372 -2.1276
v -5.4754 0.6562 -2.1276
v -5.5014 0.2186 -1.8776
v -5.4818 -0.0002 -1.8776
v -5.5264 -0.0002 -2.0024
v -5.4866 0.4372 -1.8776
v -5.4754 0.875 -1.8776
v -5.4952 0.9952 -1.8088
v -5.4952 0.826 -2.053
v -5.695 3.4996 -0.2524
v -5.695 3.4996 0.2474
v -5.1952 3.4996 0.2474
v -5.3338 3.4996 -1.44
v -5.5702 0.875 -0.2524
v -5.5702 2.6246 -0.2524
v -5.695 1.7496 -0.2524
v -5.695 2.6246 -0.2524
v -5.6084 2.8924 -0.2524
v -5.695 -0.0002 -0.2524
v -5.695 0.875 -0.2524
v -5.695 2.8924 -0.2524
v -5.1952 2.6246 -1.7526
v -5.1952 2.6246 -0.7524
v -5.1952 1.7496 -1.2524
v -5.1952 2.6246 0.1226
v -5.1952 2.6246 0.2474
v -5.1952 0.875 0.1226
v -5.1952 -0.0002 0.2474
v -5.1952 -0.0002 -1.2524
v -5.1952 0.875 -1.7526
v -5.1952 0.875 -0.2524
v -5.1952 1.7496 -0.2524
v -5.1952 0.875 -0.1276
v -5.1952 2.6246 -0.1276
v -5.1952 1.7496 -0.0026
v -5.1952 1.7496 0.2474
v -5.1952 -0.0002 -2.2526
v -5.1952 2.6246 -0.2524
v -5.1952 0.875 0.2474
v -5.695 -0.0026 -2.2526
v -5.695 2.6246 0.1226
v -5.695 1.7496 -0.0026
v -5.695 1.7496 0.2474
v -5.695 0.875 0.1226
v -5.695 0.875 0.2474
v -5.695 1.7448 -1.2524
v -5.695 1.171 -1.7526
v -5.695 2.3184 -0.7524
v -5.3386 -0.0002 -1.065
v -5.3204 0.875 0.2474
v -5.5702 0.875 0.2474
v -5.445 1.7496 0.2474
v -5.3204 2.6246 0.2474
v -5.695 -0.0002 0.2474
v -5.5702 2.6246 0.2474
v -5.695 0.875 -0.1276
v -5.695 2.6246 -0.1276
v -5.695 2.6246 0.2474
v -1.2104 2.3748 2.5502
v -1.203 1.8076 2.5502
v -1.2124 1.7862 2.5502
v -0.9466 1.0936 2.5502
v -0.9454 1.0944 2.5502
v -0.9292 1.058 2.5502
v -1.0514 1.5438 2.5502
v -0.9704 1.7158 2.5502
v -0.8302 1.5162 2.5502
v -0.851 1.3988 2.5502
v -0.8344 1.1944 2.5502
v -0.9496 1.097 2.5502
v -0.986 1.75 2.5502
v -0.9666 1.75 2.5502
v -0.9582 1.7426 2.5502
v -2.3096 1.5 2.5502
v -2.2412 1.5312 2.5502
v -1.9528 1.5 2.5502
v -1.0098 1.75 2.5502
v -1.1994 1.6914 2.5502
v -2.3902 1.9962 2.5502
v -2.3902 1.75 2.5502
v -2.3902 1.75 2.5576
v -2.3902 2.9998 2.5806
v -2.3902 2.9998 2.5502
v -2.3902 1.75 2.6502
v -2.3902 1.75 2.581
v -1.48 1.7226 2.5502
v -1.2038 1.6868 2.5502
v -1.4934 1.6504 2.5502
v -1.2124 1.75 2.5502
v -2.3902 2.9998 2.6502
v -2.1104 1.6764 2.5502
v -1.9018 1.5996 2.5502
v -2.1836 1.5642 2.5502
v -2.1982 1.542 2.5502
v -1.358 1.1208 2.5502
v -0.9574 1.0918 2.5502
v -1.6986 0.9248 2.5502
v -1.1994 1.1346 2.5502
v -2.262 2.9998 2.5502
v -2.2606 2.9998 2.5502
v -2.2268 2.7574 2.5502
v -2.0624 1.75 2.5502
v -1.8706 1.6464 2.5502
v -1.3108 1.5764 2.5502
v -0.7002 1.75 2.5502
v -0.8276 1.5312 2.5502
v -1.0134 1.3122 2.5502
v -1.5026 1.6002 2.5502
v -2.3386 2.3748 2.5502
v -2.3148 2.2538 2.5502
v -2.3902 2.0958 2.5502
v -1.1648 2.9998 2.5502
v -1.106 2.9466 2.5502
v -1.2124 2.8926 2.5502
v -1.0574 1.5312 2.5502
v -1.047 1.5 2.5502
v -2.2698 2.6872 2.5502
v -2.3378 2.6314 2.5502
v -2.3148 2.8024 2.5502
v -2.3902 2.0622 2.5528
v -1.6986 3.2498 2.6498
v -1.6986 3.2498 2.7494
v -0.7002 3.2498 2.7494
v -2.6784 3.2498 2.552
v -2.697 3.2498 2.5516
v -2.697 3.2498 2.7494
v -0.7002 3.2498 2.7144
v -0.7002 3.2498 2.5498
v -1.6986 3.2498 2.5516
v -2.697 3.248 2.5516
v -2.697 3.238 2.5498
v -2.697 2.9998 2.7494
v -2.697 2.9998 2.5498
v -1.6986 3.2498 2.5516
v -2.1982 3.2498 2.5558
v -1.3082 3.1736 2.5498
v -1.3814 3.125 2.5498
v -1.455 3.0942 2.5498
v -1.6986 2.9998 2.5498
v -1.6606 3.0094 2.5498
v -1.6602 2.9998 2.5498
v -0.7002 3.2498 2.6428
v -1.3366 3.2498 2.5498
v -2.3902 2.7426 2.5502
v -2.3902 2.5036 2.5718
v -2.3902 2.6552 2.5502
v -2.3902 2.848 2.5502
v -2.3902 2.8158 2.5562
v -2.3902 2.24 2.5502
v -2.3902 2.3748 2.5714
v -1.6986 3.125 2.7494
v -1.6986 2.9998 2.7494
v -0.7002 2.9998 2.7494
v -1.7718 0.8828 2.5502
v -1.7494 0.875 2.5502
v -1.7234 0.8532 2.5502
v -1.5982 0.875 2.5502
v -1.4632 0.8442 2.5502
v -1.6986 0.7498 2.5502
v -1.4652 0.8606 2.5502
v -2.4802 0.2186 2.5502
v -2.471 0.1982 2.5502
v -2.6976 -0.0002 2.5502
v -1.9472 1.5312 2.5502
v -2.4476 0.1808 2.5502
v -2.3454 0.2026 2.5502
v -1.4492 0.9278 2.5502
v -1.4164 0.9034 2.5502
v -2.3118 0.5562 2.5502
v -2.162 0.5644 2.5502
v -2.6976 0.3498 2.5502
v -2.1982 0.5702 2.5502
v -1.3142 0.9036 2.5502
v -1.0778 0.9984 2.5502
v -1.2016 1.75 2.5502
v -1.0842 2.0504 2.5502
v -1.0098 2.0482 2.5502
v -2.369 1.8782 2.5502
v -2.3606 1.75 2.5502
v -1.2124 2.9998 2.5502
v -2.2688 2.4886 2.5502
v -2.2372 2.3748 2.5502
v -2.3062 2.2678 2.5502
v -2.5446 1.75 2.5502
v -2.4364 1.75 2.5502
v -2.4464 1.7184 2.5502
v -2.206 2.9998 2.5502
v -2.1874 2.9998 2.5502
v -2.3014 0.578 2.5502
v -1.2108 2.3794 2.5502
v -1.1548 2.6872 2.5502
v -1.9484 1.5054 2.5502
v -1.945 1.5338 2.5502
v -0.8332 1.5 2.5502
v -1.848 0.69 2.5502
v -1.9308 0.5224 2.5502
v -1.6986 0.5748 2.5502
v -1.9484 0.481 2.5502
v -0.7002 1.1498 2.5502
v -0.7002 1.6266 2.5502
v -1.3544 1.5312 2.5502
v -0.75 1.75 2.5502
v -0.8532 1.75 2.5502
v -1.5138 1.75 2.5502
v -1.1994 0.904 2.5502
v -0.9142 1.0264 2.5502
v -1.874 0.6562 2.5502
v -1.4492 0.729 2.5502
v -1.4316 0.7286 2.5502
v -2.4476 0.271 2.5502
v -1.9962 0.5078 2.5502
v -2.3988 0.2618 2.5502
v -2.3 0.2286 2.5502
v -1.0388 2.4856 2.5502
v -1.0098 2.156 2.5502
v -1.0492 2.1482 2.5502
v -1.0098 2.4556 2.5502
v -0.7002 1.3148 2.5502
v -1.2124 2.3704 2.5502
v -1.8018 1.75 2.5502
v -2.6976 1.5 2.5502
v -2.5664 1.5 2.5502
v -1.6986 1.5 2.6502
v -2.4836 1.5 2.5588
v -1.341 1.5 2.5502
v -1.235 1.5 2.5722
v -1.6986 1.5 2.6026
v -1.1994 1.5 2.5852
v -0.7002 1.5 2.5722
v -0.7002 1.5 2.7144
v -0.789 1.5 2.5588
v -1.7342 1.5 2.5978
v -0.1998 1.75 2.2498
v -0.1998 1.75 2.5
v -0.1998 0.875 2.3752
v -0.1998 2.625 2.2498
v -0.1998 3.5 2.2498
v -0.1998 2.625 2.3752
v -0.1998 0.875 2.625
v -0.1998 0.875 2.7498
v -0.1998 -0.0002 2.7498
v -0.1998 3.5 2.7498
v -0.1998 2.625 2.625
v -1.525 1.5 2.5502
v -0.1998 -0.0002 2.2498
v -0.7938 1.4456 2.5594
v -1.1994 1.2122 2.5714
v -1.6986 0.9248 2.6502
v -0.8038 1.44 2.558
v -1.0258 1.3122 2.5532
v -2.4476 1.5 2.5566
v -1.9484 1.5 2.5502
v -0.7002 1.5 2.7498
v -0.7358 1.5 2.5696
v -1.6986 1.5 2.7498
v -2.6976 1.5 2.7498
v -0.1998 1.75 2.7498
v -0.7002 1.1498 2.5858
v -0.7002 1.1498 2.6644
v -1.6986 0.5748 2.6502
v -0.9496 1.0062 2.554
v -2.6976 0.3498 2.7498
v -1.6986 0.9248 2.7498
v -0.7002 1.1498 2.7498
v -2.1982 0.6372 2.5558
v -2.2606 0.6016 2.5532
v -2.1658 0.6562 2.5576
v -1.9484 0.781 2.5572
v -1.7856 0.875 2.551
v -1.241 0.8382 2.5514
v -0.1998 0.875 2.2498
v -0.1998 2.625 2.7498
v -1.1778 0.875 2.5524
v -1.6986 0.5748 2.7498
v -1.1994 0.8624 2.5524
v -1.6986 3.245 2.5498
v -1.6986 3.125 2.5498
v -0.8626 3.209 2.5498
v -0.7002 3.1656 2.5498
v -0.325 2.625 2.7498
v -2.342 2.9998 2.5498
v -2.262 2.9998 2.5498
v -2.261 2.9998 2.5498
v -2.5226 3.228 2.5498
v -1.6986 0.7498 2.7498
v -1.6986 1.6248 2.7498
v -1.6986 1.75 2.7498
v -2.6976 1.75 2.7498
v -0.45 1.75 2.7498
v -0.7002 1.75 2.7498
v -0.5748 0.875 2.7498
v -0.325 0.875 2.7498
v -2.1982 3.0098 2.5498
v -2.3294 3.2168 2.5498
v -2.1982 3.2384 2.5498
v -1.1994 3.2466 2.5498
v -0.9488 3.2186 2.5498
v -1.6986 3.245 2.5498
v -1.7126 3.2462 2.5498
v -1.8372 2.9998 2.5498
v -2.1434 3.0134 2.5498
v -2.3174 0.2186 2.5506
v -0.7002 3.5 2.7498
v -0.7002 -0.0002 2.7498
v -0.848 1.4144 2.5502
v -1.0142 1.3188 2.5502
v -0.5748 2.625 2.7498
v -0.7002 0.875 2.7498
v -0.7002 2.625 2.7498
v -2.2688 2.4986 2.5502
v -1.8 1.75 2.3086
v -1.8 1.75 2.2498
v -2.1874 1.75 2.348
v -0.828 1.75 2.571
v -0.8778 1.75 2.568
v -1.0098 1.75 2.581
v -2.1874 1.75 2.5856
v -2.1874 1.75 2.6012
v -1.6986 1.75 2.6502
v -2.1874 1.75 2.2498
v -1.2124 1.75 2.2498
v -1.6 1.75 2.3068
v -1.2124 1.75 2.5304
v -1.9484 1.75 2.394
v -2.1874 1.75 2.3692
v -1.4492 1.75 2.542
v -1.6986 1.75 2.5724
v -1.0098 1.75 2.6502
v -1.2124 1.75 2.6014
v -1.2124 1.75 2.6502
v -0.7794 1.75 2.558
v -0.993 1.75 2.5472
v -0.9682 1.75 2.548
v -1.8 1.75 2.4
v -0.7288 1.75 2.5204
v -0.7002 1.75 2.5164
v -0.7002 1.75 2.5364
v -0.8674 1.75 2.5382
v -1.6 1.75 2.2498
v -1.1714 1.75 2.5394
v -2.1874 1.75 2.5502
v -2.1874 1.75 2.5618
v -1.2124 1.75 2.5382
v -0.9562 1.75 2.5628
v -0.9496 1.75 2.549
v -1.2124 1.75 2.554
v -1.2124 2.6872 2.574
v -1.2124 2.6184 2.5502
v -1.2124 2.3748 2.5506
v -1.2124 2.9998 2.403
v -1.2124 2.9998 2.2498
v -1.2124 2.7102 2.5502
v -1.2124 1.75 2.5354
v -1.2124 2.3738 2.5502
v -1.2124 2.9998 2.5376
v -1.2124 2.0622 2.52
v -2.5698 1.75 2.555
v -1.6 1.75 2.4
v -2.1874 1.75 2.6502
v -1.1994 1.75 2.538
v -1.2124 2.9998 2.6502
v -1.2124 2.9998 2.6012
v -1.2124 2.9998 2.5714
v -0.7002 3.5 2.2498
v -0.325 2.625 2.2498
v -1.6986 3.5 2.2498
v -1.6986 3.2498 2.2498
v -1.6 2.9998 2.2498
v -1.6986 1.75 2.2498
v -2.1874 2.9998 2.2498
v -1.8 2.9998 2.2498
v -0.7002 2.9998 2.2498
v -2.6976 2.9998 2.2498
v -2.1874 1.75 2.4324
v -1.9484 1.75 2.5178
v -2.6742 1.75 2.5524
v -2.6976 1.75 2.5516
v -0.5748 0.875 2.2498
v -0.45 1.75 2.2498
v -0.325 0.875 2.2498
v -2.1982 1.3122 2.2498
v -1.6986 0.875 2.2498
v -0.7002 -0.0002 2.2498
v -1.1994 0.4372 2.2498
v -1.6986 -0.0002 2.2498
v -0.7002 2.625 2.2498
v -0.5748 2.625 2.2498
v -0.7002 1.75 2.2498
v -2.1982 0.4372 2.2498
v -0.9562 2.3748 2.2498
v -1.6986 2.9998 2.2498
v -2.6976 1.75 2.2498
v -2.4424 2.3748 2.2498
v -1.1994 1.3122 2.2498
v -1.0842 1.75 2.5082
v -1.6986 1.75 2.5502
v -2.4598 1.75 2.5338
v -2.4476 1.75 2.548
v -2.4424 1.75 2.5308
v -2.6944 1.75 2.5502
v -2.5598 1.75 2.5468
v -2.5638 1.75 2.5502
v -2.5292 1.75 2.5472
v -2.6862 1.75 2.545
v -2.6976 1.75 2.545
v -2.6976 1.75 2.5502
v -1.0098 2.9998 2.581
v -1.0098 2.9998 2.6502
v -1.0098 2.9942 2.5506
v -1.0098 2.9882 2.5502
v -1.0098 2.9998 2.551
v -1.0098 2.9998 2.562
v -1.0098 2.5562 2.5672
v -1.0098 2.6872 2.5666
v -1.0098 2.8038 2.5502
v -1.5152 1.5312 2.5502
v -2.5374 1.5312 2.5502
v -2.549 1.5182 2.5502
v -2.4476 1.714 2.5502
v -2.0702 0.5494 2.5502
v -1.8 2.9998 2.4
v -1.6986 2.9998 2.4
v -1.6 2.9998 2.4
v -1.0098 2.0622 2.552
v -2.1874 2.9998 2.6502
v -2.342 2.9998 2.5502
v -0.9552 1.0936 2.5502
v -1.0216 2.9998 2.5502
v -1.0116 2.99 2.5502
v -1.0372 2.6872 2.5502
v -2.1874 2.8216 2.5502
v -2.372 1.9222 2.5502
v -1.0912 2.0622 2.5502
v -1.0842 2.0802 2.5502
v -0.7002 2.625 2.625
v -0.7002 2.1798 2.5614
v -0.7002 2.0622 2.5692
v -0.7002 0.875 2.625
v -0.7002 0.875 2.5324
v -0.7002 0.7008 2.5506
v -0.7002 2.625 2.5554
v -0.7002 2.3748 2.5484
v -0.7002 3.3748 2.5562
v -0.7002 3.2498 2.539
v -0.7002 2.9998 2.6784
v -0.7002 0.2186 2.5246
v -0.7002 -0.0002 2.5416
v -0.7002 0.6562 2.5554
v -0.7002 0.4372 2.5238
v -0.7002 3.5 2.5754
v -0.7002 1.3122 2.5498
v -0.7002 1.0936 2.5294
v -0.7002 2.9998 2.5562
v -0.7002 2.6872 2.5572
v -0.9496 -0.0002 2.5822
v -1.4492 -0.0002 2.3922
v -2.1982 -0.0002 2.5346
v -1.1994 -0.0002 2.5252
v -2.4476 -0.0002 2.5368
v -1.6986 -0.0002 2.5302
v -2.6976 -0.0002 2.523
v -1.9484 -0.0002 2.5806
v -1.4492 -0.0002 2.5286
v -1.1994 3.5 2.5316
v -1.6986 3.5 2.5662
v -1.4492 3.5 2.394
v -2.1982 3.5 2.5386
v -2.6976 3.5 2.2498
v -2.6976 3.5 2.5908
v -1.0852 2.6872 -2.5406
v -1.202 0.4372 -2.5388
v -0.9526 0.4372 -2.5414
v -1.202 0.2186 -2.5492
v -1.202 0.6562 -2.5574
v -0.9526 0.6562 -2.5298
v -0.7028 0.2186 -2.5314
v -0.7028 0.4372 -2.5536
v -1.7016 0.6562 -2.525
v -1.4518 0.4372 -2.5474
v -1.7016 0.4372 -2.5548
v -0.7028 0.6562 -2.5968
v -1.202 0.875 -2.5492
v -0.9526 0.875 -2.553
v -0.7028 0.875 -2.5562
v -1.951 0.6562 -2.5492
v -2.201 0.6562 -2.5596
v -2.4504 0.4372 -2.5582
v -2.4504 0.6562 -2.5432
v -2.201 0.4372 -2.5332
v -1.951 0.4372 -2.5298
v -1.7016 0.875 -2.5492
v -2.4504 0.875 -2.5592
v -1.7016 0.2186 -2.5756
v -1.4518 0.2186 -2.5392
v -0.7028 1.5312 -2.5332
v -1.202 1.5312 -2.5484
v -1.7016 1.3122 -2.5852
v -1.4518 1.3122 -2.5526
v -0.9526 1.3122 -2.5376
v -0.7028 1.3122 -2.5548
v -1.4518 1.5312 -2.55
v -1.202 1.3122 -2.5488
v -1.7016 1.0936 -2.535
v -1.4518 0.875 -2.5548
v -1.4518 1.0936 -2.535
v -1.202 1.0936 -2.5474
v -0.9526 1.0936 -2.5484
v -0.7028 1.0936 -2.5154
v -1.2128 2.0518 -2.5504
v -1.2128 2.7042 -2.5504
v -1.2128 2.6362 -2.5504
v -1.2128 2.3618 -2.5504
v -1.2128 2.6872 -2.5674
v -1.2128 2.3748 -2.5566
v -1.2128 2.9998 -2.6012
v -1.2128 2.0622 -2.5604
v -1.2128 2.9998 -2.4024
v -2.4438 2.9998 -2.5552
v -2.5724 2.9998 -2.5526
v -1.7016 2.9998 -2.5484
v -2.249 2.9998 -2.5414
v -1.1752 2.9998 -2.5388
v -1.2128 2.9998 -2.5272
v -1.7018 2.9998 -2.65
v -1.2128 2.9998 -2.5548
v -0.7028 2.9998 -2.5164
v -0.7028 2.6872 -2.5406
v -0.7028 2.3748 -2.5496
v -0.7028 2.9998 -2.548
v -0.7028 3.3748 -2.5712
v -0.7028 3.125 -2.534
v -0.7028 3.2498 -2.5518
v -1.1942 2.9998 -2.55
v -1.0462 2.9998 -2.5428
v -0.8302 2.9998 -2.5242
v -0.9578 2.9998 -2.4894
v -0.8224 2.9998 -2.5258
v -2.6524 2.9998 -2.5548
v -1.951 0.2186 -2.5822
v -2.201 0.2186 -2.551
v -2.4504 0.2186 -2.5526
v -2.2352 2.9998 -2.55
v -2.316 2.9998 -2.5454
v -2.378 2.9998 -2.55
v -2.572 2.9998 -2.5526
v -1.1384 2.9998 -2.55
v -2.316 2.6872 -2.521
v -2.316 2.3748 -2.5228
v -2.4438 2.6872 -2.5998
v -2.4438 2.3748 -2.5458
v -2.572 2.3748 -2.5414
v -2.572 2.6872 -2.544
v -2.4438 2.0622 -2.5522
v -2.572 2.0622 -2.5306
v -1.7016 3.3748 -2.5544
v -2.201 3.3748 -2.5392
v -1.0852 2.3748 -2.5402
v -0.9578 2.6872 -2.5492
v -0.9578 2.3748 -2.5938
v -0.8302 2.6872 -2.5548
v -0.8302 2.3748 -2.5712
v -0.9578 2.0622 -2.544
v -0.8302 2.0622 -2.5614
v -1.951 1.5312 -2.5302
v -1.951 1.3122 -2.5106
v -2.4504 1.3122 -2.5332
v -2.4504 1.5312 -2.5254
v -2.201 1.3122 -2.5998
v -2.201 1.0936 -2.5388
v -1.951 1.0936 -2.5448
v -1.202 3.125 -2.4938
v -1.7016 3.125 -2.5106
v -1.202 3.3748 -2.5652
v -2.201 3.2498 -2.5496
v -4.0726 0.2186 2.5442
v -4.0726 0.4372 2.5394
v -3.9474 0.4372 2.5718
v -3.9474 0.2186 2.5494
v -3.6976 0.4372 2.587
v -3.8224 0.4372 2.5852
v -3.8224 0.2186 2.5802
v -4.0726 0.875 2.5122
v -4.0726 0.6562 2.5506
v -3.9474 0.875 2.558
v -3.9474 0.6562 2.623
v -3.6976 0.2186 2.526
v -3.3226 0.875 2.6048
v -3.4474 0.6562 2.5286
v -3.3226 0.6562 2.5572
v -3.4474 0.4372 2.5432
v -3.4474 0.875 2.5476
v -3.3226 0.4372 2.5502
v -3.5726 0.875 2.5428
v -3.5726 0.6562 2.5494
v -3.9474 1.3122 2.542
v -4.0726 1.0936 2.5498
v -3.9474 1.0936 2.5516
v -4.0726 1.3122 2.561
v -3.9474 1.5312 2.5856
v -4.0726 1.5312 2.5688
v -4.19 1.456 2.5506
v -3.9474 1.7496 2.5134
v -4.0726 1.6256 2.5776
v -4.138 1.5312 2.5618
v -3.8224 0.875 2.5696
v -3.8224 0.6562 2.5606
v -3.6976 0.875 2.5468
v -3.6976 0.6562 2.5636
v -3.8224 1.3122 2.5736
v -3.8224 1.0936 2.532
v -3.6976 1.3122 2.5536
v -3.6976 1.0936 2.5252
v -3.6976 3.2812 2.5346
v -3.5726 3.2812 2.5832
v -3.6976 3.0622 2.545
v -3.4474 3.2812 2.5398
v -3.5726 3.0622 2.607
v -3.3226 3.0622 2.4988
v -3.3226 3.2812 2.536
v -3.6976 2.8436 2.5536
v -3.5726 2.8436 2.5364
v -3.5726 0.4372 2.568
v -3.5726 0.2186 2.5602
v -3.4474 0.2186 2.5662
v -3.3226 0.2186 2.5884
v -4.0818 2.212 2.5614
v -4.099 2.1872 2.568
v -4.1974 2.0448 2.6502
v -4.1974 2.0448 2.5882
v -2.3148 2.6872 2.5406
v -3.7968 2.6246 2.5632
v -3.8224 2.5876 2.5628
v -2.1874 2.9998 2.5268
v -2.4424 2.6872 2.549
v -2.2248 2.9998 2.5386
v -2.262 2.9998 2.5498
v -4.0726 2.2258 2.558
v -4.0458 1.6646 2.565
v -4.1974 1.4448 2.6502
v -2.3538 2.9998 2.5428
v -2.5698 2.6872 2.5546
v -2.6976 2.6872 2.5402
v -2.6976 2.3748 2.5494
v -2.5698 2.9998 2.5242
v -2.5698 2.3748 2.571
v -2.4424 2.9998 2.4892
v -2.578 2.9998 2.5256
v -2.6976 2.9998 2.5476
v -2.5698 2.0622 2.561
v -2.6976 2.0622 2.5546
v -2.4424 2.3748 2.5936
v -2.4424 2.0622 2.5438
v -2.3148 2.3748 2.5402
v -3.5726 1.0936 2.5644
v -3.4474 1.0936 2.5338
v -3.5726 1.3122 2.5724
v -3.3226 1.0936 2.5744
v -3.3226 1.3122 2.5962
v -3.4474 1.3122 2.522
v -3.5726 1.5312 2.5342
v -3.4474 1.5312 2.5494
v -3.5726 1.7496 2.5874
v -3.6976 1.5312 2.5714
v -3.8224 1.5312 2.5194
v -3.8224 1.7496 2.5126
v -3.6976 1.7496 2.5542
v -3.3226 1.5312 2.564
v -3.3226 1.7496 2.5818
v -3.4474 1.7496 2.5178
v -3.4474 2.6246 2.481
v -4.8224 3.2812 2.5182
v -4.9476 3.2812 2.5372
v -4.9476 3.0622 2.551
v -4.8224 3.0622 2.5572
v -5.0724 3.2812 2.5438
v -4.6974 3.2812 2.516
v -4.6974 3.0622 2.5748
v -4.3224 2.8436 2.5554
v -4.4476 2.8436 2.538
v -4.4476 2.6246 2.5598
v -4.3224 2.6246 2.6018
v -4.3224 3.0622 2.52
v -4.4476 3.0622 2.5644
v -4.1974 2.8436 2.561
v -4.1974 2.6246 2.5502
v -5.0724 2.8436 2.513
v -5.0724 2.6246 2.6022
v -4.9476 2.8436 2.5524
v -5.0724 3.0622 2.5454
v -4.8224 2.8436 2.5272
v -4.6974 2.8436 2.581
v -4.9476 2.6246 2.571
v -4.1974 3.0622 2.5224
v -4.4476 3.2812 2.5324
v -4.3224 3.2812 2.5488
v -4.1974 3.2812 2.5472
v -3.3226 2.1872 2.5654
v -3.4474 2.1872 2.5052
v -3.4474 1.9686 2.4606
v -3.3226 1.9686 2.551
v -4.5726 3.2812 2.5862
v -4.5726 2.8436 2.5494
v -4.5726 3.0622 2.5636
v -4.6974 2.6246 2.5242
v -4.5726 2.6246 2.564
v -4.1974 2.4062 2.5446
v -4.3224 2.1872 2.545
v -4.1974 2.1872 2.607
v -4.5726 2.4062 2.552
v -4.3224 2.4062 2.5074
v -4.4476 2.1872 2.4966
v -4.6974 2.4062 2.5554
v -4.6974 2.1872 2.5514
v -4.4476 2.4062 2.5658
v -4.6974 1.9686 2.552
v -4.8224 1.9686 2.5372
v -4.5726 2.1872 2.5628
v -4.4476 1.9686 2.5576
v -4.5726 1.9686 2.5246
v -4.9476 1.9686 2.545
v -4.8224 2.4062 2.5516
v -4.9476 2.1872 2.538
v -4.8224 2.1872 2.5776
v -4.8224 2.6246 2.5506
v -4.9476 2.4062 2.5774
v -5.0724 2.4062 2.5264
v -5.0724 1.9686 2.539
v -5.0724 2.1872 2.539
v -3.8224 2.8436 2.5342
v -3.8224 2.6246 2.562
v -3.9474 2.8436 2.552
v -3.9474 2.6246 2.522
v -3.9474 2.4062 2.491
v -4.0726 2.8436 2.551
v -4.0726 2.6246 2.5592
v -3.8224 3.0622 2.5566
v -3.9474 3.0622 2.5276
v -4.0726 2.4062 2.5594
v -3.8224 2.1872 2.5048
v -3.9474 2.1872 2.548
v -4.0726 3.0622 2.5884
v -3.3226 2.6246 2.5818
v -3.8224 3.2812 2.5602
v -3.9474 3.2812 2.5524
v -4.0726 3.2812 2.5074
v -3.3226 2.4062 2.5216
v -3.4474 2.4062 2.6182
v -3.6976 1.9686 2.5398
v -3.8224 1.9686 2.5226
v -3.5726 2.1872 2.5692
v -3.5726 1.9686 2.5718
v -4.0726 1.9686 2.5224
v -1.4492 0.4372 2.5298
v -1.4492 0.6562 2.549
v -1.6986 0.4372 2.5546
v -1.6986 0.6562 2.525
v -1.1994 0.6562 2.5594
v -1.1994 0.4372 2.533
v -1.4492 0.2186 2.5818
v -1.6986 0.2186 2.5754
v -1.1994 0.2186 2.5506
v -1.6986 0.875 2.549
v -0.9496 0.6562 2.5428
v -0.9496 0.875 2.5592
v -1.9484 0.2186 2.539
v -0.9496 0.4372 2.558
v -0.9496 0.2186 2.5524
v -1.6986 2.9998 2.6498
v -0.8276 2.9998 2.5524
v -0.7478 2.9998 2.5546
v -2.2062 2.9998 2.5498
v -0.828 2.9998 2.5524
v -0.9562 2.9998 2.555
v -2.1874 2.9998 2.6008
v -2.1874 2.9998 2.5546
v -2.6976 2.9998 2.5164
v -2.1874 2.9998 2.4022
v -1.6986 2.9998 2.548
v -2.1982 0.6562 2.5572
v -1.9484 0.875 2.5546
v -2.1982 0.4372 2.5386
v -2.1982 0.875 2.549
v -1.9484 0.4372 2.5472
v -2.4476 0.875 2.5528
v -2.4476 0.6562 2.5294
v -1.9484 1.3122 2.5524
v -2.1982 1.3122 2.5484
v -2.1982 1.0936 2.5472
v -1.6986 1.0936 2.5346
v -1.6986 1.3122 2.5852
v -1.9484 1.0936 2.535
v -2.4476 1.0936 2.548
v -2.6976 0.875 2.5562
v -2.1982 0.2186 2.549
v -2.4476 0.4372 2.5412
v -2.6976 0.2186 2.5312
v -2.6976 0.4372 2.5532
v -2.6976 0.6562 2.5966
v -2.6976 1.0936 2.5152
v -2.6976 1.5312 2.5328
v -2.6976 1.3122 2.5546
v -2.6976 3.3748 2.571
v -2.6976 3.2498 2.5516
v -2.1874 2.3618 2.5502
v -2.1874 2.0622 2.5602
v -2.1874 2.0518 2.5502
v -2.6976 3.125 2.5338
v -0.7002 0.875 2.2498
v -1.1648 2.9998 2.5498
v -1.022 2.9998 2.5498
v -1.0842 2.9998 2.545
v -1.1514 2.9998 2.5412
v -2.1874 2.6872 2.5672
v -2.1874 2.3748 2.5562
v -2.1874 2.6362 2.5502
v -2.1874 2.7042 2.5502
v -1.1994 3.3748 2.539
v -1.6986 3.3748 2.5542
v -1.1994 3.2498 2.5494
v -2.1982 3.3748 2.565
v -0.9562 2.0622 2.552
v -0.828 2.3748 2.5412
v -0.828 2.0622 2.5304
v -0.9562 2.3748 2.5458
v -1.6986 3.125 2.5104
v -2.1982 3.125 2.4934
v -0.9562 2.6872 2.5996
v -0.828 2.6872 2.5438
v -1.0842 2.6872 2.5208
v -1.0842 2.3748 2.5226
v -1.1994 1.0936 2.5386
v -1.9484 1.5312 2.5498
v -2.1982 1.5312 2.548
v -0.9496 1.3122 2.533
v -1.4492 1.0936 2.5446
v -1.1994 1.3122 2.5996
v -2.4476 1.3122 2.5376
v -0.9496 1.5312 2.5252
v -1.4492 1.5312 2.5302
v -1.4492 1.3122 2.5104
v 1.8 -0.0002 2.5478
v 1.8 -0.0002 2.5498
v 1.8 -0.0002 2.749
v 1.8024 -0.0002 2.2524
v 1.8 -0.0002 2.2504
v 1.8 -0.0002 2.2506
v 1.8 -0.0002 2.2504
v 1.8 -0.0002 2.2512
v 1.8 -0.0002 2.2514
v 1.8 -0.0002 2.252
v 1.8 -0.0002 2.2526
v 1.8 -0.0002 2.2506
v 1.8 -0.0002 2.2508
v 1.8 -0.0002 2.2556
v 1.8024 -0.0002 0.2474
v 1.8012 -0.0002 0.2498
v 1.8014 -0.0002 0.2498
v 1.802 -0.0002 0.2498
v 1.8028 -0.0002 0.2498
v 1.8006 -0.0002 0.2498
v 1.8008 -0.0002 0.2498
v 1.801 -0.0002 0.2498
v 1.8058 -0.0002 0.2498
v 2.0978 -0.0002 0.2498
v 1.8004 -0.0002 0.2498
v 1.8004 -0.0002 0.2498
v 2.0998 -0.0002 0.2498
v 2.299 -0.0002 0.2498
v 2.2998 -0.0002 -0.2476
v 2.0914 -0.0002 -0.2502
v 2.0894 -0.0002 -0.2502
v 2.0898 -0.0002 -0.2502
v 1.8 -0.0002 -0.2476
v 2.2974 -0.0002 -0.2476
v 1.8 -0.0002 -0.3134
v 1.8 -0.0002 -1.2478
v 1.7902 -0.0002 -2.25
v 1.7902 -0.0002 -2.2438
v 1.8 -0.0002 -2.2478
v 1.8 -0.0002 -2.182
v 1.7902 -0.0002 -2.5272
v 1.7974 -0.0002 -2.7476
v 1.7974 -0.0002 -2.7416
v 1.7974 -0.0002 -2.7404
v 1.7974 -0.0002 -2.7356
v 1.7974 -0.0002 -2.55
v 1.7956 -0.0002 -2.55
v 1.7958 -0.0002 -2.55
v 1.7902 -0.0002 -2.2556
v 1.7902 -0.0002 -2.2652
v 1.7956 -0.0002 -2.5502
v 1.7956 -0.0002 -2.55
v 1.7956 -0.0002 -2.7422
v 1.7956 -0.0002 -2.7386
v 1.7956 -0.0002 -2.7476
v 1.7956 -0.0002 -2.5506
v -5.2 -0.0002 0.2474
v -5.2 -0.0002 0.2426
v -5.2 -0.0002 0.2378
v -5.1952 -0.0002 0
v -5.1952 -0.0002 0.0032
v -5.2 -0.0002 -0.2524
v -5.1952 -0.0002 -0.0032
v -5.2 -0.0002 -0.2546
v -5.2 -0.0002 -0.2564
v -5.2 -0.0002 -0.2586
v -5.2 -0.0002 -0.261
v -5.2 -0.0002 -0.2666
v -5.2 -0.0002 -0.269
v -5.2 -0.0002 -0.2804
v -5.2 -0.0002 -1.246
v -5.2 -0.0002 -1.2632
v -5.2 -0.0002 -2.246
v -5.1952 -0.0002 -2.247
v -5.197 -0.0002 -2.25
v -5.1952 -0.0002 -2.25
v -5.1952 -0.0002 -2.2514
v -5.1952 -0.0002 -2.2514
v -5.1952 -0.0002 -2.2524
v -5.1952 -0.0002 -2.2522
v -5.2004 -0.0002 -2.2526
v -5.1996 -0.0002 -2.2526
v -5.1984 -0.0002 -2.2526
v -5.1976 -0.0002 -2.2526
v -5.1966 -0.0002 -2.2526
v -5.2 -0.0002 -2.2502
v -5.2 -0.0002 -2.2526
v -5.2014 -0.0002 -2.2526
v -5.2026 -0.0002 -2.2526
v -5.2004 -0.0002 -2.25
v -5.4728 -0.0002 -2.25
v -5.4954 -0.0002 -2.2508
v -5.4952 -0.0002 -2.2508
v -5.4952 -0.0002 -2.2508
v -5.4952 -0.0002 -2.2526
v -5.4952 -0.0002 -2.251
v -5.4958 -0.0002 -2.2508
v -5.6948 -0.0002 -2.2508
v -5.695 -0.0002 -2.2508
v -5.695 -0.0002 -2.2526
v -5.694 -0.0002 -2.2526
v -5.6934 -0.0002 -2.2526
v -5.694 -0.0002 -2.2526
v -5.6866 -0.0002 -2.2526
v -5.6942 -0.0002 -2.2526
v -5.2 -0.0002 -2.55
v -5.2 -0.0002 -2.2506
v -5.2 -0.0002 -2.2506
v -5.2 -0.0002 -2.2508
v -5.2 -0.0002 -2.2508
v -5.2 -0.0002 -2.2528
v -5.2 -0.0002 -2.2522
v -5.2 -0.0002 -2.2516
v -5.2 -0.0002 -2.2514
v -5.2 -0.0002 -2.251
v -5.2 -0.0002 -2.2558
v -5.2 -0.0002 -2.548
v -5.2 -0.0002 -2.7492
v -5.2018 -0.0002 -2.2518
v -5.1952 -0.0002 -2.2524
v -5.1956 -0.0002 -2.2524
v -5.1956 -0.0002 -2.252
v -5.1974 -0.0002 -2.2516
v -5.2014 -0.0002 -2.2514
v -5.196 -0.0002 -2.2514
v -5.2012 -0.0002 -2.2512
v -5.1962 -0.0002 -2.2512
v -5.1988 -0.0002 -2.2508
v -5.201 -0.0002 -2.251
v -5.201 -0.0002 -2.251
v -5.2008 -0.0002 -2.2508
v -5.2006 -0.0002 -2.2506
v -5.1988 -0.0002 -2.2508
v -5.2006 -0.0002 -2.2506
v -5.2004 -0.0002 -2.2504
v -5.2004 -0.0002 -2.2504
v -5.2002 -0.0002 -2.2502
v -5.198 -0.0002 -2.2488
v 1.7964 -0.0002 -2.2478
v 1.7906 -0.0002 -2.244
v 1.8016 -0.0002 0.2482
v 1.8012 -0.0002 0.2486
v 1.801 -0.0002 0.2488
v 1.8008 -0.0002 0.249
v 1.8008 -0.0002 0.249
v 1.8006 -0.0002 0.2492
v 1.8006 -0.0002 0.2492
v 1.8004 -0.0002 0.2494
v 1.8004 -0.0002 0.2496
v 1.8004 -0.0002 0.2496
v 1.8004 -0.0002 2.2502
v 1.8004 -0.0002 2.2502
v 1.8004 -0.0002 2.2504
v 1.8006 -0.0002 2.2504
v 1.8006 -0.0002 2.2506
v 1.8008 -0.0002 2.2506
v 1.8008 -0.0002 2.2508
v 1.801 -0.0002 2.251
v 1.8012 -0.0002 2.2512
v 1.8016 -0.0002 2.2516
v -5.2 0.2 2.2264
v -5.2 0.2 2.1794
v -5.2 0.2 1.921
v -5.2 0.2 1.8974
v -5.2 0.0156 1.8974
v -5.2 0.1842 1.8974
v -5.2 0.0734 0.5976
v -5.2 0.1264 0.5976
v -5.2 0.2 0.5976
v -5.2 0.2 0.5746
v -5.2 0.2 0.5284
v -5.2 0.2 0.2754
v -5.2 0.2 0.2524
v -5.2 0.0344 0.2474
v -5.2 0.089 0.2474
v -5.2 0.0114 0.2474
v -5.2 0.0886 0.2524
v -5.2 0.111 0.2474
v -5.2 0.2 0.2474
v -5.2 0.1112 0.2524
v -5.2 3.4996 -2.25
v -5.2 1.7542 -2.5424
v -5.2 1.9686 -2.5558
v -5.2 1.973 -2.5564
v -5.2 2.1874 -2.5454
v -5.2 1.75 -2.5418
v -5.2 2.1918 -2.545
v -5.2 2.4062 -2.5578
v -5.2 2.4104 -2.5576
v -5.2 2.625 -2.5682
v -5.2 2.848 -2.5638
v -5.2 3.0624 -2.5598
v -5.2 2.6292 -2.568
v -5.2 2.8436 -2.5634
v -5.2 3.2854 -2.5814
v -5.2 3.5 -2.5026
v -5.2 3.0668 -2.5592
v -5.2 3.2812 -2.5796
v -5.2 3.5 -2.252
v -5.2 3.5 -2.2532
v -5.2 0.5974 -2.6648
v -5.2 3.5 -2.501
v -5.2 0.0042 -2.5482
v -5.2 0.0358 -2.55
v -5.2 0.6604 -2.5024
v -5.2 0.875 -2.5572
v -5.2 0.6562 -2.502
v -5.2 0.5382 -2.55
v -5.2 1.0936 -2.5734
v -5.2 1.098 -2.5728
v -5.2 0.8792 -2.557
v -5.2 1.3124 -2.5282
v -5.2 1.5312 -2.5656
v -5.2 1.5354 -2.5642
v -5.2 1.3168 -2.5294
v -5.2 1.4212 -2.547
v 1.8024 0.0172 2.2498
v 1.8 3.4956 2.2498
v -0.1998 0.1428 2.2498
v -0.1998 0.2 2.2498
v -0.2284 0.2 2.2498
v -0.2856 0.2 2.2498
v -0.1998 0.057 2.2498
v -0.0834 0.2 2.2498
v -0.1976 0.2 2.2498
v -0.1976 0.1428 2.2498
v -0.1976 0.057 2.2498
v -0.9284 0.2 2.2498
v -0.7002 0.2 2.2498
v -0.6716 0.2 2.2498
v -1.4704 0.2 2.2498
v -1.6986 0.2 2.2498
v -1.9272 0.2 2.2498
v -2.4692 0.2 2.2498
v -2.6976 0.2 2.2498
v -2.726 0.2 2.2498
v -3.1118 0.2 2.2498
v -3.169 0.2 2.2498
v -3.1976 0.2 2.2498
v -3.3118 0.2 2.2498
v -3.5404 0.2 2.2498
v -4.0832 0.2 2.2498
v -4.3118 0.2 2.2498
v -5.0832 0.2 2.2498
v -5.1974 0.2 2.2498
v -5.1974 0.1998 2.2498
v -5.1974 0 2.2498
v 1.8 3.5 2.5008
v 1.8 3.5 2.5024
v 1.8 3.5 2.2518
v 1.8 3.5 2.253
v 1.8024 3.5 2.2524
v 1.8024 3.5 0.2474
v 1.8018 3.5 0.2498
v 2.0508 3.5 0.2498
v 2.0524 3.5 0.2498
v 1.803 3.5 0.2498
v 2.0894 3.5 -0.2502
v 2.0898 3.5 -0.2502
v 1.8 3.5 -0.2476
v -5.2026 3.5 -2.2526
v -5.2014 3.5 -2.2514
v -5.2012 3.5 -2.2512
v 1.8014 3.5 0.2486
v 1.801 3.5 0.2488
v 1.801 3.5 2.251
v 1.8014 3.5 2.2512
v -0.7028 2.9998 -2.536
v -2.6976 2.9998 2.5358
v -5.1952 0.2 0.2188
v -5.1952 0.2 0.2474
v -5.1952 0.2 0.0032
v -5.1952 0.2 0
v -5.1952 0.2 -0.2524
v -5.1952 0.2 -0.224
v -5.1952 0.2 -0.1668
v -5.1952 0.2 -0.0032
v -5.1952 0.2 -0.3668
v -5.1952 0.2 -0.5954
v -5.1952 0.2 -1.1382
v -5.1952 0.2 -1.3668
v -5.1952 0.2 -2.1382
v -5.1952 0.2 -2.247
v -5.1952 0.2 -2.25
v -5.1952 1.7496 -2.25
v -5.1952 1.754 -2.25
v -5.1952 0.875 -2.25
v -5.1952 1.7454 -2.25
v -5.1952 2.6246 -2.25
v -5.1952 3.487 -2.25
v -5.1952 3.4954 -2.25
v -5.1952 3.4996 -2.25
v 1.7902 3.4996 -2.2514
v 1.7902 3.4996 -2.25
v 1.7902 3.4996 -2.267
v 1.7902 3.4996 -2.2578
v 1.7902 3.4996 -2.2526
v 1.7902 3.4996 -2.252
v 1.7902 3.4996 -2.256
v 1.7902 3.4996 -2.2546
v 1.7902 3.4996 -2.2536
v 1.7902 3.4996 -2.5702
v -0.7028 3.4996 -2.5908
v -0.7028 3.4996 -2.2508
v -0.7028 3.4996 -2.2504
v -0.7028 3.4996 -2.2502
v -0.7028 3.4996 -2.2502
v -2.6976 3.4996 2.5908
v -2.6976 3.4996 2.25
v -2.6976 3.4996 2.2502
v -2.6976 3.4996 2.25
v -2.6976 3.4996 2.2506
v -5.2026 3.4996 -2.25
v -5.2024 3.4996 -2.25
v -5.1978 3.4996 -2.25
v -5.1972 3.4996 -2.25
v -5.201 3.4996 -2.25
v -5.1956 3.4996 -2.25
v -5.1966 3.4996 -2.25
v -5.1964 3.4996 -2.25
v -5.196 3.4996 -2.25
v -5.1958 3.4996 -2.25
v -5.5164 3.4996 -2.25
v 1.8 0.2 0.2474
v -5.695 0.6002 -2.25
v -5.695 0.6008 -2.25
v -5.695 0.5994 -2.25
v -5.695 0.598 -2.25
v -5.695 0.0008 -2.25
v -5.496 0.0008 -2.25
v -5.4954 0.0008 -2.25
v -5.6948 0.0008 -2.25
v -5.4952 0.0008 -2.25
v -5.4952 0.0008 -2.25
v -5.4952 1.0934 -1.878
v -5.4952 1.0934 -1.8776
v -5.4952 1.0936 -1.8776
v -5.4952 0.5996 -2.25
v -5.4952 0.6002 -2.25
v -5.4952 0.6006 -2.25
v -5.4952 0.6008 -2.25
v -5.4952 0.0016 -2.25
v -5.4952 0.0614 -2.25
v -5.4952 0.5994 -2.25
v -5.4952 0.4896 -2.25
v -5.4952 0.4902 -2.25
v -5.4952 0.598 -2.25
v -5.6948 0.6008 -2.25
v -5.496 0.6008 -2.25
v -5.4954 0.6008 -2.25
v -5.4952 0.6008 -2.25
v -5.4952 0.6008 -2.25
v -5.4736 0.0042 -2.25
v -5.4948 0.4916 -2.25
v -5.4626 0.6562 -2.25
v -5.4624 0.6604 -2.25
v -5.48 0.875 -2.25
v -5.4814 0.8792 -2.25
v -5.4974 1.0936 -2.25
v -5.4964 1.0978 -2.25
v -5.5062 1.3122 -2.25
v -5.5056 1.3166 -2.25
v -5.5162 1.5312 -2.25
v -5.5164 1.5354 -2.25
v -5.5002 1.7496 -2.25
v -5.5002 1.754 -2.25
v -5.4888 1.9686 -2.25
v -5.4888 1.9728 -2.25
v -5.4986 2.09 -2.25
v -5.5068 2.1872 -2.25
v -5.5066 2.1916 -2.25
v -5.5016 2.4062 -2.25
v -5.5032 2.4104 -2.25
v -5.5064 2.6246 -2.25
v -5.5046 2.629 -2.25
v -5.5196 2.8436 -2.25
v -5.5202 2.8478 -2.25
v -5.5024 3.0622 -2.25
v -5.5024 3.0666 -2.25
v -5.4844 3.2812 -2.25
v -5.4844 3.2854 -2.25
v -2.6976 1.7496 2.545
v -2.6976 1.4928 2.5366
v -2.6976 1.7496 2.5502
v -2.6976 1.5 2.7142
v -2.6976 0.7624 2.5768
v -2.6976 1.75 2.7498
v -2.6976 2.1246 2.5536
v -2.6976 2.6246 2.542
v -2.6976 0.3498 2.7
v 1.2296 1.0936 2.5498
v 1.2276 1.2246 2.5498
v 1.2232 1.2608 2.5498
v 1.2172 1.3124 2.5498
v 1.069 1.5312 2.5498
v 1.1774 1.423 2.5498
v 1.0524 1.5844 2.5498
v 1.6774 0.6986 2.5498
v 1.6846 0.73 2.5498
v 1.6906 0.756 2.5498
v 1.8 0.0358 2.5498
v 1.71 0.2186 2.5498
v 1.6774 0.3018 2.5498
v 1.6774 0.5804 2.5498
v 1.6876 0.6384 2.5498
v 1.8 0.5384 2.5498
v 1.6686 0.7486 2.5498
v 1.6594 0.8014 2.5498
v 1.4398 1.0722 2.5498
v 1.4882 1.05 2.5498
v 1.4274 1.0588 2.5498
v 1.238 0.9876 2.5498
v 1.3664 0.875 2.5498
v 1.3748 0.967 2.5498
v 1.2588 0.875 2.5498
v 1.2508 0.7942 2.5498
v 1.38 0.7392 2.5498
v 1.3912 0.6562 2.5498
v 1.416 1.039 2.5498
v 1.663 0.4626 2.5498
v 1.6348 0.4374 2.5498
v 1.3876 0.5958 2.5498
v -0.0726 3.3004 2.5498
v -0.0688 3.309 2.5498
v 0.5614 2.1874 2.5498
v 0.5524 2.3886 2.5498
v 0.1594 2.8752 2.5498
v 0.1774 2.8844 2.5498
v 0.2382 2.8638 2.5498
v 0.0524 2.9678 2.5498
v 0.0524 3.1304 2.5498
v -0.0568 3.2534 2.5498
v 0.0546 3.13 2.5498
v -0.0726 3.2392 2.5498
v -0.0158 2.8436 2.5498
v -0.033 2.993 2.5498
v 0.5164 2.2504 2.5498
v 0.4274 2.3532 2.5498
v 0.3776 2.4062 2.5498
v 0.3024 2.587 2.5498
v 0.3384 2.1874 2.5498
v 0.3024 2.287 2.5498
v 0.0644 2.625 2.5498
v 0.0524 2.6556 2.5498
v 0.2718 2.4598 2.5498
v 0.0694 2.5954 2.5498
v 0.2618 2.4062 2.5498
v 0.2838 2.3414 2.5498
v 0.0744 2.5012 2.5498
v 0.0698 2.5878 2.5498
v -0.0914 3.2812 2.5498
v -0.0982 3.3258 2.5498
v -0.1132 3.0624 2.5498
v -0.195 3.1916 2.5498
v -0.1124 2.8436 2.5498
v -0.1304 2.9446 2.5498
v -0.1022 2.7578 2.5498
v -0.106 2.79 2.5498
v 0.8024 1.7672 2.5498
v 0.8546 1.8774 2.5498
v 0.8836 1.9272 2.5498
v 0.6248 1.9686 2.5498
v 0.5698 2.1572 2.5498
v 0.5534 1.8064 2.5498
v 0.6288 1.8348 2.5498
v 0.6254 1.9486 2.5498
v 0.7844 1.75 2.5498
v 0.7854 1.7644 2.5498
v 0.7864 1.778 2.5498
v 0.9016 1.3124 2.5498
v 0.903 1.3552 2.5498
v 0.9274 1.4336 2.5498
v 0.9562 1.481 2.5498
v 1.0022 1.5152 2.5498
v 0.9048 1.2962 2.5498
v 1.0236 1.5312 2.5498
v 1.0436 1.5466 2.5498
v 0.6474 1.6698 2.5498
v 0.6774 1.66 2.5498
v 0.7048 1.702 2.5498
v 0.5506 1.8104 2.5498
v 0.4836 1.9686 2.5498
v 0.4274 2.0726 2.5498
v -4.8226 1.0934 2.5498
v -4.8224 1.0938 2.5498
v -4.823 1.0932 2.5498
v -0.7028 1.75 -2.75
v -0.7028 1.5 -2.7144
v -0.7028 2.6246 -2.5424
v -0.7028 2.1246 -2.5538
v -0.7028 1.7496 -2.5452
v -0.7028 1.4928 -2.537
v -0.7028 0.7624 -2.577
v -0.7028 1.7496 -2.5504
v -0.7028 0.2 -2.25
v -0.7028 0.3498 -2.7002
v 1.7902 3.487 -2.25
v 1.7902 2.6246 -2.25
v 1.7902 3.4836 -2.25
v 1.7902 1.7496 -2.25
v 1.7902 1.7624 -2.25
v 1.7902 1.766 -2.25
v 1.7902 0.875 -2.25
v 1.7902 1.7334 -2.25
v 1.7902 1.737 -2.25
v 1.7902 0.2 -2.25
v 1.683 0.2 -2.25
v 0.9116 0.2 -2.25
v 0.683 0.2 -2.25
v -0.2314 0.2 -2.25
v -0.2028 0.2 -2.25
v -0.0884 0.2 -2.25
v 0.1402 0.2 -2.25
v -0.2884 0.2 -2.25
v -0.9312 0.2 -2.25
v -0.6742 0.2 -2.25
v -1.4732 0.2 -2.25
v -1.7016 0.2 -2.25
v -1.93 0.2 -2.25
v -2.7002 0.2 -2.25
v -2.4718 0.2 -2.25
v -2.7288 0.2 -2.25
v -3.2002 0.057 -2.25
v -3.2002 0.1428 -2.25
v -3.2002 0.2 -2.25
v -3.1146 0.2 -2.25
v -3.1716 0.2 -2.25
v -3.2026 0.057 -2.25
v -3.2026 0.1428 -2.25
v -3.2026 0.2 -2.25
v -3.3168 0.2 -2.25
v 1.4224 1.0934 -2.55
v 1.422 1.0942 -2.55
v 1.4228 1.0932 -2.55
v 1.7902 0.604 -2.55
v 1.7902 0.6056 -2.55
v 1.7902 0.6072 -2.55
v 1.7902 0.6078 -2.55
v 1.7902 0.5992 -2.55
v 1.7902 0.6034 -2.55
v 1.7902 0.4922 -2.55
v 1.7902 0.4936 -2.55
v 1.7902 0.0078 -2.55
v 1.7902 0.0102 -2.55
v 1.7902 0.0674 -2.55
v -3.3276 3.3004 -2.55
v -3.302 3.3258 -2.55
v -3.3088 3.2812 -2.55
v -3.2878 2.8436 -2.55
v -3.27 2.9446 -2.55
v -3.2874 3.0624 -2.55
v -3.205 3.1918 -2.55
v -3.3276 3.2388 -2.55
v -3.298 2.7574 -2.55
v -3.2942 2.7898 -2.55
v -3.559 2.8764 -2.55
v -3.4526 2.9682 -2.55
v -3.4646 2.625 -2.55
v -3.4526 2.6554 -2.55
v -3.3434 3.2534 -2.55
v -3.3314 3.309 -2.55
v -3.4526 3.1304 -2.55
v -3.4548 3.13 -2.55
v -3.5776 2.886 -2.55
v -3.4696 2.5954 -2.55
v -3.4746 2.5014 -2.55
v -3.47 2.5876 -2.55
v -3.3842 2.8436 -2.55
v -3.3668 2.9938 -2.55
v -3.6376 2.8648 -2.55
v -3.662 2.4062 -2.55
v -3.672 2.4598 -2.55
v -3.7026 2.287 -2.55
v -3.6842 2.3412 -2.55
v -3.7026 2.5854 -2.55
v -3.7388 2.1874 -2.55
v -3.9508 1.8102 -2.55
v -3.8838 1.9686 -2.55
v -3.8276 2.0728 -2.55
v -3.9182 2.2476 -2.55
v -3.9526 2.388 -2.55
v -3.8276 2.3522 -2.55
v -3.7772 2.4062 -2.55
v -4.029 1.8348 -2.55
v -4.0256 1.9484 -2.55
v -3.9534 1.8064 -2.55
v -4.1846 1.75 -2.55
v -4.1856 1.7644 -2.55
v -4.025 1.9686 -2.55
v -3.9692 2.1582 -2.55
v -4.1866 1.778 -2.55
v -3.961 2.1874 -2.55
v -4.2026 1.7672 -2.55
v -4.0776 1.66 -2.55
v -4.105 1.702 -2.55
v -4.0476 1.6698 -2.55
v -4.2548 1.8774 -2.55
v -4.2838 1.9272 -2.55
v -4.3016 1.3124 -2.55
v -4.3032 1.3552 -2.55
v -4.3276 1.4336 -2.55
v -4.4438 1.5466 -2.55
v -4.4238 1.5312 -2.55
v -4.4526 1.5844 -2.55
v -4.305 1.2962 -2.55
v -4.3562 1.481 -2.55
v -4.4022 1.5152 -2.55
v -4.6278 1.2246 -2.55
v -4.6236 1.2606 -2.55
v -4.6174 1.3124 -2.55
v -4.6592 0.875 -2.55
v -4.6386 0.9872 -2.55
v -4.63 1.0936 -2.55
v -4.5776 1.423 -2.55
v -4.469 1.5312 -2.55
v -4.6512 0.794 -2.55
v -4.7914 0.6562 -2.55
v -4.78 0.7396 -2.55
v -4.7664 0.875 -2.55
v -4.7878 0.5958 -2.55
v -4.775 0.967 -2.55
v -4.8162 1.039 -2.55
v -4.8276 1.0588 -2.55
v -5.0632 0.4626 -2.55
v -5.035 0.4374 -2.55
v -5.0776 0.5804 -2.55
v -5.0776 0.3018 -2.55
v -5.0776 0.699 -2.55
v -5.069 0.7482 -2.55
v -5.06 0.8008 -2.55
v -4.8398 1.0722 -2.55
v -4.8882 1.05 -2.55
v -5.1102 0.2186 -2.55
v -5.0878 0.6384 -2.55
v -5.0848 0.7302 -2.55
v -5.0908 0.7562 -2.55
v 1.8 3.2812 2.5794
v 1.8 3.2854 2.5812
v 1.8 2.8436 2.5634
v 1.8 2.848 2.5636
v 1.8 3.0624 2.5596
v 1.8 3.0668 2.559
v 1.8 2.1874 2.5452
v 1.8 2.1918 2.5448
v 1.8 2.4062 2.5576
v 1.8 2.4104 2.5574
v 1.8 2.625 2.568
v 1.8 2.6292 2.5676
v 1.8 1.0936 2.5732
v 1.8 1.098 2.5726
v 1.8 1.3124 2.528
v 1.8 1.3168 2.529
v 1.8 1.4212 2.5468
v 1.8 1.5312 2.5654
v 1.8 1.5354 2.564
v 1.8 1.75 2.5416
v 1.8 1.7542 2.5422
v 1.8 1.9686 2.5556
v 1.8 1.973 2.5562
v 1.8 0.5974 2.6646
v 1.8 0.6562 2.502
v 1.8 0.6604 2.5022
v 1.8 0.875 2.557
v 1.8 0.8792 2.5568
v 1.8 0.0042 2.548
v 1.8 0 2.2474
v 1.8 0.1998 2.2474
v 1.8 0.2 2.2474
v 1.8 3.4956 0.2498
v 1.8 0.2 2.133
v 1.8 0.2 0.2498
v 1.8 1.7496 -0.2476
v 1.8 3.385 -0.2476
v 1.8 3.4826 -0.2476
v 1.8 0.2 0.2214
v 1.8 0.2 -0.2476
v 2.2998 1.9998 -0.2476
v 2.2998 2.002 -0.2486
v 2.2998 2.0054 -0.2502
v 2.2998 0.9996 -0.2476
v 2.2998 1.4872 -0.2476
v 2.2998 1.65 -0.2476
v 2.2998 0.3496 -0.2476
v 1.3024 0.7194 2.5868
v 1.346 0.6562 2.5706
v 0.0524 2.5332 2.555
v -0.0108 2.625 2.5552
v -0.0726 2.7146 2.562
v 0.5524 1.8076 2.5502
v 0.8938 1.3124 2.5544
v 0.8024 1.445 2.609
v 0.6774 1.6264 2.5562
v 0.743 1.5312 2.5934
v -0.195 3.2812 2.5642
v -0.195 3.4606 2.5604
v -0.195 3.4924 2.5598
v -0.195 3.2766 2.5644
v 1.458 1.0936 2.5592
v 1.4274 1.138 2.555
v 1.1774 1.501 2.5668
v 1.1566 1.5312 2.5688
v 1.0524 1.6822 2.5564
v 1.3024 1.3194 2.599
v 1.2788 1.3538 2.5958
v 1.3072 1.3124 2.5994
v 1.6774 0.7754 2.5562
v -0.0726 3.3148 2.5518
v 0.1774 2.9518 2.5548
v 0.1012 3.0624 2.566
v -0.185 3.478 2.5588
v -0.1366 3.4076 2.5558
v 0.9274 1.8636 2.5756
v 1.0058 1.75 2.5742
v -3.3276 2.7144 -2.5622
v -3.4526 2.533 -2.5552
v -3.3894 2.625 -2.5554
v -3.9526 1.8076 -2.5504
v -4.1432 1.5312 -2.5936
v -4.0776 1.6262 -2.5566
v -4.2026 1.4448 -2.6092
v -4.2938 1.3124 -2.5546
v -4.7026 0.7192 -2.587
v -4.7462 0.6562 -2.571
v -3.205 3.2812 -2.5644
v -3.205 3.4606 -2.5606
v -3.205 3.4924 -2.56
v -3.205 3.2768 -2.5646
v -3.3276 3.3146 -2.552
v -3.2634 3.4076 -2.556
v -3.2158 3.4768 -2.5588
v -3.5014 3.0624 -2.5662
v -3.5776 2.9518 -2.555
v -4.3276 1.8636 -2.5758
v -4.4058 1.75 -2.5746
v -4.4526 1.6822 -2.5566
v -4.7026 1.3192 -2.5994
v -4.6796 1.3526 -2.5962
v -4.5776 1.5008 -2.5668
v -4.5566 1.5312 -2.569
v -4.7074 1.3124 -2.5996
v -4.8276 1.138 -2.5552
v -5.0776 0.7752 -2.5564
v -4.8582 1.0936 -2.5594
v 1.7974 0.003 -2.7476
v 1.7974 0.0034 -2.7476
v 1.7974 0.0046 -2.7476
v 1.7974 0.0012 -2.7476
v 1.7974 0.0168 -2.7476
v 1.7974 0.0506 -2.7476
v 1.7974 0.5974 -2.7476
v 1.7902 0.0078 -2.7476
v 1.7902 0.0078 -2.7466
v 1.7902 0.0078 -2.5522
v 1.7922 0.0048 -2.7476
v 1.791 0.0064 -2.7476
v 1.7902 0.0078 -2.5508
v 1.7902 0.0078 -2.5502
v 1.7902 0.6078 -2.5522
v 1.7902 0.6078 -2.5508
v 1.7902 0.6078 -2.7476
v 1.7902 0.6078 -2.6608
v 1.7902 0.6078 -2.5502
v 1.7902 0.6078 -2.5504
v 1.7902 0.0126 -2.5294
v 1.7902 0.498 -2.549
v 1.7902 0.6386 -2.5214
v 1.7902 0.6562 -2.518
v 1.7902 0.6688 -2.5178
v 1.7902 0.875 -2.5344
v 1.7902 0.8876 -2.539
v 1.7902 1.0936 -2.5544
v 1.7902 1.1062 -2.5516
v 1.7902 1.308 -2.5608
v 1.7902 1.3122 -2.561
v 1.7902 1.325 -2.5596
v 1.7902 1.5312 -2.5698
v 1.7902 1.5438 -2.5702
v 1.7902 1.7496 -2.5546
v 1.7902 1.7624 -2.5546
v 1.7902 1.9686 -2.5436
v 1.7902 1.9812 -2.5436
v 1.7902 2.1872 -2.561
v 1.7902 2.1908 -2.5608
v 1.7902 2.2 -2.5602
v 1.7902 2.4062 -2.5556
v 1.7902 2.4188 -2.56
v 1.7902 2.6246 -2.563
v 1.7902 2.6374 -2.5578
v 1.7902 2.8436 -2.5724
v 1.7902 2.8562 -2.5742
v 1.7902 3.0562 -2.5576
v 1.7902 3.0622 -2.557
v 1.7902 3.075 -2.557
v 1.7902 3.2812 -2.5396
v 1.7902 3.2938 -2.5394
v 1.7902 0.2 -0.3662
v 1.7902 0.2 -0.362
v 1.7902 0.2 -0.2476
v 1.7902 0.2 -1.297
v 1.7902 0.2 -1.1334
v 1.7902 0.2 -0.5256
v 1.7902 0.2 -2.2478
v 1.7902 0.2 -2.2438
v 1.7902 0.2 -2.1334
v 1.7902 0.2 -1.9048
v 1.7902 0.2 -2.1016
v 2.0898 3.4956 -0.2502
v 2.0898 2.0054 -0.2502
v 2.0916 2.0054 -0.2502
v 2.1448 4.9998 -0.7702
v 2.1496 4.9998 -0.7702
v 2.1498 4.9998 -0.7702
v 2.6892 4.9998 -0.7702
v 2.1724 4.9998 -0.7702
v 2.6902 4.9998 -1.732
v 2.6902 4.9998 -1.7318
v 2.6902 4.9998 -1.7384
v 2.6902 4.9998 -0.8012
v 2.1294 3.2812 0.2498
v 2.1312 3.2854 0.2498
v 2.1096 3.0624 0.2498
v 2.109 3.0668 0.2498
v 2.1134 2.8436 0.2498
v 2.1136 2.848 0.2498
v 2.0952 2.1874 0.2498
v 2.0948 2.1918 0.2498
v 2.1076 2.4062 0.2498
v 2.1074 2.4104 0.2498
v 2.1178 2.625 0.2498
v 2.1176 2.6292 0.2498
v 2.1056 1.9686 0.2498
v 2.1062 1.973 0.2498
v 2.0916 1.75 0.2498
v 2.0922 1.7542 0.2498
v 2.1226 1.098 0.2498
v 2.078 1.3124 0.2498
v 2.1232 1.0936 0.2498
v 2.1154 1.5312 0.2498
v 2.114 1.5354 0.2498
v 2.079 1.3168 0.2498
v 2.0968 1.4214 0.2498
v 2.2144 0.5974 0.2498
v 2.107 0.875 0.2498
v 2.1068 0.8792 0.2498
v 2.0518 0.6562 0.2498
v 2.0522 0.6604 0.2498
v 2.0978 0.0042 0.2498
v 2.0998 0.0358 0.2498
v 2.0998 0.5384 0.2498
v 2.1118 2.7144 2.1224
v 2.0998 2.7574 2.152
v 2.1052 2.625 2.0606
v 2.105 2.5332 1.9974
v 2.0998 2.501 1.9752
v 2.1002 1.8076 1.4974
v 2.0998 1.8104 1.4992
v 2.0998 1.8064 1.4966
v 2.1062 1.6262 1.3724
v 2.0998 1.6698 1.4024
v 2.159 1.4448 1.2474
v 2.1434 1.5312 1.3068
v 2.0998 1.2962 1.1448
v 2.1044 1.3124 1.1562
v 2.1368 0.7194 0.7474
v 2.0998 0.7942 0.799
v 2.1208 0.6562 0.7038
v 2.0998 0.5956 0.6622
v 2.0998 3.2994 2.1224
v 2.0998 3.324 2.1468
v 2.0998 3.2812 2.1404
v 2.0998 3.3086 2.1182
v 2.0998 3.0624 2.163
v 2.0998 3.1916 2.245
v 2.0998 3.241 2.1224
v 2.0998 2.8436 2.1622
v 2.0998 2.9448 2.1802
v 2.0998 2.7898 2.1558
v 2.0998 3.1306 1.9974
v 2.0998 3.255 2.1074
v 2.0998 3.1304 1.9954
v 2.0998 2.9674 1.9974
v 2.0998 2.993 2.0826
v 2.0998 2.8624 1.8108
v 2.0998 2.8842 1.8724
v 2.0998 2.875 1.8902
v 2.0998 2.8436 2.0656
v 2.0998 2.6556 1.9974
v 2.0998 2.625 1.9854
v 2.0998 2.5876 1.98
v 2.0998 2.5952 1.9804
v 2.0998 2.2858 1.7474
v 2.0998 2.3422 1.7666
v 2.0998 2.4062 1.7884
v 2.0998 2.4602 1.7782
v 2.0998 2.5874 1.7474
v 2.0998 2.4062 1.672
v 2.0998 2.1874 1.7118
v 2.0998 2.3532 1.6224
v 2.0998 2.2504 1.5334
v 2.0998 2.3886 1.4974
v 2.0998 2.1874 1.4886
v 2.0998 1.9686 1.5662
v 2.0998 2.0726 1.6224
v 2.0998 1.8348 1.421
v 2.0998 1.8774 1.1952
v 2.0998 1.9272 1.1662
v 2.0998 2.1572 1.48
v 2.0998 1.9484 1.4244
v 2.0998 1.9686 1.425
v 2.0998 1.7672 1.2474
v 2.0998 1.778 1.2634
v 2.0998 1.75 1.2654
v 2.0998 1.7644 1.2644
v 2.0998 1.66 1.3724
v 2.0998 1.702 1.345
v 2.0998 1.3124 1.1482
v 2.0998 1.3552 1.1468
v 2.0998 1.433 1.1224
v 2.0998 1.5146 1.0472
v 2.0998 1.4804 1.0934
v 2.0998 1.4228 0.8724
v 2.0998 1.5312 0.9816
v 2.0998 1.5828 0.9974
v 2.0998 1.3124 0.8326
v 2.0998 1.546 1.006
v 2.0998 1.5312 1.025
v 2.0998 1.0936 0.8204
v 2.0998 1.2248 0.8224
v 2.0998 1.2608 0.8266
v 2.0998 0.875 0.791
v 2.0998 0.9876 0.8118
v 2.0998 0.6562 0.6586
v 2.0998 0.7392 0.67
v 2.0998 0.875 0.6834
v 2.0998 0.6986 0.3724
v 2.0998 0.7484 0.381
v 2.0998 0.8012 0.3902
v 2.0998 0.9668 0.675
v 2.0998 1.0388 0.6336
v 2.0998 1.058 0.6224
v 2.0998 1.0494 0.5614
v 2.0998 1.0716 0.6098
v 2.0998 0.73 0.365
v 2.0998 0.756 0.359
v 2.0998 0.2186 0.3398
v 2.0998 0.3018 0.3724
v 2.0998 0.5804 0.3724
v 2.0998 0.6384 0.3622
v 2.0998 0.4374 0.4148
v 2.0998 0.4628 0.3868
v 2.1142 3.2812 2.245
v 2.1104 3.4606 2.245
v 2.1098 3.4924 2.245
v 2.1144 3.2768 2.245
v 2.1018 3.3146 2.1224
v 2.1058 3.4072 2.1862
v 2.1086 3.4768 2.2342
v 2.116 3.0624 1.9486
v 2.1048 2.9518 1.8724
v 2.1256 1.8636 1.1224
v 2.1242 1.75 1.044
v 2.1168 1.5008 0.8724
v 2.1188 1.5312 0.8934
v 2.1064 1.6822 0.9974
v 2.149 1.3194 0.7474
v 2.146 1.3536 0.771
v 2.105 1.138 0.6224
v 2.1494 1.3124 0.7426
v 2.1092 1.0936 0.5918
v 2.1062 0.7752 0.3724
v 2.1448 4.9998 -0.7792
v 2.1448 4.9998 -0.7788
v 2.1448 4.9998 -1.7306
v 2.1448 4.9998 -0.8168
v 2.1448 4.9998 -1.7382
v -2.2616 2.9998 2.5498
v -1.1382 2.9998 -2.55
v -1.1388 2.9998 -2.55

#	    Point/Line/Face list

f 2866 2792 2795
f 2835 2798 2962
f 2791 2795 2792
f 2797 2962 2798
f 1335 1599 1600
f 4024 1607 1599
f 2699 3603 3605
f 3602 3606 3603
f 3529 3604 3609
f 3606 3602 3529
f 3529 3391 3387
f 3529 3609 3606
f 3531 3529 3602
f 3608 3603 3606
f 3387 3450 3593
f 3031 3019 1332
f 2962 2953 2835
f 3387 3593 3529
f 3531 3602 3603
f 3605 3607 2699
f 3529 3593 3601
f 3601 3604 3529
f 239 240 4070
f 4005 4128 4127
f 4009 4005 4127
f 3091 3094 3090
f 3174 4044 4045
f 2117 4050 2195
f 3195 2134 3150
f 2260 2704 2496
f 303 4023 1606
f 304 303 1606
f 287 304 1606
f 1335 287 1606
f 1335 1606 4024
f 1335 4024 1599
f 3150 3151 3146
f 2109 2108 2118
f 2067 2063 2069
f 3091 3090 3150
f 1467 1468 1462
f 2134 3091 3150
f 2134 2136 3091
f 2063 2067 4017
f 3150 3146 4059
f 2195 4048 1330
f 2195 1330 4045
f 2866 2795 2918
f 2985 2851 3019
f 4108 4063 4111
f 1330 4047 4045
f 3091 3093 3094
f 3150 4058 4057
f 3150 4057 3195
f 4061 4062 4124
f 3058 4052 4053
f 3058 4050 4051
f 4124 4060 4059
f 3058 4051 4052
f 3058 4055 4056
f 3058 4054 4055
f 3058 4053 4054
f 4058 3175 4057
f 308 373 4036
f 308 4036 4035
f 2851 2835 2953
f 2253 2260 2496
f 2862 2866 2918
f 1332 2851 2953
f 2851 1332 3019
f 4121 4123 181
f 2702 2703 2246
f 2878 2918 2795
f 2246 2701 2702
f 2704 2698 2496
f 2698 2704 2246
f 2696 2695 2246
f 2246 2699 2665
f 2657 2665 2699
f 2703 2696 2246
f 2695 2698 2246
f 2260 2246 2704
f 2695 2696 2697
f 2461 2460 2698
f 2496 2460 2468
f 2496 2494 2253
f 2460 2496 2698
f 2246 2665 2701
f 2456 2470 2460
f 2253 2494 2499
f 3607 3309 2657
f 2699 3607 2657
f 2470 2468 2460
f 2494 2496 2495
f 1334 3531 3603
f 2699 1334 3603
f 4098 4099 4112
f 2069 2021 2072
f 4058 3150 4059
f 4125 4025 4126
f 2072 1997 1998
f 1997 2072 1995
f 4097 4102 71
f 936 976 953
f 1600 1336 1335
f 2013 2009 1601
f 1327 2013 1601
f 4036 4027 375
f 376 4036 375
f 4069 4068 60
f 2021 1995 2072
f 2072 2067 2069
f 2010 4021 2063
f 4017 2010 2063
f 953 949 936
f 2069 4031 4030
f 2021 2069 4030
f 936 977 976
f 1468 1460 1462
f 4091 4086 267
f 4087 4091 267
f 4088 4087 267
f 4090 4088 267
f 4081 4090 267
f 3145 4081 267
f 4075 3145 267
f 376 1328 1606
f 4023 376 1606
f 4099 4098 4069
f 4068 4069 4098
f 4069 60 239
f 4070 4069 239
f 4112 4110 4098
f 1434 1467 1462
f 1600 1601 1334
f 1493 2005 1492
f 4011 2009 4135
f 1334 1331 1600
f 4117 4115 4101
f 4101 4095 4117
f 3531 1334 1601
f 3529 3531 1601
f 3391 3529 1601
f 1139 3391 1601
f 1166 1139 1601
f 1488 1489 2005
f 4006 4134 4132
f 4007 4006 4132
f 1605 1599 1607
f 4134 4006 4135
f 4011 4135 4006
f 1489 1492 2005
f 4101 4100 4071
f 1139 1166 3991
f 1139 3991 1057
f 4115 4112 4099
f 2013 4129 4130
f 4020 4015 4001
f 4071 3183 4107
f 4071 4107 4101
f 4048 2195 4050
f 3174 4045 4047
f 4046 1600 4047
f 2862 2918 3174
f 1331 2862 3174
f 1331 3174 4047
f 2005 1601 2009
f 3058 4048 4050
f 2253 1332 1331
f 2260 2253 1331
f 2246 2260 1331
f 2699 2246 1331
f 1334 2699 1331
f 1600 1327 1601
f 1327 1600 1599
f 4016 2014 2068
f 1330 4046 4047
f 4026 4024 4126
f 1332 2953 1331
f 1156 3990 1157
f 3987 1143 4000
f 3995 3996 1164
f 272 4076 4123
f 1038 1006 1034
f 4139 4137 1142
f 242 144 4065
f 1006 1038 1010
f 3989 3988 1144
f 1155 3989 1144
f 1156 1155 1144
f 1156 1144 3990
f 1142 1157 3990
f 1057 1058 1139
f 1006 1010 1007
f 1143 1141 4000
f 1165 1164 3996
f 3991 3992 1034
f 3991 1034 1006
f 1139 1058 1073
f 1161 1034 3992
f 1162 1161 3999
f 3999 3994 1162
f 3994 3995 1164
f 3994 1164 1163
f 2013 4135 2009
f 4139 3991 4137
f 1163 1162 3994
f 3994 3999 4142
f 3997 3996 4145
f 4144 4143 1142
f 914 936 949
f 1073 1140 1139
f 4125 1606 1328
f 951 977 936
f 978 952 953
f 4072 4114 4113
f 272 4072 4113
f 4061 272 4113
f 2068 4020 1327
f 4019 2068 1327
f 936 926 767
f 4061 4113 4063
f 4062 4061 4063
f 767 769 950
f 767 950 936
f 3165 2195 4045
f 3165 4045 4044
f 296 335 287
f 287 952 947
f 949 953 952
f 1335 914 952
f 287 1335 952
f 914 949 952
f 936 950 951
f 3174 4043 4044
f 304 374 305
f 1336 3175 4060
f 947 948 287
f 303 304 302
f 371 369 368
f 366 307 304
f 365 366 304
f 307 302 304
f 376 4035 4036
f 305 306 304
f 368 308 307
f 377 368 307
f 308 368 370
f 304 335 374
f 304 287 335
f 369 370 368
f 4070 4071 4100
f 4028 1987 4029
f 306 365 304
f 373 308 372
f 2700 2657 3309
f 366 365 367
f 303 302 308
f 302 307 308
f 4075 4074 4105
f 26 76 189
f 143 19 144
f 19 143 135
f 58 60 4068
f 4072 4121 4093
f 69 71 4102
f 4100 4099 4070
f 272 4123 4072
f 4118 4117 4095
f 3 4 189
f 4021 2010 1605
f 4022 2063 4021
f 2014 4016 2072
f 4015 2014 2072
f 1998 4015 2072
f 4115 4117 181
f 19 135 134
f 4103 69 4102
f 189 4 26
f 4110 4112 181
f 4111 4109 4108
f 4117 4118 181
f 4067 4073 4098
f 4067 4098 4110
f 3996 3997 1141
f 3996 1141 1165
f 3987 1144 3988
f 3987 4000 3990
f 1144 3987 3990
f 3990 4146 1142
f 3991 1006 1057
f 4019 1605 2010
f 3997 4000 1141
f 4142 4141 1142
f 3992 3999 1161
f 4002 4003 1407
f 4002 1407 1440
f 4004 4005 1404
f 4004 1404 1405
f 4003 4004 1405
f 4003 1405 1407
f 4006 4007 1425
f 4006 1425 1434
f 4008 4002 1440
f 4008 1440 1422
f 4007 4008 1422
f 4007 1422 1425
f 4009 4010 1403
f 2009 4011 1488
f 2009 1488 2005
f 4005 4009 1403
f 4005 1403 1404
f 4011 1462 1488
f 4011 4006 1434
f 4011 1434 1462
f 4008 4007 4132
f 2013 4127 4128
f 2013 4128 4129
f 4003 4002 4130
f 4003 4130 4129
f 4004 4003 4129
f 4018 4016 2068
f 4017 4018 2068
f 4118 4121 181
f 2010 4017 4019
f 240 242 4071
f 2068 4019 4017
f 4093 4095 4114
f 4076 272 4059
f 4076 4059 3146
f 4025 2069 4026
f 4022 1607 4026
f 2063 4022 4026
f 2063 4026 2069
f 4025 4125 1328
f 4030 4029 1987
f 2021 4030 1987
f 1328 376 375
f 1328 375 4032
f 1328 4032 4031
f 2069 4025 1328
f 2069 1328 4031
f 4023 303 4035
f 376 4023 4035
f 4036 373 4027
f 308 4035 303
f 2073 4041 4039
f 2073 4039 4040
f 295 296 615
f 948 615 296
f 287 948 296
f 4058 4059 4060
f 3175 4058 4060
f 4043 3200 4044
f 1331 4047 1600
f 4048 3058 4049
f 4048 4049 1330
f 4046 1330 4049
f 4046 4049 1336
f 1600 4046 1336
f 4060 4124 4062
f 4052 2116 2115
f 1336 4060 1335
f 4056 3195 4057
f 4053 2115 2109
f 4102 4097 4074
f 4075 4105 181
f 4110 4105 4067
f 272 4061 4124
f 4100 4101 4115
f 4020 2068 2014
f 4015 4020 2014
f 4067 4074 4097
f 4103 77 4092
f 4107 4109 4095
f 4076 181 4123
f 4063 4108 4066
f 4071 4070 240
f 4073 4067 4097
f 4074 4067 4105
f 181 4076 3146
f 4077 181 3146
f 3145 4075 4077
f 914 1335 4060
f 936 914 4060
f 926 936 4060
f 189 926 4060
f 4062 189 4060
f 4079 4082 3145
f 4077 268 4079
f 4077 4079 3145
f 181 4077 4075
f 267 271 4104
f 267 4104 4092
f 267 4092 77
f 267 77 4075
f 4099 4100 4115
f 4073 4068 4098
f 4097 71 58
f 4073 4097 58
f 4068 4073 58
f 4108 4107 4065
f 4069 4070 4099
f 4105 4110 181
f 4112 4115 181
f 77 4103 4102
f 77 4102 4075
f 4146 4145 1142
f 4074 4075 4102
f 4095 4101 4107
f 4093 4118 4095
f 3165 4044 3200
f 4018 4017 2067
f 1606 4125 4126
f 3183 4071 242
f 4065 3183 242
f 4066 4065 144
f 4113 4111 4063
f 4111 4113 4114
f 4066 144 19
f 4063 4066 19
f 3183 4065 4107
f 4062 4063 3
f 189 4062 3
f 4063 19 3
f 3999 3992 4141
f 4141 4140 1142
f 4139 4140 3992
f 4000 3997 4146
f 4145 4144 1142
f 3995 3994 4143
f 3996 3995 4144
f 4143 4142 1142
f 4146 3990 4000
f 4145 4146 3997
f 4144 4145 3996
f 4143 4144 3995
f 4142 4143 3994
f 4141 4142 3999
f 4140 4141 3992
f 4140 4139 1142
f 1166 1142 4137
f 4043 3174 2918
f 1166 4137 3991
f 4026 4126 4025
f 4049 3058 1336
f 2067 2072 4018
f 2013 1327 4020
f 4001 2013 4020
f 272 4124 4059
f 2013 4132 4134
f 2013 4130 4132
f 2013 4001 4127
f 2013 4134 4135
f 4001 1495 4127
f 4009 4127 1495
f 4010 4009 1495
f 1495 4001 4015
f 4010 1495 4015
f 4013 4010 4015
f 4014 4013 4015
f 2012 4014 4015
f 4004 4129 4128
f 4005 4004 4128
f 4008 4132 4130
f 4002 4008 4130
f 1606 4126 4024
f 4056 4057 3175
f 3058 4056 3175
f 4016 4018 2072
f 1607 4022 4021
f 1607 4021 1605
f 2073 4040 4042
f 2073 4042 4037
f 2073 4037 4033
f 4034 4032 375
f 4033 4034 375
f 4033 375 4027
f 2073 4033 4027
f 4051 2117 2116
f 2134 3195 4056
f 2134 4056 4055
f 4055 2118 2134
f 4054 2109 2118
f 4072 4093 4114
f 4109 4114 4095
f 2115 4053 4052
f 2117 4051 4050
f 1601 2005 1166
f 2862 1331 2953
f 267 4086 4085
f 4079 268 4078
f 4083 4078 268
f 4084 4083 268
f 4085 4084 268
f 267 4085 268
f 4121 4072 4123
f 3175 1336 3058
f 1605 4019 1327
f 1599 1605 1327
f 4024 4026 1607
f 2118 4055 4054
f 2116 4052 4051
f 4118 4093 4121
f 4107 4108 4109
f 4065 4066 4108
f 4081 3145 4082
f 4109 4111 4114
f 3991 4139 3992
f 2109 4054 4053
f 2994 3012 3011
f 2996 3031 2994
f 3004 3005 3003
f 2860 4155 3001
f 2975 2957 3002
f 2881 3001 3000
f 2995 3008 3040
f 2998 2914 2980
f 2997 3006 2995
f 3040 2996 2995
f 3000 2999 2881
f 3003 3009 3004
f 2999 3000 2998
f 1332 2994 3031
f 2914 2998 3000
f 3035 3040 3008
f 2996 3040 3030
f 3012 1345 3005
f 3005 4147 3039
f 3015 4158 2916
f 3015 3000 3001
f 2862 2953 4151
f 2862 4151 4153
f 3006 3010 3014
f 3008 2995 3006
f 3001 2881 2860
f 2980 2920 2998
f 3009 3003 3002
f 3002 2979 2975
f 2887 2881 2999
f 2952 2979 3039
f 3005 3004 3011
f 2999 2886 2887
f 3039 4149 2952
f 3011 3004 2994
f 3001 4156 3015
f 3004 3009 2997
f 2997 2994 3004
f 3007 3006 3013
f 2920 2978 3037
f 3006 2997 3010
f 2994 1345 3012
f 2994 1332 1345
f 3002 2957 3009
f 3000 3015 2914
f 4147 3005 1345
f 2916 2914 3015
f 2998 2920 2999
f 2994 2995 2996
f 3014 3013 3006
f 2886 2999 2920
f 3034 3008 3007
f 3030 3031 2996
f 2886 3037 3036
f 2957 3037 3013
f 3007 3013 3037
f 3007 3037 3038
f 3008 3034 3035
f 4159 4165 4166
f 3039 3003 3005
f 3038 3037 2978
f 3003 3039 2979
f 2979 3002 3003
f 2920 3037 2886
f 3036 3037 2957
f 3005 3011 3012
f 3006 3007 3008
f 3013 3009 2957
f 3009 3014 3010
f 3009 3013 3014
f 3010 2997 3009
f 2995 2994 2997
f 4092 4104 246
f 4154 4153 4151
f 4152 4154 4151
f 4157 3015 4156
f 4156 3001 4155
f 4150 2952 4149
f 245 246 4104
f 4148 3039 4147
f 4149 3039 4148
f 4104 271 245
f 4150 4155 4152
f 4158 3015 4157
f 4159 2916 4158
f 4092 4189 4103
f 4092 4190 4189
f 4160 4162 2918
f 4163 4160 2918
f 4043 2918 4162
f 4187 4193 243
f 4187 4191 4193
f 4187 4192 4191
f 4187 4197 4192
f 4187 4195 4197
f 4187 4196 4195
f 4196 4201 4198
f 4196 4202 4201
f 4187 4202 4196
f 4182 4181 269
f 4154 4152 4155
f 244 4202 4187
f 244 4199 4202
f 4199 4172 4200
f 244 4172 4199
f 244 4168 4172
f 244 4169 4168
f 244 4170 4169
f 244 4171 4170
f 244 4173 4171
f 244 4174 4173
f 244 4175 4174
f 244 4176 4175
f 244 4179 4176
f 244 4180 4179
f 244 4177 4180
f 244 4178 4177
f 4178 4184 4183
f 244 4184 4178
f 244 4181 4184
f 244 269 4181
f 4164 4166 4165
f 4193 4194 243
f 4164 4161 4163
f 4166 4164 4163
f 4160 4163 4161
f 2242 2243 2244
f 2249 2714 2716
f 4221 2721 4220
f 4217 3530 4214
f 3518 3497 3513
f 3534 3540 3467
f 3467 3536 3534
f 3528 3535 2721
f 3528 3515 3540
f 3528 3540 3954
f 3515 3485 3540
f 3954 3530 3528
f 2721 3527 3528
f 2988 2987 2852
f 3379 3417 3526
f 2986 2993 2987
f 3534 3954 3540
f 3525 3524 3534
f 3537 3513 3514
f 3511 3525 3533
f 3516 3466 3539
f 3512 3513 3614
f 3514 3515 3458
f 3525 3511 3379
f 3497 3514 3513
f 3534 3533 3525
f 3954 3534 3524
f 3382 3379 3511
f 3534 3532 3533
f 3527 3466 3458
f 3513 3516 3519
f 3532 3518 3533
f 3513 3512 3510
f 3518 3536 3497
f 3379 3526 3525
f 3510 3518 3513
f 3538 3539 3466
f 3466 3527 3538
f 3518 3532 3536
f 3532 3534 3536
f 3515 3528 3527
f 3518 3510 3533
f 3513 3517 3516
f 3513 3537 3517
f 3458 3537 3514
f 3383 3382 3511
f 3514 3485 3515
f 3524 3525 3526
f 3524 4216 3954
f 3527 3458 3515
f 4215 3954 4216
f 3485 3467 3540
f 3516 3539 3519
f 3458 3517 3537
f 3467 3497 3536
f 3511 3533 3510
f 4216 3524 4208
f 3524 3526 4208
f 3383 3511 3510
f 2874 2987 2992
f 2983 2988 2984
f 2856 2984 2988
f 2852 2854 2988
f 2985 2984 2850
f 2854 2856 2988
f 2993 2992 2987
f 3016 2991 2989
f 2992 3033 2874
f 2934 3016 2989
f 3016 2934 2982
f 2848 2850 2984
f 2856 2849 2984
f 2892 2982 2934
f 2875 2874 3033
f 2849 2846 2984
f 2846 2848 2984
f 2991 2990 2989
f 2850 2851 2985
f 2990 2993 2986
f 2937 2934 2989
f 2982 2892 2895
f 2874 2855 2987
f 2922 2982 2895
f 2855 2852 2987
f 4204 1329 4210
f 2986 2989 2990
f 2988 2986 2987
f 2985 2983 2984
f 2269 2714 2248
f 2714 2249 2248
f 2245 2247 2270
f 2250 2722 2251
f 4220 3535 4219
f 2252 2250 2242
f 2716 2271 2249
f 2256 2243 2251
f 3519 2715 2714
f 2269 3519 2714
f 2247 2258 2248
f 2270 2249 2271
f 2258 2247 2256
f 2716 2721 2271
f 2247 2244 2243
f 2715 3519 3539
f 3538 2715 3539
f 2270 4223 4224
f 2258 2257 2248
f 2257 2261 2255
f 2247 2248 2249
f 2722 2254 2251
f 4223 2271 4222
f 2251 2255 2261
f 2270 4224 2245
f 2251 2261 2256
f 2249 2270 2247
f 3538 2716 2714
f 2715 3538 2714
f 2716 3538 3527
f 2721 2716 3527
f 2257 2256 2261
f 2247 2245 2244
f 4213 4209 1139
f 4228 2259 4227
f 2250 2251 2243
f 2257 2258 2256
f 2269 2248 2257
f 2255 2251 2254
f 2243 2242 2250
f 2243 2256 2247
f 4233 1332 2253
f 4231 2252 4230
f 2244 2259 2242
f 4230 2242 4229
f 4231 1345 4232
f 4218 3528 4217
f 1145 4203 4204
f 1329 4204 4203
f 1166 1329 4203
f 4211 1138 4210
f 4203 1142 1166
f 1150 1157 4203
f 4204 4210 1138
f 1148 4204 1138
f 4203 1145 1150
f 4204 1148 1145
f 1142 4203 1157
f 3391 1139 4209
f 4209 4213 4205
f 4206 4207 3526
f 3417 4206 3526
f 4211 4206 4212
f 4212 4205 4213
f 4205 4212 4206
f 3530 4217 3528
f 3535 4220 2721
f 2269 3614 3513
f 3519 2269 3513
f 4225 2245 4224
f 2242 4230 2252
f 1332 4233 1345
f 4215 4214 3530
f 3954 4215 3530
f 4232 1345 4233
f 1347 4219 3535
f 4218 1347 3535
f 3528 4218 3535
f 4221 4222 2271
f 2721 4221 2271
f 4225 4226 2244
f 2245 4225 2244
f 4226 4227 2244
f 2259 2244 4227
f 4228 4229 2242
f 2259 4228 2242
f 4207 4208 3526
f 4223 2270 2271
f 3024 2983 2985
f 3022 3032 3020
f 2985 3019 3024
f 3018 3017 3032
f 3023 2989 3020
f 3020 3025 3023
f 3021 3020 2989
f 2986 3021 2989
f 267 268 265
f 3025 3020 3032
f 3032 3022 3018
f 3020 3021 3022
f 2983 3024 2988
f 2988 3022 3021
f 3022 2988 3024
f 3024 3018 3022
f 3018 3024 3019
f 3021 2986 2988
f 3017 3018 3019
f 265 266 267
f 3040 3029 3030
f 3019 3031 3028
f 3054 3026 3027
f 3027 3032 3028
f 3027 3040 3054
f 3040 3027 3029
f 3034 3054 3035
f 3035 3054 3040
f 3028 3029 3027
f 3017 3028 3032
f 3034 3023 3054
f 3028 3031 3029
f 3032 3027 3026
f 3030 3029 3031
f 3019 3028 3017
f 3054 3023 3026
f 3032 3026 3025
f 3025 3026 3023
f 4238 1145 4253
f 3614 3613 3512
f 2006 2015 1972
f 4239 2015 2006
f 3388 3510 3596
f 3596 3510 3610
f 3510 3388 3383
f 3512 3613 3612
f 3510 3611 3610
f 3614 3615 3613
f 3512 3612 3510
f 1148 4236 4252
f 3034 3007 3023
f 3388 3596 3449
f 177 4235 224
f 3611 3612 3613
f 3611 3510 3612
f 2933 2932 2978
f 2989 3023 2937
f 1241 2004 1292
f 2929 3007 3038
f 3007 2939 2937
f 2937 3023 3007
f 3007 2929 2939
f 759 939 944
f 2084 1989 1988
f 2929 2978 2932
f 3038 2978 2929
f 184 4186 259
f 1970 2074 1936
f 2076 2087 2074
f 1981 1991 2074
f 1989 2084 1970
f 2074 1935 1981
f 266 265 4247
f 1936 2074 1991
f 1970 2084 2075
f 4244 1972 4245
f 942 939 943
f 2075 2074 1970
f 2074 2075 2076
f 2006 4251 4250
f 4240 4251 2007
f 270 4185 4249
f 2008 4246 4244
f 4186 184 4188
f 270 259 4185
f 183 259 270
f 1294 1297 2004
f 4249 4185 4248
f 1245 2004 1241
f 1377 1252 1375
f 4253 4237 4238
f 1375 1252 1376
f 1298 2004 1297
f 1321 2004 1251
f 1241 1292 1242
f 266 4182 269
f 266 186 4182
f 266 4247 186
f 1372 1251 1252
f 4247 182 4248
f 1251 2004 1245
f 1372 1252 1377
f 1292 2004 1298
f 4248 182 4249
f 4245 1972 2015
f 1148 4252 1145
f 4185 259 4186
f 2074 4244 1935
f 1321 1251 1372
f 1095 221 220
f 1131 1138 1137
f 1120 1138 1121
f 4237 4253 4236
f 1149 176 4235
f 1147 176 1149
f 1147 4238 176
f 224 4237 220
f 1138 1131 1096
f 4253 1145 4252
f 1138 1120 1135
f 1138 1135 1137
f 221 1095 204
f 204 205 226
f 1326 2015 4239
f 4242 2015 1326
f 2011 2015 4242
f 220 1138 1095
f 204 226 221
f 4252 4236 4253
f 921 941 937
f 204 203 205
f 1137 1132 1131
f 1138 4236 1148
f 1138 220 4236
f 176 4238 4237
f 1138 1096 1095
f 921 946 941
f 939 942 945
f 2006 2007 4251
f 944 939 945
f 939 759 929
f 4186 4248 4185
f 937 941 943
f 4248 4186 4247
f 937 943 939
f 942 943 941
f 759 944 754
f 260 262 263
f 259 183 258
f 4240 4250 4251
f 4243 4250 4240
f 183 121 120
f 4182 186 4188
f 260 264 262
f 4188 184 4182
f 258 261 259
f 261 258 260
f 270 4249 182
f 260 263 261
f 121 183 103
f 122 114 113
f 2006 4250 4239
f 4239 4250 1326
f 113 183 122
f 4186 4188 186
f 183 257 258
f 183 120 122
f 183 113 257
f 4242 1326 4241
f 185 4182 184
f 1147 1150 4238
f 4236 220 4237
f 4234 224 4235
f 1145 4238 1150
f 4237 224 4234
f 4243 1326 4250
f 4241 1326 4243
f 4244 2074 2008
f 4246 2008 2087
f 2007 1321 4240
f 2007 2004 1321
f 4241 1319 4242
f 4241 1320 1319
f 4240 1320 4243
f 4240 1321 1320
f 4243 1320 4241
f 4245 1935 4244
f 4246 2006 1972
f 1972 4244 4246
f 182 4247 265
f 4235 176 4234
f 4237 4234 176
f 2074 2087 2008
f 186 4247 4186
f 3043 2945 2908
f 2905 2945 2928
f 3043 2902 2888
f 2928 2935 2926
f 2897 2896 3044
f 2947 3053 2948
f 3053 3044 2909
f 2909 3044 2896
f 2908 2945 2905
f 2888 2902 2903
f 3052 3053 2947
f 3052 2947 2926
f 3052 2926 2935
f 2935 2928 2945
f 3053 2909 2910
f 2923 2982 2922
f 2945 3043 2946
f 2910 2948 3053
f 2982 2923 3053
f 3044 3053 2923
f 3043 2908 2902
f 3044 2923 2925
f 2982 3053 3052
f 3270 3267 3281
f 3267 3275 3281
f 3289 3275 3274
f 3267 3269 3273
f 3274 3267 3288
f 3050 2990 3055
f 3267 3274 3275
f 3270 3272 3267
f 3273 3288 3267
f 3271 3272 3270
f 3269 3267 3268
f 3268 3267 3272
f 3055 3051 3050
f 3051 3055 2936
f 2943 3052 2935
f 2991 3055 2990
f 2936 3055 2943
f 3016 3055 2991
f 2982 3055 3016
f 3052 2943 3055
f 3055 2982 3052
f 843 844 807
f 807 821 820
f 821 807 844
f 808 807 840
f 798 807 801
f 807 798 843
f 807 841 840
f 841 807 820
f 801 807 802
f 831 820 821
f 808 802 807
f 809 802 808
f 3046 2944 2946
f 3051 2936 2944
f 2946 3043 2871
f 3046 3051 2944
f 2946 2871 3046
f 3572 3229 3427
f 3591 3554 3553
f 3516 3517 3923
f 3924 3923 3568
f 3591 3553 3599
f 3924 3779 3923
f 3920 3914 3571
f 3507 3914 3508
f 3514 3497 3569
f 3496 3569 3497
f 3924 3781 3779
f 3446 3285 3921
f 3246 3245 3429
f 3446 3917 3924
f 3517 3567 3923
f 3569 3496 3924
f 3781 3924 3917
f 3334 3333 3446
f 3574 3258 3956
f 3921 3334 3446
f 3914 3921 3285
f 3287 3326 3509
f 3914 3507 3299
f 4962 3429 3245
f 3553 3558 3916
f 3916 3599 3553
f 3958 3957 3955
f 3287 3955 3326
f 3955 3287 3924
f 3496 3501 3924
f 3429 3917 3246
f 3918 3915 3919
f 3285 3287 3914
f 3917 3429 3781
f 3279 3427 3229
f 3279 3229 3228
f 3333 3246 3917
f 3955 3956 3258
f 3567 3568 3923
f 3568 3569 3924
f 3501 3958 3924
f 3955 3924 3958
f 3557 3919 3558
f 3428 3786 3427
f 3558 3919 3915
f 3278 3571 3914
f 3956 3955 3957
f 3299 3298 3914
f 3507 3554 3299
f 3554 3591 3299
f 3258 3326 3955
f 3922 4255 3793
f 3287 3509 3914
f 3236 3571 3278
f 3429 4962 3781
f 3786 3793 3790
f 3917 3446 3333
f 3786 3790 3792
f 3914 3920 3921
f 3279 3228 3278
f 3298 3278 3914
f 3228 3236 3278
f 3509 3508 3914
f 970 959 800
f 3915 3916 3558
f 812 706 813
f 3661 3670 969
f 623 670 837
f 838 4963 3680
f 3670 3661 3671
f 837 4964 3668
f 812 813 804
f 3670 3671 823
f 823 842 3670
f 707 706 839
f 4964 837 670
f 838 3692 670
f 838 3680 839
f 3668 3666 3679
f 812 839 706
f 3679 837 3668
f 971 970 800
f 814 969 804
f 813 814 804
f 842 3688 752
f 842 981 3670
f 3688 842 3666
f 3680 3683 3681
f 727 664 3690
f 3679 824 624
f 3684 994 973
f 3691 3665 3664
f 837 3679 623
f 824 823 3671
f 3667 3689 3688
f 824 3679 3666
f 3688 3666 3667
f 3690 3688 3689
f 981 986 3670
f 973 851 3684
f 664 752 3688
f 987 3667 3666
f 3688 3690 664
f 933 931 975
f 928 979 3663
f 842 752 981
f 710 624 824
f 3671 710 824
f 624 623 3679
f 3665 3684 851
f 3666 3663 980
f 934 928 3663
f 988 975 931
f 959 970 973
f 804 969 3670
f 3670 971 800
f 803 804 3670
f 959 973 994
f 851 3664 3665
f 850 3664 851
f 800 803 3670
f 3680 3681 3682
f 3666 3668 3669
f 3666 3669 3663
f 971 3670 986
f 988 987 3666
f 980 975 3666
f 975 988 3666
f 979 980 3663
f 2813 2971 3033
f 2971 2970 3048
f 2875 3033 3048
f 2822 2823 2873
f 3042 3044 2925
f 3036 2898 2891
f 2891 2886 3036
f 2898 2897 3041
f 3042 3047 3046
f 3043 2872 2871
f 2969 2925 2900
f 2877 3048 2970
f 2971 3048 3033
f 3046 2843 3042
f 2863 2903 3045
f 2889 2891 2898
f 2992 2993 2813
f 3043 2888 2904
f 3672 4254 3683
f 3044 3042 3045
f 3048 2877 2875
f 2898 3041 2889
f 3042 2816 2993
f 3033 2992 2813
f 2857 3045 3042
f 2816 2813 2993
f 2949 2816 3042
f 3041 2903 2890
f 3794 3793 4255
f 2959 2900 2898
f 2970 2840 2877
f 2890 2904 2888
f 3046 2873 2823
f 3045 2897 3044
f 2954 2949 3042
f 2969 2955 2925
f 2959 2969 2900
f 3046 2803 2843
f 3046 2871 2873
f 3047 3042 2993
f 2956 2959 2898
f 2857 2863 3045
f 2823 2803 3046
f 3042 2925 2954
f 2904 2907 3043
f 2955 2954 2925
f 2898 3036 2957
f 2957 2956 2898
f 2897 3045 3041
f 2903 3041 3045
f 2872 3043 2907
f 2863 2888 2903
f 2890 2889 3041
f 2843 2857 3042
f 3675 3683 4254
f 3046 3049 3051
f 2990 3049 2993
f 3047 2993 3049
f 3046 3047 3049
f 3050 3051 3049
f 2990 3050 3049
f 2856 2972 2837
f 2981 2870 2879
f 2870 2981 2878
f 2838 2847 2837
f 2854 2852 2853
f 2911 2876 2872
f 2832 2853 2830
f 2972 2856 2853
f 2853 2973 2972
f 2875 2877 2853
f 2876 2911 2879
f 2856 2837 2847
f 2853 2832 2973
f 2847 2838 2974
f 2835 2851 2974
f 2806 2824 2876
f 2847 2974 2851
f 2877 2830 2853
f 2795 2794 2870
f 2879 2806 2876
f 2806 2879 2870
f 2870 2818 2825
f 2870 2825 2806
f 2853 2874 2875
f 2853 2855 2874
f 2820 2876 2824
f 2818 2870 2794
f 2878 2795 2870
f 2877 2840 2830
f 2822 2873 2819
f 2876 2820 2819
f 2873 2871 2819
f 2876 2819 2872
f 2871 2872 2819
f 2856 2854 2853
f 2847 2849 2856
f 2851 2850 2847
f 2855 2853 2852
f 2847 2848 2846
f 2848 2847 2850
f 2847 2846 2849
f 2883 2868 2864
f 2889 2884 2891
f 2863 2858 2882
f 2864 2861 2883
f 2864 2862 2861
f 2886 2891 2884
f 2865 2864 2868
f 2890 2884 2889
f 2828 2880 2827
f 2887 2884 2881
f 2858 2859 2869
f 2888 2884 2890
f 2886 2884 2887
f 2863 2857 2858
f 2868 2869 2867
f 2865 2867 2866
f 2880 2866 2867
f 2866 2862 2864
f 2882 2885 2863
f 2868 2867 2865
f 2882 2858 2868
f 2866 2864 2865
f 2827 2859 2845
f 2792 2880 2828
f 2863 2884 2888
f 2868 2883 2885
f 2868 2885 2882
f 2884 2863 2885
f 2881 2883 2861
f 2883 2881 2884
f 2827 2869 2859
f 2880 2867 2869
f 2884 2885 2883
f 2869 2868 2858
f 2881 2861 2860
f 2869 2827 2880
f 2858 2843 2859
f 4153 2861 2862
f 4154 2861 4153
f 4155 2861 4154
f 2860 2861 4155
f 2792 2866 2880
f 2845 2859 2843
f 2843 2858 2857
f 2823 2804 2803
f 2821 2802 2793
f 2825 2818 2793
f 2821 2793 2795
f 2804 2801 2803
f 2806 2825 2793
f 2802 2804 2806
f 2818 2794 2793
f 2804 2823 2822
f 2820 2824 2804
f 2824 2806 2804
f 2791 2821 2795
f 2799 2800 2821
f 2802 2821 2800
f 2805 2803 2801
f 2806 2793 2802
f 2800 2805 2801
f 2822 2819 2804
f 2819 2820 2804
f 2804 2802 2801
f 2791 2799 2821
f 2800 2801 2802
f 2794 2795 2793
f 2817 2796 2809
f 2796 2812 2810
f 2799 2790 2800
f 2828 2826 2792
f 2827 2842 2826
f 2810 2809 2796
f 2844 2841 2842
f 2805 2841 2803
f 2844 2845 2843
f 2841 2844 2803
f 2800 2842 2841
f 2829 2810 2812
f 2842 2827 2844
f 2841 2805 2800
f 2842 2800 2790
f 2809 2810 2807
f 2843 2803 2844
f 2807 2814 2816
f 2845 2844 2827
f 2790 2826 2842
f 2826 2828 2827
f 2826 2790 2792
f 2810 2829 2814
f 2807 2808 2809
f 2808 2807 2816
f 2815 2814 2829
f 2814 2815 2813
f 2814 2807 2810
f 2812 2796 2798
f 2812 2811 2829
f 2796 2797 2798
f 2796 2817 2797
f 2790 2791 2792
f 2813 2816 2814
f 2811 2812 2798
f 2790 2799 2791
f 2838 2833 2974
f 2831 2813 2839
f 2974 2833 2835
f 2811 2834 2829
f 2834 2833 2836
f 2798 2835 2834
f 2972 2833 2837
f 2831 2839 2836
f 2973 2831 2972
f 2972 2836 2833
f 2832 2831 2973
f 2834 2835 2833
f 2836 2972 2831
f 2971 2813 2831
f 2831 2970 2971
f 2837 2833 2838
f 2829 2839 2815
f 2798 2834 2811
f 2815 2839 2813
f 2831 2840 2970
f 2840 2831 2830
f 2829 2836 2839
f 2836 2829 2834
f 2830 2831 2832
f 2961 2968 2967
f 2817 2809 2966
f 2950 2964 2816
f 2797 2817 2966
f 2961 2967 2965
f 2955 2960 2950
f 2965 2950 2961
f 2965 2966 2809
f 2979 2952 2951
f 2966 2965 2967
f 2963 2951 2953
f 2961 2960 2976
f 2960 2961 2950
f 2979 2951 2977
f 2968 2961 2963
f 2950 2965 2964
f 4151 2953 2951
f 4152 4151 2951
f 4150 4152 2951
f 2952 4150 2951
f 2962 2968 2963
f 2809 2964 2965
f 2797 2966 2962
f 2960 2955 2976
f 2966 2967 2962
f 2962 2963 2953
f 2809 2808 2964
f 2963 2977 2951
f 2958 2977 2976
f 2975 2979 2958
f 2961 2976 2977
f 2959 2956 2958
f 2977 2963 2961
f 2958 2976 2955
f 2977 2958 2979
f 2957 2975 2958
f 2955 2969 2958
f 2969 2959 2958
f 2950 2954 2955
f 2968 2962 2967
f 2808 2816 2964
f 2957 2958 2956
f 2954 2950 2949
f 2816 2949 2950
f 2978 2920 2933
f 2878 2981 2917
f 2920 2980 2924
f 4163 2918 2915
f 4166 4163 2915
f 4159 4166 2915
f 2916 4159 2915
f 2917 2913 2915
f 2920 2924 2907
f 2913 2917 2879
f 2921 2933 2920
f 2911 2872 2912
f 2907 2906 2920
f 2981 2879 2917
f 2980 2914 2924
f 2872 2907 2924
f 2920 2906 2919
f 2920 2919 2921
f 2878 2917 2918
f 2924 2912 2872
f 2914 2915 2913
f 2924 2913 2912
f 2913 2924 2914
f 2879 2911 2912
f 2917 2915 2918
f 2879 2912 2913
f 2914 2916 2915
f 2922 2895 2923
f 2923 2895 2925
f 2895 2900 2925
f 2895 2894 2900
f 2894 2898 2900
f 2894 2899 2898
f 2893 2899 2894
f 2893 2901 2899
f 2892 2894 2895
f 2892 2893 2894
f 2899 2896 2898
f 2896 2897 2898
f 2899 2910 2909
f 2899 2909 2896
f 2902 2908 2904
f 2908 2907 2904
f 2902 2904 2890
f 2902 2890 2903
f 2908 2905 2907
f 2905 2906 2907
f 2926 2927 2928
f 2928 2927 2905
f 2927 2906 2905
f 2936 2919 2906
f 2927 2935 2945
f 2927 2945 2946
f 2944 2936 2906
f 2946 2944 2906
f 2927 2946 2906
f 2901 2947 2899
f 2947 2948 2899
f 2948 2910 2899
f 2901 2926 2947
f 2901 2927 2926
f 2931 2927 2901
f 2931 2930 2927
f 2930 2943 2935
f 2919 2936 2930
f 2936 2943 2930
f 2930 2935 2927
f 2930 2921 2919
f 2932 2921 2930
f 2932 2933 2921
f 2929 2930 2931
f 2929 2932 2930
f 2934 2893 2892
f 2934 2938 2893
f 2938 2901 2893
f 2938 2931 2901
f 2939 2931 2938
f 2939 2929 2931
f 2937 2938 2934
f 2937 2939 2938
f 2941 3169 2942
f 3184 3178 3169
f 4278 3168 4277
f 2940 3168 4278
f 3178 3057 3170
f 3173 3182 3185
f 3169 2941 3184
f 3171 3158 3172
f 3184 2941 3180
f 3180 3178 3184
f 3172 3182 3171
f 3057 3178 3177
f 3177 3178 3179
f 3178 3180 3181
f 3181 3179 3178
f 4277 3168 4276
f 3168 2942 3169
f 3182 3173 3181
f 3170 3169 3178
f 3181 3171 3182
f 3176 3170 3057
f 4269 4273 4268
f 4270 4273 4269
f 3169 3170 3168
f 2941 2942 2940
f 3057 3056 3176
f 4256 3173 4257
f 3171 3181 3180
f 3179 3181 3173
f 4275 4276 3168
f 3158 3180 2941
f 3180 3158 3171
f 3185 4257 3173
f 3168 2940 2942
f 4265 3056 4264
f 4271 3176 4274
f 3170 3176 4271
f 3179 4261 3177
f 4260 3177 4261
f 4261 3179 4262
f 4258 3173 4256
f 4259 3173 4258
f 4263 3173 4259
f 4262 3173 4263
f 4264 3057 4260
f 4273 4274 3176
f 4266 3056 4265
f 4267 3056 4266
f 4267 3176 3056
f 4268 3176 4267
f 3168 4272 4275
f 3168 3170 4272
f 4271 4272 3170
f 3057 4264 3056
f 3176 4268 4273
f 3177 4260 3057
f 3173 4262 3179
f 3186 4090 3117
f 3186 4086 4091
f 3186 4091 4087
f 4081 3117 4090
f 3186 4087 4088
f 3186 4088 4090
f 2202 3159 2413
f 2189 3158 2941
f 2202 2165 2164
f 2165 2413 2174
f 2202 2413 2165
f 3156 3158 2189
f 2941 2202 2182
f 2346 4302 2341
f 2413 2437 2414
f 297 300 339
f 288 4289 297
f 2341 4301 2342
f 352 349 354
f 3159 2202 2940
f 2941 2182 2181
f 4290 297 4289
f 4291 297 4290
f 4292 297 4291
f 300 297 4292
f 2437 4307 2435
f 2435 4306 2345
f 2413 4308 2437
f 2437 2435 2434
f 2254 2686 2685
f 2941 2181 2189
f 3158 3156 3157
f 2941 2940 2202
f 2254 2685 2689
f 2678 2684 2679
f 2731 2679 2687
f 2670 2269 2671
f 2729 4294 2670
f 2671 2257 2688
f 2254 2690 2682
f 2255 2684 2257
f 2254 2687 2679
f 2257 2730 2688
f 2690 2254 2689
f 2730 2257 2684
f 2681 2692 2687
f 2679 2680 2678
f 2254 2679 2683
f 2683 2679 2684
f 2257 2671 2269
f 2687 2254 2681
f 2691 2684 2678
f 2254 2682 2681
f 2254 2683 2255
f 2684 2255 2683
f 352 353 4279
f 586 349 357
f 361 354 348
f 4285 360 350
f 360 4282 359
f 360 4285 4282
f 356 517 358
f 517 356 354
f 351 362 357
f 339 356 358
f 4286 350 351
f 354 353 352
f 353 354 356
f 348 354 349
f 356 339 300
f 4280 4279 353
f 4281 355 359
f 349 347 348
f 357 4287 351
f 357 4283 4287
f 4284 349 352
f 4281 4288 355
f 4283 357 349
f 4298 2670 4294
f 4296 2670 4298
f 4295 2670 4296
f 2269 2670 4295
f 4300 2342 4303
f 4299 2342 4300
f 4309 2342 4299
f 2940 4278 3159
f 4301 2341 4302
f 4304 3159 4278
f 4305 2345 4306
f 4307 2437 4308
f 4302 2346 4305
f 4308 3159 4304
f 4308 2413 3159
f 4306 2435 4307
f 4167 2342 4301
f 4303 2342 4167
f 2345 4305 2346
f 351 4287 4286
f 349 4284 4283
f 352 4279 4284
f 350 4286 4285
f 359 4282 4281
f 3163 3167 3161
f 2147 3161 3164
f 3165 2105 2091
f 3167 3164 3161
f 3164 2145 2147
f 2297 2294 3160
f 3166 3162 3160
f 3162 2299 2297
f 3165 3160 2105
f 2426 2299 3162
f 3165 2091 2093
f 2297 3160 3162
f 2201 2185 2187
f 3059 3156 3061
f 3162 2425 2426
f 2294 2296 3160
f 3161 2147 2170
f 2112 2195 3165
f 3165 2093 2112
f 3156 2189 2188
f 3165 3166 3160
f 2289 2103 3160
f 3162 2452 2425
f 3162 3163 3161
f 3062 3061 3156
f 2188 3062 3156
f 2170 2446 3161
f 3160 2296 2289
f 3161 2446 2452
f 3160 2103 2105
f 3162 3161 2452
f 3191 3197 3189
f 3189 3198 3201
f 3200 3197 3191
f 3198 3189 3197
f 3199 3157 3201
f 3198 3182 3199
f 3182 3196 3185
f 4162 3197 4043
f 3189 3201 3204
f 3204 3201 3157
f 4161 3196 4160
f 4164 3196 4161
f 4165 3196 4164
f 4257 3196 4165
f 3185 3196 4257
f 3182 3198 3196
f 3199 3201 3198
f 3158 3157 3199
f 3158 3199 3172
f 3172 3199 3182
f 3197 3196 3198
f 3197 4162 3196
f 3200 4043 3197
f 4160 3196 4162
f 3193 4311 4313
f 2204 3193 4313
f 3167 2240 2232
f 2232 3194 3167
f 3163 3203 3167
f 2240 3167 3059
f 3059 3167 3203
f 3191 3190 3200
f 3203 3163 3162
f 3189 3188 3190
f 3187 3203 3188
f 4085 4086 3186
f 3167 3194 2218
f 3156 3059 3203
f 3188 3189 3187
f 3157 3156 3203
f 3166 3202 3162
f 3202 3166 3165
f 3190 3202 3165
f 3162 3188 3203
f 3203 3187 3157
f 3202 3190 3188
f 3188 3162 3202
f 3187 3204 3157
f 3190 3191 3189
f 3165 3200 3190
f 3204 3187 3189
f 3193 4312 4311
f 2235 4313 4314
f 3192 2218 3194
f 2231 3192 2232
f 3193 2204 3192
f 2235 4314 4315
f 3192 2231 3193
f 2218 3192 2204
f 3194 2232 3192
f 4312 3193 2231
f 4313 2235 2204
f 3186 4083 4084
f 3186 3117 4083
f 4083 3117 4078
f 4315 4318 2235
f 4318 4316 2236
f 3186 4084 4085
f 4317 2207 4316
f 2236 2235 4318
f 2236 4316 2207
f 3116 3142 4319
f 3113 2207 3142
f 4319 3142 4317
f 4078 3117 4079
f 2207 4317 3142
f 2222 2207 3113
f 2218 2203 3167
f 2216 3167 2203
f 3167 2146 3164
f 2145 3164 2146
f 2447 2176 2449
f 2176 2175 2449
f 2428 2438 2216
f 2449 2175 2438
f 2175 2168 2438
f 2438 2168 2216
f 2146 3167 2168
f 2168 3167 2216
f 2431 2216 2215
f 2431 2433 2216
f 2433 2429 2216
f 2429 2428 2216
f 2141 2180 2139
f 2362 2288 2210
f 2401 2406 2400
f 2368 2228 2360
f 2371 2228 2368
f 2151 2450 2152
f 3072 3073 3138
f 2157 2143 2161
f 3072 2371 2366
f 2394 2445 2407
f 2265 2405 2268
f 2394 2407 2396
f 2406 2396 2407
f 2215 2441 2440
f 2223 2228 2371
f 2403 2406 2401
f 2389 2440 2442
f 2398 2396 2406
f 2389 2442 2445
f 2445 2394 2389
f 4327 3075 3137
f 2154 2185 2201
f 3068 3067 3071
f 2185 2154 2186
f 2212 2222 3114
f 2222 3122 3124
f 3155 4325 4326
f 3137 4326 4327
f 2215 2274 2402
f 2440 2389 2444
f 2440 2444 2215
f 2179 2151 2177
f 4079 3117 4082
f 2215 2444 2432
f 2444 2389 2390
f 2215 2217 2274
f 3104 3103 3154
f 3154 3067 3104
f 2215 2402 2441
f 2394 2396 2395
f 2404 2408 2391
f 2405 2265 2408
f 2394 2395 2404
f 2408 2404 2405
f 2155 2194 2186
f 2180 2141 2156
f 2143 2157 2141
f 4324 3120 3065
f 2268 2405 2385
f 2194 2192 2191
f 2179 2451 2450
f 2408 2265 2417
f 3116 3115 3119
f 3115 4328 4329
f 2399 2398 2403
f 2210 2237 2361
f 2369 2370 3073
f 3066 3065 3121
f 3122 3113 3111
f 3111 3125 3123
f 3066 3108 3107
f 2222 3113 3122
f 3109 3066 3111
f 3067 3069 3106
f 2222 3124 3070
f 3065 4330 4324
f 3122 3111 3123
f 3118 3106 3069
f 3069 3067 3068
f 3114 2222 3099
f 3115 4319 4328
f 3116 4319 3115
f 3111 3112 3110
f 3111 3113 3112
f 3111 3110 3109
f 2212 3114 3100
f 3096 2212 3097
f 2194 2155 2192
f 2150 2149 2155
f 2192 2155 2149
f 2450 2151 2179
f 2448 2178 2447
f 2141 2144 2143
f 2141 2142 2144
f 2371 2363 2223
f 2451 2179 2178
f 2155 2186 2154
f 2369 3073 3072
f 3067 3106 3105
f 3107 4331 4332
f 3120 4324 4325
f 4325 3155 3120
f 3072 2366 2369
f 3104 3101 3103
f 3102 3103 3101
f 2406 2403 2398
f 3066 3109 3108
f 3066 4332 4333
f 3066 4333 4330
f 3105 3104 3067
f 2368 2360 2367
f 4082 3117 4081
f 2394 2404 2391
f 2215 2432 2431
f 3102 3101 3134
f 2447 2178 2176
f 2391 2387 2394
f 2222 3071 3099
f 3097 3095 3096
f 3100 3097 2212
f 2212 3096 3098
f 2210 2361 2362
f 2210 2288 2219
f 2178 2448 2451
f 2156 2141 2157
f 2386 2394 2387
f 2371 3072 2363
f 3071 2222 3068
f 4321 3134 4322
f 4321 3064 3134
f 3070 3068 2222
f 3074 3064 4321
f 4326 3137 3155
f 4332 3066 3107
f 4330 3065 3066
f 4334 2229 4335
f 2229 4334 2231
f 4312 2231 4334
f 2229 2225 4335
f 4336 4335 2225
f 3075 4327 3063
f 3064 3074 3063
f 3060 3064 3063
f 3060 3063 4327
f 2225 3060 4336
f 4327 4336 3060
f 2225 2234 3060
f 2230 2229 2232
f 2240 3059 2241
f 2266 2241 3059
f 2231 2232 2229
f 2232 2240 2241
f 2266 2230 2241
f 2229 2230 2225
f 2232 2241 2230
f 3062 2188 2190
f 3059 3061 2190
f 3061 3062 2190
f 2191 2193 2198
f 2194 2191 2198
f 2196 2194 2198
f 2266 2161 2162
f 2157 2161 2266
f 2163 2157 2266
f 2200 2163 2266
f 2197 2200 2266
f 2196 2198 2197
f 2190 2196 2197
f 2190 2197 2266
f 3059 2190 2266
f 2138 3091 2136
f 2138 3092 3091
f 3092 3093 3091
f 3092 3084 3093
f 3086 3084 3092
f 3086 3079 3084
f 2132 3092 2138
f 2132 3086 3092
f 3084 3094 3093
f 3084 3083 3094
f 3083 3090 3094
f 3083 3082 3090
f 3078 3082 3083
f 3078 3081 3082
f 3079 3083 3084
f 3079 3078 3083
f 3076 3078 3079
f 3076 3077 3078
f 3077 3081 3078
f 3077 3080 3081
f 3087 3080 3077
f 3087 3088 3080
f 3089 3077 3076
f 3089 3087 3077
f 2125 3086 2132
f 2125 3085 3086
f 3085 3079 3086
f 3085 3076 3079
f 3141 3076 3085
f 3141 3089 3076
f 2124 3085 2125
f 2124 3141 3085
f 3082 3150 3090
f 3082 3149 3150
f 3149 3151 3150
f 3149 3143 3151
f 3152 3143 3149
f 3152 3144 3143
f 3081 3149 3082
f 3081 3152 3149
f 3143 3146 3151
f 3116 3119 3146
f 3143 3142 3116
f 3143 3116 3146
f 3119 3115 3146
f 4077 3146 4339
f 3115 4339 3146
f 3115 4329 4339
f 3147 3109 3110
f 3147 3108 3109
f 3144 3113 3143
f 3113 3142 3143
f 3144 3112 3113
f 3144 3110 3112
f 3144 3147 3110
f 3125 3111 3144
f 3111 3147 3144
f 3111 3066 3147
f 3066 3121 3147
f 3121 3148 3147
f 3148 3108 3147
f 3148 3107 3108
f 4340 3107 3148
f 3107 4340 4331
f 3148 4341 4340
f 4341 3148 4342
f 3136 4342 3148
f 3136 4343 4342
f 3065 3120 3148
f 3065 3148 3121
f 3120 3155 3148
f 3155 3137 3148
f 3137 3136 3148
f 3080 3152 3081
f 3124 3122 3152
f 3080 3124 3152
f 3144 3152 3123
f 3122 3123 3152
f 3123 3125 3144
f 3069 3153 3118
f 3153 3105 3106
f 3153 3106 3118
f 3088 3068 3080
f 3068 3070 3080
f 3070 3124 3080
f 3068 3088 3069
f 3088 3153 3069
f 3071 3067 3088
f 3067 3154 3088
f 3154 3153 3088
f 3102 3134 3153
f 3103 3102 3153
f 3154 3103 3153
f 3134 3101 3153
f 3101 3104 3153
f 3104 3105 3153
f 3074 3135 3063
f 4321 4322 3135
f 3074 4321 3135
f 3134 3135 4322
f 3135 3134 3132
f 3132 3129 3135
f 3134 3064 3132
f 3060 3132 3064
f 3063 3135 3075
f 3075 3135 3137
f 3135 3136 3137
f 3135 3133 3136
f 4343 3136 4344
f 3133 4344 3136
f 3133 4345 4344
f 4345 3133 4346
f 3128 4346 3133
f 3128 4347 4346
f 3129 3133 3135
f 3129 3128 3133
f 3127 3128 3129
f 3127 3126 3128
f 4347 3128 4348
f 3126 4348 3128
f 3126 4349 4348
f 4349 3126 4350
f 2377 4350 3126
f 2377 4351 4350
f 2375 3126 3127
f 2375 2377 3126
f 3131 3132 3060
f 2234 3131 3060
f 3131 3130 3132
f 3130 3129 3132
f 3130 3127 3129
f 2374 3127 3130
f 2374 2375 3127
f 2357 3130 3131
f 2357 2374 3130
f 2286 3141 2124
f 2286 3140 3141
f 3140 3089 3141
f 3140 3139 3089
f 2206 2211 3140
f 2211 2212 3140
f 2212 3098 3139
f 2212 3139 3140
f 3098 3096 3139
f 3096 3095 3139
f 2276 3140 2286
f 2214 2206 3140
f 2276 2214 3140
f 3139 3087 3089
f 3100 3114 3087
f 3139 3100 3087
f 3114 3099 3087
f 3099 3088 3087
f 3099 3071 3088
f 3095 3097 3139
f 3097 3100 3139
f 2364 3073 2370
f 2364 3138 3073
f 2364 2363 3072
f 2364 3072 3138
f 2224 2365 2226
f 2226 2365 2233
f 2233 2365 2234
f 2365 3131 2234
f 2358 3131 2365
f 2358 2357 3131
f 2223 2351 2224
f 2351 2365 2224
f 2351 2223 2364
f 2223 2363 2364
f 2351 2358 2365
f 2288 2362 2276
f 2362 2361 2276
f 2361 2237 2276
f 2237 2213 2276
f 2213 2214 2276
f 2369 2364 2370
f 2366 2364 2369
f 2368 2354 2371
f 2371 2354 2366
f 2354 2364 2366
f 2354 2351 2364
f 2367 2354 2368
f 2360 2354 2367
f 2360 2228 2354
f 2228 2350 2354
f 2227 2350 2228
f 2238 2350 2227
f 2350 2351 2354
f 2350 2349 2351
f 2348 2349 2350
f 2348 2353 2349
f 2352 2350 2238
f 2239 2352 2238
f 2352 2348 2350
f 2349 2358 2351
f 2349 2355 2358
f 2355 2357 2358
f 2355 2356 2357
f 2359 2356 2355
f 2359 2326 2356
f 2353 2355 2349
f 2353 2359 2355
f 2380 2359 2353
f 2380 2379 2359
f 2379 2326 2359
f 2379 2324 2326
f 2329 2324 2379
f 2329 2318 2324
f 2330 2379 2380
f 2330 2329 2379
f 2381 2348 2352
f 2381 2378 2348
f 2378 2353 2348
f 2378 2380 2353
f 2340 2380 2378
f 2340 2330 2380
f 2347 2378 2381
f 2347 2340 2378
f 2356 2374 2357
f 2356 2373 2374
f 2373 2375 2374
f 2373 2372 2375
f 2325 2372 2373
f 2325 2322 2372
f 2326 2373 2356
f 2326 2325 2373
f 2372 2377 2375
f 2372 2376 2377
f 4351 2377 4352
f 2376 4352 2377
f 2376 4353 4352
f 4353 2376 4354
f 2321 4354 2376
f 2321 4356 4355
f 2321 4355 4354
f 2322 2376 2372
f 2322 2321 2376
f 2320 2321 2322
f 2320 2319 2321
f 4356 2321 4357
f 2319 4357 2321
f 2319 4358 4357
f 4358 2319 4359
f 2312 4359 2319
f 2312 4360 4359
f 2313 2319 2320
f 2313 2312 2319
f 2324 2325 2326
f 2324 2323 2325
f 2323 2322 2325
f 2323 2320 2322
f 2314 2320 2323
f 2314 2313 2320
f 2318 2323 2324
f 2318 2314 2323
f 2308 2314 2318
f 2308 2307 2314
f 2307 2313 2314
f 2307 2311 2313
f 2309 2311 2307
f 2309 2310 2311
f 2306 2307 2308
f 2306 2309 2307
f 2311 2312 2313
f 2311 2315 2312
f 4360 2312 4361
f 2315 4361 2312
f 2315 4362 4361
f 4362 2315 4363
f 2316 4363 2315
f 2316 4364 4363
f 2310 2315 2311
f 2310 2316 2315
f 2317 2316 2310
f 2317 2327 2316
f 4364 2316 4365
f 2327 4365 2316
f 2327 4366 4365
f 4366 2327 4367
f 2342 4367 2327
f 2342 4309 4367
f 2341 2327 2317
f 2341 2342 2327
f 2343 2309 2306
f 2343 2344 2309
f 2344 2310 2309
f 2344 2317 2310
f 2346 2317 2344
f 2346 2341 2317
f 2345 2344 2343
f 2345 2346 2344
f 2335 2340 2347
f 2335 2333 2340
f 2333 2330 2340
f 2333 2328 2330
f 2332 2328 2333
f 2332 2336 2328
f 2331 2333 2335
f 2331 2332 2333
f 2328 2329 2330
f 2328 2334 2329
f 2334 2318 2329
f 2334 2308 2318
f 2338 2308 2334
f 2338 2306 2308
f 2336 2334 2328
f 2336 2338 2334
f 2337 2338 2336
f 2337 2339 2338
f 2339 2306 2338
f 2339 2343 2306
f 2435 2343 2339
f 2435 2345 2343
f 2434 2339 2337
f 2434 2435 2339
f 2415 2332 2331
f 2415 2436 2332
f 2436 2336 2332
f 2436 2337 2336
f 2437 2337 2436
f 2437 2434 2337
f 2414 2436 2415
f 2414 2437 2436
f 2426 2301 2299
f 2426 2424 2301
f 2424 2290 2301
f 2424 2419 2290
f 2422 2419 2424
f 2422 2423 2419
f 2425 2424 2426
f 2425 2422 2424
f 2419 2291 2290
f 2419 2420 2291
f 2420 2280 2291
f 2420 2421 2280
f 2427 2421 2420
f 2431 2432 2421
f 2427 2433 2431
f 2427 2431 2421
f 2423 2420 2419
f 2423 2427 2420
f 2430 2427 2423
f 2428 2429 2427
f 2430 2438 2428
f 2430 2428 2427
f 2429 2433 2427
f 2153 2447 2430
f 2447 2449 2430
f 2449 2438 2430
f 2447 2153 2448
f 2153 2451 2448
f 2153 2450 2451
f 2153 2152 2450
f 2452 2446 2422
f 2452 2422 2425
f 2446 2443 2422
f 2443 2423 2422
f 2443 2430 2423
f 2169 2430 2443
f 2169 2153 2430
f 2170 2443 2446
f 2170 2169 2443
f 2421 2278 2280
f 2421 2439 2278
f 2439 2273 2278
f 2440 2441 2273
f 2439 2440 2273
f 2388 2440 2439
f 2388 2442 2440
f 2388 2445 2442
f 2388 2407 2445
f 2388 2392 2407
f 2432 2444 2421
f 2444 2439 2421
f 2444 2390 2439
f 2390 2388 2439
f 2441 2402 2273
f 2402 2274 2273
f 2400 2397 2401
f 2401 2397 2403
f 2403 2397 2399
f 2397 2398 2399
f 2395 2396 2397
f 2396 2398 2397
f 2272 2352 2239
f 2407 2392 2406
f 2406 2392 2400
f 2392 2397 2400
f 2404 2395 2397
f 2392 2404 2397
f 2384 2404 2392
f 2384 2405 2404
f 2384 2385 2405
f 2268 2382 2267
f 2384 2382 2268
f 2384 2268 2385
f 2267 2382 2264
f 2264 2382 2272
f 2382 2352 2272
f 2382 2381 2352
f 2383 2381 2382
f 2383 2347 2381
f 2393 2382 2384
f 2393 2383 2382
f 2394 2386 2388
f 2389 2394 2388
f 2389 2388 2390
f 2386 2387 2388
f 2387 2391 2388
f 2391 2392 2388
f 2391 2408 2392
f 2408 2417 2392
f 2417 2384 2392
f 2263 2416 2265
f 2265 2384 2417
f 2265 2416 2384
f 2416 2393 2384
f 2262 2416 2263
f 2159 2416 2262
f 2162 2159 2262
f 2159 2418 2416
f 2418 2393 2416
f 2418 2410 2393
f 2173 2410 2418
f 2173 2172 2410
f 2160 2418 2159
f 2160 2173 2418
f 2410 2383 2393
f 2410 2409 2383
f 2409 2347 2383
f 2409 2335 2347
f 2411 2335 2409
f 2411 2331 2335
f 2172 2409 2410
f 2172 2411 2409
f 2171 2411 2172
f 2171 2412 2411
f 2412 2331 2411
f 2412 2415 2331
f 2413 2415 2412
f 2413 2414 2415
f 2174 2412 2171
f 2174 2413 2412
f 2167 2173 2160
f 2167 2166 2173
f 2166 2172 2173
f 2166 2171 2172
f 2165 2171 2166
f 2165 2174 2171
f 2164 2166 2167
f 2164 2165 2166
f 2147 2169 2170
f 2146 2168 2169
f 2147 2146 2169
f 2176 2178 2153
f 2178 2179 2153
f 2179 2177 2153
f 2168 2175 2169
f 2175 2176 2169
f 2176 2153 2169
f 2177 2151 2153
f 2155 2148 2150
f 2148 2149 2150
f 2145 2146 2147
f 2154 2148 2155
f 2151 2152 2153
f 2141 2140 2142
f 2139 2140 2141
f 2140 2144 2142
f 2140 2143 2144
f 2140 2161 2143
f 2161 2159 2162
f 2140 2159 2161
f 2163 2158 2157
f 2157 2158 2159
f 2156 2157 2140
f 2157 2159 2140
f 2158 2160 2159
f 2180 2140 2139
f 2180 2156 2140
f 2200 2158 2163
f 2197 2158 2200
f 2193 2183 2198
f 2198 2183 2197
f 2183 2158 2197
f 2183 2199 2158
f 2199 2160 2158
f 2199 2167 2160
f 2202 2167 2199
f 2202 2164 2167
f 2182 2199 2183
f 2182 2202 2199
f 2201 2187 2154
f 2187 2148 2154
f 2187 2184 2148
f 2184 2192 2148
f 2192 2149 2148
f 2184 2191 2192
f 2191 2183 2193
f 2184 2183 2191
f 2181 2183 2184
f 2181 2182 2183
f 2188 2189 2190
f 2185 2186 2187
f 2186 2184 2187
f 2190 2189 2196
f 2196 2189 2194
f 2186 2194 2184
f 2194 2181 2184
f 2189 2181 2194
f 2112 2117 2195
f 2112 2111 2117
f 2111 2116 2117
f 2111 2113 2116
f 2092 2113 2111
f 2092 2098 2113
f 2093 2111 2112
f 2093 2092 2111
f 2113 2114 2115
f 2115 2116 2113
f 2114 2109 2115
f 2114 2106 2109
f 2110 2106 2114
f 2110 2100 2106
f 2098 2114 2113
f 2098 2110 2114
f 2101 2110 2098
f 2101 2096 2110
f 2096 2100 2110
f 2096 2099 2100
f 2095 2099 2096
f 2095 2102 2099
f 2094 2096 2101
f 2094 2095 2096
f 2091 2092 2093
f 2091 2097 2092
f 2097 2098 2092
f 2097 2101 2098
f 2104 2101 2097
f 2104 2094 2101
f 2105 2103 2097
f 2105 2097 2091
f 2103 2104 2097
f 2106 2108 2109
f 2106 2107 2108
f 2107 2118 2108
f 2107 2133 2118
f 2120 2133 2107
f 2120 2122 2133
f 2100 2107 2106
f 2100 2120 2107
f 2133 2134 2118
f 2133 2135 2134
f 2135 2136 2134
f 2135 2138 2136
f 2137 2138 2135
f 2137 2132 2138
f 2122 2135 2133
f 2122 2137 2135
f 2121 2137 2122
f 2121 2126 2137
f 2126 2132 2137
f 2126 2125 2132
f 2123 2125 2126
f 2123 2124 2125
f 2127 2126 2121
f 2127 2123 2126
f 2099 2120 2100
f 2099 2119 2120
f 2119 2122 2120
f 2119 2121 2122
f 2130 2121 2119
f 2130 2127 2121
f 2102 2119 2099
f 2102 2130 2119
f 2128 2130 2102
f 2128 2129 2130
f 2129 2127 2130
f 2129 2131 2127
f 2282 2131 2129
f 2282 2284 2131
f 2283 2129 2128
f 2283 2282 2129
f 2131 2123 2127
f 2131 2285 2123
f 2285 2124 2123
f 2285 2286 2124
f 2287 2286 2285
f 2287 2276 2286
f 2284 2285 2131
f 2284 2287 2285
f 2277 2287 2284
f 2277 2275 2287
f 2275 2276 2287
f 2219 2288 2276
f 2275 2209 2208
f 2275 2208 2219
f 2275 2219 2276
f 2221 2209 2275
f 2273 2275 2277
f 2220 2221 2275
f 2273 2274 2217
f 2273 2217 2220
f 2273 2220 2275
f 2281 2282 2283
f 2281 2279 2282
f 2279 2284 2282
f 2279 2277 2284
f 2278 2277 2279
f 2278 2273 2277
f 2280 2279 2281
f 2280 2278 2279
f 2289 2104 2103
f 2289 2303 2104
f 2303 2094 2104
f 2303 2304 2094
f 2295 2304 2303
f 2295 2302 2304
f 2296 2303 2289
f 2296 2295 2303
f 2304 2095 2094
f 2304 2305 2095
f 2305 2102 2095
f 2305 2128 2102
f 2298 2128 2305
f 2298 2283 2128
f 2302 2305 2304
f 2302 2298 2305
f 2293 2298 2302
f 2293 2292 2298
f 2292 2283 2298
f 2292 2281 2283
f 2291 2281 2292
f 2291 2280 2281
f 2290 2292 2293
f 2290 2291 2292
f 2294 2297 2295
f 2294 2295 2296
f 2297 2300 2295
f 2300 2302 2295
f 2300 2293 2302
f 2301 2293 2300
f 2301 2290 2293
f 2299 2300 2297
f 2299 2301 2300
f 2225 2233 2234
f 2226 2233 2225
f 2224 2226 2225
f 2223 2224 2225
f 2228 2223 2225
f 2227 2228 2225
f 2230 2239 2238
f 2238 2227 2225
f 2230 2238 2225
f 2205 2204 2236
f 2216 2203 2205
f 2235 2236 2204
f 2236 2207 2205
f 2204 2203 2218
f 2204 2205 2203
f 2237 2210 2213
f 2210 2205 2213
f 2212 2207 2222
f 2212 2211 2207
f 2211 2206 2207
f 2214 2213 2206
f 2213 2205 2206
f 2206 2205 2207
f 2208 2205 2210
f 2208 2209 2205
f 2209 2221 2205
f 2221 2220 2205
f 2220 2216 2205
f 2215 2216 2217
f 2217 2216 2220
f 2219 2208 2210
f 2265 2268 2267
f 2265 2267 2264
f 2263 2265 2264
f 2262 2263 2264
f 2266 2262 2264
f 2266 2162 2262
f 2230 2272 2239
f 2264 2272 2230
f 2266 2264 2230
f 2733 2732 2254
f 2734 2733 2254
f 2641 2720 2250
f 2725 2735 2254
f 2543 2642 2712
f 2726 2724 2723
f 2253 2499 2498
f 2717 2711 2718
f 2735 2734 2254
f 2722 2727 2254
f 2250 2252 2641
f 2728 2250 2720
f 2724 2726 2254
f 2254 2726 2725
f 2254 2727 2724
f 2250 2728 2722
f 2253 2718 2642
f 2724 2728 2719
f 2718 2713 2642
f 2719 2720 2641
f 2253 2498 2717
f 2713 2718 2711
f 2253 2717 2718
f 2711 2717 2498
f 2650 2612 2611
f 2686 2254 2732
f 2728 2724 2727
f 2727 2722 2728
f 2720 2719 2728
f 2723 2725 2726
f 2719 2723 2724
f 2644 2611 2719
f 2641 2644 2719
f 2253 2642 2641
f 2647 2650 2611
f 2642 2713 2712
f 2713 2711 2712
f 2533 2712 2498
f 2644 2647 2611
f 4231 2641 2252
f 2578 2543 2712
f 2711 2498 2712
f 2641 4231 4232
f 2641 4232 4233
f 2641 4233 2253
f 2706 2707 2655
f 2709 2706 2655
f 2676 2709 2655
f 2659 2676 2655
f 2675 2659 2677
f 2663 2694 2667
f 2655 2660 2659
f 2655 2708 2656
f 2663 2669 2661
f 2474 2473 2670
f 2661 2662 2663
f 2662 2710 2705
f 2473 2483 2670
f 2483 2462 2670
f 2708 2655 2707
f 2663 2693 2694
f 2693 2663 2705
f 2662 2705 2663
f 2670 2671 2474
f 2659 2675 2676
f 2669 2663 2659
f 2668 2677 2659
f 2672 2673 2674
f 2663 2667 2659
f 2667 2668 2659
f 2665 2657 2664
f 2666 2664 2657
f 2660 2655 2657
f 2658 2666 2657
f 2655 2656 2657
f 2656 2658 2657
f 2771 4372 3939
f 2771 4371 2773
f 2775 3434 2774
f 4368 3551 4370
f 3944 4376 3943
f 4372 4376 3944
f 2771 4376 4372
f 2774 2729 2775
f 4376 2771 3408
f 3615 3614 4294
f 3317 3309 3942
f 4375 3788 2774
f 4374 3434 3796
f 2774 3434 4374
f 4295 4296 3614
f 4255 2729 3794
f 3939 3945 2771
f 2773 3408 2771
f 3949 4255 3953
f 3948 4255 3949
f 4294 4255 3948
f 2729 4255 4294
f 3922 3953 4255
f 2774 3789 4375
f 2774 4374 3789
f 3607 3942 3309
f 4368 3367 3946
f 4370 3367 4368
f 3367 2771 4369
f 4371 2771 3367
f 3692 4964 670
f 3523 3796 3434
f 3794 2774 3788
f 2729 2774 3794
f 4296 4298 3614
f 4298 4294 3614
f 2269 4295 3614
f 3947 2771 3945
f 4369 2771 3947
f 3402 2773 4371
f 3552 4370 3551
f 3317 3943 4376
f 3942 3943 3317
f 4369 3946 3367
f 3455 3453 3449
f 3436 3453 3455
f 3403 3438 3386
f 3403 3435 3438
f 3432 3436 3433
f 3388 3426 3418
f 3432 3402 3401
f 3454 3437 3410
f 3386 3438 3387
f 1155 1151 1153
f 1159 1151 1155
f 3436 3435 3453
f 3418 3426 3403
f 3426 3449 3453
f 3426 3453 3435
f 3435 3403 3426
f 3409 3408 3431
f 3399 3409 3410
f 3401 3399 3432
f 3410 3437 3399
f 3450 3437 3454
f 3431 3410 3409
f 3435 3436 3437
f 3436 3432 3399
f 3437 3438 3435
f 3420 3410 3431
f 3399 3437 3436
f 3450 3387 3437
f 3388 3449 3426
f 3437 3387 3438
f 2700 3420 3408
f 3433 3434 3432
f 3431 3408 3420
f 3434 2779 2772
f 2775 2779 3434
f 2777 2659 2789
f 2729 2670 2770
f 2660 2789 2659
f 2789 2778 2777
f 2729 2779 2775
f 2781 2661 2780
f 2659 2777 2770
f 2785 2781 2786
f 2661 2776 2780
f 2657 2789 2660
f 2578 2785 2787
f 2712 2784 2578
f 2779 2770 2777
f 2786 2780 2776
f 2787 2786 2577
f 2657 2778 2789
f 2780 2786 2781
f 2785 2578 2784
f 2729 2770 2779
f 2577 2578 2787
f 2786 2787 2785
f 3408 2778 2700
f 2773 2778 3408
f 2772 2777 2778
f 2462 2479 2661
f 2777 2772 2779
f 3402 2778 2773
f 2772 2778 3402
f 2776 2577 2786
f 2462 2770 2670
f 2669 2770 2661
f 2657 2700 2778
f 2776 2661 2479
f 2661 2770 2462
f 2659 2770 2669
f 1147 1155 1156
f 1151 1159 1158
f 1159 1147 1149
f 1155 1147 1159
f 2772 3432 3434
f 3402 3432 2772
f 2783 2533 2782
f 2533 2783 2712
f 2784 2712 2783
f 2505 2504 2533
f 2540 2782 2504
f 2504 2782 2533
f 2518 2782 2540
f 2744 2661 2788
f 2788 2661 2781
f 2662 2746 2710
f 2661 2746 2662
f 2749 2747 2748
f 2747 2745 2748
f 2750 2742 2744
f 2748 2745 2742
f 2745 2743 2742
f 2742 2743 2744
f 2746 2661 2743
f 2743 2661 2744
f 2588 2757 2744
f 2757 2758 2744
f 2758 2759 2744
f 2759 2750 2744
f 3285 3423 3284
f 3284 3286 3285
f 3274 3442 3289
f 3279 3430 3423
f 3282 3283 3284
f 3285 3286 3287
f 3274 3424 3443
f 3423 3446 3447
f 3423 3428 3427
f 3423 3447 3439
f 3274 3425 3424
f 3423 3285 3446
f 3441 3445 3423
f 3445 3422 3423
f 3282 3284 3423
f 3440 3441 3423
f 3430 3440 3423
f 3692 4963 822
f 3442 3282 3289
f 3274 3443 3442
f 3423 3427 3279
f 3423 3439 3429
f 4430 4416 4429
f 3279 3277 3430
f 3423 3429 3428
f 3423 3422 3289
f 3423 3289 3282
f 4432 4429 4416
f 4436 4432 4416
f 4413 4436 4416
f 2769 2763 2538
f 2765 2740 2755
f 2587 2768 2588
f 2654 2651 2653
f 2520 2581 2596
f 2639 2654 2520
f 2768 2752 2588
f 2538 2751 2539
f 2764 2567 2566
f 2521 2522 2520
f 2596 2639 2520
f 4471 4470 4472
f 2564 4471 4472
f 2654 2653 2520
f 2593 2591 2592
f 2592 2756 2741
f 2591 2593 2767
f 2765 2766 2740
f 2740 2545 2755
f 2765 2755 2754
f 2539 2537 2538
f 2672 2598 2529
f 2543 2541 2542
f 2528 2529 2598
f 2752 2538 2763
f 2752 2763 2588
f 2475 2528 2527
f 2582 2749 2761
f 2760 2588 2763
f 2597 2596 2581
f 2562 2643 2642
f 2642 2543 2562
f 2562 2502 2501
f 2562 2501 2643
f 4384 4390 4393
f 2582 2761 2583
f 2588 2760 2757
f 2517 2522 2518
f 2567 2583 2568
f 2531 2632 2762
f 2554 2552 2553
f 2582 2747 2749
f 2654 2565 2651
f 2562 2525 2502
f 2565 2652 2651
f 2525 2503 2502
f 2533 2497 2505
f 2540 2526 2518
f 2525 2540 2640
f 2540 2525 2526
f 2525 2640 2503
f 4420 4409 4410
f 4420 4410 4418
f 2591 2548 2592
f 2740 2544 2545
f 2537 2539 2739
f 2739 2592 2548
f 2589 2587 2588
f 2592 2741 2593
f 2538 2752 2751
f 2753 2754 2755
f 2530 2626 2531
f 2543 2542 2562
f 2567 2582 2583
f 2623 2552 2554
f 2623 2554 2570
f 2623 2570 2574
f 2737 2572 2573
f 2672 2674 2598
f 2537 2739 2548
f 2572 2737 2738
f 2547 2545 2537
f 2548 2547 2537
f 2521 2518 2522
f 2634 2541 2543
f 2636 2634 2543
f 2519 2517 2518
f 2579 2636 2543
f 2632 2531 2626
f 2535 2536 2534
f 2566 2568 2736
f 2572 2586 2585
f 2571 2534 2631
f 2581 2520 2522
f 2534 2571 2535
f 2568 2566 2567
f 2532 2530 2531
f 2565 2648 2652
f 2489 2573 2572
f 2595 2594 2528
f 2572 2585 2556
f 2489 2556 2487
f 2556 2489 2572
f 2590 2589 2588
f 2594 2527 2528
f 2584 2535 2571
f 2564 4472 2580
f 4401 4402 4398
f 2570 2584 2571
f 2569 2574 2570
f 2533 2498 2497
f 2497 2506 2505
f 1152 4440 4442
f 1152 4442 4441
f 1152 4441 4444
f 2558 2559 2560
f 2518 2521 2557
f 2571 2569 2570
f 4458 4461 4457
f 2551 2550 2560
f 2559 2551 2560
f 2561 2562 2542
f 2550 2563 2560
f 2518 2557 2558
f 2518 2558 2560
f 2525 2524 2526
f 2546 2555 2537
f 2545 2544 2537
f 2551 2549 2550
f 2544 2546 2537
f 2526 2519 2518
f 2525 2523 2524
f 2475 2527 2476
f 2475 2529 2528
f 4405 4397 4395
f 4405 4395 4396
f 4405 4396 4394
f 4405 4394 4393
f 4406 4407 4405
f 4393 4406 4405
f 4392 4391 4385
f 1160 4392 4385
f 4464 4451 4452
f 4465 4464 4452
f 4466 4465 4452
f 4453 4466 4452
f 4454 4453 4452
f 4450 4451 4464
f 4390 4384 4385
f 4390 4385 4391
f 4385 4386 1160
f 4461 4458 4459
f 4461 4459 4460
f 4461 4460 4379
f 4461 4379 4378
f 4461 4378 4377
f 4461 4377 4398
f 4461 4398 4402
f 4399 4400 4403
f 4408 4404 4405
f 4408 4405 4407
f 4408 4407 4389
f 4408 4389 4388
f 4408 4388 1154
f 4417 4418 4410
f 4419 4417 4410
f 4439 4442 4440
f 4404 4403 4400
f 4405 4404 4400
f 4430 4421 4422
f 4416 4430 4422
f 4436 4413 4414
f 4436 4414 4415
f 4436 4415 4433
f 4436 4433 4434
f 4435 4434 4428
f 4435 4428 4427
f 4435 4427 4469
f 4435 4469 4468
f 4435 4468 4467
f 4420 4437 4438
f 4409 4420 4438
f 4431 4433 4415
f 4426 4431 4415
f 4425 4426 4415
f 4424 4425 4415
f 4423 4424 4415
f 4412 4423 4415
f 4449 4411 4412
f 4448 4449 4412
f 4454 4452 4448
f 4454 4448 4412
f 4455 4454 4412
f 4445 4455 4412
f 4446 4445 4412
f 4447 4446 4412
f 4447 4412 4415
f 3988 1154 4388
f 4387 3988 4388
f 4456 4457 4461
f 4406 4393 4390
f 4463 4383 4381
f 4462 4463 4381
f 4460 4462 4381
f 4460 4381 4382
f 4460 4382 4380
f 4460 4380 4379
f 4471 2648 4470
f 1152 4444 4443
f 4434 4435 4436
f 2576 2480 2543
f 2543 2578 2576
f 2577 2576 2578
f 2575 2579 2543
f 2564 2580 2575
f 2482 2564 2575
f 2482 2575 2543
f 2480 2482 2543
f 2480 2481 2482
f 2464 2472 2462
f 2472 2479 2462
f 2483 2473 2463
f 2462 2483 2463
f 2473 2474 2463
f 2476 2478 2477
f 2475 2476 2477
f 2486 2475 2477
f 2487 2488 2464
f 2489 2487 2464
f 2485 2489 2464
f 2484 2485 2464
f 2471 2484 2464
f 2486 2477 2471
f 2463 2486 2471
f 2463 2471 2464
f 2462 2463 2464
f 2458 2460 2461
f 2458 2455 2460
f 2460 2455 2456
f 2455 2454 2456
f 2453 2454 2455
f 2453 2459 2454
f 2457 2455 2458
f 2457 2453 2455
f 2454 2470 2456
f 2454 2467 2470
f 2467 2468 2470
f 2467 2466 2468
f 2465 2466 2467
f 2465 2469 2466
f 2454 2459 2467
f 2459 2465 2467
f 2459 2512 2465
f 2512 2510 2465
f 2465 2510 2469
f 2510 2509 2469
f 2507 2509 2510
f 2507 2508 2509
f 2511 2510 2512
f 2511 2507 2510
f 2516 2453 2457
f 2516 2514 2453
f 2514 2459 2453
f 2514 2512 2459
f 2514 2513 2512
f 2513 2511 2512
f 2516 2515 2514
f 2515 2513 2514
f 2466 2496 2468
f 2466 2490 2496
f 2496 2490 2495
f 2490 2493 2495
f 2491 2493 2490
f 2491 2492 2493
f 2466 2469 2490
f 2469 2491 2490
f 2493 2494 2495
f 2505 2506 2494
f 2493 2504 2505
f 2493 2505 2494
f 2506 2497 2494
f 2494 2497 2499
f 2497 2498 2499
f 2500 2502 2503
f 2500 2501 2502
f 2492 2540 2493
f 2493 2540 2504
f 2492 2640 2540
f 2492 2503 2640
f 2492 2500 2503
f 2523 2525 2492
f 2492 2525 2500
f 2525 2562 2500
f 2562 2561 2500
f 2561 2635 2500
f 2500 2635 2501
f 2635 2643 2501
f 2643 2635 2642
f 2635 2641 2642
f 2637 2641 2635
f 2637 2644 2641
f 2542 2541 2635
f 2542 2635 2561
f 2541 2634 2635
f 2634 2636 2635
f 2636 2637 2635
f 2509 2491 2469
f 2519 2526 2491
f 2509 2519 2491
f 2492 2491 2524
f 2526 2524 2491
f 2524 2523 2492
f 2581 2638 2597
f 2638 2639 2596
f 2638 2596 2597
f 2508 2522 2509
f 2522 2517 2509
f 2509 2517 2519
f 2522 2508 2581
f 2508 2638 2581
f 2521 2520 2508
f 2520 2653 2508
f 2653 2638 2508
f 2638 2652 2648
f 2651 2652 2638
f 2653 2651 2638
f 2648 2565 2638
f 2565 2654 2638
f 2638 2654 2639
f 2580 2645 2575
f 4472 2645 2580
f 4470 2645 4472
f 2648 2645 4470
f 2607 2645 2648
f 2607 2609 2645
f 2648 4471 2607
f 2564 2607 4471
f 2482 2607 2564
f 2575 2645 2579
f 2579 2645 2636
f 2645 2637 2636
f 2645 2646 2637
f 2637 2646 2644
f 2646 2647 2644
f 2649 2647 2646
f 2649 2650 2647
f 2645 2609 2646
f 2609 2649 2646
f 2609 2615 2649
f 2615 2613 2649
f 2649 2613 2650
f 2613 2612 2650
f 2613 2610 2612
f 2610 2611 2612
f 2614 2613 2615
f 2614 2610 2613
f 2606 2607 2482
f 2481 2606 2482
f 2606 2608 2607
f 2607 2608 2609
f 2608 2615 2609
f 2608 2617 2615
f 2617 2614 2615
f 2616 2608 2606
f 2616 2617 2608
f 2515 2603 2513
f 2603 2602 2513
f 2602 2511 2513
f 2602 2599 2511
f 2601 2605 2602
f 2605 2560 2602
f 2560 2563 2599
f 2560 2599 2602
f 2563 2550 2599
f 2550 2549 2599
f 2603 2604 2602
f 2600 2601 2602
f 2604 2600 2602
f 2511 2599 2507
f 2559 2558 2507
f 2599 2559 2507
f 2558 2557 2507
f 2507 2557 2508
f 2557 2521 2508
f 2549 2551 2599
f 2599 2551 2559
f 2619 2534 2536
f 2619 2631 2534
f 2619 2569 2571
f 2619 2571 2631
f 2630 2628 2627
f 2627 2628 2629
f 2629 2628 2481
f 2628 2606 2481
f 2633 2606 2628
f 2633 2616 2606
f 2574 2624 2630
f 2630 2624 2628
f 2624 2574 2619
f 2619 2574 2569
f 2624 2633 2628
f 2632 2626 2604
f 2626 2530 2604
f 2530 2532 2604
f 2532 2620 2604
f 2604 2620 2600
f 2535 2619 2536
f 2584 2619 2535
f 2554 2618 2570
f 2570 2618 2584
f 2618 2619 2584
f 2618 2624 2619
f 2553 2618 2554
f 2552 2618 2553
f 2552 2623 2618
f 2623 2622 2618
f 2621 2622 2623
f 2625 2622 2621
f 2618 2622 2624
f 2622 3864 2624
f 2622 3853 3864
f 3853 3857 3864
f 3854 2622 2625
f 3775 3854 2625
f 3854 3853 2622
f 2624 3864 2633
f 3864 3865 2633
f 3865 2616 2633
f 3865 3861 2616
f 3865 3863 3861
f 3863 3859 3861
f 3857 3865 3864
f 3857 3863 3865
f 3857 3860 3863
f 3860 3855 3863
f 3855 3859 3863
f 3855 3858 3859
f 3855 3851 3858
f 3851 3850 3858
f 3826 3855 3860
f 3826 3851 3855
f 3852 3853 3854
f 3852 3856 3853
f 3856 3857 3853
f 3856 3860 3857
f 3856 3827 3860
f 3827 3826 3860
f 3831 3856 3852
f 3831 3827 3856
f 3861 2617 2616
f 3861 3862 2617
f 2617 3862 2614
f 3862 3866 2614
f 3862 3869 3866
f 3869 3868 3866
f 3859 3862 3861
f 3859 3869 3862
f 3866 2610 2614
f 3866 3873 2610
f 2610 3873 2611
f 3873 2719 2611
f 3873 3874 2719
f 3874 2723 2719
f 3868 3873 3866
f 3868 3874 3873
f 3868 3871 3874
f 3871 3872 3874
f 3874 3872 2723
f 3872 2725 2723
f 3872 3833 2725
f 3833 2735 2725
f 3838 3872 3871
f 3838 3833 3872
f 3859 3858 3869
f 3858 3867 3869
f 3867 3868 3869
f 3867 3871 3868
f 3867 3870 3871
f 3870 3838 3871
f 3850 3867 3858
f 3850 3870 3867
f 3850 3837 3870
f 3837 3836 3870
f 3870 3836 3838
f 3836 3834 3838
f 3836 3820 3834
f 3820 3819 3834
f 3823 3836 3837
f 3823 3820 3836
f 3838 3834 3833
f 3834 3832 3833
f 3832 2735 3833
f 3832 2734 2735
f 3832 3835 2734
f 3835 2733 2734
f 3819 3832 3834
f 3819 3835 3832
f 3818 3835 3819
f 3818 3821 3835
f 3835 3821 2733
f 3821 2732 2733
f 2685 2732 3821
f 2685 2686 2732
f 3818 2689 3821
f 2689 2685 3821
f 3822 3820 3823
f 3822 3817 3820
f 3817 3819 3820
f 3817 3818 3819
f 3817 2690 3818
f 2690 2689 3818
f 3822 2682 3817
f 2682 2690 3817
f 3831 3830 3827
f 3830 3824 3827
f 3824 3826 3827
f 3824 3825 3826
f 3828 3825 3824
f 3828 3829 3825
f 3839 3824 3830
f 3839 3828 3824
f 3826 3825 3851
f 3825 3848 3851
f 3848 3850 3851
f 3848 3837 3850
f 3848 3849 3837
f 3849 3823 3837
f 3825 3829 3848
f 3829 3849 3848
f 3840 3849 3829
f 3840 3847 3849
f 3849 3847 3823
f 3847 3822 3823
f 2681 3822 3847
f 2681 2682 3822
f 3840 2692 3847
f 2692 2681 3847
f 3842 3828 3839
f 3842 3841 3828
f 3828 3841 3829
f 3841 3840 3829
f 2687 3840 3841
f 2687 2692 3840
f 3842 2731 3841
f 2731 2687 3841
f 2675 2677 3814
f 2677 3846 3814
f 3846 3815 3814
f 3846 3845 3815
f 3843 3845 3846
f 3843 3844 3845
f 2668 3846 2677
f 2668 3843 3846
f 3815 3845 3808
f 3845 3897 3808
f 3897 3812 3808
f 3897 3894 3812
f 3896 3894 3897
f 2757 2760 3894
f 3896 2758 2757
f 3896 2757 3894
f 3845 3844 3897
f 3844 3896 3897
f 3844 3893 3896
f 2750 2759 3896
f 3893 2742 2750
f 3893 2750 3896
f 2759 2758 3896
f 3816 2749 3893
f 2749 2748 3893
f 2748 2742 3893
f 2749 3816 2761
f 3816 2583 2761
f 3816 2568 2583
f 3816 2736 2568
f 2667 2694 3843
f 2668 2667 3843
f 2694 3892 3843
f 3892 3844 3843
f 3892 3893 3844
f 3892 3888 3893
f 3888 3816 3893
f 2693 3892 2694
f 2693 3888 3892
f 3894 3811 3812
f 3894 3895 3811
f 3811 3895 3748
f 2752 2768 3748
f 3895 2752 3748
f 3895 3885 2752
f 3885 2751 2752
f 3885 2539 2751
f 3885 2739 2539
f 3885 3886 2739
f 2760 2763 3894
f 2763 3895 3894
f 2763 2769 3895
f 2769 3885 3895
f 2768 2587 3748
f 3748 2587 2589
f 2756 3898 2741
f 2741 3898 2593
f 2593 3898 2767
f 3898 2591 2767
f 2547 2548 3898
f 3898 2548 2591
f 3773 3854 3775
f 2739 3886 2592
f 2592 3886 2756
f 3886 3898 2756
f 2545 2547 3898
f 3886 2545 3898
f 3886 3879 2545
f 3879 2755 2545
f 3879 2753 2755
f 2754 3884 3783
f 3879 3884 2754
f 3879 2754 2753
f 3783 3884 3772
f 3772 3884 3773
f 3773 3884 3854
f 3884 3852 3854
f 3881 3852 3884
f 3881 3831 3852
f 3879 3878 3884
f 3878 3881 3884
f 2537 2555 3885
f 2538 2537 3885
f 2538 3885 2769
f 2555 2546 3885
f 2546 2544 3885
f 3885 2544 3886
f 2544 2740 3886
f 2740 2766 3886
f 2766 3879 3886
f 3778 3876 2765
f 2765 3879 2766
f 2765 3876 3879
f 3876 3878 3879
f 3777 3876 3778
f 3766 3876 3777
f 2488 3766 3777
f 3766 3875 3876
f 3875 3878 3876
f 3875 3877 3878
f 3875 3882 3877
f 3882 3883 3877
f 3761 3875 3766
f 3761 3882 3875
f 3878 3877 3881
f 3877 3880 3881
f 3880 3831 3881
f 3880 3830 3831
f 3880 3887 3830
f 3887 3839 3830
f 3883 3880 3877
f 3883 3887 3880
f 3883 3890 3887
f 3890 3891 3887
f 3891 3839 3887
f 3891 3842 3839
f 3891 2679 3842
f 2679 2731 3842
f 2680 3891 3890
f 2680 2679 3891
f 3761 3759 3882
f 3759 3889 3882
f 3889 3883 3882
f 3889 3890 3883
f 2678 3890 3889
f 2678 2680 3890
f 3759 2691 3889
f 2691 2678 3889
f 2693 2705 3888
f 2746 2743 3888
f 2705 2746 3888
f 2747 2582 3816
f 2582 2567 3816
f 2567 2764 3816
f 2743 2745 3888
f 2745 2747 3888
f 2747 3816 3888
f 2764 2566 3816
f 2528 3764 2595
f 3764 2594 2595
f 2705 2710 2746
f 2598 3764 2528
f 3816 2566 2736
f 2572 3767 2586
f 2738 3767 2572
f 3767 2585 2586
f 3767 2556 2585
f 3767 2487 2556
f 2487 3766 2488
f 3767 3766 2487
f 2485 3763 2489
f 2489 3763 3766
f 2573 2489 3767
f 3767 2489 3766
f 3763 3761 3766
f 2737 3767 2738
f 2737 2573 3767
f 2484 3763 2485
f 2471 3763 2484
f 2478 3762 2477
f 2477 3762 2471
f 2471 3762 3763
f 3762 3760 3763
f 3760 3761 3763
f 3760 3759 3761
f 2684 3759 3760
f 2684 2691 3759
f 3762 2730 3760
f 2730 2684 3760
f 2674 2673 2598
f 2673 3764 2598
f 2673 3765 3764
f 3765 2527 3764
f 3764 2527 2594
f 3765 2476 2527
f 2476 3762 2478
f 3765 3762 2476
f 3765 2688 3762
f 2688 2730 3762
f 2474 2671 2463
f 2672 2529 2673
f 2673 2529 3765
f 2463 2671 2486
f 2486 2671 2475
f 2529 2475 3765
f 2475 2688 3765
f 2671 2688 2475
f 2665 2664 2701
f 2664 3771 2701
f 2701 3771 2702
f 3771 3770 2702
f 3738 3770 3771
f 3738 3736 3770
f 2664 2666 3771
f 2666 3738 3771
f 2703 3770 3769
f 3770 2703 2702
f 3769 2696 2703
f 3769 3732 2696
f 3768 3732 3769
f 3768 3725 3732
f 3736 3769 3770
f 3736 3768 3769
f 3736 3734 3768
f 3734 3740 3768
f 3768 3740 3725
f 3740 3754 3725
f 3740 3739 3754
f 3739 3753 3754
f 3734 3737 3740
f 3737 3739 3740
f 2666 2658 3738
f 2658 3735 3738
f 3735 3736 3738
f 3735 3734 3736
f 3733 3734 3735
f 3733 3737 3734
f 2656 2708 3735
f 2658 2656 3735
f 2708 3733 3735
f 2696 3732 2697
f 3732 3727 2697
f 3727 2695 2697
f 3727 3724 2695
f 3726 3724 3727
f 3726 3723 3724
f 3732 3725 3727
f 3725 3726 3727
f 3724 2698 2695
f 3724 3721 2698
f 2698 3721 2461
f 3721 2458 2461
f 3721 3722 2458
f 3722 2457 2458
f 3723 3721 3724
f 3723 3722 3721
f 3731 3722 3723
f 3731 3729 3722
f 3722 3729 2457
f 3729 2516 2457
f 3728 2516 3729
f 3728 2515 2516
f 3730 3729 3731
f 3730 3728 3729
f 3754 3726 3725
f 3754 3752 3726
f 3752 3723 3726
f 3752 3731 3723
f 3752 3751 3731
f 3751 3730 3731
f 3753 3752 3754
f 3753 3751 3752
f 3753 3758 3751
f 3758 3756 3751
f 3756 3730 3751
f 3756 3743 3730
f 3756 3755 3743
f 3755 3741 3743
f 3758 3757 3756
f 3757 3755 3756
f 3743 3728 3730
f 3743 3742 3728
f 3728 3742 2515
f 3742 2603 2515
f 3744 2603 3742
f 3744 2604 2603
f 3741 3742 3743
f 3741 3744 3742
f 3741 3745 3744
f 3745 3746 3744
f 3746 2604 3744
f 2762 2632 2604
f 3746 3750 3747
f 3746 3747 2762
f 3746 2762 2604
f 3749 3750 3746
f 3748 3746 3745
f 3784 3749 3746
f 3748 2589 2590
f 3748 2590 3784
f 3748 3784 3746
f 3757 3809 3755
f 3809 3810 3755
f 3810 3741 3755
f 3810 3745 3741
f 3810 3811 3745
f 3811 3748 3745
f 3812 3810 3809
f 3812 3811 3810
f 2708 2707 3733
f 2707 3803 3733
f 3803 3737 3733
f 3803 3801 3737
f 3804 3801 3803
f 3804 3805 3801
f 2707 2706 3803
f 2706 3804 3803
f 3801 3739 3737
f 3801 3800 3739
f 3739 3800 3753
f 3800 3758 3753
f 3802 3758 3800
f 3802 3757 3758
f 3801 3805 3800
f 3805 3802 3800
f 3805 3807 3802
f 3807 3806 3802
f 3806 3757 3802
f 3806 3809 3757
f 3806 3808 3809
f 3808 3812 3809
f 3815 3806 3807
f 3815 3808 3806
f 2709 2676 3804
f 2706 2709 3804
f 2676 3813 3804
f 3813 3805 3804
f 3813 3807 3805
f 3814 3807 3813
f 3814 3815 3807
f 2676 2675 3813
f 2675 3814 3813
f 2576 2577 2776
f 2480 2576 3774
f 2776 3774 2576
f 2629 2481 2480
f 2627 2629 2480
f 2630 2627 2480
f 2574 2630 2480
f 2623 2574 2480
f 2621 2623 2480
f 3774 3775 2625
f 2625 2621 2480
f 3774 2625 2480
f 2785 2783 3785
f 2783 2785 2784
f 2782 3785 2783
f 2532 2531 2620
f 2531 3785 2620
f 2518 2560 2782
f 2560 2605 2782
f 2605 2601 2782
f 2600 2620 2601
f 2620 3785 2601
f 2601 3785 2782
f 3785 2788 2785
f 2781 2785 2788
f 2788 3785 2744
f 2531 3747 3785
f 3747 3750 3785
f 3750 3749 3785
f 3749 3784 3785
f 3784 2744 3785
f 2588 2744 2590
f 2590 2744 3784
f 2762 3747 2531
f 2472 2464 3774
f 3774 2776 2472
f 2479 2472 2776
f 2765 2754 3783
f 2765 3783 3772
f 3778 2765 3772
f 3777 3778 3772
f 2464 3777 3772
f 2464 2488 3777
f 3773 3775 3774
f 3772 3773 3774
f 2464 3772 3774
f 3428 3245 3776
f 3776 3781 3428
f 3779 3781 3776
f 3245 3265 3776
f 3577 3779 3247
f 3247 3779 3263
f 3779 3776 3263
f 3294 3293 3780
f 3293 3786 3780
f 3786 3792 3780
f 3427 3786 3293
f 3572 3427 3293
f 3265 3290 3776
f 3290 3294 3780
f 3776 3290 3780
f 3291 3292 3797
f 3776 3292 3264
f 3292 3780 3797
f 3776 3780 3292
f 3296 3291 3797
f 3776 3264 3799
f 3799 3264 3255
f 3263 3776 3799
f 3456 3263 3799
f 3327 3456 3799
f 3327 3799 3328
f 3792 3790 3787
f 3780 3792 3787
f 3788 3793 3794
f 3788 3790 3793
f 3790 3788 3787
f 4375 3787 3788
f 3789 3787 4375
f 3787 3789 3791
f 3780 3787 3791
f 3780 3791 3797
f 3797 3791 3795
f 3798 3797 3795
f 4374 3791 3789
f 3796 3791 4374
f 3791 3796 3795
f 3523 3795 3796
f 3795 3523 3522
f 3795 3522 3503
f 3798 3795 3503
f 3545 3798 3543
f 3543 3798 3549
f 3549 3798 3330
f 3330 3798 3503
f 3329 3799 3256
f 3328 3799 3329
f 3799 3255 3295
f 3295 3296 3798
f 3799 3295 3798
f 3296 3797 3798
f 3256 3799 3257
f 3257 3798 3266
f 3257 3799 3798
f 3225 3266 3545
f 3578 3225 3545
f 3266 3798 3545
f 3324 3578 3545
f 3324 3545 3325
f 3916 3915 3974
f 3599 3916 3974
f 3915 3918 3974
f 3599 3974 3600
f 3918 3919 3973
f 3974 3918 3973
f 3974 3973 3970
f 3968 3974 3970
f 3600 3974 3968
f 3587 3600 3968
f 3587 3968 3588
f 3574 3956 3575
f 3575 3956 3556
f 3556 3956 3975
f 3919 3556 3975
f 3919 3555 3556
f 3919 3557 3555
f 3956 3957 3975
f 3919 3561 3560
f 3561 3975 3576
f 3561 3919 3975
f 3919 3560 3973
f 3958 3501 3260
f 3259 3958 3260
f 3957 3958 3259
f 3957 3259 3975
f 3975 3259 3337
f 3975 3337 3336
f 3976 3975 3205
f 3975 3336 3205
f 3360 3576 3976
f 3576 3975 3976
f 3973 3560 3559
f 3973 3363 3970
f 3363 3360 3970
f 3360 3976 3970
f 3973 3559 3363
f 3362 3970 3580
f 3970 3976 3580
f 3970 3570 3967
f 3970 3361 3570
f 3361 3970 3362
f 3976 3205 3502
f 3205 3365 3502
f 3976 3502 3579
f 3580 3976 3579
f 3206 3502 3207
f 3579 3502 3206
f 3486 3322 3321
f 3541 3322 3486
f 3323 3322 3541
f 3967 3570 3323
f 3967 3323 3541
f 3967 3217 3490
f 3967 3478 3217
f 3967 3541 3478
f 3588 3968 3969
f 3582 3588 3969
f 3582 3969 3583
f 3968 3970 3967
f 3969 3968 3967
f 3969 3967 3490
f 3969 3490 3461
f 3969 3461 3460
f 3583 3969 3460
f 3483 3583 3348
f 3348 3583 3477
f 3477 3583 3460
f 3596 3610 3963
f 3596 3963 3589
f 3610 3611 3964
f 3963 3610 3964
f 3963 3964 3275
f 3965 3963 3289
f 3289 3963 3275
f 3589 3963 3965
f 3590 3589 3965
f 3611 3613 3966
f 3964 3611 3966
f 4294 3613 3615
f 3948 3613 4294
f 3613 3948 3966
f 3949 3966 3948
f 3966 3271 3270
f 3966 3949 3271
f 3966 3270 3281
f 3964 3966 3281
f 3275 3964 3281
f 3445 3441 3972
f 3422 3445 3971
f 3445 3972 3971
f 3953 3276 3271
f 3276 3953 3277
f 3953 3430 3277
f 3953 3440 3430
f 3953 3271 3949
f 3441 3440 3972
f 3953 3972 3440
f 3922 3972 3953
f 3972 3428 3429
f 3972 3786 3428
f 3972 3793 3786
f 3972 3922 3793
f 3439 3972 3429
f 3447 3971 3439
f 3971 3972 3439
f 3924 3971 3446
f 3971 3447 3446
f 3590 3443 3424
f 3590 3442 3443
f 3590 3965 3442
f 3590 3424 3425
f 3965 3289 3422
f 3965 3422 3971
f 4963 3692 3680
f 3442 3965 3282
f 3282 3965 3283
f 3965 3971 3283
f 3286 3284 3924
f 3284 3283 3924
f 3283 3971 3924
f 3286 3924 3287
f 3484 3491 3984
f 3481 3484 3984
f 3482 3481 3984
f 3346 3482 3252
f 3482 3984 3252
f 3479 3478 3219
f 3478 3486 3219
f 3219 3486 3224
f 3491 3479 3219
f 3486 3506 3224
f 3491 3219 3984
f 3219 3212 3984
f 3212 3211 3984
f 3984 3211 3261
f 3262 3374 3982
f 3984 3261 3262
f 3984 3262 3982
f 3984 3452 3253
f 3452 3984 3396
f 3396 3984 3982
f 3980 3984 3253
f 3395 3340 3451
f 3214 3451 3980
f 3451 3340 3980
f 3340 3213 3980
f 3213 3252 3980
f 3252 3984 3980
f 3400 3377 3395
f 3377 3340 3395
f 3375 3400 3392
f 3392 3400 3395
f 3364 3214 3597
f 3214 3980 3597
f 3489 3472 3985
f 3506 3489 3985
f 3224 3506 3233
f 3233 3506 3250
f 3250 3506 3347
f 3506 3985 3347
f 3472 3350 3232
f 3472 3232 3985
f 3232 3234 3985
f 3234 3254 3985
f 3985 3254 3562
f 3390 3373 3936
f 3985 3562 3390
f 3985 3390 3936
f 3986 3985 3936
f 3371 3347 3986
f 3372 3371 3986
f 3347 3985 3986
f 3374 3372 3982
f 3372 3986 3982
f 3982 3986 3981
f 3393 3982 3241
f 3241 3982 3981
f 3244 3241 3977
f 3977 3241 3981
f 3986 3936 3935
f 3986 3935 3981
f 3981 3935 3908
f 3981 3908 3303
f 3313 3981 3303
f 3977 3313 3314
f 3977 3981 3313
f 3351 3977 3319
f 3319 3977 3314
f 3215 3597 3216
f 3597 3980 3216
f 3597 3215 3598
f 3215 3209 3598
f 3598 3209 3208
f 3396 3982 3393
f 3253 3244 3977
f 3980 3253 3977
f 3980 3977 3573
f 3216 3980 3573
f 3320 3977 3351
f 3242 3977 3320
f 3573 3977 3242
f 3407 3419 3910
f 3352 3407 3910
f 3598 3210 3352
f 3598 3208 3210
f 3598 3352 3910
f 3585 3598 3910
f 3339 3238 3978
f 3238 3249 3978
f 3249 3366 3978
f 3366 3521 3978
f 3339 3978 3310
f 3521 3248 3237
f 3521 3237 3239
f 3521 3239 3979
f 3239 3240 3979
f 3521 3979 3978
f 3978 3979 3933
f 3338 3978 3222
f 3222 3978 3933
f 3398 3222 3932
f 3222 3933 3932
f 3310 3978 3338
f 3378 3398 3932
f 3373 3378 3936
f 3378 3932 3936
f 3332 3544 3565
f 3331 3544 3332
f 3979 3240 3221
f 3946 3547 3550
f 3946 3549 3547
f 3946 3544 3549
f 4368 3550 3551
f 3946 3550 4368
f 3544 3946 3563
f 3565 3544 3563
f 4369 3368 3946
f 3947 3368 4369
f 3564 3946 3368
f 3563 3946 3564
f 3947 3370 3368
f 3397 3370 3983
f 3947 3983 3370
f 3220 3397 3983
f 3979 3221 3220
f 3979 3220 3983
f 3979 3983 3933
f 3933 3983 3938
f 3934 3933 3938
f 3945 3983 3947
f 3983 3945 3938
f 3939 3938 3945
f 3938 3939 3930
f 3934 3938 3930
f 3928 3934 3930
f 3936 3932 3937
f 3935 3936 3937
f 3932 3933 3934
f 3937 3932 3934
f 3937 3934 3928
f 3937 3928 3926
f 3935 3937 3926
f 3935 3300 3301
f 3300 3935 3415
f 3415 3935 3926
f 3908 3935 3301
f 3415 3926 3414
f 3908 3301 3302
f 3908 3302 3902
f 3302 3341 3902
f 3902 3341 3353
f 3926 3928 3925
f 3926 3925 3413
f 3414 3926 3413
f 3413 3925 3411
f 3566 3316 3927
f 3316 3318 3927
f 3344 3357 3929
f 3357 3566 3929
f 3566 3927 3929
f 3342 3344 3929
f 3902 3353 3342
f 3902 3342 3929
f 3902 3929 3901
f 3928 3930 3931
f 3928 3931 3925
f 4372 3930 3939
f 3944 3930 4372
f 3930 3944 3931
f 3943 3931 3944
f 3931 3943 3941
f 3412 3925 3335
f 3315 3335 3941
f 3335 3931 3941
f 3925 3931 3335
f 3411 3925 3412
f 3318 3315 3927
f 3927 3315 3941
f 3927 3356 3358
f 3927 3941 3356
f 3927 3359 3940
f 3940 3359 3448
f 3927 3358 3359
f 3942 3941 3943
f 3941 3942 3307
f 3356 3941 3307
f 3607 3307 3942
f 3607 3308 3307
f 3311 3308 3605
f 3607 3605 3308
f 3312 3311 3605
f 3940 3448 3312
f 3940 3312 3605
f 3603 3940 3605
f 3901 3929 3911
f 3901 3911 3906
f 3929 3927 3940
f 3911 3929 3940
f 3911 3940 3603
f 3911 3603 3608
f 3906 3911 3608
f 3606 3906 3608
f 3585 3910 3909
f 3586 3585 3909
f 3586 3909 3594
f 3419 3421 3903
f 3910 3419 3903
f 3909 3910 3903
f 3909 3903 3904
f 3909 3904 3912
f 3594 3909 3912
f 3595 3594 3912
f 3416 3355 3900
f 3355 3354 3900
f 3421 3416 3903
f 3416 3900 3903
f 3303 3908 3902
f 3306 3303 3902
f 3354 3304 3900
f 3304 3306 3900
f 3306 3902 3900
f 3900 3902 3901
f 3899 3900 3901
f 3903 3900 3899
f 3903 3899 3904
f 3904 3899 3905
f 3907 3904 3905
f 3899 3901 3906
f 3899 3906 3905
f 3905 3906 3606
f 3609 3905 3606
f 3907 3905 3609
f 3604 3907 3609
f 3595 3912 3913
f 3592 3595 3913
f 3912 3904 3907
f 3912 3907 3913
f 3913 3907 3604
f 3913 3604 3601
f 3592 3913 3601
f 3593 3592 3601
f 3466 3950 3952
f 3950 3961 3960
f 3466 3516 3962
f 3779 3962 3923
f 3466 3952 3459
f 3459 3952 3471
f 3960 3505 3951
f 3487 3952 3488
f 3961 3962 3959
f 3520 3952 3487
f 3920 3505 3921
f 3951 3488 3952
f 3960 3951 3950
f 3488 3951 3463
f 3471 3952 3520
f 3466 3961 3950
f 3466 3962 3961
f 3959 3505 3960
f 3463 3951 3464
f 3923 3962 3516
f 3334 3959 3577
f 3962 3779 3577
f 3577 3959 3962
f 3952 3950 3951
f 3959 3960 3961
f 3334 3505 3959
f 3464 3951 3505
f 3921 3505 3334
f 3571 3505 3920
f 3520 3487 3521
f 3546 3552 3550
f 3476 3475 3465
f 3476 3436 3474
f 3436 3465 3433
f 3472 3471 3520
f 3465 3436 3476
f 3499 3472 3489
f 3470 3472 3499
f 3551 3550 3552
f 3325 3545 3543
f 3330 3548 3549
f 3542 3473 3350
f 3331 3227 3226
f 3522 3231 3503
f 3547 3549 3548
f 3544 3543 3549
f 3504 3499 3469
f 3227 3331 3503
f 3218 3217 3479
f 3521 3366 3472
f 3470 3499 3480
f 3489 3486 3235
f 3463 3248 3488
f 3550 3547 3546
f 3226 3544 3331
f 3248 3521 3487
f 3433 3465 3434
f 3478 3541 3486
f 3436 3251 3477
f 3366 3473 3542
f 3330 3503 3331
f 3350 3472 3542
f 3523 3434 3522
f 3480 3499 3504
f 3548 3546 3547
f 3469 3468 3504
f 3465 3473 3463
f 3470 3457 3459
f 3349 3491 3484
f 3503 3231 3227
f 3325 3543 3544
f 3542 3472 3366
f 3325 3544 3226
f 3522 3434 3231
f 3230 3434 3505
f 3490 3462 3461
f 3366 3463 3473
f 3487 3488 3248
f 3348 3349 3484
f 3472 3520 3521
f 3231 3434 3230
f 3475 3492 3473
f 3235 3473 3492
f 3479 3491 3218
f 3485 3468 3467
f 3505 3434 3465
f 3486 3489 3506
f 3348 3477 3251
f 3436 3460 3462
f 3465 3464 3505
f 3470 3459 3471
f 3436 3477 3460
f 3458 3459 3457
f 3350 3473 3235
f 3349 3218 3491
f 3217 3462 3490
f 3481 3483 3484
f 3321 3235 3486
f 3223 3462 3217
f 3348 3484 3483
f 3473 3465 3475
f 3478 3479 3217
f 3466 3459 3458
f 1576 1575 1581
f 3480 3457 3470
f 3483 3481 3482
f 3471 3472 3470
f 3248 3463 3366
f 3436 3462 3474
f 3469 3467 3468
f 3465 3463 3464
f 3461 3462 3460
f 1583 1578 1580
f 855 991 872
f 1583 1580 1582
f 757 887 888
f 816 748 864
f 898 897 901
f 903 893 874
f 757 622 887
f 757 882 862
f 904 897 899
f 900 885 881
f 891 890 893
f 879 867 874
f 877 869 679
f 876 875 992
f 895 894 884
f 815 778 806
f 855 881 889
f 866 881 684
f 901 873 898
f 874 890 879
f 855 889 991
f 889 606 902
f 863 900 855
f 757 888 882
f 874 893 890
f 881 855 900
f 856 902 606
f 868 778 815
f 621 617 884
f 880 859 724
f 617 871 884
f 604 882 679
f 621 884 894
f 724 714 880
f 867 858 857
f 875 876 619
f 874 873 903
f 857 607 867
f 806 778 872
f 725 864 748
f 872 778 855
f 606 889 607
f 607 889 881
f 603 619 876
f 903 873 901
f 894 895 896
f 607 881 866
f 679 882 883
f 619 881 885
f 854 853 713
f 684 881 619
f 898 899 897
f 606 857 856
f 892 890 891
f 886 882 888
f 621 887 622
f 684 867 866
f 883 882 886
f 866 867 607
f 617 616 871
f 853 880 714
f 868 815 864
f 696 860 748
f 867 879 858
f 877 878 876
f 762 855 778
f 855 757 863
f 748 816 696
f 874 867 873
f 873 867 875
f 858 856 857
f 749 865 861
f 757 855 762
f 869 871 616
f 616 679 869
f 749 860 696
f 749 861 860
f 725 724 859
f 863 757 862
f 864 815 816
f 714 713 853
f 860 861 859
f 870 778 868
f 4962 3428 3781
f 4964 3692 3668
f 3498 3260 3501
f 3326 3493 3476
f 3508 3509 3476
f 3509 3326 3476
f 3467 3500 3494
f 3467 3494 3498
f 3507 3508 3476
f 3500 3495 3494
f 3467 3365 3500
f 3235 3492 3207
f 3493 3495 3476
f 3495 3500 3365
f 3492 3475 3207
f 3475 3476 3207
f 3326 3260 3493
f 3467 3502 3365
f 3467 3498 3497
f 3467 3207 3502
f 3499 3489 3207
f 3260 3498 3493
f 3469 3499 3207
f 3489 3235 3207
f 3493 3494 3495
f 3495 3365 3476
f 3365 3207 3476
f 3494 3493 3498
f 3501 3496 3498
f 3496 3497 3498
f 3467 3469 3207
f 3584 3586 3450
f 3587 3581 3600
f 3591 3599 3600
f 3584 3454 3410
f 3591 3600 3581
f 3585 3584 3598
f 3404 3345 3598
f 3404 3598 3584
f 3364 3597 3345
f 3598 3345 3597
f 3405 3404 3584
f 3483 3482 3346
f 3251 3483 3346
f 3273 3269 3449
f 3410 3405 3584
f 3586 3594 3450
f 3483 3251 3583
f 3455 3581 3436
f 3454 3584 3450
f 3288 3273 3449
f 3581 3455 3299
f 3449 3596 3589
f 3269 3299 3455
f 3594 3595 3450
f 3593 3450 3592
f 3595 3592 3450
f 3251 3436 3583
f 3299 3591 3581
f 3590 3274 3589
f 3581 3587 3588
f 3584 3585 3586
f 3581 3582 3436
f 3581 3588 3582
f 3449 3589 3288
f 3449 3269 3455
f 3274 3590 3425
f 3274 3288 3589
f 3582 3583 3436
f 3569 3504 3514
f 3485 3514 3468
f 3468 3514 3504
f 3480 3569 3568
f 3569 3480 3504
f 3480 3568 3567
f 3458 3457 3517
f 3457 3480 3517
f 3567 3517 3480
f 3571 3230 3505
f 3476 3554 3507
f 3554 3476 3474
f 3230 3571 3236
f 3554 3555 3553
f 3554 3474 3555
f 3570 3474 3323
f 3556 3474 3560
f 3361 3474 3570
f 3223 3323 3462
f 3462 3323 3474
f 3560 3474 3559
f 3363 3474 3361
f 3556 3560 3561
f 3555 3474 3556
f 3558 3555 3557
f 3559 3474 3363
f 3553 3555 3558
f 3576 3362 3580
f 3255 3264 3256
f 3576 3580 3579
f 3575 3576 3579
f 3576 3360 3362
f 3226 3578 3324
f 3329 3263 3456
f 3575 3579 3206
f 3226 3225 3578
f 3259 3574 3575
f 3337 3259 3575
f 3343 3305 3304
f 3335 3315 3317
f 3320 3351 3319
f 3574 3259 3258
f 3546 3548 3332
f 3552 3546 3332
f 3206 3337 3575
f 3548 3330 3332
f 3556 3561 3575
f 3247 3333 3334
f 3334 3577 3247
f 3576 3575 3561
f 3245 3263 3329
f 3451 3242 3253
f 3260 3326 3258
f 3245 3329 3256
f 3256 3265 3245
f 3292 3290 3265
f 3332 3564 3367
f 3564 3368 3367
f 3451 3216 3573
f 3265 3264 3292
f 3317 3316 3357
f 3226 3324 3325
f 3364 3215 3214
f 3451 3573 3242
f 3451 3253 3452
f 3257 3295 3255
f 3207 3205 3206
f 3451 3214 3216
f 3293 3229 3572
f 3317 3315 3316
f 3357 3356 3317
f 3213 3262 3211
f 3254 3234 3250
f 3233 3321 3224
f 3221 3240 3222
f 3390 3562 3371
f 3254 3347 3371
f 3321 3233 3235
f 3343 3304 3354
f 3316 3566 3357
f 3240 3239 3222
f 3310 3222 3239
f 3357 3358 3356
f 3456 3327 3329
f 3309 3307 3308
f 3332 3565 3563
f 3332 3563 3564
f 3562 3254 3371
f 3349 3219 3218
f 3252 3213 3212
f 3223 3224 3321
f 3211 3212 3213
f 3242 3319 3314
f 3323 3223 3322
f 3366 3249 3248
f 3364 3345 3215
f 3209 3215 3345
f 3224 3223 3219
f 3337 3205 3336
f 3207 3365 3205
f 3362 3360 3361
f 3363 3361 3360
f 3213 3340 3262
f 3359 3357 3344
f 3359 3344 3343
f 4370 3552 3332
f 3367 4370 3332
f 3357 3359 3358
f 3342 3353 3343
f 3356 3307 3309
f 3309 3317 3356
f 3343 3354 3355
f 3249 3238 3237
f 3237 3248 3249
f 3353 3341 3343
f 3251 3252 3212
f 3345 3352 3210
f 3217 3218 3219
f 3235 3232 3350
f 3242 3320 3319
f 3212 3219 3251
f 3219 3349 3348
f 3242 3313 3243
f 3244 3253 3242
f 3241 3244 3242
f 3219 3348 3251
f 3250 3347 3254
f 3251 3346 3252
f 3345 3210 3209
f 3305 3343 3341
f 3341 3302 3305
f 3333 3247 3246
f 3329 3327 3328
f 3245 3246 3247
f 3344 3342 3343
f 3313 3303 3243
f 3208 3209 3210
f 3223 3217 3219
f 3337 3206 3205
f 3243 3302 3301
f 3232 3235 3233
f 3257 3255 3256
f 3238 3339 3310
f 3310 3338 3222
f 3242 3314 3313
f 3331 3332 3330
f 3260 3258 3259
f 3263 3245 3247
f 3220 3221 3222
f 3243 3305 3302
f 3321 3322 3223
f 3315 3318 3316
f 3309 3308 3311
f 3233 3250 3234
f 3305 3243 3303
f 3305 3303 3304
f 3238 3310 3239
f 3309 3311 3312
f 3303 3306 3304
f 3243 3301 3300
f 3265 3256 3264
f 3261 3211 3262
f 3216 3214 3215
f 3234 3232 3233
f 3243 3241 3242
f 3239 3237 3238
f 3229 3293 3294
f 3229 3294 3230
f 3296 3295 3230
f 3294 3290 3230
f 3291 3296 3230
f 3295 3257 3230
f 3266 3225 3230
f 3257 3266 3230
f 3290 3291 3230
f 3290 3292 3291
f 3226 3227 3225
f 3227 3231 3225
f 3236 3228 3230
f 3228 3229 3230
f 3231 3230 3225
f 3298 3299 3297
f 3297 3278 3298
f 3268 3272 3297
f 3269 3297 3299
f 3278 3297 3272
f 3297 3269 3268
f 3276 3277 3278
f 3279 3278 3277
f 3272 3271 3276
f 3272 3276 3278
f 3309 3406 2700
f 3420 2700 3406
f 3448 3406 3312
f 3309 3312 3406
f 3359 3343 3448
f 3343 3406 3448
f 3395 3451 3396
f 3376 3375 3394
f 3394 3399 3376
f 3399 3394 3409
f 3451 3452 3396
f 3393 3241 3394
f 3241 3243 3394
f 3375 3392 3394
f 3392 3395 3393
f 3395 3396 3393
f 3392 3393 3394
f 718 717 791
f 3402 4371 3369
f 3220 3222 3397
f 3222 3398 3397
f 3401 3402 3369
f 3369 3376 3399
f 726 782 4474
f 3399 3401 3369
f 3377 3400 3369
f 3400 3375 3369
f 3368 3370 3369
f 3378 3370 3397
f 3378 3397 3398
f 3369 3373 3374
f 3378 3373 3369
f 3367 3368 3369
f 3262 3340 3374
f 3390 3371 3373
f 3340 3377 3374
f 3372 3374 3373
f 3371 3372 3373
f 3369 3374 3377
f 3370 3378 3369
f 3376 3369 3375
f 669 733 790
f 733 785 790
f 779 4474 782
f 717 792 791
f 742 788 782
f 726 742 782
f 789 788 783
f 789 783 787
f 663 787 783
f 781 782 786
f 782 790 785
f 782 791 790
f 789 791 782
f 792 790 791
f 785 784 782
f 776 779 782
f 788 789 782
f 764 776 782
f 784 786 782
f 678 663 783
f 782 781 764
f 3367 3369 4371
f 3403 3385 3380
f 3389 3388 3418
f 3389 3380 3384
f 3388 3384 3383
f 3417 3379 3381
f 3381 4206 3417
f 3381 4205 4206
f 3381 4209 4205
f 3381 3391 4209
f 3418 3403 3389
f 3385 3391 3381
f 3381 3380 3385
f 3384 3379 3382
f 3380 3381 3379
f 3380 3389 3403
f 3379 3384 3380
f 3384 3388 3389
f 3382 3383 3384
f 3385 3403 3386
f 3391 3385 3387
f 3386 3387 3385
f 3410 3420 3406
f 3345 3404 3406
f 3406 3405 3410
f 3405 3406 3404
f 3419 3407 3406
f 3421 3419 3406
f 3416 3421 3406
f 3355 3416 3406
f 3343 3355 3406
f 3352 3345 3407
f 3407 3345 3406
f 3409 3394 3408
f 3317 4376 3394
f 3408 3394 4376
f 3243 3300 3415
f 3394 3414 3413
f 3394 3415 3414
f 3394 3243 3415
f 3394 3413 3411
f 3394 3411 3412
f 3394 3412 3335
f 3317 3394 3335
f 838 670 3616
f 3692 838 3616
f 3668 3692 3616
f 3669 3668 3616
f 670 673 3616
f 711 3669 625
f 625 3669 671
f 671 3669 3616
f 805 708 3704
f 708 3680 3704
f 3680 3682 3704
f 839 3680 708
f 707 839 708
f 673 743 3616
f 743 805 3704
f 743 3704 3616
f 817 741 3705
f 3616 741 672
f 741 3704 3705
f 3616 3704 741
f 817 3705 818
f 3616 672 3703
f 672 658 3703
f 671 3616 3703
f 699 671 3703
f 750 699 3703
f 751 750 3703
f 3682 3681 3706
f 3682 3706 3704
f 3675 3673 3683
f 3681 3683 3673
f 3706 3681 3673
f 4475 3674 3706
f 3673 4475 3706
f 3707 3706 3674
f 3704 3706 3707
f 3705 3704 3707
f 3705 3707 3709
f 3705 3709 3708
f 4476 935 3707
f 3674 4476 3707
f 3709 3707 935
f 935 870 3709
f 870 868 3709
f 864 3709 868
f 3708 3709 864
f 3708 861 865
f 3708 859 861
f 3708 725 859
f 3708 864 725
f 700 3703 659
f 751 3703 700
f 3703 658 709
f 709 818 3708
f 3703 709 3708
f 818 3705 3708
f 659 3703 660
f 819 660 3708
f 660 3703 3708
f 694 819 865
f 695 694 865
f 819 3708 865
f 701 695 865
f 749 701 865
f 3684 3665 3698
f 994 3684 3698
f 3665 3691 3698
f 960 994 3698
f 3691 3664 3695
f 3691 3695 3698
f 3698 3695 3696
f 3698 3696 3697
f 960 3698 3697
f 961 960 3697
f 957 961 3697
f 727 3690 697
f 697 3690 745
f 745 3690 3693
f 3664 745 3693
f 3664 852 745
f 3664 850 852
f 3690 3689 3693
f 3664 744 972
f 702 744 3693
f 744 3664 3693
f 3695 3664 972
f 3667 987 666
f 665 3667 666
f 3689 3667 665
f 3689 665 3693
f 665 723 3693
f 3693 723 729
f 3693 601 3694
f 3693 729 601
f 647 702 3694
f 702 3693 3694
f 3695 972 974
f 3695 650 3696
f 650 647 3696
f 3696 647 3694
f 3695 974 650
f 649 3696 703
f 3696 3694 703
f 3699 3696 968
f 3696 648 968
f 648 3696 649
f 3694 601 983
f 601 600 983
f 698 3694 983
f 703 3694 698
f 676 983 602
f 698 983 676
f 746 603 876
f 746 876 878
f 747 746 878
f 3699 968 747
f 3699 747 878
f 883 3699 679
f 679 3699 877
f 877 3699 878
f 957 3697 3700
f 958 957 3700
f 993 958 3700
f 3697 3696 3699
f 3697 3699 3700
f 3700 3699 883
f 886 3700 883
f 888 3700 886
f 993 3700 888
f 993 621 894
f 993 887 621
f 993 888 887
f 944 945 3702
f 954 944 3702
f 945 942 3701
f 945 3701 3702
f 3702 3701 841
f 3702 831 3720
f 3702 820 831
f 820 3702 841
f 954 3702 3720
f 954 3720 955
f 942 941 3719
f 942 3719 3701
f 4289 3676 941
f 946 4289 941
f 3719 941 3676
f 3676 3678 3719
f 808 3719 809
f 3678 809 3719
f 840 3719 808
f 3701 3719 840
f 3701 840 841
f 847 846 3717
f 849 847 3718
f 3718 847 3717
f 809 3677 810
f 3677 811 810
f 833 811 3677
f 845 833 3677
f 3678 3677 809
f 846 845 3717
f 3717 845 3677
f 3677 3672 3717
f 3692 837 3717
f 3680 3692 3717
f 3680 3717 3683
f 3672 3683 3717
f 828 3717 837
f 827 3718 828
f 3718 3717 828
f 3718 824 3666
f 3718 827 824
f 955 825 826
f 955 832 825
f 955 3720 832
f 955 826 834
f 3720 831 836
f 3720 836 3718
f 836 849 3718
f 832 3720 835
f 835 3720 848
f 848 3720 3718
f 830 829 3666
f 829 848 3666
f 848 3718 3666
f 842 830 3666
f 884 871 3713
f 895 884 3713
f 896 895 3713
f 629 896 630
f 630 896 3713
f 869 877 618
f 877 876 618
f 618 876 605
f 871 869 618
f 876 992 605
f 871 618 3713
f 618 626 3713
f 626 668 3713
f 668 667 3713
f 669 790 3714
f 3713 667 669
f 3713 669 3714
f 3713 704 690
f 704 3713 795
f 3713 3714 795
f 3713 690 3712
f 794 733 705
f 609 705 3712
f 705 733 3712
f 733 692 3712
f 692 630 3712
f 630 3713 3712
f 784 785 794
f 785 733 794
f 786 784 797
f 797 784 794
f 610 609 962
f 962 609 3712
f 875 867 3710
f 992 875 3710
f 605 992 620
f 620 992 632
f 632 992 633
f 633 992 3710
f 867 684 685
f 867 685 3710
f 685 657 3710
f 657 631 3710
f 631 716 3710
f 718 791 3643
f 3710 716 718
f 3710 718 3643
f 3710 3643 3711
f 717 633 3711
f 792 717 3711
f 633 3710 3711
f 790 792 3714
f 3714 792 3711
f 3714 3711 3716
f 796 3714 688
f 688 3714 3716
f 689 688 3715
f 688 3716 3715
f 3711 3643 3649
f 3716 3711 3649
f 3716 3649 3637
f 640 3716 3637
f 635 3716 640
f 3715 635 637
f 3715 3716 635
f 680 3715 638
f 638 3715 637
f 611 962 675
f 962 3712 675
f 962 611 966
f 611 628 966
f 628 674 966
f 795 3714 796
f 690 689 3715
f 3712 690 3715
f 712 3712 3715
f 675 3712 712
f 646 3715 680
f 636 3715 646
f 712 3715 636
f 3638 1168 1167
f 683 1168 3638
f 966 656 683
f 966 674 656
f 966 683 3638
f 966 3638 967
f 732 693 3647
f 693 608 3647
f 608 607 3647
f 607 857 3647
f 730 732 3647
f 857 606 691
f 857 691 662
f 857 662 3642
f 662 661 3642
f 3647 857 3642
f 3647 3642 3648
f 731 3647 663
f 663 3647 3648
f 787 663 3644
f 3644 663 3648
f 730 3647 731
f 789 787 3644
f 791 789 3643
f 3643 789 3644
f 715 860 721
f 748 860 715
f 661 677 3642
f 880 853 3641
f 859 880 3641
f 860 859 3641
f 4477 3641 853
f 854 4477 853
f 3641 719 860
f 721 860 719
f 4478 3646 742
f 3641 4478 742
f 3641 742 720
f 3641 720 719
f 788 742 3646
f 783 788 3645
f 3645 788 3646
f 678 783 3645
f 3642 677 678
f 3642 678 3645
f 3648 3642 3645
f 3648 3645 3653
f 3648 3653 3652
f 3646 3654 3645
f 3653 3645 3654
f 3654 3630 3653
f 3629 3653 3630
f 3652 3653 3629
f 3652 3629 3628
f 3643 3644 3651
f 3643 3651 3649
f 3644 3648 3652
f 3644 3652 3651
f 3651 3652 3628
f 3650 3651 3628
f 3649 3651 3650
f 3649 739 735
f 739 3649 1180
f 3649 3650 1180
f 3649 735 3637
f 1180 3650 1179
f 3637 735 734
f 3637 734 3624
f 734 687 3624
f 687 686 3624
f 3650 3628 3620
f 1178 3650 3620
f 1179 3650 1178
f 1178 3620 1176
f 722 643 3617
f 643 642 3617
f 655 613 3625
f 613 722 3625
f 3625 722 3617
f 653 655 3625
f 3624 686 653
f 3624 653 3625
f 3626 3624 3625
f 3628 3629 3621
f 3620 3628 3621
f 4479 3627 3629
f 3630 4479 3629
f 3621 3629 3627
f 3627 3623 3621
f 3618 3621 3623
f 1177 3620 728
f 644 728 3618
f 728 3621 3618
f 3620 3621 728
f 1176 3620 1177
f 642 644 3617
f 644 3618 3617
f 3617 614 651
f 3617 3618 614
f 3617 652 3619
f 652 780 3619
f 3617 651 652
f 3623 3622 3618
f 3622 634 3618
f 614 3618 634
f 3622 948 634
f 740 634 948
f 736 740 947
f 947 740 948
f 737 736 947
f 3619 780 737
f 3619 737 947
f 3619 947 952
f 3626 3625 3640
f 3639 3626 3640
f 3625 3617 3619
f 3625 3619 3640
f 3640 3619 952
f 978 3640 952
f 3639 3640 978
f 3639 978 953
f 967 3638 3634
f 995 967 3634
f 996 995 3634
f 1167 1170 3632
f 3638 1167 3632
f 3638 3632 3634
f 3634 3632 3635
f 3633 3634 3635
f 996 3634 3633
f 996 3633 997
f 1169 682 3631
f 682 681 3631
f 1170 1169 3632
f 3632 1169 3631
f 640 3637 3624
f 738 640 3624
f 681 645 3631
f 645 738 3631
f 3631 738 3624
f 3631 3624 3626
f 3631 3626 3636
f 3632 3631 3636
f 3635 3632 3636
f 3635 3636 3685
f 3635 3685 3686
f 3636 3626 3639
f 3685 3636 3639
f 3685 3639 953
f 3685 953 976
f 3686 3685 976
f 3686 976 977
f 997 3633 3687
f 997 3687 998
f 3633 3635 3686
f 3687 3633 3686
f 3687 3686 977
f 951 3687 977
f 998 3687 951
f 998 951 950
f 902 3655 3662
f 3657 3660 3658
f 3657 3658 892
f 710 3671 872
f 3658 3662 3655
f 3658 3655 892
f 3669 711 3656
f 3663 3669 3656
f 902 856 3655
f 3671 3661 872
f 872 3660 3659
f 3660 3657 3659
f 858 879 3655
f 3659 3656 711
f 872 3659 710
f 872 991 3662
f 934 3663 3656
f 3662 3658 3660
f 3661 969 872
f 872 3662 3660
f 889 902 3662
f 3659 711 710
f 991 889 3662
f 934 3656 892
f 3656 3659 3657
f 3656 3657 892
f 856 858 3655
f 890 892 3655
f 879 890 3655
f 289 284 288
f 280 281 779
f 281 3630 3654
f 281 3654 3646
f 281 3646 4478
f 4291 921 4292
f 281 280 4482
f 4475 284 3674
f 854 713 4477
f 3630 281 4479
f 284 289 778
f 3623 612 3622
f 4477 4480 3641
f 778 870 935
f 778 935 4476
f 778 4476 284
f 4292 921 300
f 615 948 3622
f 615 3622 612
f 4290 921 4291
f 4474 779 281
f 3428 4962 3245
f 4476 3674 284
f 4289 288 3676
f 921 4290 946
f 4289 946 4290
f 4254 3672 3677
f 4254 3677 3678
f 4254 3678 3676
f 4254 3676 288
f 281 4478 4474
f 4480 4477 713
f 775 4482 280
f 4482 612 3623
f 4482 3623 3627
f 4482 3627 4479
f 4482 4479 281
f 284 4475 3673
f 284 3673 3675
f 3675 4254 288
f 284 3675 288
f 726 4474 4478
f 3641 726 4478
f 726 3641 4480
f 906 904 899
f 578 583 582
f 912 911 4507
f 4509 926 4514
f 576 4500 581
f 4503 4501 913
f 940 930 917
f 939 918 930
f 931 916 899
f 917 899 916
f 917 916 940
f 922 931 933
f 931 932 916
f 910 892 915
f 939 930 932
f 907 915 905
f 922 932 931
f 922 933 927
f 904 905 933
f 4507 4505 912
f 285 915 286
f 910 915 285
f 4511 4513 925
f 934 922 928
f 925 924 920
f 924 4513 4512
f 917 938 911
f 908 934 909
f 908 922 934
f 924 938 923
f 899 917 906
f 939 929 918
f 907 286 915
f 286 907 913
f 940 916 932
f 932 930 940
f 932 922 939
f 189 4514 926
f 4481 913 4501
f 286 913 4481
f 891 933 905
f 580 285 576
f 906 905 904
f 923 920 924
f 300 922 908
f 921 922 300
f 933 891 927
f 930 918 923
f 937 939 922
f 920 923 918
f 905 915 891
f 891 915 892
f 922 921 937
f 928 927 891
f 919 918 929
f 892 910 909
f 927 928 922
f 4503 907 1346
f 913 907 4503
f 917 923 938
f 576 286 4502
f 892 909 934
f 923 917 930
f 353 356 582
f 4506 4507 911
f 301 909 910
f 908 909 301
f 4481 4502 286
f 4504 1346 907
f 911 906 917
f 905 906 907
f 920 918 919
f 911 907 906
f 907 911 912
f 356 300 585
f 356 585 579
f 4499 4495 598
f 574 580 581
f 576 581 580
f 574 578 579
f 4490 597 4489
f 4491 597 4490
f 585 577 580
f 575 573 574
f 582 583 353
f 580 574 585
f 579 578 356
f 582 356 578
f 573 597 584
f 574 584 578
f 583 578 584
f 585 300 577
f 584 574 573
f 597 573 598
f 584 4486 583
f 4497 4498 575
f 579 585 574
f 4494 4493 597
f 4487 583 4486
f 285 580 577
f 574 581 575
f 573 4498 4499
f 268 4315 265
f 268 4318 4315
f 268 4316 4318
f 268 4317 4316
f 268 4319 4317
f 4328 4339 4329
f 4319 4339 4328
f 4319 4077 4339
f 268 4077 4319
f 910 577 301
f 285 577 910
f 908 577 300
f 301 577 908
f 286 576 285
f 4275 4517 4276
f 4272 4517 4275
f 4271 4517 4272
f 4274 4517 4271
f 4273 4517 4274
f 4270 4517 4273
f 4303 182 4300
f 4167 182 4303
f 270 182 4167
f 4277 4517 4278
f 4276 4517 4277
f 4167 4301 270
f 4299 4300 182
f 573 575 4498
f 4491 584 597
f 4486 584 4491
f 4502 4500 576
f 4511 4510 4516
f 4512 4508 938
f 924 925 4513
f 4488 583 4487
f 4484 583 4488
f 4492 597 4493
f 4489 597 4492
f 4309 265 4363
f 4299 265 4309
f 182 265 4299
f 4302 270 4301
f 4305 270 4302
f 4306 270 4305
f 4307 270 4306
f 4308 270 4307
f 4304 270 4308
f 4278 270 4304
f 4516 4278 4517
f 183 4278 4516
f 183 270 4278
f 4342 4343 4341
f 4326 4340 4327
f 4325 4340 4326
f 4324 4340 4325
f 4330 4340 4324
f 4333 4340 4330
f 4332 4340 4333
f 4331 4340 4332
f 4354 4355 4353
f 4497 581 4496
f 575 581 4497
f 4357 4362 4356
f 4360 4362 4357
f 4361 4362 4360
f 4365 4309 4364
f 4366 4309 4365
f 4367 4309 4366
f 4314 265 4315
f 4313 265 4314
f 4311 265 4313
f 4312 265 4311
f 4334 265 4312
f 4350 265 4334
f 4351 265 4350
f 4352 265 4351
f 4355 265 4352
f 4348 4349 4347
f 4346 4347 4345
f 4336 4345 4335
f 4327 4345 4336
f 4344 4327 4340
f 4344 4345 4327
f 4485 583 4484
f 4483 583 4485
f 4483 353 583
f 4280 353 4483
f 4494 598 4495
f 597 598 4494
f 4496 581 4500
f 4514 4515 4509
f 4515 4516 4510
f 4506 938 4508
f 911 938 4506
f 4504 912 4505
f 907 912 4504
f 4510 4509 4515
f 4512 938 924
f 4499 598 573
f 265 4362 4363
f 265 4356 4362
f 265 4355 4356
f 4334 4349 4350
f 4334 4347 4349
f 4334 4345 4347
f 4334 4335 4345
f 4352 4353 4355
f 4340 4343 4344
f 4340 4341 4343
f 4363 4364 4309
f 4357 4359 4360
f 4357 4358 4359
f 989 752 666
f 863 752 989
f 619 602 875
f 863 989 990
f 863 990 600
f 900 602 885
f 873 602 898
f 875 602 873
f 985 899 984
f 984 899 982
f 863 602 900
f 863 600 602
f 990 989 984
f 898 602 899
f 983 899 602
f 984 982 990
f 987 985 666
f 989 666 985
f 985 984 989
f 982 899 600
f 931 985 988
f 600 990 982
f 988 985 987
f 986 863 971
f 752 863 981
f 931 899 985
f 981 863 986
f 600 899 983
f 885 602 619
f 965 769 774
f 774 772 965
f 769 997 998
f 769 998 950
f 769 996 997
f 961 957 956
f 944 954 754
f 756 798 800
f 956 757 756
f 894 629 622
f 967 995 965
f 757 956 958
f 756 800 956
f 757 958 993
f 757 993 622
f 958 956 957
f 622 993 894
f 798 754 843
f 843 754 844
f 627 966 964
f 769 995 996
f 994 960 959
f 965 966 967
f 896 629 894
f 769 965 995
f 955 834 821
f 956 960 961
f 627 610 962
f 962 966 627
f 965 964 966
f 964 965 963
f 963 965 772
f 956 959 960
f 959 956 800
f 756 754 798
f 844 754 954
f 821 954 955
f 844 954 821
f 901 897 933
f 897 904 933
f 933 975 901
f 979 903 980
f 975 980 903
f 901 975 903
f 903 928 893
f 893 928 891
f 928 903 979
f 862 970 863
f 872 969 806
f 971 863 970
f 814 806 969
f 862 974 972
f 972 744 745
f 862 852 970
f 862 648 650
f 862 650 974
f 862 972 745
f 862 747 968
f 862 745 852
f 973 970 852
f 851 973 852
f 862 968 648
f 882 604 747
f 862 882 747
f 850 851 852
f 620 657 685
f 682 654 681
f 654 687 641
f 693 662 691
f 608 691 606
f 662 730 663
f 604 603 746
f 710 625 624
f 692 668 626
f 752 664 666
f 641 687 734
f 626 630 692
f 620 685 619
f 711 625 710
f 631 632 633
f 750 700 699
f 612 728 644
f 751 700 750
f 673 670 659
f 749 696 701
f 625 670 623
f 605 620 603
f 697 723 665
f 725 748 715
f 641 734 639
f 668 692 669
f 740 615 634
f 604 746 747
f 648 649 647
f 744 697 745
f 744 702 697
f 664 727 665
f 715 714 724
f 697 665 727
f 659 670 700
f 706 707 708
f 743 673 741
f 735 639 734
f 700 670 671
f 715 724 725
f 726 720 742
f 601 723 676
f 741 673 672
f 739 639 735
f 737 615 736
f 627 611 610
f 632 631 657
f 4480 715 726
f 713 715 4480
f 736 615 740
f 662 693 730
f 645 640 738
f 717 631 633
f 697 676 723
f 709 658 660
f 659 660 658
f 654 652 655
f 669 667 668
f 669 692 733
f 730 693 732
f 691 608 693
f 663 730 731
f 729 723 601
f 606 607 608
f 645 641 640
f 717 716 631
f 600 601 602
f 641 645 654
f 654 686 687
f 654 653 686
f 726 715 720
f 715 713 714
f 694 695 696
f 698 697 702
f 654 655 653
f 717 718 716
f 613 643 722
f 613 612 643
f 663 677 661
f 720 715 719
f 719 715 721
f 618 679 616
f 615 614 634
f 675 705 609
f 665 666 664
f 712 705 675
f 636 639 688
f 636 705 712
f 676 602 601
f 663 661 662
f 659 658 672
f 690 705 636
f 681 654 645
f 704 705 690
f 676 697 698
f 701 696 695
f 698 702 703
f 703 702 649
f 643 612 644
f 649 702 647
f 699 700 671
f 657 620 632
f 628 627 656
f 621 618 617
f 612 614 615
f 626 622 630
f 656 627 683
f 636 689 690
f 636 688 689
f 656 674 628
f 618 605 604
f 684 619 685
f 625 671 670
f 629 630 622
f 639 636 635
f 611 675 609
f 655 652 613
f 638 646 680
f 663 678 677
f 618 604 679
f 603 604 605
f 639 635 640
f 616 617 618
f 659 672 673
f 627 628 611
f 622 626 618
f 651 613 652
f 612 613 614
f 614 613 651
f 635 636 637
f 648 647 650
f 639 640 641
f 638 636 646
f 643 644 642
f 637 636 638
f 623 624 625
f 622 618 621
f 619 603 620
f 609 610 611
f 806 819 694
f 806 660 819
f 806 709 660
f 806 743 817
f 806 694 815
f 817 743 741
f 813 806 814
f 806 818 709
f 806 817 818
f 816 694 696
f 815 694 816
f 706 806 813
f 806 805 743
f 806 706 805
f 805 706 708
f 799 801 802
f 802 804 799
f 799 803 800
f 803 799 804
f 801 799 798
f 800 798 799
f 804 810 811
f 804 811 812
f 809 810 802
f 804 802 810
f 500 457 1838
f 443 442 455
f 822 849 836
f 822 847 849
f 822 835 829
f 822 833 845
f 832 821 825
f 842 823 830
f 829 835 848
f 812 822 839
f 823 829 830
f 822 846 847
f 834 826 821
f 831 832 835
f 822 845 846
f 831 821 832
f 827 822 824
f 836 831 822
f 835 822 831
f 822 812 833
f 839 822 838
f 3692 822 837
f 4963 838 822
f 811 833 812
f 837 822 828
f 825 821 826
f 404 516 508
f 828 822 827
f 823 824 822
f 822 829 823
f 4533 4532 4534
f 459 515 489
f 513 503 501
f 459 461 515
f 492 510 479
f 395 341 467
f 405 404 488
f 400 394 396
f 385 503 513
f 385 468 512
f 491 510 492
f 464 463 480
f 473 505 389
f 514 462 464
f 385 512 503
f 480 463 493
f 478 403 405
f 4539 4534 4532
f 441 509 442
f 389 419 473
f 479 510 511
f 327 391 393
f 488 404 489
f 508 489 404
f 471 441 443
f 459 489 508
f 459 508 502
f 455 456 504
f 468 385 444
f 507 410 499
f 506 410 507
f 499 407 497
f 326 402 401
f 442 443 441
f 439 476 440
f 502 494 459
f 433 432 437
f 4545 4554 4543
f 504 456 486
f 486 456 484
f 501 503 457
f 501 457 500
f 4555 4543 4554
f 497 407 498
f 498 407 324
f 499 410 407
f 492 479 414
f 327 324 392
f 430 403 478
f 4551 4542 4553
f 4544 4542 4551
f 4545 4542 4544
f 4543 4542 4545
f 492 490 491
f 430 478 463
f 436 472 418
f 470 437 432
f 438 472 436
f 343 467 341
f 477 440 476
f 414 479 412
f 396 453 452
f 428 327 429
f 4553 4560 4552
f 386 429 327
f 427 428 426
f 4092 4619 4190
f 246 4619 4092
f 4613 4608 4611
f 4613 4603 4608
f 4619 4603 4613
f 246 4603 4619
f 246 4606 4603
f 418 472 416
f 465 440 466
f 427 426 425
f 459 458 461
f 444 469 468
f 467 396 395
f 398 409 410
f 396 452 400
f 4526 398 4525
f 422 440 465
f 440 421 439
f 463 462 430
f 463 464 462
f 459 460 458
f 455 442 456
f 437 436 454
f 437 454 433
f 440 422 421
f 4522 474 475
f 4523 474 4522
f 436 435 438
f 327 387 386
f 327 393 387
f 387 444 385
f 4521 397 4526
f 392 324 407
f 396 394 395
f 436 437 435
f 432 433 434
f 427 327 428
f 403 430 415
f 427 424 431
f 427 425 424
f 403 414 412
f 420 421 422
f 403 415 414
f 4521 475 397
f 4522 475 4521
f 403 411 413
f 424 425 423
f 4563 4565 4564
f 4563 4562 4565
f 4559 4552 4560
f 4562 4552 4559
f 4563 4552 4562
f 389 388 419
f 417 418 416
f 406 407 408
f 403 412 411
f 392 407 406
f 4591 4585 4586
f 404 405 403
f 4582 4572 4570
f 399 394 400
f 327 392 391
f 389 390 388
f 385 386 387
f 4033 311 4034
f 4032 4034 311
f 4546 4539 4547
f 4540 274 4541
f 4604 4605 4607
f 274 4537 4536
f 4538 4537 274
f 4614 4621 4612
f 4541 4536 4535
f 4541 274 4536
f 4604 4608 4603
f 4607 4608 4604
f 4525 410 4528
f 410 4525 398
f 4557 4550 4556
f 4557 4542 4550
f 4557 4553 4542
f 4560 4553 4557
f 4518 4519 1838
f 4612 4615 4614
f 4612 4610 4615
f 4586 4587 4591
f 4581 4574 4573
f 4582 4581 4580
f 4582 4574 4581
f 4570 4574 4582
f 4571 4574 4570
f 4527 410 506
f 4528 410 4527
f 4577 4583 4579
f 4577 4584 4583
f 4571 4577 4574
f 4571 4584 4577
f 4575 4584 4571
f 4576 4584 4575
f 4578 4584 4576
f 4567 4584 4578
f 4568 4567 4566
f 4569 4567 4568
f 4561 4567 4569
f 4556 4558 4557
f 4556 4561 4558
f 4556 4567 4561
f 4556 4584 4567
f 4598 4597 4602
f 4595 4600 4596
f 4595 4601 4600
f 4601 4588 4590
f 4595 4588 4601
f 4595 4589 4588
f 4595 4593 4589
f 4530 402 4529
f 4546 4549 4548
f 4547 4549 4546
f 4620 4612 4621
f 4194 4620 243
f 4621 243 4620
f 4611 4615 4610
f 4608 4615 4611
f 450 447 4520
f 4518 447 4519
f 4520 447 4518
f 4523 451 474
f 4524 451 4523
f 4532 4547 4539
f 4531 402 4530
f 326 4529 402
f 398 4526 397
f 243 4621 4622
f 4615 4618 4616
f 4615 4617 4618
f 4615 4609 4617
f 4615 4608 4609
f 4602 4599 4598
f 4599 4595 4594
f 4599 4593 4595
f 4602 4593 4599
f 4602 4592 4593
f 4602 4587 4592
f 4602 4591 4587
f 279 779 763
f 778 279 763
f 760 758 753
f 775 295 771
f 767 765 766
f 776 763 779
f 761 766 760
f 771 777 775
f 777 773 775
f 777 771 772
f 764 757 763
f 772 774 768
f 764 772 768
f 757 764 768
f 775 280 293
f 295 775 293
f 774 769 768
f 767 766 768
f 762 763 757
f 757 768 761
f 766 761 768
f 772 764 773
f 763 762 778
f 773 777 772
f 763 776 764
f 767 768 769
f 760 753 761
f 765 760 766
f 755 761 753
f 761 755 757
f 754 755 753
f 754 753 759
f 754 756 755
f 756 757 755
f 291 298 283
f 758 759 753
f 293 292 328
f 278 328 292
f 297 282 276
f 278 329 328
f 293 328 296
f 316 313 299
f 297 276 288
f 318 317 314
f 292 276 278
f 314 315 312
f 316 291 317
f 276 292 294
f 291 316 298
f 313 318 314
f 317 318 316
f 298 299 283
f 276 294 288
f 313 316 318
f 329 296 328
f 283 290 291
f 289 288 294
f 279 294 292
f 779 279 293
f 280 779 293
f 299 298 316
f 314 312 313
f 292 293 279
f 283 282 290
f 295 293 296
f 282 283 276
f 283 277 276
f 277 278 276
f 271 244 273
f 245 271 273
f 247 273 244
f 267 266 271
f 244 271 266
f 269 244 266
f 778 289 294
f 279 778 294
f 771 295 770
f 615 770 295
f 780 770 737
f 615 737 770
f 652 654 780
f 654 770 780
f 794 705 795
f 781 786 793
f 793 764 781
f 764 793 773
f 705 704 795
f 796 688 793
f 793 688 639
f 786 797 793
f 797 794 796
f 794 795 796
f 797 796 793
f 920 1175 1171
f 767 926 1172
f 1175 760 1172
f 1172 1171 1175
f 1174 758 760
f 765 1172 760
f 919 1173 920
f 1173 1174 1175
f 1171 925 920
f 760 1175 1174
f 1175 920 1173
f 1173 919 929
f 1174 1173 759
f 1171 1172 926
f 1172 765 767
f 758 1174 759
f 929 759 1173
f 925 1171 4511
f 4510 4511 1171
f 4509 4510 1171
f 926 4509 1171
f 770 963 772
f 963 770 964
f 772 771 770
f 627 964 770
f 1167 1168 770
f 1170 1167 770
f 1169 1170 770
f 682 1169 770
f 682 770 654
f 683 627 1168
f 1168 627 770
f 773 793 775
f 612 4482 793
f 775 793 4482
f 639 739 1180
f 793 1179 1178
f 793 1180 1179
f 793 639 1180
f 793 1178 1176
f 793 1176 1177
f 793 1177 728
f 612 793 728
f 1113 1115 1138
f 1115 1119 1138
f 1121 1138 1119
f 1139 1074 1069
f 1062 1036 1138
f 1139 1146 1074
f 1139 1140 1146
f 1062 4211 4212
f 1062 4212 4213
f 1062 4213 1139
f 1062 1083 1036
f 1139 1069 1062
f 1030 1029 1036
f 4211 1062 1138
f 1083 1030 1036
f 1036 1040 1045
f 1069 1066 1062
f 1036 1045 1113
f 1062 1060 1083
f 1036 1113 1138
f 2007 4655 4654
f 2004 2007 4654
f 3989 1153 3988
f 4657 4656 4655
f 1329 4653 4654
f 4387 4651 3988
f 1160 4646 4647
f 4392 1160 4647
f 4648 4647 4646
f 4649 4648 4646
f 4650 4649 4646
f 4635 4650 4646
f 4636 4635 4646
f 4638 4637 4636
f 4639 4638 4636
f 4639 4636 4646
f 1154 3988 1153
f 1155 1153 3989
f 2005 4652 1166
f 4246 4660 4310
f 2006 4246 4310
f 4640 4639 1159
f 4642 4641 4640
f 4642 4640 1159
f 4643 4642 1159
f 4644 4643 1159
f 4645 4644 1159
f 4629 4645 1159
f 4630 4629 1159
f 4631 4630 1159
f 4632 4631 1159
f 4633 4632 1159
f 4634 4633 1159
f 4625 4634 1159
f 4626 4625 1159
f 4627 4626 1159
f 4623 4628 4627
f 4623 4627 1159
f 4624 4623 1159
f 1149 4235 4624
f 1149 4624 1159
f 3987 3988 4651
f 2007 2006 4655
f 4656 4654 4655
f 4659 4658 4661
f 4660 4659 4661
f 1340 4661 4658
f 4662 1340 4658
f 4310 4657 4655
f 4310 4655 2006
f 4661 4310 4660
f 4646 1159 4639
f 4653 1166 4652
f 1329 1166 4653
f 1157 1150 1156
f 1427 2012 1426
f 1427 1428 2012
f 4666 2012 4669
f 4667 2012 4666
f 4668 2012 4667
f 4663 2012 4668
f 4665 4663 4664
f 2015 4663 4665
f 2015 2012 4663
f 1426 1429 1427
f 2012 2015 1426
f 1147 1156 1150
f 4015 4669 2012
f 2011 1426 2015
f 1151 1152 1153
f 4671 4408 1153
f 4670 4671 1153
f 4461 4402 4670
f 4461 4670 1153
f 4676 4461 1153
f 4677 4676 1153
f 4464 4678 4679
f 4450 4464 4679
f 4450 4679 4677
f 4675 4450 4677
f 4467 4675 4677
f 4435 4467 4677
f 4435 4677 1153
f 4672 4435 1153
f 4673 4672 1153
f 4674 4673 1153
f 1152 4443 4674
f 1152 4674 1153
f 1154 1153 4408
f 4682 4681 1151
f 1158 4682 1151
f 4683 4440 1151
f 4680 4683 1151
f 4681 4680 1151
f 1152 1151 4440
f 4696 1159 4697
f 4682 1159 4696
f 1158 1159 4682
f 4692 1159 4386
f 4394 1159 4692
f 4396 1159 4394
f 4684 1159 4396
f 4685 1159 4684
f 4691 1159 4685
f 4689 1159 4691
f 4690 1159 4689
f 4686 1159 4690
f 4687 1159 4686
f 4688 1159 4687
f 4699 1159 4688
f 4698 1159 4699
f 4415 4698 4447
f 4415 1159 4698
f 4694 1159 4415
f 4695 1159 4694
f 4410 4695 4419
f 4410 1159 4695
f 4693 1159 4410
f 4697 1159 4693
f 4646 4386 1159
f 1160 4386 4646
f 1032 1034 1161
f 1214 1032 1161
f 1039 1032 1214
f 1213 1039 1214
f 1212 1213 1214
f 1209 1213 1212
f 1214 1161 1162
f 1212 1214 1162
f 1213 1051 1039
f 1210 1051 1213
f 999 1051 1210
f 1215 999 1210
f 1215 1210 1208
f 1206 1215 1208
f 1210 1213 1209
f 1208 1210 1209
f 1208 1209 1207
f 1205 1208 1207
f 1206 1208 1205
f 1204 1206 1205
f 1201 1204 1205
f 4670 4402 1201
f 4401 1204 4402
f 1204 1201 4402
f 1195 1205 1207
f 1201 1205 1195
f 1212 1162 1163
f 1211 1212 1163
f 1211 1209 1212
f 1207 1209 1211
f 1189 1207 1211
f 1195 1207 1189
f 1164 1211 1163
f 1189 1211 1164
f 1215 1004 999
f 1223 1004 1215
f 1002 1004 1223
f 1222 4461 1223
f 1222 4456 4461
f 1002 4461 4676
f 1002 1223 4461
f 1218 1222 1223
f 1221 1222 1218
f 1223 1215 1206
f 1218 1223 1206
f 4456 1222 4457
f 1002 4676 4677
f 4458 4457 1222
f 4462 1219 4463
f 4383 4463 1219
f 210 4699 4688
f 1222 4459 4458
f 1222 1221 4459
f 4460 1221 4462
f 4459 1221 4460
f 1219 4462 1221
f 1219 1221 1217
f 1216 4687 4686
f 4382 4381 1217
f 1219 1217 4381
f 4688 4687 210
f 1216 210 4687
f 1219 4381 4383
f 211 210 1216
f 1193 211 1216
f 180 211 1193
f 4686 4690 1216
f 1217 4380 4382
f 4689 1216 4690
f 1193 1216 4689
f 1204 1218 1206
f 1220 1218 1204
f 1221 1218 1220
f 1217 1221 1220
f 1220 4378 1217
f 1220 4377 4378
f 1217 4379 4380
f 1217 4378 4379
f 1204 4398 1220
f 1204 4401 4398
f 1220 4398 4377
f 4399 1191 4400
f 4397 4405 1191
f 4400 1191 4405
f 1192 4691 4685
f 1184 1192 4684
f 4685 4684 1192
f 1190 1192 1184
f 1191 4395 4397
f 1191 1186 4395
f 1184 4396 1186
f 1184 4684 4396
f 4395 1186 4396
f 4689 4691 1193
f 1192 1193 4691
f 1194 1193 1192
f 1194 180 1193
f 163 180 1194
f 163 1194 1187
f 164 163 1187
f 1194 1192 1190
f 1187 1194 1190
f 1182 1187 1190
f 1181 1187 1182
f 164 1187 1181
f 188 164 1181
f 1181 4640 188
f 4641 188 4640
f 4642 188 4641
f 4638 1181 4637
f 1182 4637 1181
f 4639 1181 4638
f 4640 1181 4639
f 1184 1186 1185
f 1183 1184 1185
f 1183 1190 1184
f 1182 1190 1183
f 4636 1182 4635
f 1183 4635 1182
f 4637 1182 4636
f 1185 4649 1183
f 4650 1183 4649
f 4635 1183 4650
f 1189 1164 1165
f 1188 1189 1165
f 1195 1189 1188
f 1200 1195 1188
f 1197 1200 1188
f 1198 1200 1197
f 1141 1188 1165
f 1197 1188 1141
f 1200 1201 1195
f 1201 4408 4671
f 4408 1200 4404
f 1201 1200 4408
f 1202 4404 1200
f 1202 4403 4404
f 1201 4671 4670
f 1202 4399 4403
f 1191 4399 1202
f 1203 1191 1202
f 1186 1191 1203
f 1202 1200 1198
f 1203 1202 1198
f 4406 1203 4407
f 1198 4407 1203
f 4390 1203 4406
f 1199 1203 4390
f 1186 1203 1199
f 1185 4394 4692
f 1185 1186 4394
f 4384 4393 1199
f 1186 4393 4394
f 1186 1199 4393
f 4647 1185 4386
f 4648 1185 4647
f 4692 4386 1185
f 1199 4385 4384
f 1199 4386 4385
f 1199 4647 4386
f 4649 1185 4648
f 4390 4391 1199
f 4392 1199 4391
f 4647 1199 4392
f 1197 1141 1143
f 1196 1197 1143
f 1198 1197 1196
f 4389 4407 1196
f 1198 1196 4407
f 1196 4388 4389
f 1143 3987 1196
f 4651 1196 3987
f 1196 4651 4388
f 4387 4388 4651
f 1146 1140 1073
f 1072 1146 1073
f 1074 1146 1072
f 1070 1074 1072
f 1055 1070 1072
f 1053 1070 1055
f 1058 1072 1073
f 1055 1072 1058
f 1069 1074 1070
f 1068 1069 1070
f 1068 1066 1069
f 1065 1066 1068
f 1071 1065 1068
f 1075 1065 1071
f 1053 1068 1070
f 1071 1068 1053
f 1052 1071 1053
f 1056 1071 1052
f 1075 1071 1056
f 1067 1075 1056
f 1067 1056 1015
f 1050 1067 1015
f 1056 1052 1016
f 1015 1056 1016
f 1055 1058 1057
f 1054 1055 1057
f 1053 1055 1054
f 1052 1053 1054
f 1005 1052 1054
f 1016 1052 1005
f 1006 1054 1057
f 1005 1054 1006
f 1065 1062 1066
f 1061 1062 1065
f 1060 1062 1061
f 1059 1060 1061
f 1059 1061 1064
f 1063 1059 1064
f 1061 1065 1075
f 1064 1061 1075
f 1059 1083 1060
f 1081 1083 1059
f 1030 1083 1081
f 1031 1030 1081
f 1031 1081 1082
f 1043 1031 1082
f 1081 1059 1063
f 1082 1081 1063
f 1076 1082 1063
f 1080 1082 1076
f 1043 1082 1080
f 1084 1043 1080
f 1023 1084 1080
f 1025 1084 1023
f 1024 1080 1076
f 1023 1080 1024
f 1067 1064 1075
f 1078 1064 1067
f 1078 1063 1064
f 1076 1063 1078
f 1076 1078 1077
f 1024 1076 1077
f 1078 1067 1050
f 1077 1078 1050
f 1049 1077 1050
f 1079 1077 1049
f 1079 1024 1077
f 1022 1024 1079
f 1022 1079 1009
f 1008 1022 1009
f 1079 1049 1017
f 1009 1079 1017
f 1023 1024 1022
f 1021 1023 1022
f 1021 1025 1023
f 1019 1025 1021
f 1019 1021 1020
f 1018 1019 1020
f 1008 1021 1022
f 1020 1021 1008
f 1003 1020 1008
f 1027 1020 1003
f 1027 1018 1020
f 4465 1018 4464
f 1026 1018 4465
f 4678 4464 1027
f 1018 1027 4464
f 4465 4466 1026
f 1027 4679 4678
f 4453 1026 4466
f 1027 1003 1002
f 4677 4679 1002
f 1027 1002 4679
f 1001 1009 1017
f 1000 1009 1001
f 1000 1008 1009
f 1003 1008 1000
f 1004 1003 1000
f 1002 1003 1004
f 999 1000 1001
f 1004 1000 999
f 1005 1006 1007
f 1011 1005 1007
f 1016 1005 1011
f 1013 1016 1011
f 1013 1011 1014
f 1012 1013 1014
f 1010 1011 1007
f 1014 1011 1010
f 1015 1016 1013
f 1028 1015 1013
f 1028 1050 1015
f 1049 1050 1028
f 1049 1028 1047
f 1017 1049 1047
f 1028 1013 1012
f 1047 1028 1012
f 1037 1047 1012
f 1048 1047 1037
f 1017 1047 1048
f 1001 1017 1048
f 1051 1001 1048
f 999 1001 1051
f 1048 1037 1039
f 1051 1048 1039
f 1038 1014 1010
f 1033 1014 1038
f 1012 1014 1033
f 1037 1012 1033
f 1037 1033 1032
f 1039 1037 1032
f 1034 1033 1038
f 1032 1033 1034
f 1029 1030 1031
f 1035 1029 1031
f 1035 1036 1029
f 1041 1036 1035
f 1041 1035 1042
f 1046 1041 1042
f 1035 1031 1043
f 1042 1035 1043
f 1040 1036 1041
f 1044 1040 1041
f 1044 1045 1040
f 1114 1045 1044
f 1114 1044 1123
f 4672 4673 1123
f 1114 1123 4673
f 1044 1041 1046
f 1123 1044 1046
f 1116 1123 1046
f 1124 1123 1116
f 1123 4435 4672
f 1123 1124 4435
f 1124 4436 4435
f 1124 4432 4436
f 1124 4429 4432
f 1125 4429 1124
f 4431 1125 4433
f 1124 4433 1125
f 4426 1125 4431
f 1092 1125 4426
f 1124 1116 1086
f 4428 4434 1086
f 1124 4434 4433
f 1124 1086 4434
f 1042 1043 1084
f 1117 1042 1084
f 1046 1042 1117
f 1116 1046 1117
f 1116 1117 1087
f 1086 1116 1087
f 1025 1117 1084
f 1087 1117 1025
f 1113 1045 1114
f 4674 4443 1114
f 1113 4444 4441
f 1113 4443 4444
f 1113 1114 4443
f 1113 4442 1115
f 1113 4441 4442
f 4439 1115 4442
f 1122 4422 4421
f 4416 4422 1122
f 1114 4673 4674
f 1122 4421 4430
f 1115 4440 1119
f 1115 4439 4440
f 4683 1119 4440
f 1118 4437 4420
f 4680 1119 4683
f 4681 1121 4680
f 4682 1121 4681
f 4696 1121 4682
f 1119 4680 1121
f 1118 4438 4437
f 4697 1121 4696
f 4693 1121 4697
f 1120 1121 4693
f 4409 4438 1118
f 4693 4410 1120
f 1126 1120 4410
f 1118 4410 4409
f 1118 1126 4410
f 1135 1120 1126
f 4420 4418 1118
f 4417 1118 4418
f 1126 1118 4417
f 4417 4419 1126
f 4695 1126 4419
f 1134 1126 4695
f 1136 1126 1134
f 1135 1126 1136
f 1137 1135 1136
f 1133 1137 1136
f 1132 1137 1133
f 1136 1134 1127
f 1133 1136 1127
f 4430 4429 1122
f 1125 1122 4429
f 1130 1122 1125
f 1122 4413 4416
f 1122 1130 4413
f 4414 4413 1130
f 1134 4695 4694
f 4694 4415 1134
f 1129 1134 4415
f 1130 4415 4414
f 1130 1129 4415
f 1127 1134 1129
f 1130 1125 1092
f 1129 1130 1092
f 1089 1129 1092
f 1128 1129 1089
f 1127 1129 1128
f 1101 1127 1128
f 1103 1101 1128
f 1100 1101 1103
f 1128 1089 1093
f 1103 1128 1093
f 1101 1133 1127
f 1099 1133 1101
f 1099 1132 1133
f 1131 1132 1099
f 1098 1131 1099
f 1096 1131 1098
f 1099 1101 1100
f 1098 1099 1100
f 1102 1098 1100
f 1097 1098 1102
f 1096 1098 1097
f 1095 1096 1097
f 1095 1097 195
f 204 1095 195
f 1097 1102 197
f 195 1097 197
f 1094 1103 1093
f 1088 1103 1094
f 1088 1100 1103
f 1102 1100 1088
f 1102 1088 198
f 197 1102 198
f 1088 1094 214
f 198 1088 214
f 1087 1025 1019
f 1085 1087 1019
f 1085 1086 1087
f 4469 4427 1085
f 1086 1085 4427
f 1085 4468 4469
f 1018 1085 1019
f 4675 4467 1018
f 1085 4467 4468
f 1085 1018 4467
f 1086 4427 4428
f 1090 4425 4424
f 4426 4425 1092
f 1090 1092 4425
f 1089 1092 1090
f 1089 1090 1091
f 1093 1089 1091
f 4424 4423 1090
f 4412 1090 4423
f 1091 1090 4412
f 4412 4411 1091
f 1111 1091 4411
f 1110 1091 1111
f 1093 1091 1110
f 1094 1093 1110
f 1094 1110 1106
f 214 1094 1106
f 1110 1111 1107
f 1106 1110 1107
f 1018 4450 4675
f 1018 4451 4450
f 1018 1026 4451
f 1026 4452 4451
f 1026 4448 4452
f 1112 4448 1026
f 1112 4449 4448
f 1112 4411 4449
f 1111 4411 1112
f 1108 1111 1112
f 1107 1111 1108
f 4454 1112 4453
f 4455 1112 4454
f 1026 4453 1112
f 4445 1112 4455
f 1108 1112 4445
f 4445 4446 1108
f 4447 1108 4446
f 1104 4447 4698
f 1104 1108 4447
f 1107 1108 1104
f 1105 1107 1104
f 1105 1104 209
f 215 1105 209
f 4698 4699 1104
f 210 1104 4699
f 209 1104 210
f 1106 1107 1105
f 1109 1106 1105
f 1109 214 1106
f 193 214 1109
f 193 1109 212
f 192 193 212
f 1109 1105 215
f 212 1109 215
f 207 212 215
f 206 212 207
f 206 192 212
f 208 192 206
f 208 206 157
f 156 208 157
f 167 206 207
f 157 206 167
f 209 210 211
f 213 209 211
f 213 215 209
f 207 215 213
f 179 207 213
f 167 207 179
f 213 211 180
f 179 213 180
f 193 198 214
f 191 198 193
f 191 197 198
f 196 197 191
f 196 191 190
f 199 196 190
f 191 193 192
f 190 191 192
f 196 195 197
f 194 195 196
f 194 204 195
f 203 204 194
f 203 194 200
f 205 203 200
f 194 196 199
f 200 194 199
f 200 199 202
f 201 200 202
f 205 200 201
f 226 205 201
f 217 226 201
f 221 226 217
f 219 201 202
f 217 201 219
f 190 192 208
f 225 190 208
f 199 190 225
f 202 199 225
f 227 202 225
f 219 202 227
f 156 225 208
f 227 225 156
f 227 156 161
f 222 227 161
f 222 219 227
f 218 219 222
f 218 222 173
f 175 218 173
f 168 222 161
f 173 222 168
f 218 217 219
f 216 217 218
f 221 217 216
f 220 221 216
f 220 216 223
f 224 220 223
f 216 218 175
f 223 216 175
f 223 175 174
f 178 223 174
f 178 224 223
f 177 224 178
f 4624 177 4623
f 178 4623 177
f 4235 177 4624
f 4628 178 4627
f 174 4627 178
f 4623 178 4628
f 171 173 168
f 172 173 171
f 172 175 173
f 174 175 172
f 4626 174 4625
f 172 4625 174
f 4627 174 4626
f 4634 172 4633
f 171 4633 172
f 4625 172 4634
f 163 179 180
f 162 179 163
f 167 179 162
f 159 167 162
f 166 159 162
f 165 159 166
f 162 163 164
f 166 162 164
f 159 157 167
f 158 157 159
f 156 157 158
f 161 156 158
f 160 161 158
f 168 161 160
f 158 159 165
f 160 158 165
f 160 165 170
f 169 160 170
f 168 160 169
f 171 168 169
f 4632 171 4631
f 169 4631 171
f 4633 171 4632
f 170 4629 169
f 4630 169 4629
f 4631 169 4630
f 188 166 164
f 187 166 188
f 165 166 187
f 170 165 187
f 4645 170 4644
f 187 4644 170
f 4629 170 4645
f 4643 187 4642
f 188 4642 187
f 4644 187 4643
f 76 75 189
f 183 4516 13
f 23 189 75
f 183 94 103
f 183 95 94
f 150 44 148
f 4515 13 4516
f 4514 13 4515
f 189 13 4514
f 150 13 45
f 150 45 44
f 183 13 150
f 45 13 17
f 87 150 99
f 183 85 95
f 13 22 15
f 13 189 22
f 22 189 23
f 183 150 85
f 85 150 87
f 274 245 273
f 245 4606 246
f 245 4709 4606
f 245 4708 4709
f 4708 4591 4602
f 245 4591 4708
f 245 4707 4591
f 245 4706 4707
f 4704 4582 4705
f 4704 4572 4582
f 4706 4572 4704
f 4706 4703 4572
f 4706 4563 4703
f 4706 4552 4563
f 245 4552 4706
f 245 4701 4552
f 245 4702 4701
f 245 4700 4702
f 4700 274 4540
f 245 274 4700
f 4712 4711 247
f 273 247 4711
f 273 4538 274
f 273 4713 4538
f 273 4710 4713
f 273 4711 4710
f 244 4715 4716
f 244 4716 247
f 4187 243 4622
f 244 4187 4622
f 244 4622 4728
f 244 4728 4616
f 244 4616 4618
f 244 4618 4729
f 244 4729 4727
f 244 4727 4726
f 244 4726 4722
f 244 4722 4723
f 244 4723 4724
f 244 4724 4725
f 244 4725 4721
f 244 4721 4720
f 244 4720 4719
f 4719 4584 4556
f 244 4719 4556
f 244 4556 4718
f 244 4718 4717
f 4717 4549 4547
f 244 4717 4547
f 244 4547 4714
f 244 4714 4715
f 4712 247 4716
f 242 147 144
f 241 147 242
f 241 145 147
f 235 145 241
f 235 241 237
f 233 235 237
f 240 241 242
f 237 241 240
f 153 145 235
f 234 153 235
f 234 127 153
f 236 127 234
f 230 236 234
f 229 236 230
f 233 234 235
f 230 234 233
f 231 230 233
f 228 230 231
f 228 229 230
f 232 229 228
f 232 228 80
f 232 4602 4597
f 80 4708 4602
f 80 4602 232
f 228 231 82
f 80 228 82
f 239 237 240
f 238 237 239
f 233 237 238
f 231 233 238
f 231 238 59
f 82 231 59
f 238 239 60
f 59 238 60
f 125 127 236
f 256 125 236
f 256 128 125
f 256 255 4591
f 256 4591 4707
f 256 4707 128
f 4585 4591 255
f 255 256 254
f 253 255 254
f 229 256 236
f 254 256 229
f 255 4586 4585
f 4706 128 4707
f 255 4587 4586
f 252 4588 4589
f 4721 250 4720
f 252 4590 4588
f 4587 255 4592
f 253 4592 255
f 253 252 4589
f 253 4589 4593
f 253 4593 4592
f 251 252 253
f 4724 249 4725
f 251 4600 4601
f 251 4601 252
f 4590 252 4601
f 4721 4725 249
f 250 4721 249
f 248 250 249
f 248 249 66
f 67 248 66
f 249 4724 4723
f 4600 251 4596
f 4722 66 4723
f 249 4723 66
f 254 229 232
f 155 254 232
f 155 253 254
f 251 253 155
f 251 155 4594
f 4599 4594 155
f 4595 4596 251
f 4594 4595 251
f 155 232 4598
f 4597 4598 232
f 4598 4599 155
f 63 4607 4605
f 63 4609 4608
f 63 4608 4607
f 4727 62 4726
f 4727 4729 53
f 62 4727 53
f 61 62 53
f 4609 63 4617
f 54 4617 63
f 54 53 4618
f 54 4618 4617
f 4729 4618 53
f 4722 4726 62
f 66 4722 62
f 65 66 62
f 67 66 65
f 64 67 65
f 56 64 65
f 55 64 56
f 61 65 62
f 56 65 61
f 56 61 50
f 49 56 50
f 49 55 56
f 51 55 49
f 4199 4200 49
f 51 49 4200
f 4200 4172 51
f 49 50 4201
f 4198 4201 50
f 4202 4199 49
f 4201 4202 49
f 52 53 54
f 57 53 52
f 61 53 57
f 50 61 57
f 50 57 4196
f 4195 4196 57
f 4196 4198 50
f 4192 4197 52
f 57 52 4197
f 4197 4195 57
f 58 59 60
f 68 59 58
f 68 82 59
f 81 82 68
f 81 68 70
f 74 81 70
f 68 58 71
f 70 68 71
f 80 82 81
f 81 79 4603
f 81 4603 4606
f 81 4606 4709
f 81 4709 80
f 4604 4603 79
f 4708 80 4709
f 79 63 4604
f 4605 4604 63
f 63 79 78
f 54 63 78
f 74 79 81
f 78 79 74
f 74 4611 4610
f 78 74 4610
f 4612 72 4610
f 78 4610 72
f 72 54 78
f 72 4614 4615
f 72 4615 4616
f 72 4616 54
f 4728 52 4616
f 54 4616 52
f 4728 4622 4191
f 52 4728 4191
f 4614 72 4621
f 4193 4191 4622
f 4193 4622 4621
f 4193 4621 72
f 4191 4192 52
f 72 4612 4620
f 4194 4193 4620
f 72 4620 4193
f 69 70 71
f 73 70 69
f 73 74 70
f 73 4613 4611
f 73 4611 74
f 4613 73 4619
f 73 69 4189
f 4103 4189 69
f 4189 4190 4619
f 4189 4619 73
f 26 75 76
f 24 75 26
f 24 23 75
f 21 23 24
f 21 24 2
f 6 21 2
f 24 26 4
f 2 24 4
f 21 22 23
f 25 22 21
f 15 22 25
f 14 15 25
f 14 25 27
f 20 14 27
f 25 21 6
f 27 25 6
f 27 6 5
f 10 27 5
f 10 20 27
f 8 20 10
f 9 8 10
f 7 8 9
f 11 10 5
f 9 10 11
f 3 2 4
f 1 2 3
f 1 6 2
f 5 6 1
f 5 1 18
f 11 5 18
f 1 3 19
f 18 1 19
f 13 15 14
f 12 13 14
f 12 17 13
f 16 17 12
f 28 16 12
f 30 16 28
f 20 12 14
f 28 12 20
f 45 17 16
f 43 45 16
f 43 44 45
f 47 44 43
f 46 47 43
f 48 47 46
f 30 43 16
f 46 43 30
f 46 30 29
f 35 46 29
f 35 48 46
f 42 48 35
f 42 35 34
f 41 42 34
f 35 29 32
f 34 35 32
f 28 20 8
f 31 28 8
f 30 28 31
f 29 30 31
f 33 29 31
f 32 29 33
f 7 31 8
f 33 31 7
f 33 7 40
f 37 33 40
f 32 33 37
f 36 32 37
f 39 36 37
f 38 36 39
f 129 37 40
f 39 37 129
f 36 34 32
f 138 34 36
f 41 34 138
f 137 41 138
f 140 137 138
f 139 137 140
f 138 36 38
f 140 138 38
f 140 38 123
f 130 140 123
f 139 140 130
f 4580 141 4582
f 139 4582 141
f 130 4705 4582
f 130 4582 139
f 141 4580 4581
f 4705 130 4704
f 141 4581 4573
f 128 130 123
f 128 4706 4704
f 128 4704 130
f 39 129 126
f 124 39 126
f 38 39 124
f 123 38 124
f 123 124 125
f 128 123 125
f 153 127 126
f 124 126 127
f 125 124 127
f 134 18 19
f 133 18 134
f 133 11 18
f 132 11 133
f 131 132 133
f 136 132 131
f 133 134 135
f 131 133 135
f 132 9 11
f 152 9 132
f 7 9 152
f 40 7 152
f 151 40 152
f 129 40 151
f 136 152 132
f 151 152 136
f 151 136 146
f 154 151 146
f 154 129 151
f 126 129 154
f 126 154 153
f 145 154 146
f 153 154 145
f 131 135 143
f 142 131 143
f 142 136 131
f 146 136 142
f 147 146 142
f 145 146 147
f 142 143 144
f 147 142 144
f 47 148 44
f 149 148 47
f 150 148 149
f 97 150 149
f 90 97 149
f 89 97 90
f 48 149 47
f 90 149 48
f 97 99 150
f 96 99 97
f 87 99 96
f 86 87 96
f 98 86 96
f 98 4701 4702
f 98 4702 86
f 89 96 97
f 98 96 89
f 98 89 88
f 100 98 88
f 4553 4552 100
f 4551 4553 100
f 4701 98 4552
f 100 4552 98
f 100 102 4551
f 4544 4551 102
f 100 4557 4558
f 102 100 4558
f 4561 101 4558
f 102 4558 101
f 91 100 88
f 91 4559 4560
f 91 4560 4557
f 91 4557 100
f 42 90 48
f 84 90 42
f 84 89 90
f 88 89 84
f 83 88 84
f 91 88 83
f 84 42 41
f 83 84 41
f 86 85 87
f 86 4700 4540
f 4541 4535 85
f 4540 4541 85
f 86 4540 85
f 95 85 4536
f 4535 4536 85
f 95 4536 4537
f 4555 4554 92
f 92 4543 4555
f 4700 86 4702
f 4545 92 4554
f 94 95 4713
f 4538 4713 95
f 4537 4538 95
f 4539 93 4534
f 4713 4710 94
f 4711 4712 94
f 4710 4711 94
f 103 94 4712
f 103 4712 4716
f 4533 4534 93
f 4714 121 4715
f 93 4532 4533
f 4716 4715 121
f 103 4716 121
f 4532 93 4547
f 4714 4547 118
f 121 4714 118
f 118 4547 93
f 120 121 118
f 93 4539 4546
f 4548 118 4546
f 93 4546 118
f 4549 4717 109
f 118 4548 4549
f 118 4549 109
f 119 118 109
f 119 120 118
f 122 120 119
f 122 119 112
f 114 122 112
f 108 119 109
f 112 119 108
f 4545 4544 102
f 92 4545 102
f 110 92 102
f 4543 92 4542
f 110 4542 92
f 4718 109 4717
f 110 4550 4542
f 4718 4556 105
f 109 4718 105
f 4550 110 4556
f 105 4556 110
f 108 109 105
f 101 110 102
f 105 110 101
f 105 101 106
f 104 105 106
f 104 108 105
f 107 108 104
f 107 104 116
f 115 107 116
f 117 104 106
f 116 104 117
f 112 108 107
f 111 112 107
f 114 112 111
f 113 114 111
f 113 111 275
f 257 113 275
f 115 111 107
f 275 111 115
f 275 115 562
f 563 275 562
f 563 257 275
f 258 257 563
f 524 258 563
f 260 258 524
f 525 563 562
f 524 563 525
f 116 117 559
f 558 116 559
f 115 116 558
f 562 115 558
f 526 562 558
f 525 562 526
f 530 558 559
f 526 558 530
f 137 83 41
f 557 83 137
f 91 83 557
f 557 4565 4562
f 557 4562 91
f 4565 557 4564
f 557 137 139
f 139 4703 4563
f 139 4563 4564
f 139 4564 557
f 4559 91 4562
f 4568 560 4569
f 4561 4569 560
f 101 4561 560
f 106 101 560
f 561 106 560
f 117 106 561
f 560 4568 4566
f 4567 561 4566
f 560 4566 561
f 4567 4578 572
f 561 4567 572
f 571 561 572
f 571 117 561
f 559 117 571
f 569 559 571
f 530 559 569
f 567 571 572
f 569 571 567
f 141 4570 4572
f 141 4572 139
f 4703 139 4572
f 141 570 4570
f 4571 4570 570
f 4575 4571 570
f 4576 4575 570
f 570 572 4576
f 4578 4576 572
f 572 570 566
f 567 572 566
f 141 4573 4574
f 141 4574 4577
f 570 141 4577
f 4579 566 4577
f 570 4577 566
f 566 4579 4583
f 4719 565 4584
f 566 4583 4584
f 566 4584 565
f 565 567 566
f 564 567 565
f 541 564 565
f 538 564 541
f 4719 4720 250
f 565 4719 250
f 541 565 250
f 564 569 567
f 568 569 564
f 530 569 568
f 520 530 568
f 537 520 568
f 518 520 537
f 538 568 564
f 537 568 538
f 537 538 536
f 534 537 536
f 518 537 534
f 532 518 534
f 533 532 534
f 531 532 533
f 534 536 535
f 533 534 535
f 248 541 250
f 540 541 248
f 538 541 540
f 536 538 540
f 536 540 539
f 535 536 539
f 67 540 248
f 539 540 67
f 526 530 520
f 519 526 520
f 525 526 519
f 522 525 519
f 523 522 519
f 521 522 523
f 518 519 520
f 523 519 518
f 524 525 522
f 527 524 522
f 260 524 527
f 264 260 527
f 528 264 527
f 262 264 528
f 521 527 522
f 528 527 521
f 529 528 521
f 542 528 529
f 542 262 528
f 263 262 542
f 263 542 543
f 261 263 543
f 542 529 544
f 543 542 544
f 532 523 518
f 556 523 532
f 556 521 523
f 529 521 556
f 529 556 555
f 544 529 555
f 556 532 531
f 555 556 531
f 550 555 531
f 547 555 550
f 544 555 547
f 545 544 547
f 546 545 547
f 551 545 546
f 547 550 548
f 546 547 548
f 543 544 545
f 549 543 545
f 549 261 543
f 259 261 549
f 553 259 549
f 184 259 553
f 551 549 545
f 553 549 551
f 552 553 551
f 554 553 552
f 184 553 554
f 185 184 554
f 185 554 4181
f 4184 4181 554
f 4181 4182 185
f 554 552 4183
f 4178 4183 552
f 4183 4184 554
f 546 548 595
f 596 546 595
f 551 546 596
f 552 551 596
f 552 596 4177
f 4180 4177 596
f 4177 4178 552
f 596 595 4179
f 4176 4179 595
f 4179 4180 596
f 539 67 64
f 591 539 64
f 591 535 539
f 588 535 591
f 588 591 590
f 589 588 590
f 55 591 64
f 590 591 55
f 533 535 588
f 587 533 588
f 587 531 533
f 550 531 587
f 550 587 593
f 548 550 593
f 589 587 588
f 593 587 589
f 594 593 589
f 592 593 594
f 592 548 593
f 595 548 592
f 595 592 4175
f 4174 4175 592
f 4175 4176 595
f 4171 4173 594
f 592 594 4173
f 4173 4174 592
f 590 55 51
f 599 590 51
f 599 589 590
f 594 589 599
f 594 599 4170
f 4169 4170 599
f 4170 4171 594
f 599 51 4168
f 4172 4168 51
f 4168 4169 599
f 4029 315 4028
f 315 4029 311
f 315 4733 4028
f 315 4734 4732
f 315 4735 4734
f 315 314 4735
f 315 4731 4730
f 315 4730 4733
f 4736 4735 314
f 315 4732 4731
f 4030 311 4029
f 4031 311 4030
f 4032 311 4031
f 330 345 384
f 330 278 345
f 383 331 330
f 337 333 364
f 321 378 322
f 277 283 333
f 333 322 378
f 330 384 381
f 330 382 383
f 282 297 380
f 330 381 382
f 322 333 283
f 329 278 330
f 380 297 379
f 379 297 340
f 333 378 363
f 363 364 333
f 278 338 346
f 278 346 344
f 344 345 278
f 333 278 277
f 343 341 342
f 278 337 338
f 339 340 297
f 278 333 337
f 296 336 334
f 296 332 336
f 330 296 329
f 296 331 332
f 296 334 335
f 296 330 331
f 310 312 315
f 315 311 4041
f 315 4041 4740
f 315 4740 4741
f 315 4741 4737
f 4738 4739 310
f 4737 4738 310
f 315 4737 310
f 309 310 4742
f 4739 4742 310
f 4039 4041 311
f 4040 4039 311
f 4042 4040 311
f 4037 4042 311
f 326 4743 4529
f 4743 326 325
f 324 309 325
f 4742 4743 325
f 4742 325 309
f 4033 4037 311
f 327 309 324
f 299 319 283
f 319 320 283
f 322 283 323
f 321 322 323
f 486 484 485
f 484 483 485
f 487 481 320
f 485 483 481
f 483 482 481
f 481 482 320
f 323 283 482
f 482 283 320
f 494 320 459
f 494 495 320
f 495 496 320
f 496 487 320
f 448 314 317
f 4744 448 4745
f 314 4746 4736
f 4747 448 4744
f 4746 448 4747
f 314 448 4746
f 449 4745 448
f 4748 451 4524
f 4748 446 451
f 447 450 446
f 445 447 446
f 446 4748 4749
f 4749 445 446
f 445 4749 4745
f 4745 449 445
f 449 1854 445
f 317 291 448
f 1853 291 290
f 2041 448 291
f 291 1853 2041
f 1853 282 1847
f 1847 2041 1853
f 290 282 1853
f 448 2041 449
f 380 1809 282
f 379 1809 380
f 340 1809 379
f 399 1787 1784
f 394 399 1784
f 1808 394 1784
f 1847 420 1793
f 421 420 1847
f 1794 421 1847
f 1790 1794 1847
f 1786 1790 1847
f 1808 1784 1786
f 1809 1808 1786
f 1809 1786 1847
f 282 1809 1847
f 377 1848 368
f 1848 1843 368
f 1843 371 368
f 1843 1844 371
f 1843 1845 1844
f 1845 1846 1844
f 1848 1852 1843
f 1852 1845 1843
f 371 1844 369
f 1844 1849 369
f 369 1849 370
f 1849 1850 370
f 1849 1851 1850
f 1851 1825 1850
f 1846 1849 1844
f 1846 1851 1849
f 1861 1851 1846
f 1861 1859 1851
f 1859 1825 1851
f 1859 1826 1825
f 1859 1860 1826
f 1860 1831 1826
f 1861 1862 1859
f 1862 1860 1859
f 1852 1863 1845
f 1863 1858 1845
f 1845 1858 1846
f 1858 1861 1846
f 1857 1861 1858
f 1857 1862 1861
f 1856 1858 1863
f 1856 1857 1858
f 370 1850 308
f 1850 1855 308
f 1855 372 308
f 1855 1834 372
f 1855 1827 1834
f 1827 1832 1834
f 1825 1855 1850
f 1825 1827 1855
f 372 1834 373
f 326 401 373
f 1834 325 326
f 1834 326 373
f 401 402 373
f 373 402 4027
f 4750 4027 402
f 4531 4750 402
f 1833 499 497
f 1833 507 499
f 1832 324 1834
f 324 325 1834
f 1832 498 324
f 1832 497 498
f 1832 1833 497
f 408 407 1832
f 407 1833 1832
f 407 410 1833
f 410 409 1833
f 409 1829 1833
f 1829 507 1833
f 1829 506 507
f 4527 506 1829
f 4751 4527 1829
f 4752 4751 1829
f 4753 4752 1829
f 1829 1828 4753
f 4754 4753 1828
f 4755 4754 1828
f 398 397 1829
f 409 398 1829
f 397 475 1829
f 475 474 1829
f 474 1828 1829
f 1825 1826 1827
f 391 392 1827
f 1826 391 1827
f 1827 392 406
f 1827 406 1832
f 406 408 1832
f 444 1830 469
f 1830 512 468
f 1830 468 469
f 1831 387 1826
f 387 393 1826
f 393 391 1826
f 387 1831 444
f 1831 1830 444
f 386 385 1831
f 385 513 1831
f 1831 513 1830
f 1838 1830 500
f 501 500 1830
f 513 501 1830
f 1830 1838 457
f 457 503 1830
f 503 512 1830
f 450 1835 446
f 1835 450 4520
f 1835 4520 4518
f 1835 4518 1838
f 1838 1837 1835
f 1837 1841 1835
f 1837 1838 4519
f 1837 4519 447
f 445 1837 447
f 446 1835 451
f 451 1835 474
f 474 1835 1828
f 1835 1836 1828
f 1828 1836 4755
f 4756 4755 1836
f 4757 4756 1836
f 1836 1840 4757
f 4758 4757 1840
f 4759 4758 1840
f 4760 4759 1840
f 1841 1836 1835
f 1841 1840 1836
f 1839 1840 1841
f 1839 1842 1840
f 1840 1842 4760
f 4761 4760 1842
f 4762 4761 1842
f 1842 1891 4762
f 4763 4762 1891
f 4764 4763 1891
f 1839 1883 1842
f 1883 1891 1842
f 445 1901 1837
f 1854 1901 445
f 1901 1902 1837
f 1902 1841 1837
f 1902 1839 1841
f 1873 1839 1902
f 1873 1883 1839
f 1901 1874 1902
f 1874 1873 1902
f 1897 1857 1856
f 1897 1895 1857
f 1857 1895 1862
f 1895 1894 1862
f 1898 1899 1895
f 1899 427 1895
f 427 431 1894
f 1895 427 1894
f 431 424 1894
f 424 423 1894
f 1896 1895 1897
f 1900 1898 1895
f 1896 1900 1895
f 1894 1860 1862
f 426 428 1860
f 1894 426 1860
f 428 429 1860
f 429 1831 1860
f 429 386 1831
f 423 425 1894
f 425 426 1894
f 1903 432 434
f 1903 470 432
f 1903 435 437
f 1903 437 470
f 1906 1907 1908
f 1908 1907 1909
f 1909 1907 1854
f 1907 1901 1854
f 1907 1879 1901
f 1879 1874 1901
f 438 1880 1906
f 1880 1907 1906
f 1880 438 1903
f 438 435 1903
f 1880 1879 1907
f 473 419 1896
f 419 388 1896
f 388 390 1896
f 390 1904 1896
f 1904 1900 1896
f 433 1903 434
f 454 1903 433
f 418 1881 436
f 436 1881 454
f 454 1881 1903
f 1881 1880 1903
f 417 1881 418
f 417 416 1881
f 416 472 1881
f 472 1877 1881
f 1905 1877 472
f 1876 1877 1905
f 1877 1880 1881
f 1877 1878 1880
f 1867 1878 1877
f 1867 1875 1878
f 1876 1740 1877
f 1741 1740 1876
f 1740 1867 1877
f 1878 1879 1880
f 1878 1882 1879
f 1879 1882 1874
f 1882 1871 1874
f 1870 1871 1882
f 1870 1869 1871
f 1878 1875 1882
f 1875 1870 1882
f 1865 1870 1875
f 1865 1864 1870
f 1870 1864 1869
f 1864 1868 1869
f 1779 1868 1864
f 1779 1778 1868
f 1865 1756 1864
f 1756 1779 1864
f 1740 1820 1867
f 1820 1866 1867
f 1867 1866 1875
f 1866 1865 1875
f 1757 1865 1866
f 1757 1756 1865
f 1820 1761 1866
f 1761 1757 1866
f 1874 1871 1873
f 1871 1872 1873
f 1872 1883 1873
f 1872 1890 1883
f 1885 1890 1872
f 1885 1887 1890
f 1871 1869 1872
f 1869 1885 1872
f 1883 1890 1891
f 1890 1892 1891
f 1891 1892 4764
f 4765 4764 1892
f 4766 4765 1892
f 1892 1893 4766
f 4767 4766 1893
f 4768 4767 1893
f 1890 1887 1892
f 1887 1893 1892
f 1886 1893 1887
f 1886 1888 1893
f 1893 1888 4768
f 4769 4768 1888
f 4770 4769 1888
f 4771 4770 1888
f 1888 1762 4771
f 4772 4771 1762
f 4773 4772 1762
f 1886 1768 1888
f 1768 1762 1888
f 1868 1885 1869
f 1868 1884 1885
f 1885 1884 1887
f 1884 1886 1887
f 1889 1886 1884
f 1889 1768 1886
f 1868 1778 1884
f 1778 1889 1884
f 1766 1889 1778
f 1766 1767 1889
f 1767 1768 1889
f 1767 1764 1768
f 1750 1764 1767
f 1750 1749 1764
f 1766 1753 1767
f 1753 1750 1767
f 1764 1762 1768
f 1764 1763 1762
f 1762 1763 4773
f 4774 4773 1763
f 4775 4774 1763
f 1763 1765 4775
f 4776 4775 1765
f 4777 4776 1765
f 4778 4777 1765
f 1764 1749 1763
f 1749 1765 1763
f 1749 1748 1765
f 1748 1751 1765
f 1765 1751 4778
f 4779 4778 1751
f 4780 4779 1751
f 1751 355 4780
f 4781 4780 355
f 4288 4781 355
f 359 1751 1748
f 359 355 1751
f 1753 1752 1750
f 1752 1747 1750
f 1750 1747 1749
f 1747 1748 1749
f 360 1748 1747
f 360 359 1748
f 350 1747 1752
f 350 360 1747
f 1760 1757 1761
f 1760 1754 1757
f 1757 1754 1756
f 1754 1755 1756
f 1754 1758 1755
f 1758 1759 1755
f 1760 1769 1754
f 1769 1758 1754
f 1755 1779 1756
f 1755 1777 1779
f 1779 1777 1778
f 1777 1766 1778
f 1776 1766 1777
f 1776 1753 1766
f 1759 1777 1755
f 1759 1776 1777
f 1759 1770 1776
f 1770 1775 1776
f 1775 1753 1776
f 1775 1752 1753
f 1775 351 1752
f 351 350 1752
f 362 1775 1770
f 362 351 1775
f 1769 1772 1758
f 1772 1771 1758
f 1771 1759 1758
f 1771 1770 1759
f 1771 357 1770
f 357 362 1770
f 586 1771 1772
f 586 357 1771
f 346 1774 344
f 346 1773 1774
f 1774 1773 1735
f 1773 1733 1735
f 1773 1721 1733
f 1721 1730 1733
f 346 338 1773
f 338 1721 1773
f 1733 1734 1735
f 1733 1731 1734
f 1734 1731 1729
f 1731 1726 1729
f 1731 1732 1726
f 494 502 1726
f 1732 495 494
f 1732 494 1726
f 1730 1731 1733
f 1730 1732 1731
f 1724 1732 1730
f 487 496 1732
f 1724 481 487
f 1724 487 1732
f 1732 496 495
f 1722 486 1724
f 486 485 1724
f 1724 485 481
f 486 1722 504
f 1722 455 504
f 1722 443 455
f 1722 471 443
f 337 364 1721
f 337 1721 338
f 364 1723 1721
f 1721 1723 1730
f 1723 1724 1730
f 1725 1724 1723
f 1725 1722 1724
f 364 363 1723
f 363 1725 1723
f 1729 1726 1728
f 1726 1727 1728
f 1727 1736 1728
f 489 515 1736
f 1727 489 1736
f 1746 489 1727
f 1746 488 489
f 1746 405 488
f 1746 478 405
f 1746 1737 478
f 502 508 1726
f 1726 508 1727
f 508 516 1727
f 516 1746 1727
f 515 461 1736
f 461 458 1736
f 493 1738 480
f 480 1738 464
f 464 1738 514
f 1738 462 514
f 415 430 1738
f 430 462 1738
f 1739 1740 1741
f 478 1737 463
f 463 1737 493
f 493 1737 1738
f 414 415 1738
f 1737 414 1738
f 1742 414 1737
f 1742 492 414
f 1742 490 492
f 491 1743 1745
f 1742 1743 491
f 1742 491 490
f 1745 1743 1744
f 1744 1743 1739
f 1743 1740 1739
f 1743 1820 1740
f 1743 1817 1820
f 1817 1761 1820
f 1814 1743 1742
f 1814 1817 1743
f 403 413 1746
f 404 403 1746
f 516 404 1746
f 413 411 1746
f 411 412 1746
f 412 1737 1746
f 412 479 1737
f 479 511 1737
f 511 1742 1737
f 1815 1811 510
f 511 510 1742
f 510 1811 1742
f 1811 1814 1742
f 1812 1811 1815
f 1812 1792 1811
f 1793 1792 1812
f 1792 1810 1811
f 1811 1810 1814
f 1810 1813 1814
f 1818 1813 1810
f 1818 1819 1813
f 1792 1782 1810
f 1782 1818 1810
f 1813 1817 1814
f 1813 1816 1817
f 1817 1816 1761
f 1816 1760 1761
f 1821 1760 1816
f 1821 1769 1760
f 1813 1819 1816
f 1819 1821 1816
f 1823 1821 1819
f 1823 1824 1821
f 1821 1824 1769
f 1824 1772 1769
f 349 1772 1824
f 349 586 1772
f 1823 347 1824
f 347 349 1824
f 1781 1818 1782
f 1781 1822 1818
f 1818 1822 1819
f 1822 1823 1819
f 1822 348 1823
f 348 347 1823
f 361 1822 1781
f 361 348 1822
f 378 1725 363
f 323 482 1725
f 378 323 1725
f 484 456 1722
f 456 442 1722
f 442 509 1722
f 482 483 1725
f 483 484 1725
f 1725 484 1722
f 509 441 1722
f 396 1789 453
f 1789 452 453
f 321 323 378
f 467 1789 396
f 441 471 1722
f 440 1791 466
f 477 1791 440
f 1791 465 466
f 1791 422 465
f 1791 420 422
f 420 1792 1793
f 1791 1792 420
f 1794 1783 421
f 421 1783 1792
f 439 421 1791
f 421 1792 1791
f 1783 1782 1792
f 477 476 1791
f 476 439 1791
f 1790 1783 1794
f 1786 1783 1790
f 1787 1785 1784
f 1784 1785 1786
f 1785 1783 1786
f 1785 1780 1783
f 1783 1780 1782
f 1780 1781 1782
f 1780 354 1781
f 354 361 1781
f 517 1780 1785
f 517 354 1780
f 343 342 467
f 467 342 1789
f 342 1788 1789
f 1788 400 1789
f 400 452 1789
f 1788 399 400
f 399 1785 1787
f 1788 1785 399
f 358 1785 1788
f 358 517 1785
f 340 339 1809
f 341 395 342
f 395 1788 342
f 1809 339 1808
f 1808 339 394
f 395 394 1788
f 394 358 1788
f 339 358 394
f 334 374 335
f 334 1800 374
f 1800 305 374
f 1800 1801 305
f 1800 1799 1801
f 1799 1806 1801
f 336 1800 334
f 336 1799 1800
f 305 1801 306
f 1801 1795 306
f 306 1795 365
f 1795 1796 365
f 1795 1797 1796
f 1797 1798 1796
f 1801 1806 1795
f 1806 1797 1795
f 1807 1797 1806
f 1807 1802 1797
f 1802 1798 1797
f 1802 1803 1798
f 1804 1803 1802
f 1804 1805 1803
f 1910 1802 1807
f 1910 1804 1802
f 332 1799 336
f 332 2054 1799
f 1799 2054 1806
f 2054 1807 1806
f 2054 2040 1807
f 2040 1910 1807
f 331 383 2054
f 331 2054 332
f 383 2040 2054
f 1796 367 365
f 1796 2049 367
f 367 2049 366
f 2049 2046 366
f 2049 2048 2046
f 2048 2047 2046
f 1798 2049 1796
f 1798 2048 2049
f 2046 307 366
f 2046 2045 307
f 2045 377 307
f 2045 1848 377
f 2044 1848 2045
f 2044 1852 1848
f 2046 2047 2045
f 2047 2044 2045
f 2047 2052 2044
f 2052 2050 2044
f 2050 1852 2044
f 2050 1863 1852
f 2050 2051 1863
f 2051 1856 1863
f 2052 2053 2050
f 2053 2051 2050
f 1798 1803 2048
f 1803 2061 2048
f 2048 2061 2047
f 2061 2052 2047
f 2060 2052 2061
f 2060 2053 2052
f 1803 1805 2061
f 1805 2060 2061
f 2025 2060 1805
f 2025 2062 2060
f 2060 2062 2053
f 2062 2055 2053
f 2034 2055 2062
f 2034 2036 2055
f 2030 2062 2025
f 2030 2034 2062
f 2053 2055 2051
f 2055 2056 2051
f 2056 1856 2051
f 2056 1897 1856
f 2056 2057 1897
f 2057 1896 1897
f 2055 2036 2056
f 2036 2057 2056
f 2035 2057 2036
f 2035 2039 2057
f 2057 2039 1896
f 505 473 1896
f 2039 2059 2058
f 2039 2058 505
f 2039 505 1896
f 2039 2038 2059
f 2035 1736 2039
f 2037 2038 2039
f 1736 458 460
f 1736 460 2037
f 1736 2037 2039
f 2032 2034 2030
f 2032 2033 2034
f 2034 2033 2036
f 2033 2035 2036
f 1728 2035 2033
f 1728 1736 2035
f 2032 1729 2033
f 1729 1728 2033
f 382 2040 383
f 382 2026 2040
f 2040 2026 1910
f 2026 2023 1910
f 2026 2027 2023
f 2027 2028 2023
f 381 2026 382
f 381 2027 2026
f 1910 2023 1804
f 2023 2022 1804
f 2022 1805 1804
f 2022 2025 1805
f 2022 2024 2025
f 2024 2030 2025
f 2028 2022 2023
f 2028 2024 2022
f 2031 2024 2028
f 2031 2029 2024
f 2024 2029 2030
f 2029 2032 2030
f 1734 2032 2029
f 1734 1729 2032
f 2031 1735 2029
f 1735 1734 2029
f 384 345 2027
f 384 2027 381
f 345 2043 2027
f 2027 2043 2028
f 2043 2031 2028
f 2043 1774 2031
f 1774 1735 2031
f 344 2043 345
f 344 1774 2043
f 449 1909 1854
f 1908 1909 449
f 1906 1908 449
f 438 1906 449
f 472 438 449
f 1905 472 449
f 2041 1741 1876
f 1876 1905 449
f 2041 1876 449
f 310 309 2042
f 313 2042 319
f 319 299 313
f 320 319 2042
f 312 310 313
f 2042 313 310
f 390 389 1904
f 389 2042 1904
f 427 309 327
f 427 1899 309
f 1899 1898 309
f 1900 1904 1898
f 1904 2042 1898
f 1898 2042 309
f 2058 2042 389
f 2058 2059 2042
f 2059 2038 2042
f 2038 2037 2042
f 2037 320 2042
f 459 320 460
f 460 320 2037
f 505 2058 389
f 510 491 1745
f 510 1745 1744
f 1815 510 1744
f 1812 1815 1744
f 1847 1812 1744
f 1847 1793 1812
f 2041 1739 1741
f 1744 1739 2041
f 1847 1744 2041
f 2088 4759 4760
f 2088 4760 4761
f 2088 4761 4762
f 2088 4762 4763
f 2088 4763 2080
f 1604 1597 1596
f 2080 2089 2084
f 4752 4753 4754
f 4752 4754 2088
f 1608 1615 2075
f 2087 2076 1616
f 2087 1616 1604
f 4777 4778 4779
f 4779 4780 4781
f 4779 4781 4288
f 4777 4779 4288
f 4279 4280 2084
f 4284 4279 2084
f 4283 4284 2084
f 4287 4283 2084
f 4286 4287 2084
f 4285 4286 2084
f 4282 4285 2084
f 4281 4282 2084
f 4288 4281 2084
f 4777 4288 2084
f 1577 1604 1616
f 1615 1616 2075
f 1608 4486 4491
f 1608 4491 4490
f 2076 2075 1616
f 1579 1575 1615
f 1604 1577 1597
f 1579 1608 1595
f 4530 4750 4531
f 1616 1575 1577
f 1608 1579 1615
f 1594 1595 1608
f 1616 1615 1575
f 4486 1608 4487
f 1586 1589 4786
f 4783 4784 1596
f 1598 1586 4782
f 2080 4764 4765
f 2080 4765 4766
f 2080 4766 4767
f 2080 4767 4768
f 2080 4768 4769
f 2080 4769 2089
f 2088 4755 4756
f 2088 4756 4757
f 2088 4757 4758
f 2088 4758 4759
f 4782 4783 1598
f 2075 2084 4280
f 2075 4280 4483
f 2075 4483 4485
f 4773 2089 4772
f 4769 4770 4771
f 4769 4771 4772
f 4769 4772 2089
f 2089 4773 4774
f 2089 4774 4775
f 2089 4775 4776
f 2089 4776 4777
f 2089 4777 2084
f 4764 2080 4763
f 4785 4786 1589
f 4786 4787 1586
f 4787 4782 1586
f 4755 2088 4754
f 4484 4488 1608
f 4485 4484 1608
f 2075 4485 1608
f 4751 4528 4527
f 4524 4752 4748
f 4526 4525 4751
f 4521 4526 4751
f 4522 4521 4751
f 4523 4522 4751
f 4524 4523 4751
f 4752 4745 4749
f 4749 4748 4752
f 4752 4524 4751
f 1604 1596 4784
f 4746 4747 2088
f 4746 2088 2080
f 4744 4745 4752
f 4747 4744 4752
f 4747 4752 2088
f 4791 4785 1589
f 4789 4790 1594
f 4788 4789 1594
f 4788 1594 1608
f 4790 4792 1592
f 4790 1592 1594
f 4792 4791 1592
f 4492 4788 4489
f 4490 4489 4788
f 1608 4490 4788
f 4488 4487 1608
f 4530 4529 4027
f 4750 4530 4027
f 1596 1598 4783
f 2073 4027 4529
f 4529 4743 2073
f 4738 2073 4739
f 4739 2073 4742
f 4742 2073 4743
f 4738 4737 2073
f 1589 1592 4791
f 4528 4751 4525
f 1994 4663 2090
f 2000 2090 1998
f 4659 2087 4658
f 4660 2087 4659
f 4246 2087 4660
f 4666 2090 4667
f 4658 1604 4662
f 1604 4658 2087
f 1994 2090 2000
f 4667 2090 4668
f 4015 2090 4669
f 4015 1998 2090
f 4668 2090 4663
f 4669 2090 4666
f 4784 4662 1604
f 1977 2002 2070
f 1980 2002 1977
f 2003 2070 2002
f 2077 2066 2065
f 1969 1989 1970
f 1989 2070 2003
f 1999 2065 2071
f 1977 2070 1978
f 2064 2071 2065
f 2001 1995 2065
f 2071 2003 1999
f 2077 2065 1995
f 2021 2077 1995
f 1999 2001 2065
f 1989 1969 2070
f 1978 2070 1969
f 2066 2064 2065
f 2081 2086 1985
f 1985 2083 2081
f 1988 1985 2086
f 2080 2085 2081
f 1988 2086 2085
f 2081 2082 2080
f 1985 1987 2083
f 2082 2081 2083
f 2073 4737 4741
f 2086 2081 2085
f 4746 2080 4736
f 1988 2085 2084
f 2080 2084 2085
f 4732 4734 2083
f 4731 4732 2083
f 4730 4731 2083
f 4733 4730 2083
f 4028 4733 2083
f 4028 2083 1987
f 4735 4736 2082
f 4734 4735 2082
f 4734 2082 2083
f 2073 4741 4740
f 2082 4736 2080
f 2073 4740 4041
f 1985 2078 2079
f 1990 2079 2078
f 2078 1988 1990
f 2079 1986 1985
f 1989 1990 1988
f 2066 2077 2020
f 2020 2064 2066
f 2020 2071 2064
f 2079 1990 2071
f 2021 2020 2077
f 1989 2003 1990
f 2071 2020 2079
f 2020 2021 1986
f 1985 1988 2078
f 1987 1985 1986
f 2071 1990 2003
f 1987 1986 2021
f 1986 2079 2020
f 1914 1974 1920
f 1975 1970 1911
f 1935 1967 1966
f 1979 1914 1976
f 1936 1991 1937
f 1975 1911 1973
f 1971 1970 1984
f 1911 1970 1938
f 1980 1977 1971
f 1991 1981 1937
f 1913 1976 1914
f 1935 1968 1913
f 1984 1970 1975
f 1983 1946 1982
f 1967 1935 4793
f 1945 1982 1946
f 1940 1942 1939
f 1941 1939 1942
f 1936 1938 1970
f 1981 1935 1937
f 1969 1971 1978
f 1974 1914 1979
f 1970 1971 1969
f 1978 1971 1977
f 1976 1913 1968
f 1973 1920 1974
f 1920 1973 1911
f 1968 1935 1966
f 4245 4793 1935
f 1934 1937 1935
f 4793 4794 1967
f 1973 1974 1696
f 1979 1976 1696
f 1975 1973 1696
f 1697 1696 1976
f 1974 1979 1696
f 1976 1968 1697
f 1968 1966 1697
f 1696 1694 1975
f 2003 2002 1971
f 1980 1971 2002
f 1999 2003 1971
f 1971 1694 1999
f 1975 1694 1984
f 1984 1694 1971
f 1695 1697 1966
f 4663 1994 4664
f 1695 4795 4665
f 4664 1695 4665
f 4664 1994 1695
f 1695 1966 1967
f 4794 4795 1967
f 1695 1967 4795
f 1999 1992 1993
f 1694 1992 1999
f 1992 1695 1993
f 1993 1695 1994
f 1694 1695 1992
f 2001 1999 1996
f 1993 1996 1999
f 1997 1996 1998
f 1994 1996 1993
f 2000 1998 1996
f 1996 1994 2000
f 1996 1995 2001
f 1995 1996 1997
f 1917 1983 1982
f 1982 1915 1917
f 1937 1923 1912
f 1912 1938 1936
f 1912 1911 1938
f 1939 1929 1932
f 1932 1940 1939
f 1912 1936 1937
f 1921 1923 1937
f 1937 1934 1921
f 1926 1921 1934
f 1926 1934 1927
f 1946 1947 1945
f 1948 1945 1947
f 1934 1935 1919
f 1913 1919 1935
f 1927 1934 1919
f 1942 1943 1941
f 1944 1941 1943
f 1919 1913 1693
f 1693 1920 1911
f 1693 1914 1920
f 1911 1698 1693
f 1693 1913 1914
f 1911 1912 1698
f 1930 1931 1929
f 1912 1923 1933
f 1922 1933 1923
f 1932 1929 1931
f 1918 1916 1915
f 1917 1915 1916
f 1924 1922 1921
f 1923 1921 1922
f 1926 1925 1928
f 1925 1926 1927
f 1954 1944 1955
f 1919 1960 1927
f 1943 1955 1944
f 1925 1927 1960
f 1947 1950 1948
f 1949 1948 1950
f 1693 1691 1919
f 1960 1919 1691
f 1912 1933 1690
f 1690 1698 1912
f 1931 1930 1964
f 1965 1964 1930
f 1933 1922 1961
f 1958 1961 1922
f 1916 1918 1962
f 1963 1962 1918
f 1922 1924 1958
f 1958 1924 1957
f 1928 1957 1924
f 1957 1928 1925
f 1925 1959 1957
f 1959 1925 1960
f 1954 1953 1956
f 1953 1954 1955
f 1949 1952 1951
f 1952 1949 1950
f 1959 1960 1691
f 1690 1961 1691
f 1959 1691 1961
f 1933 1961 1690
f 1964 1965 1953
f 1956 1953 1965
f 1962 1963 1952
f 1951 1952 1963
f 1961 1958 1959
f 1957 1959 1958
f 2019 1915 1982
f 1982 1945 2019
f 2018 2019 1945
f 2018 1945 1948
f 1947 1946 1926
f 1921 1926 1983
f 1946 1983 1926
f 1983 1917 1921
f 2017 1918 2019
f 1915 2019 1918
f 2016 2018 1949
f 1948 1949 2018
f 1950 1947 1928
f 1926 1928 1947
f 1924 1921 1917
f 1917 1916 1924
f 1918 2017 1963
f 1963 2017 1951
f 2016 1951 2017
f 1951 2016 1949
f 1952 1950 1928
f 1924 1962 1928
f 1952 1928 1962
f 1916 1962 1924
f 1687 1929 1939
f 1689 1687 1941
f 1939 1941 1687
f 1689 1941 1944
f 1943 1942 2018
f 2019 2018 1940
f 1942 1940 2018
f 1940 1932 2019
f 1560 1930 1687
f 1688 1930 1560
f 1929 1687 1930
f 4799 1954 1692
f 4800 1954 4799
f 4798 1954 4800
f 4797 1954 4798
f 4796 1954 4797
f 1689 1954 4796
f 1954 1689 1944
f 2018 2016 1943
f 1955 1943 2016
f 1932 1931 2017
f 2017 2019 1932
f 1930 1688 1965
f 1965 1688 1956
f 4803 1956 1688
f 4801 1956 4803
f 4802 1956 4801
f 4804 1956 4802
f 1692 1956 4804
f 1956 1692 1954
f 1953 1955 2016
f 2017 1964 2016
f 1953 2016 1964
f 1931 1964 2017
f 1282 1508 1470
f 2005 1496 1507
f 1282 1507 1508
f 1295 2004 1279
f 1378 1282 1470
f 1505 1508 1507
f 1282 1281 1278
f 1497 1507 1496
f 2004 1507 1282
f 2005 1493 1491
f 2004 1295 1294
f 1282 1278 1276
f 1276 2004 1282
f 1496 2005 1494
f 4654 1507 2004
f 4653 1507 4654
f 4652 1507 4653
f 2005 1507 4652
f 1494 2005 1491
f 1279 2004 1276
f 4831 4835 4832
f 1426 4806 4828
f 2011 4806 1426
f 2011 4242 4806
f 1431 4013 4014
f 1431 4014 1428
f 4815 4810 4816
f 4815 4807 4810
f 4805 4807 4815
f 4805 4808 4807
f 4809 4816 4810
f 4823 4827 4821
f 4828 4827 4823
f 4813 4811 4818
f 4813 4812 4811
f 4824 4813 4825
f 4815 4813 4824
f 4815 4814 4813
f 1430 4832 4835
f 4829 4832 1430
f 4824 4805 4815
f 4824 4806 4805
f 4824 4828 4806
f 4827 4828 4824
f 4826 4821 4827
f 4822 4821 4826
f 4820 4818 4817
f 4818 4825 4813
f 4820 4825 4818
f 4819 4825 4820
f 4823 4830 4829
f 4834 4833 4013
f 4010 4013 4833
f 2012 1428 4014
f 1430 4823 4829
f 1430 4828 4823
f 4793 4245 4795
f 4794 4793 4795
f 4665 4795 4245
f 2015 4665 4245
f 4845 4841 4843
f 4845 4839 4841
f 4839 4844 4838
f 4845 4844 4839
f 4837 4836 1432
f 1427 1432 1428
f 4839 4840 4841
f 4842 4841 4840
f 4836 4838 4844
f 4846 4849 4850
f 4851 4849 4848
f 4851 4850 4849
f 4846 4836 4847
f 1428 4836 4846
f 1428 1432 4836
f 4844 4847 4836
f 1431 4852 4853
f 1431 4850 4852
f 4850 1428 4846
f 1431 1428 4850
f 1432 4861 4863
f 4933 4853 4934
f 4878 4840 4875
f 4871 4869 4872
f 4867 4871 4872
f 4868 4867 4872
f 1432 4863 4837
f 4856 4865 4860
f 4931 4834 4013
f 4931 4013 1431
f 4933 4936 4935
f 4853 4933 4935
f 4853 4935 4932
f 4853 4932 4931
f 4853 4931 1431
f 4882 4886 4884
f 4923 4925 4927
f 4885 4884 4886
f 4925 4923 4922
f 4922 4920 4924
f 4922 4924 4925
f 4900 4845 4901
f 4896 4897 4891
f 4875 4881 4880
f 4875 4880 4879
f 4875 4879 4878
f 1430 4929 4930
f 4861 1432 4862
f 4912 4908 4905
f 4892 4891 4897
f 4894 4892 4897
f 4894 4897 4899
f 4855 4854 4856
f 4920 4922 4919
f 4866 4864 4865
f 4865 4856 4854
f 4866 4865 4854
f 4866 4854 4857
f 4918 4934 4853
f 4934 1430 4835
f 4869 4871 4870
f 4926 4927 4925
f 4898 4901 4845
f 4899 4898 4845
f 4843 4899 4845
f 4917 4916 4851
f 4913 4917 4851
f 4915 4914 4913
f 4848 4915 4913
f 4848 4913 4851
f 4919 4921 4918
f 4907 4910 4915
f 4905 4907 4915
f 4889 4888 4842
f 4883 4889 4842
f 4840 4878 4877
f 4840 4877 4883
f 4840 4883 4842
f 4858 4862 1432
f 4859 4858 1432
f 4934 4918 4921
f 1430 4934 4921
f 1430 4921 4929
f 4908 4912 4911
f 4908 4911 4909
f 4921 4919 4922
f 4927 4926 4928
f 4899 4843 4890
f 4899 4890 4894
f 4892 4894 4895
f 4892 4895 4893
f 4892 4893 4887
f 4892 4887 4886
f 4886 4882 4881
f 4881 4875 4876
f 4881 4876 4874
f 4881 4874 4873
f 4881 4873 4872
f 4886 4881 4872
f 4886 4872 4869
f 4892 4886 4869
f 4915 4848 4902
f 4915 4902 4903
f 4915 4903 4904
f 4915 4904 4906
f 4915 4906 4905
f 4907 4905 4908
f 4940 4938 4937
f 1427 4938 4940
f 1427 4939 4938
f 1429 4939 1427
f 1432 4940 4859
f 1432 1427 4940
f 4866 4857 4941
f 4866 4941 4942
f 4866 4942 4944
f 4892 4869 4945
f 4892 4945 4944
f 4892 4944 4946
f 4942 4943 4939
f 4942 4939 1426
f 4952 4946 4944
f 4951 4952 4944
f 4954 4951 4944
f 4828 4954 4944
f 4828 4944 4942
f 1426 4828 4942
f 4947 4946 4952
f 4949 4947 4952
f 4948 4949 4952
f 4947 4949 4950
f 4954 4955 4953
f 4955 4956 4927
f 4923 4927 4956
f 1429 1426 4939
f 1430 4930 4956
f 4956 4955 4954
f 1430 4956 4954
f 1430 4954 4828
f 1425 1433 1434
f 1421 1433 1425
f 1421 1419 1433
f 1416 1419 1421
f 1420 1416 1421
f 1415 1416 1420
f 1422 1421 1425
f 1420 1421 1422
f 1416 1418 1419
f 1413 1418 1416
f 1413 1414 1418
f 1412 1414 1413
f 1411 1412 1413
f 1417 1412 1411
f 1415 1413 1416
f 1411 1413 1415
f 1424 1411 1415
f 1423 1411 1424
f 1423 1417 1411
f 1391 1417 1423
f 1410 1391 1423
f 4851 1410 4850
f 1391 4851 4916
f 1391 1410 4851
f 1409 1423 1424
f 1410 1423 1409
f 1440 1420 1422
f 1439 1420 1440
f 1439 1415 1420
f 1424 1415 1439
f 1406 1424 1439
f 1409 1424 1406
f 1407 1439 1440
f 1406 1439 1407
f 1412 1442 1414
f 1441 1442 1412
f 1441 1438 1442
f 4849 1441 4848
f 1438 1441 4849
f 4902 4848 1435
f 1441 1435 4848
f 1395 1435 1441
f 1394 1435 1395
f 1417 1441 1412
f 1395 1441 1417
f 4849 4846 1438
f 1435 4903 4902
f 1435 4904 4903
f 1436 4911 4912
f 1436 4909 4911
f 4947 4950 1258
f 1394 4904 1435
f 1394 4906 4904
f 1394 4905 4906
f 1394 1436 4905
f 4912 4905 1436
f 1392 1436 1394
f 4949 4948 1437
f 4908 1392 4907
f 1436 1392 4908
f 4908 4909 1436
f 1437 4950 4949
f 1437 1258 4950
f 1353 1258 1437
f 1385 1353 1437
f 1308 1353 1385
f 4910 4907 1392
f 4952 1437 4948
f 1437 4952 1385
f 4951 1385 4952
f 1391 1395 1417
f 1390 1395 1391
f 1390 1394 1395
f 1392 1394 1390
f 1392 1390 4914
f 4913 4914 1390
f 1392 4915 4910
f 1392 4914 4915
f 1390 1391 4917
f 4916 4917 1391
f 1390 4917 4913
f 1393 4924 4920
f 1393 4925 4924
f 1393 4926 4925
f 4954 4953 1382
f 1387 4953 4955
f 1387 1382 4953
f 1381 1382 1387
f 1389 4926 1393
f 1389 4928 4926
f 4928 1389 4927
f 4955 4927 1387
f 1389 1387 4927
f 1382 4951 4954
f 1382 1385 4951
f 1380 1385 1382
f 1380 1308 1385
f 1302 1308 1380
f 1379 1302 1380
f 1314 1302 1379
f 1381 1380 1382
f 1379 1380 1381
f 1384 1379 1381
f 1383 1379 1384
f 1383 1314 1379
f 1349 1314 1383
f 1349 1383 4825
f 4824 4825 1383
f 1349 4825 4819
f 1383 1384 4826
f 4822 4826 1384
f 1383 4827 4824
f 1383 4826 4827
f 1388 1387 1389
f 1386 1387 1388
f 1386 1381 1387
f 1384 1381 1386
f 1384 1386 4821
f 4823 4821 1386
f 1384 4821 4822
f 1386 1388 4830
f 4829 4830 1388
f 1386 4830 4823
f 1405 1406 1407
f 1408 1406 1405
f 1408 1409 1406
f 1400 1409 1408
f 1402 1400 1408
f 1398 1400 1402
f 1404 1408 1405
f 1402 1408 1404
f 1400 1410 1409
f 4852 1400 4853
f 1410 1400 4852
f 4918 4853 1399
f 1400 1399 4853
f 4852 4850 1410
f 1399 4919 4918
f 1399 1393 4919
f 4920 4919 1393
f 1397 1393 1399
f 1389 1393 1397
f 1398 1399 1400
f 1397 1399 1398
f 1397 1398 4936
f 4935 4936 1398
f 1396 4936 4933
f 1397 4936 1396
f 1396 1389 1397
f 4956 1388 4923
f 4922 1396 4921
f 4923 1396 4922
f 1389 4923 1388
f 1389 1396 4923
f 4831 4832 1396
f 4921 1396 4832
f 4832 4929 4921
f 4832 4930 4929
f 4832 4956 4930
f 4832 1388 4956
f 1388 4832 4829
f 1396 4933 4934
f 1396 4934 4831
f 4835 4831 4934
f 1403 1402 1404
f 1401 1402 1403
f 1401 1398 1402
f 4935 1401 4932
f 1398 1401 4935
f 4931 4932 1401
f 4010 4833 1403
f 1401 1403 4833
f 4931 4833 4834
f 1401 4833 4931
f 1492 1491 1493
f 1490 1491 1492
f 1490 1494 1491
f 1484 1494 1490
f 1487 1484 1490
f 1482 1484 1487
f 1489 1490 1492
f 1487 1490 1489
f 1484 1496 1494
f 1483 1496 1484
f 1483 1497 1496
f 1485 1497 1483
f 1479 1485 1483
f 1478 1485 1479
f 1482 1483 1484
f 1479 1483 1482
f 1480 1479 1482
f 1477 1479 1480
f 1477 1478 1479
f 1481 1478 1477
f 1474 1481 1477
f 1457 1481 1474
f 1475 1477 1480
f 1474 1477 1475
f 1488 1487 1489
f 1486 1487 1488
f 1486 1482 1487
f 1480 1482 1486
f 1461 1480 1486
f 1475 1480 1461
f 1462 1486 1488
f 1461 1486 1462
f 1485 1507 1497
f 1506 1507 1485
f 1506 1505 1507
f 1504 1505 1506
f 1503 1504 1506
f 1501 1504 1503
f 1478 1506 1485
f 1503 1506 1478
f 1504 1508 1505
f 1502 1508 1504
f 1502 1470 1508
f 1285 1470 1502
f 1500 1285 1502
f 1271 1285 1500
f 1501 1502 1504
f 1500 1502 1501
f 1499 1500 1501
f 1498 1500 1499
f 1498 1271 1500
f 1270 1271 1498
f 1459 1270 1498
f 1240 1270 1459
f 1454 1498 1499
f 1459 1498 1454
f 1481 1503 1478
f 1458 1503 1481
f 1458 1501 1503
f 1499 1501 1458
f 1456 1499 1458
f 1454 1499 1456
f 1457 1458 1481
f 1456 1458 1457
f 1455 1456 1457
f 1453 1456 1455
f 1453 1454 1456
f 1452 1454 1453
f 1449 1452 1453
f 1446 1452 1449
f 1450 1453 1455
f 1449 1453 1450
f 1452 1459 1454
f 1451 1459 1452
f 1451 1240 1459
f 1238 1240 1451
f 1445 1238 1451
f 1237 1238 1445
f 1446 1451 1452
f 1445 1451 1446
f 1444 1445 1446
f 1443 1445 1444
f 1443 1237 1445
f 4900 1254 4845
f 4845 1443 4844
f 1237 4845 1254
f 1237 1443 4845
f 1254 4900 4901
f 4847 4844 1443
f 1254 4901 4898
f 1438 1443 1444
f 4847 1438 4846
f 1443 1438 4847
f 1448 1449 1450
f 1447 1449 1448
f 1447 1446 1449
f 1444 1446 1447
f 1442 1444 1447
f 1438 1444 1442
f 1414 1447 1448
f 1442 1447 1414
f 1460 1461 1462
f 1472 1461 1460
f 1472 1475 1461
f 1473 1475 1472
f 1466 1473 1472
f 1471 1473 1466
f 1468 1472 1460
f 1466 1472 1468
f 1473 1474 1475
f 1476 1474 1473
f 1476 1457 1474
f 1455 1457 1476
f 1469 1455 1476
f 1450 1455 1469
f 1471 1476 1473
f 1469 1476 1471
f 1464 1469 1471
f 1463 1469 1464
f 1463 1450 1469
f 1448 1450 1463
f 1418 1448 1463
f 1414 1448 1418
f 1419 1463 1464
f 1418 1463 1419
f 1467 1466 1468
f 1465 1466 1467
f 1465 1471 1466
f 1464 1471 1465
f 1433 1464 1465
f 1419 1464 1433
f 1434 1465 1467
f 1433 1465 1434
f 1285 1378 1470
f 1283 1378 1285
f 1283 1282 1378
f 1280 1282 1283
f 1269 1280 1283
f 1273 1280 1269
f 1271 1283 1285
f 1269 1283 1271
f 1280 1281 1282
f 1284 1281 1280
f 1284 1278 1281
f 1277 1278 1284
f 1286 1277 1284
f 4838 1286 4839
f 1277 1286 4838
f 1273 1284 1280
f 1286 1284 1273
f 1272 1286 1273
f 1275 1286 1272
f 1275 4840 1286
f 1275 4875 4840
f 1275 4876 4875
f 4839 1286 4840
f 1275 1274 4876
f 4874 4876 1274
f 1274 1275 4880
f 4879 4880 1275
f 1266 4880 4881
f 1274 4880 1266
f 1236 1275 1272
f 4878 1236 4877
f 4879 1236 4878
f 1275 1236 4879
f 1270 1269 1271
f 1268 1269 1270
f 1268 1273 1269
f 1272 1273 1268
f 1239 1272 1268
f 1236 1272 1239
f 1240 1268 1270
f 1239 1268 1240
f 1277 1276 1278
f 4837 1277 4836
f 1276 4863 4861
f 1276 4837 4863
f 1276 1277 4837
f 1279 1276 4862
f 4861 4862 1276
f 1279 4862 4858
f 1287 4868 4872
f 4868 1287 4867
f 4838 4836 1277
f 4872 4873 1287
f 4858 4859 1279
f 4940 1279 4859
f 1295 1279 4940
f 1295 4940 4937
f 4856 4860 1293
f 4937 4938 1295
f 4943 1294 4939
f 4939 1295 4938
f 1294 1295 4939
f 1293 4855 4856
f 4855 1293 4854
f 4942 1297 4943
f 4941 1297 4942
f 1294 4943 1297
f 1296 4854 1293
f 1296 4857 4854
f 1296 4941 4857
f 1296 1297 4941
f 1298 1297 1296
f 1293 4860 4865
f 1293 4865 1296
f 4864 1296 4865
f 1288 4866 4944
f 4866 1296 4864
f 1288 1296 4866
f 1291 1296 1288
f 1291 1298 1296
f 1292 1298 1291
f 1244 1292 1291
f 1242 1292 1244
f 1250 1291 1288
f 1244 1291 1250
f 1274 4873 4874
f 1274 1287 4873
f 1289 1287 1274
f 4867 1287 4871
f 1289 4871 1287
f 1289 4870 4871
f 4944 4945 1288
f 1290 4869 1289
f 1290 4945 4869
f 1290 1288 4945
f 4870 1289 4869
f 1250 1288 1290
f 1266 1289 1274
f 1290 1289 1266
f 1248 1290 1266
f 1247 1290 1248
f 1247 1250 1290
f 1249 1250 1247
f 1231 1249 1247
f 1227 1249 1231
f 1232 1247 1248
f 1231 1247 1232
f 1249 1244 1250
f 1243 1244 1249
f 1243 1242 1244
f 1241 1242 1243
f 1246 1241 1243
f 1245 1241 1246
f 1227 1243 1249
f 1246 1243 1227
f 1225 1246 1227
f 1234 1246 1225
f 1234 1245 1246
f 1251 1245 1234
f 1233 1251 1234
f 1252 1251 1233
f 1230 1234 1225
f 1233 1234 1230
f 1229 1231 1232
f 1226 1231 1229
f 1226 1227 1231
f 1225 1227 1226
f 1224 1225 1226
f 1230 1225 1224
f 1228 1226 1229
f 1224 1226 1228
f 1238 1239 1240
f 1235 1239 1238
f 1235 1236 1239
f 4883 1235 4889
f 1236 1235 4883
f 4888 4889 1235
f 1237 1235 1238
f 4842 1237 4841
f 4888 1237 4842
f 1235 1237 4888
f 4883 4877 1236
f 4882 4884 1265
f 1265 4881 4882
f 1265 1266 4881
f 1248 1266 1265
f 1264 1248 1265
f 1232 1248 1264
f 4885 1265 4884
f 1264 4885 4886
f 1265 4885 1264
f 1256 4886 4887
f 1256 1264 4886
f 1267 1264 1256
f 1267 1232 1264
f 1229 1232 1267
f 1263 1229 1267
f 1228 1229 1263
f 1255 1267 1256
f 1263 1267 1255
f 1254 4843 1237
f 1254 4890 4843
f 4841 1237 4843
f 1254 4894 4890
f 1254 1253 4894
f 4895 4894 1253
f 1253 4893 4895
f 1253 1256 4893
f 4887 4893 1256
f 1257 1256 1253
f 1255 1256 1257
f 4898 4899 1254
f 4897 1254 4899
f 1253 1254 4897
f 1253 4897 1257
f 4896 1257 4897
f 1257 4896 4891
f 1257 4892 1259
f 1257 4891 4892
f 4946 1259 4892
f 1259 1255 1257
f 1261 1255 1259
f 1262 1261 1259
f 1260 1261 1262
f 1258 4946 4947
f 1258 1259 4946
f 1262 1259 1258
f 1261 1263 1255
f 1362 1263 1261
f 1362 1228 1263
f 1355 1228 1362
f 1363 1355 1362
f 1358 1355 1363
f 1260 1362 1261
f 1363 1362 1260
f 1356 1363 1260
f 1364 1363 1356
f 1364 1358 1363
f 1365 1358 1364
f 1311 1365 1364
f 1310 1365 1311
f 1300 1364 1356
f 1311 1364 1300
f 1353 1262 1258
f 1352 1262 1353
f 1352 1260 1262
f 1356 1260 1352
f 1301 1356 1352
f 1300 1356 1301
f 1308 1352 1353
f 1301 1352 1308
f 1355 1224 1228
f 1354 1224 1355
f 1354 1230 1224
f 1360 1230 1354
f 1357 1360 1354
f 1361 1360 1357
f 1358 1354 1355
f 1357 1354 1358
f 1360 1233 1230
f 1359 1233 1360
f 1359 1252 1233
f 1376 1252 1359
f 1373 1376 1359
f 1375 1376 1373
f 1361 1359 1360
f 1373 1359 1361
f 1369 1373 1361
f 1374 1373 1369
f 1374 1375 1373
f 1377 1375 1374
f 1371 1377 1374
f 1372 1377 1371
f 1368 1374 1369
f 1371 1374 1368
f 1365 1357 1358
f 1370 1357 1365
f 1370 1361 1357
f 1369 1361 1370
f 1367 1369 1370
f 1368 1369 1367
f 1310 1370 1365
f 1367 1370 1310
f 1313 1367 1310
f 1366 1367 1313
f 1366 1368 1367
f 1323 1368 1366
f 1324 1323 1366
f 1318 1323 1324
f 1325 1366 1313
f 1324 1366 1325
f 1323 1371 1368
f 1322 1371 1323
f 1322 1372 1371
f 1321 1372 1322
f 1317 1321 1322
f 1320 1321 1317
f 1318 1322 1323
f 1317 1322 1318
f 1307 1317 1318
f 1316 1317 1307
f 1316 1320 1317
f 1319 1320 1316
f 1319 1316 4806
f 4805 4806 1316
f 1319 4806 4242
f 1316 1307 4808
f 4807 4808 1307
f 1316 4808 4805
f 1306 1324 1325
f 1305 1324 1306
f 1305 1318 1324
f 1307 1318 1305
f 1307 1305 4810
f 4809 4810 1305
f 1307 4810 4807
f 1305 1306 4816
f 4815 4816 1306
f 1305 4816 4809
f 1302 1301 1308
f 1299 1301 1302
f 1299 1300 1301
f 1304 1300 1299
f 1303 1304 1299
f 1315 1304 1303
f 1314 1299 1302
f 1303 1299 1314
f 1304 1311 1300
f 1309 1311 1304
f 1309 1310 1311
f 1313 1310 1309
f 1312 1313 1309
f 1325 1313 1312
f 1315 1309 1304
f 1312 1309 1315
f 1351 1312 1315
f 1350 1312 1351
f 1350 1325 1312
f 1306 1325 1350
f 1306 1350 4814
f 4813 4814 1350
f 1306 4814 4815
f 1350 1351 4812
f 4811 4812 1351
f 1350 4812 4813
f 1349 1303 1314
f 1333 1303 1349
f 1333 1315 1303
f 1351 1315 1333
f 1351 1333 4818
f 4817 4818 1333
f 1351 4818 4811
f 1333 1349 4820
f 4819 4820 1349
f 1333 4820 4817
f 4149 1603 4150
f 4148 1603 4149
f 4147 1603 4148
f 1345 1603 4147
f 4493 4788 4492
f 4494 4788 4493
f 4495 4788 4494
f 4499 4788 4495
f 4498 4788 4499
f 4497 4788 4498
f 4496 4788 4497
f 4500 4788 4496
f 4502 4788 4500
f 4481 4788 4502
f 4501 4788 4481
f 4503 4788 4501
f 1346 4788 4503
f 1346 4789 4788
f 1346 1341 4789
f 1602 1346 1584
f 4266 4265 1584
f 1584 1346 4269
f 4231 1603 1345
f 4230 1603 4231
f 4229 1603 4230
f 4228 1603 4229
f 4227 1603 4228
f 4226 1603 4227
f 4225 1603 4226
f 4224 1603 4225
f 4223 1603 4224
f 4222 1603 4223
f 4221 1603 4222
f 4220 1603 4221
f 4219 1603 4220
f 1347 1603 4219
f 1340 1341 1602
f 4264 1584 4265
f 4260 1584 4264
f 4261 1584 4260
f 4262 1584 4261
f 4263 1584 4262
f 1347 1602 1603
f 1341 4782 4787
f 1341 4783 4782
f 1341 4784 4783
f 4784 1340 4662
f 1341 1340 4784
f 1346 1602 1341
f 4504 4269 1346
f 4505 4269 4504
f 4507 4269 4505
f 4506 4269 4507
f 4508 4269 4506
f 4512 4269 4508
f 4513 4269 4512
f 4511 4269 4513
f 4516 4269 4511
f 4517 4269 4516
f 4270 4269 4517
f 4155 4150 1603
f 1602 1348 1340
f 4218 1348 1347
f 4217 1348 4218
f 4214 1348 4217
f 4215 1348 4214
f 4216 1348 4215
f 4208 1348 4216
f 4207 1348 4208
f 4206 1348 4207
f 4211 1348 4206
f 4210 1348 4211
f 1329 1348 4210
f 1602 1347 1348
f 4310 1348 4657
f 4661 1348 4310
f 1340 1348 4661
f 4165 4159 4257
f 4785 1341 4786
f 4791 1341 4785
f 4792 1341 4791
f 4790 1341 4792
f 4789 1341 4790
f 4259 1584 4263
f 1602 1584 4259
f 4656 4657 1348
f 4259 4258 1602
f 4158 4257 4159
f 4157 4257 4158
f 4156 4257 4157
f 4155 4257 4156
f 1603 4257 4155
f 1603 4256 4257
f 1603 4258 4256
f 4787 4786 1341
f 1348 4654 4656
f 1348 1329 4654
f 1584 4267 4266
f 1584 4268 4267
f 1584 4269 4268
f 1603 1602 4258
f 1681 1682 1686
f 1686 1683 1681
f 1700 1701 1699
f 1699 1705 1700
f 1670 1669 1668
f 1668 1667 1670
f 1639 1637 1641
f 1641 1640 1639
f 1635 1618 1620
f 1620 1623 1635
f 1338 1339 1337
f 1337 1344 1338
f 1342 1343 1339
f 1339 1338 1342
f 1338 1660 1342
f 1705 1709 1711
f 1711 1700 1705
f 1682 1684 1685
f 1685 1686 1682
f 1666 1668 1669
f 1669 1664 1666
f 1660 1338 1344
f 1344 1661 1660
f 1637 1636 1638
f 1638 1641 1637
f 1623 1626 1621
f 1621 1635 1623
f 1563 1661 1344
f 1567 1563 1344
f 1344 1337 1567
f 1567 1337 1655
f 1701 1712 1710
f 1710 1699 1701
f 1676 1681 1683
f 1683 1678 1676
f 1667 1663 1662
f 1662 1670 1667
f 1339 1652 1655
f 1655 1337 1339
f 1640 1645 1644
f 1644 1639 1640
f 1619 1620 1618
f 1618 1617 1619
f 1652 1339 1343
f 1513 1342 1660
f 1660 1653 1513
f 1680 1673 1684
f 1711 1709 1719
f 1718 1719 1709
f 1685 1684 1673
f 1659 1653 1661
f 1643 1642 1636
f 1634 1665 1664
f 1627 1622 1626
f 1666 1664 1665
f 1660 1661 1653
f 1638 1636 1642
f 1621 1626 1622
f 1661 1563 1659
f 1562 1659 1563
f 1656 1567 1655
f 1567 1656 1565
f 1714 1710 1717
f 1712 1717 1710
f 1656 1655 1651
f 1706 1644 1708
f 1645 1708 1644
f 1629 1662 1631
f 1675 1676 1677
f 1678 1677 1676
f 1624 1619 1625
f 1663 1631 1662
f 1652 1651 1655
f 1617 1625 1619
f 1343 1509 1652
f 1651 1652 1509
f 1650 1513 1654
f 1513 1650 1509
f 1653 1654 1513
f 1715 1719 1718
f 1719 1715 1720
f 1702 1642 1643
f 1642 1702 1704
f 1674 1673 1680
f 1673 1674 1671
f 1633 1665 1634
f 1665 1633 1632
f 1658 1653 1659
f 1653 1658 1654
f 1646 1622 1627
f 1622 1646 1647
f 1659 1562 1658
f 1565 1658 1562
f 1658 1565 1657
f 1657 1565 1656
f 1714 1716 1713
f 1716 1714 1717
f 1706 1707 1703
f 1707 1706 1708
f 1675 1672 1679
f 1672 1675 1677
f 1656 1650 1657
f 1650 1656 1651
f 1624 1649 1648
f 1649 1624 1625
f 1629 1630 1628
f 1630 1629 1631
f 1650 1651 1509
f 1713 1720 1715
f 1720 1713 1716
f 1703 1704 1702
f 1704 1703 1707
f 1679 1671 1674
f 1671 1679 1672
f 1657 1654 1658
f 1654 1657 1650
f 1648 1647 1646
f 1647 1648 1649
f 1628 1632 1633
f 1632 1628 1630
f 1667 1668 1560
f 4796 1558 1667
f 4958 4796 1667
f 4957 4958 1667
f 4960 4957 1667
f 4959 4960 1667
f 4961 4959 1667
f 1560 4961 1667
f 1668 1666 1560
f 1556 1664 1669
f 1561 1556 1669
f 1669 1670 1561
f 1561 1670 1662
f 1663 1667 1558
f 1688 1560 1666
f 1566 1688 1666
f 1666 1665 1566
f 1664 1556 1634
f 1555 1634 1556
f 1561 1629 1557
f 1629 1561 1662
f 1558 1559 1663
f 1631 1663 1559
f 1630 1566 1632
f 1566 1630 1559
f 1665 1632 1566
f 1634 1555 1633
f 1557 1633 1555
f 1633 1557 1628
f 1628 1557 1629
f 1630 1631 1559
f 1618 1635 1556
f 1556 1561 1618
f 1635 1621 1556
f 1571 1626 1623
f 1570 1571 1623
f 1623 1620 1570
f 1570 1620 1619
f 1617 1618 1561
f 1555 1556 1621
f 1621 1622 1555
f 1626 1571 1627
f 1573 1627 1571
f 1624 1570 1619
f 1570 1624 1574
f 1561 1557 1617
f 1625 1617 1557
f 1649 1555 1647
f 1555 1649 1557
f 1622 1647 1555
f 1627 1573 1646
f 1574 1646 1573
f 1646 1574 1648
f 1648 1574 1624
f 1649 1625 1557
f 1640 1641 1571
f 1571 1570 1640
f 1641 1638 1571
f 1535 1636 1637
f 1537 1535 1637
f 1637 1639 1537
f 1537 1639 1644
f 1645 1640 1570
f 1573 1571 1638
f 1638 1642 1573
f 1636 1535 1643
f 1569 1643 1535
f 1706 1537 1644
f 1537 1706 1568
f 1570 1574 1645
f 1708 1645 1574
f 1707 1573 1704
f 1573 1707 1574
f 1642 1704 1573
f 1643 1569 1702
f 1568 1702 1569
f 1702 1568 1703
f 1703 1568 1706
f 1707 1708 1574
f 1535 1537 1701
f 1701 1700 1535
f 1700 1711 1535
f 1515 1709 1705
f 1705 1699 1517
f 1517 1515 1705
f 1517 1699 1710
f 1712 1701 1537
f 1569 1535 1711
f 1711 1719 1569
f 1709 1515 1718
f 1534 1718 1515
f 1714 1517 1710
f 1517 1714 1533
f 1537 1568 1712
f 1717 1712 1568
f 1716 1569 1720
f 1569 1716 1568
f 1719 1720 1569
f 1718 1534 1715
f 1533 1715 1534
f 1715 1533 1713
f 1713 1533 1714
f 1716 1717 1568
f 1515 1517 1683
f 1683 1686 1515
f 1686 1685 1515
f 1342 1684 1682
f 1343 1342 1682
f 1682 1681 1343
f 1343 1681 1676
f 1678 1683 1517
f 1685 1673 1534
f 1534 1515 1685
f 1513 1680 1342
f 1684 1342 1680
f 1675 1343 1676
f 1343 1675 1509
f 1517 1533 1678
f 1677 1678 1533
f 1672 1534 1671
f 1534 1672 1533
f 1673 1671 1534
f 1680 1513 1674
f 1509 1674 1513
f 1674 1509 1679
f 1679 1509 1675
f 1672 1677 1533
f 1610 1697 1613
f 1609 1697 1610
f 1614 1694 1612
f 1695 1614 1613
f 1695 1613 1697
f 1695 1694 1614
f 1696 1609 1611
f 1696 1611 1694
f 1696 1697 1609
f 1612 1694 1611
f 1698 1690 1549
f 1549 1550 1698
f 1550 1520 1693
f 1691 1693 1519
f 1520 1519 1693
f 1698 1550 1693
f 1551 1549 1690
f 1524 1551 1690
f 1519 1524 1691
f 1691 1524 1690
f 4797 4798 1558
f 1559 1692 4804
f 4804 4802 1566
f 1559 4804 1566
f 4801 4803 1566
f 4799 1692 1559
f 4960 1689 4957
f 4957 1689 4958
f 1559 1558 4799
f 4796 4958 1689
f 1687 4959 4961
f 4802 4801 1566
f 1688 1566 4803
f 4796 4797 1558
f 4800 4799 1558
f 4798 4800 1558
f 1687 4961 1560
f 1687 4960 4959
f 1687 1689 4960
f 1554 1567 1552
f 1565 1552 1567
f 1563 1564 1562
f 1563 1567 1554
f 1565 1547 1552
f 1547 1562 1564
f 1563 1554 1564
f 1565 1562 1547
f 1526 1525 1529
f 1525 1526 1527
f 1613 1578 1610
f 1576 1610 1578
f 1590 1525 1527
f 1527 1585 1590
f 1532 1539 1516
f 1536 1516 1539
f 1539 1542 1536
f 1542 1523 1553
f 1552 1510 1554
f 1512 1554 1510
f 1510 1532 1512
f 1518 1519 1520
f 1523 1528 1518
f 1522 1553 1523
f 1521 1522 1523
f 1528 1524 1518
f 1553 1536 1542
f 1516 1512 1532
f 1523 1518 1521
f 1519 1518 1524
f 1520 1521 1518
f 1580 1578 1613
f 1613 1614 1580
f 1614 1612 1580
f 1529 1525 1591
f 1528 1544 1551
f 1590 1591 1525
f 1551 1524 1528
f 1523 1543 1544
f 1531 1532 1510
f 1552 1547 1511
f 1511 1510 1552
f 1544 1528 1523
f 1543 1523 1542
f 1542 1541 1543
f 1540 1539 1532
f 1539 1540 1541
f 1510 1511 1531
f 1541 1542 1539
f 1532 1531 1540
f 1581 1612 1611
f 1612 1581 1580
f 1591 1588 1529
f 1526 1529 1588
f 1538 1531 1530
f 1547 1514 1511
f 1541 1545 1543
f 1572 1540 1538
f 1511 1530 1531
f 1514 1547 1564
f 1531 1538 1540
f 1530 1511 1514
f 1543 1545 1544
f 1540 1572 1541
f 1545 1541 1572
f 1549 1544 1546
f 1546 1548 1549
f 1544 1549 1551
f 1550 1549 1548
f 1548 1546 1545
f 1544 1545 1546
f 1585 1526 1588
f 1550 1548 1520
f 1581 1611 1576
f 1609 1576 1611
f 1514 1564 1512
f 1526 1585 1527
f 1610 1576 1609
f 1521 1520 1548
f 1548 1545 1521
f 1554 1512 1564
f 1530 1514 1516
f 1512 1516 1514
f 1538 1530 1536
f 1522 1521 1545
f 1545 1572 1522
f 1572 1538 1553
f 1536 1553 1538
f 1553 1522 1572
f 1516 1536 1530
f 1583 1582 1593
f 1593 1587 1583
f 1592 1591 1593
f 1587 1586 1598
f 1587 1593 1591
f 1591 1592 1588
f 1592 1589 1588
f 1587 1591 1590
f 1585 1588 1589
f 1585 1587 1590
f 1586 1587 1585
f 1585 1589 1586
f 1597 1577 1587
f 1598 1596 1587
f 1596 1597 1587
f 1583 1587 1577
f 1594 1593 1595
f 1592 1593 1594
f 1595 1593 1579
f 1582 1579 1593
f 1579 1582 1580
f 1578 1583 1577
f 1576 1578 1577
f 1575 1576 1577
f 1579 1580 1581
f 1579 1581 1575

#	             End of file
