solid OpenSCAD_Model
  facet normal 0.4305110968083154 0.9025852843498509 0
    outer loop
      vertex 10.670948211007529 134.92291312031583 0
      vertex 10.670948211007529 134.92291312031583 19
      vertex 10.970253026926711 134.78015204630364 0
    endloop
  endfacet
  facet normal 0.4146932426562098 0.9099612708765565 0
    outer loop
      vertex 10.970253026926711 134.78015204630364 0
      vertex 10.970253026926711 134.78015204630364 19
      vertex 11.272003781559796 134.64263630479059 0
    endloop
  endfacet
  facet normal 0.3987490689252383 0.9170600743851274 0
    outer loop
      vertex 11.272003781559796 134.64263630479059 0
      vertex 11.272003781559796 134.64263630479059 19
      vertex 11.576108558703798 134.51040778440364 0
    endloop
  endfacet
  facet normal 0.38268343236513763 0.9238795325112671 0
    outer loop
      vertex 11.576108558703798 134.51040778440364 0
      vertex 11.576108558703798 134.51040778440364 19
      vertex 11.882474725097673 134.38350676323103 0
    endloop
  endfacet
  facet normal 0.3665012267242356 0.9304175679820489 0
    outer loop
      vertex 11.882474725097673 134.38350676323103 0
      vertex 11.882474725097673 134.38350676323103 19
      vertex 12.191008958639294 134.26197189655318 0
    endloop
  endfacet
  facet normal 0.350207381259492 0.9366721892483885 0
    outer loop
      vertex 12.191008958639294 134.26197189655318 0
      vertex 12.191008958639294 134.26197189655318 19
      vertex 12.501617276812294 134.14584020506774 0
    endloop
  endfacet
  facet normal 0.3338068592337704 0.9426414910921785 0
    outer loop
      vertex 12.501617276812294 134.14584020506774 0
      vertex 12.501617276812294 134.14584020506774 19
      vertex 12.814205065314024 134.03514706361298 0
    endloop
  endfacet
  facet normal 0.31730465640509914 0.948323655206197 0
    outer loop
      vertex 12.814205065314024 134.03514706361298 0
      vertex 12.814205065314024 134.03514706361298 19
      vertex 13.128677106876 133.92992619039208 0
    endloop
  endfacet
  facet normal 0.30070579950424503 0.9537169507482358 0
    outer loop
      vertex 13.128677106876 133.92992619039208 0
      vertex 13.128677106876 133.92992619039208 19
      vertex 13.444937610268001 133.83020963670234 0
    endloop
  endfacet
  facet normal 0.28401534470390916 0.958819734868197 0
    outer loop
      vertex 13.444937610268001 133.83020963670234 0
      vertex 13.444937610268001 133.83020963670234 19
      vertex 13.762890239477017 133.73602777717196 0
    endloop
  endfacet
  facet normal 0.267238376078253 0.9636304532086241 0
    outer loop
      vertex 13.762890239477017 133.73602777717196 0
      vertex 13.762890239477017 133.73602777717196 19
      vertex 14.082438143052105 133.64740930050772 0
    endloop
  endfacet
  facet normal 0.23344536385587636 0.9723699203976836 -1.8966068646726253e-19
    outer loop
      vertex 14.725929967466566 133.48696876908053 0
      vertex 14.403483983606314 133.56438120075606 0
      vertex 14.403483983606314 133.56438120075606 19
    endloop
  endfacet
  facet normal 0.25038000405450433 0.9681476403780914 0
    outer loop
      vertex 14.082438143052105 133.64740930050772 0
      vertex 14.082438143052105 133.64740930050772 19
      vertex 14.403483983606314 133.56438120075606 0
    endloop
  endfacet
  facet normal 0.2164396139381556 0.9762960071199217 0
    outer loop
      vertex 14.725929967466566 133.48696876908053 0
      vertex 14.725929967466566 133.48696876908053 19
      vertex 15.049677874462573 133.41519558605768 0
    endloop
  endfacet
  facet normal 0.1993679344171221 0.9799247046208449 0
    outer loop
      vertex 15.049677874462573 133.41519558605768 0
      vertex 15.049677874462573 133.41519558605768 19
      vertex 15.374629087845648 133.3490835144944 0
    endloop
  endfacet
  facet normal 0.18223552549220104 0.9832549075639446 0
    outer loop
      vertex 15.374629087845648 133.3490835144944 0
      vertex 15.374629087845648 133.3490835144944 19
      vertex 15.700684624328323 133.28865269276804 0
    endloop
  endfacet
  facet normal 0.16504760586067144 0.9862856015372324 0
    outer loop
      vertex 15.700684624328323 133.28865269276804 0
      vertex 15.700684624328323 133.28865269276804 19
      vertex 16.027745164235615 133.23392152869238 0
    endloop
  endfacet
  facet normal 0.14780941112959275 0.9890158633619195 0
    outer loop
      vertex 16.027745164235615 133.23392152869238 0
      vertex 16.027745164235615 133.23392152869238 19
      vertex 16.355711081758756 133.18490669391016 0
    endloop
  endfacet
  facet normal 0.13052619222002404 0.9914448613738139 0
    outer loop
      vertex 16.355711081758756 133.18490669391016 0
      vertex 16.355711081758756 133.18490669391016 19
      vertex 16.684482475302197 133.1416231188149 0
    endloop
  endfacet
  facet normal 0.11320321376795915 0.9935718556765817 0
    outer loop
      vertex 16.684482475302197 133.1416231188149 0
      vertex 16.684482475302197 133.1416231188149 19
      vertex 17.013959197914584 133.1040839880028 0
    endloop
  endfacet
  facet normal 0.09584575252019935 0.9953961983671812 0
    outer loop
      vertex 17.013959197914584 133.1040839880028 0
      vertex 17.013959197914584 133.1040839880028 19
      vertex 17.344040887794495 133.07230073625684 0
    endloop
  endfacet
  facet normal 0.0784590957278216 0.9969173337331299 0
    outer loop
      vertex 17.344040887794495 133.07230073625684 0
      vertex 17.344040887794495 133.07230073625684 19
      vertex 17.67462699886162 133.04628304506335 0
    endloop
  endfacet
  facet normal 0.06104853953486638 0.9981347984218664 0
    outer loop
      vertex 17.67462699886162 133.04628304506335 0
      vertex 17.67462699886162 133.04628304506335 19
      vertex 18.005616831384067 133.0260388396631 0
    endloop
  endfacet
  facet normal 0.043619387365383386 0.9990482215818557 0
    outer loop
      vertex 18.005616831384067 133.0260388396631 0
      vertex 18.005616831384067 133.0260388396631 19
      vertex 18.336909562652483 133.01157428663717 0
    endloop
  endfacet
  facet normal 0.02617694830782191 0.9996573249755586 0
    outer loop
      vertex 18.336909562652483 133.01157428663717 0
      vertex 18.336909562652483 133.01157428663717 19
      vertex 18.668404277691614 133.00289379202857 0
    endloop
  endfacet
  facet normal 0.008726535498392977 0.9999619230641712 0
    outer loop
      vertex 18.668404277691614 133.00289379202857 0
      vertex 18.668404277691614 133.00289379202857 19
      vertex 19 133 0
    endloop
  endfacet
  facet normal -0.008726535498392977 0.9999619230641712 0
    outer loop
      vertex 19 133 0
      vertex 19 133 19
      vertex 19.331595722308386 133.00289379202857 0
    endloop
  endfacet
  facet normal -0.02617694830782191 0.9996573249755586 0
    outer loop
      vertex 19.331595722308386 133.00289379202857 0
      vertex 19.331595722308386 133.00289379202857 19
      vertex 19.663090437347517 133.01157428663717 0
    endloop
  endfacet
  facet normal -0.043619387365383386 0.9990482215818557 0
    outer loop
      vertex 19.663090437347517 133.01157428663717 0
      vertex 19.663090437347517 133.01157428663717 19
      vertex 19.994383168615933 133.0260388396631 0
    endloop
  endfacet
  facet normal -0.06104853953486638 0.9981347984218664 0
    outer loop
      vertex 19.994383168615933 133.0260388396631 0
      vertex 19.994383168615933 133.0260388396631 19
      vertex 20.32537300113838 133.04628304506335 0
    endloop
  endfacet
  facet normal -0.0784590957278216 0.9969173337331299 0
    outer loop
      vertex 20.32537300113838 133.04628304506335 0
      vertex 20.32537300113838 133.04628304506335 19
      vertex 20.655959112205505 133.07230073625684 0
    endloop
  endfacet
  facet normal -0.09584575252019935 0.9953961983671812 0
    outer loop
      vertex 20.655959112205505 133.07230073625684 0
      vertex 20.655959112205505 133.07230073625684 19
      vertex 20.986040802085416 133.1040839880028 0
    endloop
  endfacet
  facet normal -0.11320321376795915 0.9935718556765817 0
    outer loop
      vertex 20.986040802085416 133.1040839880028 0
      vertex 20.986040802085416 133.1040839880028 19
      vertex 21.315517524697803 133.1416231188149 0
    endloop
  endfacet
  facet normal -0.13052619222002404 0.9914448613738139 0
    outer loop
      vertex 21.315517524697803 133.1416231188149 0
      vertex 21.315517524697803 133.1416231188149 19
      vertex 21.644288918241244 133.18490669391016 0
    endloop
  endfacet
  facet normal 0 0 1
    outer loop
      vertex 0.10408398800280594 150.01395919791457 0
      vertex 0.10408398800280594 153.98604080208543 0
      vertex 0.07230073625683531 150.3440408877945 0
    endloop
  endfacet
  facet normal 0 0 1
    outer loop
      vertex 0.07230073625683531 150.3440408877945 0
      vertex 0.07230073625683531 153.6559591122055 0
      vertex 0.04628304506334047 150.6746269988616 0
    endloop
  endfacet
  facet normal 0 0 1
    outer loop
      vertex 0.04628304506334047 150.6746269988616 0
      vertex 0.04628304506334047 153.3253730011384 0
      vertex 0.026038839663097946 151.00561683138406 0
    endloop
  endfacet
  facet normal 0 0 1
    outer loop
      vertex 0.026038839663097946 151.00561683138406 0
      vertex 0.026038839663097946 152.99438316861594 0
      vertex 0.011574286637181075 151.3369095626525 0
    endloop
  endfacet
  facet normal 0 0 1
    outer loop
      vertex 0.011574286637181075 151.3369095626525 0
      vertex 0.011574286637181075 152.6630904373475 0
      vertex 0.002893792028565656 151.66840427769162 0
    endloop
  endfacet
  facet normal 0 0 1
    outer loop
      vertex 0.002893792028565656 151.66840427769162 0
      vertex 0.002893792028565656 152.33159572230838 0
      vertex 0 152 0
    endloop
  endfacet
  facet normal 0 0 1
    outer loop
      vertex 0.002893792028565656 151.66840427769162 0
      vertex 0.011574286637181075 152.6630904373475 0
      vertex 0.002893792028565656 152.33159572230838 0
    endloop
  endfacet
  facet normal 0 0 1
    outer loop
      vertex 0.011574286637181075 151.3369095626525 0
      vertex 0.026038839663097946 152.99438316861594 0
      vertex 0.011574286637181075 152.6630904373475 0
    endloop
  endfacet
  facet normal 0 0 1
    outer loop
      vertex 0.026038839663097946 151.00561683138406 0
      vertex 0.04628304506334047 153.3253730011384 0
      vertex 0.026038839663097946 152.99438316861594 0
    endloop
  endfacet
  facet normal 0 0 1
    outer loop
      vertex 0.04628304506334047 150.6746269988616 0
      vertex 0.07230073625683531 153.6559591122055 0
      vertex 0.04628304506334047 153.3253730011384 0
    endloop
  endfacet
  facet normal 0 0 1
    outer loop
      vertex 0.07230073625683531 150.3440408877945 0
      vertex 0.10408398800280594 153.98604080208543 0
      vertex 0.07230073625683531 153.6559591122055 0
    endloop
  endfacet
  facet normal 0 0 1
    outer loop
      vertex 0.3490835144943851 148.37462908784565 0
      vertex 0.4151955860576919 148.04967787446256 0
      vertex 0.4151955860576919 155.95032212553744 0
    endloop
  endfacet
  facet normal 0 0 1
    outer loop
      vertex 0.48696876908053 147.72592996746656 0
      vertex 0.48696876908053 156.27407003253344 0
      vertex 0.4151955860576919 148.04967787446256 0
    endloop
  endfacet
  facet normal 0 0 1
    outer loop
      vertex 0.5643812007560669 147.40348398360632 0
      vertex 0.5643812007560669 156.59651601639368 0
      vertex 0.48696876908053 147.72592996746656 0
    endloop
  endfacet
  facet normal 0 0 1
    outer loop
      vertex 0.5643812007560669 147.40348398360632 0
      vertex 0.6474093005077037 147.08243814305212 0
      vertex 0.6474093005077037 156.91756185694788 0
    endloop
  endfacet
  facet normal 0 0 1
    outer loop
      vertex 0.6474093005077037 147.08243814305212 0
      vertex 0.736027777171941 146.762890239477 0
      vertex 0.736027777171941 157.237109760523 0
    endloop
  endfacet
  facet normal 0 0 1
    outer loop
      vertex 0.8302096367023282 146.444937610268 0
      vertex 0.8302096367023282 157.555062389732 0
      vertex 0.736027777171941 146.762890239477 0
    endloop
  endfacet
  facet normal 0 0 1
    outer loop
      vertex 0.2886526927680464 148.70068462432832 0
      vertex 0.2886526927680464 155.29931537567168 0
      vertex 0.23392152869238103 149.02774516423563 0
    endloop
  endfacet
  facet normal 0 0 1
    outer loop
      vertex 0.23392152869238103 149.02774516423563 0
      vertex 0.23392152869238103 154.97225483576437 0
      vertex 0.18490669391016468 149.35571108175876 0
    endloop
  endfacet
  facet normal 0 0 1
    outer loop
      vertex 0.18490669391016468 149.35571108175876 0
      vertex 0.18490669391016468 154.64428891824124 0
      vertex 0.14162311881488066 149.6844824753022 0
    endloop
  endfacet
  facet normal 0 0 1
    outer loop
      vertex 0.14162311881488066 149.6844824753022 0
      vertex 0.14162311881488066 154.3155175246978 0
      vertex 0.10408398800280594 150.01395919791457 0
    endloop
  endfacet
  facet normal 0 0 1
    outer loop
      vertex 0.3490835144943851 148.37462908784565 0
      vertex 0.3490835144943851 155.62537091215435 0
      vertex 0.2886526927680464 148.70068462432832 0
    endloop
  endfacet
  facet normal 0 0 1
    outer loop
      vertex 1.0351470636129783 145.814205065314 0
      vertex 1.0351470636129783 158.185794934686 0
      vertex 0.9299261903920844 146.128677106876 0
    endloop
  endfacet
  facet normal 0 0 1
    outer loop
      vertex 1.0351470636129783 145.814205065314 0
      vertex 1.1458402050677385 145.50161727681228 0
      vertex 1.1458402050677385 158.49838272318772 0
    endloop
  endfacet
  facet normal 0 0 1
    outer loop
      vertex 1.2619718965531668 145.1910089586393 0
      vertex 1.2619718965531668 158.8089910413607 0
      vertex 1.1458402050677385 145.50161727681228 0
    endloop
  endfacet
  facet normal 0 0 1
    outer loop
      vertex 0.8302096367023282 146.444937610268 0
      vertex 0.9299261903920844 146.128677106876 0
      vertex 0.9299261903920844 157.871322893124 0
    endloop
  endfacet
  facet normal 0 0 1
    outer loop
      vertex 1.2619718965531668 145.1910089586393 0
      vertex 1.3835067632310398 144.88247472509767 0
      vertex 1.3835067632310398 159.11752527490233 0
    endloop
  endfacet
  facet normal 0 0 1
    outer loop
      vertex 1.5104077844036325 144.5761085587038 0
      vertex 1.5104077844036325 159.4238914412962 0
      vertex 1.3835067632310398 144.88247472509767 0
    endloop
  endfacet
  facet normal 0 0 1
    outer loop
      vertex 1.5104077844036325 144.5761085587038 0
      vertex 1.6426363047905852 144.2720037815598 0
      vertex 1.6426363047905852 159.7279962184402 0
    endloop
  endfacet
  facet normal 0 0 1
    outer loop
      vertex 1.7801520463036518 143.9702530269267 0
      vertex 1.922913120315826 143.67094821100753 0
      vertex 1.922913120315826 160.32905178899247 0
    endloop
  endfacet
  facet normal 0 0 1
    outer loop
      vertex 1.922913120315826 143.67094821100753 0
      vertex 2.070876040421009 143.3741805049486 0
      vertex 2.070876040421009 160.6258194950514 0
    endloop
  endfacet
  facet normal 0 0 1
    outer loop
      vertex 2.070876040421009 143.3741805049486 0
      vertex 2.2239957356803863 143.0800403070681 0
      vertex 2.2239957356803863 160.9199596929319 0
    endloop
  endfacet
  facet normal 0 0 1
    outer loop
      vertex 2.2239957356803863 143.0800403070681 0
      vertex 2.3822255643514794 142.7886172153196 0
      vertex 2.3822255643514794 161.2113827846804 0
    endloop
  endfacet
  facet normal 0 0 1
    outer loop
      vertex 2.3822255643514794 142.7886172153196 0
      vertex 2.5455173280956664 142.5 0
      vertex 2.5455173280956664 161.5 0
    endloop
  endfacet
  facet normal 0 0 1
    outer loop
      vertex 2.5455173280956664 142.5 0
      vertex 2.713821286659865 142.21427657670898 0
      vertex 2.713821286659865 161.78572342329102 0
    endloop
  endfacet
  facet normal 0 0 1
    outer loop
      vertex 2.8870861730279067 141.9315339795691 0
      vertex 3.0652592090369435 141.6518583347145 0
      vertex 3.0652592090369435 162.3481416652855 0
    endloop
  endfacet
  facet normal 0 0 1
    outer loop
      vertex 3.0652592090369435 141.6518583347145 0
      vertex 3.248286121454207 141.37533483405582 0
      vertex 3.248286121454207 162.62466516594418 0
    endloop
  endfacet
  facet normal 0 0 1
    outer loop
      vertex 2.713821286659865 142.21427657670898 0
      vertex 2.8870861730279067 141.9315339795691 0
      vertex 2.8870861730279067 162.0684660204309 0
    endloop
  endfacet
  facet normal 0 0 1
    outer loop
      vertex 1.6426363047905852 144.2720037815598 0
      vertex 1.7801520463036518 143.9702530269267 0
      vertex 1.7801520463036518 160.0297469730733 0
    endloop
  endfacet
  facet normal 0 0 1
    outer loop
      vertex 0.10408398800280594 150.01395919791457 0
      vertex 0.14162311881488066 154.3155175246978 0
      vertex 0.10408398800280594 153.98604080208543 0
    endloop
  endfacet
  facet normal 0 0 1
    outer loop
      vertex 0.14162311881488066 149.6844824753022 0
      vertex 0.18490669391016468 154.64428891824124 0
      vertex 0.14162311881488066 154.3155175246978 0
    endloop
  endfacet
  facet normal 0 0 1
    outer loop
      vertex 0.18490669391016468 149.35571108175876 0
      vertex 0.23392152869238103 154.97225483576437 0
      vertex 0.18490669391016468 154.64428891824124 0
    endloop
  endfacet
  facet normal 0 0 1
    outer loop
      vertex 0.23392152869238103 149.02774516423563 0
      vertex 0.2886526927680464 155.29931537567168 0
      vertex 0.23392152869238103 154.97225483576437 0
    endloop
  endfacet
  facet normal 0 0 1
    outer loop
      vertex 0.2886526927680464 148.70068462432832 0
      vertex 0.3490835144943851 155.62537091215435 0
      vertex 0.2886526927680464 155.29931537567168 0
    endloop
  endfacet
  facet normal 0 0 1
    outer loop
      vertex 0.3490835144943851 148.37462908784565 0
      vertex 0.4151955860576919 155.95032212553744 0
      vertex 0.3490835144943851 155.62537091215435 0
    endloop
  endfacet
  facet normal 0 0 1
    outer loop
      vertex 0.4151955860576919 148.04967787446256 0
      vertex 0.48696876908053 156.27407003253344 0
      vertex 0.4151955860576919 155.95032212553744 0
    endloop
  endfacet
  facet normal 0 0 1
    outer loop
      vertex 0.48696876908053 147.72592996746656 0
      vertex 0.5643812007560669 156.59651601639368 0
      vertex 0.48696876908053 156.27407003253344 0
    endloop
  endfacet
  facet normal 0 0 1
    outer loop
      vertex 0.5643812007560669 147.40348398360632 0
      vertex 0.6474093005077037 156.91756185694788 0
      vertex 0.5643812007560669 156.59651601639368 0
    endloop
  endfacet
  facet normal 0 0 1
    outer loop
      vertex 0.6474093005077037 147.08243814305212 0
      vertex 0.736027777171941 157.237109760523 0
      vertex 0.6474093005077037 156.91756185694788 0
    endloop
  endfacet
  facet normal 0 0 1
    outer loop
      vertex 0.736027777171941 146.762890239477 0
      vertex 0.8302096367023282 157.555062389732 0
      vertex 0.736027777171941 157.237109760523 0
    endloop
  endfacet
  facet normal 0 0 1
    outer loop
      vertex 0.8302096367023282 146.444937610268 0
      vertex 0.9299261903920844 157.871322893124 0
      vertex 0.8302096367023282 157.555062389732 0
    endloop
  endfacet
  facet normal 0 0 1
    outer loop
      vertex 0.9299261903920844 146.128677106876 0
      vertex 1.0351470636129783 158.185794934686 0
      vertex 0.9299261903920844 157.871322893124 0
    endloop
  endfacet
  facet normal 0 0 1
    outer loop
      vertex 1.0351470636129783 145.814205065314 0
      vertex 1.1458402050677385 158.49838272318772 0
      vertex 1.0351470636129783 158.185794934686 0
    endloop
  endfacet
  facet normal 0 0 1
    outer loop
      vertex 1.1458402050677385 145.50161727681228 0
      vertex 1.2619718965531668 158.8089910413607 0
      vertex 1.1458402050677385 158.49838272318772 0
    endloop
  endfacet
  facet normal 0 0 1
    outer loop
      vertex 1.2619718965531668 145.1910089586393 0
      vertex 1.3835067632310398 159.11752527490233 0
      vertex 1.2619718965531668 158.8089910413607 0
    endloop
  endfacet
  facet normal 0 0 1
    outer loop
      vertex 1.3835067632310398 144.88247472509767 0
      vertex 1.5104077844036325 159.4238914412962 0
      vertex 1.3835067632310398 159.11752527490233 0
    endloop
  endfacet
  facet normal 0 0 1
    outer loop
      vertex 1.5104077844036325 144.5761085587038 0
      vertex 1.6426363047905852 159.7279962184402 0
      vertex 1.5104077844036325 159.4238914412962 0
    endloop
  endfacet
  facet normal 0 0 1
    outer loop
      vertex 1.6426363047905852 144.2720037815598 0
      vertex 1.7801520463036518 160.0297469730733 0
      vertex 1.6426363047905852 159.7279962184402 0
    endloop
  endfacet
  facet normal 0 0 1
    outer loop
      vertex 1.7801520463036518 143.9702530269267 0
      vertex 1.922913120315826 160.32905178899247 0
      vertex 1.7801520463036518 160.0297469730733 0
    endloop
  endfacet
  facet normal 0 0 1
    outer loop
      vertex 1.922913120315826 143.67094821100753 0
      vertex 2.070876040421009 160.6258194950514 0
      vertex 1.922913120315826 160.32905178899247 0
    endloop
  endfacet
  facet normal 0 0 1
    outer loop
      vertex 2.070876040421009 143.3741805049486 0
      vertex 2.2239957356803863 160.9199596929319 0
      vertex 2.070876040421009 160.6258194950514 0
    endloop
  endfacet
  facet normal 0 0 1
    outer loop
      vertex 2.2239957356803863 143.0800403070681 0
      vertex 2.3822255643514794 161.2113827846804 0
      vertex 2.2239957356803863 160.9199596929319 0
    endloop
  endfacet
  facet normal 0 0 1
    outer loop
      vertex 2.3822255643514794 142.7886172153196 0
      vertex 2.5455173280956664 161.5 0
      vertex 2.3822255643514794 161.2113827846804 0
    endloop
  endfacet
  facet normal 0 0 1
    outer loop
      vertex 2.5455173280956664 142.5 0
      vertex 2.713821286659865 161.78572342329102 0
      vertex 2.5455173280956664 161.5 0
    endloop
  endfacet
  facet normal 0 0 1
    outer loop
      vertex 2.713821286659865 142.21427657670898 0
      vertex 2.8870861730279067 162.0684660204309 0
      vertex 2.713821286659865 161.78572342329102 0
    endloop
  endfacet
  facet normal 0 0 1
    outer loop
      vertex 2.8870861730279067 141.9315339795691 0
      vertex 3.0652592090369435 162.3481416652855 0
      vertex 2.8870861730279067 162.0684660204309 0
    endloop
  endfacet
  facet normal 0 0 1
    outer loop
      vertex 3.0652592090369435 141.6518583347145 0
      vertex 3.248286121454207 162.62466516594418 0
      vertex 3.0652592090369435 162.3481416652855 0
    endloop
  endfacet
  facet normal 0 0 1
    outer loop
      vertex 3.248286121454207 141.37533483405582 0
      vertex 3.4361111585091564 141.10204770933012 0
      vertex 3.4361111585091564 162.89795229066988 0
    endloop
  endfacet
  facet normal 0 0 1
    outer loop
      vertex 3.4361111585091564 141.10204770933012 0
      vertex 3.6286771068759975 140.832080206443 0
      vertex 3.6286771068759975 163.167919793557 0
    endloop
  endfacet
  facet normal 0 0 1
    outer loop
      vertex 3.6286771068759975 140.832080206443 0
      vertex 3.825925309101436 140.56551456011107 0
      vertex 3.825925309101436 163.43448543988893 0
    endloop
  endfacet
  facet normal 0 0 1
    outer loop
      vertex 4.027795681472284 140.3024319688125 0
      vertex 4.027795681472284 163.6975680311875 0
      vertex 3.825925309101436 140.56551456011107 0
    endloop
  endfacet
  facet normal 0 0 1
    outer loop
      vertex 4.660517975767332 139.53487844918035 0
      vertex 4.660517975767332 164.46512155081965 0
      vertex 4.445155580739417 139.78703541595576 0
    endloop
  endfacet
  facet normal 0 0 1
    outer loop
      vertex 4.027795681472284 140.3024319688125 0
      vertex 4.234226732317552 140.0429125700531 0
      vertex 4.234226732317552 163.9570874299469 0
    endloop
  endfacet
  facet normal 0 0 1
    outer loop
      vertex 4.234226732317552 140.0429125700531 0
      vertex 4.445155580739417 139.78703541595576 0
      vertex 4.445155580739417 164.21296458404424 0
    endloop
  endfacet
  facet normal 0 0 1
    outer loop
      vertex 4.660517975767332 139.53487844918035 0
      vertex 4.88024831592951 139.2865184791817 0
      vertex 4.88024831592951 164.7134815208183 0
    endloop
  endfacet
  facet normal 0 0 1
    outer loop
      vertex 5.104279669235762 139.04203115881253 0
      vertex 5.104279669235762 164.95796884118747 0
      vertex 4.88024831592951 139.2865184791817 0
    endloop
  endfacet
  facet normal 0 0 1
    outer loop
      vertex 5.104279669235762 139.04203115881253 0
      vertex 5.332543793565627 138.80149096127906 0
      vertex 5.332543793565627 165.19850903872094 0
    endloop
  endfacet
  facet normal 0 0 1
    outer loop
      vertex 5.332543793565627 138.80149096127906 0
      vertex 5.564971157455597 138.5649711574556 0
      vertex 5.564971157455597 165.4350288425444 0
    endloop
  endfacet
  facet normal 0 0 1
    outer loop
      vertex 5.801490961279052 138.33254379356563 0
      vertex 5.801490961279052 165.66745620643437 0
      vertex 5.564971157455597 138.5649711574556 0
    endloop
  endfacet
  facet normal 0 0 1
    outer loop
      vertex 5.801490961279052 138.33254379356563 0
      vertex 6.042031158812529 138.10427966923575 0
      vertex 6.042031158812529 165.89572033076425 0
    endloop
  endfacet
  facet normal 0 0 1
    outer loop
      vertex 6.042031158812529 138.10427966923575 0
      vertex 6.286518479181694 137.88024831592952 0
      vertex 6.286518479181694 166.11975168407048 0
    endloop
  endfacet
  facet normal 0 0 1
    outer loop
      vertex 3.248286121454207 141.37533483405582 0
      vertex 3.4361111585091564 162.89795229066988 0
      vertex 3.248286121454207 162.62466516594418 0
    endloop
  endfacet
  facet normal 0 0 1
    outer loop
      vertex 3.4361111585091564 141.10204770933012 0
      vertex 3.6286771068759975 163.167919793557 0
      vertex 3.4361111585091564 162.89795229066988 0
    endloop
  endfacet
  facet normal 0 0 1
    outer loop
      vertex 3.6286771068759975 140.832080206443 0
      vertex 3.825925309101436 163.43448543988893 0
      vertex 3.6286771068759975 163.167919793557 0
    endloop
  endfacet
  facet normal 0 0 1
    outer loop
      vertex 3.825925309101436 140.56551456011107 0
      vertex 4.027795681472284 163.6975680311875 0
      vertex 3.825925309101436 163.43448543988893 0
    endloop
  endfacet
  facet normal 0 0 1
    outer loop
      vertex 4.027795681472284 140.3024319688125 0
      vertex 4.234226732317552 163.9570874299469 0
      vertex 4.027795681472284 163.6975680311875 0
    endloop
  endfacet
  facet normal 0 0 1
    outer loop
      vertex 4.234226732317552 140.0429125700531 0
      vertex 4.445155580739417 164.21296458404424 0
      vertex 4.234226732317552 163.9570874299469 0
    endloop
  endfacet
  facet normal 0 0 1
    outer loop
      vertex 4.445155580739417 139.78703541595576 0
      vertex 4.660517975767332 164.46512155081965 0
      vertex 4.445155580739417 164.21296458404424 0
    endloop
  endfacet
  facet normal 0 0 1
    outer loop
      vertex 4.660517975767332 139.53487844918035 0
      vertex 4.88024831592951 164.7134815208183 0
      vertex 4.660517975767332 164.46512155081965 0
    endloop
  endfacet
  facet normal 0 0 1
    outer loop
      vertex 4.88024831592951 139.2865184791817 0
      vertex 5.104279669235762 164.95796884118747 0
      vertex 4.88024831592951 164.7134815208183 0
    endloop
  endfacet
  facet normal 0 0 1
    outer loop
      vertex 5.104279669235762 139.04203115881253 0
      vertex 5.332543793565627 165.19850903872094 0
      vertex 5.104279669235762 164.95796884118747 0
    endloop
  endfacet
  facet normal 0 0 1
    outer loop
      vertex 5.332543793565627 138.80149096127906 0
      vertex 5.564971157455597 165.4350288425444 0
      vertex 5.332543793565627 165.19850903872094 0
    endloop
  endfacet
  facet normal 0 0 1
    outer loop
      vertex 5.564971157455597 138.5649711574556 0
      vertex 5.801490961279052 165.66745620643437 0
      vertex 5.564971157455597 165.4350288425444 0
    endloop
  endfacet
  facet normal 0 0 1
    outer loop
      vertex 5.801490961279052 138.33254379356563 0
      vertex 6.042031158812529 165.89572033076425 0
      vertex 5.801490961279052 165.66745620643437 0
    endloop
  endfacet
  facet normal 0 0 1
    outer loop
      vertex 6.042031158812529 138.10427966923575 0
      vertex 6.286518479181694 166.11975168407048 0
      vertex 6.042031158812529 165.89572033076425 0
    endloop
  endfacet
  facet normal 0 0 1
    outer loop
      vertex 6.534878449180361 137.66051797576733 0
      vertex 6.534878449180361 166.33948202423267 0
      vertex 6.286518479181694 137.88024831592952 0
    endloop
  endfacet
  facet normal 0 0 1
    outer loop
      vertex 6.787035415955755 137.44515558073942 0
      vertex 7.04291257005309 137.23422673231755 0
      vertex 7.04291257005309 166.76577326768245 0
    endloop
  endfacet
  facet normal 0 0 1
    outer loop
      vertex 6.534878449180361 137.66051797576733 0
      vertex 6.787035415955755 137.44515558073942 0
      vertex 6.787035415955755 166.55484441926058 0
    endloop
  endfacet
  facet normal 0 0 1
    outer loop
      vertex 7.04291257005309 137.23422673231755 0
      vertex 7.302431968812492 137.0277956814723 0
      vertex 7.302431968812492 166.9722043185277 0
    endloop
  endfacet
  facet normal 0 0 1
    outer loop
      vertex 7.565514560111083 136.82592530910142 0
      vertex 7.565514560111083 167.17407469089858 0
      vertex 7.302431968812492 137.0277956814723 0
    endloop
  endfacet
  facet normal 0 0 1
    outer loop
      vertex 7.565514560111083 136.82592530910142 0
      vertex 7.83208020644301 136.628677106876 0
      vertex 7.83208020644301 167.371322893124 0
    endloop
  endfacet
  facet normal 0 0 1
    outer loop
      vertex 7.83208020644301 136.628677106876 0
      vertex 8.102047709330126 136.43611115850916 0
      vertex 8.102047709330126 167.56388884149084 0
    endloop
  endfacet
  facet normal 0 0 1
    outer loop
      vertex 8.375334834055808 136.2482861214542 0
      vertex 8.375334834055808 167.7517138785458 0
      vertex 8.102047709330126 136.43611115850916 0
    endloop
  endfacet
  facet normal 0 0 1
    outer loop
      vertex 8.375334834055808 136.2482861214542 0
      vertex 8.651858334714486 136.06525920903695 0
      vertex 8.651858334714486 167.93474079096305 0
    endloop
  endfacet
  facet normal 0 0 1
    outer loop
      vertex 8.651858334714486 136.06525920903695 0
      vertex 8.931533979569107 135.8870861730279 0
      vertex 8.931533979569107 168.1129138269721 0
    endloop
  endfacet
  facet normal 0 0 1
    outer loop
      vertex 8.931533979569107 135.8870861730279 0
      vertex 9.21427657670897 135.71382128665988 0
      vertex 9.21427657670897 168.28617871334012 0
    endloop
  endfacet
  facet normal 0 0 1
    outer loop
      vertex 6.286518479181694 137.88024831592952 0
      vertex 6.534878449180361 166.33948202423267 0
      vertex 6.286518479181694 166.11975168407048 0
    endloop
  endfacet
  facet normal 0 0 1
    outer loop
      vertex 6.534878449180361 137.66051797576733 0
      vertex 6.787035415955755 166.55484441926058 0
      vertex 6.534878449180361 166.33948202423267 0
    endloop
  endfacet
  facet normal 0 0 1
    outer loop
      vertex 6.787035415955755 137.44515558073942 0
      vertex 7.04291257005309 166.76577326768245 0
      vertex 6.787035415955755 166.55484441926058 0
    endloop
  endfacet
  facet normal 0 0 1
    outer loop
      vertex 7.04291257005309 137.23422673231755 0
      vertex 7.302431968812492 166.9722043185277 0
      vertex 7.04291257005309 166.76577326768245 0
    endloop
  endfacet
  facet normal 0 0 1
    outer loop
      vertex 7.302431968812492 137.0277956814723 0
      vertex 7.565514560111083 167.17407469089858 0
      vertex 7.302431968812492 166.9722043185277 0
    endloop
  endfacet
  facet normal 0 0 1
    outer loop
      vertex 7.565514560111083 136.82592530910142 0
      vertex 7.83208020644301 167.371322893124 0
      vertex 7.565514560111083 167.17407469089858 0
    endloop
  endfacet
  facet normal 0 0 1
    outer loop
      vertex 7.83208020644301 136.628677106876 0
      vertex 8.102047709330126 167.56388884149084 0
      vertex 7.83208020644301 167.371322893124 0
    endloop
  endfacet
  facet normal 0 0 1
    outer loop
      vertex 8.102047709330126 136.43611115850916 0
      vertex 8.375334834055808 167.7517138785458 0
      vertex 8.102047709330126 167.56388884149084 0
    endloop
  endfacet
  facet normal 0 0 1
    outer loop
      vertex 8.375334834055808 136.2482861214542 0
      vertex 8.651858334714486 167.93474079096305 0
      vertex 8.375334834055808 167.7517138785458 0
    endloop
  endfacet
  facet normal 0 0 1
    outer loop
      vertex 8.651858334714486 136.06525920903695 0
      vertex 8.931533979569107 168.1129138269721 0
      vertex 8.651858334714486 167.93474079096305 0
    endloop
  endfacet
  facet normal 0 0 1
    outer loop
      vertex 8.931533979569107 135.8870861730279 0
      vertex 9.21427657670897 168.28617871334012 0
      vertex 8.931533979569107 168.1129138269721 0
    endloop
  endfacet
  facet normal 0 0 1
    outer loop
      vertex 9.21427657670897 135.71382128665988 0
      vertex 9.5 168.45448267190434 0
      vertex 9.21427657670897 168.28617871334012 0
    endloop
  endfacet
  facet normal 0 0 1
    outer loop
      vertex 9.788617215319595 135.38222556435147 0
      vertex 10.080040307068074 135.22399573568038 0
      vertex 10.080040307068074 168.77600426431962 0
    endloop
  endfacet
  facet normal 0 0 1
    outer loop
      vertex 10.080040307068074 135.22399573568038 0
      vertex 10.37418050494861 135.070876040421 0
      vertex 10.37418050494861 168.929123959579 0
    endloop
  endfacet
  facet normal 0 0 1
    outer loop
      vertex 10.37418050494861 135.070876040421 0
      vertex 10.670948211007529 134.92291312031583 0
      vertex 10.670948211007529 169.07708687968417 0
    endloop
  endfacet
  facet normal 0 0 1
    outer loop
      vertex 10.670948211007529 134.92291312031583 0
      vertex 10.970253026926711 134.78015204630364 0
      vertex 10.970253026926711 169.21984795369636 0
    endloop
  endfacet
  facet normal 0 0 1
    outer loop
      vertex 10.970253026926711 134.78015204630364 0
      vertex 11.272003781559796 134.64263630479059 0
      vertex 11.272003781559796 169.35736369520941 0
    endloop
  endfacet
  facet normal 0 0 1
    outer loop
      vertex 11.272003781559796 134.64263630479059 0
      vertex 11.576108558703798 134.51040778440364 0
      vertex 11.576108558703798 169.48959221559636 0
    endloop
  endfacet
  facet normal 0 0 1
    outer loop
      vertex 11.576108558703798 134.51040778440364 0
      vertex 11.882474725097673 134.38350676323103 0
      vertex 11.882474725097673 169.61649323676897 0
    endloop
  endfacet
  facet normal 0 0 1
    outer loop
      vertex 11.882474725097673 134.38350676323103 0
      vertex 12.191008958639294 134.26197189655318 0
      vertex 12.191008958639294 169.73802810344682 0
    endloop
  endfacet
  facet normal 0 0 1
    outer loop
      vertex 12.191008958639294 134.26197189655318 0
      vertex 12.501617276812294 134.14584020506774 0
      vertex 12.501617276812294 169.85415979493226 0
    endloop
  endfacet
  facet normal 0 0 1
    outer loop
      vertex 12.501617276812294 134.14584020506774 0
      vertex 12.814205065314024 134.03514706361298 0
      vertex 12.814205065314024 169.96485293638702 0
    endloop
  endfacet
  facet normal 0 0 1
    outer loop
      vertex 12.814205065314024 134.03514706361298 0
      vertex 13.128677106876 133.92992619039208 0
      vertex 13.128677106876 170.07007380960792 0
    endloop
  endfacet
  facet normal 0 0 1
    outer loop
      vertex 13.128677106876 133.92992619039208 0
      vertex 13.444937610268001 133.83020963670234 0
      vertex 13.444937610268001 170.16979036329766 0
    endloop
  endfacet
  facet normal 0 0 1
    outer loop
      vertex 13.444937610268001 133.83020963670234 0
      vertex 13.762890239477017 133.73602777717196 0
      vertex 13.762890239477017 170.26397222282804 0
    endloop
  endfacet
  facet normal 0 0 1
    outer loop
      vertex 13.762890239477017 133.73602777717196 0
      vertex 14.082438143052105 133.64740930050772 0
      vertex 14.082438143052105 170.35259069949228 0
    endloop
  endfacet
  facet normal 0 0 1
    outer loop
      vertex 14.082438143052105 133.64740930050772 0
      vertex 14.403483983606314 133.56438120075606 0
      vertex 14.403483983606314 170.43561879924394 0
    endloop
  endfacet
  facet normal 0 0 1
    outer loop
      vertex 14.725929967466566 133.48696876908053 0
      vertex 14.725929967466566 170.51303123091947 0
      vertex 14.403483983606314 133.56438120075606 0
    endloop
  endfacet
  facet normal 0 0 1
    outer loop
      vertex 14.725929967466566 133.48696876908053 0
      vertex 15.049677874462573 133.41519558605768 0
      vertex 15.049677874462573 170.58480441394232 0
    endloop
  endfacet
  facet normal 0 0 1
    outer loop
      vertex 15.049677874462573 133.41519558605768 0
      vertex 15.374629087845648 133.3490835144944 0
      vertex 15.374629087845648 170.6509164855056 0
    endloop
  endfacet
  facet normal 0 0 1
    outer loop
      vertex 9.21427657670897 135.71382128665988 0
      vertex 9.5 135.54551732809566 0
      vertex 9.5 168.45448267190434 0
    endloop
  endfacet
  facet normal 0 0 1
    outer loop
      vertex 9.5 135.54551732809566 0
      vertex 9.788617215319595 135.38222556435147 0
      vertex 9.788617215319595 168.61777443564853 0
    endloop
  endfacet
  facet normal 0 0 1
    outer loop
      vertex 9.5 135.54551732809566 0
      vertex 9.788617215319595 168.61777443564853 0
      vertex 9.5 168.45448267190434 0
    endloop
  endfacet
  facet normal 0 0 1
    outer loop
      vertex 9.788617215319595 135.38222556435147 0
      vertex 10.080040307068074 168.77600426431962 0
      vertex 9.788617215319595 168.61777443564853 0
    endloop
  endfacet
  facet normal 0 0 1
    outer loop
      vertex 10.080040307068074 135.22399573568038 0
      vertex 10.37418050494861 168.929123959579 0
      vertex 10.080040307068074 168.77600426431962 0
    endloop
  endfacet
  facet normal 0 0 1
    outer loop
      vertex 10.37418050494861 135.070876040421 0
      vertex 10.670948211007529 169.07708687968417 0
      vertex 10.37418050494861 168.929123959579 0
    endloop
  endfacet
  facet normal 0 0 1
    outer loop
      vertex 10.670948211007529 134.92291312031583 0
      vertex 10.970253026926711 169.21984795369636 0
      vertex 10.670948211007529 169.07708687968417 0
    endloop
  endfacet
  facet normal 0 0 1
    outer loop
      vertex 10.970253026926711 134.78015204630364 0
      vertex 11.272003781559796 169.35736369520941 0
      vertex 10.970253026926711 169.21984795369636 0
    endloop
  endfacet
  facet normal 0 0 1
    outer loop
      vertex 11.272003781559796 134.64263630479059 0
      vertex 11.576108558703798 169.48959221559636 0
      vertex 11.272003781559796 169.35736369520941 0
    endloop
  endfacet
  facet normal 0 0 1
    outer loop
      vertex 11.576108558703798 134.51040778440364 0
      vertex 11.882474725097673 169.61649323676897 0
      vertex 11.576108558703798 169.48959221559636 0
    endloop
  endfacet
  facet normal 0 0 1
    outer loop
      vertex 11.882474725097673 134.38350676323103 0
      vertex 12.191008958639294 169.73802810344682 0
      vertex 11.882474725097673 169.61649323676897 0
    endloop
  endfacet
  facet normal 0 0 1
    outer loop
      vertex 12.191008958639294 134.26197189655318 0
      vertex 12.501617276812294 169.85415979493226 0
      vertex 12.191008958639294 169.73802810344682 0
    endloop
  endfacet
  facet normal 0 0 1
    outer loop
      vertex 12.501617276812294 134.14584020506774 0
      vertex 12.814205065314024 169.96485293638702 0
      vertex 12.501617276812294 169.85415979493226 0
    endloop
  endfacet
  facet normal 0 0 1
    outer loop
      vertex 15.700684624328323 133.28865269276804 0
      vertex 16.027745164235615 133.23392152869238 0
      vertex 16.027745164235615 170.76607847130762 0
    endloop
  endfacet
  facet normal 0 0 1
    outer loop
      vertex 15.374629087845648 133.3490835144944 0
      vertex 15.700684624328323 133.28865269276804 0
      vertex 15.700684624328323 170.71134730723196 0
    endloop
  endfacet
  facet normal 0 0 1
    outer loop
      vertex 16.027745164235615 133.23392152869238 0
      vertex 16.355711081758756 133.18490669391016 0
      vertex 16.355711081758756 170.81509330608984 0
    endloop
  endfacet
  facet normal 0 0 1
    outer loop
      vertex 16.355711081758756 133.18490669391016 0
      vertex 16.684482475302197 133.1416231188149 0
      vertex 16.684482475302197 170.8583768811851 0
    endloop
  endfacet
  facet normal 0 0 1
    outer loop
      vertex 16.684482475302197 133.1416231188149 0
      vertex 17.013959197914584 133.1040839880028 0
      vertex 17.013959197914584 170.8959160119972 0
    endloop
  endfacet
  facet normal 0 0 1
    outer loop
      vertex 17.013959197914584 133.1040839880028 0
      vertex 17.344040887794495 133.07230073625684 0
      vertex 17.344040887794495 170.92769926374316 0
    endloop
  endfacet
  facet normal 0 0 1
    outer loop
      vertex 17.344040887794495 133.07230073625684 0
      vertex 17.67462699886162 133.04628304506335 0
      vertex 17.67462699886162 170.95371695493665 0
    endloop
  endfacet
  facet normal 0 0 1
    outer loop
      vertex 17.67462699886162 133.04628304506335 0
      vertex 18.005616831384067 133.0260388396631 0
      vertex 18.005616831384067 170.9739611603369 0
    endloop
  endfacet
  facet normal 0 0 1
    outer loop
      vertex 18.005616831384067 133.0260388396631 0
      vertex 18.336909562652483 133.01157428663717 0
      vertex 18.336909562652483 170.98842571336283 0
    endloop
  endfacet
  facet normal 0 0 1
    outer loop
      vertex 18.336909562652483 133.01157428663717 0
      vertex 18.668404277691614 133.00289379202857 0
      vertex 18.668404277691614 170.99710620797143 0
    endloop
  endfacet
  facet normal 0 0 1
    outer loop
      vertex 18.668404277691614 133.00289379202857 0
      vertex 19 133 0
      vertex 19 171 0
    endloop
  endfacet
  facet normal 0 0 1
    outer loop
      vertex 19 133 0
      vertex 19.331595722308386 133.00289379202857 0
      vertex 19.331595722308386 170.99710620797143 0
    endloop
  endfacet
  facet normal 0 0 1
    outer loop
      vertex 19.331595722308386 133.00289379202857 0
      vertex 19.663090437347517 133.01157428663717 0
      vertex 19.663090437347517 170.98842571336283 0
    endloop
  endfacet
  facet normal 0 0 1
    outer loop
      vertex 19.663090437347517 133.01157428663717 0
      vertex 19.994383168615933 133.0260388396631 0
      vertex 19.994383168615933 170.9739611603369 0
    endloop
  endfacet
  facet normal 0 0 1
    outer loop
      vertex 19.994383168615933 133.0260388396631 0
      vertex 20.32537300113838 133.04628304506335 0
      vertex 20.32537300113838 170.95371695493665 0
    endloop
  endfacet
  facet normal 0 0 1
    outer loop
      vertex 20.32537300113838 133.04628304506335 0
      vertex 20.655959112205505 133.07230073625684 0
      vertex 20.655959112205505 170.92769926374316 0
    endloop
  endfacet
  facet normal 0 0 1
    outer loop
      vertex 20.655959112205505 133.07230073625684 0
      vertex 20.986040802085416 133.1040839880028 0
      vertex 20.986040802085416 170.8959160119972 0
    endloop
  endfacet
  facet normal 0 0 1
    outer loop
      vertex 20.986040802085416 133.1040839880028 0
      vertex 21.315517524697803 133.1416231188149 0
      vertex 21.315517524697803 170.8583768811851 0
    endloop
  endfacet
  facet normal 0 0 1
    outer loop
      vertex 21.315517524697803 133.1416231188149 0
      vertex 21.644288918241244 133.18490669391016 0
      vertex 21.644288918241244 170.81509330608984 0
    endloop
  endfacet
  facet normal 0 0 1
    outer loop
      vertex 12.814205065314024 134.03514706361298 0
      vertex 13.128677106876 170.07007380960792 0
      vertex 12.814205065314024 169.96485293638702 0
    endloop
  endfacet
  facet normal 0 0 1
    outer loop
      vertex 13.128677106876 133.92992619039208 0
      vertex 13.444937610268001 170.16979036329766 0
      vertex 13.128677106876 170.07007380960792 0
    endloop
  endfacet
  facet normal 0 0 1
    outer loop
      vertex 13.444937610268001 133.83020963670234 0
      vertex 13.762890239477017 170.26397222282804 0
      vertex 13.444937610268001 170.16979036329766 0
    endloop
  endfacet
  facet normal 0 0 1
    outer loop
      vertex 13.762890239477017 133.73602777717196 0
      vertex 14.082438143052105 170.35259069949228 0
      vertex 13.762890239477017 170.26397222282804 0
    endloop
  endfacet
  facet normal 0 0 1
    outer loop
      vertex 14.082438143052105 133.64740930050772 0
      vertex 14.403483983606314 170.43561879924394 0
      vertex 14.082438143052105 170.35259069949228 0
    endloop
  endfacet
  facet normal 0 0 1
    outer loop
      vertex 14.403483983606314 133.56438120075606 0
      vertex 14.725929967466566 170.51303123091947 0
      vertex 14.403483983606314 170.43561879924394 0
    endloop
  endfacet
  facet normal 0 0 1
    outer loop
      vertex 14.725929967466566 133.48696876908053 0
      vertex 15.049677874462573 170.58480441394232 0
      vertex 14.725929967466566 170.51303123091947 0
    endloop
  endfacet
  facet normal 0 0 1
    outer loop
      vertex 15.049677874462573 133.41519558605768 0
      vertex 15.374629087845648 170.6509164855056 0
      vertex 15.049677874462573 170.58480441394232 0
    endloop
  endfacet
  facet normal 0 0 1
    outer loop
      vertex 15.374629087845648 133.3490835144944 0
      vertex 15.700684624328323 170.71134730723196 0
      vertex 15.374629087845648 170.6509164855056 0
    endloop
  endfacet
  facet normal 0 0 1
    outer loop
      vertex 15.700684624328323 133.28865269276804 0
      vertex 16.027745164235615 170.76607847130762 0
      vertex 15.700684624328323 170.71134730723196 0
    endloop
  endfacet
  facet normal 0 0 1
    outer loop
      vertex 16.027745164235615 133.23392152869238 0
      vertex 16.355711081758756 170.81509330608984 0
      vertex 16.027745164235615 170.76607847130762 0
    endloop
  endfacet
  facet normal 0 0 1
    outer loop
      vertex 16.355711081758756 133.18490669391016 0
      vertex 16.684482475302197 170.8583768811851 0
      vertex 16.355711081758756 170.81509330608984 0
    endloop
  endfacet
  facet normal 0 0 1
    outer loop
      vertex 16.684482475302197 133.1416231188149 0
      vertex 17.013959197914584 170.8959160119972 0
      vertex 16.684482475302197 170.8583768811851 0
    endloop
  endfacet
  facet normal 0 0 1
    outer loop
      vertex 17.013959197914584 133.1040839880028 0
      vertex 17.344040887794495 170.92769926374316 0
      vertex 17.013959197914584 170.8959160119972 0
    endloop
  endfacet
  facet normal 0 0 1
    outer loop
      vertex 17.344040887794495 133.07230073625684 0
      vertex 17.67462699886162 170.95371695493665 0
      vertex 17.344040887794495 170.92769926374316 0
    endloop
  endfacet
  facet normal 0 0 1
    outer loop
      vertex 17.67462699886162 133.04628304506335 0
      vertex 18.005616831384067 170.9739611603369 0
      vertex 17.67462699886162 170.95371695493665 0
    endloop
  endfacet
  facet normal 0 0 1
    outer loop
      vertex 18.005616831384067 133.0260388396631 0
      vertex 18.336909562652483 170.98842571336283 0
      vertex 18.005616831384067 170.9739611603369 0
    endloop
  endfacet
  facet normal 0 0 1
    outer loop
      vertex 18.336909562652483 133.01157428663717 0
      vertex 18.668404277691614 170.99710620797143 0
      vertex 18.336909562652483 170.98842571336283 0
    endloop
  endfacet
  facet normal 0 0 1
    outer loop
      vertex 18.668404277691614 133.00289379202857 0
      vertex 19 171 0
      vertex 18.668404277691614 170.99710620797143 0
    endloop
  endfacet
  facet normal 0 0 1
    outer loop
      vertex 19 133 0
      vertex 19.331595722308386 170.99710620797143 0
      vertex 19 171 0
    endloop
  endfacet
  facet normal 0 0 1
    outer loop
      vertex 19.331595722308386 133.00289379202857 0
      vertex 19.663090437347517 170.98842571336283 0
      vertex 19.331595722308386 170.99710620797143 0
    endloop
  endfacet
  facet normal 0 0 1
    outer loop
      vertex 19.663090437347517 133.01157428663717 0
      vertex 19.994383168615933 170.9739611603369 0
      vertex 19.663090437347517 170.98842571336283 0
    endloop
  endfacet
  facet normal 0 0 1
    outer loop
      vertex 19.994383168615933 133.0260388396631 0
      vertex 20.32537300113838 170.95371695493665 0
      vertex 19.994383168615933 170.9739611603369 0
    endloop
  endfacet
  facet normal 0 0 1
    outer loop
      vertex 20.32537300113838 133.04628304506335 0
      vertex 20.655959112205505 170.92769926374316 0
      vertex 20.32537300113838 170.95371695493665 0
    endloop
  endfacet
  facet normal 0 0 1
    outer loop
      vertex 20.655959112205505 133.07230073625684 0
      vertex 20.986040802085416 170.8959160119972 0
      vertex 20.655959112205505 170.92769926374316 0
    endloop
  endfacet
  facet normal 0 0 1
    outer loop
      vertex 20.986040802085416 133.1040839880028 0
      vertex 21.315517524697803 170.8583768811851 0
      vertex 20.986040802085416 170.8959160119972 0
    endloop
  endfacet
  facet normal 0 0 1
    outer loop
      vertex 21.315517524697803 133.1416231188149 0
      vertex 21.644288918241244 170.81509330608984 0
      vertex 21.315517524697803 170.8583768811851 0
    endloop
  endfacet
  facet normal 0.9537169507482226 0.3007057995042865 0
    outer loop
      vertex 0.8302096367023282 146.444937610268 0
      vertex 0.8302096367023282 146.444937610268 19
      vertex 0.9299261903920844 146.128677106876 0
    endloop
  endfacet
  facet normal 0.9238795325112883 0.38268343236508656 3.8631277933919206e-19
    outer loop
      vertex 1.5104077844036325 144.5761085587038 0
      vertex 1.3835067632310398 144.88247472509767 0
      vertex 1.3835067632310398 144.88247472509767 19
    endloop
  endfacet
  facet normal 0.9170600743851214 0.39874906892525247 0
    outer loop
      vertex 1.5104077844036325 144.5761085587038 0
      vertex 1.5104077844036325 144.5761085587038 19
      vertex 1.6426363047905852 144.2720037815598 0
    endloop
  endfacet
  facet normal 0.9366721892483941 0.3502073812594767 2.312805442650733e-19
    outer loop
      vertex 1.2619718965531668 145.1910089586393 0
      vertex 1.1458402050677385 145.50161727681228 0
      vertex 1.1458402050677385 145.50161727681228 19
    endloop
  endfacet
  facet normal 0.9426414910921785 0.3338068592337704 0
    outer loop
      vertex 1.0351470636129783 145.814205065314 0
      vertex 1.0351470636129783 145.814205065314 19
      vertex 1.1458402050677385 145.50161727681228 0
    endloop
  endfacet
  facet normal 0.9483236552062104 0.31730465640505895 4.53922040066614e-19
    outer loop
      vertex 1.0351470636129783 145.814205065314 0
      vertex 0.9299261903920844 146.128677106876 0
      vertex 0.9299261903920844 146.128677106876 19
    endloop
  endfacet
  facet normal 0.9304175679820232 0.3665012267243005 0
    outer loop
      vertex 1.2619718965531668 145.1910089586393 0
      vertex 1.2619718965531668 145.1910089586393 19
      vertex 1.3835067632310398 144.88247472509767 0
    endloop
  endfacet
  facet normal 0.8949343616020241 0.4461978131098106 0
    outer loop
      vertex 1.922913120315826 143.67094821100753 0
      vertex 1.922913120315826 143.67094821100753 19
      vertex 2.070876040421009 143.3741805049486 0
    endloop
  endfacet
  facet normal 0.8870108331782137 0.46174861323504923 0
    outer loop
      vertex 2.070876040421009 143.3741805049486 0
      vertex 2.070876040421009 143.3741805049486 19
      vertex 2.2239957356803863 143.0800403070681 0
    endloop
  endfacet
  facet normal 0.8788171126619773 0.47715876025958653 0
    outer loop
      vertex 2.2239957356803863 143.0800403070681 0
      vertex 2.2239957356803863 143.0800403070681 19
      vertex 2.3822255643514794 142.7886172153196 0
    endloop
  endfacet
  facet normal 0.8526401643540968 0.5224985647159414 0
    outer loop
      vertex 2.713821286659865 142.21427657670898 0
      vertex 2.713821286659865 142.21427657670898 19
      vertex 2.8870861730279067 141.9315339795691 0
    endloop
  endfacet
  facet normal 0.8433914458128859 0.5372996083468236 0
    outer loop
      vertex 2.8870861730279067 141.9315339795691 0
      vertex 2.8870861730279067 141.9315339795691 19
      vertex 3.0652592090369435 141.6518583347145 0
    endloop
  endfacet
  facet normal 0.8338858220671641 0.5519369853120644 0
    outer loop
      vertex 3.0652592090369435 141.6518583347145 0
      vertex 3.0652592090369435 141.6518583347145 19
      vertex 3.248286121454207 141.37533483405582 0
    endloop
  endfacet
  facet normal 0.8616291604415189 0.5075383629607159 0
    outer loop
      vertex 2.5455173280956664 142.5 0
      vertex 2.5455173280956664 142.5 19
      vertex 2.713821286659865 142.21427657670898 0
    endloop
  endfacet
  facet normal 0.8703556959398935 0.49242356010347804 0
    outer loop
      vertex 2.3822255643514794 142.7886172153196 0
      vertex 2.3822255643514794 142.7886172153196 19
      vertex 2.5455173280956664 142.5 0
    endloop
  endfacet
  facet normal 0.9025852843498654 0.43051109680828503 0
    outer loop
      vertex 1.7801520463036518 143.9702530269267 0
      vertex 1.7801520463036518 143.9702530269267 19
      vertex 1.922913120315826 143.67094821100753 0
    endloop
  endfacet
  facet normal 0.9099612708765398 0.4146932426562465 0
    outer loop
      vertex 1.6426363047905852 144.2720037815598 0
      vertex 1.6426363047905852 144.2720037815598 19
      vertex 1.7801520463036518 143.9702530269267 0
    endloop
  endfacet
  facet normal 0.9953961983671797 0.09584575252021446 -1.0368938944088856e-19
    outer loop
      vertex 0.10408398800280594 150.01395919791457 0
      vertex 0.07230073625683531 150.3440408877945 0
      vertex 0.07230073625683531 150.3440408877945 19
    endloop
  endfacet
  facet normal 0.9969173337331279 0.07845909572784708 1.985827118363678e-20
    outer loop
      vertex 0.07230073625683531 150.3440408877945 0
      vertex 0.04628304506334047 150.6746269988616 0
      vertex 0.04628304506334047 150.6746269988616 19
    endloop
  endfacet
  facet normal 0.998134798421867 0.06104853953485571 -1.878811726947116e-21
    outer loop
      vertex 0.04628304506334047 150.6746269988616 0
      vertex 0.026038839663097946 151.00561683138406 0
      vertex 0.026038839663097946 151.00561683138406 19
    endloop
  endfacet
  facet normal 0.9990482215818577 0.04361938736533828 1.8911492629766035e-21
    outer loop
      vertex 0.026038839663097946 151.00561683138406 0
      vertex 0.011574286637181075 151.3369095626525 0
      vertex 0.011574286637181075 151.3369095626525 19
    endloop
  endfacet
  facet normal 0.9996573249755573 0.02617694830787572 2.08285046365872e-22
    outer loop
      vertex 0.011574286637181075 151.3369095626525 0
      vertex 0.002893792028565656 151.66840427769162 0
      vertex 0.002893792028565656 151.66840427769162 19
    endloop
  endfacet
  facet normal 0.9999619230641713 0.008726535498371739 -4.556197467188971e-21
    outer loop
      vertex 0.002893792028565656 151.66840427769162 0
      vertex 0 152 0
      vertex 0 152 19
    endloop
  endfacet
  facet normal 0.9999619230641713 -0.008726535498371739 4.556197467188971e-21
    outer loop
      vertex 0 152 0
      vertex 0.002893792028565656 152.33159572230838 0
      vertex 0.002893792028565656 152.33159572230838 19
    endloop
  endfacet
  facet normal 0.9996573249755573 -0.02617694830787572 -2.08285046365872e-22
    outer loop
      vertex 0.002893792028565656 152.33159572230838 0
      vertex 0.011574286637181075 152.6630904373475 0
      vertex 0.011574286637181075 152.6630904373475 19
    endloop
  endfacet
  facet normal 0.9990482215818577 -0.04361938736533828 -1.8911492629766035e-21
    outer loop
      vertex 0.011574286637181075 152.6630904373475 0
      vertex 0.026038839663097946 152.99438316861594 0
      vertex 0.026038839663097946 152.99438316861594 19
    endloop
  endfacet
  facet normal 0.998134798421867 -0.06104853953485571 1.878811726947116e-21
    outer loop
      vertex 0.026038839663097946 152.99438316861594 0
      vertex 0.04628304506334047 153.3253730011384 0
      vertex 0.04628304506334047 153.3253730011384 19
    endloop
  endfacet
  facet normal 0.9969173337331279 -0.07845909572784708 -1.985827118363678e-20
    outer loop
      vertex 0.04628304506334047 153.3253730011384 0
      vertex 0.07230073625683531 153.6559591122055 0
      vertex 0.07230073625683531 153.6559591122055 19
    endloop
  endfacet
  facet normal 0.9953961983671797 -0.09584575252021446 1.0368938944088856e-19
    outer loop
      vertex 0.07230073625683531 153.6559591122055 0
      vertex 0.10408398800280594 153.98604080208543 0
      vertex 0.10408398800280594 153.98604080208543 19
    endloop
  endfacet
  facet normal 0.9588197348681882 0.2840153447039391 -2.1996626857002288e-20
    outer loop
      vertex 0.8302096367023282 146.444937610268 0
      vertex 0.736027777171941 146.762890239477 0
      vertex 0.736027777171941 146.762890239477 19
    endloop
  endfacet
  facet normal 0.9636304532086295 0.2672383760782337 0
    outer loop
      vertex 0.6474093005077037 147.08243814305212 0
      vertex 0.6474093005077037 147.08243814305212 19
      vertex 0.736027777171941 146.762890239477 0
    endloop
  endfacet
  facet normal 0.9681476403781064 0.25038000405444666 0
    outer loop
      vertex 0.5643812007560669 147.40348398360632 0
      vertex 0.5643812007560669 147.40348398360632 19
      vertex 0.6474093005077037 147.08243814305212 0
    endloop
  endfacet
  facet normal 0.9723699203976732 0.2334453638559189 2.4953662691666856e-19
    outer loop
      vertex 0.5643812007560669 147.40348398360632 0
      vertex 0.48696876908053 147.72592996746656 0
      vertex 0.48696876908053 147.72592996746656 19
    endloop
  endfacet
  facet normal 0.9799247046208317 0.1993679344171868 0
    outer loop
      vertex 0.3490835144943851 148.37462908784565 0
      vertex 0.3490835144943851 148.37462908784565 19
      vertex 0.4151955860576919 148.04967787446256 0
    endloop
  endfacet
  facet normal 0.9762960071199327 0.21643961393810568 1.9754488292238474e-19
    outer loop
      vertex 0.48696876908053 147.72592996746656 0
      vertex 0.4151955860576919 148.04967787446256 0
      vertex 0.4151955860576919 148.04967787446256 19
    endloop
  endfacet
  facet normal 0.9832549075639538 0.18223552549215216 1.4288897726283968e-20
    outer loop
      vertex 0.3490835144943851 148.37462908784565 0
      vertex 0.2886526927680464 148.70068462432832 0
      vertex 0.2886526927680464 148.70068462432832 19
    endloop
  endfacet
  facet normal 0.9862856015372321 0.16504760586067402 -6.679443241581785e-20
    outer loop
      vertex 0.2886526927680464 148.70068462432832 0
      vertex 0.23392152869238103 149.02774516423563 0
      vertex 0.23392152869238103 149.02774516423563 19
    endloop
  endfacet
  facet normal 0.9890158633619172 0.1478094111296079 1.3386652521203678e-20
    outer loop
      vertex 0.23392152869238103 149.02774516423563 0
      vertex 0.18490669391016468 149.35571108175876 0
      vertex 0.18490669391016468 149.35571108175876 19
    endloop
  endfacet
  facet normal 0.9914448613738096 0.13052619222005843 -1.1357062175258387e-19
    outer loop
      vertex 0.18490669391016468 149.35571108175876 0
      vertex 0.14162311881488066 149.6844824753022 0
      vertex 0.14162311881488066 149.6844824753022 19
    endloop
  endfacet
  facet normal 0.9935718556765875 0.11320321376790747 4.793328147296551e-20
    outer loop
      vertex 0.14162311881488066 149.6844824753022 0
      vertex 0.10408398800280594 150.01395919791457 0
      vertex 0.10408398800280594 150.01395919791457 19
    endloop
  endfacet
  facet normal 0.9935718556765875 -0.11320321376790747 -4.793328147296551e-20
    outer loop
      vertex 0.10408398800280594 153.98604080208543 0
      vertex 0.14162311881488066 154.3155175246978 0
      vertex 0.14162311881488066 154.3155175246978 19
    endloop
  endfacet
  facet normal 0.9914448613738096 -0.13052619222005843 1.1357062175258387e-19
    outer loop
      vertex 0.14162311881488066 154.3155175246978 0
      vertex 0.18490669391016468 154.64428891824124 0
      vertex 0.18490669391016468 154.64428891824124 19
    endloop
  endfacet
  facet normal 0.9890158633619172 -0.1478094111296079 -1.3386652521203678e-20
    outer loop
      vertex 0.18490669391016468 154.64428891824124 0
      vertex 0.23392152869238103 154.97225483576437 0
      vertex 0.23392152869238103 154.97225483576437 19
    endloop
  endfacet
  facet normal 0.9862856015372321 -0.16504760586067402 6.679443241581785e-20
    outer loop
      vertex 0.23392152869238103 154.97225483576437 0
      vertex 0.2886526927680464 155.29931537567168 0
      vertex 0.2886526927680464 155.29931537567168 19
    endloop
  endfacet
  facet normal 0.9832549075639538 -0.18223552549215216 -1.4288897726283968e-20
    outer loop
      vertex 0.2886526927680464 155.29931537567168 0
      vertex 0.3490835144943851 155.62537091215435 0
      vertex 0.3490835144943851 155.62537091215435 19
    endloop
  endfacet
  facet normal 0.9799247046208317 -0.1993679344171868 1.5935845259633e-19
    outer loop
      vertex 0.3490835144943851 155.62537091215435 0
      vertex 0.4151955860576919 155.95032212553744 0
      vertex 0.4151955860576919 155.95032212553744 19
    endloop
  endfacet
  facet normal 0.9762960071199327 -0.21643961393810568 -1.9754488292238474e-19
    outer loop
      vertex 0.4151955860576919 155.95032212553744 0
      vertex 0.48696876908053 156.27407003253344 0
      vertex 0.48696876908053 156.27407003253344 19
    endloop
  endfacet
  facet normal 0.9723699203976732 -0.2334453638559189 -2.4953662691666856e-19
    outer loop
      vertex 0.48696876908053 156.27407003253344 0
      vertex 0.5643812007560669 156.59651601639368 0
      vertex 0.5643812007560669 156.59651601639368 19
    endloop
  endfacet
  facet normal 0.9681476403781064 -0.25038000405444666 1.545585677901896e-19
    outer loop
      vertex 0.5643812007560669 156.59651601639368 0
      vertex 0.6474093005077037 156.91756185694788 0
      vertex 0.6474093005077037 156.91756185694788 19
    endloop
  endfacet
  facet normal 0.9636304532086295 -0.2672383760782337 5.681390464982579e-20
    outer loop
      vertex 0.6474093005077037 156.91756185694788 0
      vertex 0.736027777171941 157.237109760523 0
      vertex 0.736027777171941 157.237109760523 19
    endloop
  endfacet
  facet normal 0.9588197348681882 -0.2840153447039391 2.1996626857002288e-20
    outer loop
      vertex 0.736027777171941 157.237109760523 0
      vertex 0.8302096367023282 157.555062389732 0
      vertex 0.8302096367023282 157.555062389732 19
    endloop
  endfacet
  facet normal 0.9537169507482226 -0.3007057995042865 5.442721422179019e-19
    outer loop
      vertex 0.8302096367023282 157.555062389732 0
      vertex 0.9299261903920844 157.871322893124 0
      vertex 0.9299261903920844 157.871322893124 19
    endloop
  endfacet
  facet normal 0.8038568606172293 0.594822786751325 0
    outer loop
      vertex 3.6286771068759975 140.832080206443 0
      vertex 3.6286771068759975 140.832080206443 19
      vertex 3.825925309101436 140.56551456011107 0
    endloop
  endfacet
  facet normal 0.7933533402912106 0.6087614290087526 -5.0676429834544044e-20
    outer loop
      vertex 4.027795681472284 140.3024319688125 0
      vertex 3.825925309101436 140.56551456011107 0
      vertex 3.825925309101436 140.56551456011107 19
    endloop
  endfacet
  facet normal 0.7716245833877162 0.6360782202777685 0
    outer loop
      vertex 4.234226732317552 140.0429125700531 0
      vertex 4.234226732317552 140.0429125700531 19
      vertex 4.445155580739417 139.78703541595576 0
    endloop
  endfacet
  facet normal 0.782608156852423 0.6225146366376083 0
    outer loop
      vertex 4.027795681472284 140.3024319688125 0
      vertex 4.027795681472284 140.3024319688125 19
      vertex 4.234226732317552 140.0429125700531 0
    endloop
  endfacet
  facet normal 0.7604059656000443 0.6494480483301679 3.9119842669121583e-19
    outer loop
      vertex 4.660517975767332 139.53487844918035 0
      vertex 4.445155580739417 139.78703541595576 0
      vertex 4.445155580739417 139.78703541595576 19
    endloop
  endfacet
  facet normal 0.7489557207889914 0.6626200482157496 0
    outer loop
      vertex 4.660517975767332 139.53487844918035 0
      vertex 4.660517975767332 139.53487844918035 19
      vertex 4.88024831592951 139.2865184791817 0
    endloop
  endfacet
  facet normal 0.7372773368101155 0.6755902076156695 -5.165963514808024e-19
    outer loop
      vertex 5.104279669235762 139.04203115881253 0
      vertex 4.88024831592951 139.2865184791817 0
      vertex 4.88024831592951 139.2865184791817 19
    endloop
  endfacet
  facet normal 0.7253743710122915 0.6883545756937498 0
    outer loop
      vertex 5.104279669235762 139.04203115881253 0
      vertex 5.104279669235762 139.04203115881253 19
      vertex 5.332543793565627 138.80149096127906 0
    endloop
  endfacet
  facet normal 0.7132504491541807 0.700909264299852 0
    outer loop
      vertex 5.332543793565627 138.80149096127906 0
      vertex 5.332543793565627 138.80149096127906 19
      vertex 5.564971157455597 138.5649711574556 0
    endloop
  endfacet
  facet normal 0.7009092642998492 0.7132504491541832 3.4662735224823433e-19
    outer loop
      vertex 5.801490961279052 138.33254379356563 0
      vertex 5.564971157455597 138.5649711574556 0
      vertex 5.564971157455597 138.5649711574556 19
    endloop
  endfacet
  facet normal 0.688354575693778 0.7253743710122648 0
    outer loop
      vertex 5.801490961279052 138.33254379356563 0
      vertex 5.801490961279052 138.33254379356563 19
      vertex 6.042031158812529 138.10427966923575 0
    endloop
  endfacet
  facet normal 0.6755902076156266 0.7372773368101551 0
    outer loop
      vertex 6.042031158812529 138.10427966923575 0
      vertex 6.042031158812529 138.10427966923575 19
      vertex 6.286518479181694 137.88024831592952 0
    endloop
  endfacet
  facet normal 0.8241261886220255 0.5664062369248186 0
    outer loop
      vertex 3.248286121454207 141.37533483405582 0
      vertex 3.248286121454207 141.37533483405582 19
      vertex 3.4361111585091564 141.10204770933012 0
    endloop
  endfacet
  facet normal 0.8141155183563208 0.5807029557109376 0
    outer loop
      vertex 3.4361111585091564 141.10204770933012 0
      vertex 3.4361111585091564 141.10204770933012 19
      vertex 3.6286771068759975 140.832080206443 0
    endloop
  endfacet
  facet normal 0.662620048215754 0.7489557207889876 -4.842285158079486e-19
    outer loop
      vertex 6.534878449180361 137.66051797576733 0
      vertex 6.286518479181694 137.88024831592952 0
      vertex 6.286518479181694 137.88024831592952 19
    endloop
  endfacet
  facet normal 0.6494480483301719 0.760405965600041 0
    outer loop
      vertex 6.534878449180361 137.66051797576733 0
      vertex 6.534878449180361 137.66051797576733 19
      vertex 6.787035415955755 137.44515558073942 0
    endloop
  endfacet
  facet normal 0.6360782202777786 0.7716245833877078 0
    outer loop
      vertex 6.787035415955755 137.44515558073942 0
      vertex 6.787035415955755 137.44515558073942 19
      vertex 7.04291257005309 137.23422673231755 0
    endloop
  endfacet
  facet normal 0.6087614290087756 0.7933533402911931 2.443899696108698e-19
    outer loop
      vertex 7.565514560111083 136.82592530910142 0
      vertex 7.302431968812492 137.0277956814723 0
      vertex 7.302431968812492 137.0277956814723 19
    endloop
  endfacet
  facet normal 0.6225146366375923 0.7826081568524355 0
    outer loop
      vertex 7.04291257005309 137.23422673231755 0
      vertex 7.04291257005309 137.23422673231755 19
      vertex 7.302431968812492 137.0277956814723 0
    endloop
  endfacet
  facet normal 0.5948227867512903 0.8038568606172551 0
    outer loop
      vertex 7.565514560111083 136.82592530910142 0
      vertex 7.565514560111083 136.82592530910142 19
      vertex 7.83208020644301 136.628677106876 0
    endloop
  endfacet
  facet normal 0.5664062369248412 0.82412618862201 -2.4447768632302973e-19
    outer loop
      vertex 8.375334834055808 136.2482861214542 0
      vertex 8.102047709330126 136.43611115850916 0
      vertex 8.102047709330126 136.43611115850916 19
    endloop
  endfacet
  facet normal 0.5519369853120483 0.8338858220671747 0
    outer loop
      vertex 8.375334834055808 136.2482861214542 0
      vertex 8.375334834055808 136.2482861214542 19
      vertex 8.651858334714486 136.06525920903695 0
    endloop
  endfacet
  facet normal 0.5807029557109467 0.8141155183563143 0
    outer loop
      vertex 7.83208020644301 136.628677106876 0
      vertex 7.83208020644301 136.628677106876 19
      vertex 8.102047709330126 136.43611115850916 0
    endloop
  endfacet
  facet normal 0.537299608346835 0.8433914458128786 0
    outer loop
      vertex 8.651858334714486 136.06525920903695 0
      vertex 8.651858334714486 136.06525920903695 19
      vertex 8.931533979569107 135.8870861730279 0
    endloop
  endfacet
  facet normal 0.507538362960755 0.8616291604414956 0
    outer loop
      vertex 9.21427657670897 135.71382128665988 0
      vertex 9.21427657670897 135.71382128665988 19
      vertex 9.5 135.54551732809566 0
    endloop
  endfacet
  facet normal 0.5224985647159299 0.8526401643541038 0
    outer loop
      vertex 8.931533979569107 135.8870861730279 0
      vertex 8.931533979569107 135.8870861730279 19
      vertex 9.21427657670897 135.71382128665988 0
    endloop
  endfacet
  facet normal 0.9483236552062104 -0.31730465640505895 -4.53922040066614e-19
    outer loop
      vertex 0.9299261903920844 157.871322893124 0
      vertex 1.0351470636129783 158.185794934686 0
      vertex 1.0351470636129783 158.185794934686 19
    endloop
  endfacet
  facet normal 0.9426414910921785 -0.3338068592337704 -4.155476064961112e-21
    outer loop
      vertex 1.0351470636129783 158.185794934686 0
      vertex 1.1458402050677385 158.49838272318772 0
      vertex 1.1458402050677385 158.49838272318772 19
    endloop
  endfacet
  facet normal 0.9366721892483941 -0.3502073812594767 -2.312805442650733e-19
    outer loop
      vertex 1.1458402050677385 158.49838272318772 0
      vertex 1.2619718965531668 158.8089910413607 0
      vertex 1.2619718965531668 158.8089910413607 19
    endloop
  endfacet
  facet normal 0.9304175679820232 -0.3665012267243005 1.3458777005779046e-19
    outer loop
      vertex 1.2619718965531668 158.8089910413607 0
      vertex 1.3835067632310398 159.11752527490233 0
      vertex 1.3835067632310398 159.11752527490233 19
    endloop
  endfacet
  facet normal 0.9238795325112883 -0.38268343236508656 -3.8631277933919206e-19
    outer loop
      vertex 1.3835067632310398 159.11752527490233 0
      vertex 1.5104077844036325 159.4238914412962 0
      vertex 1.5104077844036325 159.4238914412962 19
    endloop
  endfacet
  facet normal 0.9170600743851214 -0.39874906892525247 -3.9737205695974985e-19
    outer loop
      vertex 1.5104077844036325 159.4238914412962 0
      vertex 1.6426363047905852 159.7279962184402 0
      vertex 1.6426363047905852 159.7279962184402 19
    endloop
  endfacet
  facet normal 0.9099612708765398 -0.4146932426562465 1.0735109065720749e-19
    outer loop
      vertex 1.6426363047905852 159.7279962184402 0
      vertex 1.7801520463036518 160.0297469730733 0
      vertex 1.7801520463036518 160.0297469730733 19
    endloop
  endfacet
  facet normal 0.9025852843498654 -0.43051109680828503 3.8533363761064996e-19
    outer loop
      vertex 1.7801520463036518 160.0297469730733 0
      vertex 1.922913120315826 160.32905178899247 0
      vertex 1.922913120315826 160.32905178899247 19
    endloop
  endfacet
  facet normal 0.8949343616020241 -0.4461978131098106 2.1861634586476916e-19
    outer loop
      vertex 1.922913120315826 160.32905178899247 0
      vertex 2.070876040421009 160.6258194950514 0
      vertex 2.070876040421009 160.6258194950514 19
    endloop
  endfacet
  facet normal 0.8870108331782137 -0.46174861323504923 4.691666705215157e-19
    outer loop
      vertex 2.070876040421009 160.6258194950514 0
      vertex 2.2239957356803863 160.9199596929319 0
      vertex 2.2239957356803863 160.9199596929319 19
    endloop
  endfacet
  facet normal 0.8788171126619773 -0.47715876025958653 -1.2237948986066177e-19
    outer loop
      vertex 2.2239957356803863 160.9199596929319 0
      vertex 2.3822255643514794 161.2113827846804 0
      vertex 2.3822255643514794 161.2113827846804 19
    endloop
  endfacet
  facet normal 0.8703556959398935 -0.49242356010347804 -8.23704275293113e-20
    outer loop
      vertex 2.3822255643514794 161.2113827846804 0
      vertex 2.5455173280956664 161.5 0
      vertex 2.5455173280956664 161.5 19
    endloop
  endfacet
  facet normal 0.8616291604415189 -0.5075383629607159 -3.2452349559132013e-19
    outer loop
      vertex 2.5455173280956664 161.5 0
      vertex 2.713821286659865 161.78572342329102 0
      vertex 2.713821286659865 161.78572342329102 19
    endloop
  endfacet
  facet normal 0.8526401643540968 -0.5224985647159414 -1.089982442365737e-19
    outer loop
      vertex 2.713821286659865 161.78572342329102 0
      vertex 2.8870861730279067 162.0684660204309 0
      vertex 2.8870861730279067 162.0684660204309 19
    endloop
  endfacet
  facet normal 0.8433914458128859 -0.5372996083468236 1.2852204741854503e-19
    outer loop
      vertex 2.8870861730279067 162.0684660204309 0
      vertex 3.0652592090369435 162.3481416652855 0
      vertex 3.0652592090369435 162.3481416652855 19
    endloop
  endfacet
  facet normal 0.8338858220671641 -0.5519369853120644 1.1868021802701543e-19
    outer loop
      vertex 3.0652592090369435 162.3481416652855 0
      vertex 3.248286121454207 162.62466516594418 0
      vertex 3.248286121454207 162.62466516594418 19
    endloop
  endfacet
  facet normal 0.8241261886220255 -0.5664062369248186 -3.2078385244458387e-20
    outer loop
      vertex 3.248286121454207 162.62466516594418 0
      vertex 3.4361111585091564 162.89795229066988 0
      vertex 3.4361111585091564 162.89795229066988 19
    endloop
  endfacet
  facet normal 0.8141155183563208 -0.5807029557109376 1.394277438509319e-20
    outer loop
      vertex 3.4361111585091564 162.89795229066988 0
      vertex 3.6286771068759975 163.167919793557 0
      vertex 3.6286771068759975 163.167919793557 19
    endloop
  endfacet
  facet normal 0.8038568606172293 -0.594822786751325 1.0668063169734483e-19
    outer loop
      vertex 3.6286771068759975 163.167919793557 0
      vertex 3.825925309101436 163.43448543988893 0
      vertex 3.825925309101436 163.43448543988893 19
    endloop
  endfacet
  facet normal 0.7933533402912106 -0.6087614290087526 5.0676429834544044e-20
    outer loop
      vertex 3.825925309101436 163.43448543988893 0
      vertex 4.027795681472284 163.6975680311875 0
      vertex 4.027795681472284 163.6975680311875 19
    endloop
  endfacet
  facet normal 0.782608156852423 -0.6225146366376083 1.491618037111946e-19
    outer loop
      vertex 4.027795681472284 163.6975680311875 0
      vertex 4.234226732317552 163.9570874299469 0
      vertex 4.234226732317552 163.9570874299469 19
    endloop
  endfacet
  facet normal 0.7716245833877162 -0.6360782202777685 1.3536779340643815e-19
    outer loop
      vertex 4.234226732317552 163.9570874299469 0
      vertex 4.445155580739417 164.21296458404424 0
      vertex 4.445155580739417 164.21296458404424 19
    endloop
  endfacet
  facet normal 0.7604059656000443 -0.6494480483301679 -3.9119842669121583e-19
    outer loop
      vertex 4.445155580739417 164.21296458404424 0
      vertex 4.660517975767332 164.46512155081965 0
      vertex 4.660517975767332 164.46512155081965 19
    endloop
  endfacet
  facet normal 0.7489557207889914 -0.6626200482157496 -5.120531532085397e-19
    outer loop
      vertex 4.660517975767332 164.46512155081965 0
      vertex 4.88024831592951 164.7134815208183 0
      vertex 4.88024831592951 164.7134815208183 19
    endloop
  endfacet
  facet normal 0.7372773368101155 -0.6755902076156695 5.165963514808024e-19
    outer loop
      vertex 4.88024831592951 164.7134815208183 0
      vertex 5.104279669235762 164.95796884118747 0
      vertex 5.104279669235762 164.95796884118747 19
    endloop
  endfacet
  facet normal 0.7253743710122915 -0.6883545756937498 3.583261763963222e-19
    outer loop
      vertex 5.104279669235762 164.95796884118747 0
      vertex 5.332543793565627 165.19850903872094 0
      vertex 5.332543793565627 165.19850903872094 19
    endloop
  endfacet
  facet normal 0.7132504491541807 -0.700909264299852 2.5807092370000613e-19
    outer loop
      vertex 5.332543793565627 165.19850903872094 0
      vertex 5.564971157455597 165.4350288425444 0
      vertex 5.564971157455597 165.4350288425444 19
    endloop
  endfacet
  facet normal 0.7009092642998492 -0.7132504491541832 -3.4662735224823433e-19
    outer loop
      vertex 5.564971157455597 165.4350288425444 0
      vertex 5.801490961279052 165.66745620643437 0
      vertex 5.801490961279052 165.66745620643437 19
    endloop
  endfacet
  facet normal 0.688354575693778 -0.7253743710122648 1.192371523005168e-19
    outer loop
      vertex 5.801490961279052 165.66745620643437 0
      vertex 6.042031158812529 165.89572033076425 0
      vertex 6.042031158812529 165.89572033076425 19
    endloop
  endfacet
  facet normal 0.6755902076156266 -0.7372773368101551 5.067188473908663e-19
    outer loop
      vertex 6.042031158812529 165.89572033076425 0
      vertex 6.286518479181694 166.11975168407048 0
      vertex 6.286518479181694 166.11975168407048 19
    endloop
  endfacet
  facet normal 0.662620048215754 -0.7489557207889876 4.842285158079486e-19
    outer loop
      vertex 6.286518479181694 166.11975168407048 0
      vertex 6.534878449180361 166.33948202423267 0
      vertex 6.534878449180361 166.33948202423267 19
    endloop
  endfacet
  facet normal 0.6494480483301719 -0.760405965600041 3.5723686682736353e-19
    outer loop
      vertex 6.534878449180361 166.33948202423267 0
      vertex 6.787035415955755 166.55484441926058 0
      vertex 6.787035415955755 166.55484441926058 19
    endloop
  endfacet
  facet normal 0.6360782202777786 -0.7716245833877078 1.5297889761644338e-19
    outer loop
      vertex 6.787035415955755 166.55484441926058 0
      vertex 7.04291257005309 166.76577326768245 0
      vertex 7.04291257005309 166.76577326768245 19
    endloop
  endfacet
  facet normal 0.6225146366375923 -0.7826081568524355 2.8008081753420415e-19
    outer loop
      vertex 7.04291257005309 166.76577326768245 0
      vertex 7.302431968812492 166.9722043185277 0
      vertex 7.302431968812492 166.9722043185277 19
    endloop
  endfacet
  facet normal 0.6087614290087756 -0.7933533402911931 -2.443899696108698e-19
    outer loop
      vertex 7.302431968812492 166.9722043185277 0
      vertex 7.565514560111083 167.17407469089858 0
      vertex 7.565514560111083 167.17407469089858 19
    endloop
  endfacet
  facet normal 0.5948227867512903 -0.8038568606172551 3.079947508715403e-19
    outer loop
      vertex 7.565514560111083 167.17407469089858 0
      vertex 7.83208020644301 167.371322893124 0
      vertex 7.83208020644301 167.371322893124 19
    endloop
  endfacet
  facet normal 0.5807029557109467 -0.8141155183563143 5.853335161901217e-20
    outer loop
      vertex 7.83208020644301 167.371322893124 0
      vertex 8.102047709330126 167.56388884149084 0
      vertex 8.102047709330126 167.56388884149084 19
    endloop
  endfacet
  facet normal 0.5664062369248412 -0.82412618862201 2.4447768632302973e-19
    outer loop
      vertex 8.102047709330126 167.56388884149084 0
      vertex 8.375334834055808 167.7517138785458 0
      vertex 8.375334834055808 167.7517138785458 19
    endloop
  endfacet
  facet normal 0.5519369853120483 -0.8338858220671747 -4.491223796998189e-19
    outer loop
      vertex 8.375334834055808 167.7517138785458 0
      vertex 8.651858334714486 167.93474079096305 0
      vertex 8.651858334714486 167.93474079096305 19
    endloop
  endfacet
  facet normal 0.537299608346835 -0.8433914458128786 -1.0176795887451034e-19
    outer loop
      vertex 8.651858334714486 167.93474079096305 0
      vertex 8.931533979569107 168.1129138269721 0
      vertex 8.931533979569107 168.1129138269721 19
    endloop
  endfacet
  facet normal 0.5224985647159299 -0.8526401643541038 -1.8794457583844842e-19
    outer loop
      vertex 8.931533979569107 168.1129138269721 0
      vertex 9.21427657670897 168.28617871334012 0
      vertex 9.21427657670897 168.28617871334012 19
    endloop
  endfacet
  facet normal 0.492423560103463 0.870355695939902 0
    outer loop
      vertex 9.5 135.54551732809566 0
      vertex 9.5 135.54551732809566 19
      vertex 9.788617215319595 135.38222556435147 0
    endloop
  endfacet
  facet normal 0.4771587602596195 0.8788171126619593 0
    outer loop
      vertex 9.788617215319595 135.38222556435147 0
      vertex 9.788617215319595 135.38222556435147 19
      vertex 10.080040307068074 135.22399573568038 0
    endloop
  endfacet
  facet normal 0.4617486132350002 0.8870108331782393 0
    outer loop
      vertex 10.080040307068074 135.22399573568038 0
      vertex 10.080040307068074 135.22399573568038 19
      vertex 10.37418050494861 135.070876040421 0
    endloop
  endfacet
  facet normal 0.44619781310981493 0.894934361602022 0
    outer loop
      vertex 10.37418050494861 135.070876040421 0
      vertex 10.37418050494861 135.070876040421 19
      vertex 10.670948211007529 134.92291312031583 0
    endloop
  endfacet
  facet normal 0.507538362960755 -0.8616291604414956 3.730960005430701e-19
    outer loop
      vertex 9.21427657670897 168.28617871334012 0
      vertex 9.5 168.45448267190434 0
      vertex 9.5 168.45448267190434 19
    endloop
  endfacet
  facet normal 0.492423560103463 -0.870355695939902 -4.831823287427524e-19
    outer loop
      vertex 9.5 168.45448267190434 0
      vertex 9.788617215319595 168.61777443564853 0
      vertex 9.788617215319595 168.61777443564853 19
    endloop
  endfacet
  facet normal 0.4771587602596195 -0.8788171126619593 -5.26093215426184e-19
    outer loop
      vertex 9.788617215319595 168.61777443564853 0
      vertex 10.080040307068074 168.77600426431962 0
      vertex 10.080040307068074 168.77600426431962 19
    endloop
  endfacet
  facet normal 0.4617486132350002 -0.8870108331782393 4.596608382823044e-19
    outer loop
      vertex 10.080040307068074 168.77600426431962 0
      vertex 10.37418050494861 168.929123959579 0
      vertex 10.37418050494861 168.929123959579 19
    endloop
  endfacet
  facet normal 0.44619781310981493 -0.894934361602022 -1.0948648716750345e-19
    outer loop
      vertex 10.37418050494861 168.929123959579 0
      vertex 10.670948211007529 169.07708687968417 0
      vertex 10.670948211007529 169.07708687968417 19
    endloop
  endfacet
  facet normal 0.4305110968083154 -0.9025852843498509 -1.2761271417293542e-20
    outer loop
      vertex 10.670948211007529 169.07708687968417 0
      vertex 10.970253026926711 169.21984795369636 0
      vertex 10.970253026926711 169.21984795369636 19
    endloop
  endfacet
  facet normal 0.4146932426562098 -0.9099612708765565 -4.091762016309834e-19
    outer loop
      vertex 10.970253026926711 169.21984795369636 0
      vertex 11.272003781559796 169.35736369520941 0
      vertex 11.272003781559796 169.35736369520941 19
    endloop
  endfacet
  facet normal 0.3987490689252383 -0.9170600743851274 -5.122327644143216e-19
    outer loop
      vertex 11.272003781559796 169.35736369520941 0
      vertex 11.576108558703798 169.48959221559636 0
      vertex 11.576108558703798 169.48959221559636 19
    endloop
  endfacet
  facet normal 0.38268343236513763 -0.9238795325112671 -2.4293710248730313e-19
    outer loop
      vertex 11.576108558703798 169.48959221559636 0
      vertex 11.882474725097673 169.61649323676897 0
      vertex 11.882474725097673 169.61649323676897 19
    endloop
  endfacet
  facet normal 0.3665012267242356 -0.9304175679820489 3.695057571010006e-19
    outer loop
      vertex 11.882474725097673 169.61649323676897 0
      vertex 12.191008958639294 169.73802810344682 0
      vertex 12.191008958639294 169.73802810344682 19
    endloop
  endfacet
  facet normal 0.350207381259492 -0.9366721892483885 3.439840897632656e-19
    outer loop
      vertex 12.191008958639294 169.73802810344682 0
      vertex 12.501617276812294 169.85415979493226 0
      vertex 12.501617276812294 169.85415979493226 19
    endloop
  endfacet
  facet normal 0.3338068592337704 -0.9426414910921785 -4.155476064961112e-21
    outer loop
      vertex 12.501617276812294 169.85415979493226 0
      vertex 12.814205065314024 169.96485293638702 0
      vertex 12.814205065314024 169.96485293638702 19
    endloop
  endfacet
  facet normal 0.31730465640509914 -0.948323655206197 4.75922368309456e-19
    outer loop
      vertex 12.814205065314024 169.96485293638702 0
      vertex 13.128677106876 170.07007380960792 0
      vertex 13.128677106876 170.07007380960792 19
    endloop
  endfacet
  facet normal 0.30070579950424503 -0.9537169507482358 -6.875369223885e-20
    outer loop
      vertex 13.128677106876 170.07007380960792 0
      vertex 13.444937610268001 170.16979036329766 0
      vertex 13.444937610268001 170.16979036329766 19
    endloop
  endfacet
  facet normal 0.28401534470390916 -0.958819734868197 2.3168679209603914e-19
    outer loop
      vertex 13.444937610268001 170.16979036329766 0
      vertex 13.762890239477017 170.26397222282804 0
      vertex 13.762890239477017 170.26397222282804 19
    endloop
  endfacet
  facet normal 0.267238376078253 -0.9636304532086241 -6.281123182273647e-20
    outer loop
      vertex 13.762890239477017 170.26397222282804 0
      vertex 14.082438143052105 170.35259069949228 0
      vertex 14.082438143052105 170.35259069949228 19
    endloop
  endfacet
  facet normal 0.25038000405450433 -0.9681476403780914 -1.06222412271905e-19
    outer loop
      vertex 14.082438143052105 170.35259069949228 0
      vertex 14.403483983606314 170.43561879924394 0
      vertex 14.403483983606314 170.43561879924394 19
    endloop
  endfacet
  facet normal 0.23344536385587636 -0.9723699203976836 1.8966068646726253e-19
    outer loop
      vertex 14.403483983606314 170.43561879924394 0
      vertex 14.725929967466566 170.51303123091947 0
      vertex 14.725929967466566 170.51303123091947 19
    endloop
  endfacet
  facet normal 0.2164396139381556 -0.9762960071199217 -1.1888920305899856e-20
    outer loop
      vertex 14.725929967466566 170.51303123091947 0
      vertex 15.049677874462573 170.58480441394232 0
      vertex 15.049677874462573 170.58480441394232 19
    endloop
  endfacet
  facet normal 0.1993679344171221 -0.9799247046208449 5.145059110912174e-20
    outer loop
      vertex 15.049677874462573 170.58480441394232 0
      vertex 15.374629087845648 170.6509164855056 0
      vertex 15.374629087845648 170.6509164855056 19
    endloop
  endfacet
  facet normal 0.18223552549220104 -0.9832549075639446 1.1020858090658867e-19
    outer loop
      vertex 15.374629087845648 170.6509164855056 0
      vertex 15.700684624328323 170.71134730723196 0
      vertex 15.700684624328323 170.71134730723196 19
    endloop
  endfacet
  facet normal 0.16504760586067144 -0.9862856015372324 5.563062672908179e-21
    outer loop
      vertex 15.700684624328323 170.71134730723196 0
      vertex 16.027745164235615 170.76607847130762 0
      vertex 16.027745164235615 170.76607847130762 19
    endloop
  endfacet
  facet normal 0.14780941112959275 -0.9890158633619195 -1.5849970079803982e-19
    outer loop
      vertex 16.027745164235615 170.76607847130762 0
      vertex 16.355711081758756 170.81509330608984 0
      vertex 16.355711081758756 170.81509330608984 19
    endloop
  endfacet
  facet normal 0.13052619222002404 -0.9914448613738139 -7.418094500065427e-20
    outer loop
      vertex 16.355711081758756 170.81509330608984 0
      vertex 16.684482475302197 170.8583768811851 0
      vertex 16.684482475302197 170.8583768811851 19
    endloop
  endfacet
  facet normal 0.11320321376795915 -0.9935718556765817 -1.2453533234554163e-19
    outer loop
      vertex 16.684482475302197 170.8583768811851 0
      vertex 17.013959197914584 170.8959160119972 0
      vertex 17.013959197914584 170.8959160119972 19
    endloop
  endfacet
  facet normal 0.09584575252019935 -0.9953961983671812 -5.247672694981448e-20
    outer loop
      vertex 17.013959197914584 170.8959160119972 0
      vertex 17.344040887794495 170.92769926374316 0
      vertex 17.344040887794495 170.92769926374316 19
    endloop
  endfacet
  facet normal 0.0784590957278216 -0.9969173337331299 7.387646693753712e-20
    outer loop
      vertex 17.344040887794495 170.92769926374316 0
      vertex 17.67462699886162 170.95371695493665 0
      vertex 17.67462699886162 170.95371695493665 19
    endloop
  endfacet
  facet normal 0.06104853953486638 -0.9981347984218664 -3.4691146498076114e-20
    outer loop
      vertex 17.67462699886162 170.95371695493665 0
      vertex 18.005616831384067 170.9739611603369 0
      vertex 18.005616831384067 170.9739611603369 19
    endloop
  endfacet
  facet normal 0.043619387365383386 -0.9990482215818557 -4.786232104872961e-20
    outer loop
      vertex 18.005616831384067 170.9739611603369 0
      vertex 18.336909562652483 170.98842571336283 0
      vertex 18.336909562652483 170.98842571336283 19
    endloop
  endfacet
  facet normal 0.02617694830782191 -0.9996573249755586 5.7858805041222996e-21
    outer loop
      vertex 18.336909562652483 170.98842571336283 0
      vertex 18.668404277691614 170.99710620797143 0
      vertex 18.668404277691614 170.99710620797143 19
    endloop
  endfacet
  facet normal 0.008726535498392977 -0.9999619230641712 6.359798646003962e-21
    outer loop
      vertex 18.668404277691614 170.99710620797143 0
      vertex 19 171 0
      vertex 19 171 19
    endloop
  endfacet
  facet normal -0.008726535498392977 -0.9999619230641712 -6.359798646003962e-21
    outer loop
      vertex 19 171 0
      vertex 19.331595722308386 170.99710620797143 0
      vertex 19.331595722308386 170.99710620797143 19
    endloop
  endfacet
  facet normal -0.02617694830782191 -0.9996573249755586 -5.7858805041222996e-21
    outer loop
      vertex 19.331595722308386 170.99710620797143 0
      vertex 19.663090437347517 170.98842571336283 0
      vertex 19.663090437347517 170.98842571336283 19
    endloop
  endfacet
  facet normal -0.043619387365383386 -0.9990482215818557 4.786232104872961e-20
    outer loop
      vertex 19.663090437347517 170.98842571336283 0
      vertex 19.994383168615933 170.9739611603369 0
      vertex 19.994383168615933 170.9739611603369 19
    endloop
  endfacet
  facet normal -0.0784590957278216 -0.9969173337331299 -7.387646693753712e-20
    outer loop
      vertex 20.32537300113838 170.95371695493665 0
      vertex 20.655959112205505 170.92769926374316 0
      vertex 20.655959112205505 170.92769926374316 19
    endloop
  endfacet
  facet normal -0.09584575252019935 -0.9953961983671812 5.247672694981448e-20
    outer loop
      vertex 20.655959112205505 170.92769926374316 0
      vertex 20.986040802085416 170.8959160119972 0
      vertex 20.986040802085416 170.8959160119972 19
    endloop
  endfacet
  facet normal -0.06104853953486638 -0.9981347984218664 3.4691146498076114e-20
    outer loop
      vertex 19.994383168615933 170.9739611603369 0
      vertex 20.32537300113838 170.95371695493665 0
      vertex 20.32537300113838 170.95371695493665 19
    endloop
  endfacet
  facet normal -0.11320321376795915 -0.9935718556765817 1.2453533234554163e-19
    outer loop
      vertex 20.986040802085416 170.8959160119972 0
      vertex 21.315517524697803 170.8583768811851 0
      vertex 21.315517524697803 170.8583768811851 19
    endloop
  endfacet
  facet normal -0.13052619222002404 -0.9914448613738139 7.418094500065427e-20
    outer loop
      vertex 21.315517524697803 170.8583768811851 0
      vertex 21.644288918241244 170.81509330608984 0
      vertex 21.644288918241244 170.81509330608984 19
    endloop
  endfacet
  facet normal -0.14780941112959275 0.9890158633619195 0
    outer loop
      vertex 21.644288918241244 133.18490669391016 0
      vertex 21.644288918241244 133.18490669391016 19
      vertex 21.972254835764385 133.23392152869238 0
    endloop
  endfacet
  facet normal -0.1650476058606723 0.9862856015372322 0
    outer loop
      vertex 21.972254835764385 133.23392152869238 0
      vertex 21.972254835764385 133.23392152869238 19
      vertex 22.299315375671675 133.28865269276804 0
    endloop
  endfacet
  facet normal -0.1822355254922001 0.9832549075639448 0
    outer loop
      vertex 22.299315375671675 133.28865269276804 0
      vertex 22.299315375671675 133.28865269276804 19
      vertex 22.625370912154352 133.3490835144944 0
    endloop
  endfacet
  facet normal -0.19936793441712314 0.9799247046208446 0
    outer loop
      vertex 22.625370912154352 133.3490835144944 0
      vertex 22.625370912154352 133.3490835144944 19
      vertex 22.950322125537426 133.41519558605768 0
    endloop
  endfacet
  facet normal -0.21643961393815447 0.9762960071199218 0
    outer loop
      vertex 22.950322125537426 133.41519558605768 0
      vertex 22.950322125537426 133.41519558605768 19
      vertex 23.274070032533434 133.48696876908053 0
    endloop
  endfacet
  facet normal -0.23344536385587636 0.9723699203976836 0
    outer loop
      vertex 23.274070032533434 133.48696876908053 0
      vertex 23.274070032533434 133.48696876908053 19
      vertex 23.596516016393686 133.56438120075606 0
    endloop
  endfacet
  facet normal -0.25038000405450433 0.9681476403780914 0
    outer loop
      vertex 23.596516016393686 133.56438120075606 0
      vertex 23.596516016393686 133.56438120075606 19
      vertex 23.917561856947895 133.64740930050772 0
    endloop
  endfacet
  facet normal -0.267238376078253 0.9636304532086241 0
    outer loop
      vertex 23.917561856947895 133.64740930050772 0
      vertex 23.917561856947895 133.64740930050772 19
      vertex 24.237109760522983 133.73602777717196 0
    endloop
  endfacet
  facet normal -0.2840153447039077 0.9588197348681975 0
    outer loop
      vertex 24.237109760522983 133.73602777717196 0
      vertex 24.237109760522983 133.73602777717196 19
      vertex 24.555062389732 133.83020963670234 0
    endloop
  endfacet
  facet normal -0.30070579950424503 0.9537169507482358 0
    outer loop
      vertex 24.555062389732 133.83020963670234 0
      vertex 24.555062389732 133.83020963670234 19
      vertex 24.871322893124002 133.92992619039208 0
    endloop
  endfacet
  facet normal -0.31730465640510075 0.9483236552061964 0
    outer loop
      vertex 24.871322893124002 133.92992619039208 0
      vertex 24.871322893124002 133.92992619039208 19
      vertex 25.185794934685976 134.03514706361298 0
    endloop
  endfacet
  facet normal -0.3338068592337704 0.9426414910921785 0
    outer loop
      vertex 25.185794934685976 134.03514706361298 0
      vertex 25.185794934685976 134.03514706361298 19
      vertex 25.498382723187706 134.14584020506774 0
    endloop
  endfacet
  facet normal -0.350207381259492 0.9366721892483885 0
    outer loop
      vertex 25.498382723187706 134.14584020506774 0
      vertex 25.498382723187706 134.14584020506774 19
      vertex 25.808991041360706 134.26197189655318 0
    endloop
  endfacet
  facet normal -0.3665012267242356 0.9304175679820489 0
    outer loop
      vertex 25.808991041360706 134.26197189655318 0
      vertex 25.808991041360706 134.26197189655318 19
      vertex 26.117525274902327 134.38350676323103 0
    endloop
  endfacet
  facet normal -0.38268343236513763 0.9238795325112671 0
    outer loop
      vertex 26.117525274902327 134.38350676323103 0
      vertex 26.117525274902327 134.38350676323103 19
      vertex 26.423891441296202 134.51040778440364 0
    endloop
  endfacet
  facet normal -0.3987490689252383 0.9170600743851274 0
    outer loop
      vertex 26.423891441296202 134.51040778440364 0
      vertex 26.423891441296202 134.51040778440364 19
      vertex 26.727996218440204 134.64263630479059 0
    endloop
  endfacet
  facet normal -0.4146932426562119 0.9099612708765557 0
    outer loop
      vertex 26.727996218440204 134.64263630479059 0
      vertex 26.727996218440204 134.64263630479059 19
      vertex 27.029746973073287 134.78015204630364 0
    endloop
  endfacet
  facet normal -0.43051109680831123 0.902585284349853 0
    outer loop
      vertex 27.029746973073287 134.78015204630364 0
      vertex 27.029746973073287 134.78015204630364 19
      vertex 27.329051788992473 134.92291312031583 0
    endloop
  endfacet
  facet normal -0.4461978131098192 0.8949343616020198 0
    outer loop
      vertex 27.329051788992473 134.92291312031583 0
      vertex 27.329051788992473 134.92291312031583 19
      vertex 27.62581949505139 135.070876040421 0
    endloop
  endfacet
  facet normal 0 0 1
    outer loop
      vertex 21.644288918241244 133.18490669391016 0
      vertex 21.972254835764385 133.23392152869238 0
      vertex 21.972254835764385 170.76607847130762 0
    endloop
  endfacet
  facet normal 0 0 1
    outer loop
      vertex 21.972254835764385 133.23392152869238 0
      vertex 22.299315375671675 133.28865269276804 0
      vertex 22.299315375671675 170.71134730723196 0
    endloop
  endfacet
  facet normal 0 0 1
    outer loop
      vertex 22.299315375671675 133.28865269276804 0
      vertex 22.625370912154352 133.3490835144944 0
      vertex 22.625370912154352 170.6509164855056 0
    endloop
  endfacet
  facet normal 0 0 1
    outer loop
      vertex 22.625370912154352 133.3490835144944 0
      vertex 22.950322125537426 133.41519558605768 0
      vertex 22.950322125537426 170.58480441394232 0
    endloop
  endfacet
  facet normal 0 0 1
    outer loop
      vertex 22.950322125537426 133.41519558605768 0
      vertex 23.274070032533434 133.48696876908053 0
      vertex 23.274070032533434 170.51303123091947 0
    endloop
  endfacet
  facet normal 0 0 1
    outer loop
      vertex 23.274070032533434 133.48696876908053 0
      vertex 23.596516016393686 133.56438120075606 0
      vertex 23.596516016393686 170.43561879924394 0
    endloop
  endfacet
  facet normal 0 0 1
    outer loop
      vertex 23.596516016393686 133.56438120075606 0
      vertex 23.917561856947895 133.64740930050772 0
      vertex 23.917561856947895 170.35259069949228 0
    endloop
  endfacet
  facet normal 0 0 1
    outer loop
      vertex 23.917561856947895 133.64740930050772 0
      vertex 24.237109760522983 133.73602777717196 0
      vertex 24.237109760522983 170.26397222282804 0
    endloop
  endfacet
  facet normal 0 0 1
    outer loop
      vertex 24.237109760522983 133.73602777717196 0
      vertex 24.555062389732 133.83020963670234 0
      vertex 24.555062389732 170.16979036329766 0
    endloop
  endfacet
  facet normal 0 0 1
    outer loop
      vertex 24.555062389732 133.83020963670234 0
      vertex 24.871322893124002 133.92992619039208 0
      vertex 24.871322893124002 170.07007380960792 0
    endloop
  endfacet
  facet normal 0 0 1
    outer loop
      vertex 24.871322893124002 133.92992619039208 0
      vertex 25.185794934685976 134.03514706361298 0
      vertex 25.185794934685976 169.96485293638702 0
    endloop
  endfacet
  facet normal 0 0 1
    outer loop
      vertex 25.185794934685976 134.03514706361298 0
      vertex 25.498382723187706 134.14584020506774 0
      vertex 25.498382723187706 169.85415979493226 0
    endloop
  endfacet
  facet normal 0 0 1
    outer loop
      vertex 25.498382723187706 134.14584020506774 0
      vertex 25.808991041360706 134.26197189655318 0
      vertex 25.808991041360706 169.73802810344682 0
    endloop
  endfacet
  facet normal 0 0 1
    outer loop
      vertex 25.808991041360706 134.26197189655318 0
      vertex 26.117525274902327 134.38350676323103 0
      vertex 26.117525274902327 169.61649323676897 0
    endloop
  endfacet
  facet normal 0 0 1
    outer loop
      vertex 26.117525274902327 134.38350676323103 0
      vertex 26.423891441296202 134.51040778440364 0
      vertex 26.423891441296202 169.48959221559636 0
    endloop
  endfacet
  facet normal 0 0 1
    outer loop
      vertex 26.423891441296202 134.51040778440364 0
      vertex 26.727996218440204 134.64263630479059 0
      vertex 26.727996218440204 169.35736369520941 0
    endloop
  endfacet
  facet normal 0 0 1
    outer loop
      vertex 26.727996218440204 134.64263630479059 0
      vertex 27.029746973073287 134.78015204630364 0
      vertex 27.029746973073287 169.21984795369636 0
    endloop
  endfacet
  facet normal 0 0 1
    outer loop
      vertex 27.029746973073287 134.78015204630364 0
      vertex 27.329051788992473 134.92291312031583 0
      vertex 27.329051788992473 169.07708687968417 0
    endloop
  endfacet
  facet normal 0 0 1
    outer loop
      vertex 27.329051788992473 134.92291312031583 0
      vertex 27.62581949505139 135.070876040421 0
      vertex 27.62581949505139 168.929123959579 0
    endloop
  endfacet
  facet normal 0 0 1
    outer loop
      vertex 27.62581949505139 135.070876040421 0
      vertex 27.919959692931926 135.22399573568038 0
      vertex 27.919959692931926 168.77600426431962 0
    endloop
  endfacet
  facet normal 0 0 1
    outer loop
      vertex 24.871322893124002 133.92992619039208 0
      vertex 25.185794934685976 169.96485293638702 0
      vertex 24.871322893124002 170.07007380960792 0
    endloop
  endfacet
  facet normal 0 0 1
    outer loop
      vertex 25.185794934685976 134.03514706361298 0
      vertex 25.498382723187706 169.85415979493226 0
      vertex 25.185794934685976 169.96485293638702 0
    endloop
  endfacet
  facet normal 0 0 1
    outer loop
      vertex 25.498382723187706 134.14584020506774 0
      vertex 25.808991041360706 169.73802810344682 0
      vertex 25.498382723187706 169.85415979493226 0
    endloop
  endfacet
  facet normal 0 0 1
    outer loop
      vertex 25.808991041360706 134.26197189655318 0
      vertex 26.117525274902327 169.61649323676897 0
      vertex 25.808991041360706 169.73802810344682 0
    endloop
  endfacet
  facet normal 0 0 1
    outer loop
      vertex 26.117525274902327 134.38350676323103 0
      vertex 26.423891441296202 169.48959221559636 0
      vertex 26.117525274902327 169.61649323676897 0
    endloop
  endfacet
  facet normal 0 0 1
    outer loop
      vertex 26.423891441296202 134.51040778440364 0
      vertex 26.727996218440204 169.35736369520941 0
      vertex 26.423891441296202 169.48959221559636 0
    endloop
  endfacet
  facet normal 0 0 1
    outer loop
      vertex 26.727996218440204 134.64263630479059 0
      vertex 27.029746973073287 169.21984795369636 0
      vertex 26.727996218440204 169.35736369520941 0
    endloop
  endfacet
  facet normal 0 0 1
    outer loop
      vertex 27.029746973073287 134.78015204630364 0
      vertex 27.329051788992473 169.07708687968417 0
      vertex 27.029746973073287 169.21984795369636 0
    endloop
  endfacet
  facet normal 0 0 1
    outer loop
      vertex 27.329051788992473 134.92291312031583 0
      vertex 27.62581949505139 168.929123959579 0
      vertex 27.329051788992473 169.07708687968417 0
    endloop
  endfacet
  facet normal 0 0 1
    outer loop
      vertex 27.62581949505139 135.070876040421 0
      vertex 27.919959692931926 168.77600426431962 0
      vertex 27.62581949505139 168.929123959579 0
    endloop
  endfacet
  facet normal 0 0 1
    outer loop
      vertex 27.919959692931926 135.22399573568038 0
      vertex 28.211382784680403 135.38222556435147 0
      vertex 28.211382784680403 168.61777443564853 0
    endloop
  endfacet
  facet normal 0 0 1
    outer loop
      vertex 28.211382784680403 135.38222556435147 0
      vertex 28.5 135.54551732809566 0
      vertex 28.5 168.45448267190434 0
    endloop
  endfacet
  facet normal 0 0 1
    outer loop
      vertex 28.5 135.54551732809566 0
      vertex 28.78572342329103 135.71382128665988 0
      vertex 28.78572342329103 168.28617871334012 0
    endloop
  endfacet
  facet normal 0 0 1
    outer loop
      vertex 28.78572342329103 135.71382128665988 0
      vertex 29.068466020430893 135.8870861730279 0
      vertex 29.068466020430893 168.1129138269721 0
    endloop
  endfacet
  facet normal 0 0 1
    outer loop
      vertex 29.068466020430893 135.8870861730279 0
      vertex 29.348141665285514 136.06525920903695 0
      vertex 29.348141665285514 167.93474079096305 0
    endloop
  endfacet
  facet normal 0 0 1
    outer loop
      vertex 29.348141665285514 136.06525920903695 0
      vertex 29.624665165944194 136.2482861214542 0
      vertex 29.624665165944194 167.7517138785458 0
    endloop
  endfacet
  facet normal 0 0 1
    outer loop
      vertex 29.624665165944194 136.2482861214542 0
      vertex 29.897952290669874 136.43611115850916 0
      vertex 29.897952290669874 167.56388884149084 0
    endloop
  endfacet
  facet normal 0 0 1
    outer loop
      vertex 29.897952290669874 136.43611115850916 0
      vertex 30.16791979355699 136.628677106876 0
      vertex 30.16791979355699 167.371322893124 0
    endloop
  endfacet
  facet normal 0 0 1
    outer loop
      vertex 30.16791979355699 136.628677106876 0
      vertex 30.434485439888917 136.82592530910142 0
      vertex 30.434485439888917 167.17407469089858 0
    endloop
  endfacet
  facet normal 0 0 1
    outer loop
      vertex 30.434485439888917 136.82592530910142 0
      vertex 30.697568031187508 137.0277956814723 0
      vertex 30.697568031187508 166.9722043185277 0
    endloop
  endfacet
  facet normal 0 0 1
    outer loop
      vertex 30.697568031187508 137.0277956814723 0
      vertex 30.95708742994691 137.23422673231755 0
      vertex 30.95708742994691 166.76577326768245 0
    endloop
  endfacet
  facet normal 0 0 1
    outer loop
      vertex 27.919959692931926 135.22399573568038 0
      vertex 28.211382784680403 168.61777443564853 0
      vertex 27.919959692931926 168.77600426431962 0
    endloop
  endfacet
  facet normal 0 0 1
    outer loop
      vertex 28.211382784680403 135.38222556435147 0
      vertex 28.5 168.45448267190434 0
      vertex 28.211382784680403 168.61777443564853 0
    endloop
  endfacet
  facet normal 0 0 1
    outer loop
      vertex 28.5 135.54551732809566 0
      vertex 28.78572342329103 168.28617871334012 0
      vertex 28.5 168.45448267190434 0
    endloop
  endfacet
  facet normal 0 0 1
    outer loop
      vertex 28.78572342329103 135.71382128665988 0
      vertex 29.068466020430893 168.1129138269721 0
      vertex 28.78572342329103 168.28617871334012 0
    endloop
  endfacet
  facet normal 0 0 1
    outer loop
      vertex 29.348141665285514 136.06525920903695 0
      vertex 29.624665165944194 167.7517138785458 0
      vertex 29.348141665285514 167.93474079096305 0
    endloop
  endfacet
  facet normal 0 0 1
    outer loop
      vertex 29.068466020430893 135.8870861730279 0
      vertex 29.348141665285514 167.93474079096305 0
      vertex 29.068466020430893 168.1129138269721 0
    endloop
  endfacet
  facet normal 0 0 1
    outer loop
      vertex 29.624665165944194 136.2482861214542 0
      vertex 29.897952290669874 167.56388884149084 0
      vertex 29.624665165944194 167.7517138785458 0
    endloop
  endfacet
  facet normal 0 0 1
    outer loop
      vertex 29.897952290669874 136.43611115850916 0
      vertex 30.16791979355699 167.371322893124 0
      vertex 29.897952290669874 167.56388884149084 0
    endloop
  endfacet
  facet normal 0 0 1
    outer loop
      vertex 30.16791979355699 136.628677106876 0
      vertex 30.434485439888917 167.17407469089858 0
      vertex 30.16791979355699 167.371322893124 0
    endloop
  endfacet
  facet normal 0 0 1
    outer loop
      vertex 30.434485439888917 136.82592530910142 0
      vertex 30.697568031187508 166.9722043185277 0
      vertex 30.434485439888917 167.17407469089858 0
    endloop
  endfacet
  facet normal 0 0 1
    outer loop
      vertex 30.697568031187508 137.0277956814723 0
      vertex 30.95708742994691 166.76577326768245 0
      vertex 30.697568031187508 166.9722043185277 0
    endloop
  endfacet
  facet normal 0 0 1
    outer loop
      vertex 30.95708742994691 137.23422673231755 0
      vertex 31.212964584044244 137.44515558073942 0
      vertex 31.212964584044244 166.55484441926058 0
    endloop
  endfacet
  facet normal 0 0 1
    outer loop
      vertex 31.212964584044244 137.44515558073942 0
      vertex 31.46512155081964 137.66051797576733 0
      vertex 31.46512155081964 166.33948202423267 0
    endloop
  endfacet
  facet normal 0 0 1
    outer loop
      vertex 31.46512155081964 137.66051797576733 0
      vertex 31.713481520818306 137.88024831592952 0
      vertex 31.713481520818306 166.11975168407048 0
    endloop
  endfacet
  facet normal 0 0 1
    outer loop
      vertex 31.713481520818306 137.88024831592952 0
      vertex 31.957968841187473 138.10427966923575 0
      vertex 31.957968841187473 165.89572033076425 0
    endloop
  endfacet
  facet normal 0 0 1
    outer loop
      vertex 31.957968841187473 138.10427966923575 0
      vertex 32.19850903872095 138.33254379356563 0
      vertex 32.19850903872095 165.66745620643437 0
    endloop
  endfacet
  facet normal 0 0 1
    outer loop
      vertex 32.19850903872095 138.33254379356563 0
      vertex 32.435028842544405 138.5649711574556 0
      vertex 32.435028842544405 165.4350288425444 0
    endloop
  endfacet
  facet normal 0 0 1
    outer loop
      vertex 32.435028842544405 138.5649711574556 0
      vertex 32.66745620643437 138.80149096127906 0
      vertex 32.66745620643437 165.19850903872094 0
    endloop
  endfacet
  facet normal 0 0 1
    outer loop
      vertex 32.66745620643437 138.80149096127906 0
      vertex 32.895720330764235 139.04203115881253 0
      vertex 32.895720330764235 164.95796884118747 0
    endloop
  endfacet
  facet normal 0 0 1
    outer loop
      vertex 32.895720330764235 139.04203115881253 0
      vertex 33.11975168407049 139.2865184791817 0
      vertex 33.11975168407049 164.7134815208183 0
    endloop
  endfacet
  facet normal 0 0 1
    outer loop
      vertex 33.11975168407049 139.2865184791817 0
      vertex 33.339482024232666 139.53487844918035 0
      vertex 33.339482024232666 164.46512155081965 0
    endloop
  endfacet
  facet normal 0 0 1
    outer loop
      vertex 33.339482024232666 139.53487844918035 0
      vertex 33.55484441926058 139.78703541595576 0
      vertex 33.55484441926058 164.21296458404424 0
    endloop
  endfacet
  facet normal 0 0 1
    outer loop
      vertex 33.55484441926058 139.78703541595576 0
      vertex 33.76577326768245 140.0429125700531 0
      vertex 33.76577326768245 163.9570874299469 0
    endloop
  endfacet
  facet normal 0 0 1
    outer loop
      vertex 33.76577326768245 140.0429125700531 0
      vertex 33.972204318527716 140.3024319688125 0
      vertex 33.972204318527716 163.6975680311875 0
    endloop
  endfacet
  facet normal 0 0 1
    outer loop
      vertex 33.972204318527716 140.3024319688125 0
      vertex 34.174074690898564 140.56551456011107 0
      vertex 34.174074690898564 163.43448543988893 0
    endloop
  endfacet
  facet normal 0 0 1
    outer loop
      vertex 30.95708742994691 137.23422673231755 0
      vertex 31.212964584044244 166.55484441926058 0
      vertex 30.95708742994691 166.76577326768245 0
    endloop
  endfacet
  facet normal 0 0 1
    outer loop
      vertex 31.212964584044244 137.44515558073942 0
      vertex 31.46512155081964 166.33948202423267 0
      vertex 31.212964584044244 166.55484441926058 0
    endloop
  endfacet
  facet normal 0 0 1
    outer loop
      vertex 31.46512155081964 137.66051797576733 0
      vertex 31.713481520818306 166.11975168407048 0
      vertex 31.46512155081964 166.33948202423267 0
    endloop
  endfacet
  facet normal 0 0 1
    outer loop
      vertex 31.713481520818306 137.88024831592952 0
      vertex 31.957968841187473 165.89572033076425 0
      vertex 31.713481520818306 166.11975168407048 0
    endloop
  endfacet
  facet normal 0 0 1
    outer loop
      vertex 31.957968841187473 138.10427966923575 0
      vertex 32.19850903872095 165.66745620643437 0
      vertex 31.957968841187473 165.89572033076425 0
    endloop
  endfacet
  facet normal 0 0 1
    outer loop
      vertex 32.19850903872095 138.33254379356563 0
      vertex 32.435028842544405 165.4350288425444 0
      vertex 32.19850903872095 165.66745620643437 0
    endloop
  endfacet
  facet normal 0 0 1
    outer loop
      vertex 32.435028842544405 138.5649711574556 0
      vertex 32.66745620643437 165.19850903872094 0
      vertex 32.435028842544405 165.4350288425444 0
    endloop
  endfacet
  facet normal 0 0 1
    outer loop
      vertex 32.66745620643437 138.80149096127906 0
      vertex 32.895720330764235 164.95796884118747 0
      vertex 32.66745620643437 165.19850903872094 0
    endloop
  endfacet
  facet normal 0 0 1
    outer loop
      vertex 32.895720330764235 139.04203115881253 0
      vertex 33.11975168407049 164.7134815208183 0
      vertex 32.895720330764235 164.95796884118747 0
    endloop
  endfacet
  facet normal 0 0 1
    outer loop
      vertex 33.11975168407049 139.2865184791817 0
      vertex 33.339482024232666 164.46512155081965 0
      vertex 33.11975168407049 164.7134815208183 0
    endloop
  endfacet
  facet normal 0 0 1
    outer loop
      vertex 33.339482024232666 139.53487844918035 0
      vertex 33.55484441926058 164.21296458404424 0
      vertex 33.339482024232666 164.46512155081965 0
    endloop
  endfacet
  facet normal 0 0 1
    outer loop
      vertex 33.55484441926058 139.78703541595576 0
      vertex 33.76577326768245 163.9570874299469 0
      vertex 33.55484441926058 164.21296458404424 0
    endloop
  endfacet
  facet normal 0 0 1
    outer loop
      vertex 33.972204318527716 140.3024319688125 0
      vertex 34.174074690898564 163.43448543988893 0
      vertex 33.972204318527716 163.6975680311875 0
    endloop
  endfacet
  facet normal 0 0 1
    outer loop
      vertex 33.76577326768245 140.0429125700531 0
      vertex 33.972204318527716 163.6975680311875 0
      vertex 33.76577326768245 163.9570874299469 0
    endloop
  endfacet
  facet normal 0 0 1
    outer loop
      vertex 21.644288918241244 133.18490669391016 0
      vertex 21.972254835764385 170.76607847130762 0
      vertex 21.644288918241244 170.81509330608984 0
    endloop
  endfacet
  facet normal 0 0 1
    outer loop
      vertex 21.972254835764385 133.23392152869238 0
      vertex 22.299315375671675 170.71134730723196 0
      vertex 21.972254835764385 170.76607847130762 0
    endloop
  endfacet
  facet normal 0 0 1
    outer loop
      vertex 22.299315375671675 133.28865269276804 0
      vertex 22.625370912154352 170.6509164855056 0
      vertex 22.299315375671675 170.71134730723196 0
    endloop
  endfacet
  facet normal 0 0 1
    outer loop
      vertex 22.625370912154352 133.3490835144944 0
      vertex 22.950322125537426 170.58480441394232 0
      vertex 22.625370912154352 170.6509164855056 0
    endloop
  endfacet
  facet normal 0 0 1
    outer loop
      vertex 22.950322125537426 133.41519558605768 0
      vertex 23.274070032533434 170.51303123091947 0
      vertex 22.950322125537426 170.58480441394232 0
    endloop
  endfacet
  facet normal 0 0 1
    outer loop
      vertex 23.274070032533434 133.48696876908053 0
      vertex 23.596516016393686 170.43561879924394 0
      vertex 23.274070032533434 170.51303123091947 0
    endloop
  endfacet
  facet normal 0 0 1
    outer loop
      vertex 23.596516016393686 133.56438120075606 0
      vertex 23.917561856947895 170.35259069949228 0
      vertex 23.596516016393686 170.43561879924394 0
    endloop
  endfacet
  facet normal 0 0 1
    outer loop
      vertex 23.917561856947895 133.64740930050772 0
      vertex 24.237109760522983 170.26397222282804 0
      vertex 23.917561856947895 170.35259069949228 0
    endloop
  endfacet
  facet normal 0 0 1
    outer loop
      vertex 24.237109760522983 133.73602777717196 0
      vertex 24.555062389732 170.16979036329766 0
      vertex 24.237109760522983 170.26397222282804 0
    endloop
  endfacet
  facet normal 0 0 1
    outer loop
      vertex 24.555062389732 133.83020963670234 0
      vertex 24.871322893124002 170.07007380960792 0
      vertex 24.555062389732 170.16979036329766 0
    endloop
  endfacet
  facet normal 0 0 1
    outer loop
      vertex 34.174074690898564 140.56551456011107 0
      vertex 34.371322893124 140.832080206443 0
      vertex 34.371322893124 163.167919793557 0
    endloop
  endfacet
  facet normal 0 0 1
    outer loop
      vertex 34.371322893124 140.832080206443 0
      vertex 34.563888841490844 141.10204770933012 0
      vertex 34.563888841490844 162.89795229066988 0
    endloop
  endfacet
  facet normal 0 0 1
    outer loop
      vertex 34.563888841490844 141.10204770933012 0
      vertex 34.75171387854579 141.37533483405582 0
      vertex 34.75171387854579 162.62466516594418 0
    endloop
  endfacet
  facet normal 0 0 1
    outer loop
      vertex 34.75171387854579 141.37533483405582 0
      vertex 34.934740790963055 141.6518583347145 0
      vertex 34.934740790963055 162.3481416652855 0
    endloop
  endfacet
  facet normal 0 0 1
    outer loop
      vertex 34.934740790963055 141.6518583347145 0
      vertex 35.11291382697209 141.9315339795691 0
      vertex 35.11291382697209 162.0684660204309 0
    endloop
  endfacet
  facet normal 0 0 1
    outer loop
      vertex 35.11291382697209 141.9315339795691 0
      vertex 35.286178713340135 142.21427657670898 0
      vertex 35.286178713340135 161.78572342329102 0
    endloop
  endfacet
  facet normal 0 0 1
    outer loop
      vertex 35.286178713340135 142.21427657670898 0
      vertex 35.45448267190433 142.5 0
      vertex 35.45448267190433 161.5 0
    endloop
  endfacet
  facet normal 0 0 1
    outer loop
      vertex 35.45448267190433 142.5 0
      vertex 35.61777443564852 142.7886172153196 0
      vertex 35.61777443564852 161.2113827846804 0
    endloop
  endfacet
  facet normal 0 0 1
    outer loop
      vertex 35.61777443564852 142.7886172153196 0
      vertex 35.77600426431961 143.0800403070681 0
      vertex 35.77600426431961 160.9199596929319 0
    endloop
  endfacet
  facet normal 0 0 1
    outer loop
      vertex 35.77600426431961 143.0800403070681 0
      vertex 35.92912395957899 143.3741805049486 0
      vertex 35.92912395957899 160.6258194950514 0
    endloop
  endfacet
  facet normal 0 0 1
    outer loop
      vertex 35.92912395957899 143.3741805049486 0
      vertex 36.077086879684174 143.67094821100753 0
      vertex 36.077086879684174 160.32905178899247 0
    endloop
  endfacet
  facet normal 0 0 1
    outer loop
      vertex 36.077086879684174 143.67094821100753 0
      vertex 36.219847953696345 143.9702530269267 0
      vertex 36.219847953696345 160.0297469730733 0
    endloop
  endfacet
  facet normal 0 0 1
    outer loop
      vertex 36.219847953696345 143.9702530269267 0
      vertex 36.357363695209415 144.2720037815598 0
      vertex 36.357363695209415 159.7279962184402 0
    endloop
  endfacet
  facet normal 0 0 1
    outer loop
      vertex 36.357363695209415 144.2720037815598 0
      vertex 36.48959221559637 144.5761085587038 0
      vertex 36.48959221559637 159.4238914412962 0
    endloop
  endfacet
  facet normal 0 0 1
    outer loop
      vertex 36.48959221559637 144.5761085587038 0
      vertex 36.61649323676896 144.88247472509767 0
      vertex 36.61649323676896 159.11752527490233 0
    endloop
  endfacet
  facet normal 0 0 1
    outer loop
      vertex 36.61649323676896 144.88247472509767 0
      vertex 36.73802810344684 145.1910089586393 0
      vertex 36.73802810344684 158.8089910413607 0
    endloop
  endfacet
  facet normal 0 0 1
    outer loop
      vertex 36.73802810344684 145.1910089586393 0
      vertex 36.85415979493226 145.50161727681228 0
      vertex 36.85415979493226 158.49838272318772 0
    endloop
  endfacet
  facet normal 0 0 1
    outer loop
      vertex 36.85415979493226 145.50161727681228 0
      vertex 36.96485293638702 145.814205065314 0
      vertex 36.96485293638702 158.185794934686 0
    endloop
  endfacet
  facet normal 0 0 1
    outer loop
      vertex 36.96485293638702 145.814205065314 0
      vertex 37.07007380960792 146.128677106876 0
      vertex 37.07007380960792 157.871322893124 0
    endloop
  endfacet
  facet normal 0 0 1
    outer loop
      vertex 37.07007380960792 146.128677106876 0
      vertex 37.16979036329767 146.444937610268 0
      vertex 37.16979036329767 157.555062389732 0
    endloop
  endfacet
  facet normal 0 0 1
    outer loop
      vertex 35.45448267190433 142.5 0
      vertex 35.61777443564852 161.2113827846804 0
      vertex 35.45448267190433 161.5 0
    endloop
  endfacet
  facet normal 0 0 1
    outer loop
      vertex 35.61777443564852 142.7886172153196 0
      vertex 35.77600426431961 160.9199596929319 0
      vertex 35.61777443564852 161.2113827846804 0
    endloop
  endfacet
  facet normal 0 0 1
    outer loop
      vertex 34.174074690898564 140.56551456011107 0
      vertex 34.371322893124 163.167919793557 0
      vertex 34.174074690898564 163.43448543988893 0
    endloop
  endfacet
  facet normal 0 0 1
    outer loop
      vertex 34.371322893124 140.832080206443 0
      vertex 34.563888841490844 162.89795229066988 0
      vertex 34.371322893124 163.167919793557 0
    endloop
  endfacet
  facet normal 0 0 1
    outer loop
      vertex 34.563888841490844 141.10204770933012 0
      vertex 34.75171387854579 162.62466516594418 0
      vertex 34.563888841490844 162.89795229066988 0
    endloop
  endfacet
  facet normal 0 0 1
    outer loop
      vertex 34.75171387854579 141.37533483405582 0
      vertex 34.934740790963055 162.3481416652855 0
      vertex 34.75171387854579 162.62466516594418 0
    endloop
  endfacet
  facet normal 0 0 1
    outer loop
      vertex 34.934740790963055 141.6518583347145 0
      vertex 35.11291382697209 162.0684660204309 0
      vertex 34.934740790963055 162.3481416652855 0
    endloop
  endfacet
  facet normal 0 0 1
    outer loop
      vertex 35.11291382697209 141.9315339795691 0
      vertex 35.286178713340135 161.78572342329102 0
      vertex 35.11291382697209 162.0684660204309 0
    endloop
  endfacet
  facet normal 0 0 1
    outer loop
      vertex 35.286178713340135 142.21427657670898 0
      vertex 35.45448267190433 161.5 0
      vertex 35.286178713340135 161.78572342329102 0
    endloop
  endfacet
  facet normal 0 0 1
    outer loop
      vertex 35.77600426431961 143.0800403070681 0
      vertex 35.92912395957899 160.6258194950514 0
      vertex 35.77600426431961 160.9199596929319 0
    endloop
  endfacet
  facet normal 0 0 1
    outer loop
      vertex 35.92912395957899 143.3741805049486 0
      vertex 36.077086879684174 160.32905178899247 0
      vertex 35.92912395957899 160.6258194950514 0
    endloop
  endfacet
  facet normal 0 0 1
    outer loop
      vertex 36.077086879684174 143.67094821100753 0
      vertex 36.219847953696345 160.0297469730733 0
      vertex 36.077086879684174 160.32905178899247 0
    endloop
  endfacet
  facet normal 0 0 1
    outer loop
      vertex 36.219847953696345 143.9702530269267 0
      vertex 36.357363695209415 159.7279962184402 0
      vertex 36.219847953696345 160.0297469730733 0
    endloop
  endfacet
  facet normal 0 0 1
    outer loop
      vertex 36.357363695209415 144.2720037815598 0
      vertex 36.48959221559637 159.4238914412962 0
      vertex 36.357363695209415 159.7279962184402 0
    endloop
  endfacet
  facet normal 0 0 1
    outer loop
      vertex 36.48959221559637 144.5761085587038 0
      vertex 36.61649323676896 159.11752527490233 0
      vertex 36.48959221559637 159.4238914412962 0
    endloop
  endfacet
  facet normal 0 0 1
    outer loop
      vertex 36.61649323676896 144.88247472509767 0
      vertex 36.73802810344684 158.8089910413607 0
      vertex 36.61649323676896 159.11752527490233 0
    endloop
  endfacet
  facet normal 0 0 1
    outer loop
      vertex 36.73802810344684 145.1910089586393 0
      vertex 36.85415979493226 158.49838272318772 0
      vertex 36.73802810344684 158.8089910413607 0
    endloop
  endfacet
  facet normal 0 0 1
    outer loop
      vertex 36.96485293638702 145.814205065314 0
      vertex 37.07007380960792 157.871322893124 0
      vertex 36.96485293638702 158.185794934686 0
    endloop
  endfacet
  facet normal 0 0 1
    outer loop
      vertex 36.85415979493226 145.50161727681228 0
      vertex 36.96485293638702 158.185794934686 0
      vertex 36.85415979493226 158.49838272318772 0
    endloop
  endfacet
  facet normal 0 0 1
    outer loop
      vertex 37.07007380960792 146.128677106876 0
      vertex 37.16979036329767 157.555062389732 0
      vertex 37.07007380960792 157.871322893124 0
    endloop
  endfacet
  facet normal 0 0 1
    outer loop
      vertex 37.16979036329767 146.444937610268 0
      vertex 37.26397222282806 157.237109760523 0
      vertex 37.16979036329767 157.555062389732 0
    endloop
  endfacet
  facet normal 0 0 1
    outer loop
      vertex 37.16979036329767 146.444937610268 0
      vertex 37.26397222282806 146.762890239477 0
      vertex 37.26397222282806 157.237109760523 0
    endloop
  endfacet
  facet normal 0 0 1
    outer loop
      vertex 37.26397222282806 146.762890239477 0
      vertex 37.352590699492296 147.08243814305212 0
      vertex 37.352590699492296 156.91756185694788 0
    endloop
  endfacet
  facet normal 0 0 1
    outer loop
      vertex 37.352590699492296 147.08243814305212 0
      vertex 37.43561879924393 147.40348398360632 0
      vertex 37.43561879924393 156.59651601639368 0
    endloop
  endfacet
  facet normal 0 0 1
    outer loop
      vertex 37.43561879924393 147.40348398360632 0
      vertex 37.51303123091947 147.72592996746656 0
      vertex 37.51303123091947 156.27407003253344 0
    endloop
  endfacet
  facet normal 0 0 1
    outer loop
      vertex 37.51303123091947 147.72592996746656 0
      vertex 37.58480441394231 148.04967787446256 0
      vertex 37.58480441394231 155.95032212553744 0
    endloop
  endfacet
  facet normal 0 0 1
    outer loop
      vertex 37.58480441394231 148.04967787446256 0
      vertex 37.65091648550562 148.37462908784565 0
      vertex 37.65091648550562 155.62537091215435 0
    endloop
  endfacet
  facet normal 0 0 1
    outer loop
      vertex 37.65091648550562 148.37462908784565 0
      vertex 37.711347307231954 148.70068462432832 0
      vertex 37.711347307231954 155.29931537567168 0
    endloop
  endfacet
  facet normal 0 0 1
    outer loop
      vertex 37.711347307231954 148.70068462432832 0
      vertex 37.76607847130762 149.02774516423563 0
      vertex 37.76607847130762 154.97225483576437 0
    endloop
  endfacet
  facet normal 0 0 1
    outer loop
      vertex 37.76607847130762 149.02774516423563 0
      vertex 37.815093306089835 149.35571108175876 0
      vertex 37.815093306089835 154.64428891824124 0
    endloop
  endfacet
  facet normal 0 0 1
    outer loop
      vertex 37.815093306089835 149.35571108175876 0
      vertex 37.85837688118512 149.6844824753022 0
      vertex 37.85837688118512 154.3155175246978 0
    endloop
  endfacet
  facet normal 0 0 1
    outer loop
      vertex 37.85837688118512 149.6844824753022 0
      vertex 37.895916011997194 150.01395919791457 0
      vertex 37.895916011997194 153.98604080208543 0
    endloop
  endfacet
  facet normal 0 0 1
    outer loop
      vertex 37.895916011997194 150.01395919791457 0
      vertex 37.927699263743165 150.3440408877945 0
      vertex 37.927699263743165 153.6559591122055 0
    endloop
  endfacet
  facet normal 0 0 1
    outer loop
      vertex 37.927699263743165 150.3440408877945 0
      vertex 37.95371695493666 150.6746269988616 0
      vertex 37.95371695493666 153.3253730011384 0
    endloop
  endfacet
  facet normal 0 0 1
    outer loop
      vertex 37.95371695493666 150.6746269988616 0
      vertex 37.9739611603369 151.00561683138406 0
      vertex 37.9739611603369 152.99438316861594 0
    endloop
  endfacet
  facet normal 0 0 1
    outer loop
      vertex 37.9739611603369 151.00561683138406 0
      vertex 37.988425713362815 151.3369095626525 0
      vertex 37.988425713362815 152.6630904373475 0
    endloop
  endfacet
  facet normal 0 0 1
    outer loop
      vertex 37.988425713362815 151.3369095626525 0
      vertex 37.997106207971434 152.33159572230838 0
      vertex 37.988425713362815 152.6630904373475 0
    endloop
  endfacet
  facet normal 0 0 1
    outer loop
      vertex 37.9739611603369 151.00561683138406 0
      vertex 37.988425713362815 152.6630904373475 0
      vertex 37.9739611603369 152.99438316861594 0
    endloop
  endfacet
  facet normal 0 0 1
    outer loop
      vertex 37.988425713362815 151.3369095626525 0
      vertex 37.997106207971434 151.66840427769162 0
      vertex 37.997106207971434 152.33159572230838 0
    endloop
  endfacet
  facet normal 0 0 1
    outer loop
      vertex 37.997106207971434 151.66840427769162 0
      vertex 38 152 0
      vertex 37.997106207971434 152.33159572230838 0
    endloop
  endfacet
  facet normal 0 0 1
    outer loop
      vertex 37.26397222282806 146.762890239477 0
      vertex 37.352590699492296 156.91756185694788 0
      vertex 37.26397222282806 157.237109760523 0
    endloop
  endfacet
  facet normal 0 0 1
    outer loop
      vertex 37.352590699492296 147.08243814305212 0
      vertex 37.43561879924393 156.59651601639368 0
      vertex 37.352590699492296 156.91756185694788 0
    endloop
  endfacet
  facet normal 0 0 1
    outer loop
      vertex 37.51303123091947 147.72592996746656 0
      vertex 37.58480441394231 155.95032212553744 0
      vertex 37.51303123091947 156.27407003253344 0
    endloop
  endfacet
  facet normal 0 0 1
    outer loop
      vertex 37.43561879924393 147.40348398360632 0
      vertex 37.51303123091947 156.27407003253344 0
      vertex 37.43561879924393 156.59651601639368 0
    endloop
  endfacet
  facet normal 0 0 1
    outer loop
      vertex 37.76607847130762 149.02774516423563 0
      vertex 37.815093306089835 154.64428891824124 0
      vertex 37.76607847130762 154.97225483576437 0
    endloop
  endfacet
  facet normal 0 0 1
    outer loop
      vertex 37.95371695493666 150.6746269988616 0
      vertex 37.9739611603369 152.99438316861594 0
      vertex 37.95371695493666 153.3253730011384 0
    endloop
  endfacet
  facet normal 0 0 1
    outer loop
      vertex 37.927699263743165 150.3440408877945 0
      vertex 37.95371695493666 153.3253730011384 0
      vertex 37.927699263743165 153.6559591122055 0
    endloop
  endfacet
  facet normal 0 0 1
    outer loop
      vertex 37.895916011997194 150.01395919791457 0
      vertex 37.927699263743165 153.6559591122055 0
      vertex 37.895916011997194 153.98604080208543 0
    endloop
  endfacet
  facet normal 0 0 1
    outer loop
      vertex 37.85837688118512 149.6844824753022 0
      vertex 37.895916011997194 153.98604080208543 0
      vertex 37.85837688118512 154.3155175246978 0
    endloop
  endfacet
  facet normal 0 0 1
    outer loop
      vertex 37.815093306089835 149.35571108175876 0
      vertex 37.85837688118512 154.3155175246978 0
      vertex 37.815093306089835 154.64428891824124 0
    endloop
  endfacet
  facet normal 0 0 1
    outer loop
      vertex 37.65091648550562 148.37462908784565 0
      vertex 37.711347307231954 155.29931537567168 0
      vertex 37.65091648550562 155.62537091215435 0
    endloop
  endfacet
  facet normal 0 0 1
    outer loop
      vertex 37.58480441394231 148.04967787446256 0
      vertex 37.65091648550562 155.62537091215435 0
      vertex 37.58480441394231 155.95032212553744 0
    endloop
  endfacet
  facet normal 0 0 1
    outer loop
      vertex 37.711347307231954 148.70068462432832 0
      vertex 37.76607847130762 154.97225483576437 0
      vertex 37.711347307231954 155.29931537567168 0
    endloop
  endfacet
  facet normal -0.461748613234998 0.8870108331782404 0
    outer loop
      vertex 27.62581949505139 135.070876040421 0
      vertex 27.62581949505139 135.070876040421 19
      vertex 27.919959692931926 135.22399573568038 0
    endloop
  endfacet
  facet normal -0.4771587602596218 0.8788171126619582 0
    outer loop
      vertex 27.919959692931926 135.22399573568038 0
      vertex 27.919959692931926 135.22399573568038 19
      vertex 28.211382784680403 135.38222556435147 0
    endloop
  endfacet
  facet normal -0.4924235601034607 0.8703556959399033 0
    outer loop
      vertex 28.211382784680403 135.38222556435147 0
      vertex 28.211382784680403 135.38222556435147 19
      vertex 28.5 135.54551732809566 0
    endloop
  endfacet
  facet normal -0.5075383629607527 0.8616291604414972 0
    outer loop
      vertex 28.5 135.54551732809566 0
      vertex 28.5 135.54551732809566 19
      vertex 28.78572342329103 135.71382128665988 0
    endloop
  endfacet
  facet normal -0.5224985647159324 0.8526401643541024 0
    outer loop
      vertex 28.78572342329103 135.71382128665988 0
      vertex 28.78572342329103 135.71382128665988 19
      vertex 29.068466020430893 135.8870861730279 0
    endloop
  endfacet
  facet normal -0.537299608346835 0.8433914458128786 0
    outer loop
      vertex 29.068466020430893 135.8870861730279 0
      vertex 29.068466020430893 135.8870861730279 19
      vertex 29.348141665285514 136.06525920903695 0
    endloop
  endfacet
  facet normal -0.5519369853120458 0.8338858220671763 0
    outer loop
      vertex 29.348141665285514 136.06525920903695 0
      vertex 29.348141665285514 136.06525920903695 19
      vertex 29.624665165944194 136.2482861214542 0
    endloop
  endfacet
  facet normal -0.5664062369248437 0.8241261886220083 0
    outer loop
      vertex 29.624665165944194 136.2482861214542 0
      vertex 29.624665165944194 136.2482861214542 19
      vertex 29.897952290669874 136.43611115850916 0
    endloop
  endfacet
  facet normal -0.5807029557109467 0.8141155183563143 0
    outer loop
      vertex 29.897952290669874 136.43611115850916 0
      vertex 29.897952290669874 136.43611115850916 19
      vertex 30.16791979355699 136.628677106876 0
    endloop
  endfacet
  facet normal -0.5948227867512903 0.8038568606172551 0
    outer loop
      vertex 30.16791979355699 136.628677106876 0
      vertex 30.16791979355699 136.628677106876 19
      vertex 30.434485439888917 136.82592530910142 0
    endloop
  endfacet
  facet normal -0.6087614290087756 0.7933533402911931 0
    outer loop
      vertex 30.434485439888917 136.82592530910142 0
      vertex 30.434485439888917 136.82592530910142 19
      vertex 30.697568031187508 137.0277956814723 0
    endloop
  endfacet
  facet normal -0.6225146366375923 0.7826081568524355 0
    outer loop
      vertex 30.697568031187508 137.0277956814723 0
      vertex 30.697568031187508 137.0277956814723 19
      vertex 30.95708742994691 137.23422673231755 0
    endloop
  endfacet
  facet normal -0.6360782202777813 0.7716245833877057 0
    outer loop
      vertex 30.95708742994691 137.23422673231755 0
      vertex 30.95708742994691 137.23422673231755 19
      vertex 31.212964584044244 137.44515558073942 0
    endloop
  endfacet
  facet normal -0.6494480483301692 0.7604059656000433 0
    outer loop
      vertex 31.212964584044244 137.44515558073942 0
      vertex 31.212964584044244 137.44515558073942 19
      vertex 31.46512155081964 137.66051797576733 0
    endloop
  endfacet
  facet normal -0.662620048215754 0.7489557207889876 0
    outer loop
      vertex 31.46512155081964 137.66051797576733 0
      vertex 31.46512155081964 137.66051797576733 19
      vertex 31.713481520818306 137.88024831592952 0
    endloop
  endfacet
  facet normal -0.6755902076156239 0.7372773368101575 0
    outer loop
      vertex 31.713481520818306 137.88024831592952 0
      vertex 31.713481520818306 137.88024831592952 19
      vertex 31.957968841187473 138.10427966923575 0
    endloop
  endfacet
  facet normal -0.688354575693778 0.7253743710122648 0
    outer loop
      vertex 31.957968841187473 138.10427966923575 0
      vertex 31.957968841187473 138.10427966923575 19
      vertex 32.19850903872095 138.33254379356563 0
    endloop
  endfacet
  facet normal -0.7009092642998492 0.7132504491541832 0
    outer loop
      vertex 32.19850903872095 138.33254379356563 0
      vertex 32.19850903872095 138.33254379356563 19
      vertex 32.435028842544405 138.5649711574556 0
    endloop
  endfacet
  facet normal -0.7132504491541832 0.7009092642998492 0
    outer loop
      vertex 32.435028842544405 138.5649711574556 0
      vertex 32.435028842544405 138.5649711574556 19
      vertex 32.66745620643437 138.80149096127906 0
    endloop
  endfacet
  facet normal -0.725374371012297 0.6883545756937443 0
    outer loop
      vertex 32.66745620643437 138.80149096127906 0
      vertex 32.66745620643437 138.80149096127906 19
      vertex 32.895720330764235 139.04203115881253 0
    endloop
  endfacet
  facet normal -0.737277336810105 0.6755902076156811 0
    outer loop
      vertex 32.895720330764235 139.04203115881253 0
      vertex 32.895720330764235 139.04203115881253 19
      vertex 33.11975168407049 139.2865184791817 0
    endloop
  endfacet
  facet normal -0.7489557207889993 0.6626200482157405 0
    outer loop
      vertex 33.11975168407049 139.2865184791817 0
      vertex 33.11975168407049 139.2865184791817 19
      vertex 33.339482024232666 139.53487844918035 0
    endloop
  endfacet
  facet normal -0.7604059656000417 0.649448048330171 0
    outer loop
      vertex 33.339482024232666 139.53487844918035 0
      vertex 33.339482024232666 139.53487844918035 19
      vertex 33.55484441926058 139.78703541595576 0
    endloop
  endfacet
  facet normal -0.7716245833877162 0.6360782202777685 0
    outer loop
      vertex 33.55484441926058 139.78703541595576 0
      vertex 33.55484441926058 139.78703541595576 19
      vertex 33.76577326768245 140.0429125700531 0
    endloop
  endfacet
  facet normal -0.782608156852423 0.6225146366376083 0
    outer loop
      vertex 33.76577326768245 140.0429125700531 0
      vertex 33.76577326768245 140.0429125700531 19
      vertex 33.972204318527716 140.3024319688125 0
    endloop
  endfacet
  facet normal -0.7933533402912106 0.6087614290087526 0
    outer loop
      vertex 33.972204318527716 140.3024319688125 0
      vertex 33.972204318527716 140.3024319688125 19
      vertex 34.174074690898564 140.56551456011107 0
    endloop
  endfacet
  facet normal -0.3987490689252383 -0.9170600743851274 5.122327644143216e-19
    outer loop
      vertex 26.423891441296202 169.48959221559636 0
      vertex 26.727996218440204 169.35736369520941 0
      vertex 26.727996218440204 169.35736369520941 19
    endloop
  endfacet
  facet normal -0.4146932426562119 -0.9099612708765557 -4.674369533677938e-19
    outer loop
      vertex 26.727996218440204 169.35736369520941 0
      vertex 27.029746973073287 169.21984795369636 0
      vertex 27.029746973073287 169.21984795369636 19
    endloop
  endfacet
  facet normal -0.43051109680831123 -0.902585284349853 -9.039870157870347e-20
    outer loop
      vertex 27.029746973073287 169.21984795369636 0
      vertex 27.329051788992473 169.07708687968417 0
      vertex 27.329051788992473 169.07708687968417 19
    endloop
  endfacet
  facet normal -0.4461978131098192 -0.8949343616020198 -1.5811621015625766e-19
    outer loop
      vertex 27.329051788992473 169.07708687968417 0
      vertex 27.62581949505139 168.929123959579 0
      vertex 27.62581949505139 168.929123959579 19
    endloop
  endfacet
  facet normal -0.461748613234998 -0.8870108331782404 4.2288602178729086e-19
    outer loop
      vertex 27.62581949505139 168.929123959579 0
      vertex 27.919959692931926 168.77600426431962 0
      vertex 27.919959692931926 168.77600426431962 19
    endloop
  endfacet
  facet normal -0.14780941112959275 -0.9890158633619195 1.5849970079803982e-19
    outer loop
      vertex 21.644288918241244 170.81509330608984 0
      vertex 21.972254835764385 170.76607847130762 0
      vertex 21.972254835764385 170.76607847130762 19
    endloop
  endfacet
  facet normal -0.1650476058606723 -0.9862856015372322 6.747429776248915e-21
    outer loop
      vertex 21.972254835764385 170.76607847130762 0
      vertex 22.299315375671675 170.71134730723196 0
      vertex 22.299315375671675 170.71134730723196 19
    endloop
  endfacet
  facet normal -0.1822355254922001 -0.9832549075639448 -7.748893833465424e-20
    outer loop
      vertex 22.299315375671675 170.71134730723196 0
      vertex 22.625370912154352 170.6509164855056 0
      vertex 22.625370912154352 170.6509164855056 19
    endloop
  endfacet
  facet normal -0.19936793441712314 -0.9799247046208446 -1.3439020151041242e-19
    outer loop
      vertex 22.625370912154352 170.6509164855056 0
      vertex 22.950322125537426 170.58480441394232 0
      vertex 22.950322125537426 170.58480441394232 19
    endloop
  endfacet
  facet normal -0.21643961393815447 -0.9762960071199218 1.5072624021699908e-19
    outer loop
      vertex 22.950322125537426 170.58480441394232 0
      vertex 23.274070032533434 170.51303123091947 0
      vertex 23.274070032533434 170.51303123091947 19
    endloop
  endfacet
  facet normal -0.23344536385587636 -0.9723699203976836 -1.8966068646726253e-19
    outer loop
      vertex 23.274070032533434 170.51303123091947 0
      vertex 23.596516016393686 170.43561879924394 0
      vertex 23.596516016393686 170.43561879924394 19
    endloop
  endfacet
  facet normal -0.25038000405450433 -0.9681476403780914 1.06222412271905e-19
    outer loop
      vertex 23.596516016393686 170.43561879924394 0
      vertex 23.917561856947895 170.35259069949228 0
      vertex 23.917561856947895 170.35259069949228 19
    endloop
  endfacet
  facet normal -0.2840153447039077 -0.9588197348681975 1.9721332300017586e-19
    outer loop
      vertex 24.237109760522983 170.26397222282804 0
      vertex 24.555062389732 170.16979036329766 0
      vertex 24.555062389732 170.16979036329766 19
    endloop
  endfacet
  facet normal -0.267238376078253 -0.9636304532086241 6.281123182273647e-20
    outer loop
      vertex 23.917561856947895 170.35259069949228 0
      vertex 24.237109760522983 170.26397222282804 0
      vertex 24.237109760522983 170.26397222282804 19
    endloop
  endfacet
  facet normal -0.30070579950424503 -0.9537169507482358 6.875369223885e-20
    outer loop
      vertex 24.555062389732 170.16979036329766 0
      vertex 24.871322893124002 170.07007380960792 0
      vertex 24.871322893124002 170.07007380960792 19
    endloop
  endfacet
  facet normal -0.31730465640510075 -0.9483236552061964 -5.45807855890923e-19
    outer loop
      vertex 24.871322893124002 170.07007380960792 0
      vertex 25.185794934685976 169.96485293638702 0
      vertex 25.185794934685976 169.96485293638702 19
    endloop
  endfacet
  facet normal -0.3338068592337704 -0.9426414910921785 4.155476064961112e-21
    outer loop
      vertex 25.185794934685976 169.96485293638702 0
      vertex 25.498382723187706 169.85415979493226 0
      vertex 25.498382723187706 169.85415979493226 19
    endloop
  endfacet
  facet normal -0.350207381259492 -0.9366721892483885 -3.439840897632656e-19
    outer loop
      vertex 25.498382723187706 169.85415979493226 0
      vertex 25.808991041360706 169.73802810344682 0
      vertex 25.808991041360706 169.73802810344682 19
    endloop
  endfacet
  facet normal -0.3665012267242356 -0.9304175679820489 0
    outer loop
      vertex 26.117525274902327 169.61649323676897 0
      vertex 26.117525274902327 169.61649323676897 19
      vertex 25.808991041360706 169.73802810344682 0
    endloop
  endfacet
  facet normal -0.38268343236513763 -0.9238795325112671 2.4293710248730313e-19
    outer loop
      vertex 26.117525274902327 169.61649323676897 0
      vertex 26.423891441296202 169.48959221559636 0
      vertex 26.423891441296202 169.48959221559636 19
    endloop
  endfacet
  facet normal -0.4771587602596218 -0.8788171126619582 -1.7035085446177127e-20
    outer loop
      vertex 27.919959692931926 168.77600426431962 0
      vertex 28.211382784680403 168.61777443564853 0
      vertex 28.211382784680403 168.61777443564853 19
    endloop
  endfacet
  facet normal -0.4924235601034607 -0.8703556959399033 -4.008331390520063e-19
    outer loop
      vertex 28.211382784680403 168.61777443564853 0
      vertex 28.5 168.45448267190434 0
      vertex 28.5 168.45448267190434 19
    endloop
  endfacet
  facet normal -0.5075383629607527 -0.8616291604414972 -4.67603497523576e-19
    outer loop
      vertex 28.5 168.45448267190434 0
      vertex 28.78572342329103 168.28617871334012 0
      vertex 28.78572342329103 168.28617871334012 19
    endloop
  endfacet
  facet normal -0.537299608346835 -0.8433914458128786 1.0176795887451034e-19
    outer loop
      vertex 29.068466020430893 168.1129138269721 0
      vertex 29.348141665285514 167.93474079096305 0
      vertex 29.348141665285514 167.93474079096305 19
    endloop
  endfacet
  facet normal -0.5224985647159324 -0.8526401643541024 -5.215099361640262e-19
    outer loop
      vertex 28.78572342329103 168.28617871334012 0
      vertex 29.068466020430893 168.1129138269721 0
      vertex 29.068466020430893 168.1129138269721 19
    endloop
  endfacet
  facet normal -0.5519369853120458 -0.8338858220671763 -4.923795466372548e-19
    outer loop
      vertex 29.348141665285514 167.93474079096305 0
      vertex 29.624665165944194 167.7517138785458 0
      vertex 29.624665165944194 167.7517138785458 19
    endloop
  endfacet
  facet normal -0.5664062369248437 -0.8241261886220083 -1.5283790808420093e-19
    outer loop
      vertex 29.624665165944194 167.7517138785458 0
      vertex 29.897952290669874 167.56388884149084 0
      vertex 29.897952290669874 167.56388884149084 19
    endloop
  endfacet
  facet normal -0.5807029557109467 -0.8141155183563143 -5.853335161901217e-20
    outer loop
      vertex 29.897952290669874 167.56388884149084 0
      vertex 30.16791979355699 167.371322893124 0
      vertex 30.16791979355699 167.371322893124 19
    endloop
  endfacet
  facet normal -0.5948227867512903 -0.8038568606172551 -3.079947508715403e-19
    outer loop
      vertex 30.16791979355699 167.371322893124 0
      vertex 30.434485439888917 167.17407469089858 0
      vertex 30.434485439888917 167.17407469089858 19
    endloop
  endfacet
  facet normal -0.6087614290087756 -0.7933533402911931 2.443899696108698e-19
    outer loop
      vertex 30.434485439888917 167.17407469089858 0
      vertex 30.697568031187508 166.9722043185277 0
      vertex 30.697568031187508 166.9722043185277 19
    endloop
  endfacet
  facet normal -0.6225146366375923 -0.7826081568524355 0
    outer loop
      vertex 30.95708742994691 166.76577326768245 0
      vertex 30.95708742994691 166.76577326768245 19
      vertex 30.697568031187508 166.9722043185277 0
    endloop
  endfacet
  facet normal -0.7933533402912106 -0.6087614290087526 -5.0676429834544044e-20
    outer loop
      vertex 33.972204318527716 163.6975680311875 0
      vertex 34.174074690898564 163.43448543988893 0
      vertex 34.174074690898564 163.43448543988893 19
    endloop
  endfacet
  facet normal -0.6494480483301692 -0.7604059656000433 -5.0346178062899745e-19
    outer loop
      vertex 31.212964584044244 166.55484441926058 0
      vertex 31.46512155081964 166.33948202423267 0
      vertex 31.46512155081964 166.33948202423267 19
    endloop
  endfacet
  facet normal -0.662620048215754 -0.7489557207889876 -4.842285158079486e-19
    outer loop
      vertex 31.46512155081964 166.33948202423267 0
      vertex 31.713481520818306 166.11975168407048 0
      vertex 31.713481520818306 166.11975168407048 19
    endloop
  endfacet
  facet normal -0.688354575693778 -0.7253743710122648 -1.192371523005168e-19
    outer loop
      vertex 31.957968841187473 165.89572033076425 0
      vertex 32.19850903872095 165.66745620643437 0
      vertex 32.19850903872095 165.66745620643437 19
    endloop
  endfacet
  facet normal -0.6755902076156239 -0.7372773368101575 2.0690354788664597e-19
    outer loop
      vertex 31.713481520818306 166.11975168407048 0
      vertex 31.957968841187473 165.89572033076425 0
      vertex 31.957968841187473 165.89572033076425 19
    endloop
  endfacet
  facet normal -0.7009092642998492 -0.7132504491541832 0
    outer loop
      vertex 32.435028842544405 165.4350288425444 0
      vertex 32.435028842544405 165.4350288425444 19
      vertex 32.19850903872095 165.66745620643437 0
    endloop
  endfacet
  facet normal -0.6360782202777813 -0.7716245833877057 -1.5541809243735463e-19
    outer loop
      vertex 30.95708742994691 166.76577326768245 0
      vertex 31.212964584044244 166.55484441926058 0
      vertex 31.212964584044244 166.55484441926058 19
    endloop
  endfacet
  facet normal -0.725374371012297 -0.6883545756937443 -1.8588116607209332e-19
    outer loop
      vertex 32.66745620643437 165.19850903872094 0
      vertex 32.895720330764235 164.95796884118747 0
      vertex 32.895720330764235 164.95796884118747 19
    endloop
  endfacet
  facet normal -0.737277336810105 -0.6755902076156811 1.937335424333679e-19
    outer loop
      vertex 32.895720330764235 164.95796884118747 0
      vertex 33.11975168407049 164.7134815208183 0
      vertex 33.11975168407049 164.7134815208183 19
    endloop
  endfacet
  facet normal -0.7489557207889993 -0.6626200482157405 2.262147488686472e-19
    outer loop
      vertex 33.11975168407049 164.7134815208183 0
      vertex 33.339482024232666 164.46512155081965 0
      vertex 33.339482024232666 164.46512155081965 19
    endloop
  endfacet
  facet normal -0.7132504491541832 -0.7009092642998492 3.4662735224823433e-19
    outer loop
      vertex 32.435028842544405 165.4350288425444 0
      vertex 32.66745620643437 165.19850903872094 0
      vertex 32.66745620643437 165.19850903872094 19
    endloop
  endfacet
  facet normal -0.7604059656000417 -0.649448048330171 -2.1692902818345886e-19
    outer loop
      vertex 33.339482024232666 164.46512155081965 0
      vertex 33.55484441926058 164.21296458404424 0
      vertex 33.55484441926058 164.21296458404424 19
    endloop
  endfacet
  facet normal -0.7716245833877162 -0.6360782202777685 0
    outer loop
      vertex 33.76577326768245 163.9570874299469 0
      vertex 33.76577326768245 163.9570874299469 19
      vertex 33.55484441926058 164.21296458404424 0
    endloop
  endfacet
  facet normal -0.782608156852423 -0.6225146366376083 -1.491618037111946e-19
    outer loop
      vertex 33.76577326768245 163.9570874299469 0
      vertex 33.972204318527716 163.6975680311875 0
      vertex 33.972204318527716 163.6975680311875 19
    endloop
  endfacet
  facet normal -0.8038568606172293 0.594822786751325 0
    outer loop
      vertex 34.174074690898564 140.56551456011107 0
      vertex 34.174074690898564 140.56551456011107 19
      vertex 34.371322893124 140.832080206443 0
    endloop
  endfacet
  facet normal -0.8141155183563208 0.5807029557109376 0
    outer loop
      vertex 34.371322893124 140.832080206443 0
      vertex 34.371322893124 140.832080206443 19
      vertex 34.563888841490844 141.10204770933012 0
    endloop
  endfacet
  facet normal -0.8241261886220255 0.5664062369248186 0
    outer loop
      vertex 34.563888841490844 141.10204770933012 0
      vertex 34.563888841490844 141.10204770933012 19
      vertex 34.75171387854579 141.37533483405582 0
    endloop
  endfacet
  facet normal -0.8338858220671665 0.5519369853120607 0
    outer loop
      vertex 34.75171387854579 141.37533483405582 0
      vertex 34.75171387854579 141.37533483405582 19
      vertex 34.934740790963055 141.6518583347145 0
    endloop
  endfacet
  facet normal -0.8433914458128883 0.5372996083468198 0
    outer loop
      vertex 34.934740790963055 141.6518583347145 0
      vertex 34.934740790963055 141.6518583347145 19
      vertex 35.11291382697209 141.9315339795691 0
    endloop
  endfacet
  facet normal -0.8526401643540921 0.5224985647159491 0
    outer loop
      vertex 35.11291382697209 141.9315339795691 0
      vertex 35.11291382697209 141.9315339795691 19
      vertex 35.286178713340135 142.21427657670898 0
    endloop
  endfacet
  facet normal -0.8616291604415236 0.5075383629607079 0
    outer loop
      vertex 35.286178713340135 142.21427657670898 0
      vertex 35.286178713340135 142.21427657670898 19
      vertex 35.45448267190433 142.5 0
    endloop
  endfacet
  facet normal -0.8703556959398889 0.4924235601034862 0
    outer loop
      vertex 35.45448267190433 142.5 0
      vertex 35.45448267190433 142.5 19
      vertex 35.61777443564852 142.7886172153196 0
    endloop
  endfacet
  facet normal -0.8788171126619817 0.47715876025957826 0
    outer loop
      vertex 35.61777443564852 142.7886172153196 0
      vertex 35.61777443564852 142.7886172153196 19
      vertex 35.77600426431961 143.0800403070681 0
    endloop
  endfacet
  facet normal -0.8870108331782137 0.46174861323504923 0
    outer loop
      vertex 35.77600426431961 143.0800403070681 0
      vertex 35.77600426431961 143.0800403070681 19
      vertex 35.92912395957899 143.3741805049486 0
    endloop
  endfacet
  facet normal -0.8949343616020198 0.4461978131098192 0
    outer loop
      vertex 35.92912395957899 143.3741805049486 0
      vertex 35.92912395957899 143.3741805049486 19
      vertex 36.077086879684174 143.67094821100753 0
    endloop
  endfacet
  facet normal -0.9025852843498696 0.4305110968082763 0
    outer loop
      vertex 36.077086879684174 143.67094821100753 0
      vertex 36.077086879684174 143.67094821100753 19
      vertex 36.219847953696345 143.9702530269267 0
    endloop
  endfacet
  facet normal -0.9099612708765357 0.4146932426562554 0
    outer loop
      vertex 36.219847953696345 143.9702530269267 0
      vertex 36.219847953696345 143.9702530269267 19
      vertex 36.357363695209415 144.2720037815598 0
    endloop
  endfacet
  facet normal -0.9170600743851214 0.39874906892525247 0
    outer loop
      vertex 36.357363695209415 144.2720037815598 0
      vertex 36.357363695209415 144.2720037815598 19
      vertex 36.48959221559637 144.5761085587038 0
    endloop
  endfacet
  facet normal -0.9238795325112883 0.38268343236508656 0
    outer loop
      vertex 36.48959221559637 144.5761085587038 0
      vertex 36.48959221559637 144.5761085587038 19
      vertex 36.61649323676896 144.88247472509767 0
    endloop
  endfacet
  facet normal -0.9304175679820196 0.3665012267243098 0
    outer loop
      vertex 36.61649323676896 144.88247472509767 0
      vertex 36.61649323676896 144.88247472509767 19
      vertex 36.73802810344684 145.1910089586393 0
    endloop
  endfacet
  facet normal -0.9366721892484012 0.35020738125945794 0
    outer loop
      vertex 36.73802810344684 145.1910089586393 0
      vertex 36.73802810344684 145.1910089586393 19
      vertex 36.85415979493226 145.50161727681228 0
    endloop
  endfacet
  facet normal -0.9426414910921785 0.3338068592337704 0
    outer loop
      vertex 36.85415979493226 145.50161727681228 0
      vertex 36.85415979493226 145.50161727681228 19
      vertex 36.96485293638702 145.814205065314 0
    endloop
  endfacet
  facet normal -0.9483236552062039 0.31730465640507816 0
    outer loop
      vertex 36.96485293638702 145.814205065314 0
      vertex 36.96485293638702 145.814205065314 19
      vertex 37.07007380960792 146.128677106876 0
    endloop
  endfacet
  facet normal -0.9537169507482257 0.3007057995042768 0
    outer loop
      vertex 37.07007380960792 146.128677106876 0
      vertex 37.07007380960792 146.128677106876 19
      vertex 37.16979036329767 146.444937610268 0
    endloop
  endfacet
  facet normal -0.9588197348681882 0.2840153447039391 0
    outer loop
      vertex 37.16979036329767 146.444937610268 0
      vertex 37.16979036329767 146.444937610268 19
      vertex 37.26397222282806 146.762890239477 0
    endloop
  endfacet
  facet normal -0.9483236552062039 -0.31730465640507816 4.3258897024955078e-19
    outer loop
      vertex 36.96485293638702 158.185794934686 0
      vertex 37.07007380960792 157.871322893124 0
      vertex 37.07007380960792 157.871322893124 19
    endloop
  endfacet
  facet normal -0.9537169507482257 -0.3007057995042768 0
    outer loop
      vertex 37.16979036329767 157.555062389732 0
      vertex 37.16979036329767 157.555062389732 19
      vertex 37.07007380960792 157.871322893124 0
    endloop
  endfacet
  facet normal -0.9636304532086295 0.2672383760782337 0
    outer loop
      vertex 37.26397222282806 146.762890239477 0
      vertex 37.26397222282806 146.762890239477 19
      vertex 37.352590699492296 147.08243814305212 0
    endloop
  endfacet
  facet normal -0.9681476403781064 0.25038000405444666 0
    outer loop
      vertex 37.352590699492296 147.08243814305212 0
      vertex 37.352590699492296 147.08243814305212 19
      vertex 37.43561879924393 147.40348398360632 0
    endloop
  endfacet
  facet normal -0.9723699203976758 0.23344536385590878 0
    outer loop
      vertex 37.43561879924393 147.40348398360632 0
      vertex 37.43561879924393 147.40348398360632 19
      vertex 37.51303123091947 147.72592996746656 0
    endloop
  endfacet
  facet normal -0.9762960071199306 0.21643961393811592 0
    outer loop
      vertex 37.51303123091947 147.72592996746656 0
      vertex 37.51303123091947 147.72592996746656 19
      vertex 37.58480441394231 148.04967787446256 0
    endloop
  endfacet
  facet normal -0.9799247046208295 0.19936793441719708 0
    outer loop
      vertex 37.58480441394231 148.04967787446256 0
      vertex 37.58480441394231 148.04967787446256 19
      vertex 37.65091648550562 148.37462908784565 0
    endloop
  endfacet
  facet normal -0.9832549075639556 0.18223552549214178 0
    outer loop
      vertex 37.65091648550562 148.37462908784565 0
      vertex 37.65091648550562 148.37462908784565 19
      vertex 37.711347307231954 148.70068462432832 0
    endloop
  endfacet
  facet normal -0.9862856015372303 0.16504760586068443 0
    outer loop
      vertex 37.711347307231954 148.70068462432832 0
      vertex 37.711347307231954 148.70068462432832 19
      vertex 37.76607847130762 149.02774516423563 0
    endloop
  endfacet
  facet normal -0.9890158633619188 0.14780941112959745 0
    outer loop
      vertex 37.76607847130762 149.02774516423563 0
      vertex 37.76607847130762 149.02774516423563 19
      vertex 37.815093306089835 149.35571108175876 0
    endloop
  endfacet
  facet normal -0.9914448613738082 0.13052619222006898 0
    outer loop
      vertex 37.815093306089835 149.35571108175876 0
      vertex 37.815093306089835 149.35571108175876 19
      vertex 37.85837688118512 149.6844824753022 0
    endloop
  endfacet
  facet normal -0.9935718556765887 0.1132032137678969 0
    outer loop
      vertex 37.85837688118512 149.6844824753022 0
      vertex 37.85837688118512 149.6844824753022 19
      vertex 37.895916011997194 150.01395919791457 0
    endloop
  endfacet
  facet normal -0.9953961983671797 0.09584575252021446 0
    outer loop
      vertex 37.895916011997194 150.01395919791457 0
      vertex 37.895916011997194 150.01395919791457 19
      vertex 37.927699263743165 150.3440408877945 0
    endloop
  endfacet
  facet normal -0.9969173337331279 0.07845909572784708 0
    outer loop
      vertex 37.927699263743165 150.3440408877945 0
      vertex 37.927699263743165 150.3440408877945 19
      vertex 37.95371695493666 150.6746269988616 0
    endloop
  endfacet
  facet normal -0.9981347984218677 0.06104853953484504 0
    outer loop
      vertex 37.95371695493666 150.6746269988616 0
      vertex 37.95371695493666 150.6746269988616 19
      vertex 37.9739611603369 151.00561683138406 0
    endloop
  endfacet
  facet normal -0.9990482215818577 0.04361938736533828 0
    outer loop
      vertex 37.9739611603369 151.00561683138406 0
      vertex 37.9739611603369 151.00561683138406 19
      vertex 37.988425713362815 151.3369095626525 0
    endloop
  endfacet
  facet normal -0.9996573249755569 0.026176948307886427 0
    outer loop
      vertex 37.988425713362815 151.3369095626525 0
      vertex 37.988425713362815 151.3369095626525 19
      vertex 37.997106207971434 151.66840427769162 0
    endloop
  endfacet
  facet normal -0.9999619230641713 0.008726535498371739 0
    outer loop
      vertex 37.997106207971434 151.66840427769162 0
      vertex 37.997106207971434 151.66840427769162 19
      vertex 38 152 0
    endloop
  endfacet
  facet normal -0.9999619230641713 -0.008726535498371739 0
    outer loop
      vertex 38 152 0
      vertex 38 152 19
      vertex 37.997106207971434 152.33159572230838 0
    endloop
  endfacet
  facet normal -0.9990482215818577 -0.04361938736533828 0
    outer loop
      vertex 37.988425713362815 152.6630904373475 0
      vertex 37.988425713362815 152.6630904373475 19
      vertex 37.9739611603369 152.99438316861594 0
    endloop
  endfacet
  facet normal -0.9981347984218677 -0.06104853953484504 -3.84487699519704e-20
    outer loop
      vertex 37.95371695493666 153.3253730011384 0
      vertex 37.9739611603369 152.99438316861594 0
      vertex 37.9739611603369 152.99438316861594 19
    endloop
  endfacet
  facet normal -0.9969173337331279 -0.07845909572784708 0
    outer loop
      vertex 37.95371695493666 153.3253730011384 0
      vertex 37.95371695493666 153.3253730011384 19
      vertex 37.927699263743165 153.6559591122055 0
    endloop
  endfacet
  facet normal -0.9953961983671797 -0.09584575252021446 0
    outer loop
      vertex 37.927699263743165 153.6559591122055 0
      vertex 37.927699263743165 153.6559591122055 19
      vertex 37.895916011997194 153.98604080208543 0
    endloop
  endfacet
  facet normal -0.9935718556765887 -0.1132032137678969 0
    outer loop
      vertex 37.895916011997194 153.98604080208543 0
      vertex 37.895916011997194 153.98604080208543 19
      vertex 37.85837688118512 154.3155175246978 0
    endloop
  endfacet
  facet normal -0.9890158633619188 -0.14780941112959745 -7.631563021883178e-20
    outer loop
      vertex 37.76607847130762 154.97225483576437 0
      vertex 37.815093306089835 154.64428891824124 0
      vertex 37.815093306089835 154.64428891824124 19
    endloop
  endfacet
  facet normal -0.9862856015372303 -0.16504760586068443 0
    outer loop
      vertex 37.76607847130762 154.97225483576437 0
      vertex 37.76607847130762 154.97225483576437 19
      vertex 37.711347307231954 155.29931537567168 0
    endloop
  endfacet
  facet normal -0.9914448613738082 -0.13052619222006898 0
    outer loop
      vertex 37.85837688118512 154.3155175246978 0
      vertex 37.85837688118512 154.3155175246978 19
      vertex 37.815093306089835 154.64428891824124 0
    endloop
  endfacet
  facet normal -0.9996573249755569 -0.026176948307886427 0
    outer loop
      vertex 37.997106207971434 152.33159572230838 0
      vertex 37.997106207971434 152.33159572230838 19
      vertex 37.988425713362815 152.6630904373475 0
    endloop
  endfacet
  facet normal -0.9762960071199306 -0.21643961393811592 0
    outer loop
      vertex 37.58480441394231 155.95032212553744 0
      vertex 37.58480441394231 155.95032212553744 19
      vertex 37.51303123091947 156.27407003253344 0
    endloop
  endfacet
  facet normal -0.9723699203976758 -0.23344536385590878 0
    outer loop
      vertex 37.51303123091947 156.27407003253344 0
      vertex 37.51303123091947 156.27407003253344 19
      vertex 37.43561879924393 156.59651601639368 0
    endloop
  endfacet
  facet normal -0.9832549075639556 -0.18223552549214178 0
    outer loop
      vertex 37.711347307231954 155.29931537567168 0
      vertex 37.711347307231954 155.29931537567168 19
      vertex 37.65091648550562 155.62537091215435 0
    endloop
  endfacet
  facet normal -0.9799247046208295 -0.19936793441719708 0
    outer loop
      vertex 37.65091648550562 155.62537091215435 0
      vertex 37.65091648550562 155.62537091215435 19
      vertex 37.58480441394231 155.95032212553744 0
    endloop
  endfacet
  facet normal -0.9681476403781064 -0.25038000405444666 -1.545585677901896e-19
    outer loop
      vertex 37.352590699492296 156.91756185694788 0
      vertex 37.43561879924393 156.59651601639368 0
      vertex 37.43561879924393 156.59651601639368 19
    endloop
  endfacet
  facet normal -0.9636304532086295 -0.2672383760782337 0
    outer loop
      vertex 37.352590699492296 156.91756185694788 0
      vertex 37.352590699492296 156.91756185694788 19
      vertex 37.26397222282806 157.237109760523 0
    endloop
  endfacet
  facet normal -0.9588197348681882 -0.2840153447039391 -2.1996626857002288e-20
    outer loop
      vertex 37.16979036329767 157.555062389732 0
      vertex 37.26397222282806 157.237109760523 0
      vertex 37.26397222282806 157.237109760523 19
    endloop
  endfacet
  facet normal -0.8141155183563208 -0.5807029557109376 -1.394277438509319e-20
    outer loop
      vertex 34.371322893124 163.167919793557 0
      vertex 34.563888841490844 162.89795229066988 0
      vertex 34.563888841490844 162.89795229066988 19
    endloop
  endfacet
  facet normal -0.8038568606172293 -0.594822786751325 0
    outer loop
      vertex 34.371322893124 163.167919793557 0
      vertex 34.371322893124 163.167919793557 19
      vertex 34.174074690898564 163.43448543988893 0
    endloop
  endfacet
  facet normal -0.8241261886220255 -0.5664062369248186 0
    outer loop
      vertex 34.75171387854579 162.62466516594418 0
      vertex 34.75171387854579 162.62466516594418 19
      vertex 34.563888841490844 162.89795229066988 0
    endloop
  endfacet
  facet normal -0.8338858220671665 -0.5519369853120607 -3.4993836719952435e-19
    outer loop
      vertex 34.75171387854579 162.62466516594418 0
      vertex 34.934740790963055 162.3481416652855 0
      vertex 34.934740790963055 162.3481416652855 19
    endloop
  endfacet
  facet normal -0.8433914458128883 -0.5372996083468198 5.289240009617351e-19
    outer loop
      vertex 34.934740790963055 162.3481416652855 0
      vertex 35.11291382697209 162.0684660204309 0
      vertex 35.11291382697209 162.0684660204309 19
    endloop
  endfacet
  facet normal -0.8526401643540921 -0.5224985647159491 3.6867738132110173e-19
    outer loop
      vertex 35.11291382697209 162.0684660204309 0
      vertex 35.286178713340135 161.78572342329102 0
      vertex 35.286178713340135 161.78572342329102 19
    endloop
  endfacet
  facet normal -0.8703556959398889 -0.4924235601034862 0
    outer loop
      vertex 35.61777443564852 161.2113827846804 0
      vertex 35.61777443564852 161.2113827846804 19
      vertex 35.45448267190433 161.5 0
    endloop
  endfacet
  facet normal -0.8616291604415236 -0.5075383629607079 -4.569769845964135e-19
    outer loop
      vertex 35.286178713340135 161.78572342329102 0
      vertex 35.45448267190433 161.5 0
      vertex 35.45448267190433 161.5 19
    endloop
  endfacet
  facet normal -0.8949343616020198 -0.4461978131098192 -1.5811621015625766e-19
    outer loop
      vertex 35.92912395957899 160.6258194950514 0
      vertex 36.077086879684174 160.32905178899247 0
      vertex 36.077086879684174 160.32905178899247 19
    endloop
  endfacet
  facet normal -0.8870108331782137 -0.46174861323504923 -4.691666705215157e-19
    outer loop
      vertex 35.77600426431961 160.9199596929319 0
      vertex 35.92912395957899 160.6258194950514 0
      vertex 35.92912395957899 160.6258194950514 19
    endloop
  endfacet
  facet normal -0.9025852843498696 -0.4305110968082763 -1.1654059104898669e-19
    outer loop
      vertex 36.077086879684174 160.32905178899247 0
      vertex 36.219847953696345 160.0297469730733 0
      vertex 36.219847953696345 160.0297469730733 19
    endloop
  endfacet
  facet normal -0.9099612708765357 -0.4146932426562554 4.472856864333828e-19
    outer loop
      vertex 36.219847953696345 160.0297469730733 0
      vertex 36.357363695209415 159.7279962184402 0
      vertex 36.357363695209415 159.7279962184402 19
    endloop
  endfacet
  facet normal -0.9366721892484012 -0.35020738125945794 0
    outer loop
      vertex 36.85415979493226 158.49838272318772 0
      vertex 36.85415979493226 158.49838272318772 19
      vertex 36.73802810344684 158.8089910413607 0
    endloop
  endfacet
  facet normal -0.9238795325112883 -0.38268343236508656 0
    outer loop
      vertex 36.61649323676896 159.11752527490233 0
      vertex 36.61649323676896 159.11752527490233 19
      vertex 36.48959221559637 159.4238914412962 0
    endloop
  endfacet
  facet normal -0.9304175679820196 -0.3665012267243098 -1.0102805762304721e-19
    outer loop
      vertex 36.61649323676896 159.11752527490233 0
      vertex 36.73802810344684 158.8089910413607 0
      vertex 36.73802810344684 158.8089910413607 19
    endloop
  endfacet
  facet normal -0.9426414910921785 -0.3338068592337704 4.155476064961112e-21
    outer loop
      vertex 36.85415979493226 158.49838272318772 0
      vertex 36.96485293638702 158.185794934686 0
      vertex 36.96485293638702 158.185794934686 19
    endloop
  endfacet
  facet normal -0.9170600743851214 -0.39874906892525247 0
    outer loop
      vertex 36.48959221559637 159.4238914412962 0
      vertex 36.48959221559637 159.4238914412962 19
      vertex 36.357363695209415 159.7279962184402 0
    endloop
  endfacet
  facet normal -0.8788171126619817 -0.47715876025957826 0
    outer loop
      vertex 35.77600426431961 160.9199596929319 0
      vertex 35.77600426431961 160.9199596929319 19
      vertex 35.61777443564852 161.2113827846804 0
    endloop
  endfacet
  facet normal 0.44619781310981493 0.894934361602022 0
    outer loop
      vertex 10.670948211007529 134.92291312031583 0
      vertex 10.37418050494861 135.070876040421 19
      vertex 10.670948211007529 134.92291312031583 19
    endloop
  endfacet
  facet normal 0.4305110968083154 0.9025852843498509 0
    outer loop
      vertex 10.970253026926711 134.78015204630364 0
      vertex 10.670948211007529 134.92291312031583 19
      vertex 10.970253026926711 134.78015204630364 19
    endloop
  endfacet
  facet normal 0.4146932426562098 0.9099612708765565 0
    outer loop
      vertex 11.272003781559796 134.64263630479059 0
      vertex 10.970253026926711 134.78015204630364 19
      vertex 11.272003781559796 134.64263630479059 19
    endloop
  endfacet
  facet normal 0.3987490689252383 0.9170600743851274 0
    outer loop
      vertex 11.576108558703798 134.51040778440364 0
      vertex 11.272003781559796 134.64263630479059 19
      vertex 11.576108558703798 134.51040778440364 19
    endloop
  endfacet
  facet normal 0.38268343236513763 0.9238795325112671 0
    outer loop
      vertex 11.882474725097673 134.38350676323103 0
      vertex 11.576108558703798 134.51040778440364 19
      vertex 11.882474725097673 134.38350676323103 19
    endloop
  endfacet
  facet normal 0.350207381259492 0.9366721892483885 0
    outer loop
      vertex 12.501617276812294 134.14584020506774 0
      vertex 12.191008958639294 134.26197189655318 19
      vertex 12.501617276812294 134.14584020506774 19
    endloop
  endfacet
  facet normal 0.3665012267242356 0.9304175679820489 0
    outer loop
      vertex 12.191008958639294 134.26197189655318 0
      vertex 11.882474725097673 134.38350676323103 19
      vertex 12.191008958639294 134.26197189655318 19
    endloop
  endfacet
  facet normal 0.3338068592337704 0.9426414910921785 0
    outer loop
      vertex 12.814205065314024 134.03514706361298 0
      vertex 12.501617276812294 134.14584020506774 19
      vertex 12.814205065314024 134.03514706361298 19
    endloop
  endfacet
  facet normal 0.31730465640509914 0.948323655206197 0
    outer loop
      vertex 13.128677106876 133.92992619039208 0
      vertex 12.814205065314024 134.03514706361298 19
      vertex 13.128677106876 133.92992619039208 19
    endloop
  endfacet
  facet normal 0.30070579950424503 0.9537169507482358 0
    outer loop
      vertex 13.444937610268001 133.83020963670234 0
      vertex 13.128677106876 133.92992619039208 19
      vertex 13.444937610268001 133.83020963670234 19
    endloop
  endfacet
  facet normal 0.28401534470390916 0.958819734868197 0
    outer loop
      vertex 13.762890239477017 133.73602777717196 0
      vertex 13.444937610268001 133.83020963670234 19
      vertex 13.762890239477017 133.73602777717196 19
    endloop
  endfacet
  facet normal 0.267238376078253 0.9636304532086241 0
    outer loop
      vertex 14.082438143052105 133.64740930050772 0
      vertex 13.762890239477017 133.73602777717196 19
      vertex 14.082438143052105 133.64740930050772 19
    endloop
  endfacet
  facet normal 0.23344536385587636 0.9723699203976836 0
    outer loop
      vertex 14.725929967466566 133.48696876908053 0
      vertex 14.403483983606314 133.56438120075606 19
      vertex 14.725929967466566 133.48696876908053 19
    endloop
  endfacet
  facet normal 0.25038000405450433 0.9681476403780914 0
    outer loop
      vertex 14.403483983606314 133.56438120075606 0
      vertex 14.082438143052105 133.64740930050772 19
      vertex 14.403483983606314 133.56438120075606 19
    endloop
  endfacet
  facet normal 0.2164396139381556 0.9762960071199217 0
    outer loop
      vertex 15.049677874462573 133.41519558605768 0
      vertex 14.725929967466566 133.48696876908053 19
      vertex 15.049677874462573 133.41519558605768 19
    endloop
  endfacet
  facet normal 0.1993679344171221 0.9799247046208449 0
    outer loop
      vertex 15.374629087845648 133.3490835144944 0
      vertex 15.049677874462573 133.41519558605768 19
      vertex 15.374629087845648 133.3490835144944 19
    endloop
  endfacet
  facet normal 0.18223552549220104 0.9832549075639446 0
    outer loop
      vertex 15.700684624328323 133.28865269276804 0
      vertex 15.374629087845648 133.3490835144944 19
      vertex 15.700684624328323 133.28865269276804 19
    endloop
  endfacet
  facet normal 0.16504760586067144 0.9862856015372324 0
    outer loop
      vertex 16.027745164235615 133.23392152869238 0
      vertex 15.700684624328323 133.28865269276804 19
      vertex 16.027745164235615 133.23392152869238 19
    endloop
  endfacet
  facet normal 0.14780941112959275 0.9890158633619195 0
    outer loop
      vertex 16.355711081758756 133.18490669391016 0
      vertex 16.027745164235615 133.23392152869238 19
      vertex 16.355711081758756 133.18490669391016 19
    endloop
  endfacet
  facet normal 0.13052619222002404 0.9914448613738139 0
    outer loop
      vertex 16.684482475302197 133.1416231188149 0
      vertex 16.355711081758756 133.18490669391016 19
      vertex 16.684482475302197 133.1416231188149 19
    endloop
  endfacet
  facet normal 0.11320321376795915 0.9935718556765817 0
    outer loop
      vertex 17.013959197914584 133.1040839880028 0
      vertex 16.684482475302197 133.1416231188149 19
      vertex 17.013959197914584 133.1040839880028 19
    endloop
  endfacet
  facet normal 0.09584575252019935 0.9953961983671812 0
    outer loop
      vertex 17.344040887794495 133.07230073625684 0
      vertex 17.013959197914584 133.1040839880028 19
      vertex 17.344040887794495 133.07230073625684 19
    endloop
  endfacet
  facet normal 0.0784590957278216 0.9969173337331299 0
    outer loop
      vertex 17.67462699886162 133.04628304506335 0
      vertex 17.344040887794495 133.07230073625684 19
      vertex 17.67462699886162 133.04628304506335 19
    endloop
  endfacet
  facet normal 0.06104853953486638 0.9981347984218664 0
    outer loop
      vertex 18.005616831384067 133.0260388396631 0
      vertex 17.67462699886162 133.04628304506335 19
      vertex 18.005616831384067 133.0260388396631 19
    endloop
  endfacet
  facet normal 0.043619387365383386 0.9990482215818557 0
    outer loop
      vertex 18.336909562652483 133.01157428663717 0
      vertex 18.005616831384067 133.0260388396631 19
      vertex 18.336909562652483 133.01157428663717 19
    endloop
  endfacet
  facet normal 0.02617694830782191 0.9996573249755586 0
    outer loop
      vertex 18.668404277691614 133.00289379202857 0
      vertex 18.336909562652483 133.01157428663717 19
      vertex 18.668404277691614 133.00289379202857 19
    endloop
  endfacet
  facet normal 0.008726535498392977 0.9999619230641712 0
    outer loop
      vertex 19 133 0
      vertex 18.668404277691614 133.00289379202857 19
      vertex 19 133 19
    endloop
  endfacet
  facet normal -0.008726535498392977 0.9999619230641712 0
    outer loop
      vertex 19.331595722308386 133.00289379202857 0
      vertex 19 133 19
      vertex 19.331595722308386 133.00289379202857 19
    endloop
  endfacet
  facet normal -0.02617694830782191 0.9996573249755586 0
    outer loop
      vertex 19.663090437347517 133.01157428663717 0
      vertex 19.331595722308386 133.00289379202857 19
      vertex 19.663090437347517 133.01157428663717 19
    endloop
  endfacet
  facet normal -0.043619387365383386 0.9990482215818557 0
    outer loop
      vertex 19.994383168615933 133.0260388396631 0
      vertex 19.663090437347517 133.01157428663717 19
      vertex 19.994383168615933 133.0260388396631 19
    endloop
  endfacet
  facet normal -0.06104853953486638 0.9981347984218664 0
    outer loop
      vertex 20.32537300113838 133.04628304506335 0
      vertex 19.994383168615933 133.0260388396631 19
      vertex 20.32537300113838 133.04628304506335 19
    endloop
  endfacet
  facet normal -0.0784590957278216 0.9969173337331299 0
    outer loop
      vertex 20.655959112205505 133.07230073625684 0
      vertex 20.32537300113838 133.04628304506335 19
      vertex 20.655959112205505 133.07230073625684 19
    endloop
  endfacet
  facet normal -0.09584575252019935 0.9953961983671812 0
    outer loop
      vertex 20.986040802085416 133.1040839880028 0
      vertex 20.655959112205505 133.07230073625684 19
      vertex 20.986040802085416 133.1040839880028 19
    endloop
  endfacet
  facet normal -0.11320321376795915 0.9935718556765817 0
    outer loop
      vertex 21.315517524697803 133.1416231188149 0
      vertex 20.986040802085416 133.1040839880028 19
      vertex 21.315517524697803 133.1416231188149 19
    endloop
  endfacet
  facet normal -0.13052619222002404 0.9914448613738139 0
    outer loop
      vertex 21.644288918241244 133.18490669391016 0
      vertex 21.315517524697803 133.1416231188149 19
      vertex 21.644288918241244 133.18490669391016 19
    endloop
  endfacet
  facet normal 0.9304175679820232 0.3665012267243005 0
    outer loop
      vertex 1.3835067632310398 144.88247472509767 0
      vertex 1.2619718965531668 145.1910089586393 19
      vertex 1.3835067632310398 144.88247472509767 19
    endloop
  endfacet
  facet normal 0.9238795325112883 0.38268343236508656 0
    outer loop
      vertex 1.5104077844036325 144.5761085587038 0
      vertex 1.3835067632310398 144.88247472509767 19
      vertex 1.5104077844036325 144.5761085587038 19
    endloop
  endfacet
  facet normal 0.9170600743851214 0.39874906892525247 0
    outer loop
      vertex 1.6426363047905852 144.2720037815598 0
      vertex 1.5104077844036325 144.5761085587038 19
      vertex 1.6426363047905852 144.2720037815598 19
    endloop
  endfacet
  facet normal 0.9366721892483941 0.3502073812594767 0
    outer loop
      vertex 1.2619718965531668 145.1910089586393 0
      vertex 1.1458402050677385 145.50161727681228 19
      vertex 1.2619718965531668 145.1910089586393 19
    endloop
  endfacet
  facet normal 0.9426414910921785 0.3338068592337704 0
    outer loop
      vertex 1.1458402050677385 145.50161727681228 0
      vertex 1.0351470636129783 145.814205065314 19
      vertex 1.1458402050677385 145.50161727681228 19
    endloop
  endfacet
  facet normal 0.9483236552062104 0.31730465640505895 0
    outer loop
      vertex 1.0351470636129783 145.814205065314 0
      vertex 0.9299261903920844 146.128677106876 19
      vertex 1.0351470636129783 145.814205065314 19
    endloop
  endfacet
  facet normal 0.9537169507482226 0.3007057995042865 0
    outer loop
      vertex 0.9299261903920844 146.128677106876 0
      vertex 0.8302096367023282 146.444937610268 19
      vertex 0.9299261903920844 146.128677106876 19
    endloop
  endfacet
  facet normal 0.8949343616020241 0.4461978131098106 0
    outer loop
      vertex 2.070876040421009 143.3741805049486 0
      vertex 1.922913120315826 143.67094821100753 19
      vertex 2.070876040421009 143.3741805049486 19
    endloop
  endfacet
  facet normal 0.8788171126619773 0.47715876025958653 0
    outer loop
      vertex 2.3822255643514794 142.7886172153196 0
      vertex 2.2239957356803863 143.0800403070681 19
      vertex 2.3822255643514794 142.7886172153196 19
    endloop
  endfacet
  facet normal 0.8870108331782137 0.46174861323504923 0
    outer loop
      vertex 2.2239957356803863 143.0800403070681 0
      vertex 2.070876040421009 143.3741805049486 19
      vertex 2.2239957356803863 143.0800403070681 19
    endloop
  endfacet
  facet normal 0.8338858220671641 0.5519369853120644 0
    outer loop
      vertex 3.248286121454207 141.37533483405582 0
      vertex 3.0652592090369435 141.6518583347145 19
      vertex 3.248286121454207 141.37533483405582 19
    endloop
  endfacet
  facet normal 0.8526401643540968 0.5224985647159414 0
    outer loop
      vertex 2.8870861730279067 141.9315339795691 0
      vertex 2.713821286659865 142.21427657670898 19
      vertex 2.8870861730279067 141.9315339795691 19
    endloop
  endfacet
  facet normal 0.8433914458128859 0.5372996083468236 0
    outer loop
      vertex 3.0652592090369435 141.6518583347145 0
      vertex 2.8870861730279067 141.9315339795691 19
      vertex 3.0652592090369435 141.6518583347145 19
    endloop
  endfacet
  facet normal 0.8703556959398935 0.49242356010347804 0
    outer loop
      vertex 2.5455173280956664 142.5 0
      vertex 2.3822255643514794 142.7886172153196 19
      vertex 2.5455173280956664 142.5 19
    endloop
  endfacet
  facet normal 0.8616291604415189 0.5075383629607159 0
    outer loop
      vertex 2.713821286659865 142.21427657670898 0
      vertex 2.5455173280956664 142.5 19
      vertex 2.713821286659865 142.21427657670898 19
    endloop
  endfacet
  facet normal 0.9099612708765398 0.4146932426562465 0
    outer loop
      vertex 1.7801520463036518 143.9702530269267 0
      vertex 1.6426363047905852 144.2720037815598 19
      vertex 1.7801520463036518 143.9702530269267 19
    endloop
  endfacet
  facet normal 0.9025852843498654 0.43051109680828503 0
    outer loop
      vertex 1.922913120315826 143.67094821100753 0
      vertex 1.7801520463036518 143.9702530269267 19
      vertex 1.922913120315826 143.67094821100753 19
    endloop
  endfacet
  facet normal 0.9953961983671797 0.09584575252021446 0
    outer loop
      vertex 0.10408398800280594 150.01395919791457 0
      vertex 0.07230073625683531 150.3440408877945 19
      vertex 0.10408398800280594 150.01395919791457 19
    endloop
  endfacet
  facet normal 0.9969173337331279 0.07845909572784708 0
    outer loop
      vertex 0.07230073625683531 150.3440408877945 0
      vertex 0.04628304506334047 150.6746269988616 19
      vertex 0.07230073625683531 150.3440408877945 19
    endloop
  endfacet
  facet normal 0.998134798421867 0.06104853953485571 0
    outer loop
      vertex 0.04628304506334047 150.6746269988616 0
      vertex 0.026038839663097946 151.00561683138406 19
      vertex 0.04628304506334047 150.6746269988616 19
    endloop
  endfacet
  facet normal 0.9990482215818577 0.04361938736533828 0
    outer loop
      vertex 0.026038839663097946 151.00561683138406 0
      vertex 0.011574286637181075 151.3369095626525 19
      vertex 0.026038839663097946 151.00561683138406 19
    endloop
  endfacet
  facet normal 0.9996573249755573 0.02617694830787572 0
    outer loop
      vertex 0.011574286637181075 151.3369095626525 0
      vertex 0.002893792028565656 151.66840427769162 19
      vertex 0.011574286637181075 151.3369095626525 19
    endloop
  endfacet
  facet normal 0.9999619230641713 0.008726535498371739 0
    outer loop
      vertex 0.002893792028565656 151.66840427769162 0
      vertex 0 152 19
      vertex 0.002893792028565656 151.66840427769162 19
    endloop
  endfacet
  facet normal 0.9999619230641713 -0.008726535498371739 0
    outer loop
      vertex 0 152 0
      vertex 0.002893792028565656 152.33159572230838 19
      vertex 0 152 19
    endloop
  endfacet
  facet normal 0.9996573249755573 -0.02617694830787572 0
    outer loop
      vertex 0.002893792028565656 152.33159572230838 0
      vertex 0.011574286637181075 152.6630904373475 19
      vertex 0.002893792028565656 152.33159572230838 19
    endloop
  endfacet
  facet normal 0.9990482215818577 -0.04361938736533828 0
    outer loop
      vertex 0.011574286637181075 152.6630904373475 0
      vertex 0.026038839663097946 152.99438316861594 19
      vertex 0.011574286637181075 152.6630904373475 19
    endloop
  endfacet
  facet normal 0.998134798421867 -0.06104853953485571 0
    outer loop
      vertex 0.026038839663097946 152.99438316861594 0
      vertex 0.04628304506334047 153.3253730011384 19
      vertex 0.026038839663097946 152.99438316861594 19
    endloop
  endfacet
  facet normal 0.9969173337331279 -0.07845909572784708 0
    outer loop
      vertex 0.04628304506334047 153.3253730011384 0
      vertex 0.07230073625683531 153.6559591122055 19
      vertex 0.04628304506334047 153.3253730011384 19
    endloop
  endfacet
  facet normal 0.9953961983671797 -0.09584575252021446 0
    outer loop
      vertex 0.07230073625683531 153.6559591122055 0
      vertex 0.10408398800280594 153.98604080208543 19
      vertex 0.07230073625683531 153.6559591122055 19
    endloop
  endfacet
  facet normal 0.9762960071199327 0.21643961393810568 0
    outer loop
      vertex 0.48696876908053 147.72592996746656 0
      vertex 0.4151955860576919 148.04967787446256 19
      vertex 0.48696876908053 147.72592996746656 19
    endloop
  endfacet
  facet normal 0.9681476403781064 0.25038000405444666 0
    outer loop
      vertex 0.6474093005077037 147.08243814305212 0
      vertex 0.5643812007560669 147.40348398360632 19
      vertex 0.6474093005077037 147.08243814305212 19
    endloop
  endfacet
  facet normal 0.9588197348681882 0.2840153447039391 0
    outer loop
      vertex 0.8302096367023282 146.444937610268 0
      vertex 0.736027777171941 146.762890239477 19
      vertex 0.8302096367023282 146.444937610268 19
    endloop
  endfacet
  facet normal 0.9636304532086295 0.2672383760782337 0
    outer loop
      vertex 0.736027777171941 146.762890239477 0
      vertex 0.6474093005077037 147.08243814305212 19
      vertex 0.736027777171941 146.762890239477 19
    endloop
  endfacet
  facet normal 0.9723699203976732 0.2334453638559189 0
    outer loop
      vertex 0.5643812007560669 147.40348398360632 0
      vertex 0.48696876908053 147.72592996746656 19
      vertex 0.5643812007560669 147.40348398360632 19
    endloop
  endfacet
  facet normal 0.9799247046208317 0.1993679344171868 0
    outer loop
      vertex 0.4151955860576919 148.04967787446256 0
      vertex 0.3490835144943851 148.37462908784565 19
      vertex 0.4151955860576919 148.04967787446256 19
    endloop
  endfacet
  facet normal 0.9832549075639538 0.18223552549215216 0
    outer loop
      vertex 0.3490835144943851 148.37462908784565 0
      vertex 0.2886526927680464 148.70068462432832 19
      vertex 0.3490835144943851 148.37462908784565 19
    endloop
  endfacet
  facet normal 0.9862856015372321 0.16504760586067402 0
    outer loop
      vertex 0.2886526927680464 148.70068462432832 0
      vertex 0.23392152869238103 149.02774516423563 19
      vertex 0.2886526927680464 148.70068462432832 19
    endloop
  endfacet
  facet normal 0.9890158633619172 0.1478094111296079 0
    outer loop
      vertex 0.23392152869238103 149.02774516423563 0
      vertex 0.18490669391016468 149.35571108175876 19
      vertex 0.23392152869238103 149.02774516423563 19
    endloop
  endfacet
  facet normal 0.9914448613738096 0.13052619222005843 0
    outer loop
      vertex 0.18490669391016468 149.35571108175876 0
      vertex 0.14162311881488066 149.6844824753022 19
      vertex 0.18490669391016468 149.35571108175876 19
    endloop
  endfacet
  facet normal 0.9935718556765875 0.11320321376790747 0
    outer loop
      vertex 0.14162311881488066 149.6844824753022 0
      vertex 0.10408398800280594 150.01395919791457 19
      vertex 0.14162311881488066 149.6844824753022 19
    endloop
  endfacet
  facet normal 0.9935718556765875 -0.11320321376790747 0
    outer loop
      vertex 0.10408398800280594 153.98604080208543 0
      vertex 0.14162311881488066 154.3155175246978 19
      vertex 0.10408398800280594 153.98604080208543 19
    endloop
  endfacet
  facet normal 0.9914448613738096 -0.13052619222005843 0
    outer loop
      vertex 0.14162311881488066 154.3155175246978 0
      vertex 0.18490669391016468 154.64428891824124 19
      vertex 0.14162311881488066 154.3155175246978 19
    endloop
  endfacet
  facet normal 0.9890158633619172 -0.1478094111296079 0
    outer loop
      vertex 0.18490669391016468 154.64428891824124 0
      vertex 0.23392152869238103 154.97225483576437 19
      vertex 0.18490669391016468 154.64428891824124 19
    endloop
  endfacet
  facet normal 0.9862856015372321 -0.16504760586067402 0
    outer loop
      vertex 0.23392152869238103 154.97225483576437 0
      vertex 0.2886526927680464 155.29931537567168 19
      vertex 0.23392152869238103 154.97225483576437 19
    endloop
  endfacet
  facet normal 0.9832549075639538 -0.18223552549215216 0
    outer loop
      vertex 0.2886526927680464 155.29931537567168 0
      vertex 0.3490835144943851 155.62537091215435 19
      vertex 0.2886526927680464 155.29931537567168 19
    endloop
  endfacet
  facet normal 0.9799247046208317 -0.1993679344171868 0
    outer loop
      vertex 0.3490835144943851 155.62537091215435 0
      vertex 0.4151955860576919 155.95032212553744 19
      vertex 0.3490835144943851 155.62537091215435 19
    endloop
  endfacet
  facet normal 0.9762960071199327 -0.21643961393810568 0
    outer loop
      vertex 0.4151955860576919 155.95032212553744 0
      vertex 0.48696876908053 156.27407003253344 19
      vertex 0.4151955860576919 155.95032212553744 19
    endloop
  endfacet
  facet normal 0.9723699203976732 -0.2334453638559189 0
    outer loop
      vertex 0.48696876908053 156.27407003253344 0
      vertex 0.5643812007560669 156.59651601639368 19
      vertex 0.48696876908053 156.27407003253344 19
    endloop
  endfacet
  facet normal 0.9681476403781064 -0.25038000405444666 0
    outer loop
      vertex 0.5643812007560669 156.59651601639368 0
      vertex 0.6474093005077037 156.91756185694788 19
      vertex 0.5643812007560669 156.59651601639368 19
    endloop
  endfacet
  facet normal 0.9636304532086295 -0.2672383760782337 0
    outer loop
      vertex 0.6474093005077037 156.91756185694788 0
      vertex 0.736027777171941 157.237109760523 19
      vertex 0.6474093005077037 156.91756185694788 19
    endloop
  endfacet
  facet normal 0.9588197348681882 -0.2840153447039391 0
    outer loop
      vertex 0.736027777171941 157.237109760523 0
      vertex 0.8302096367023282 157.555062389732 19
      vertex 0.736027777171941 157.237109760523 19
    endloop
  endfacet
  facet normal 0.9537169507482226 -0.3007057995042865 0
    outer loop
      vertex 0.8302096367023282 157.555062389732 0
      vertex 0.9299261903920844 157.871322893124 19
      vertex 0.8302096367023282 157.555062389732 19
    endloop
  endfacet
  facet normal 0.9483236552062104 -0.31730465640505895 0
    outer loop
      vertex 0.9299261903920844 157.871322893124 0
      vertex 1.0351470636129783 158.185794934686 19
      vertex 0.9299261903920844 157.871322893124 19
    endloop
  endfacet
  facet normal 0.8038568606172293 0.594822786751325 0
    outer loop
      vertex 3.825925309101436 140.56551456011107 0
      vertex 3.6286771068759975 140.832080206443 19
      vertex 3.825925309101436 140.56551456011107 19
    endloop
  endfacet
  facet normal 0.7933533402912106 0.6087614290087526 0
    outer loop
      vertex 4.027795681472284 140.3024319688125 0
      vertex 3.825925309101436 140.56551456011107 19
      vertex 4.027795681472284 140.3024319688125 19
    endloop
  endfacet
  facet normal 0.782608156852423 0.6225146366376083 0
    outer loop
      vertex 4.234226732317552 140.0429125700531 0
      vertex 4.027795681472284 140.3024319688125 19
      vertex 4.234226732317552 140.0429125700531 19
    endloop
  endfacet
  facet normal 0.7716245833877162 0.6360782202777685 0
    outer loop
      vertex 4.445155580739417 139.78703541595576 0
      vertex 4.234226732317552 140.0429125700531 19
      vertex 4.445155580739417 139.78703541595576 19
    endloop
  endfacet
  facet normal 0.7604059656000443 0.6494480483301679 0
    outer loop
      vertex 4.660517975767332 139.53487844918035 0
      vertex 4.445155580739417 139.78703541595576 19
      vertex 4.660517975767332 139.53487844918035 19
    endloop
  endfacet
  facet normal 0.7372773368101155 0.6755902076156695 0
    outer loop
      vertex 5.104279669235762 139.04203115881253 0
      vertex 4.88024831592951 139.2865184791817 19
      vertex 5.104279669235762 139.04203115881253 19
    endloop
  endfacet
  facet normal 0.7253743710122915 0.6883545756937498 0
    outer loop
      vertex 5.332543793565627 138.80149096127906 0
      vertex 5.104279669235762 139.04203115881253 19
      vertex 5.332543793565627 138.80149096127906 19
    endloop
  endfacet
  facet normal 0.7132504491541807 0.700909264299852 0
    outer loop
      vertex 5.564971157455597 138.5649711574556 0
      vertex 5.332543793565627 138.80149096127906 19
      vertex 5.564971157455597 138.5649711574556 19
    endloop
  endfacet
  facet normal 0.7489557207889914 0.6626200482157496 0
    outer loop
      vertex 4.88024831592951 139.2865184791817 0
      vertex 4.660517975767332 139.53487844918035 19
      vertex 4.88024831592951 139.2865184791817 19
    endloop
  endfacet
  facet normal 0.7009092642998492 0.7132504491541832 0
    outer loop
      vertex 5.801490961279052 138.33254379356563 0
      vertex 5.564971157455597 138.5649711574556 19
      vertex 5.801490961279052 138.33254379356563 19
    endloop
  endfacet
  facet normal 0.688354575693778 0.7253743710122648 0
    outer loop
      vertex 6.042031158812529 138.10427966923575 0
      vertex 5.801490961279052 138.33254379356563 19
      vertex 6.042031158812529 138.10427966923575 19
    endloop
  endfacet
  facet normal 0.6755902076156266 0.7372773368101551 0
    outer loop
      vertex 6.286518479181694 137.88024831592952 0
      vertex 6.042031158812529 138.10427966923575 19
      vertex 6.286518479181694 137.88024831592952 19
    endloop
  endfacet
  facet normal 0.8241261886220255 0.5664062369248186 0
    outer loop
      vertex 3.4361111585091564 141.10204770933012 0
      vertex 3.248286121454207 141.37533483405582 19
      vertex 3.4361111585091564 141.10204770933012 19
    endloop
  endfacet
  facet normal 0.8141155183563208 0.5807029557109376 0
    outer loop
      vertex 3.6286771068759975 140.832080206443 0
      vertex 3.4361111585091564 141.10204770933012 19
      vertex 3.6286771068759975 140.832080206443 19
    endloop
  endfacet
  facet normal 0.662620048215754 0.7489557207889876 0
    outer loop
      vertex 6.534878449180361 137.66051797576733 0
      vertex 6.286518479181694 137.88024831592952 19
      vertex 6.534878449180361 137.66051797576733 19
    endloop
  endfacet
  facet normal 0.6494480483301719 0.760405965600041 0
    outer loop
      vertex 6.787035415955755 137.44515558073942 0
      vertex 6.534878449180361 137.66051797576733 19
      vertex 6.787035415955755 137.44515558073942 19
    endloop
  endfacet
  facet normal 0.6360782202777786 0.7716245833877078 0
    outer loop
      vertex 7.04291257005309 137.23422673231755 0
      vertex 6.787035415955755 137.44515558073942 19
      vertex 7.04291257005309 137.23422673231755 19
    endloop
  endfacet
  facet normal 0.6225146366375923 0.7826081568524355 0
    outer loop
      vertex 7.302431968812492 137.0277956814723 0
      vertex 7.04291257005309 137.23422673231755 19
      vertex 7.302431968812492 137.0277956814723 19
    endloop
  endfacet
  facet normal 0.6087614290087756 0.7933533402911931 0
    outer loop
      vertex 7.565514560111083 136.82592530910142 0
      vertex 7.302431968812492 137.0277956814723 19
      vertex 7.565514560111083 136.82592530910142 19
    endloop
  endfacet
  facet normal 0.5948227867512903 0.8038568606172551 0
    outer loop
      vertex 7.83208020644301 136.628677106876 0
      vertex 7.565514560111083 136.82592530910142 19
      vertex 7.83208020644301 136.628677106876 19
    endloop
  endfacet
  facet normal 0.5664062369248412 0.82412618862201 0
    outer loop
      vertex 8.375334834055808 136.2482861214542 0
      vertex 8.102047709330126 136.43611115850916 19
      vertex 8.375334834055808 136.2482861214542 19
    endloop
  endfacet
  facet normal 0.5519369853120483 0.8338858220671747 0
    outer loop
      vertex 8.651858334714486 136.06525920903695 0
      vertex 8.375334834055808 136.2482861214542 19
      vertex 8.651858334714486 136.06525920903695 19
    endloop
  endfacet
  facet normal 0.5807029557109467 0.8141155183563143 0
    outer loop
      vertex 8.102047709330126 136.43611115850916 0
      vertex 7.83208020644301 136.628677106876 19
      vertex 8.102047709330126 136.43611115850916 19
    endloop
  endfacet
  facet normal 0.537299608346835 0.8433914458128786 0
    outer loop
      vertex 8.931533979569107 135.8870861730279 0
      vertex 8.651858334714486 136.06525920903695 19
      vertex 8.931533979569107 135.8870861730279 19
    endloop
  endfacet
  facet normal 0.5224985647159299 0.8526401643541038 0
    outer loop
      vertex 9.21427657670897 135.71382128665988 0
      vertex 8.931533979569107 135.8870861730279 19
      vertex 9.21427657670897 135.71382128665988 19
    endloop
  endfacet
  facet normal 0.9426414910921785 -0.3338068592337704 0
    outer loop
      vertex 1.0351470636129783 158.185794934686 0
      vertex 1.1458402050677385 158.49838272318772 19
      vertex 1.0351470636129783 158.185794934686 19
    endloop
  endfacet
  facet normal 0.9366721892483941 -0.3502073812594767 0
    outer loop
      vertex 1.1458402050677385 158.49838272318772 0
      vertex 1.2619718965531668 158.8089910413607 19
      vertex 1.1458402050677385 158.49838272318772 19
    endloop
  endfacet
  facet normal 0.9304175679820232 -0.3665012267243005 0
    outer loop
      vertex 1.2619718965531668 158.8089910413607 0
      vertex 1.3835067632310398 159.11752527490233 19
      vertex 1.2619718965531668 158.8089910413607 19
    endloop
  endfacet
  facet normal 0.9238795325112883 -0.38268343236508656 0
    outer loop
      vertex 1.3835067632310398 159.11752527490233 0
      vertex 1.5104077844036325 159.4238914412962 19
      vertex 1.3835067632310398 159.11752527490233 19
    endloop
  endfacet
  facet normal 0.9170600743851214 -0.39874906892525247 0
    outer loop
      vertex 1.5104077844036325 159.4238914412962 0
      vertex 1.6426363047905852 159.7279962184402 19
      vertex 1.5104077844036325 159.4238914412962 19
    endloop
  endfacet
  facet normal 0.9099612708765398 -0.4146932426562465 0
    outer loop
      vertex 1.6426363047905852 159.7279962184402 0
      vertex 1.7801520463036518 160.0297469730733 19
      vertex 1.6426363047905852 159.7279962184402 19
    endloop
  endfacet
  facet normal 0.9025852843498654 -0.43051109680828503 0
    outer loop
      vertex 1.7801520463036518 160.0297469730733 0
      vertex 1.922913120315826 160.32905178899247 19
      vertex 1.7801520463036518 160.0297469730733 19
    endloop
  endfacet
  facet normal 0.8949343616020241 -0.4461978131098106 0
    outer loop
      vertex 1.922913120315826 160.32905178899247 0
      vertex 2.070876040421009 160.6258194950514 19
      vertex 1.922913120315826 160.32905178899247 19
    endloop
  endfacet
  facet normal 0.8870108331782137 -0.46174861323504923 0
    outer loop
      vertex 2.070876040421009 160.6258194950514 0
      vertex 2.2239957356803863 160.9199596929319 19
      vertex 2.070876040421009 160.6258194950514 19
    endloop
  endfacet
  facet normal 0.8788171126619773 -0.47715876025958653 0
    outer loop
      vertex 2.2239957356803863 160.9199596929319 0
      vertex 2.3822255643514794 161.2113827846804 19
      vertex 2.2239957356803863 160.9199596929319 19
    endloop
  endfacet
  facet normal 0.8703556959398935 -0.49242356010347804 0
    outer loop
      vertex 2.3822255643514794 161.2113827846804 0
      vertex 2.5455173280956664 161.5 19
      vertex 2.3822255643514794 161.2113827846804 19
    endloop
  endfacet
  facet normal 0.8616291604415189 -0.5075383629607159 0
    outer loop
      vertex 2.5455173280956664 161.5 0
      vertex 2.713821286659865 161.78572342329102 19
      vertex 2.5455173280956664 161.5 19
    endloop
  endfacet
  facet normal 0.8526401643540968 -0.5224985647159414 0
    outer loop
      vertex 2.713821286659865 161.78572342329102 0
      vertex 2.8870861730279067 162.0684660204309 19
      vertex 2.713821286659865 161.78572342329102 19
    endloop
  endfacet
  facet normal 0.8433914458128859 -0.5372996083468236 0
    outer loop
      vertex 2.8870861730279067 162.0684660204309 0
      vertex 3.0652592090369435 162.3481416652855 19
      vertex 2.8870861730279067 162.0684660204309 19
    endloop
  endfacet
  facet normal 0.8338858220671641 -0.5519369853120644 0
    outer loop
      vertex 3.0652592090369435 162.3481416652855 0
      vertex 3.248286121454207 162.62466516594418 19
      vertex 3.0652592090369435 162.3481416652855 19
    endloop
  endfacet
  facet normal 0.8241261886220255 -0.5664062369248186 0
    outer loop
      vertex 3.248286121454207 162.62466516594418 0
      vertex 3.4361111585091564 162.89795229066988 19
      vertex 3.248286121454207 162.62466516594418 19
    endloop
  endfacet
  facet normal 0.8141155183563208 -0.5807029557109376 0
    outer loop
      vertex 3.4361111585091564 162.89795229066988 0
      vertex 3.6286771068759975 163.167919793557 19
      vertex 3.4361111585091564 162.89795229066988 19
    endloop
  endfacet
  facet normal 0.8038568606172293 -0.594822786751325 0
    outer loop
      vertex 3.6286771068759975 163.167919793557 0
      vertex 3.825925309101436 163.43448543988893 19
      vertex 3.6286771068759975 163.167919793557 19
    endloop
  endfacet
  facet normal 0.7933533402912106 -0.6087614290087526 0
    outer loop
      vertex 3.825925309101436 163.43448543988893 0
      vertex 4.027795681472284 163.6975680311875 19
      vertex 3.825925309101436 163.43448543988893 19
    endloop
  endfacet
  facet normal 0.782608156852423 -0.6225146366376083 0
    outer loop
      vertex 4.027795681472284 163.6975680311875 0
      vertex 4.234226732317552 163.9570874299469 19
      vertex 4.027795681472284 163.6975680311875 19
    endloop
  endfacet
  facet normal 0.7716245833877162 -0.6360782202777685 0
    outer loop
      vertex 4.234226732317552 163.9570874299469 0
      vertex 4.445155580739417 164.21296458404424 19
      vertex 4.234226732317552 163.9570874299469 19
    endloop
  endfacet
  facet normal 0.7604059656000443 -0.6494480483301679 0
    outer loop
      vertex 4.445155580739417 164.21296458404424 0
      vertex 4.660517975767332 164.46512155081965 19
      vertex 4.445155580739417 164.21296458404424 19
    endloop
  endfacet
  facet normal 0.7489557207889914 -0.6626200482157496 0
    outer loop
      vertex 4.660517975767332 164.46512155081965 0
      vertex 4.88024831592951 164.7134815208183 19
      vertex 4.660517975767332 164.46512155081965 19
    endloop
  endfacet
  facet normal 0.7372773368101155 -0.6755902076156695 0
    outer loop
      vertex 4.88024831592951 164.7134815208183 0
      vertex 5.104279669235762 164.95796884118747 19
      vertex 4.88024831592951 164.7134815208183 19
    endloop
  endfacet
  facet normal 0.7253743710122915 -0.6883545756937498 0
    outer loop
      vertex 5.104279669235762 164.95796884118747 0
      vertex 5.332543793565627 165.19850903872094 19
      vertex 5.104279669235762 164.95796884118747 19
    endloop
  endfacet
  facet normal 0.7132504491541807 -0.700909264299852 0
    outer loop
      vertex 5.332543793565627 165.19850903872094 0
      vertex 5.564971157455597 165.4350288425444 19
      vertex 5.332543793565627 165.19850903872094 19
    endloop
  endfacet
  facet normal 0.7009092642998492 -0.7132504491541832 0
    outer loop
      vertex 5.564971157455597 165.4350288425444 0
      vertex 5.801490961279052 165.66745620643437 19
      vertex 5.564971157455597 165.4350288425444 19
    endloop
  endfacet
  facet normal 0.688354575693778 -0.7253743710122648 0
    outer loop
      vertex 5.801490961279052 165.66745620643437 0
      vertex 6.042031158812529 165.89572033076425 19
      vertex 5.801490961279052 165.66745620643437 19
    endloop
  endfacet
  facet normal 0.6755902076156266 -0.7372773368101551 0
    outer loop
      vertex 6.042031158812529 165.89572033076425 0
      vertex 6.286518479181694 166.11975168407048 19
      vertex 6.042031158812529 165.89572033076425 19
    endloop
  endfacet
  facet normal 0.662620048215754 -0.7489557207889876 0
    outer loop
      vertex 6.286518479181694 166.11975168407048 0
      vertex 6.534878449180361 166.33948202423267 19
      vertex 6.286518479181694 166.11975168407048 19
    endloop
  endfacet
  facet normal 0.6494480483301719 -0.760405965600041 0
    outer loop
      vertex 6.534878449180361 166.33948202423267 0
      vertex 6.787035415955755 166.55484441926058 19
      vertex 6.534878449180361 166.33948202423267 19
    endloop
  endfacet
  facet normal 0.6360782202777786 -0.7716245833877078 0
    outer loop
      vertex 6.787035415955755 166.55484441926058 0
      vertex 7.04291257005309 166.76577326768245 19
      vertex 6.787035415955755 166.55484441926058 19
    endloop
  endfacet
  facet normal 0.6225146366375923 -0.7826081568524355 0
    outer loop
      vertex 7.04291257005309 166.76577326768245 0
      vertex 7.302431968812492 166.9722043185277 19
      vertex 7.04291257005309 166.76577326768245 19
    endloop
  endfacet
  facet normal 0.6087614290087756 -0.7933533402911931 0
    outer loop
      vertex 7.302431968812492 166.9722043185277 0
      vertex 7.565514560111083 167.17407469089858 19
      vertex 7.302431968812492 166.9722043185277 19
    endloop
  endfacet
  facet normal 0.5948227867512903 -0.8038568606172551 0
    outer loop
      vertex 7.565514560111083 167.17407469089858 0
      vertex 7.83208020644301 167.371322893124 19
      vertex 7.565514560111083 167.17407469089858 19
    endloop
  endfacet
  facet normal 0.5807029557109467 -0.8141155183563143 0
    outer loop
      vertex 7.83208020644301 167.371322893124 0
      vertex 8.102047709330126 167.56388884149084 19
      vertex 7.83208020644301 167.371322893124 19
    endloop
  endfacet
  facet normal 0.5664062369248412 -0.82412618862201 0
    outer loop
      vertex 8.102047709330126 167.56388884149084 0
      vertex 8.375334834055808 167.7517138785458 19
      vertex 8.102047709330126 167.56388884149084 19
    endloop
  endfacet
  facet normal 0.5519369853120483 -0.8338858220671747 0
    outer loop
      vertex 8.375334834055808 167.7517138785458 0
      vertex 8.651858334714486 167.93474079096305 19
      vertex 8.375334834055808 167.7517138785458 19
    endloop
  endfacet
  facet normal 0.537299608346835 -0.8433914458128786 0
    outer loop
      vertex 8.651858334714486 167.93474079096305 0
      vertex 8.931533979569107 168.1129138269721 19
      vertex 8.651858334714486 167.93474079096305 19
    endloop
  endfacet
  facet normal 0.5224985647159299 -0.8526401643541038 0
    outer loop
      vertex 8.931533979569107 168.1129138269721 0
      vertex 9.21427657670897 168.28617871334012 19
      vertex 8.931533979569107 168.1129138269721 19
    endloop
  endfacet
  facet normal 0.507538362960755 -0.8616291604414956 0
    outer loop
      vertex 9.21427657670897 168.28617871334012 0
      vertex 9.5 168.45448267190434 19
      vertex 9.21427657670897 168.28617871334012 19
    endloop
  endfacet
  facet normal 0.507538362960755 0.8616291604414956 0
    outer loop
      vertex 9.5 135.54551732809566 0
      vertex 9.21427657670897 135.71382128665988 19
      vertex 9.5 135.54551732809566 19
    endloop
  endfacet
  facet normal 0.492423560103463 0.870355695939902 0
    outer loop
      vertex 9.788617215319595 135.38222556435147 0
      vertex 9.5 135.54551732809566 19
      vertex 9.788617215319595 135.38222556435147 19
    endloop
  endfacet
  facet normal 0.4771587602596195 0.8788171126619593 0
    outer loop
      vertex 10.080040307068074 135.22399573568038 0
      vertex 9.788617215319595 135.38222556435147 19
      vertex 10.080040307068074 135.22399573568038 19
    endloop
  endfacet
  facet normal 0.4617486132350002 0.8870108331782393 0
    outer loop
      vertex 10.37418050494861 135.070876040421 0
      vertex 10.080040307068074 135.22399573568038 19
      vertex 10.37418050494861 135.070876040421 19
    endloop
  endfacet
  facet normal 0.492423560103463 -0.870355695939902 0
    outer loop
      vertex 9.5 168.45448267190434 0
      vertex 9.788617215319595 168.61777443564853 19
      vertex 9.5 168.45448267190434 19
    endloop
  endfacet
  facet normal 0.4771587602596195 -0.8788171126619593 0
    outer loop
      vertex 9.788617215319595 168.61777443564853 0
      vertex 10.080040307068074 168.77600426431962 19
      vertex 9.788617215319595 168.61777443564853 19
    endloop
  endfacet
  facet normal 0.4617486132350002 -0.8870108331782393 0
    outer loop
      vertex 10.080040307068074 168.77600426431962 0
      vertex 10.37418050494861 168.929123959579 19
      vertex 10.080040307068074 168.77600426431962 19
    endloop
  endfacet
  facet normal 0.44619781310981493 -0.894934361602022 0
    outer loop
      vertex 10.37418050494861 168.929123959579 0
      vertex 10.670948211007529 169.07708687968417 19
      vertex 10.37418050494861 168.929123959579 19
    endloop
  endfacet
  facet normal 0.4305110968083154 -0.9025852843498509 0
    outer loop
      vertex 10.670948211007529 169.07708687968417 0
      vertex 10.970253026926711 169.21984795369636 19
      vertex 10.670948211007529 169.07708687968417 19
    endloop
  endfacet
  facet normal 0.4146932426562098 -0.9099612708765565 0
    outer loop
      vertex 10.970253026926711 169.21984795369636 0
      vertex 11.272003781559796 169.35736369520941 19
      vertex 10.970253026926711 169.21984795369636 19
    endloop
  endfacet
  facet normal 0.3987490689252383 -0.9170600743851274 0
    outer loop
      vertex 11.272003781559796 169.35736369520941 0
      vertex 11.576108558703798 169.48959221559636 19
      vertex 11.272003781559796 169.35736369520941 19
    endloop
  endfacet
  facet normal 0.38268343236513763 -0.9238795325112671 0
    outer loop
      vertex 11.576108558703798 169.48959221559636 0
      vertex 11.882474725097673 169.61649323676897 19
      vertex 11.576108558703798 169.48959221559636 19
    endloop
  endfacet
  facet normal 0.3665012267242356 -0.9304175679820489 0
    outer loop
      vertex 11.882474725097673 169.61649323676897 0
      vertex 12.191008958639294 169.73802810344682 19
      vertex 11.882474725097673 169.61649323676897 19
    endloop
  endfacet
  facet normal 0.350207381259492 -0.9366721892483885 0
    outer loop
      vertex 12.191008958639294 169.73802810344682 0
      vertex 12.501617276812294 169.85415979493226 19
      vertex 12.191008958639294 169.73802810344682 19
    endloop
  endfacet
  facet normal 0.3338068592337704 -0.9426414910921785 0
    outer loop
      vertex 12.501617276812294 169.85415979493226 0
      vertex 12.814205065314024 169.96485293638702 19
      vertex 12.501617276812294 169.85415979493226 19
    endloop
  endfacet
  facet normal 0.31730465640509914 -0.948323655206197 0
    outer loop
      vertex 12.814205065314024 169.96485293638702 0
      vertex 13.128677106876 170.07007380960792 19
      vertex 12.814205065314024 169.96485293638702 19
    endloop
  endfacet
  facet normal 0.30070579950424503 -0.9537169507482358 0
    outer loop
      vertex 13.128677106876 170.07007380960792 0
      vertex 13.444937610268001 170.16979036329766 19
      vertex 13.128677106876 170.07007380960792 19
    endloop
  endfacet
  facet normal 0.28401534470390916 -0.958819734868197 0
    outer loop
      vertex 13.444937610268001 170.16979036329766 0
      vertex 13.762890239477017 170.26397222282804 19
      vertex 13.444937610268001 170.16979036329766 19
    endloop
  endfacet
  facet normal 0.267238376078253 -0.9636304532086241 0
    outer loop
      vertex 13.762890239477017 170.26397222282804 0
      vertex 14.082438143052105 170.35259069949228 19
      vertex 13.762890239477017 170.26397222282804 19
    endloop
  endfacet
  facet normal 0.25038000405450433 -0.9681476403780914 0
    outer loop
      vertex 14.082438143052105 170.35259069949228 0
      vertex 14.403483983606314 170.43561879924394 19
      vertex 14.082438143052105 170.35259069949228 19
    endloop
  endfacet
  facet normal 0.23344536385587636 -0.9723699203976836 0
    outer loop
      vertex 14.403483983606314 170.43561879924394 0
      vertex 14.725929967466566 170.51303123091947 19
      vertex 14.403483983606314 170.43561879924394 19
    endloop
  endfacet
  facet normal 0.2164396139381556 -0.9762960071199217 0
    outer loop
      vertex 14.725929967466566 170.51303123091947 0
      vertex 15.049677874462573 170.58480441394232 19
      vertex 14.725929967466566 170.51303123091947 19
    endloop
  endfacet
  facet normal 0.1993679344171221 -0.9799247046208449 0
    outer loop
      vertex 15.049677874462573 170.58480441394232 0
      vertex 15.374629087845648 170.6509164855056 19
      vertex 15.049677874462573 170.58480441394232 19
    endloop
  endfacet
  facet normal 0.18223552549220104 -0.9832549075639446 0
    outer loop
      vertex 15.374629087845648 170.6509164855056 0
      vertex 15.700684624328323 170.71134730723196 19
      vertex 15.374629087845648 170.6509164855056 19
    endloop
  endfacet
  facet normal 0.16504760586067144 -0.9862856015372324 0
    outer loop
      vertex 15.700684624328323 170.71134730723196 0
      vertex 16.027745164235615 170.76607847130762 19
      vertex 15.700684624328323 170.71134730723196 19
    endloop
  endfacet
  facet normal 0.14780941112959275 -0.9890158633619195 0
    outer loop
      vertex 16.027745164235615 170.76607847130762 0
      vertex 16.355711081758756 170.81509330608984 19
      vertex 16.027745164235615 170.76607847130762 19
    endloop
  endfacet
  facet normal 0.13052619222002404 -0.9914448613738139 0
    outer loop
      vertex 16.355711081758756 170.81509330608984 0
      vertex 16.684482475302197 170.8583768811851 19
      vertex 16.355711081758756 170.81509330608984 19
    endloop
  endfacet
  facet normal 0.11320321376795915 -0.9935718556765817 0
    outer loop
      vertex 16.684482475302197 170.8583768811851 0
      vertex 17.013959197914584 170.8959160119972 19
      vertex 16.684482475302197 170.8583768811851 19
    endloop
  endfacet
  facet normal 0.09584575252019935 -0.9953961983671812 0
    outer loop
      vertex 17.013959197914584 170.8959160119972 0
      vertex 17.344040887794495 170.92769926374316 19
      vertex 17.013959197914584 170.8959160119972 19
    endloop
  endfacet
  facet normal 0.0784590957278216 -0.9969173337331299 0
    outer loop
      vertex 17.344040887794495 170.92769926374316 0
      vertex 17.67462699886162 170.95371695493665 19
      vertex 17.344040887794495 170.92769926374316 19
    endloop
  endfacet
  facet normal 0.06104853953486638 -0.9981347984218664 0
    outer loop
      vertex 17.67462699886162 170.95371695493665 0
      vertex 18.005616831384067 170.9739611603369 19
      vertex 17.67462699886162 170.95371695493665 19
    endloop
  endfacet
  facet normal 0.043619387365383386 -0.9990482215818557 0
    outer loop
      vertex 18.005616831384067 170.9739611603369 0
      vertex 18.336909562652483 170.98842571336283 19
      vertex 18.005616831384067 170.9739611603369 19
    endloop
  endfacet
  facet normal 0.02617694830782191 -0.9996573249755586 0
    outer loop
      vertex 18.336909562652483 170.98842571336283 0
      vertex 18.668404277691614 170.99710620797143 19
      vertex 18.336909562652483 170.98842571336283 19
    endloop
  endfacet
  facet normal 0.008726535498392977 -0.9999619230641712 0
    outer loop
      vertex 18.668404277691614 170.99710620797143 0
      vertex 19 171 19
      vertex 18.668404277691614 170.99710620797143 19
    endloop
  endfacet
  facet normal -0.008726535498392977 -0.9999619230641712 0
    outer loop
      vertex 19 171 0
      vertex 19.331595722308386 170.99710620797143 19
      vertex 19 171 19
    endloop
  endfacet
  facet normal -0.02617694830782191 -0.9996573249755586 0
    outer loop
      vertex 19.331595722308386 170.99710620797143 0
      vertex 19.663090437347517 170.98842571336283 19
      vertex 19.331595722308386 170.99710620797143 19
    endloop
  endfacet
  facet normal -0.043619387365383386 -0.9990482215818557 0
    outer loop
      vertex 19.663090437347517 170.98842571336283 0
      vertex 19.994383168615933 170.9739611603369 19
      vertex 19.663090437347517 170.98842571336283 19
    endloop
  endfacet
  facet normal -0.06104853953486638 -0.9981347984218664 0
    outer loop
      vertex 19.994383168615933 170.9739611603369 0
      vertex 20.32537300113838 170.95371695493665 19
      vertex 19.994383168615933 170.9739611603369 19
    endloop
  endfacet
  facet normal -0.09584575252019935 -0.9953961983671812 0
    outer loop
      vertex 20.655959112205505 170.92769926374316 0
      vertex 20.986040802085416 170.8959160119972 19
      vertex 20.655959112205505 170.92769926374316 19
    endloop
  endfacet
  facet normal -0.0784590957278216 -0.9969173337331299 0
    outer loop
      vertex 20.32537300113838 170.95371695493665 0
      vertex 20.655959112205505 170.92769926374316 19
      vertex 20.32537300113838 170.95371695493665 19
    endloop
  endfacet
  facet normal -0.11320321376795915 -0.9935718556765817 0
    outer loop
      vertex 20.986040802085416 170.8959160119972 0
      vertex 21.315517524697803 170.8583768811851 19
      vertex 20.986040802085416 170.8959160119972 19
    endloop
  endfacet
  facet normal -0.13052619222002404 -0.9914448613738139 0
    outer loop
      vertex 21.315517524697803 170.8583768811851 0
      vertex 21.644288918241244 170.81509330608984 19
      vertex 21.315517524697803 170.8583768811851 19
    endloop
  endfacet
  facet normal -0.14780941112959275 0.9890158633619195 0
    outer loop
      vertex 21.972254835764385 133.23392152869238 0
      vertex 21.644288918241244 133.18490669391016 19
      vertex 21.972254835764385 133.23392152869238 19
    endloop
  endfacet
  facet normal -0.1650476058606723 0.9862856015372322 0
    outer loop
      vertex 22.299315375671675 133.28865269276804 0
      vertex 21.972254835764385 133.23392152869238 19
      vertex 22.299315375671675 133.28865269276804 19
    endloop
  endfacet
  facet normal -0.1822355254922001 0.9832549075639448 0
    outer loop
      vertex 22.625370912154352 133.3490835144944 0
      vertex 22.299315375671675 133.28865269276804 19
      vertex 22.625370912154352 133.3490835144944 19
    endloop
  endfacet
  facet normal -0.19936793441712314 0.9799247046208446 0
    outer loop
      vertex 22.950322125537426 133.41519558605768 0
      vertex 22.625370912154352 133.3490835144944 19
      vertex 22.950322125537426 133.41519558605768 19
    endloop
  endfacet
  facet normal -0.21643961393815447 0.9762960071199218 0
    outer loop
      vertex 23.274070032533434 133.48696876908053 0
      vertex 22.950322125537426 133.41519558605768 19
      vertex 23.274070032533434 133.48696876908053 19
    endloop
  endfacet
  facet normal -0.23344536385587636 0.9723699203976836 0
    outer loop
      vertex 23.596516016393686 133.56438120075606 0
      vertex 23.274070032533434 133.48696876908053 19
      vertex 23.596516016393686 133.56438120075606 19
    endloop
  endfacet
  facet normal -0.25038000405450433 0.9681476403780914 0
    outer loop
      vertex 23.917561856947895 133.64740930050772 0
      vertex 23.596516016393686 133.56438120075606 19
      vertex 23.917561856947895 133.64740930050772 19
    endloop
  endfacet
  facet normal -0.267238376078253 0.9636304532086241 0
    outer loop
      vertex 24.237109760522983 133.73602777717196 0
      vertex 23.917561856947895 133.64740930050772 19
      vertex 24.237109760522983 133.73602777717196 19
    endloop
  endfacet
  facet normal -0.2840153447039077 0.9588197348681975 0
    outer loop
      vertex 24.555062389732 133.83020963670234 0
      vertex 24.237109760522983 133.73602777717196 19
      vertex 24.555062389732 133.83020963670234 19
    endloop
  endfacet
  facet normal -0.30070579950424503 0.9537169507482358 0
    outer loop
      vertex 24.871322893124002 133.92992619039208 0
      vertex 24.555062389732 133.83020963670234 19
      vertex 24.871322893124002 133.92992619039208 19
    endloop
  endfacet
  facet normal -0.31730465640510075 0.9483236552061964 0
    outer loop
      vertex 25.185794934685976 134.03514706361298 0
      vertex 24.871322893124002 133.92992619039208 19
      vertex 25.185794934685976 134.03514706361298 19
    endloop
  endfacet
  facet normal -0.3338068592337704 0.9426414910921785 0
    outer loop
      vertex 25.498382723187706 134.14584020506774 0
      vertex 25.185794934685976 134.03514706361298 19
      vertex 25.498382723187706 134.14584020506774 19
    endloop
  endfacet
  facet normal -0.350207381259492 0.9366721892483885 0
    outer loop
      vertex 25.808991041360706 134.26197189655318 0
      vertex 25.498382723187706 134.14584020506774 19
      vertex 25.808991041360706 134.26197189655318 19
    endloop
  endfacet
  facet normal -0.3665012267242356 0.9304175679820489 0
    outer loop
      vertex 26.117525274902327 134.38350676323103 0
      vertex 25.808991041360706 134.26197189655318 19
      vertex 26.117525274902327 134.38350676323103 19
    endloop
  endfacet
  facet normal -0.38268343236513763 0.9238795325112671 0
    outer loop
      vertex 26.423891441296202 134.51040778440364 0
      vertex 26.117525274902327 134.38350676323103 19
      vertex 26.423891441296202 134.51040778440364 19
    endloop
  endfacet
  facet normal -0.3987490689252383 0.9170600743851274 0
    outer loop
      vertex 26.727996218440204 134.64263630479059 0
      vertex 26.423891441296202 134.51040778440364 19
      vertex 26.727996218440204 134.64263630479059 19
    endloop
  endfacet
  facet normal -0.4146932426562119 0.9099612708765557 0
    outer loop
      vertex 27.029746973073287 134.78015204630364 0
      vertex 26.727996218440204 134.64263630479059 19
      vertex 27.029746973073287 134.78015204630364 19
    endloop
  endfacet
  facet normal -0.43051109680831123 0.902585284349853 0
    outer loop
      vertex 27.329051788992473 134.92291312031583 0
      vertex 27.029746973073287 134.78015204630364 19
      vertex 27.329051788992473 134.92291312031583 19
    endloop
  endfacet
  facet normal -0.4461978131098192 0.8949343616020198 0
    outer loop
      vertex 27.62581949505139 135.070876040421 0
      vertex 27.329051788992473 134.92291312031583 19
      vertex 27.62581949505139 135.070876040421 19
    endloop
  endfacet
  facet normal -0.461748613234998 0.8870108331782404 0
    outer loop
      vertex 27.919959692931926 135.22399573568038 0
      vertex 27.62581949505139 135.070876040421 19
      vertex 27.919959692931926 135.22399573568038 19
    endloop
  endfacet
  facet normal -0.4771587602596218 0.8788171126619582 0
    outer loop
      vertex 28.211382784680403 135.38222556435147 0
      vertex 27.919959692931926 135.22399573568038 19
      vertex 28.211382784680403 135.38222556435147 19
    endloop
  endfacet
  facet normal -0.4924235601034607 0.8703556959399033 0
    outer loop
      vertex 28.5 135.54551732809566 0
      vertex 28.211382784680403 135.38222556435147 19
      vertex 28.5 135.54551732809566 19
    endloop
  endfacet
  facet normal -0.5075383629607527 0.8616291604414972 0
    outer loop
      vertex 28.78572342329103 135.71382128665988 0
      vertex 28.5 135.54551732809566 19
      vertex 28.78572342329103 135.71382128665988 19
    endloop
  endfacet
  facet normal -0.5224985647159324 0.8526401643541024 0
    outer loop
      vertex 29.068466020430893 135.8870861730279 0
      vertex 28.78572342329103 135.71382128665988 19
      vertex 29.068466020430893 135.8870861730279 19
    endloop
  endfacet
  facet normal -0.537299608346835 0.8433914458128786 0
    outer loop
      vertex 29.348141665285514 136.06525920903695 0
      vertex 29.068466020430893 135.8870861730279 19
      vertex 29.348141665285514 136.06525920903695 19
    endloop
  endfacet
  facet normal -0.5519369853120458 0.8338858220671763 0
    outer loop
      vertex 29.624665165944194 136.2482861214542 0
      vertex 29.348141665285514 136.06525920903695 19
      vertex 29.624665165944194 136.2482861214542 19
    endloop
  endfacet
  facet normal -0.5664062369248437 0.8241261886220083 0
    outer loop
      vertex 29.897952290669874 136.43611115850916 0
      vertex 29.624665165944194 136.2482861214542 19
      vertex 29.897952290669874 136.43611115850916 19
    endloop
  endfacet
  facet normal -0.5807029557109467 0.8141155183563143 0
    outer loop
      vertex 30.16791979355699 136.628677106876 0
      vertex 29.897952290669874 136.43611115850916 19
      vertex 30.16791979355699 136.628677106876 19
    endloop
  endfacet
  facet normal -0.5948227867512903 0.8038568606172551 0
    outer loop
      vertex 30.434485439888917 136.82592530910142 0
      vertex 30.16791979355699 136.628677106876 19
      vertex 30.434485439888917 136.82592530910142 19
    endloop
  endfacet
  facet normal -0.6087614290087756 0.7933533402911931 0
    outer loop
      vertex 30.697568031187508 137.0277956814723 0
      vertex 30.434485439888917 136.82592530910142 19
      vertex 30.697568031187508 137.0277956814723 19
    endloop
  endfacet
  facet normal -0.6225146366375923 0.7826081568524355 0
    outer loop
      vertex 30.95708742994691 137.23422673231755 0
      vertex 30.697568031187508 137.0277956814723 19
      vertex 30.95708742994691 137.23422673231755 19
    endloop
  endfacet
  facet normal -0.6360782202777813 0.7716245833877057 0
    outer loop
      vertex 31.212964584044244 137.44515558073942 0
      vertex 30.95708742994691 137.23422673231755 19
      vertex 31.212964584044244 137.44515558073942 19
    endloop
  endfacet
  facet normal -0.6494480483301692 0.7604059656000433 0
    outer loop
      vertex 31.46512155081964 137.66051797576733 0
      vertex 31.212964584044244 137.44515558073942 19
      vertex 31.46512155081964 137.66051797576733 19
    endloop
  endfacet
  facet normal -0.662620048215754 0.7489557207889876 0
    outer loop
      vertex 31.713481520818306 137.88024831592952 0
      vertex 31.46512155081964 137.66051797576733 19
      vertex 31.713481520818306 137.88024831592952 19
    endloop
  endfacet
  facet normal -0.6755902076156239 0.7372773368101575 0
    outer loop
      vertex 31.957968841187473 138.10427966923575 0
      vertex 31.713481520818306 137.88024831592952 19
      vertex 31.957968841187473 138.10427966923575 19
    endloop
  endfacet
  facet normal -0.688354575693778 0.7253743710122648 0
    outer loop
      vertex 32.19850903872095 138.33254379356563 0
      vertex 31.957968841187473 138.10427966923575 19
      vertex 32.19850903872095 138.33254379356563 19
    endloop
  endfacet
  facet normal -0.7009092642998492 0.7132504491541832 0
    outer loop
      vertex 32.435028842544405 138.5649711574556 0
      vertex 32.19850903872095 138.33254379356563 19
      vertex 32.435028842544405 138.5649711574556 19
    endloop
  endfacet
  facet normal -0.7132504491541832 0.7009092642998492 0
    outer loop
      vertex 32.66745620643437 138.80149096127906 0
      vertex 32.435028842544405 138.5649711574556 19
      vertex 32.66745620643437 138.80149096127906 19
    endloop
  endfacet
  facet normal -0.725374371012297 0.6883545756937443 0
    outer loop
      vertex 32.895720330764235 139.04203115881253 0
      vertex 32.66745620643437 138.80149096127906 19
      vertex 32.895720330764235 139.04203115881253 19
    endloop
  endfacet
  facet normal -0.737277336810105 0.6755902076156811 0
    outer loop
      vertex 33.11975168407049 139.2865184791817 0
      vertex 32.895720330764235 139.04203115881253 19
      vertex 33.11975168407049 139.2865184791817 19
    endloop
  endfacet
  facet normal -0.7489557207889993 0.6626200482157405 0
    outer loop
      vertex 33.339482024232666 139.53487844918035 0
      vertex 33.11975168407049 139.2865184791817 19
      vertex 33.339482024232666 139.53487844918035 19
    endloop
  endfacet
  facet normal -0.7604059656000417 0.649448048330171 0
    outer loop
      vertex 33.55484441926058 139.78703541595576 0
      vertex 33.339482024232666 139.53487844918035 19
      vertex 33.55484441926058 139.78703541595576 19
    endloop
  endfacet
  facet normal -0.7716245833877162 0.6360782202777685 0
    outer loop
      vertex 33.76577326768245 140.0429125700531 0
      vertex 33.55484441926058 139.78703541595576 19
      vertex 33.76577326768245 140.0429125700531 19
    endloop
  endfacet
  facet normal -0.782608156852423 0.6225146366376083 0
    outer loop
      vertex 33.972204318527716 140.3024319688125 0
      vertex 33.76577326768245 140.0429125700531 19
      vertex 33.972204318527716 140.3024319688125 19
    endloop
  endfacet
  facet normal -0.7933533402912106 0.6087614290087526 0
    outer loop
      vertex 34.174074690898564 140.56551456011107 0
      vertex 33.972204318527716 140.3024319688125 19
      vertex 34.174074690898564 140.56551456011107 19
    endloop
  endfacet
  facet normal -0.3987490689252383 -0.9170600743851274 0
    outer loop
      vertex 26.423891441296202 169.48959221559636 0
      vertex 26.727996218440204 169.35736369520941 19
      vertex 26.423891441296202 169.48959221559636 19
    endloop
  endfacet
  facet normal -0.4146932426562119 -0.9099612708765557 0
    outer loop
      vertex 26.727996218440204 169.35736369520941 0
      vertex 27.029746973073287 169.21984795369636 19
      vertex 26.727996218440204 169.35736369520941 19
    endloop
  endfacet
  facet normal -0.43051109680831123 -0.902585284349853 0
    outer loop
      vertex 27.029746973073287 169.21984795369636 0
      vertex 27.329051788992473 169.07708687968417 19
      vertex 27.029746973073287 169.21984795369636 19
    endloop
  endfacet
  facet normal -0.4461978131098192 -0.8949343616020198 0
    outer loop
      vertex 27.329051788992473 169.07708687968417 0
      vertex 27.62581949505139 168.929123959579 19
      vertex 27.329051788992473 169.07708687968417 19
    endloop
  endfacet
  facet normal -0.461748613234998 -0.8870108331782404 0
    outer loop
      vertex 27.62581949505139 168.929123959579 0
      vertex 27.919959692931926 168.77600426431962 19
      vertex 27.62581949505139 168.929123959579 19
    endloop
  endfacet
  facet normal -0.14780941112959275 -0.9890158633619195 0
    outer loop
      vertex 21.644288918241244 170.81509330608984 0
      vertex 21.972254835764385 170.76607847130762 19
      vertex 21.644288918241244 170.81509330608984 19
    endloop
  endfacet
  facet normal -0.1650476058606723 -0.9862856015372322 0
    outer loop
      vertex 21.972254835764385 170.76607847130762 0
      vertex 22.299315375671675 170.71134730723196 19
      vertex 21.972254835764385 170.76607847130762 19
    endloop
  endfacet
  facet normal -0.1822355254922001 -0.9832549075639448 0
    outer loop
      vertex 22.299315375671675 170.71134730723196 0
      vertex 22.625370912154352 170.6509164855056 19
      vertex 22.299315375671675 170.71134730723196 19
    endloop
  endfacet
  facet normal -0.19936793441712314 -0.9799247046208446 0
    outer loop
      vertex 22.625370912154352 170.6509164855056 0
      vertex 22.950322125537426 170.58480441394232 19
      vertex 22.625370912154352 170.6509164855056 19
    endloop
  endfacet
  facet normal -0.21643961393815447 -0.9762960071199218 0
    outer loop
      vertex 22.950322125537426 170.58480441394232 0
      vertex 23.274070032533434 170.51303123091947 19
      vertex 22.950322125537426 170.58480441394232 19
    endloop
  endfacet
  facet normal -0.23344536385587636 -0.9723699203976836 0
    outer loop
      vertex 23.274070032533434 170.51303123091947 0
      vertex 23.596516016393686 170.43561879924394 19
      vertex 23.274070032533434 170.51303123091947 19
    endloop
  endfacet
  facet normal -0.25038000405450433 -0.9681476403780914 0
    outer loop
      vertex 23.596516016393686 170.43561879924394 0
      vertex 23.917561856947895 170.35259069949228 19
      vertex 23.596516016393686 170.43561879924394 19
    endloop
  endfacet
  facet normal -0.267238376078253 -0.9636304532086241 0
    outer loop
      vertex 23.917561856947895 170.35259069949228 0
      vertex 24.237109760522983 170.26397222282804 19
      vertex 23.917561856947895 170.35259069949228 19
    endloop
  endfacet
  facet normal -0.2840153447039077 -0.9588197348681975 0
    outer loop
      vertex 24.237109760522983 170.26397222282804 0
      vertex 24.555062389732 170.16979036329766 19
      vertex 24.237109760522983 170.26397222282804 19
    endloop
  endfacet
  facet normal -0.30070579950424503 -0.9537169507482358 0
    outer loop
      vertex 24.555062389732 170.16979036329766 0
      vertex 24.871322893124002 170.07007380960792 19
      vertex 24.555062389732 170.16979036329766 19
    endloop
  endfacet
  facet normal -0.31730465640510075 -0.9483236552061964 0
    outer loop
      vertex 24.871322893124002 170.07007380960792 0
      vertex 25.185794934685976 169.96485293638702 19
      vertex 24.871322893124002 170.07007380960792 19
    endloop
  endfacet
  facet normal -0.3338068592337704 -0.9426414910921785 0
    outer loop
      vertex 25.185794934685976 169.96485293638702 0
      vertex 25.498382723187706 169.85415979493226 19
      vertex 25.185794934685976 169.96485293638702 19
    endloop
  endfacet
  facet normal -0.350207381259492 -0.9366721892483885 0
    outer loop
      vertex 25.498382723187706 169.85415979493226 0
      vertex 25.808991041360706 169.73802810344682 19
      vertex 25.498382723187706 169.85415979493226 19
    endloop
  endfacet
  facet normal -0.3665012267242356 -0.9304175679820489 0
    outer loop
      vertex 25.808991041360706 169.73802810344682 0
      vertex 26.117525274902327 169.61649323676897 19
      vertex 25.808991041360706 169.73802810344682 19
    endloop
  endfacet
  facet normal -0.38268343236513763 -0.9238795325112671 0
    outer loop
      vertex 26.117525274902327 169.61649323676897 0
      vertex 26.423891441296202 169.48959221559636 19
      vertex 26.117525274902327 169.61649323676897 19
    endloop
  endfacet
  facet normal -0.4771587602596218 -0.8788171126619582 0
    outer loop
      vertex 27.919959692931926 168.77600426431962 0
      vertex 28.211382784680403 168.61777443564853 19
      vertex 27.919959692931926 168.77600426431962 19
    endloop
  endfacet
  facet normal -0.4924235601034607 -0.8703556959399033 0
    outer loop
      vertex 28.211382784680403 168.61777443564853 0
      vertex 28.5 168.45448267190434 19
      vertex 28.211382784680403 168.61777443564853 19
    endloop
  endfacet
  facet normal -0.5075383629607527 -0.8616291604414972 0
    outer loop
      vertex 28.5 168.45448267190434 0
      vertex 28.78572342329103 168.28617871334012 19
      vertex 28.5 168.45448267190434 19
    endloop
  endfacet
  facet normal -0.537299608346835 -0.8433914458128786 0
    outer loop
      vertex 29.068466020430893 168.1129138269721 0
      vertex 29.348141665285514 167.93474079096305 19
      vertex 29.068466020430893 168.1129138269721 19
    endloop
  endfacet
  facet normal -0.5519369853120458 -0.8338858220671763 0
    outer loop
      vertex 29.348141665285514 167.93474079096305 0
      vertex 29.624665165944194 167.7517138785458 19
      vertex 29.348141665285514 167.93474079096305 19
    endloop
  endfacet
  facet normal -0.5224985647159324 -0.8526401643541024 0
    outer loop
      vertex 28.78572342329103 168.28617871334012 0
      vertex 29.068466020430893 168.1129138269721 19
      vertex 28.78572342329103 168.28617871334012 19
    endloop
  endfacet
  facet normal -0.5664062369248437 -0.8241261886220083 0
    outer loop
      vertex 29.624665165944194 167.7517138785458 0
      vertex 29.897952290669874 167.56388884149084 19
      vertex 29.624665165944194 167.7517138785458 19
    endloop
  endfacet
  facet normal -0.5948227867512903 -0.8038568606172551 0
    outer loop
      vertex 30.16791979355699 167.371322893124 0
      vertex 30.434485439888917 167.17407469089858 19
      vertex 30.16791979355699 167.371322893124 19
    endloop
  endfacet
  facet normal -0.5807029557109467 -0.8141155183563143 0
    outer loop
      vertex 29.897952290669874 167.56388884149084 0
      vertex 30.16791979355699 167.371322893124 19
      vertex 29.897952290669874 167.56388884149084 19
    endloop
  endfacet
  facet normal -0.6087614290087756 -0.7933533402911931 0
    outer loop
      vertex 30.434485439888917 167.17407469089858 0
      vertex 30.697568031187508 166.9722043185277 19
      vertex 30.434485439888917 167.17407469089858 19
    endloop
  endfacet
  facet normal -0.6225146366375923 -0.7826081568524355 0
    outer loop
      vertex 30.697568031187508 166.9722043185277 0
      vertex 30.95708742994691 166.76577326768245 19
      vertex 30.697568031187508 166.9722043185277 19
    endloop
  endfacet
  facet normal -0.7933533402912106 -0.6087614290087526 0
    outer loop
      vertex 33.972204318527716 163.6975680311875 0
      vertex 34.174074690898564 163.43448543988893 19
      vertex 33.972204318527716 163.6975680311875 19
    endloop
  endfacet
  facet normal -0.6494480483301692 -0.7604059656000433 0
    outer loop
      vertex 31.212964584044244 166.55484441926058 0
      vertex 31.46512155081964 166.33948202423267 19
      vertex 31.212964584044244 166.55484441926058 19
    endloop
  endfacet
  facet normal -0.662620048215754 -0.7489557207889876 0
    outer loop
      vertex 31.46512155081964 166.33948202423267 0
      vertex 31.713481520818306 166.11975168407048 19
      vertex 31.46512155081964 166.33948202423267 19
    endloop
  endfacet
  facet normal -0.6755902076156239 -0.7372773368101575 0
    outer loop
      vertex 31.713481520818306 166.11975168407048 0
      vertex 31.957968841187473 165.89572033076425 19
      vertex 31.713481520818306 166.11975168407048 19
    endloop
  endfacet
  facet normal -0.688354575693778 -0.7253743710122648 0
    outer loop
      vertex 31.957968841187473 165.89572033076425 0
      vertex 32.19850903872095 165.66745620643437 19
      vertex 31.957968841187473 165.89572033076425 19
    endloop
  endfacet
  facet normal -0.7009092642998492 -0.7132504491541832 0
    outer loop
      vertex 32.19850903872095 165.66745620643437 0
      vertex 32.435028842544405 165.4350288425444 19
      vertex 32.19850903872095 165.66745620643437 19
    endloop
  endfacet
  facet normal -0.7132504491541832 -0.7009092642998492 0
    outer loop
      vertex 32.435028842544405 165.4350288425444 0
      vertex 32.66745620643437 165.19850903872094 19
      vertex 32.435028842544405 165.4350288425444 19
    endloop
  endfacet
  facet normal -0.6360782202777813 -0.7716245833877057 0
    outer loop
      vertex 30.95708742994691 166.76577326768245 0
      vertex 31.212964584044244 166.55484441926058 19
      vertex 30.95708742994691 166.76577326768245 19
    endloop
  endfacet
  facet normal -0.725374371012297 -0.6883545756937443 0
    outer loop
      vertex 32.66745620643437 165.19850903872094 0
      vertex 32.895720330764235 164.95796884118747 19
      vertex 32.66745620643437 165.19850903872094 19
    endloop
  endfacet
  facet normal -0.737277336810105 -0.6755902076156811 0
    outer loop
      vertex 32.895720330764235 164.95796884118747 0
      vertex 33.11975168407049 164.7134815208183 19
      vertex 32.895720330764235 164.95796884118747 19
    endloop
  endfacet
  facet normal -0.7489557207889993 -0.6626200482157405 0
    outer loop
      vertex 33.11975168407049 164.7134815208183 0
      vertex 33.339482024232666 164.46512155081965 19
      vertex 33.11975168407049 164.7134815208183 19
    endloop
  endfacet
  facet normal -0.7604059656000417 -0.649448048330171 0
    outer loop
      vertex 33.339482024232666 164.46512155081965 0
      vertex 33.55484441926058 164.21296458404424 19
      vertex 33.339482024232666 164.46512155081965 19
    endloop
  endfacet
  facet normal -0.7716245833877162 -0.6360782202777685 0
    outer loop
      vertex 33.55484441926058 164.21296458404424 0
      vertex 33.76577326768245 163.9570874299469 19
      vertex 33.55484441926058 164.21296458404424 19
    endloop
  endfacet
  facet normal -0.782608156852423 -0.6225146366376083 0
    outer loop
      vertex 33.76577326768245 163.9570874299469 0
      vertex 33.972204318527716 163.6975680311875 19
      vertex 33.76577326768245 163.9570874299469 19
    endloop
  endfacet
  facet normal -0.8038568606172293 0.594822786751325 0
    outer loop
      vertex 34.371322893124 140.832080206443 0
      vertex 34.174074690898564 140.56551456011107 19
      vertex 34.371322893124 140.832080206443 19
    endloop
  endfacet
  facet normal -0.8141155183563208 0.5807029557109376 0
    outer loop
      vertex 34.563888841490844 141.10204770933012 0
      vertex 34.371322893124 140.832080206443 19
      vertex 34.563888841490844 141.10204770933012 19
    endloop
  endfacet
  facet normal -0.8241261886220255 0.5664062369248186 0
    outer loop
      vertex 34.75171387854579 141.37533483405582 0
      vertex 34.563888841490844 141.10204770933012 19
      vertex 34.75171387854579 141.37533483405582 19
    endloop
  endfacet
  facet normal -0.8338858220671665 0.5519369853120607 0
    outer loop
      vertex 34.934740790963055 141.6518583347145 0
      vertex 34.75171387854579 141.37533483405582 19
      vertex 34.934740790963055 141.6518583347145 19
    endloop
  endfacet
  facet normal -0.8433914458128883 0.5372996083468198 0
    outer loop
      vertex 35.11291382697209 141.9315339795691 0
      vertex 34.934740790963055 141.6518583347145 19
      vertex 35.11291382697209 141.9315339795691 19
    endloop
  endfacet
  facet normal -0.8526401643540921 0.5224985647159491 0
    outer loop
      vertex 35.286178713340135 142.21427657670898 0
      vertex 35.11291382697209 141.9315339795691 19
      vertex 35.286178713340135 142.21427657670898 19
    endloop
  endfacet
  facet normal -0.8616291604415236 0.5075383629607079 0
    outer loop
      vertex 35.45448267190433 142.5 0
      vertex 35.286178713340135 142.21427657670898 19
      vertex 35.45448267190433 142.5 19
    endloop
  endfacet
  facet normal -0.8703556959398889 0.4924235601034862 0
    outer loop
      vertex 35.61777443564852 142.7886172153196 0
      vertex 35.45448267190433 142.5 19
      vertex 35.61777443564852 142.7886172153196 19
    endloop
  endfacet
  facet normal -0.8788171126619817 0.47715876025957826 0
    outer loop
      vertex 35.77600426431961 143.0800403070681 0
      vertex 35.61777443564852 142.7886172153196 19
      vertex 35.77600426431961 143.0800403070681 19
    endloop
  endfacet
  facet normal -0.8870108331782137 0.46174861323504923 0
    outer loop
      vertex 35.92912395957899 143.3741805049486 0
      vertex 35.77600426431961 143.0800403070681 19
      vertex 35.92912395957899 143.3741805049486 19
    endloop
  endfacet
  facet normal -0.8949343616020198 0.4461978131098192 0
    outer loop
      vertex 36.077086879684174 143.67094821100753 0
      vertex 35.92912395957899 143.3741805049486 19
      vertex 36.077086879684174 143.67094821100753 19
    endloop
  endfacet
  facet normal -0.9025852843498696 0.4305110968082763 0
    outer loop
      vertex 36.219847953696345 143.9702530269267 0
      vertex 36.077086879684174 143.67094821100753 19
      vertex 36.219847953696345 143.9702530269267 19
    endloop
  endfacet
  facet normal -0.9099612708765357 0.4146932426562554 0
    outer loop
      vertex 36.357363695209415 144.2720037815598 0
      vertex 36.219847953696345 143.9702530269267 19
      vertex 36.357363695209415 144.2720037815598 19
    endloop
  endfacet
  facet normal -0.9170600743851214 0.39874906892525247 0
    outer loop
      vertex 36.48959221559637 144.5761085587038 0
      vertex 36.357363695209415 144.2720037815598 19
      vertex 36.48959221559637 144.5761085587038 19
    endloop
  endfacet
  facet normal -0.9238795325112883 0.38268343236508656 0
    outer loop
      vertex 36.61649323676896 144.88247472509767 0
      vertex 36.48959221559637 144.5761085587038 19
      vertex 36.61649323676896 144.88247472509767 19
    endloop
  endfacet
  facet normal -0.9304175679820196 0.3665012267243098 0
    outer loop
      vertex 36.73802810344684 145.1910089586393 0
      vertex 36.61649323676896 144.88247472509767 19
      vertex 36.73802810344684 145.1910089586393 19
    endloop
  endfacet
  facet normal -0.9366721892484012 0.35020738125945794 0
    outer loop
      vertex 36.85415979493226 145.50161727681228 0
      vertex 36.73802810344684 145.1910089586393 19
      vertex 36.85415979493226 145.50161727681228 19
    endloop
  endfacet
  facet normal -0.9426414910921785 0.3338068592337704 0
    outer loop
      vertex 36.96485293638702 145.814205065314 0
      vertex 36.85415979493226 145.50161727681228 19
      vertex 36.96485293638702 145.814205065314 19
    endloop
  endfacet
  facet normal -0.9483236552062039 0.31730465640507816 0
    outer loop
      vertex 37.07007380960792 146.128677106876 0
      vertex 36.96485293638702 145.814205065314 19
      vertex 37.07007380960792 146.128677106876 19
    endloop
  endfacet
  facet normal -0.9537169507482257 0.3007057995042768 0
    outer loop
      vertex 37.16979036329767 146.444937610268 0
      vertex 37.07007380960792 146.128677106876 19
      vertex 37.16979036329767 146.444937610268 19
    endloop
  endfacet
  facet normal -0.9588197348681882 -0.2840153447039391 0
    outer loop
      vertex 37.16979036329767 157.555062389732 0
      vertex 37.26397222282806 157.237109760523 19
      vertex 37.16979036329767 157.555062389732 19
    endloop
  endfacet
  facet normal -0.9537169507482257 -0.3007057995042768 0
    outer loop
      vertex 37.07007380960792 157.871322893124 0
      vertex 37.16979036329767 157.555062389732 19
      vertex 37.07007380960792 157.871322893124 19
    endloop
  endfacet
  facet normal -0.9588197348681882 0.2840153447039391 0
    outer loop
      vertex 37.26397222282806 146.762890239477 0
      vertex 37.16979036329767 146.444937610268 19
      vertex 37.26397222282806 146.762890239477 19
    endloop
  endfacet
  facet normal -0.9636304532086295 0.2672383760782337 0
    outer loop
      vertex 37.352590699492296 147.08243814305212 0
      vertex 37.26397222282806 146.762890239477 19
      vertex 37.352590699492296 147.08243814305212 19
    endloop
  endfacet
  facet normal -0.9681476403781064 0.25038000405444666 0
    outer loop
      vertex 37.43561879924393 147.40348398360632 0
      vertex 37.352590699492296 147.08243814305212 19
      vertex 37.43561879924393 147.40348398360632 19
    endloop
  endfacet
  facet normal -0.9723699203976758 0.23344536385590878 0
    outer loop
      vertex 37.51303123091947 147.72592996746656 0
      vertex 37.43561879924393 147.40348398360632 19
      vertex 37.51303123091947 147.72592996746656 19
    endloop
  endfacet
  facet normal -0.9762960071199306 0.21643961393811592 0
    outer loop
      vertex 37.58480441394231 148.04967787446256 0
      vertex 37.51303123091947 147.72592996746656 19
      vertex 37.58480441394231 148.04967787446256 19
    endloop
  endfacet
  facet normal -0.9799247046208295 0.19936793441719708 0
    outer loop
      vertex 37.65091648550562 148.37462908784565 0
      vertex 37.58480441394231 148.04967787446256 19
      vertex 37.65091648550562 148.37462908784565 19
    endloop
  endfacet
  facet normal -0.9832549075639556 0.18223552549214178 0
    outer loop
      vertex 37.711347307231954 148.70068462432832 0
      vertex 37.65091648550562 148.37462908784565 19
      vertex 37.711347307231954 148.70068462432832 19
    endloop
  endfacet
  facet normal -0.9862856015372303 0.16504760586068443 0
    outer loop
      vertex 37.76607847130762 149.02774516423563 0
      vertex 37.711347307231954 148.70068462432832 19
      vertex 37.76607847130762 149.02774516423563 19
    endloop
  endfacet
  facet normal -0.9890158633619188 0.14780941112959745 0
    outer loop
      vertex 37.815093306089835 149.35571108175876 0
      vertex 37.76607847130762 149.02774516423563 19
      vertex 37.815093306089835 149.35571108175876 19
    endloop
  endfacet
  facet normal -0.9914448613738082 0.13052619222006898 0
    outer loop
      vertex 37.85837688118512 149.6844824753022 0
      vertex 37.815093306089835 149.35571108175876 19
      vertex 37.85837688118512 149.6844824753022 19
    endloop
  endfacet
  facet normal -0.9935718556765887 0.1132032137678969 0
    outer loop
      vertex 37.895916011997194 150.01395919791457 0
      vertex 37.85837688118512 149.6844824753022 19
      vertex 37.895916011997194 150.01395919791457 19
    endloop
  endfacet
  facet normal -0.9953961983671797 0.09584575252021446 0
    outer loop
      vertex 37.927699263743165 150.3440408877945 0
      vertex 37.895916011997194 150.01395919791457 19
      vertex 37.927699263743165 150.3440408877945 19
    endloop
  endfacet
  facet normal -0.9969173337331279 0.07845909572784708 0
    outer loop
      vertex 37.95371695493666 150.6746269988616 0
      vertex 37.927699263743165 150.3440408877945 19
      vertex 37.95371695493666 150.6746269988616 19
    endloop
  endfacet
  facet normal -0.9981347984218677 0.06104853953484504 0
    outer loop
      vertex 37.9739611603369 151.00561683138406 0
      vertex 37.95371695493666 150.6746269988616 19
      vertex 37.9739611603369 151.00561683138406 19
    endloop
  endfacet
  facet normal -0.9990482215818577 0.04361938736533828 0
    outer loop
      vertex 37.988425713362815 151.3369095626525 0
      vertex 37.9739611603369 151.00561683138406 19
      vertex 37.988425713362815 151.3369095626525 19
    endloop
  endfacet
  facet normal -0.9996573249755569 0.026176948307886427 0
    outer loop
      vertex 37.997106207971434 151.66840427769162 0
      vertex 37.988425713362815 151.3369095626525 19
      vertex 37.997106207971434 151.66840427769162 19
    endloop
  endfacet
  facet normal -0.9999619230641713 0.008726535498371739 0
    outer loop
      vertex 38 152 0
      vertex 37.997106207971434 151.66840427769162 19
      vertex 38 152 19
    endloop
  endfacet
  facet normal -0.9999619230641713 -0.008726535498371739 0
    outer loop
      vertex 37.997106207971434 152.33159572230838 0
      vertex 38 152 19
      vertex 37.997106207971434 152.33159572230838 19
    endloop
  endfacet
  facet normal -0.9996573249755569 -0.026176948307886427 0
    outer loop
      vertex 37.988425713362815 152.6630904373475 0
      vertex 37.997106207971434 152.33159572230838 19
      vertex 37.988425713362815 152.6630904373475 19
    endloop
  endfacet
  facet normal -0.9990482215818577 -0.04361938736533828 0
    outer loop
      vertex 37.9739611603369 152.99438316861594 0
      vertex 37.988425713362815 152.6630904373475 19
      vertex 37.9739611603369 152.99438316861594 19
    endloop
  endfacet
  facet normal -0.9981347984218677 -0.06104853953484504 0
    outer loop
      vertex 37.95371695493666 153.3253730011384 0
      vertex 37.9739611603369 152.99438316861594 19
      vertex 37.95371695493666 153.3253730011384 19
    endloop
  endfacet
  facet normal -0.9969173337331279 -0.07845909572784708 0
    outer loop
      vertex 37.927699263743165 153.6559591122055 0
      vertex 37.95371695493666 153.3253730011384 19
      vertex 37.927699263743165 153.6559591122055 19
    endloop
  endfacet
  facet normal -0.9953961983671797 -0.09584575252021446 0
    outer loop
      vertex 37.895916011997194 153.98604080208543 0
      vertex 37.927699263743165 153.6559591122055 19
      vertex 37.895916011997194 153.98604080208543 19
    endloop
  endfacet
  facet normal -0.9935718556765887 -0.1132032137678969 0
    outer loop
      vertex 37.85837688118512 154.3155175246978 0
      vertex 37.895916011997194 153.98604080208543 19
      vertex 37.85837688118512 154.3155175246978 19
    endloop
  endfacet
  facet normal -0.9890158633619188 -0.14780941112959745 0
    outer loop
      vertex 37.76607847130762 154.97225483576437 0
      vertex 37.815093306089835 154.64428891824124 19
      vertex 37.76607847130762 154.97225483576437 19
    endloop
  endfacet
  facet normal -0.9914448613738082 -0.13052619222006898 0
    outer loop
      vertex 37.815093306089835 154.64428891824124 0
      vertex 37.85837688118512 154.3155175246978 19
      vertex 37.815093306089835 154.64428891824124 19
    endloop
  endfacet
  facet normal -0.9762960071199306 -0.21643961393811592 0
    outer loop
      vertex 37.51303123091947 156.27407003253344 0
      vertex 37.58480441394231 155.95032212553744 19
      vertex 37.51303123091947 156.27407003253344 19
    endloop
  endfacet
  facet normal -0.9723699203976758 -0.23344536385590878 0
    outer loop
      vertex 37.43561879924393 156.59651601639368 0
      vertex 37.51303123091947 156.27407003253344 19
      vertex 37.43561879924393 156.59651601639368 19
    endloop
  endfacet
  facet normal -0.9862856015372303 -0.16504760586068443 0
    outer loop
      vertex 37.711347307231954 155.29931537567168 0
      vertex 37.76607847130762 154.97225483576437 19
      vertex 37.711347307231954 155.29931537567168 19
    endloop
  endfacet
  facet normal -0.9832549075639556 -0.18223552549214178 0
    outer loop
      vertex 37.65091648550562 155.62537091215435 0
      vertex 37.711347307231954 155.29931537567168 19
      vertex 37.65091648550562 155.62537091215435 19
    endloop
  endfacet
  facet normal -0.9799247046208295 -0.19936793441719708 0
    outer loop
      vertex 37.58480441394231 155.95032212553744 0
      vertex 37.65091648550562 155.62537091215435 19
      vertex 37.58480441394231 155.95032212553744 19
    endloop
  endfacet
  facet normal -0.9681476403781064 -0.25038000405444666 0
    outer loop
      vertex 37.352590699492296 156.91756185694788 0
      vertex 37.43561879924393 156.59651601639368 19
      vertex 37.352590699492296 156.91756185694788 19
    endloop
  endfacet
  facet normal -0.9636304532086295 -0.2672383760782337 0
    outer loop
      vertex 37.26397222282806 157.237109760523 0
      vertex 37.352590699492296 156.91756185694788 19
      vertex 37.26397222282806 157.237109760523 19
    endloop
  endfacet
  facet normal -0.8038568606172293 -0.594822786751325 0
    outer loop
      vertex 34.174074690898564 163.43448543988893 0
      vertex 34.371322893124 163.167919793557 19
      vertex 34.174074690898564 163.43448543988893 19
    endloop
  endfacet
  facet normal -0.8141155183563208 -0.5807029557109376 0
    outer loop
      vertex 34.371322893124 163.167919793557 0
      vertex 34.563888841490844 162.89795229066988 19
      vertex 34.371322893124 163.167919793557 19
    endloop
  endfacet
  facet normal -0.8241261886220255 -0.5664062369248186 0
    outer loop
      vertex 34.563888841490844 162.89795229066988 0
      vertex 34.75171387854579 162.62466516594418 19
      vertex 34.563888841490844 162.89795229066988 19
    endloop
  endfacet
  facet normal -0.8338858220671665 -0.5519369853120607 0
    outer loop
      vertex 34.75171387854579 162.62466516594418 0
      vertex 34.934740790963055 162.3481416652855 19
      vertex 34.75171387854579 162.62466516594418 19
    endloop
  endfacet
  facet normal -0.8433914458128883 -0.5372996083468198 0
    outer loop
      vertex 34.934740790963055 162.3481416652855 0
      vertex 35.11291382697209 162.0684660204309 19
      vertex 34.934740790963055 162.3481416652855 19
    endloop
  endfacet
  facet normal -0.8526401643540921 -0.5224985647159491 0
    outer loop
      vertex 35.11291382697209 162.0684660204309 0
      vertex 35.286178713340135 161.78572342329102 19
      vertex 35.11291382697209 162.0684660204309 19
    endloop
  endfacet
  facet normal -0.8788171126619817 -0.47715876025957826 0
    outer loop
      vertex 35.61777443564852 161.2113827846804 0
      vertex 35.77600426431961 160.9199596929319 19
      vertex 35.61777443564852 161.2113827846804 19
    endloop
  endfacet
  facet normal -0.8703556959398889 -0.4924235601034862 0
    outer loop
      vertex 35.45448267190433 161.5 0
      vertex 35.61777443564852 161.2113827846804 19
      vertex 35.45448267190433 161.5 19
    endloop
  endfacet
  facet normal -0.8616291604415236 -0.5075383629607079 0
    outer loop
      vertex 35.286178713340135 161.78572342329102 0
      vertex 35.45448267190433 161.5 19
      vertex 35.286178713340135 161.78572342329102 19
    endloop
  endfacet
  facet normal -0.8870108331782137 -0.46174861323504923 0
    outer loop
      vertex 35.77600426431961 160.9199596929319 0
      vertex 35.92912395957899 160.6258194950514 19
      vertex 35.77600426431961 160.9199596929319 19
    endloop
  endfacet
  facet normal -0.8949343616020198 -0.4461978131098192 0
    outer loop
      vertex 35.92912395957899 160.6258194950514 0
      vertex 36.077086879684174 160.32905178899247 19
      vertex 35.92912395957899 160.6258194950514 19
    endloop
  endfacet
  facet normal -0.9170600743851214 -0.39874906892525247 0
    outer loop
      vertex 36.357363695209415 159.7279962184402 0
      vertex 36.48959221559637 159.4238914412962 19
      vertex 36.357363695209415 159.7279962184402 19
    endloop
  endfacet
  facet normal -0.9099612708765357 -0.4146932426562554 0
    outer loop
      vertex 36.219847953696345 160.0297469730733 0
      vertex 36.357363695209415 159.7279962184402 19
      vertex 36.219847953696345 160.0297469730733 19
    endloop
  endfacet
  facet normal -0.9025852843498696 -0.4305110968082763 0
    outer loop
      vertex 36.077086879684174 160.32905178899247 0
      vertex 36.219847953696345 160.0297469730733 19
      vertex 36.077086879684174 160.32905178899247 19
    endloop
  endfacet
  facet normal -0.9366721892484012 -0.35020738125945794 0
    outer loop
      vertex 36.73802810344684 158.8089910413607 0
      vertex 36.85415979493226 158.49838272318772 19
      vertex 36.73802810344684 158.8089910413607 19
    endloop
  endfacet
  facet normal -0.9238795325112883 -0.38268343236508656 0
    outer loop
      vertex 36.48959221559637 159.4238914412962 0
      vertex 36.61649323676896 159.11752527490233 19
      vertex 36.48959221559637 159.4238914412962 19
    endloop
  endfacet
  facet normal -0.9304175679820196 -0.3665012267243098 0
    outer loop
      vertex 36.61649323676896 159.11752527490233 0
      vertex 36.73802810344684 158.8089910413607 19
      vertex 36.61649323676896 159.11752527490233 19
    endloop
  endfacet
  facet normal -0.9483236552062039 -0.31730465640507816 0
    outer loop
      vertex 36.96485293638702 158.185794934686 0
      vertex 37.07007380960792 157.871322893124 19
      vertex 36.96485293638702 158.185794934686 19
    endloop
  endfacet
  facet normal -0.9426414910921785 -0.3338068592337704 0
    outer loop
      vertex 36.85415979493226 158.49838272318772 0
      vertex 36.96485293638702 158.185794934686 19
      vertex 36.85415979493226 158.49838272318772 19
    endloop
  endfacet
  facet normal 0 0 1
    outer loop
      vertex 41.06333469324457 150.18633168265274 13
      vertex 41.06333469324457 153.81366831734726 13
      vertex 41.03563209638108 150.63926513768345 13
    endloop
  endfacet
  facet normal 0 0 1
    outer loop
      vertex 41.03563209638108 150.63926513768345 13
      vertex 41.03563209638108 153.36073486231655 13
      vertex 41.01583849750351 151.09261308573497 13
    endloop
  endfacet
  facet normal 0 0 1
    outer loop
      vertex 41.01583849750351 151.09261308573497 13
      vertex 41.01583849750351 152.90738691426503 13
      vertex 41.00395992593383 151.54623743263062 13
    endloop
  endfacet
  facet normal 0 0 1
    outer loop
      vertex 41.00395992593383 151.54623743263062 13
      vertex 41.00395992593383 152.45376256736938 13
      vertex 41 152 13
    endloop
  endfacet
  facet normal 0 0 1
    outer loop
      vertex 41.32010314452641 147.932703908954 13
      vertex 41.32010314452641 156.067296091046 13
      vertex 41.25303021271917 148.3814993750383 13
    endloop
  endfacet
  facet normal 0 0 1
    outer loop
      vertex 41.39499842168259 147.4851473806598 13
      vertex 41.39499842168259 156.5148526193402 13
      vertex 41.32010314452641 147.932703908954 13
    endloop
  endfacet
  facet normal 0 0 1
    outer loop
      vertex 41.477693230360735 147.03896612020984 13
      vertex 41.477693230360735 156.96103387979016 13
      vertex 41.39499842168259 147.4851473806598 13
    endloop
  endfacet
  facet normal 0 0 1
    outer loop
      vertex 41.77231111682409 145.71003071440865 13
      vertex 41.77231111682409 158.28996928559135 13
      vertex 41.666378315583884 146.1512725870595 13
    endloop
  endfacet
  facet normal 0 0 1
    outer loop
      vertex 41.77231111682409 145.71003071440865 13
      vertex 41.88592851648423 145.27070482733447 13
      vertex 41.88592851648423 158.72929517266553 13
    endloop
  endfacet
  facet normal 0 0 1
    outer loop
      vertex 41.56816238092105 146.59429603873826 13
      vertex 41.56816238092105 157.40570396126174 13
      vertex 41.477693230360735 147.03896612020984 13
    endloop
  endfacet
  facet normal 0 0 1
    outer loop
      vertex 41.56816238092105 146.59429603873826 13
      vertex 41.666378315583884 146.1512725870595 13
      vertex 41.666378315583884 157.8487274129405 13
    endloop
  endfacet
  facet normal 0 0 1
    outer loop
      vertex 41.19380005732563 148.83139707146617 13
      vertex 41.19380005732563 155.16860292853383 13
      vertex 41.1424307204249 149.282259955041 13
    endloop
  endfacet
  facet normal 0 0 1
    outer loop
      vertex 41.25303021271917 148.3814993750383 13
      vertex 41.25303021271917 155.6185006249617 13
      vertex 41.19380005732563 148.83139707146617 13
    endloop
  endfacet
  facet normal 0 0 1
    outer loop
      vertex 41.1424307204249 149.282259955041 13
      vertex 41.1424307204249 154.717740044959 13
      vertex 41.098937849614614 149.7339506885609 13
    endloop
  endfacet
  facet normal 0 0 1
    outer loop
      vertex 41.098937849614614 149.7339506885609 13
      vertex 41.098937849614614 154.2660493114391 13
      vertex 41.06333469324457 150.18633168265274 13
    endloop
  endfacet
  facet normal 0 0 1
    outer loop
      vertex 42.416517034417765 143.53522798411393 13
      vertex 42.416517034417765 160.46477201588607 13
      vertex 42.272530576326005 143.96555814625137 13
    endloop
  endfacet
  facet normal 0 0 1
    outer loop
      vertex 42.567991859566376 143.10747627353263 13
      vertex 42.567991859566376 160.89252372646737 13
      vertex 42.416517034417765 143.53522798411393 13
    endloop
  endfacet
  facet normal 0 0 1
    outer loop
      vertex 42.567991859566376 143.10747627353263 13
      vertex 42.726908911072755 142.6824333118222 13
      vertex 42.726908911072755 161.3175666881778 13
    endloop
  endfacet
  facet normal 0 0 1
    outer loop
      vertex 42.726908911072755 142.6824333118222 13
      vertex 42.893219781263525 142.26022857118627 13
      vertex 42.893219781263525 161.73977142881373 13
    endloop
  endfacet
  facet normal 0 0 1
    outer loop
      vertex 43.06687381023655 141.84099065927887 13
      vertex 43.06687381023655 162.15900934072113 13
      vertex 42.893219781263525 142.26022857118627 13
    endloop
  endfacet
  facet normal 0 0 1
    outer loop
      vertex 43.06687381023655 141.84099065927887 13
      vertex 43.24781810129238 141.42484728002918 13
      vertex 43.24781810129238 162.57515271997082 13
    endloop
  endfacet
  facet normal 0 0 1
    outer loop
      vertex 43.4359975370471 141.01192519474182 13
      vertex 43.4359975370471 162.98807480525818 13
      vertex 43.24781810129238 141.42484728002918 13
    endloop
  endfacet
  facet normal 0 0 1
    outer loop
      vertex 41.88592851648423 145.27070482733447 13
      vertex 42.00719590560371 144.83342874875802 13
      vertex 42.00719590560371 159.16657125124198 13
    endloop
  endfacet
  facet normal 0 0 1
    outer loop
      vertex 42.13607634496108 144.39833567720885 13
      vertex 42.13607634496108 159.60166432279115 13
      vertex 42.00719590560371 144.83342874875802 13
    endloop
  endfacet
  facet normal 0 0 1
    outer loop
      vertex 42.13607634496108 144.39833567720885 13
      vertex 42.272530576326005 143.96555814625137 13
      vertex 42.272530576326005 160.03444185374863 13
    endloop
  endfacet
  facet normal 0 0 1
    outer loop
      vertex 41.00395992593383 151.54623743263062 13
      vertex 41.01583849750351 152.90738691426503 13
      vertex 41.00395992593383 152.45376256736938 13
    endloop
  endfacet
  facet normal 0 0 1
    outer loop
      vertex 41.01583849750351 151.09261308573497 13
      vertex 41.03563209638108 153.36073486231655 13
      vertex 41.01583849750351 152.90738691426503 13
    endloop
  endfacet
  facet normal 0 0 1
    outer loop
      vertex 41.03563209638108 150.63926513768345 13
      vertex 41.06333469324457 153.81366831734726 13
      vertex 41.03563209638108 153.36073486231655 13
    endloop
  endfacet
  facet normal 0 0 1
    outer loop
      vertex 41.06333469324457 150.18633168265274 13
      vertex 41.098937849614614 154.2660493114391 13
      vertex 41.06333469324457 153.81366831734726 13
    endloop
  endfacet
  facet normal 0 0 1
    outer loop
      vertex 41.098937849614614 149.7339506885609 13
      vertex 41.1424307204249 154.717740044959 13
      vertex 41.098937849614614 154.2660493114391 13
    endloop
  endfacet
  facet normal 0 0 1
    outer loop
      vertex 41.1424307204249 149.282259955041 13
      vertex 41.19380005732563 155.16860292853383 13
      vertex 41.1424307204249 154.717740044959 13
    endloop
  endfacet
  facet normal 0 0 1
    outer loop
      vertex 41.19380005732563 148.83139707146617 13
      vertex 41.25303021271917 155.6185006249617 13
      vertex 41.19380005732563 155.16860292853383 13
    endloop
  endfacet
  facet normal 0 0 1
    outer loop
      vertex 41.25303021271917 148.3814993750383 13
      vertex 41.32010314452641 156.067296091046 13
      vertex 41.25303021271917 155.6185006249617 13
    endloop
  endfacet
  facet normal 0 0 1
    outer loop
      vertex 41.32010314452641 147.932703908954 13
      vertex 41.39499842168259 156.5148526193402 13
      vertex 41.32010314452641 156.067296091046 13
    endloop
  endfacet
  facet normal 0 0 1
    outer loop
      vertex 41.39499842168259 147.4851473806598 13
      vertex 41.477693230360735 156.96103387979016 13
      vertex 41.39499842168259 156.5148526193402 13
    endloop
  endfacet
  facet normal 0 0 1
    outer loop
      vertex 41.477693230360735 147.03896612020984 13
      vertex 41.56816238092105 157.40570396126174 13
      vertex 41.477693230360735 156.96103387979016 13
    endloop
  endfacet
  facet normal 0 0 1
    outer loop
      vertex 41.56816238092105 146.59429603873826 13
      vertex 41.666378315583884 157.8487274129405 13
      vertex 41.56816238092105 157.40570396126174 13
    endloop
  endfacet
  facet normal 0 0 1
    outer loop
      vertex 41.666378315583884 146.1512725870595 13
      vertex 41.77231111682409 158.28996928559135 13
      vertex 41.666378315583884 157.8487274129405 13
    endloop
  endfacet
  facet normal 0 0 1
    outer loop
      vertex 41.77231111682409 145.71003071440865 13
      vertex 41.88592851648423 158.72929517266553 13
      vertex 41.77231111682409 158.28996928559135 13
    endloop
  endfacet
  facet normal 0 0 1
    outer loop
      vertex 41.88592851648423 145.27070482733447 13
      vertex 42.00719590560371 159.16657125124198 13
      vertex 41.88592851648423 158.72929517266553 13
    endloop
  endfacet
  facet normal 0 0 1
    outer loop
      vertex 42.00719590560371 144.83342874875802 13
      vertex 42.13607634496108 159.60166432279115 13
      vertex 42.00719590560371 159.16657125124198 13
    endloop
  endfacet
  facet normal 0 0 1
    outer loop
      vertex 42.13607634496108 144.39833567720885 13
      vertex 42.272530576326005 160.03444185374863 13
      vertex 42.13607634496108 159.60166432279115 13
    endloop
  endfacet
  facet normal 0 0 1
    outer loop
      vertex 42.272530576326005 143.96555814625137 13
      vertex 42.416517034417765 160.46477201588607 13
      vertex 42.272530576326005 160.03444185374863 13
    endloop
  endfacet
  facet normal 0 0 1
    outer loop
      vertex 42.416517034417765 143.53522798411393 13
      vertex 42.567991859566376 160.89252372646737 13
      vertex 42.416517034417765 160.46477201588607 13
    endloop
  endfacet
  facet normal 0 0 1
    outer loop
      vertex 42.567991859566376 143.10747627353263 13
      vertex 42.726908911072755 161.3175666881778 13
      vertex 42.567991859566376 160.89252372646737 13
    endloop
  endfacet
  facet normal 0 0 1
    outer loop
      vertex 42.726908911072755 142.6824333118222 13
      vertex 42.893219781263525 161.73977142881373 13
      vertex 42.726908911072755 161.3175666881778 13
    endloop
  endfacet
  facet normal 0 0 1
    outer loop
      vertex 42.893219781263525 142.26022857118627 13
      vertex 43.06687381023655 162.15900934072113 13
      vertex 42.893219781263525 161.73977142881373 13
    endloop
  endfacet
  facet normal 0 0 1
    outer loop
      vertex 43.06687381023655 141.84099065927887 13
      vertex 43.24781810129238 162.57515271997082 13
      vertex 43.06687381023655 162.15900934072113 13
    endloop
  endfacet
  facet normal 0 0 1
    outer loop
      vertex 43.24781810129238 141.42484728002918 13
      vertex 43.4359975370471 162.98807480525818 13
      vertex 43.24781810129238 162.57515271997082 13
    endloop
  endfacet
  facet normal 0 0 1
    outer loop
      vertex 43.4359975370471 141.01192519474182 13
      vertex 43.63135479622166 140.602350183484 13
      vertex 43.63135479622166 163.397649816516 13
    endloop
  endfacet
  facet normal 0 0 1
    outer loop
      vertex 43.83383037110244 140.19624700677178 13
      vertex 43.83383037110244 163.80375299322822 13
      vertex 43.63135479622166 140.602350183484 13
    endloop
  endfacet
  facet normal 0 0 1
    outer loop
      vertex 43.83383037110244 140.19624700677178 13
      vertex 44.0433625856679 139.79373936756684 13
      vertex 44.0433625856679 164.20626063243316 13
    endloop
  endfacet
  facet normal 0 0 1
    outer loop
      vertex 44.259887614375714 139.39494987359524 13
      vertex 44.259887614375714 164.60505012640476 13
      vertex 44.0433625856679 139.79373936756684 13
    endloop
  endfacet
  facet normal 0 0 1
    outer loop
      vertex 44.4833395016046 139 13
      vertex 44.4833395016046 165 13
      vertex 44.259887614375714 139.39494987359524 13
    endloop
  endfacet
  facet normal 0 0 1
    outer loop
      vertex 44.4833395016046 139 13
      vertex 44.71365018174508 138.6090100523386 13
      vertex 44.71365018174508 165.3909899476614 13
    endloop
  endfacet
  facet normal 0 0 1
    outer loop
      vertex 44.950749499932925 138.22209912993668 13
      vertex 44.950749499932925 165.77790087006332 13
      vertex 44.71365018174508 138.6090100523386 13
    endloop
  endfacet
  facet normal 0 0 1
    outer loop
      vertex 44.950749499932925 138.22209912993668 13
      vertex 45.19456523341897 137.8393850896093 13
      vertex 45.19456523341897 166.1606149103907 13
    endloop
  endfacet
  facet normal 0 0 1
    outer loop
      vertex 45.445023113568915 137.46098450976058 13
      vertex 45.70204684848621 137.0870126548728 13
      vertex 45.70204684848621 166.9129873451272 13
    endloop
  endfacet
  facet normal 0 0 1
    outer loop
      vertex 45.445023113568915 137.46098450976058 13
      vertex 45.445023113568915 166.53901549023942 13
      vertex 45.19456523341897 137.8393850896093 13
    endloop
  endfacet
  facet normal 0 0 1
    outer loop
      vertex 45.70204684848621 137.0870126548728 13
      vertex 45.96555814625137 136.71758344039569 13
      vertex 45.96555814625137 167.28241655960431 13
    endloop
  endfacet
  facet normal 0 0 1
    outer loop
      vertex 45.96555814625137 136.71758344039569 13
      vertex 46.23547673877039 136.35280939804676 13
      vertex 46.23547673877039 167.64719060195324 13
    endloop
  endfacet
  facet normal 0 0 1
    outer loop
      vertex 46.23547673877039 136.35280939804676 13
      vertex 46.51172040622523 135.99280164153288 13
      vertex 46.51172040622523 168.00719835846712 13
    endloop
  endfacet
  facet normal 0 0 1
    outer loop
      vertex 43.4359975370471 141.01192519474182 13
      vertex 43.63135479622166 163.397649816516 13
      vertex 43.4359975370471 162.98807480525818 13
    endloop
  endfacet
  facet normal 0 0 1
    outer loop
      vertex 43.63135479622166 140.602350183484 13
      vertex 43.83383037110244 163.80375299322822 13
      vertex 43.63135479622166 163.397649816516 13
    endloop
  endfacet
  facet normal 0 0 1
    outer loop
      vertex 43.83383037110244 140.19624700677178 13
      vertex 44.0433625856679 164.20626063243316 13
      vertex 43.83383037110244 163.80375299322822 13
    endloop
  endfacet
  facet normal 0 0 1
    outer loop
      vertex 44.0433625856679 139.79373936756684 13
      vertex 44.259887614375714 164.60505012640476 13
      vertex 44.0433625856679 164.20626063243316 13
    endloop
  endfacet
  facet normal 0 0 1
    outer loop
      vertex 44.259887614375714 139.39494987359524 13
      vertex 44.4833395016046 165 13
      vertex 44.259887614375714 164.60505012640476 13
    endloop
  endfacet
  facet normal 0 0 1
    outer loop
      vertex 44.4833395016046 139 13
      vertex 44.71365018174508 165.3909899476614 13
      vertex 44.4833395016046 165 13
    endloop
  endfacet
  facet normal 0 0 1
    outer loop
      vertex 44.71365018174508 138.6090100523386 13
      vertex 44.950749499932925 165.77790087006332 13
      vertex 44.71365018174508 165.3909899476614 13
    endloop
  endfacet
  facet normal 0 0 1
    outer loop
      vertex 44.950749499932925 138.22209912993668 13
      vertex 45.19456523341897 166.1606149103907 13
      vertex 44.950749499932925 165.77790087006332 13
    endloop
  endfacet
  facet normal 0 0 1
    outer loop
      vertex 45.19456523341897 137.8393850896093 13
      vertex 45.445023113568915 166.53901549023942 13
      vertex 45.19456523341897 166.1606149103907 13
    endloop
  endfacet
  facet normal 0 0 1
    outer loop
      vertex 45.445023113568915 137.46098450976058 13
      vertex 45.70204684848621 166.9129873451272 13
      vertex 45.445023113568915 166.53901549023942 13
    endloop
  endfacet
  facet normal 0 0 1
    outer loop
      vertex 45.70204684848621 137.0870126548728 13
      vertex 45.96555814625137 167.28241655960431 13
      vertex 45.70204684848621 166.9129873451272 13
    endloop
  endfacet
  facet normal 0 0 1
    outer loop
      vertex 45.96555814625137 136.71758344039569 13
      vertex 46.23547673877039 167.64719060195324 13
      vertex 45.96555814625137 167.28241655960431 13
    endloop
  endfacet
  facet normal 0 0 1
    outer loop
      vertex 46.23547673877039 136.35280939804676 13
      vertex 46.51172040622523 168.00719835846712 13
      vertex 46.23547673877039 167.64719060195324 13
    endloop
  endfacet
  facet normal 0.9681476403781057 0.250380004054449 0
    outer loop
      vertex 41.77231111682409 145.71003071440865 13
      vertex 41.77231111682409 145.71003071440865 19
      vertex 41.88592851648423 145.27070482733447 13
    endloop
  endfacet
  facet normal 0.9762960071199335 0.21643961393810246 0
    outer loop
      vertex 41.56816238092105 146.59429603873826 13
      vertex 41.56816238092105 146.59429603873826 19
      vertex 41.666378315583884 146.1512725870595 13
    endloop
  endfacet
  facet normal 0.9723699203976757 0.23344536385590914 6.67246735301891e-19
    outer loop
      vertex 41.77231111682409 145.71003071440865 13
      vertex 41.666378315583884 146.1512725870595 13
      vertex 41.666378315583884 146.1512725870595 19
    endloop
  endfacet
  facet normal 0.9366721892483963 0.35020738125947054 0
    outer loop
      vertex 42.567991859566376 143.10747627353263 13
      vertex 42.567991859566376 143.10747627353263 19
      vertex 42.726908911072755 142.6824333118222 13
    endloop
  endfacet
  facet normal 0.9426414910921816 0.3338068592337615 -1.450004147163004e-18
    outer loop
      vertex 42.567991859566376 143.10747627353263 13
      vertex 42.416517034417765 143.53522798411393 13
      vertex 42.416517034417765 143.53522798411393 19
    endloop
  endfacet
  facet normal 0.9238795325112844 0.3826834323650954 -9.745663273829838e-19
    outer loop
      vertex 43.06687381023655 141.84099065927887 13
      vertex 42.893219781263525 142.26022857118627 13
      vertex 42.893219781263525 142.26022857118627 19
    endloop
  endfacet
  facet normal 0.9099612708765409 0.41469324265624413 -8.39789829199401e-19
    outer loop
      vertex 43.4359975370471 141.01192519474182 13
      vertex 43.24781810129238 141.42484728002918 13
      vertex 43.24781810129238 141.42484728002918 19
    endloop
  endfacet
  facet normal 0.9170600743851204 0.39874906892525436 0
    outer loop
      vertex 43.06687381023655 141.84099065927887 13
      vertex 43.06687381023655 141.84099065927887 19
      vertex 43.24781810129238 141.42484728002918 13
    endloop
  endfacet
  facet normal 0.9304175679820307 0.3665012267242817 0
    outer loop
      vertex 42.726908911072755 142.6824333118222 13
      vertex 42.726908911072755 142.6824333118222 19
      vertex 42.893219781263525 142.26022857118627 13
    endloop
  endfacet
  facet normal 0.9537169507482319 0.30070579950425713 0
    outer loop
      vertex 42.13607634496108 144.39833567720885 13
      vertex 42.13607634496108 144.39833567720885 19
      vertex 42.272530576326005 143.96555814625137 13
    endloop
  endfacet
  facet normal 0.9588197348681893 0.2840153447039356 5.96909328152405e-19
    outer loop
      vertex 42.13607634496108 144.39833567720885 13
      vertex 42.00719590560371 144.83342874875802 13
      vertex 42.00719590560371 144.83342874875802 19
    endloop
  endfacet
  facet normal 0.9483236552061959 0.31730465640510247 -6.468826148384281e-19
    outer loop
      vertex 42.416517034417765 143.53522798411393 13
      vertex 42.272530576326005 143.96555814625137 13
      vertex 42.272530576326005 143.96555814625137 19
    endloop
  endfacet
  facet normal 0.9636304532086262 0.267238376078245 0
    outer loop
      vertex 41.88592851648423 145.27070482733447 13
      vertex 41.88592851648423 145.27070482733447 19
      vertex 42.00719590560371 144.83342874875802 13
    endloop
  endfacet
  facet normal 0.8949343616020251 0.44619781310980866 2.4321468231325364e-18
    outer loop
      vertex 43.83383037110244 140.19624700677178 13
      vertex 43.63135479622166 140.602350183484 13
      vertex 43.63135479622166 140.602350183484 19
    endloop
  endfacet
  facet normal 0.8788171126619633 0.4771587602596125 -7.234150911105394e-19
    outer loop
      vertex 44.259887614375714 139.39494987359524 13
      vertex 44.0433625856679 139.79373936756684 13
      vertex 44.0433625856679 139.79373936756684 19
    endloop
  endfacet
  facet normal 0.887010833178221 0.4617486132350351 0
    outer loop
      vertex 43.83383037110244 140.19624700677178 13
      vertex 43.83383037110244 140.19624700677178 19
      vertex 44.0433625856679 139.79373936756684 13
    endloop
  endfacet
  facet normal 0.8703556959399025 0.49242356010346205 5.137971145839521e-19
    outer loop
      vertex 44.4833395016046 139 13
      vertex 44.259887614375714 139.39494987359524 13
      vertex 44.259887614375714 139.39494987359524 19
    endloop
  endfacet
  facet normal 0.8616291604415276 0.507538362960701 0
    outer loop
      vertex 44.4833395016046 139 13
      vertex 44.4833395016046 139 19
      vertex 44.71365018174508 138.6090100523386 13
    endloop
  endfacet
  facet normal 0.8526401643540861 0.5224985647159589 2.9539024609398515e-19
    outer loop
      vertex 44.950749499932925 138.22209912993668 13
      vertex 44.71365018174508 138.6090100523386 13
      vertex 44.71365018174508 138.6090100523386 19
    endloop
  endfacet
  facet normal 0.8338858220671657 0.551936985312062 -1.338733386271579e-18
    outer loop
      vertex 45.445023113568915 137.46098450976058 13
      vertex 45.19456523341897 137.8393850896093 13
      vertex 45.19456523341897 137.8393850896093 19
    endloop
  endfacet
  facet normal 0.8241261886220087 0.5664062369248429 0
    outer loop
      vertex 45.445023113568915 137.46098450976058 13
      vertex 45.445023113568915 137.46098450976058 19
      vertex 45.70204684848621 137.0870126548728 13
    endloop
  endfacet
  facet normal 0.7933533402912525 0.6087614290086981 0
    outer loop
      vertex 46.23547673877039 136.35280939804676 13
      vertex 46.23547673877039 136.35280939804676 19
      vertex 46.51172040622523 135.99280164153288 13
    endloop
  endfacet
  facet normal 0.8141155183563313 0.5807029557109229 0
    outer loop
      vertex 45.70204684848621 137.0870126548728 13
      vertex 45.70204684848621 137.0870126548728 19
      vertex 45.96555814625137 136.71758344039569 13
    endloop
  endfacet
  facet normal 0.8038568606171959 0.5948227867513703 0
    outer loop
      vertex 45.96555814625137 136.71758344039569 13
      vertex 45.96555814625137 136.71758344039569 19
      vertex 46.23547673877039 136.35280939804676 13
    endloop
  endfacet
  facet normal 0.8433914458128979 0.5372996083468046 0
    outer loop
      vertex 44.950749499932925 138.22209912993668 13
      vertex 44.950749499932925 138.22209912993668 19
      vertex 45.19456523341897 137.8393850896093 13
    endloop
  endfacet
  facet normal 0.9025852843498614 0.4305110968082936 0
    outer loop
      vertex 43.4359975370471 141.01192519474182 13
      vertex 43.4359975370471 141.01192519474182 19
      vertex 43.63135479622166 140.602350183484 13
    endloop
  endfacet
  facet normal 0.983254907563954 0.18223552549215138 1.2524082295010428e-18
    outer loop
      vertex 41.477693230360735 147.03896612020984 13
      vertex 41.39499842168259 147.4851473806598 13
      vertex 41.39499842168259 147.4851473806598 19
    endloop
  endfacet
  facet normal 0.9862856015372315 0.16504760586067696 -1.2551385396330481e-18
    outer loop
      vertex 41.39499842168259 147.4851473806598 13
      vertex 41.32010314452641 147.932703908954 13
      vertex 41.32010314452641 147.932703908954 19
    endloop
  endfacet
  facet normal 0.9799247046208288 0.19936793441720121 4.535494268758872e-19
    outer loop
      vertex 41.56816238092105 146.59429603873826 13
      vertex 41.477693230360735 147.03896612020984 13
      vertex 41.477693230360735 147.03896612020984 19
    endloop
  endfacet
  facet normal 0.989015863361916 0.1478094111296155 -2.124960562814749e-19
    outer loop
      vertex 41.32010314452641 147.932703908954 13
      vertex 41.25303021271917 148.3814993750383 13
      vertex 41.25303021271917 148.3814993750383 19
    endloop
  endfacet
  facet normal 0.9914448613738136 0.13052619222002768 3.7344014829792464e-19
    outer loop
      vertex 41.25303021271917 148.3814993750383 13
      vertex 41.19380005732563 148.83139707146617 13
      vertex 41.19380005732563 148.83139707146617 19
    endloop
  endfacet
  facet normal 0.9935718556765875 0.11320321376790791 -5.530114886806906e-19
    outer loop
      vertex 41.19380005732563 148.83139707146617 13
      vertex 41.1424307204249 149.282259955041 13
      vertex 41.1424307204249 149.282259955041 19
    endloop
  endfacet
  facet normal 0.9969173337331281 0.07845909572784199 -2.1300936546416309e-19
    outer loop
      vertex 41.098937849614614 149.7339506885609 13
      vertex 41.06333469324457 150.18633168265274 13
      vertex 41.06333469324457 150.18633168265274 19
    endloop
  endfacet
  facet normal 0.9981347984218667 0.06104853953486001 1.9172152230863331e-19
    outer loop
      vertex 41.06333469324457 150.18633168265274 13
      vertex 41.03563209638108 150.63926513768345 13
      vertex 41.03563209638108 150.63926513768345 19
    endloop
  endfacet
  facet normal 0.9990482215818576 0.043619387365339074 -1.240684746511355e-19
    outer loop
      vertex 41.03563209638108 150.63926513768345 13
      vertex 41.01583849750351 151.09261308573497 13
      vertex 41.01583849750351 151.09261308573497 19
    endloop
  endfacet
  facet normal 0.9996573249755574 0.02617694830786978 -1.1906904688098153e-19
    outer loop
      vertex 41.01583849750351 151.09261308573497 13
      vertex 41.00395992593383 151.54623743263062 13
      vertex 41.00395992593383 151.54623743263062 19
    endloop
  endfacet
  facet normal 0.9999619230641712 0.008726535498372984 2.938578994383762e-20
    outer loop
      vertex 41.00395992593383 151.54623743263062 13
      vertex 41 152 13
      vertex 41 152 19
    endloop
  endfacet
  facet normal 0.9953961983671776 0.09584575252023612 5.2044057540600277e-20
    outer loop
      vertex 41.1424307204249 149.282259955041 13
      vertex 41.098937849614614 149.7339506885609 13
      vertex 41.098937849614614 149.7339506885609 19
    endloop
  endfacet
  facet normal 0.9999619230641712 -0.008726535498372984 -2.938578994383762e-20
    outer loop
      vertex 41 152 13
      vertex 41.00395992593383 152.45376256736938 13
      vertex 41.00395992593383 152.45376256736938 19
    endloop
  endfacet
  facet normal 0.9996573249755574 -0.02617694830786978 1.1906904688098153e-19
    outer loop
      vertex 41.00395992593383 152.45376256736938 13
      vertex 41.01583849750351 152.90738691426503 13
      vertex 41.01583849750351 152.90738691426503 19
    endloop
  endfacet
  facet normal 0.9990482215818576 -0.043619387365339074 1.240684746511355e-19
    outer loop
      vertex 41.01583849750351 152.90738691426503 13
      vertex 41.03563209638108 153.36073486231655 13
      vertex 41.03563209638108 153.36073486231655 19
    endloop
  endfacet
  facet normal 0.9981347984218667 -0.06104853953486001 -1.9172152230863331e-19
    outer loop
      vertex 41.03563209638108 153.36073486231655 13
      vertex 41.06333469324457 153.81366831734726 13
      vertex 41.06333469324457 153.81366831734726 19
    endloop
  endfacet
  facet normal 0.9969173337331281 -0.07845909572784199 2.1300936546416309e-19
    outer loop
      vertex 41.06333469324457 153.81366831734726 13
      vertex 41.098937849614614 154.2660493114391 13
      vertex 41.098937849614614 154.2660493114391 19
    endloop
  endfacet
  facet normal 0.9953961983671776 -0.09584575252023612 -5.2044057540600277e-20
    outer loop
      vertex 41.098937849614614 154.2660493114391 13
      vertex 41.1424307204249 154.717740044959 13
      vertex 41.1424307204249 154.717740044959 19
    endloop
  endfacet
  facet normal 0.9935718556765875 -0.11320321376790791 5.530114886806906e-19
    outer loop
      vertex 41.1424307204249 154.717740044959 13
      vertex 41.19380005732563 155.16860292853383 13
      vertex 41.19380005732563 155.16860292853383 19
    endloop
  endfacet
  facet normal 0.9914448613738136 -0.13052619222002768 -3.7344014829792464e-19
    outer loop
      vertex 41.19380005732563 155.16860292853383 13
      vertex 41.25303021271917 155.6185006249617 13
      vertex 41.25303021271917 155.6185006249617 19
    endloop
  endfacet
  facet normal 0.989015863361916 -0.1478094111296155 2.124960562814749e-19
    outer loop
      vertex 41.25303021271917 155.6185006249617 13
      vertex 41.32010314452641 156.067296091046 13
      vertex 41.32010314452641 156.067296091046 19
    endloop
  endfacet
  facet normal 0.9862856015372315 -0.16504760586067696 1.2551385396330481e-18
    outer loop
      vertex 41.32010314452641 156.067296091046 13
      vertex 41.39499842168259 156.5148526193402 13
      vertex 41.39499842168259 156.5148526193402 19
    endloop
  endfacet
  facet normal 0.983254907563954 -0.18223552549215138 -1.2524082295010428e-18
    outer loop
      vertex 41.39499842168259 156.5148526193402 13
      vertex 41.477693230360735 156.96103387979016 13
      vertex 41.477693230360735 156.96103387979016 19
    endloop
  endfacet
  facet normal 0.9799247046208288 -0.19936793441720121 -4.535494268758872e-19
    outer loop
      vertex 41.477693230360735 156.96103387979016 13
      vertex 41.56816238092105 157.40570396126174 13
      vertex 41.56816238092105 157.40570396126174 19
    endloop
  endfacet
  facet normal 0.9762960071199335 -0.21643961393810246 1.6655656229060918e-19
    outer loop
      vertex 41.56816238092105 157.40570396126174 13
      vertex 41.666378315583884 157.8487274129405 13
      vertex 41.666378315583884 157.8487274129405 19
    endloop
  endfacet
  facet normal 0.9681476403781057 0.250380004054449 0
    outer loop
      vertex 41.88592851648423 145.27070482733447 13
      vertex 41.77231111682409 145.71003071440865 19
      vertex 41.88592851648423 145.27070482733447 19
    endloop
  endfacet
  facet normal 0.9762960071199335 0.21643961393810246 0
    outer loop
      vertex 41.666378315583884 146.1512725870595 13
      vertex 41.56816238092105 146.59429603873826 19
      vertex 41.666378315583884 146.1512725870595 19
    endloop
  endfacet
  facet normal 0.9723699203976757 0.23344536385590914 0
    outer loop
      vertex 41.77231111682409 145.71003071440865 13
      vertex 41.666378315583884 146.1512725870595 19
      vertex 41.77231111682409 145.71003071440865 19
    endloop
  endfacet
  facet normal 0.9426414910921816 0.3338068592337615 0
    outer loop
      vertex 42.567991859566376 143.10747627353263 13
      vertex 42.416517034417765 143.53522798411393 19
      vertex 42.567991859566376 143.10747627353263 19
    endloop
  endfacet
  facet normal 0.9238795325112844 0.3826834323650954 0
    outer loop
      vertex 43.06687381023655 141.84099065927887 13
      vertex 42.893219781263525 142.26022857118627 19
      vertex 43.06687381023655 141.84099065927887 19
    endloop
  endfacet
  facet normal 0.9099612708765409 0.41469324265624413 0
    outer loop
      vertex 43.4359975370471 141.01192519474182 13
      vertex 43.24781810129238 141.42484728002918 19
      vertex 43.4359975370471 141.01192519474182 19
    endloop
  endfacet
  facet normal 0.9170600743851204 0.39874906892525436 0
    outer loop
      vertex 43.24781810129238 141.42484728002918 13
      vertex 43.06687381023655 141.84099065927887 19
      vertex 43.24781810129238 141.42484728002918 19
    endloop
  endfacet
  facet normal 0.9366721892483963 0.35020738125947054 0
    outer loop
      vertex 42.726908911072755 142.6824333118222 13
      vertex 42.567991859566376 143.10747627353263 19
      vertex 42.726908911072755 142.6824333118222 19
    endloop
  endfacet
  facet normal 0.9304175679820307 0.3665012267242817 0
    outer loop
      vertex 42.893219781263525 142.26022857118627 13
      vertex 42.726908911072755 142.6824333118222 19
      vertex 42.893219781263525 142.26022857118627 19
    endloop
  endfacet
  facet normal 0.9537169507482319 0.30070579950425713 0
    outer loop
      vertex 42.272530576326005 143.96555814625137 13
      vertex 42.13607634496108 144.39833567720885 19
      vertex 42.272530576326005 143.96555814625137 19
    endloop
  endfacet
  facet normal 0.9636304532086262 0.267238376078245 0
    outer loop
      vertex 42.00719590560371 144.83342874875802 13
      vertex 41.88592851648423 145.27070482733447 19
      vertex 42.00719590560371 144.83342874875802 19
    endloop
  endfacet
  facet normal 0.9588197348681893 0.2840153447039356 0
    outer loop
      vertex 42.13607634496108 144.39833567720885 13
      vertex 42.00719590560371 144.83342874875802 19
      vertex 42.13607634496108 144.39833567720885 19
    endloop
  endfacet
  facet normal 0.9483236552061959 0.31730465640510247 0
    outer loop
      vertex 42.416517034417765 143.53522798411393 13
      vertex 42.272530576326005 143.96555814625137 19
      vertex 42.416517034417765 143.53522798411393 19
    endloop
  endfacet
  facet normal 0.9025852843498614 0.4305110968082936 0
    outer loop
      vertex 43.63135479622166 140.602350183484 13
      vertex 43.4359975370471 141.01192519474182 19
      vertex 43.63135479622166 140.602350183484 19
    endloop
  endfacet
  facet normal 0.8949343616020251 0.44619781310980866 0
    outer loop
      vertex 43.83383037110244 140.19624700677178 13
      vertex 43.63135479622166 140.602350183484 19
      vertex 43.83383037110244 140.19624700677178 19
    endloop
  endfacet
  facet normal 0.887010833178221 0.4617486132350351 0
    outer loop
      vertex 44.0433625856679 139.79373936756684 13
      vertex 43.83383037110244 140.19624700677178 19
      vertex 44.0433625856679 139.79373936756684 19
    endloop
  endfacet
  facet normal 0.8703556959399025 0.49242356010346205 0
    outer loop
      vertex 44.4833395016046 139 13
      vertex 44.259887614375714 139.39494987359524 19
      vertex 44.4833395016046 139 19
    endloop
  endfacet
  facet normal 0.8526401643540861 0.5224985647159589 0
    outer loop
      vertex 44.950749499932925 138.22209912993668 13
      vertex 44.71365018174508 138.6090100523386 19
      vertex 44.950749499932925 138.22209912993668 19
    endloop
  endfacet
  facet normal 0.8616291604415276 0.507538362960701 0
    outer loop
      vertex 44.71365018174508 138.6090100523386 13
      vertex 44.4833395016046 139 19
      vertex 44.71365018174508 138.6090100523386 19
    endloop
  endfacet
  facet normal 0.8788171126619633 0.4771587602596125 0
    outer loop
      vertex 44.259887614375714 139.39494987359524 13
      vertex 44.0433625856679 139.79373936756684 19
      vertex 44.259887614375714 139.39494987359524 19
    endloop
  endfacet
  facet normal 0.8338858220671657 0.551936985312062 0
    outer loop
      vertex 45.445023113568915 137.46098450976058 13
      vertex 45.19456523341897 137.8393850896093 19
      vertex 45.445023113568915 137.46098450976058 19
    endloop
  endfacet
  facet normal 0.8241261886220087 0.5664062369248429 0
    outer loop
      vertex 45.70204684848621 137.0870126548728 13
      vertex 45.445023113568915 137.46098450976058 19
      vertex 45.70204684848621 137.0870126548728 19
    endloop
  endfacet
  facet normal 0.7933533402912525 0.6087614290086981 0
    outer loop
      vertex 46.51172040622523 135.99280164153288 13
      vertex 46.23547673877039 136.35280939804676 19
      vertex 46.51172040622523 135.99280164153288 19
    endloop
  endfacet
  facet normal 0.8141155183563313 0.5807029557109229 0
    outer loop
      vertex 45.96555814625137 136.71758344039569 13
      vertex 45.70204684848621 137.0870126548728 19
      vertex 45.96555814625137 136.71758344039569 19
    endloop
  endfacet
  facet normal 0.8038568606171959 0.5948227867513703 0
    outer loop
      vertex 46.23547673877039 136.35280939804676 13
      vertex 45.96555814625137 136.71758344039569 19
      vertex 46.23547673877039 136.35280939804676 19
    endloop
  endfacet
  facet normal 0.8433914458128979 0.5372996083468046 0
    outer loop
      vertex 45.19456523341897 137.8393850896093 13
      vertex 44.950749499932925 138.22209912993668 19
      vertex 45.19456523341897 137.8393850896093 19
    endloop
  endfacet
  facet normal 0.983254907563954 0.18223552549215138 0
    outer loop
      vertex 41.477693230360735 147.03896612020984 13
      vertex 41.39499842168259 147.4851473806598 19
      vertex 41.477693230360735 147.03896612020984 19
    endloop
  endfacet
  facet normal 0.9862856015372315 0.16504760586067696 0
    outer loop
      vertex 41.39499842168259 147.4851473806598 13
      vertex 41.32010314452641 147.932703908954 19
      vertex 41.39499842168259 147.4851473806598 19
    endloop
  endfacet
  facet normal 0.9799247046208288 0.19936793441720121 0
    outer loop
      vertex 41.56816238092105 146.59429603873826 13
      vertex 41.477693230360735 147.03896612020984 19
      vertex 41.56816238092105 146.59429603873826 19
    endloop
  endfacet
  facet normal 0.9914448613738136 0.13052619222002768 0
    outer loop
      vertex 41.25303021271917 148.3814993750383 13
      vertex 41.19380005732563 148.83139707146617 19
      vertex 41.25303021271917 148.3814993750383 19
    endloop
  endfacet
  facet normal 0.989015863361916 0.1478094111296155 0
    outer loop
      vertex 41.32010314452641 147.932703908954 13
      vertex 41.25303021271917 148.3814993750383 19
      vertex 41.32010314452641 147.932703908954 19
    endloop
  endfacet
  facet normal 0.9935718556765875 0.11320321376790791 0
    outer loop
      vertex 41.19380005732563 148.83139707146617 13
      vertex 41.1424307204249 149.282259955041 19
      vertex 41.19380005732563 148.83139707146617 19
    endloop
  endfacet
  facet normal 0.9981347984218667 0.06104853953486001 0
    outer loop
      vertex 41.06333469324457 150.18633168265274 13
      vertex 41.03563209638108 150.63926513768345 19
      vertex 41.06333469324457 150.18633168265274 19
    endloop
  endfacet
  facet normal 0.9990482215818576 0.043619387365339074 0
    outer loop
      vertex 41.03563209638108 150.63926513768345 13
      vertex 41.01583849750351 151.09261308573497 19
      vertex 41.03563209638108 150.63926513768345 19
    endloop
  endfacet
  facet normal 0.9996573249755574 0.02617694830786978 0
    outer loop
      vertex 41.01583849750351 151.09261308573497 13
      vertex 41.00395992593383 151.54623743263062 19
      vertex 41.01583849750351 151.09261308573497 19
    endloop
  endfacet
  facet normal 0.9999619230641712 0.008726535498372984 0
    outer loop
      vertex 41.00395992593383 151.54623743263062 13
      vertex 41 152 19
      vertex 41.00395992593383 151.54623743263062 19
    endloop
  endfacet
  facet normal 0.9999619230641712 -0.008726535498372984 0
    outer loop
      vertex 41 152 13
      vertex 41.00395992593383 152.45376256736938 19
      vertex 41 152 19
    endloop
  endfacet
  facet normal 0.9953961983671776 0.09584575252023612 0
    outer loop
      vertex 41.1424307204249 149.282259955041 13
      vertex 41.098937849614614 149.7339506885609 19
      vertex 41.1424307204249 149.282259955041 19
    endloop
  endfacet
  facet normal 0.9969173337331281 0.07845909572784199 0
    outer loop
      vertex 41.098937849614614 149.7339506885609 13
      vertex 41.06333469324457 150.18633168265274 19
      vertex 41.098937849614614 149.7339506885609 19
    endloop
  endfacet
  facet normal 0.9996573249755574 -0.02617694830786978 0
    outer loop
      vertex 41.00395992593383 152.45376256736938 13
      vertex 41.01583849750351 152.90738691426503 19
      vertex 41.00395992593383 152.45376256736938 19
    endloop
  endfacet
  facet normal 0.9990482215818576 -0.043619387365339074 0
    outer loop
      vertex 41.01583849750351 152.90738691426503 13
      vertex 41.03563209638108 153.36073486231655 19
      vertex 41.01583849750351 152.90738691426503 19
    endloop
  endfacet
  facet normal 0.9981347984218667 -0.06104853953486001 0
    outer loop
      vertex 41.03563209638108 153.36073486231655 13
      vertex 41.06333469324457 153.81366831734726 19
      vertex 41.03563209638108 153.36073486231655 19
    endloop
  endfacet
  facet normal 0.9969173337331281 -0.07845909572784199 0
    outer loop
      vertex 41.06333469324457 153.81366831734726 13
      vertex 41.098937849614614 154.2660493114391 19
      vertex 41.06333469324457 153.81366831734726 19
    endloop
  endfacet
  facet normal 0.9953961983671776 -0.09584575252023612 0
    outer loop
      vertex 41.098937849614614 154.2660493114391 13
      vertex 41.1424307204249 154.717740044959 19
      vertex 41.098937849614614 154.2660493114391 19
    endloop
  endfacet
  facet normal 0.9935718556765875 -0.11320321376790791 0
    outer loop
      vertex 41.1424307204249 154.717740044959 13
      vertex 41.19380005732563 155.16860292853383 19
      vertex 41.1424307204249 154.717740044959 19
    endloop
  endfacet
  facet normal 0.9914448613738136 -0.13052619222002768 0
    outer loop
      vertex 41.19380005732563 155.16860292853383 13
      vertex 41.25303021271917 155.6185006249617 19
      vertex 41.19380005732563 155.16860292853383 19
    endloop
  endfacet
  facet normal 0.989015863361916 -0.1478094111296155 0
    outer loop
      vertex 41.25303021271917 155.6185006249617 13
      vertex 41.32010314452641 156.067296091046 19
      vertex 41.25303021271917 155.6185006249617 19
    endloop
  endfacet
  facet normal 0.9862856015372315 -0.16504760586067696 0
    outer loop
      vertex 41.32010314452641 156.067296091046 13
      vertex 41.39499842168259 156.5148526193402 19
      vertex 41.32010314452641 156.067296091046 19
    endloop
  endfacet
  facet normal 0.983254907563954 -0.18223552549215138 0
    outer loop
      vertex 41.39499842168259 156.5148526193402 13
      vertex 41.477693230360735 156.96103387979016 19
      vertex 41.39499842168259 156.5148526193402 19
    endloop
  endfacet
  facet normal 0.9799247046208288 -0.19936793441720121 0
    outer loop
      vertex 41.477693230360735 156.96103387979016 13
      vertex 41.56816238092105 157.40570396126174 19
      vertex 41.477693230360735 156.96103387979016 19
    endloop
  endfacet
  facet normal 0.9762960071199335 -0.21643961393810246 0
    outer loop
      vertex 41.56816238092105 157.40570396126174 13
      vertex 41.666378315583884 157.8487274129405 19
      vertex 41.56816238092105 157.40570396126174 19
    endloop
  endfacet
  facet normal 0.9723699203976757 -0.23344536385590914 0
    outer loop
      vertex 41.666378315583884 157.8487274129405 13
      vertex 41.77231111682409 158.28996928559135 19
      vertex 41.666378315583884 157.8487274129405 19
    endloop
  endfacet
  facet normal 0.9723699203976757 -0.23344536385590914 -6.67246735301891e-19
    outer loop
      vertex 41.666378315583884 157.8487274129405 13
      vertex 41.77231111682409 158.28996928559135 13
      vertex 41.77231111682409 158.28996928559135 19
    endloop
  endfacet
  facet normal 0.9681476403781057 -0.250380004054449 7.514584265357237e-19
    outer loop
      vertex 41.77231111682409 158.28996928559135 13
      vertex 41.88592851648423 158.72929517266553 13
      vertex 41.88592851648423 158.72929517266553 19
    endloop
  endfacet
  facet normal 0.9636304532086262 -0.267238376078245 -6.80742112649298e-19
    outer loop
      vertex 41.88592851648423 158.72929517266553 13
      vertex 42.00719590560371 159.16657125124198 13
      vertex 42.00719590560371 159.16657125124198 19
    endloop
  endfacet
  facet normal 0.9588197348681893 -0.2840153447039356 -5.96909328152405e-19
    outer loop
      vertex 42.00719590560371 159.16657125124198 13
      vertex 42.13607634496108 159.60166432279115 13
      vertex 42.13607634496108 159.60166432279115 19
    endloop
  endfacet
  facet normal 0.9537169507482319 -0.30070579950425713 -2.7932927320758564e-19
    outer loop
      vertex 42.13607634496108 159.60166432279115 13
      vertex 42.272530576326005 160.03444185374863 13
      vertex 42.272530576326005 160.03444185374863 19
    endloop
  endfacet
  facet normal 0.9483236552061959 -0.31730465640510247 6.468826148384281e-19
    outer loop
      vertex 42.272530576326005 160.03444185374863 13
      vertex 42.416517034417765 160.46477201588607 13
      vertex 42.416517034417765 160.46477201588607 19
    endloop
  endfacet
  facet normal 0.9426414910921816 -0.3338068592337615 1.450004147163004e-18
    outer loop
      vertex 42.416517034417765 160.46477201588607 13
      vertex 42.567991859566376 160.89252372646737 13
      vertex 42.567991859566376 160.89252372646737 19
    endloop
  endfacet
  facet normal 0.9366721892483963 -0.35020738125947054 -1.099260628569566e-18
    outer loop
      vertex 42.567991859566376 160.89252372646737 13
      vertex 42.726908911072755 161.3175666881778 13
      vertex 42.726908911072755 161.3175666881778 19
    endloop
  endfacet
  facet normal 0.9304175679820307 -0.3665012267242817 1.3386718832532224e-18
    outer loop
      vertex 42.726908911072755 161.3175666881778 13
      vertex 42.893219781263525 161.73977142881373 13
      vertex 42.893219781263525 161.73977142881373 19
    endloop
  endfacet
  facet normal 0.9238795325112844 -0.3826834323650954 9.745663273829838e-19
    outer loop
      vertex 42.893219781263525 161.73977142881373 13
      vertex 43.06687381023655 162.15900934072113 13
      vertex 43.06687381023655 162.15900934072113 19
    endloop
  endfacet
  facet normal 0.9170600743851204 -0.39874906892525436 7.819701893663752e-19
    outer loop
      vertex 43.06687381023655 162.15900934072113 13
      vertex 43.24781810129238 162.57515271997082 13
      vertex 43.24781810129238 162.57515271997082 19
    endloop
  endfacet
  facet normal 0.9099612708765409 -0.41469324265624413 8.39789829199401e-19
    outer loop
      vertex 43.24781810129238 162.57515271997082 13
      vertex 43.4359975370471 162.98807480525818 13
      vertex 43.4359975370471 162.98807480525818 19
    endloop
  endfacet
  facet normal 0.9025852843498614 -0.4305110968082936 -4.0302163913762053e-19
    outer loop
      vertex 43.4359975370471 162.98807480525818 13
      vertex 43.63135479622166 163.397649816516 13
      vertex 43.63135479622166 163.397649816516 19
    endloop
  endfacet
  facet normal 0.8949343616020251 -0.44619781310980866 -2.4321468231325364e-18
    outer loop
      vertex 43.63135479622166 163.397649816516 13
      vertex 43.83383037110244 163.80375299322822 13
      vertex 43.83383037110244 163.80375299322822 19
    endloop
  endfacet
  facet normal 0.887010833178221 -0.4617486132350351 7.705121872197487e-19
    outer loop
      vertex 43.83383037110244 163.80375299322822 13
      vertex 44.0433625856679 164.20626063243316 13
      vertex 44.0433625856679 164.20626063243316 19
    endloop
  endfacet
  facet normal 0.8788171126619633 -0.4771587602596125 7.234150911105394e-19
    outer loop
      vertex 44.0433625856679 164.20626063243316 13
      vertex 44.259887614375714 164.60505012640476 13
      vertex 44.259887614375714 164.60505012640476 19
    endloop
  endfacet
  facet normal 0.8703556959399025 -0.49242356010346205 -5.137971145839521e-19
    outer loop
      vertex 44.259887614375714 164.60505012640476 13
      vertex 44.4833395016046 165 13
      vertex 44.4833395016046 165 19
    endloop
  endfacet
  facet normal 0.8616291604415276 -0.507538362960701 -1.4713438459194343e-18
    outer loop
      vertex 44.4833395016046 165 13
      vertex 44.71365018174508 165.3909899476614 13
      vertex 44.71365018174508 165.3909899476614 19
    endloop
  endfacet
  facet normal 0.8526401643540861 -0.5224985647159589 -2.9539024609398515e-19
    outer loop
      vertex 44.71365018174508 165.3909899476614 13
      vertex 44.950749499932925 165.77790087006332 13
      vertex 44.950749499932925 165.77790087006332 19
    endloop
  endfacet
  facet normal 0.8433914458128979 -0.5372996083468046 1.197852399452618e-18
    outer loop
      vertex 44.950749499932925 165.77790087006332 13
      vertex 45.19456523341897 166.1606149103907 13
      vertex 45.19456523341897 166.1606149103907 19
    endloop
  endfacet
  facet normal 0.8338858220671657 -0.551936985312062 1.338733386271579e-18
    outer loop
      vertex 45.19456523341897 166.1606149103907 13
      vertex 45.445023113568915 166.53901549023942 13
      vertex 45.445023113568915 166.53901549023942 19
    endloop
  endfacet
  facet normal 0.8241261886220087 -0.5664062369248429 1.8867685381003102e-18
    outer loop
      vertex 45.445023113568915 166.53901549023942 13
      vertex 45.70204684848621 166.9129873451272 13
      vertex 45.70204684848621 166.9129873451272 19
    endloop
  endfacet
  facet normal 0.8141155183563313 -0.5807029557109229 2.58356463805329e-19
    outer loop
      vertex 45.70204684848621 166.9129873451272 13
      vertex 45.96555814625137 167.28241655960431 13
      vertex 45.96555814625137 167.28241655960431 19
    endloop
  endfacet
  facet normal 0.8038568606171959 -0.5948227867513703 -6.00283422395579e-19
    outer loop
      vertex 45.96555814625137 167.28241655960431 13
      vertex 46.23547673877039 167.64719060195324 13
      vertex 46.23547673877039 167.64719060195324 19
    endloop
  endfacet
  facet normal 0.7933533402912525 -0.6087614290086981 -2.2639129813715957e-18
    outer loop
      vertex 46.23547673877039 167.64719060195324 13
      vertex 46.51172040622523 168.00719835846712 13
      vertex 46.51172040622523 168.00719835846712 19
    endloop
  endfacet
  facet normal 0.9681476403781057 -0.250380004054449 0
    outer loop
      vertex 41.77231111682409 158.28996928559135 13
      vertex 41.88592851648423 158.72929517266553 19
      vertex 41.77231111682409 158.28996928559135 19
    endloop
  endfacet
  facet normal 0.9636304532086262 -0.267238376078245 0
    outer loop
      vertex 41.88592851648423 158.72929517266553 13
      vertex 42.00719590560371 159.16657125124198 19
      vertex 41.88592851648423 158.72929517266553 19
    endloop
  endfacet
  facet normal 0.9588197348681893 -0.2840153447039356 0
    outer loop
      vertex 42.00719590560371 159.16657125124198 13
      vertex 42.13607634496108 159.60166432279115 19
      vertex 42.00719590560371 159.16657125124198 19
    endloop
  endfacet
  facet normal 0.9537169507482319 -0.30070579950425713 0
    outer loop
      vertex 42.13607634496108 159.60166432279115 13
      vertex 42.272530576326005 160.03444185374863 19
      vertex 42.13607634496108 159.60166432279115 19
    endloop
  endfacet
  facet normal 0.9483236552061959 -0.31730465640510247 0
    outer loop
      vertex 42.272530576326005 160.03444185374863 13
      vertex 42.416517034417765 160.46477201588607 19
      vertex 42.272530576326005 160.03444185374863 19
    endloop
  endfacet
  facet normal 0.9426414910921816 -0.3338068592337615 0
    outer loop
      vertex 42.416517034417765 160.46477201588607 13
      vertex 42.567991859566376 160.89252372646737 19
      vertex 42.416517034417765 160.46477201588607 19
    endloop
  endfacet
  facet normal 0.9366721892483963 -0.35020738125947054 0
    outer loop
      vertex 42.567991859566376 160.89252372646737 13
      vertex 42.726908911072755 161.3175666881778 19
      vertex 42.567991859566376 160.89252372646737 19
    endloop
  endfacet
  facet normal 0.9304175679820307 -0.3665012267242817 0
    outer loop
      vertex 42.726908911072755 161.3175666881778 13
      vertex 42.893219781263525 161.73977142881373 19
      vertex 42.726908911072755 161.3175666881778 19
    endloop
  endfacet
  facet normal 0.9238795325112844 -0.3826834323650954 0
    outer loop
      vertex 42.893219781263525 161.73977142881373 13
      vertex 43.06687381023655 162.15900934072113 19
      vertex 42.893219781263525 161.73977142881373 19
    endloop
  endfacet
  facet normal 0.9170600743851204 -0.39874906892525436 0
    outer loop
      vertex 43.06687381023655 162.15900934072113 13
      vertex 43.24781810129238 162.57515271997082 19
      vertex 43.06687381023655 162.15900934072113 19
    endloop
  endfacet
  facet normal 0.9099612708765409 -0.41469324265624413 0
    outer loop
      vertex 43.24781810129238 162.57515271997082 13
      vertex 43.4359975370471 162.98807480525818 19
      vertex 43.24781810129238 162.57515271997082 19
    endloop
  endfacet
  facet normal 0.9025852843498614 -0.4305110968082936 0
    outer loop
      vertex 43.4359975370471 162.98807480525818 13
      vertex 43.63135479622166 163.397649816516 19
      vertex 43.4359975370471 162.98807480525818 19
    endloop
  endfacet
  facet normal 0.8949343616020251 -0.44619781310980866 0
    outer loop
      vertex 43.63135479622166 163.397649816516 13
      vertex 43.83383037110244 163.80375299322822 19
      vertex 43.63135479622166 163.397649816516 19
    endloop
  endfacet
  facet normal 0.887010833178221 -0.4617486132350351 0
    outer loop
      vertex 43.83383037110244 163.80375299322822 13
      vertex 44.0433625856679 164.20626063243316 19
      vertex 43.83383037110244 163.80375299322822 19
    endloop
  endfacet
  facet normal 0.8788171126619633 -0.4771587602596125 0
    outer loop
      vertex 44.0433625856679 164.20626063243316 13
      vertex 44.259887614375714 164.60505012640476 19
      vertex 44.0433625856679 164.20626063243316 19
    endloop
  endfacet
  facet normal 0.8703556959399025 -0.49242356010346205 0
    outer loop
      vertex 44.259887614375714 164.60505012640476 13
      vertex 44.4833395016046 165 19
      vertex 44.259887614375714 164.60505012640476 19
    endloop
  endfacet
  facet normal 0.8616291604415276 -0.507538362960701 0
    outer loop
      vertex 44.4833395016046 165 13
      vertex 44.71365018174508 165.3909899476614 19
      vertex 44.4833395016046 165 19
    endloop
  endfacet
  facet normal 0.8526401643540861 -0.5224985647159589 0
    outer loop
      vertex 44.71365018174508 165.3909899476614 13
      vertex 44.950749499932925 165.77790087006332 19
      vertex 44.71365018174508 165.3909899476614 19
    endloop
  endfacet
  facet normal 0.8433914458128979 -0.5372996083468046 0
    outer loop
      vertex 44.950749499932925 165.77790087006332 13
      vertex 45.19456523341897 166.1606149103907 19
      vertex 44.950749499932925 165.77790087006332 19
    endloop
  endfacet
  facet normal 0.8338858220671657 -0.551936985312062 0
    outer loop
      vertex 45.19456523341897 166.1606149103907 13
      vertex 45.445023113568915 166.53901549023942 19
      vertex 45.19456523341897 166.1606149103907 19
    endloop
  endfacet
  facet normal 0.8241261886220087 -0.5664062369248429 0
    outer loop
      vertex 45.445023113568915 166.53901549023942 13
      vertex 45.70204684848621 166.9129873451272 19
      vertex 45.445023113568915 166.53901549023942 19
    endloop
  endfacet
  facet normal 0.8141155183563313 -0.5807029557109229 0
    outer loop
      vertex 45.70204684848621 166.9129873451272 13
      vertex 45.96555814625137 167.28241655960431 19
      vertex 45.70204684848621 166.9129873451272 19
    endloop
  endfacet
  facet normal 0.8038568606171959 -0.5948227867513703 0
    outer loop
      vertex 45.96555814625137 167.28241655960431 13
      vertex 46.23547673877039 167.64719060195324 19
      vertex 45.96555814625137 167.28241655960431 19
    endloop
  endfacet
  facet normal 0.7933533402912525 -0.6087614290086981 0
    outer loop
      vertex 46.23547673877039 167.64719060195324 13
      vertex 46.51172040622523 168.00719835846712 19
      vertex 46.23547673877039 167.64719060195324 19
    endloop
  endfacet
  facet normal 0.7489557207889957 0.6626200482157447 5.528313036701652e-20
    outer loop
      vertex 47.67823453758775 134.60260423466968 13
      vertex 47.37755091420793 134.9424652462468 13
      vertex 47.37755091420793 134.9424652462468 19
    endloop
  endfacet
  facet normal 0.7372773368101097 0.675590207615676 0
    outer loop
      vertex 47.67823453758775 134.60260423466968 13
      vertex 47.67823453758775 134.60260423466968 19
      vertex 47.98480375790157 134.26804263837505 13
    endloop
  endfacet
  facet normal 0.7009092642998401 0.7132504491541921 -1.012704015742408e-18
    outer loop
      vertex 48.938882368066075 133.29716519119506 13
      vertex 48.61522368914976 133.61522368914976 13
      vertex 48.61522368914976 133.61522368914976 19
    endloop
  endfacet
  facet normal 0.725374371012309 0.6883545756937316 -2.178173111318976e-18
    outer loop
      vertex 48.29716519119507 133.93888236806606 13
      vertex 47.98480375790157 134.26804263837505 13
      vertex 47.98480375790157 134.26804263837505 19
    endloop
  endfacet
  facet normal 0.7132504491541846 0.7009092642998479 0
    outer loop
      vertex 48.29716519119507 133.93888236806606 13
      vertex 48.29716519119507 133.93888236806606 19
      vertex 48.61522368914976 133.61522368914976 13
    endloop
  endfacet
  facet normal 0.6883545756937464 0.7253743710122948 0
    outer loop
      vertex 48.938882368066075 133.29716519119506 13
      vertex 48.938882368066075 133.29716519119506 19
      vertex 49.268042638375036 132.98480375790157 13
    endloop
  endfacet
  facet normal 0.6755902076156775 0.7372773368101083 0
    outer loop
      vertex 49.268042638375036 132.98480375790157 13
      vertex 49.268042638375036 132.98480375790157 19
      vertex 49.602604234669684 132.67823453758774 13
    endloop
  endfacet
  facet normal 0.6360782202777525 0.7716245833877294 0
    outer loop
      vertex 50.287522148149975 132.08284447890657 13
      vertex 50.287522148149975 132.08284447890657 19
      vertex 50.637669832704226 131.79420500211876 13
    endloop
  endfacet
  facet normal 0.6225146366376098 0.7826081568524216 0
    outer loop
      vertex 50.637669832704226 131.79420500211876 13
      vertex 50.637669832704226 131.79420500211876 19
      vertex 50.992801641532886 131.51172040622524 13
    endloop
  endfacet
  facet normal 0.6087614290087306 0.7933533402912275 0
    outer loop
      vertex 50.992801641532886 131.51172040622524 13
      vertex 50.992801641532886 131.51172040622524 19
      vertex 51.352809398046745 131.2354767387704 13
    endloop
  endfacet
  facet normal 0.6626200482157381 0.7489557207890017 0
    outer loop
      vertex 49.602604234669684 132.67823453758774 13
      vertex 49.602604234669684 132.67823453758774 19
      vertex 49.94246524624681 132.37755091420792 13
    endloop
  endfacet
  facet normal 0.649448048330179 0.7604059656000349 0
    outer loop
      vertex 49.94246524624681 132.37755091420792 13
      vertex 49.94246524624681 132.37755091420792 19
      vertex 50.287522148149975 132.08284447890657 13
    endloop
  endfacet
  facet normal 0.5948227867513404 0.8038568606172181 0
    outer loop
      vertex 51.352809398046745 131.2354767387704 13
      vertex 51.352809398046745 131.2354767387704 19
      vertex 51.7175834403957 130.96555814625137 13
    endloop
  endfacet
  facet normal 0.5807029557109346 0.8141155183563228 -7.624034075121703e-19
    outer loop
      vertex 52.0870126548728 130.70204684848622 13
      vertex 51.7175834403957 130.96555814625137 13
      vertex 51.7175834403957 130.96555814625137 19
    endloop
  endfacet
  facet normal 0.5664062369248569 0.824126188621999 0
    outer loop
      vertex 52.0870126548728 130.70204684848622 13
      vertex 52.0870126548728 130.70204684848622 19
      vertex 52.46098450976058 130.4450231135689 13
    endloop
  endfacet
  facet normal 0.5519369853120294 0.8338858220671873 0
    outer loop
      vertex 52.46098450976058 130.4450231135689 13
      vertex 52.46098450976058 130.4450231135689 19
      vertex 52.839385089609294 130.19456523341898 13
    endloop
  endfacet
  facet normal 0.4771587602596246 0.8788171126619566 0
    outer loop
      vertex 54.39494987359524 129.2598876143757 13
      vertex 54.39494987359524 129.2598876143757 19
      vertex 54.79373936756684 129.0433625856679 13
    endloop
  endfacet
  facet normal 0.46174861323502275 0.8870108331782274 0
    outer loop
      vertex 54.79373936756684 129.0433625856679 13
      vertex 54.79373936756684 129.0433625856679 19
      vertex 55.196247006771785 128.83383037110244 13
    endloop
  endfacet
  facet normal 0.44619781310978984 0.8949343616020345 0
    outer loop
      vertex 55.196247006771785 128.83383037110244 13
      vertex 55.196247006771785 128.83383037110244 19
      vertex 55.602350183483985 128.63135479622167 13
    endloop
  endfacet
  facet normal 0.4305110968082936 0.9025852843498614 0
    outer loop
      vertex 55.602350183483985 128.63135479622167 13
      vertex 55.602350183483985 128.63135479622167 19
      vertex 56.01192519474181 128.43599753704711 13
    endloop
  endfacet
  facet normal 0.537299608346834 0.8433914458128793 0
    outer loop
      vertex 52.839385089609294 130.19456523341898 13
      vertex 52.839385089609294 130.19456523341898 19
      vertex 53.22209912993667 129.95074949993293 13
    endloop
  endfacet
  facet normal 0.5224985647159291 0.8526401643541042 0
    outer loop
      vertex 53.22209912993667 129.95074949993293 13
      vertex 53.22209912993667 129.95074949993293 19
      vertex 53.60901005233859 129.7136501817451 13
    endloop
  endfacet
  facet normal 0.5075383629607125 0.8616291604415207 0
    outer loop
      vertex 53.60901005233859 129.7136501817451 13
      vertex 53.60901005233859 129.7136501817451 19
      vertex 54 129.4833395016046 13
    endloop
  endfacet
  facet normal 0.49242356010347393 0.8703556959398958 -5.786928424262845e-19
    outer loop
      vertex 54.39494987359524 129.2598876143757 13
      vertex 54 129.4833395016046 13
      vertex 54 129.4833395016046 19
    endloop
  endfacet
  facet normal 0.41469324265625235 0.9099612708765371 0
    outer loop
      vertex 56.01192519474181 128.43599753704711 13
      vertex 56.01192519474181 128.43599753704711 19
      vertex 56.4248472800292 128.24781810129238 13
    endloop
  endfacet
  facet normal 0.3987490689252469 0.9170600743851238 0
    outer loop
      vertex 56.4248472800292 128.24781810129238 13
      vertex 56.4248472800292 128.24781810129238 19
      vertex 56.84099065927888 128.06687381023656 13
    endloop
  endfacet
  facet normal 0.3826834323651032 0.9238795325112812 1.2647268737427555e-18
    outer loop
      vertex 57.26022857118629 127.89321978126353 13
      vertex 56.84099065927888 128.06687381023656 13
      vertex 56.84099065927888 128.06687381023656 19
    endloop
  endfacet
  facet normal 0.35020738125948087 0.9366721892483926 0
    outer loop
      vertex 57.682433311822194 127.72690891107275 13
      vertex 57.682433311822194 127.72690891107275 19
      vertex 58.10747627353261 127.56799185956638 13
    endloop
  endfacet
  facet normal 0.3665012267242924 0.9304175679820265 0
    outer loop
      vertex 57.26022857118629 127.89321978126353 13
      vertex 57.26022857118629 127.89321978126353 19
      vertex 57.682433311822194 127.72690891107275 13
    endloop
  endfacet
  facet normal 0.33380685923375664 0.9426414910921835 0
    outer loop
      vertex 58.10747627353261 127.56799185956638 13
      vertex 58.10747627353261 127.56799185956638 19
      vertex 58.535227984113924 127.41651703441777 13
    endloop
  endfacet
  facet normal 0.3173046564050978 0.9483236552061974 0
    outer loop
      vertex 58.535227984113924 127.41651703441777 13
      vertex 58.535227984113924 127.41651703441777 19
      vertex 58.96555814625137 127.272530576326 13
    endloop
  endfacet
  facet normal 0.7489557207889957 0.6626200482157447 0
    outer loop
      vertex 47.67823453758775 134.60260423466968 13
      vertex 47.37755091420793 134.9424652462468 19
      vertex 47.67823453758775 134.60260423466968 19
    endloop
  endfacet
  facet normal 0.7372773368101097 0.675590207615676 0
    outer loop
      vertex 47.98480375790157 134.26804263837505 13
      vertex 47.67823453758775 134.60260423466968 19
      vertex 47.98480375790157 134.26804263837505 19
    endloop
  endfacet
  facet normal 0.725374371012309 0.6883545756937316 0
    outer loop
      vertex 48.29716519119507 133.93888236806606 13
      vertex 47.98480375790157 134.26804263837505 19
      vertex 48.29716519119507 133.93888236806606 19
    endloop
  endfacet
  facet normal 0.7132504491541846 0.7009092642998479 0
    outer loop
      vertex 48.61522368914976 133.61522368914976 13
      vertex 48.29716519119507 133.93888236806606 19
      vertex 48.61522368914976 133.61522368914976 19
    endloop
  endfacet
  facet normal 0.7009092642998401 0.7132504491541921 0
    outer loop
      vertex 48.938882368066075 133.29716519119506 13
      vertex 48.61522368914976 133.61522368914976 19
      vertex 48.938882368066075 133.29716519119506 19
    endloop
  endfacet
  facet normal 0.6883545756937464 0.7253743710122948 0
    outer loop
      vertex 49.268042638375036 132.98480375790157 13
      vertex 48.938882368066075 133.29716519119506 19
      vertex 49.268042638375036 132.98480375790157 19
    endloop
  endfacet
  facet normal 0.6755902076156775 0.7372773368101083 0
    outer loop
      vertex 49.602604234669684 132.67823453758774 13
      vertex 49.268042638375036 132.98480375790157 19
      vertex 49.602604234669684 132.67823453758774 19
    endloop
  endfacet
  facet normal 0.6360782202777525 0.7716245833877294 0
    outer loop
      vertex 50.637669832704226 131.79420500211876 13
      vertex 50.287522148149975 132.08284447890657 19
      vertex 50.637669832704226 131.79420500211876 19
    endloop
  endfacet
  facet normal 0.6225146366376098 0.7826081568524216 0
    outer loop
      vertex 50.992801641532886 131.51172040622524 13
      vertex 50.637669832704226 131.79420500211876 19
      vertex 50.992801641532886 131.51172040622524 19
    endloop
  endfacet
  facet normal 0.6626200482157381 0.7489557207890017 0
    outer loop
      vertex 49.94246524624681 132.37755091420792 13
      vertex 49.602604234669684 132.67823453758774 19
      vertex 49.94246524624681 132.37755091420792 19
    endloop
  endfacet
  facet normal 0.649448048330179 0.7604059656000349 0
    outer loop
      vertex 50.287522148149975 132.08284447890657 13
      vertex 49.94246524624681 132.37755091420792 19
      vertex 50.287522148149975 132.08284447890657 19
    endloop
  endfacet
  facet normal 0.6087614290087306 0.7933533402912275 0
    outer loop
      vertex 51.352809398046745 131.2354767387704 13
      vertex 50.992801641532886 131.51172040622524 19
      vertex 51.352809398046745 131.2354767387704 19
    endloop
  endfacet
  facet normal 0.5948227867513404 0.8038568606172181 0
    outer loop
      vertex 51.7175834403957 130.96555814625137 13
      vertex 51.352809398046745 131.2354767387704 19
      vertex 51.7175834403957 130.96555814625137 19
    endloop
  endfacet
  facet normal 0.5664062369248569 0.824126188621999 0
    outer loop
      vertex 52.46098450976058 130.4450231135689 13
      vertex 52.0870126548728 130.70204684848622 19
      vertex 52.46098450976058 130.4450231135689 19
    endloop
  endfacet
  facet normal 0.5807029557109346 0.8141155183563228 0
    outer loop
      vertex 52.0870126548728 130.70204684848622 13
      vertex 51.7175834403957 130.96555814625137 19
      vertex 52.0870126548728 130.70204684848622 19
    endloop
  endfacet
  facet normal 0.4771587602596246 0.8788171126619566 0
    outer loop
      vertex 54.79373936756684 129.0433625856679 13
      vertex 54.39494987359524 129.2598876143757 19
      vertex 54.79373936756684 129.0433625856679 19
    endloop
  endfacet
  facet normal 0.46174861323502275 0.8870108331782274 0
    outer loop
      vertex 55.196247006771785 128.83383037110244 13
      vertex 54.79373936756684 129.0433625856679 19
      vertex 55.196247006771785 128.83383037110244 19
    endloop
  endfacet
  facet normal 0.44619781310978984 0.8949343616020345 0
    outer loop
      vertex 55.602350183483985 128.63135479622167 13
      vertex 55.196247006771785 128.83383037110244 19
      vertex 55.602350183483985 128.63135479622167 19
    endloop
  endfacet
  facet normal 0.5519369853120294 0.8338858220671873 0
    outer loop
      vertex 52.839385089609294 130.19456523341898 13
      vertex 52.46098450976058 130.4450231135689 19
      vertex 52.839385089609294 130.19456523341898 19
    endloop
  endfacet
  facet normal 0.537299608346834 0.8433914458128793 0
    outer loop
      vertex 53.22209912993667 129.95074949993293 13
      vertex 52.839385089609294 130.19456523341898 19
      vertex 53.22209912993667 129.95074949993293 19
    endloop
  endfacet
  facet normal 0.5224985647159291 0.8526401643541042 0
    outer loop
      vertex 53.60901005233859 129.7136501817451 13
      vertex 53.22209912993667 129.95074949993293 19
      vertex 53.60901005233859 129.7136501817451 19
    endloop
  endfacet
  facet normal 0.5075383629607125 0.8616291604415207 0
    outer loop
      vertex 54 129.4833395016046 13
      vertex 53.60901005233859 129.7136501817451 19
      vertex 54 129.4833395016046 19
    endloop
  endfacet
  facet normal 0.49242356010347393 0.8703556959398958 0
    outer loop
      vertex 54.39494987359524 129.2598876143757 13
      vertex 54 129.4833395016046 19
      vertex 54.39494987359524 129.2598876143757 19
    endloop
  endfacet
  facet normal 0.4305110968082936 0.9025852843498614 0
    outer loop
      vertex 56.01192519474181 128.43599753704711 13
      vertex 55.602350183483985 128.63135479622167 19
      vertex 56.01192519474181 128.43599753704711 19
    endloop
  endfacet
  facet normal 0.41469324265625235 0.9099612708765371 0
    outer loop
      vertex 56.4248472800292 128.24781810129238 13
      vertex 56.01192519474181 128.43599753704711 19
      vertex 56.4248472800292 128.24781810129238 19
    endloop
  endfacet
  facet normal 0.3987490689252469 0.9170600743851238 0
    outer loop
      vertex 56.84099065927888 128.06687381023656 13
      vertex 56.4248472800292 128.24781810129238 19
      vertex 56.84099065927888 128.06687381023656 19
    endloop
  endfacet
  facet normal 0.3826834323651032 0.9238795325112812 0
    outer loop
      vertex 57.26022857118629 127.89321978126353 13
      vertex 56.84099065927888 128.06687381023656 19
      vertex 57.26022857118629 127.89321978126353 19
    endloop
  endfacet
  facet normal 0.3665012267242924 0.9304175679820265 0
    outer loop
      vertex 57.682433311822194 127.72690891107275 13
      vertex 57.26022857118629 127.89321978126353 19
      vertex 57.682433311822194 127.72690891107275 19
    endloop
  endfacet
  facet normal 0.35020738125948087 0.9366721892483926 0
    outer loop
      vertex 58.10747627353261 127.56799185956638 13
      vertex 57.682433311822194 127.72690891107275 19
      vertex 58.10747627353261 127.56799185956638 19
    endloop
  endfacet
  facet normal 0.33380685923375664 0.9426414910921835 0
    outer loop
      vertex 58.535227984113924 127.41651703441777 13
      vertex 58.10747627353261 127.56799185956638 19
      vertex 58.535227984113924 127.41651703441777 19
    endloop
  endfacet
  facet normal 0.3173046564050978 0.9483236552061974 0
    outer loop
      vertex 58.96555814625137 127.272530576326 13
      vertex 58.535227984113924 127.41651703441777 19
      vertex 58.96555814625137 127.272530576326 19
    endloop
  endfacet
  facet normal 0.3007057995042617 0.9537169507482306 0
    outer loop
      vertex 58.96555814625137 127.272530576326 13
      vertex 58.96555814625137 127.272530576326 19
      vertex 59.39833567720884 127.13607634496108 13
    endloop
  endfacet
  facet normal 0.28401534470393125 0.9588197348681904 0
    outer loop
      vertex 59.39833567720884 127.13607634496108 13
      vertex 59.39833567720884 127.13607634496108 19
      vertex 59.833428748758024 127.00719590560371 13
    endloop
  endfacet
  facet normal 0.26723837607824913 0.9636304532086252 0
    outer loop
      vertex 59.833428748758024 127.00719590560371 13
      vertex 59.833428748758024 127.00719590560371 19
      vertex 60.27070482733446 126.88592851648423 13
    endloop
  endfacet
  facet normal 0.25038000405446365 0.968147640378102 0
    outer loop
      vertex 60.27070482733446 126.88592851648423 13
      vertex 60.27070482733446 126.88592851648423 19
      vertex 60.71003071440864 126.77231111682408 13
    endloop
  endfacet
  facet normal 0.23344536385589076 0.9723699203976801 0
    outer loop
      vertex 60.71003071440864 126.77231111682408 13
      vertex 60.71003071440864 126.77231111682408 19
      vertex 61.15127258705951 126.66637831558388 13
    endloop
  endfacet
  facet normal 0.21643961393810576 0.9762960071199326 0
    outer loop
      vertex 61.15127258705951 126.66637831558388 13
      vertex 61.15127258705951 126.66637831558388 19
      vertex 61.59429603873826 126.56816238092105 13
    endloop
  endfacet
  facet normal 0.1993679344172132 0.9799247046208265 0
    outer loop
      vertex 61.59429603873826 126.56816238092105 13
      vertex 61.59429603873826 126.56816238092105 19
      vertex 62.038966120209835 126.47769323036073 13
    endloop
  endfacet
  facet normal 0.16504760586068204 0.9862856015372307 0
    outer loop
      vertex 62.48514738065981 126.39499842168259 13
      vertex 62.48514738065981 126.39499842168259 19
      vertex 62.932703908954 126.32010314452641 13
    endloop
  endfacet
  facet normal 0.14780941112960863 0.9890158633619172 0
    outer loop
      vertex 62.932703908954 126.32010314452641 13
      vertex 62.932703908954 126.32010314452641 19
      vertex 63.381499375038295 126.25303021271917 13
    endloop
  endfacet
  facet normal 0.18223552549213623 0.9832549075639567 0
    outer loop
      vertex 62.038966120209835 126.47769323036073 13
      vertex 62.038966120209835 126.47769323036073 19
      vertex 62.48514738065981 126.39499842168259 13
    endloop
  endfacet
  facet normal 0.13052619222003173 0.991444861373813 0
    outer loop
      vertex 63.381499375038295 126.25303021271917 13
      vertex 63.381499375038295 126.25303021271917 19
      vertex 63.831397071466164 126.19380005732563 13
    endloop
  endfacet
  facet normal 0.11320321376790614 0.9935718556765876 0
    outer loop
      vertex 63.831397071466164 126.19380005732563 13
      vertex 63.831397071466164 126.19380005732563 19
      vertex 64.28225995504101 126.1424307204249 13
    endloop
  endfacet
  facet normal 0.09584575252023612 0.9953961983671776 0
    outer loop
      vertex 64.28225995504101 126.1424307204249 13
      vertex 64.28225995504101 126.1424307204249 19
      vertex 64.7339506885609 126.09893784961461 13
    endloop
  endfacet
  facet normal 0.07845909572784199 0.9969173337331281 0
    outer loop
      vertex 64.7339506885609 126.09893784961461 13
      vertex 64.7339506885609 126.09893784961461 19
      vertex 65.18633168265274 126.06333469324457 13
    endloop
  endfacet
  facet normal 0.06104853953486001 0.9981347984218667 0
    outer loop
      vertex 65.18633168265274 126.06333469324457 13
      vertex 65.18633168265274 126.06333469324457 19
      vertex 65.63926513768345 126.03563209638108 13
    endloop
  endfacet
  facet normal 0.043619387365339074 0.9990482215818576 0
    outer loop
      vertex 65.63926513768345 126.03563209638108 13
      vertex 65.63926513768345 126.03563209638108 19
      vertex 66.09261308573497 126.01583849750351 13
    endloop
  endfacet
  facet normal 0.02617694830786978 0.9996573249755574 0
    outer loop
      vertex 66.09261308573497 126.01583849750351 13
      vertex 66.09261308573497 126.01583849750351 19
      vertex 66.54623743263062 126.00395992593383 13
    endloop
  endfacet
  facet normal 0.008726535498372984 0.9999619230641712 0
    outer loop
      vertex 66.54623743263062 126.00395992593383 13
      vertex 66.54623743263062 126.00395992593383 19
      vertex 67 126 13
    endloop
  endfacet
  facet normal -0.008726535498372984 0.9999619230641712 0
    outer loop
      vertex 67 126 13
      vertex 67 126 19
      vertex 67.45376256736938 126.00395992593383 13
    endloop
  endfacet
  facet normal -0.02617694830786978 0.9996573249755574 0
    outer loop
      vertex 67.45376256736938 126.00395992593383 13
      vertex 67.45376256736938 126.00395992593383 19
      vertex 67.90738691426503 126.01583849750351 13
    endloop
  endfacet
  facet normal -0.043619387365339074 0.9990482215818576 0
    outer loop
      vertex 67.90738691426503 126.01583849750351 13
      vertex 67.90738691426503 126.01583849750351 19
      vertex 68.36073486231655 126.03563209638108 13
    endloop
  endfacet
  facet normal -0.06104853953486001 0.9981347984218667 0
    outer loop
      vertex 68.36073486231655 126.03563209638108 13
      vertex 68.36073486231655 126.03563209638108 19
      vertex 68.81366831734726 126.06333469324457 13
    endloop
  endfacet
  facet normal -0.07845909572784199 0.9969173337331281 0
    outer loop
      vertex 68.81366831734726 126.06333469324457 13
      vertex 68.81366831734726 126.06333469324457 19
      vertex 69.2660493114391 126.09893784961461 13
    endloop
  endfacet
  facet normal -0.09584575252023612 0.9953961983671776 0
    outer loop
      vertex 69.2660493114391 126.09893784961461 13
      vertex 69.2660493114391 126.09893784961461 19
      vertex 69.71774004495899 126.1424307204249 13
    endloop
  endfacet
  facet normal -0.11320321376790791 0.9935718556765875 0
    outer loop
      vertex 69.71774004495899 126.1424307204249 13
      vertex 69.71774004495899 126.1424307204249 19
      vertex 70.16860292853383 126.19380005732563 13
    endloop
  endfacet
  facet normal -0.13052619222002768 0.9914448613738136 0
    outer loop
      vertex 70.16860292853383 126.19380005732563 13
      vertex 70.16860292853383 126.19380005732563 19
      vertex 70.61850062496171 126.25303021271917 13
    endloop
  endfacet
  facet normal -0.1478094111296109 0.9890158633619167 0
    outer loop
      vertex 70.61850062496171 126.25303021271917 13
      vertex 70.61850062496171 126.25303021271917 19
      vertex 71.067296091046 126.32010314452641 13
    endloop
  endfacet
  facet normal -0.16504760586068204 0.9862856015372307 0
    outer loop
      vertex 71.067296091046 126.32010314452641 13
      vertex 71.067296091046 126.32010314452641 19
      vertex 71.51485261934019 126.39499842168259 13
    endloop
  endfacet
  facet normal 0.3007057995042617 0.9537169507482306 0
    outer loop
      vertex 59.39833567720884 127.13607634496108 13
      vertex 58.96555814625137 127.272530576326 19
      vertex 59.39833567720884 127.13607634496108 19
    endloop
  endfacet
  facet normal 0.28401534470393125 0.9588197348681904 0
    outer loop
      vertex 59.833428748758024 127.00719590560371 13
      vertex 59.39833567720884 127.13607634496108 19
      vertex 59.833428748758024 127.00719590560371 19
    endloop
  endfacet
  facet normal 0.26723837607824913 0.9636304532086252 0
    outer loop
      vertex 60.27070482733446 126.88592851648423 13
      vertex 59.833428748758024 127.00719590560371 19
      vertex 60.27070482733446 126.88592851648423 19
    endloop
  endfacet
  facet normal 0.25038000405446365 0.968147640378102 0
    outer loop
      vertex 60.71003071440864 126.77231111682408 13
      vertex 60.27070482733446 126.88592851648423 19
      vertex 60.71003071440864 126.77231111682408 19
    endloop
  endfacet
  facet normal 0.23344536385589076 0.9723699203976801 0
    outer loop
      vertex 61.15127258705951 126.66637831558388 13
      vertex 60.71003071440864 126.77231111682408 19
      vertex 61.15127258705951 126.66637831558388 19
    endloop
  endfacet
  facet normal 0.21643961393810576 0.9762960071199326 0
    outer loop
      vertex 61.59429603873826 126.56816238092105 13
      vertex 61.15127258705951 126.66637831558388 19
      vertex 61.59429603873826 126.56816238092105 19
    endloop
  endfacet
  facet normal 0.1993679344172132 0.9799247046208265 0
    outer loop
      vertex 62.038966120209835 126.47769323036073 13
      vertex 61.59429603873826 126.56816238092105 19
      vertex 62.038966120209835 126.47769323036073 19
    endloop
  endfacet
  facet normal 0.16504760586068204 0.9862856015372307 0
    outer loop
      vertex 62.932703908954 126.32010314452641 13
      vertex 62.48514738065981 126.39499842168259 19
      vertex 62.932703908954 126.32010314452641 19
    endloop
  endfacet
  facet normal 0.14780941112960863 0.9890158633619172 0
    outer loop
      vertex 63.381499375038295 126.25303021271917 13
      vertex 62.932703908954 126.32010314452641 19
      vertex 63.381499375038295 126.25303021271917 19
    endloop
  endfacet
  facet normal 0.18223552549213623 0.9832549075639567 0
    outer loop
      vertex 62.48514738065981 126.39499842168259 13
      vertex 62.038966120209835 126.47769323036073 19
      vertex 62.48514738065981 126.39499842168259 19
    endloop
  endfacet
  facet normal 0.13052619222003173 0.991444861373813 0
    outer loop
      vertex 63.831397071466164 126.19380005732563 13
      vertex 63.381499375038295 126.25303021271917 19
      vertex 63.831397071466164 126.19380005732563 19
    endloop
  endfacet
  facet normal 0.11320321376790614 0.9935718556765876 0
    outer loop
      vertex 64.28225995504101 126.1424307204249 13
      vertex 63.831397071466164 126.19380005732563 19
      vertex 64.28225995504101 126.1424307204249 19
    endloop
  endfacet
  facet normal 0.09584575252023612 0.9953961983671776 0
    outer loop
      vertex 64.7339506885609 126.09893784961461 13
      vertex 64.28225995504101 126.1424307204249 19
      vertex 64.7339506885609 126.09893784961461 19
    endloop
  endfacet
  facet normal 0.07845909572784199 0.9969173337331281 0
    outer loop
      vertex 65.18633168265274 126.06333469324457 13
      vertex 64.7339506885609 126.09893784961461 19
      vertex 65.18633168265274 126.06333469324457 19
    endloop
  endfacet
  facet normal 0.06104853953486001 0.9981347984218667 0
    outer loop
      vertex 65.63926513768345 126.03563209638108 13
      vertex 65.18633168265274 126.06333469324457 19
      vertex 65.63926513768345 126.03563209638108 19
    endloop
  endfacet
  facet normal 0.043619387365339074 0.9990482215818576 0
    outer loop
      vertex 66.09261308573497 126.01583849750351 13
      vertex 65.63926513768345 126.03563209638108 19
      vertex 66.09261308573497 126.01583849750351 19
    endloop
  endfacet
  facet normal 0.02617694830786978 0.9996573249755574 0
    outer loop
      vertex 66.54623743263062 126.00395992593383 13
      vertex 66.09261308573497 126.01583849750351 19
      vertex 66.54623743263062 126.00395992593383 19
    endloop
  endfacet
  facet normal 0.008726535498372984 0.9999619230641712 0
    outer loop
      vertex 67 126 13
      vertex 66.54623743263062 126.00395992593383 19
      vertex 67 126 19
    endloop
  endfacet
  facet normal -0.008726535498372984 0.9999619230641712 0
    outer loop
      vertex 67.45376256736938 126.00395992593383 13
      vertex 67 126 19
      vertex 67.45376256736938 126.00395992593383 19
    endloop
  endfacet
  facet normal -0.02617694830786978 0.9996573249755574 0
    outer loop
      vertex 67.90738691426503 126.01583849750351 13
      vertex 67.45376256736938 126.00395992593383 19
      vertex 67.90738691426503 126.01583849750351 19
    endloop
  endfacet
  facet normal -0.043619387365339074 0.9990482215818576 0
    outer loop
      vertex 68.36073486231655 126.03563209638108 13
      vertex 67.90738691426503 126.01583849750351 19
      vertex 68.36073486231655 126.03563209638108 19
    endloop
  endfacet
  facet normal -0.06104853953486001 0.9981347984218667 0
    outer loop
      vertex 68.81366831734726 126.06333469324457 13
      vertex 68.36073486231655 126.03563209638108 19
      vertex 68.81366831734726 126.06333469324457 19
    endloop
  endfacet
  facet normal -0.07845909572784199 0.9969173337331281 0
    outer loop
      vertex 69.2660493114391 126.09893784961461 13
      vertex 68.81366831734726 126.06333469324457 19
      vertex 69.2660493114391 126.09893784961461 19
    endloop
  endfacet
  facet normal -0.09584575252023612 0.9953961983671776 0
    outer loop
      vertex 69.71774004495899 126.1424307204249 13
      vertex 69.2660493114391 126.09893784961461 19
      vertex 69.71774004495899 126.1424307204249 19
    endloop
  endfacet
  facet normal -0.11320321376790791 0.9935718556765875 0
    outer loop
      vertex 70.16860292853383 126.19380005732563 13
      vertex 69.71774004495899 126.1424307204249 19
      vertex 70.16860292853383 126.19380005732563 19
    endloop
  endfacet
  facet normal -0.13052619222002768 0.9914448613738136 0
    outer loop
      vertex 70.61850062496171 126.25303021271917 13
      vertex 70.16860292853383 126.19380005732563 19
      vertex 70.61850062496171 126.25303021271917 19
    endloop
  endfacet
  facet normal -0.1478094111296109 0.9890158633619167 0
    outer loop
      vertex 71.067296091046 126.32010314452641 13
      vertex 70.61850062496171 126.25303021271917 19
      vertex 71.067296091046 126.32010314452641 19
    endloop
  endfacet
  facet normal 0 0 1
    outer loop
      vertex 47.08284447890657 135.28752214814998 13
      vertex 47.37755091420793 134.9424652462468 13
      vertex 47.37755091420793 169.0575347537532 13
    endloop
  endfacet
  facet normal 0 0 1
    outer loop
      vertex 47.67823453758775 134.60260423466968 13
      vertex 47.67823453758775 169.39739576533032 13
      vertex 47.37755091420793 134.9424652462468 13
    endloop
  endfacet
  facet normal 0 0 1
    outer loop
      vertex 47.67823453758775 134.60260423466968 13
      vertex 47.98480375790157 134.26804263837505 13
      vertex 47.98480375790157 169.73195736162495 13
    endloop
  endfacet
  facet normal 0 0 1
    outer loop
      vertex 48.29716519119507 133.93888236806606 13
      vertex 48.29716519119507 170.06111763193394 13
      vertex 47.98480375790157 134.26804263837505 13
    endloop
  endfacet
  facet normal 0 0 1
    outer loop
      vertex 48.29716519119507 133.93888236806606 13
      vertex 48.61522368914976 133.61522368914976 13
      vertex 48.61522368914976 170.38477631085024 13
    endloop
  endfacet
  facet normal 0 0 1
    outer loop
      vertex 48.938882368066075 133.29716519119506 13
      vertex 49.268042638375036 132.98480375790157 13
      vertex 49.268042638375036 171.01519624209843 13
    endloop
  endfacet
  facet normal 0 0 1
    outer loop
      vertex 48.938882368066075 133.29716519119506 13
      vertex 48.938882368066075 170.70283480880494 13
      vertex 48.61522368914976 133.61522368914976 13
    endloop
  endfacet
  facet normal 0 0 1
    outer loop
      vertex 49.268042638375036 132.98480375790157 13
      vertex 49.602604234669684 132.67823453758774 13
      vertex 49.602604234669684 171.32176546241226 13
    endloop
  endfacet
  facet normal 0 0 1
    outer loop
      vertex 49.602604234669684 132.67823453758774 13
      vertex 49.94246524624681 132.37755091420792 13
      vertex 49.94246524624681 171.62244908579208 13
    endloop
  endfacet
  facet normal 0 0 1
    outer loop
      vertex 49.94246524624681 132.37755091420792 13
      vertex 50.287522148149975 132.08284447890657 13
      vertex 50.287522148149975 171.91715552109343 13
    endloop
  endfacet
  facet normal 0 0 1
    outer loop
      vertex 50.287522148149975 132.08284447890657 13
      vertex 50.637669832704226 131.79420500211876 13
      vertex 50.637669832704226 172.20579499788124 13
    endloop
  endfacet
  facet normal 0 0 1
    outer loop
      vertex 50.637669832704226 131.79420500211876 13
      vertex 50.992801641532886 131.51172040622524 13
      vertex 50.992801641532886 172.48827959377476 13
    endloop
  endfacet
  facet normal 0 0 1
    outer loop
      vertex 50.992801641532886 131.51172040622524 13
      vertex 51.352809398046745 131.2354767387704 13
      vertex 51.352809398046745 172.7645232612296 13
    endloop
  endfacet
  facet normal 0 0 1
    outer loop
      vertex 51.352809398046745 131.2354767387704 13
      vertex 51.7175834403957 130.96555814625137 13
      vertex 51.7175834403957 173.03444185374863 13
    endloop
  endfacet
  facet normal 0 0 1
    outer loop
      vertex 52.0870126548728 130.70204684848622 13
      vertex 52.0870126548728 173.29795315151378 13
      vertex 51.7175834403957 130.96555814625137 13
    endloop
  endfacet
  facet normal 0 0 1
    outer loop
      vertex 52.0870126548728 130.70204684848622 13
      vertex 52.46098450976058 130.4450231135689 13
      vertex 52.46098450976058 173.5549768864311 13
    endloop
  endfacet
  facet normal 0 0 1
    outer loop
      vertex 46.51172040622523 135.99280164153288 13
      vertex 46.79420500211876 135.63766983270423 13
      vertex 46.79420500211876 168.36233016729577 13
    endloop
  endfacet
  facet normal 0 0 1
    outer loop
      vertex 46.79420500211876 135.63766983270423 13
      vertex 47.08284447890657 135.28752214814998 13
      vertex 47.08284447890657 168.71247785185002 13
    endloop
  endfacet
  facet normal 0 0 1
    outer loop
      vertex 46.51172040622523 135.99280164153288 13
      vertex 46.79420500211876 168.36233016729577 13
      vertex 46.51172040622523 168.00719835846712 13
    endloop
  endfacet
  facet normal 0 0 1
    outer loop
      vertex 46.79420500211876 135.63766983270423 13
      vertex 47.08284447890657 168.71247785185002 13
      vertex 46.79420500211876 168.36233016729577 13
    endloop
  endfacet
  facet normal 0 0 1
    outer loop
      vertex 47.08284447890657 135.28752214814998 13
      vertex 47.37755091420793 169.0575347537532 13
      vertex 47.08284447890657 168.71247785185002 13
    endloop
  endfacet
  facet normal 0 0 1
    outer loop
      vertex 47.37755091420793 134.9424652462468 13
      vertex 47.67823453758775 169.39739576533032 13
      vertex 47.37755091420793 169.0575347537532 13
    endloop
  endfacet
  facet normal 0 0 1
    outer loop
      vertex 47.67823453758775 134.60260423466968 13
      vertex 47.98480375790157 169.73195736162495 13
      vertex 47.67823453758775 169.39739576533032 13
    endloop
  endfacet
  facet normal 0 0 1
    outer loop
      vertex 52.46098450976058 130.4450231135689 13
      vertex 52.839385089609294 130.19456523341898 13
      vertex 52.839385089609294 173.80543476658102 13
    endloop
  endfacet
  facet normal 0 0 1
    outer loop
      vertex 52.839385089609294 130.19456523341898 13
      vertex 53.22209912993667 129.95074949993293 13
      vertex 53.22209912993667 174.04925050006707 13
    endloop
  endfacet
  facet normal 0 0 1
    outer loop
      vertex 53.22209912993667 129.95074949993293 13
      vertex 53.60901005233859 129.7136501817451 13
      vertex 53.60901005233859 174.2863498182549 13
    endloop
  endfacet
  facet normal 0 0 1
    outer loop
      vertex 53.60901005233859 129.7136501817451 13
      vertex 54 129.4833395016046 13
      vertex 54 174.5166604983954 13
    endloop
  endfacet
  facet normal 0 0 1
    outer loop
      vertex 54.39494987359524 129.2598876143757 13
      vertex 54.39494987359524 174.7401123856243 13
      vertex 54 129.4833395016046 13
    endloop
  endfacet
  facet normal 0 0 1
    outer loop
      vertex 54.39494987359524 129.2598876143757 13
      vertex 54.79373936756684 129.0433625856679 13
      vertex 54.79373936756684 174.9566374143321 13
    endloop
  endfacet
  facet normal 0 0 1
    outer loop
      vertex 54.79373936756684 129.0433625856679 13
      vertex 55.196247006771785 128.83383037110244 13
      vertex 55.196247006771785 175.16616962889756 13
    endloop
  endfacet
  facet normal 0 0 1
    outer loop
      vertex 55.196247006771785 128.83383037110244 13
      vertex 55.602350183483985 128.63135479622167 13
      vertex 55.602350183483985 175.36864520377833 13
    endloop
  endfacet
  facet normal 0 0 1
    outer loop
      vertex 55.602350183483985 128.63135479622167 13
      vertex 56.01192519474181 128.43599753704711 13
      vertex 56.01192519474181 175.56400246295289 13
    endloop
  endfacet
  facet normal 0 0 1
    outer loop
      vertex 56.01192519474181 128.43599753704711 13
      vertex 56.4248472800292 128.24781810129238 13
      vertex 56.4248472800292 175.75218189870762 13
    endloop
  endfacet
  facet normal 0 0 1
    outer loop
      vertex 56.4248472800292 128.24781810129238 13
      vertex 56.84099065927888 128.06687381023656 13
      vertex 56.84099065927888 175.93312618976344 13
    endloop
  endfacet
  facet normal 0 0 1
    outer loop
      vertex 57.26022857118629 127.89321978126353 13
      vertex 57.26022857118629 176.10678021873647 13
      vertex 56.84099065927888 128.06687381023656 13
    endloop
  endfacet
  facet normal 0 0 1
    outer loop
      vertex 57.26022857118629 127.89321978126353 13
      vertex 57.682433311822194 127.72690891107275 13
      vertex 57.682433311822194 176.27309108892723 13
    endloop
  endfacet
  facet normal 0 0 1
    outer loop
      vertex 57.682433311822194 127.72690891107275 13
      vertex 58.10747627353261 127.56799185956638 13
      vertex 58.10747627353261 176.43200814043362 13
    endloop
  endfacet
  facet normal 0 0 1
    outer loop
      vertex 58.10747627353261 127.56799185956638 13
      vertex 58.535227984113924 127.41651703441777 13
      vertex 58.535227984113924 176.58348296558225 13
    endloop
  endfacet
  facet normal 0 0 1
    outer loop
      vertex 58.535227984113924 127.41651703441777 13
      vertex 58.96555814625137 127.272530576326 13
      vertex 58.96555814625137 176.727469423674 13
    endloop
  endfacet
  facet normal 0 0 1
    outer loop
      vertex 47.98480375790157 134.26804263837505 13
      vertex 48.29716519119507 170.06111763193394 13
      vertex 47.98480375790157 169.73195736162495 13
    endloop
  endfacet
  facet normal 0 0 1
    outer loop
      vertex 48.29716519119507 133.93888236806606 13
      vertex 48.61522368914976 170.38477631085024 13
      vertex 48.29716519119507 170.06111763193394 13
    endloop
  endfacet
  facet normal 0 0 1
    outer loop
      vertex 48.61522368914976 133.61522368914976 13
      vertex 48.938882368066075 170.70283480880494 13
      vertex 48.61522368914976 170.38477631085024 13
    endloop
  endfacet
  facet normal 0 0 1
    outer loop
      vertex 48.938882368066075 133.29716519119506 13
      vertex 49.268042638375036 171.01519624209843 13
      vertex 48.938882368066075 170.70283480880494 13
    endloop
  endfacet
  facet normal 0 0 1
    outer loop
      vertex 49.268042638375036 132.98480375790157 13
      vertex 49.602604234669684 171.32176546241226 13
      vertex 49.268042638375036 171.01519624209843 13
    endloop
  endfacet
  facet normal 0 0 1
    outer loop
      vertex 49.602604234669684 132.67823453758774 13
      vertex 49.94246524624681 171.62244908579208 13
      vertex 49.602604234669684 171.32176546241226 13
    endloop
  endfacet
  facet normal 0 0 1
    outer loop
      vertex 49.94246524624681 132.37755091420792 13
      vertex 50.287522148149975 171.91715552109343 13
      vertex 49.94246524624681 171.62244908579208 13
    endloop
  endfacet
  facet normal 0 0 1
    outer loop
      vertex 50.287522148149975 132.08284447890657 13
      vertex 50.637669832704226 172.20579499788124 13
      vertex 50.287522148149975 171.91715552109343 13
    endloop
  endfacet
  facet normal 0 0 1
    outer loop
      vertex 50.637669832704226 131.79420500211876 13
      vertex 50.992801641532886 172.48827959377476 13
      vertex 50.637669832704226 172.20579499788124 13
    endloop
  endfacet
  facet normal 0 0 1
    outer loop
      vertex 50.992801641532886 131.51172040622524 13
      vertex 51.352809398046745 172.7645232612296 13
      vertex 50.992801641532886 172.48827959377476 13
    endloop
  endfacet
  facet normal 0 0 1
    outer loop
      vertex 51.352809398046745 131.2354767387704 13
      vertex 51.7175834403957 173.03444185374863 13
      vertex 51.352809398046745 172.7645232612296 13
    endloop
  endfacet
  facet normal 0 0 1
    outer loop
      vertex 51.7175834403957 130.96555814625137 13
      vertex 52.0870126548728 173.29795315151378 13
      vertex 51.7175834403957 173.03444185374863 13
    endloop
  endfacet
  facet normal 0 0 1
    outer loop
      vertex 52.0870126548728 130.70204684848622 13
      vertex 52.46098450976058 173.5549768864311 13
      vertex 52.0870126548728 173.29795315151378 13
    endloop
  endfacet
  facet normal 0 0 1
    outer loop
      vertex 52.46098450976058 130.4450231135689 13
      vertex 52.839385089609294 173.80543476658102 13
      vertex 52.46098450976058 173.5549768864311 13
    endloop
  endfacet
  facet normal 0 0 1
    outer loop
      vertex 52.839385089609294 130.19456523341898 13
      vertex 53.22209912993667 174.04925050006707 13
      vertex 52.839385089609294 173.80543476658102 13
    endloop
  endfacet
  facet normal 0 0 1
    outer loop
      vertex 53.22209912993667 129.95074949993293 13
      vertex 53.60901005233859 174.2863498182549 13
      vertex 53.22209912993667 174.04925050006707 13
    endloop
  endfacet
  facet normal 0 0 1
    outer loop
      vertex 53.60901005233859 129.7136501817451 13
      vertex 54 174.5166604983954 13
      vertex 53.60901005233859 174.2863498182549 13
    endloop
  endfacet
  facet normal 0 0 1
    outer loop
      vertex 54 129.4833395016046 13
      vertex 54.39494987359524 174.7401123856243 13
      vertex 54 174.5166604983954 13
    endloop
  endfacet
  facet normal 0 0 1
    outer loop
      vertex 54.39494987359524 129.2598876143757 13
      vertex 54.79373936756684 174.9566374143321 13
      vertex 54.39494987359524 174.7401123856243 13
    endloop
  endfacet
  facet normal 0 0 1
    outer loop
      vertex 54.79373936756684 129.0433625856679 13
      vertex 55.196247006771785 175.16616962889756 13
      vertex 54.79373936756684 174.9566374143321 13
    endloop
  endfacet
  facet normal 0 0 1
    outer loop
      vertex 55.196247006771785 128.83383037110244 13
      vertex 55.602350183483985 175.36864520377833 13
      vertex 55.196247006771785 175.16616962889756 13
    endloop
  endfacet
  facet normal 0 0 1
    outer loop
      vertex 55.602350183483985 128.63135479622167 13
      vertex 56.01192519474181 175.56400246295289 13
      vertex 55.602350183483985 175.36864520377833 13
    endloop
  endfacet
  facet normal 0 0 1
    outer loop
      vertex 56.01192519474181 128.43599753704711 13
      vertex 56.4248472800292 175.75218189870762 13
      vertex 56.01192519474181 175.56400246295289 13
    endloop
  endfacet
  facet normal 0 0 1
    outer loop
      vertex 56.4248472800292 128.24781810129238 13
      vertex 56.84099065927888 175.93312618976344 13
      vertex 56.4248472800292 175.75218189870762 13
    endloop
  endfacet
  facet normal 0 0 1
    outer loop
      vertex 56.84099065927888 128.06687381023656 13
      vertex 57.26022857118629 176.10678021873647 13
      vertex 56.84099065927888 175.93312618976344 13
    endloop
  endfacet
  facet normal 0 0 1
    outer loop
      vertex 57.26022857118629 127.89321978126353 13
      vertex 57.682433311822194 176.27309108892723 13
      vertex 57.26022857118629 176.10678021873647 13
    endloop
  endfacet
  facet normal 0 0 1
    outer loop
      vertex 57.682433311822194 127.72690891107275 13
      vertex 58.10747627353261 176.43200814043362 13
      vertex 57.682433311822194 176.27309108892723 13
    endloop
  endfacet
  facet normal 0 0 1
    outer loop
      vertex 58.10747627353261 127.56799185956638 13
      vertex 58.535227984113924 176.58348296558225 13
      vertex 58.10747627353261 176.43200814043362 13
    endloop
  endfacet
  facet normal 0 0 1
    outer loop
      vertex 58.535227984113924 127.41651703441777 13
      vertex 58.96555814625137 176.727469423674 13
      vertex 58.535227984113924 176.58348296558225 13
    endloop
  endfacet
  facet normal 0 0 1
    outer loop
      vertex 58.96555814625137 127.272530576326 13
      vertex 59.39833567720884 127.13607634496108 13
      vertex 59.39833567720884 176.86392365503892 13
    endloop
  endfacet
  facet normal 0 0 1
    outer loop
      vertex 59.39833567720884 127.13607634496108 13
      vertex 59.833428748758024 127.00719590560371 13
      vertex 59.833428748758024 176.9928040943963 13
    endloop
  endfacet
  facet normal 0 0 1
    outer loop
      vertex 59.833428748758024 127.00719590560371 13
      vertex 60.27070482733446 126.88592851648423 13
      vertex 60.27070482733446 177.11407148351577 13
    endloop
  endfacet
  facet normal 0 0 1
    outer loop
      vertex 60.71003071440864 126.77231111682408 13
      vertex 61.15127258705951 126.66637831558388 13
      vertex 61.15127258705951 177.33362168441613 13
    endloop
  endfacet
  facet normal 0 0 1
    outer loop
      vertex 61.15127258705951 126.66637831558388 13
      vertex 61.59429603873826 126.56816238092105 13
      vertex 61.59429603873826 177.43183761907895 13
    endloop
  endfacet
  facet normal 0 0 1
    outer loop
      vertex 61.59429603873826 126.56816238092105 13
      vertex 62.038966120209835 126.47769323036073 13
      vertex 62.038966120209835 177.52230676963927 13
    endloop
  endfacet
  facet normal 0 0 1
    outer loop
      vertex 60.27070482733446 126.88592851648423 13
      vertex 60.71003071440864 126.77231111682408 13
      vertex 60.71003071440864 177.22768888317592 13
    endloop
  endfacet
  facet normal 0 0 1
    outer loop
      vertex 62.038966120209835 126.47769323036073 13
      vertex 62.48514738065981 126.39499842168259 13
      vertex 62.48514738065981 177.6050015783174 13
    endloop
  endfacet
  facet normal 0 0 1
    outer loop
      vertex 62.48514738065981 126.39499842168259 13
      vertex 62.932703908954 126.32010314452641 13
      vertex 62.932703908954 177.67989685547357 13
    endloop
  endfacet
  facet normal 0 0 1
    outer loop
      vertex 62.932703908954 126.32010314452641 13
      vertex 63.381499375038295 126.25303021271917 13
      vertex 63.381499375038295 177.74696978728082 13
    endloop
  endfacet
  facet normal 0 0 1
    outer loop
      vertex 63.381499375038295 126.25303021271917 13
      vertex 63.831397071466164 126.19380005732563 13
      vertex 63.831397071466164 177.80619994267437 13
    endloop
  endfacet
  facet normal 0 0 1
    outer loop
      vertex 63.831397071466164 126.19380005732563 13
      vertex 64.28225995504101 126.1424307204249 13
      vertex 64.28225995504101 177.8575692795751 13
    endloop
  endfacet
  facet normal 0 0 1
    outer loop
      vertex 64.28225995504101 126.1424307204249 13
      vertex 64.7339506885609 126.09893784961461 13
      vertex 64.7339506885609 177.90106215038537 13
    endloop
  endfacet
  facet normal 0 0 1
    outer loop
      vertex 64.7339506885609 126.09893784961461 13
      vertex 65.18633168265274 126.06333469324457 13
      vertex 65.18633168265274 177.93666530675543 13
    endloop
  endfacet
  facet normal 0 0 1
    outer loop
      vertex 65.18633168265274 126.06333469324457 13
      vertex 65.63926513768345 126.03563209638108 13
      vertex 65.63926513768345 177.96436790361892 13
    endloop
  endfacet
  facet normal 0 0 1
    outer loop
      vertex 65.63926513768345 126.03563209638108 13
      vertex 66.09261308573497 126.01583849750351 13
      vertex 66.09261308573497 177.98416150249648 13
    endloop
  endfacet
  facet normal 0 0 1
    outer loop
      vertex 66.09261308573497 126.01583849750351 13
      vertex 66.54623743263062 126.00395992593383 13
      vertex 66.54623743263062 177.99604007406617 13
    endloop
  endfacet
  facet normal 0 0 1
    outer loop
      vertex 66.54623743263062 126.00395992593383 13
      vertex 67 126 13
      vertex 67 178 13
    endloop
  endfacet
  facet normal 0 0 1
    outer loop
      vertex 67 126 13
      vertex 67.45376256736938 126.00395992593383 13
      vertex 67.45376256736938 177.99604007406617 13
    endloop
  endfacet
  facet normal 0 0 1
    outer loop
      vertex 67.45376256736938 126.00395992593383 13
      vertex 67.90738691426503 126.01583849750351 13
      vertex 67.90738691426503 177.98416150249648 13
    endloop
  endfacet
  facet normal 0 0 1
    outer loop
      vertex 67.90738691426503 126.01583849750351 13
      vertex 68.36073486231655 126.03563209638108 13
      vertex 68.36073486231655 177.96436790361892 13
    endloop
  endfacet
  facet normal 0 0 1
    outer loop
      vertex 68.36073486231655 126.03563209638108 13
      vertex 68.81366831734726 126.06333469324457 13
      vertex 68.81366831734726 177.93666530675543 13
    endloop
  endfacet
  facet normal 0 0 1
    outer loop
      vertex 68.81366831734726 126.06333469324457 13
      vertex 69.2660493114391 126.09893784961461 13
      vertex 69.2660493114391 177.90106215038537 13
    endloop
  endfacet
  facet normal 0 0 1
    outer loop
      vertex 69.2660493114391 126.09893784961461 13
      vertex 69.71774004495899 126.1424307204249 13
      vertex 69.71774004495899 177.8575692795751 13
    endloop
  endfacet
  facet normal 0 0 1
    outer loop
      vertex 69.71774004495899 126.1424307204249 13
      vertex 70.16860292853383 126.19380005732563 13
      vertex 70.16860292853383 177.80619994267437 13
    endloop
  endfacet
  facet normal 0 0 1
    outer loop
      vertex 70.16860292853383 126.19380005732563 13
      vertex 70.61850062496171 126.25303021271917 13
      vertex 70.61850062496171 177.74696978728082 13
    endloop
  endfacet
  facet normal 0 0 1
    outer loop
      vertex 70.61850062496171 126.25303021271917 13
      vertex 71.067296091046 126.32010314452641 13
      vertex 71.067296091046 177.67989685547357 13
    endloop
  endfacet
  facet normal 0 0 1
    outer loop
      vertex 58.96555814625137 127.272530576326 13
      vertex 59.39833567720884 176.86392365503892 13
      vertex 58.96555814625137 176.727469423674 13
    endloop
  endfacet
  facet normal 0 0 1
    outer loop
      vertex 59.39833567720884 127.13607634496108 13
      vertex 59.833428748758024 176.9928040943963 13
      vertex 59.39833567720884 176.86392365503892 13
    endloop
  endfacet
  facet normal 0 0 1
    outer loop
      vertex 59.833428748758024 127.00719590560371 13
      vertex 60.27070482733446 177.11407148351577 13
      vertex 59.833428748758024 176.9928040943963 13
    endloop
  endfacet
  facet normal 0 0 1
    outer loop
      vertex 60.27070482733446 126.88592851648423 13
      vertex 60.71003071440864 177.22768888317592 13
      vertex 60.27070482733446 177.11407148351577 13
    endloop
  endfacet
  facet normal 0 0 1
    outer loop
      vertex 60.71003071440864 126.77231111682408 13
      vertex 61.15127258705951 177.33362168441613 13
      vertex 60.71003071440864 177.22768888317592 13
    endloop
  endfacet
  facet normal 0 0 1
    outer loop
      vertex 61.15127258705951 126.66637831558388 13
      vertex 61.59429603873826 177.43183761907895 13
      vertex 61.15127258705951 177.33362168441613 13
    endloop
  endfacet
  facet normal 0 0 1
    outer loop
      vertex 61.59429603873826 126.56816238092105 13
      vertex 62.038966120209835 177.52230676963927 13
      vertex 61.59429603873826 177.43183761907895 13
    endloop
  endfacet
  facet normal 0 0 1
    outer loop
      vertex 62.038966120209835 126.47769323036073 13
      vertex 62.48514738065981 177.6050015783174 13
      vertex 62.038966120209835 177.52230676963927 13
    endloop
  endfacet
  facet normal 0 0 1
    outer loop
      vertex 62.48514738065981 126.39499842168259 13
      vertex 62.932703908954 177.67989685547357 13
      vertex 62.48514738065981 177.6050015783174 13
    endloop
  endfacet
  facet normal 0 0 1
    outer loop
      vertex 62.932703908954 126.32010314452641 13
      vertex 63.381499375038295 177.74696978728082 13
      vertex 62.932703908954 177.67989685547357 13
    endloop
  endfacet
  facet normal 0 0 1
    outer loop
      vertex 63.381499375038295 126.25303021271917 13
      vertex 63.831397071466164 177.80619994267437 13
      vertex 63.381499375038295 177.74696978728082 13
    endloop
  endfacet
  facet normal 0 0 1
    outer loop
      vertex 63.831397071466164 126.19380005732563 13
      vertex 64.28225995504101 177.8575692795751 13
      vertex 63.831397071466164 177.80619994267437 13
    endloop
  endfacet
  facet normal 0 0 1
    outer loop
      vertex 64.28225995504101 126.1424307204249 13
      vertex 64.7339506885609 177.90106215038537 13
      vertex 64.28225995504101 177.8575692795751 13
    endloop
  endfacet
  facet normal 0 0 1
    outer loop
      vertex 64.7339506885609 126.09893784961461 13
      vertex 65.18633168265274 177.93666530675543 13
      vertex 64.7339506885609 177.90106215038537 13
    endloop
  endfacet
  facet normal 0 0 1
    outer loop
      vertex 65.18633168265274 126.06333469324457 13
      vertex 65.63926513768345 177.96436790361892 13
      vertex 65.18633168265274 177.93666530675543 13
    endloop
  endfacet
  facet normal 0 0 1
    outer loop
      vertex 65.63926513768345 126.03563209638108 13
      vertex 66.09261308573497 177.98416150249648 13
      vertex 65.63926513768345 177.96436790361892 13
    endloop
  endfacet
  facet normal 0 0 1
    outer loop
      vertex 66.09261308573497 126.01583849750351 13
      vertex 66.54623743263062 177.99604007406617 13
      vertex 66.09261308573497 177.98416150249648 13
    endloop
  endfacet
  facet normal 0 0 1
    outer loop
      vertex 66.54623743263062 126.00395992593383 13
      vertex 67 178 13
      vertex 66.54623743263062 177.99604007406617 13
    endloop
  endfacet
  facet normal 0 0 1
    outer loop
      vertex 67 126 13
      vertex 67.45376256736938 177.99604007406617 13
      vertex 67 178 13
    endloop
  endfacet
  facet normal 0 0 1
    outer loop
      vertex 67.45376256736938 126.00395992593383 13
      vertex 67.90738691426503 177.98416150249648 13
      vertex 67.45376256736938 177.99604007406617 13
    endloop
  endfacet
  facet normal 0 0 1
    outer loop
      vertex 67.90738691426503 126.01583849750351 13
      vertex 68.36073486231655 177.96436790361892 13
      vertex 67.90738691426503 177.98416150249648 13
    endloop
  endfacet
  facet normal 0 0 1
    outer loop
      vertex 68.36073486231655 126.03563209638108 13
      vertex 68.81366831734726 177.93666530675543 13
      vertex 68.36073486231655 177.96436790361892 13
    endloop
  endfacet
  facet normal 0 0 1
    outer loop
      vertex 68.81366831734726 126.06333469324457 13
      vertex 69.2660493114391 177.90106215038537 13
      vertex 68.81366831734726 177.93666530675543 13
    endloop
  endfacet
  facet normal 0 0 1
    outer loop
      vertex 69.2660493114391 126.09893784961461 13
      vertex 69.71774004495899 177.8575692795751 13
      vertex 69.2660493114391 177.90106215038537 13
    endloop
  endfacet
  facet normal 0 0 1
    outer loop
      vertex 69.71774004495899 126.1424307204249 13
      vertex 70.16860292853383 177.80619994267437 13
      vertex 69.71774004495899 177.8575692795751 13
    endloop
  endfacet
  facet normal 0 0 1
    outer loop
      vertex 70.16860292853383 126.19380005732563 13
      vertex 70.61850062496171 177.74696978728082 13
      vertex 70.16860292853383 177.80619994267437 13
    endloop
  endfacet
  facet normal 0 0 1
    outer loop
      vertex 70.61850062496171 126.25303021271917 13
      vertex 71.067296091046 177.67989685547357 13
      vertex 70.61850062496171 177.74696978728082 13
    endloop
  endfacet
  facet normal 0 0 1
    outer loop
      vertex 71.067296091046 126.32010314452641 13
      vertex 71.51485261934019 177.6050015783174 13
      vertex 71.067296091046 177.67989685547357 13
    endloop
  endfacet
  facet normal 0.7826081568524019 0.6225146366376346 0
    outer loop
      vertex 46.51172040622523 135.99280164153288 13
      vertex 46.51172040622523 135.99280164153288 19
      vertex 46.79420500211876 135.63766983270423 13
    endloop
  endfacet
  facet normal 0.7716245833877281 0.6360782202777541 0
    outer loop
      vertex 46.79420500211876 135.63766983270423 13
      vertex 46.79420500211876 135.63766983270423 19
      vertex 47.08284447890657 135.28752214814998 13
    endloop
  endfacet
  facet normal 0.7604059656000405 0.6494480483301726 0
    outer loop
      vertex 47.08284447890657 135.28752214814998 13
      vertex 47.08284447890657 135.28752214814998 19
      vertex 47.37755091420793 134.9424652462468 13
    endloop
  endfacet
  facet normal 0.7826081568524019 0.6225146366376346 0
    outer loop
      vertex 46.79420500211876 135.63766983270423 13
      vertex 46.51172040622523 135.99280164153288 19
      vertex 46.79420500211876 135.63766983270423 19
    endloop
  endfacet
  facet normal 0.7716245833877281 0.6360782202777541 0
    outer loop
      vertex 47.08284447890657 135.28752214814998 13
      vertex 46.79420500211876 135.63766983270423 19
      vertex 47.08284447890657 135.28752214814998 19
    endloop
  endfacet
  facet normal 0.7604059656000405 0.6494480483301726 0
    outer loop
      vertex 47.37755091420793 134.9424652462468 13
      vertex 47.08284447890657 135.28752214814998 19
      vertex 47.37755091420793 134.9424652462468 19
    endloop
  endfacet
  facet normal 0.7826081568524019 -0.6225146366376346 -1.6350910015977505e-18
    outer loop
      vertex 46.51172040622523 168.00719835846712 13
      vertex 46.79420500211876 168.36233016729577 13
      vertex 46.79420500211876 168.36233016729577 19
    endloop
  endfacet
  facet normal 0.7716245833877281 -0.6360782202777541 1.2446224382694795e-18
    outer loop
      vertex 46.79420500211876 168.36233016729577 13
      vertex 47.08284447890657 168.71247785185002 13
      vertex 47.08284447890657 168.71247785185002 19
    endloop
  endfacet
  facet normal 0.7604059656000405 -0.6494480483301726 1.9729281637107262e-18
    outer loop
      vertex 47.08284447890657 168.71247785185002 13
      vertex 47.37755091420793 169.0575347537532 13
      vertex 47.37755091420793 169.0575347537532 19
    endloop
  endfacet
  facet normal 0.7489557207889957 -0.6626200482157447 -5.528313036701652e-20
    outer loop
      vertex 47.37755091420793 169.0575347537532 13
      vertex 47.67823453758775 169.39739576533032 13
      vertex 47.67823453758775 169.39739576533032 19
    endloop
  endfacet
  facet normal 0.7372773368101097 -0.675590207615676 -1.5579278655502576e-18
    outer loop
      vertex 47.67823453758775 169.39739576533032 13
      vertex 47.98480375790157 169.73195736162495 13
      vertex 47.98480375790157 169.73195736162495 19
    endloop
  endfacet
  facet normal 0.725374371012309 -0.6883545756937316 2.178173111318976e-18
    outer loop
      vertex 47.98480375790157 169.73195736162495 13
      vertex 48.29716519119507 170.06111763193394 13
      vertex 48.29716519119507 170.06111763193394 19
    endloop
  endfacet
  facet normal 0.7132504491541846 -0.7009092642998479 -1.0523661866737328e-18
    outer loop
      vertex 48.29716519119507 170.06111763193394 13
      vertex 48.61522368914976 170.38477631085024 13
      vertex 48.61522368914976 170.38477631085024 19
    endloop
  endfacet
  facet normal 0.7009092642998401 -0.7132504491541921 1.012704015742408e-18
    outer loop
      vertex 48.61522368914976 170.38477631085024 13
      vertex 48.938882368066075 170.70283480880494 13
      vertex 48.938882368066075 170.70283480880494 19
    endloop
  endfacet
  facet normal 0.6883545756937464 -0.7253743710122948 -1.77887543685844e-18
    outer loop
      vertex 48.938882368066075 170.70283480880494 13
      vertex 49.268042638375036 171.01519624209843 13
      vertex 49.268042638375036 171.01519624209843 19
    endloop
  endfacet
  facet normal 0.6755902076156775 -0.7372773368101083 1.082150577831632e-18
    outer loop
      vertex 49.268042638375036 171.01519624209843 13
      vertex 49.602604234669684 171.32176546241226 13
      vertex 49.602604234669684 171.32176546241226 19
    endloop
  endfacet
  facet normal 0.6626200482157381 -0.7489557207890017 -5.197913585914541e-19
    outer loop
      vertex 49.602604234669684 171.32176546241226 13
      vertex 49.94246524624681 171.62244908579208 13
      vertex 49.94246524624681 171.62244908579208 19
    endloop
  endfacet
  facet normal 0.649448048330179 -0.7604059656000349 -3.1324442826572575e-19
    outer loop
      vertex 49.94246524624681 171.62244908579208 13
      vertex 50.287522148149975 171.91715552109343 13
      vertex 50.287522148149975 171.91715552109343 19
    endloop
  endfacet
  facet normal 0.6360782202777525 -0.7716245833877294 9.437574791030805e-19
    outer loop
      vertex 50.287522148149975 171.91715552109343 13
      vertex 50.637669832704226 172.20579499788124 13
      vertex 50.637669832704226 172.20579499788124 19
    endloop
  endfacet
  facet normal 0.6225146366376098 -0.7826081568524216 5.9102008817652065e-19
    outer loop
      vertex 50.637669832704226 172.20579499788124 13
      vertex 50.992801641532886 172.48827959377476 13
      vertex 50.992801641532886 172.48827959377476 19
    endloop
  endfacet
  facet normal 0.6087614290087306 -0.7933533402912275 -2.1940921691060598e-18
    outer loop
      vertex 50.992801641532886 172.48827959377476 13
      vertex 51.352809398046745 172.7645232612296 13
      vertex 51.352809398046745 172.7645232612296 19
    endloop
  endfacet
  facet normal 0.5948227867513404 -0.8038568606172181 -1.653970325134346e-18
    outer loop
      vertex 51.352809398046745 172.7645232612296 13
      vertex 51.7175834403957 173.03444185374863 13
      vertex 51.7175834403957 173.03444185374863 19
    endloop
  endfacet
  facet normal 0.5807029557109346 -0.8141155183563228 7.624034075121703e-19
    outer loop
      vertex 51.7175834403957 173.03444185374863 13
      vertex 52.0870126548728 173.29795315151378 13
      vertex 52.0870126548728 173.29795315151378 19
    endloop
  endfacet
  facet normal 0.5664062369248569 -0.824126188621999 -4.409189453523191e-19
    outer loop
      vertex 52.0870126548728 173.29795315151378 13
      vertex 52.46098450976058 173.5549768864311 13
      vertex 52.46098450976058 173.5549768864311 19
    endloop
  endfacet
  facet normal 0.5519369853120294 -0.8338858220671873 2.0059696206511346e-19
    outer loop
      vertex 52.46098450976058 173.5549768864311 13
      vertex 52.839385089609294 173.80543476658102 13
      vertex 52.839385089609294 173.80543476658102 19
    endloop
  endfacet
  facet normal 0.537299608346834 -0.8433914458128793 1.5318238016523785e-18
    outer loop
      vertex 52.839385089609294 173.80543476658102 13
      vertex 53.22209912993667 174.04925050006707 13
      vertex 53.22209912993667 174.04925050006707 19
    endloop
  endfacet
  facet normal 0.5224985647159291 -0.8526401643541042 7.141753379427158e-19
    outer loop
      vertex 53.22209912993667 174.04925050006707 13
      vertex 53.60901005233859 174.2863498182549 13
      vertex 53.60901005233859 174.2863498182549 19
    endloop
  endfacet
  facet normal 0.5075383629607125 -0.8616291604415207 -5.189329941167067e-19
    outer loop
      vertex 53.60901005233859 174.2863498182549 13
      vertex 54 174.5166604983954 13
      vertex 54 174.5166604983954 19
    endloop
  endfacet
  facet normal 0.49242356010347393 -0.8703556959398958 5.786928424262845e-19
    outer loop
      vertex 54 174.5166604983954 13
      vertex 54.39494987359524 174.7401123856243 13
      vertex 54.39494987359524 174.7401123856243 19
    endloop
  endfacet
  facet normal 0.4771587602596246 -0.8788171126619566 1.6420204523042748e-18
    outer loop
      vertex 54.39494987359524 174.7401123856243 13
      vertex 54.79373936756684 174.9566374143321 13
      vertex 54.79373936756684 174.9566374143321 19
    endloop
  endfacet
  facet normal 0.46174861323502275 -0.8870108331782274 3.4280741257782027e-19
    outer loop
      vertex 54.79373936756684 174.9566374143321 13
      vertex 55.196247006771785 175.16616962889756 13
      vertex 55.196247006771785 175.16616962889756 19
    endloop
  endfacet
  facet normal 0.44619781310978984 -0.8949343616020345 2.900531222962978e-20
    outer loop
      vertex 55.196247006771785 175.16616962889756 13
      vertex 55.602350183483985 175.36864520377833 13
      vertex 55.602350183483985 175.36864520377833 19
    endloop
  endfacet
  facet normal 0.4305110968082936 -0.9025852843498614 -4.0302163913762053e-19
    outer loop
      vertex 55.602350183483985 175.36864520377833 13
      vertex 56.01192519474181 175.56400246295289 13
      vertex 56.01192519474181 175.56400246295289 19
    endloop
  endfacet
  facet normal 0.41469324265625235 -0.9099612708765371 2.0687513366007644e-19
    outer loop
      vertex 56.01192519474181 175.56400246295289 13
      vertex 56.4248472800292 175.75218189870762 13
      vertex 56.4248472800292 175.75218189870762 19
    endloop
  endfacet
  facet normal 0.3987490689252469 -0.9170600743851238 2.2658034301446452e-18
    outer loop
      vertex 56.4248472800292 175.75218189870762 13
      vertex 56.84099065927888 175.93312618976344 13
      vertex 56.84099065927888 175.93312618976344 19
    endloop
  endfacet
  facet normal 0.3826834323651032 -0.9238795325112812 -1.2647268737427555e-18
    outer loop
      vertex 56.84099065927888 175.93312618976344 13
      vertex 57.26022857118629 176.10678021873647 13
      vertex 57.26022857118629 176.10678021873647 19
    endloop
  endfacet
  facet normal 0.36650122672426527 -0.9304175679820371 -1.9234029098767775e-18
    outer loop
      vertex 57.26022857118629 176.10678021873647 13
      vertex 57.682433311822194 176.27309108892723 13
      vertex 57.682433311822194 176.27309108892723 19
    endloop
  endfacet
  facet normal 0.35020738125950834 -0.9366721892483824 1.5152091409429687e-18
    outer loop
      vertex 57.682433311822194 176.27309108892723 13
      vertex 58.10747627353261 176.43200814043362 13
      vertex 58.10747627353261 176.43200814043362 19
    endloop
  endfacet
  facet normal 0.33380685923378445 -0.9426414910921737 -7.271635685216658e-19
    outer loop
      vertex 58.10747627353261 176.43200814043362 13
      vertex 58.535227984113924 176.58348296558225 13
      vertex 58.535227984113924 176.58348296558225 19
    endloop
  endfacet
  facet normal 0.3173046564050696 -0.9483236552062069 9.679010633545923e-19
    outer loop
      vertex 58.535227984113924 176.58348296558225 13
      vertex 58.96555814625137 176.727469423674 13
      vertex 58.96555814625137 176.727469423674 19
    endloop
  endfacet
  facet normal 0.7826081568524019 -0.6225146366376346 0
    outer loop
      vertex 46.51172040622523 168.00719835846712 13
      vertex 46.79420500211876 168.36233016729577 19
      vertex 46.51172040622523 168.00719835846712 19
    endloop
  endfacet
  facet normal 0.7716245833877281 -0.6360782202777541 0
    outer loop
      vertex 46.79420500211876 168.36233016729577 13
      vertex 47.08284447890657 168.71247785185002 19
      vertex 46.79420500211876 168.36233016729577 19
    endloop
  endfacet
  facet normal 0.7604059656000405 -0.6494480483301726 0
    outer loop
      vertex 47.08284447890657 168.71247785185002 13
      vertex 47.37755091420793 169.0575347537532 19
      vertex 47.08284447890657 168.71247785185002 19
    endloop
  endfacet
  facet normal 0.7489557207889957 -0.6626200482157447 0
    outer loop
      vertex 47.37755091420793 169.0575347537532 13
      vertex 47.67823453758775 169.39739576533032 19
      vertex 47.37755091420793 169.0575347537532 19
    endloop
  endfacet
  facet normal 0.7372773368101097 -0.675590207615676 0
    outer loop
      vertex 47.67823453758775 169.39739576533032 13
      vertex 47.98480375790157 169.73195736162495 19
      vertex 47.67823453758775 169.39739576533032 19
    endloop
  endfacet
  facet normal 0.725374371012309 -0.6883545756937316 0
    outer loop
      vertex 47.98480375790157 169.73195736162495 13
      vertex 48.29716519119507 170.06111763193394 19
      vertex 47.98480375790157 169.73195736162495 19
    endloop
  endfacet
  facet normal 0.7132504491541846 -0.7009092642998479 0
    outer loop
      vertex 48.29716519119507 170.06111763193394 13
      vertex 48.61522368914976 170.38477631085024 19
      vertex 48.29716519119507 170.06111763193394 19
    endloop
  endfacet
  facet normal 0.7009092642998401 -0.7132504491541921 0
    outer loop
      vertex 48.61522368914976 170.38477631085024 13
      vertex 48.938882368066075 170.70283480880494 19
      vertex 48.61522368914976 170.38477631085024 19
    endloop
  endfacet
  facet normal 0.6883545756937464 -0.7253743710122948 0
    outer loop
      vertex 48.938882368066075 170.70283480880494 13
      vertex 49.268042638375036 171.01519624209843 19
      vertex 48.938882368066075 170.70283480880494 19
    endloop
  endfacet
  facet normal 0.6755902076156775 -0.7372773368101083 0
    outer loop
      vertex 49.268042638375036 171.01519624209843 13
      vertex 49.602604234669684 171.32176546241226 19
      vertex 49.268042638375036 171.01519624209843 19
    endloop
  endfacet
  facet normal 0.6626200482157381 -0.7489557207890017 0
    outer loop
      vertex 49.602604234669684 171.32176546241226 13
      vertex 49.94246524624681 171.62244908579208 19
      vertex 49.602604234669684 171.32176546241226 19
    endloop
  endfacet
  facet normal 0.649448048330179 -0.7604059656000349 0
    outer loop
      vertex 49.94246524624681 171.62244908579208 13
      vertex 50.287522148149975 171.91715552109343 19
      vertex 49.94246524624681 171.62244908579208 19
    endloop
  endfacet
  facet normal 0.6360782202777525 -0.7716245833877294 0
    outer loop
      vertex 50.287522148149975 171.91715552109343 13
      vertex 50.637669832704226 172.20579499788124 19
      vertex 50.287522148149975 171.91715552109343 19
    endloop
  endfacet
  facet normal 0.6225146366376098 -0.7826081568524216 0
    outer loop
      vertex 50.637669832704226 172.20579499788124 13
      vertex 50.992801641532886 172.48827959377476 19
      vertex 50.637669832704226 172.20579499788124 19
    endloop
  endfacet
  facet normal 0.6087614290087306 -0.7933533402912275 0
    outer loop
      vertex 50.992801641532886 172.48827959377476 13
      vertex 51.352809398046745 172.7645232612296 19
      vertex 50.992801641532886 172.48827959377476 19
    endloop
  endfacet
  facet normal 0.5948227867513404 -0.8038568606172181 0
    outer loop
      vertex 51.352809398046745 172.7645232612296 13
      vertex 51.7175834403957 173.03444185374863 19
      vertex 51.352809398046745 172.7645232612296 19
    endloop
  endfacet
  facet normal 0.5807029557109346 -0.8141155183563228 0
    outer loop
      vertex 51.7175834403957 173.03444185374863 13
      vertex 52.0870126548728 173.29795315151378 19
      vertex 51.7175834403957 173.03444185374863 19
    endloop
  endfacet
  facet normal 0.5664062369248569 -0.824126188621999 0
    outer loop
      vertex 52.0870126548728 173.29795315151378 13
      vertex 52.46098450976058 173.5549768864311 19
      vertex 52.0870126548728 173.29795315151378 19
    endloop
  endfacet
  facet normal 0.5519369853120294 -0.8338858220671873 0
    outer loop
      vertex 52.46098450976058 173.5549768864311 13
      vertex 52.839385089609294 173.80543476658102 19
      vertex 52.46098450976058 173.5549768864311 19
    endloop
  endfacet
  facet normal 0.537299608346834 -0.8433914458128793 0
    outer loop
      vertex 52.839385089609294 173.80543476658102 13
      vertex 53.22209912993667 174.04925050006707 19
      vertex 52.839385089609294 173.80543476658102 19
    endloop
  endfacet
  facet normal 0.5224985647159291 -0.8526401643541042 0
    outer loop
      vertex 53.22209912993667 174.04925050006707 13
      vertex 53.60901005233859 174.2863498182549 19
      vertex 53.22209912993667 174.04925050006707 19
    endloop
  endfacet
  facet normal 0.5075383629607125 -0.8616291604415207 0
    outer loop
      vertex 53.60901005233859 174.2863498182549 13
      vertex 54 174.5166604983954 19
      vertex 53.60901005233859 174.2863498182549 19
    endloop
  endfacet
  facet normal 0.49242356010347393 -0.8703556959398958 0
    outer loop
      vertex 54 174.5166604983954 13
      vertex 54.39494987359524 174.7401123856243 19
      vertex 54 174.5166604983954 19
    endloop
  endfacet
  facet normal 0.4771587602596246 -0.8788171126619566 0
    outer loop
      vertex 54.39494987359524 174.7401123856243 13
      vertex 54.79373936756684 174.9566374143321 19
      vertex 54.39494987359524 174.7401123856243 19
    endloop
  endfacet
  facet normal 0.46174861323502275 -0.8870108331782274 0
    outer loop
      vertex 54.79373936756684 174.9566374143321 13
      vertex 55.196247006771785 175.16616962889756 19
      vertex 54.79373936756684 174.9566374143321 19
    endloop
  endfacet
  facet normal 0.44619781310978984 -0.8949343616020345 0
    outer loop
      vertex 55.196247006771785 175.16616962889756 13
      vertex 55.602350183483985 175.36864520377833 19
      vertex 55.196247006771785 175.16616962889756 19
    endloop
  endfacet
  facet normal 0.4305110968082936 -0.9025852843498614 0
    outer loop
      vertex 55.602350183483985 175.36864520377833 13
      vertex 56.01192519474181 175.56400246295289 19
      vertex 55.602350183483985 175.36864520377833 19
    endloop
  endfacet
  facet normal 0.41469324265625235 -0.9099612708765371 0
    outer loop
      vertex 56.01192519474181 175.56400246295289 13
      vertex 56.4248472800292 175.75218189870762 19
      vertex 56.01192519474181 175.56400246295289 19
    endloop
  endfacet
  facet normal 0.3987490689252469 -0.9170600743851238 0
    outer loop
      vertex 56.4248472800292 175.75218189870762 13
      vertex 56.84099065927888 175.93312618976344 19
      vertex 56.4248472800292 175.75218189870762 19
    endloop
  endfacet
  facet normal 0.3826834323651032 -0.9238795325112812 0
    outer loop
      vertex 56.84099065927888 175.93312618976344 13
      vertex 57.26022857118629 176.10678021873647 19
      vertex 56.84099065927888 175.93312618976344 19
    endloop
  endfacet
  facet normal 0.36650122672426527 -0.9304175679820371 0
    outer loop
      vertex 57.26022857118629 176.10678021873647 13
      vertex 57.682433311822194 176.27309108892723 19
      vertex 57.26022857118629 176.10678021873647 19
    endloop
  endfacet
  facet normal 0.35020738125950834 -0.9366721892483824 0
    outer loop
      vertex 57.682433311822194 176.27309108892723 13
      vertex 58.10747627353261 176.43200814043362 19
      vertex 57.682433311822194 176.27309108892723 19
    endloop
  endfacet
  facet normal 0.33380685923378445 -0.9426414910921737 0
    outer loop
      vertex 58.10747627353261 176.43200814043362 13
      vertex 58.535227984113924 176.58348296558225 19
      vertex 58.10747627353261 176.43200814043362 19
    endloop
  endfacet
  facet normal 0.3173046564050696 -0.9483236552062069 0
    outer loop
      vertex 58.535227984113924 176.58348296558225 13
      vertex 58.96555814625137 176.727469423674 19
      vertex 58.535227984113924 176.58348296558225 19
    endloop
  endfacet
  facet normal 0.3007057995042617 -0.9537169507482306 4.109900388235335e-19
    outer loop
      vertex 58.96555814625137 176.727469423674 13
      vertex 59.39833567720884 176.86392365503892 13
      vertex 59.39833567720884 176.86392365503892 19
    endloop
  endfacet
  facet normal 0.28401534470393125 -0.9588197348681904 -6.642678530265895e-19
    outer loop
      vertex 59.39833567720884 176.86392365503892 13
      vertex 59.833428748758024 176.9928040943963 13
      vertex 59.833428748758024 176.9928040943963 19
    endloop
  endfacet
  facet normal 0.26723837607824913 -0.9636304532086252 -1.1338914246692985e-18
    outer loop
      vertex 59.833428748758024 176.9928040943963 13
      vertex 60.27070482733446 177.11407148351577 13
      vertex 60.27070482733446 177.11407148351577 19
    endloop
  endfacet
  facet normal 0.25038000405446365 -0.968147640378102 4.1940319196493514e-19
    outer loop
      vertex 60.27070482733446 177.11407148351577 13
      vertex 60.71003071440864 177.22768888317592 13
      vertex 60.71003071440864 177.22768888317592 19
    endloop
  endfacet
  facet normal 0.23344536385592038 -0.972369920397673 1.148179168238129e-19
    outer loop
      vertex 60.71003071440864 177.22768888317592 13
      vertex 61.15127258705951 177.33362168441613 13
      vertex 61.15127258705951 177.33362168441613 19
    endloop
  endfacet
  facet normal 0.21643961393807593 -0.9762960071199394 4.592678135055506e-19
    outer loop
      vertex 61.15127258705951 177.33362168441613 13
      vertex 61.59429603873826 177.43183761907895 13
      vertex 61.59429603873826 177.43183761907895 19
    endloop
  endfacet
  facet normal 0.1993679344172132 -0.9799247046208265 -4.979615418519063e-19
    outer loop
      vertex 61.59429603873826 177.43183761907895 13
      vertex 62.038966120209835 177.52230676963927 13
      vertex 62.038966120209835 177.52230676963927 19
    endloop
  endfacet
  facet normal 0.18223552549210595 -0.9832549075639623 -4.0840904978416616e-19
    outer loop
      vertex 62.038966120209835 177.52230676963927 13
      vertex 62.48514738065981 177.6050015783174 13
      vertex 62.48514738065981 177.6050015783174 19
    endloop
  endfacet
  facet normal 0.16504760586068204 -0.9862856015372307 2.7260069760851723e-19
    outer loop
      vertex 62.48514738065981 177.6050015783174 13
      vertex 62.932703908954 177.67989685547357 13
      vertex 62.932703908954 177.67989685547357 19
    endloop
  endfacet
  facet normal 0.14780941112960863 -0.9890158633619172 3.349451731271971e-19
    outer loop
      vertex 62.932703908954 177.67989685547357 13
      vertex 63.381499375038295 177.74696978728082 13
      vertex 63.381499375038295 177.74696978728082 19
    endloop
  endfacet
  facet normal 0.1305261922200625 -0.9914448613738089 -1.5139985578758562e-19
    outer loop
      vertex 63.381499375038295 177.74696978728082 13
      vertex 63.831397071466164 177.80619994267437 13
      vertex 63.831397071466164 177.80619994267437 19
    endloop
  endfacet
  facet normal 0.11320321376790614 -0.9935718556765876 -4.608006699499397e-19
    outer loop
      vertex 63.831397071466164 177.80619994267437 13
      vertex 64.28225995504101 177.8575692795751 13
      vertex 64.28225995504101 177.8575692795751 19
    endloop
  endfacet
  facet normal 0.09584575252020511 -0.9953961983671806 -2.1164022287509398e-19
    outer loop
      vertex 64.28225995504101 177.8575692795751 13
      vertex 64.7339506885609 177.90106215038537 13
      vertex 64.7339506885609 177.90106215038537 19
    endloop
  endfacet
  facet normal 0.07845909572787312 -0.9969173337331256 1.5254722222505455e-19
    outer loop
      vertex 64.7339506885609 177.90106215038537 13
      vertex 65.18633168265274 177.93666530675543 13
      vertex 65.18633168265274 177.93666530675543 19
    endloop
  endfacet
  facet normal 0.06104853953486001 -0.9981347984218667 -1.9172152230863331e-19
    outer loop
      vertex 65.18633168265274 177.93666530675543 13
      vertex 65.63926513768345 177.96436790361892 13
      vertex 65.63926513768345 177.96436790361892 19
    endloop
  endfacet
  facet normal 0.04361938736530782 -0.999048221581859 2.346817986895394e-19
    outer loop
      vertex 65.63926513768345 177.96436790361892 13
      vertex 66.09261308573497 177.98416150249648 13
      vertex 66.09261308573497 177.98416150249648 19
    endloop
  endfacet
  facet normal 0.026176948307901078 -0.9996573249755566 -1.4174371717156415e-19
    outer loop
      vertex 66.09261308573497 177.98416150249648 13
      vertex 66.54623743263062 177.99604007406617 13
      vertex 66.54623743263062 177.99604007406617 19
    endloop
  endfacet
  facet normal 0.008726535498372984 -0.9999619230641712 -2.938578994383762e-20
    outer loop
      vertex 66.54623743263062 177.99604007406617 13
      vertex 67 178 13
      vertex 67 178 19
    endloop
  endfacet
  facet normal -0.008726535498372984 -0.9999619230641712 2.938578994383762e-20
    outer loop
      vertex 67 178 13
      vertex 67.45376256736938 177.99604007406617 13
      vertex 67.45376256736938 177.99604007406617 19
    endloop
  endfacet
  facet normal -0.026176948307901078 -0.9996573249755566 1.4174371717156415e-19
    outer loop
      vertex 67.45376256736938 177.99604007406617 13
      vertex 67.90738691426503 177.98416150249648 13
      vertex 67.90738691426503 177.98416150249648 19
    endloop
  endfacet
  facet normal -0.04361938736530782 -0.999048221581859 -2.346817986895394e-19
    outer loop
      vertex 67.90738691426503 177.98416150249648 13
      vertex 68.36073486231655 177.96436790361892 13
      vertex 68.36073486231655 177.96436790361892 19
    endloop
  endfacet
  facet normal -0.06104853953486001 -0.9981347984218667 1.9172152230863331e-19
    outer loop
      vertex 68.36073486231655 177.96436790361892 13
      vertex 68.81366831734726 177.93666530675543 13
      vertex 68.81366831734726 177.93666530675543 19
    endloop
  endfacet
  facet normal -0.07845909572787312 -0.9969173337331256 -1.5254722222505455e-19
    outer loop
      vertex 68.81366831734726 177.93666530675543 13
      vertex 69.2660493114391 177.90106215038537 13
      vertex 69.2660493114391 177.90106215038537 19
    endloop
  endfacet
  facet normal -0.09584575252020511 -0.9953961983671806 2.1164022287509398e-19
    outer loop
      vertex 69.2660493114391 177.90106215038537 13
      vertex 69.71774004495899 177.8575692795751 13
      vertex 69.71774004495899 177.8575692795751 19
    endloop
  endfacet
  facet normal -0.11320321376790791 -0.9935718556765875 -5.530114886806906e-19
    outer loop
      vertex 69.71774004495899 177.8575692795751 13
      vertex 70.16860292853383 177.80619994267437 13
      vertex 70.16860292853383 177.80619994267437 19
    endloop
  endfacet
  facet normal -0.13052619222005846 -0.9914448613738095 -6.217249324949645e-19
    outer loop
      vertex 70.16860292853383 177.80619994267437 13
      vertex 70.61850062496171 177.74696978728082 13
      vertex 70.61850062496171 177.74696978728082 19
    endloop
  endfacet
  facet normal -0.1478094111296109 -0.9890158633619167 1.306301535711896e-19
    outer loop
      vertex 70.61850062496171 177.74696978728082 13
      vertex 71.067296091046 177.67989685547357 13
      vertex 71.067296091046 177.67989685547357 19
    endloop
  endfacet
  facet normal 0.3007057995042617 -0.9537169507482306 0
    outer loop
      vertex 58.96555814625137 176.727469423674 13
      vertex 59.39833567720884 176.86392365503892 19
      vertex 58.96555814625137 176.727469423674 19
    endloop
  endfacet
  facet normal 0.28401534470393125 -0.9588197348681904 0
    outer loop
      vertex 59.39833567720884 176.86392365503892 13
      vertex 59.833428748758024 176.9928040943963 19
      vertex 59.39833567720884 176.86392365503892 19
    endloop
  endfacet
  facet normal 0.26723837607824913 -0.9636304532086252 0
    outer loop
      vertex 59.833428748758024 176.9928040943963 13
      vertex 60.27070482733446 177.11407148351577 19
      vertex 59.833428748758024 176.9928040943963 19
    endloop
  endfacet
  facet normal 0.25038000405446365 -0.968147640378102 0
    outer loop
      vertex 60.27070482733446 177.11407148351577 13
      vertex 60.71003071440864 177.22768888317592 19
      vertex 60.27070482733446 177.11407148351577 19
    endloop
  endfacet
  facet normal 0.23344536385592038 -0.972369920397673 0
    outer loop
      vertex 60.71003071440864 177.22768888317592 13
      vertex 61.15127258705951 177.33362168441613 19
      vertex 60.71003071440864 177.22768888317592 19
    endloop
  endfacet
  facet normal 0.21643961393807593 -0.9762960071199394 0
    outer loop
      vertex 61.15127258705951 177.33362168441613 13
      vertex 61.59429603873826 177.43183761907895 19
      vertex 61.15127258705951 177.33362168441613 19
    endloop
  endfacet
  facet normal 0.1993679344172132 -0.9799247046208265 0
    outer loop
      vertex 61.59429603873826 177.43183761907895 13
      vertex 62.038966120209835 177.52230676963927 19
      vertex 61.59429603873826 177.43183761907895 19
    endloop
  endfacet
  facet normal 0.18223552549210595 -0.9832549075639623 0
    outer loop
      vertex 62.038966120209835 177.52230676963927 13
      vertex 62.48514738065981 177.6050015783174 19
      vertex 62.038966120209835 177.52230676963927 19
    endloop
  endfacet
  facet normal 0.16504760586068204 -0.9862856015372307 0
    outer loop
      vertex 62.48514738065981 177.6050015783174 13
      vertex 62.932703908954 177.67989685547357 19
      vertex 62.48514738065981 177.6050015783174 19
    endloop
  endfacet
  facet normal 0.14780941112960863 -0.9890158633619172 0
    outer loop
      vertex 62.932703908954 177.67989685547357 13
      vertex 63.381499375038295 177.74696978728082 19
      vertex 62.932703908954 177.67989685547357 19
    endloop
  endfacet
  facet normal 0.1305261922200625 -0.9914448613738089 0
    outer loop
      vertex 63.381499375038295 177.74696978728082 13
      vertex 63.831397071466164 177.80619994267437 19
      vertex 63.381499375038295 177.74696978728082 19
    endloop
  endfacet
  facet normal 0.11320321376790614 -0.9935718556765876 0
    outer loop
      vertex 63.831397071466164 177.80619994267437 13
      vertex 64.28225995504101 177.8575692795751 19
      vertex 63.831397071466164 177.80619994267437 19
    endloop
  endfacet
  facet normal 0.09584575252020511 -0.9953961983671806 0
    outer loop
      vertex 64.28225995504101 177.8575692795751 13
      vertex 64.7339506885609 177.90106215038537 19
      vertex 64.28225995504101 177.8575692795751 19
    endloop
  endfacet
  facet normal 0.07845909572787312 -0.9969173337331256 0
    outer loop
      vertex 64.7339506885609 177.90106215038537 13
      vertex 65.18633168265274 177.93666530675543 19
      vertex 64.7339506885609 177.90106215038537 19
    endloop
  endfacet
  facet normal 0.06104853953486001 -0.9981347984218667 0
    outer loop
      vertex 65.18633168265274 177.93666530675543 13
      vertex 65.63926513768345 177.96436790361892 19
      vertex 65.18633168265274 177.93666530675543 19
    endloop
  endfacet
  facet normal 0.04361938736530782 -0.999048221581859 0
    outer loop
      vertex 65.63926513768345 177.96436790361892 13
      vertex 66.09261308573497 177.98416150249648 19
      vertex 65.63926513768345 177.96436790361892 19
    endloop
  endfacet
  facet normal 0.026176948307901078 -0.9996573249755566 0
    outer loop
      vertex 66.09261308573497 177.98416150249648 13
      vertex 66.54623743263062 177.99604007406617 19
      vertex 66.09261308573497 177.98416150249648 19
    endloop
  endfacet
  facet normal 0.008726535498372984 -0.9999619230641712 0
    outer loop
      vertex 66.54623743263062 177.99604007406617 13
      vertex 67 178 19
      vertex 66.54623743263062 177.99604007406617 19
    endloop
  endfacet
  facet normal -0.008726535498372984 -0.9999619230641712 0
    outer loop
      vertex 67 178 13
      vertex 67.45376256736938 177.99604007406617 19
      vertex 67 178 19
    endloop
  endfacet
  facet normal -0.026176948307901078 -0.9996573249755566 0
    outer loop
      vertex 67.45376256736938 177.99604007406617 13
      vertex 67.90738691426503 177.98416150249648 19
      vertex 67.45376256736938 177.99604007406617 19
    endloop
  endfacet
  facet normal -0.04361938736530782 -0.999048221581859 0
    outer loop
      vertex 67.90738691426503 177.98416150249648 13
      vertex 68.36073486231655 177.96436790361892 19
      vertex 67.90738691426503 177.98416150249648 19
    endloop
  endfacet
  facet normal -0.06104853953486001 -0.9981347984218667 0
    outer loop
      vertex 68.36073486231655 177.96436790361892 13
      vertex 68.81366831734726 177.93666530675543 19
      vertex 68.36073486231655 177.96436790361892 19
    endloop
  endfacet
  facet normal -0.07845909572787312 -0.9969173337331256 0
    outer loop
      vertex 68.81366831734726 177.93666530675543 13
      vertex 69.2660493114391 177.90106215038537 19
      vertex 68.81366831734726 177.93666530675543 19
    endloop
  endfacet
  facet normal -0.09584575252020511 -0.9953961983671806 0
    outer loop
      vertex 69.2660493114391 177.90106215038537 13
      vertex 69.71774004495899 177.8575692795751 19
      vertex 69.2660493114391 177.90106215038537 19
    endloop
  endfacet
  facet normal -0.11320321376790791 -0.9935718556765875 0
    outer loop
      vertex 69.71774004495899 177.8575692795751 13
      vertex 70.16860292853383 177.80619994267437 19
      vertex 69.71774004495899 177.8575692795751 19
    endloop
  endfacet
  facet normal -0.13052619222005846 -0.9914448613738095 0
    outer loop
      vertex 70.16860292853383 177.80619994267437 13
      vertex 70.61850062496171 177.74696978728082 19
      vertex 70.16860292853383 177.80619994267437 19
    endloop
  endfacet
  facet normal -0.1478094111296109 -0.9890158633619167 0
    outer loop
      vertex 70.61850062496171 177.74696978728082 13
      vertex 71.067296091046 177.67989685547357 19
      vertex 70.61850062496171 177.74696978728082 19
    endloop
  endfacet
  facet normal -0.16504760586068204 -0.9862856015372307 0
    outer loop
      vertex 71.067296091046 177.67989685547357 13
      vertex 71.51485261934019 177.6050015783174 19
      vertex 71.067296091046 177.67989685547357 19
    endloop
  endfacet
  facet normal -0.18223552549213623 0.9832549075639567 0
    outer loop
      vertex 71.51485261934019 126.39499842168259 13
      vertex 71.51485261934019 126.39499842168259 19
      vertex 71.96103387979016 126.47769323036073 13
    endloop
  endfacet
  facet normal -0.19936793441721626 0.9799247046208258 0
    outer loop
      vertex 71.96103387979016 126.47769323036073 13
      vertex 71.96103387979016 126.47769323036073 19
      vertex 72.40570396126174 126.56816238092105 13
    endloop
  endfacet
  facet normal -0.21643961393810246 0.9762960071199335 0
    outer loop
      vertex 72.40570396126174 126.56816238092105 13
      vertex 72.40570396126174 126.56816238092105 19
      vertex 72.84872741294049 126.66637831558388 13
    endloop
  endfacet
  facet normal -0.23344536385589432 0.9723699203976792 0
    outer loop
      vertex 72.84872741294049 126.66637831558388 13
      vertex 72.84872741294049 126.66637831558388 19
      vertex 73.28996928559135 126.77231111682408 13
    endloop
  endfacet
  facet normal -0.25038000405446365 0.968147640378102 0
    outer loop
      vertex 73.28996928559135 126.77231111682408 13
      vertex 73.28996928559135 126.77231111682408 19
      vertex 73.72929517266553 126.88592851648423 13
    endloop
  endfacet
  facet normal -0.267238376078245 0.9636304532086262 0
    outer loop
      vertex 73.72929517266553 126.88592851648423 13
      vertex 73.72929517266553 126.88592851648423 19
      vertex 74.16657125124198 127.00719590560371 13
    endloop
  endfacet
  facet normal -0.2840153447039356 0.9588197348681893 0
    outer loop
      vertex 74.16657125124198 127.00719590560371 13
      vertex 74.16657125124198 127.00719590560371 19
      vertex 74.60166432279115 127.13607634496108 13
    endloop
  endfacet
  facet normal -0.30070579950425713 0.9537169507482319 0
    outer loop
      vertex 74.60166432279115 127.13607634496108 13
      vertex 74.60166432279115 127.13607634496108 19
      vertex 75.03444185374863 127.272530576326 13
    endloop
  endfacet
  facet normal -0.31730465640510247 0.9483236552061959 0
    outer loop
      vertex 75.03444185374863 127.272530576326 13
      vertex 75.03444185374863 127.272530576326 19
      vertex 75.46477201588607 127.41651703441777 13
    endloop
  endfacet
  facet normal -0.3338068592337517 0.9426414910921852 0
    outer loop
      vertex 75.46477201588607 127.41651703441777 13
      vertex 75.46477201588607 127.41651703441777 19
      vertex 75.89252372646739 127.56799185956638 13
    endloop
  endfacet
  facet normal -0.35020738125948087 0.9366721892483926 0
    outer loop
      vertex 75.89252372646739 127.56799185956638 13
      vertex 75.89252372646739 127.56799185956638 19
      vertex 76.3175666881778 127.72690891107275 13
    endloop
  endfacet
  facet normal -0.3665012267242924 0.9304175679820265 0
    outer loop
      vertex 76.3175666881778 127.72690891107275 13
      vertex 76.3175666881778 127.72690891107275 19
      vertex 76.73977142881371 127.89321978126353 13
    endloop
  endfacet
  facet normal -0.38268343236509766 0.9238795325112834 0
    outer loop
      vertex 76.73977142881371 127.89321978126353 13
      vertex 76.73977142881371 127.89321978126353 19
      vertex 77.15900934072113 128.06687381023656 13
    endloop
  endfacet
  facet normal -0.39874906892525264 0.9170600743851213 0
    outer loop
      vertex 77.15900934072113 128.06687381023656 13
      vertex 77.15900934072113 128.06687381023656 19
      vertex 77.5751527199708 128.24781810129238 13
    endloop
  endfacet
  facet normal -0.4146932426562583 0.9099612708765346 0
    outer loop
      vertex 77.5751527199708 128.24781810129238 13
      vertex 77.5751527199708 128.24781810129238 19
      vertex 77.98807480525818 128.43599753704711 13
    endloop
  endfacet
  facet normal -0.4305110968082936 0.9025852843498614 0
    outer loop
      vertex 77.98807480525818 128.43599753704711 13
      vertex 77.98807480525818 128.43599753704711 19
      vertex 78.39764981651601 128.63135479622167 13
    endloop
  endfacet
  facet normal -0.4461978131097836 0.8949343616020377 0
    outer loop
      vertex 78.39764981651601 128.63135479622167 13
      vertex 78.39764981651601 128.63135479622167 19
      vertex 78.80375299322822 128.83383037110244 13
    endloop
  endfacet
  facet normal -0.46174861323502275 0.8870108331782274 0
    outer loop
      vertex 78.80375299322822 128.83383037110244 13
      vertex 78.80375299322822 128.83383037110244 19
      vertex 79.20626063243316 129.0433625856679 13
    endloop
  endfacet
  facet normal -0.4771587602596246 0.8788171126619566 0
    outer loop
      vertex 79.20626063243316 129.0433625856679 13
      vertex 79.20626063243316 129.0433625856679 19
      vertex 79.60505012640476 129.2598876143757 13
    endloop
  endfacet
  facet normal -0.49242356010347393 0.8703556959398958 0
    outer loop
      vertex 79.60505012640476 129.2598876143757 13
      vertex 79.60505012640476 129.2598876143757 19
      vertex 80 129.4833395016046 13
    endloop
  endfacet
  facet normal -0.5075383629607125 0.8616291604415207 0
    outer loop
      vertex 80 129.4833395016046 13
      vertex 80 129.4833395016046 19
      vertex 80.39098994766141 129.7136501817451 13
    endloop
  endfacet
  facet normal -0.5224985647159361 0.8526401643541 0
    outer loop
      vertex 80.39098994766141 129.7136501817451 13
      vertex 80.39098994766141 129.7136501817451 19
      vertex 80.77790087006332 129.95074949993293 13
    endloop
  endfacet
  facet normal -0.5372996083468268 0.8433914458128837 0
    outer loop
      vertex 80.77790087006332 129.95074949993293 13
      vertex 80.77790087006332 129.95074949993293 19
      vertex 81.1606149103907 130.19456523341898 13
    endloop
  endfacet
  facet normal -0.5519369853120294 0.8338858220671873 0
    outer loop
      vertex 81.1606149103907 130.19456523341898 13
      vertex 81.1606149103907 130.19456523341898 19
      vertex 81.53901549023942 130.4450231135689 13
    endloop
  endfacet
  facet normal -0.5664062369248642 0.824126188621994 0
    outer loop
      vertex 81.53901549023942 130.4450231135689 13
      vertex 81.53901549023942 130.4450231135689 19
      vertex 81.91298734512719 130.70204684848622 13
    endloop
  endfacet
  facet normal -0.5807029557109272 0.8141155183563281 0
    outer loop
      vertex 81.91298734512719 130.70204684848622 13
      vertex 81.91298734512719 130.70204684848622 19
      vertex 82.2824165596043 130.96555814625137 13
    endloop
  endfacet
  facet normal -0.5948227867513404 0.8038568606172181 0
    outer loop
      vertex 82.2824165596043 130.96555814625137 13
      vertex 82.2824165596043 130.96555814625137 19
      vertex 82.64719060195326 131.2354767387704 13
    endloop
  endfacet
  facet normal -0.608761429008723 0.7933533402912332 0
    outer loop
      vertex 82.64719060195326 131.2354767387704 13
      vertex 82.64719060195326 131.2354767387704 19
      vertex 83.00719835846712 131.51172040622524 13
    endloop
  endfacet
  facet normal -0.6225146366376251 0.7826081568524096 0
    outer loop
      vertex 83.00719835846712 131.51172040622524 13
      vertex 83.00719835846712 131.51172040622524 19
      vertex 83.36233016729577 131.79420500211876 13
    endloop
  endfacet
  facet normal -0.6360782202777447 0.7716245833877358 0
    outer loop
      vertex 83.36233016729577 131.79420500211876 13
      vertex 83.36233016729577 131.79420500211876 19
      vertex 83.71247785185002 132.08284447890657 13
    endloop
  endfacet
  facet normal -0.16504760586068204 0.9862856015372307 0
    outer loop
      vertex 71.51485261934019 126.39499842168259 13
      vertex 71.067296091046 126.32010314452641 19
      vertex 71.51485261934019 126.39499842168259 19
    endloop
  endfacet
  facet normal -0.18223552549213623 0.9832549075639567 0
    outer loop
      vertex 71.96103387979016 126.47769323036073 13
      vertex 71.51485261934019 126.39499842168259 19
      vertex 71.96103387979016 126.47769323036073 19
    endloop
  endfacet
  facet normal -0.19936793441721626 0.9799247046208258 0
    outer loop
      vertex 72.40570396126174 126.56816238092105 13
      vertex 71.96103387979016 126.47769323036073 19
      vertex 72.40570396126174 126.56816238092105 19
    endloop
  endfacet
  facet normal -0.21643961393810246 0.9762960071199335 0
    outer loop
      vertex 72.84872741294049 126.66637831558388 13
      vertex 72.40570396126174 126.56816238092105 19
      vertex 72.84872741294049 126.66637831558388 19
    endloop
  endfacet
  facet normal -0.23344536385589432 0.9723699203976792 0
    outer loop
      vertex 73.28996928559135 126.77231111682408 13
      vertex 72.84872741294049 126.66637831558388 19
      vertex 73.28996928559135 126.77231111682408 19
    endloop
  endfacet
  facet normal -0.25038000405446365 0.968147640378102 0
    outer loop
      vertex 73.72929517266553 126.88592851648423 13
      vertex 73.28996928559135 126.77231111682408 19
      vertex 73.72929517266553 126.88592851648423 19
    endloop
  endfacet
  facet normal -0.267238376078245 0.9636304532086262 0
    outer loop
      vertex 74.16657125124198 127.00719590560371 13
      vertex 73.72929517266553 126.88592851648423 19
      vertex 74.16657125124198 127.00719590560371 19
    endloop
  endfacet
  facet normal -0.2840153447039356 0.9588197348681893 0
    outer loop
      vertex 74.60166432279115 127.13607634496108 13
      vertex 74.16657125124198 127.00719590560371 19
      vertex 74.60166432279115 127.13607634496108 19
    endloop
  endfacet
  facet normal -0.30070579950425713 0.9537169507482319 0
    outer loop
      vertex 75.03444185374863 127.272530576326 13
      vertex 74.60166432279115 127.13607634496108 19
      vertex 75.03444185374863 127.272530576326 19
    endloop
  endfacet
  facet normal -0.31730465640510247 0.9483236552061959 0
    outer loop
      vertex 75.46477201588607 127.41651703441777 13
      vertex 75.03444185374863 127.272530576326 19
      vertex 75.46477201588607 127.41651703441777 19
    endloop
  endfacet
  facet normal -0.3338068592337517 0.9426414910921852 0
    outer loop
      vertex 75.89252372646739 127.56799185956638 13
      vertex 75.46477201588607 127.41651703441777 19
      vertex 75.89252372646739 127.56799185956638 19
    endloop
  endfacet
  facet normal -0.35020738125948087 0.9366721892483926 0
    outer loop
      vertex 76.3175666881778 127.72690891107275 13
      vertex 75.89252372646739 127.56799185956638 19
      vertex 76.3175666881778 127.72690891107275 19
    endloop
  endfacet
  facet normal -0.3665012267242924 0.9304175679820265 0
    outer loop
      vertex 76.73977142881371 127.89321978126353 13
      vertex 76.3175666881778 127.72690891107275 19
      vertex 76.73977142881371 127.89321978126353 19
    endloop
  endfacet
  facet normal -0.38268343236509766 0.9238795325112834 0
    outer loop
      vertex 77.15900934072113 128.06687381023656 13
      vertex 76.73977142881371 127.89321978126353 19
      vertex 77.15900934072113 128.06687381023656 19
    endloop
  endfacet
  facet normal -0.39874906892525264 0.9170600743851213 0
    outer loop
      vertex 77.5751527199708 128.24781810129238 13
      vertex 77.15900934072113 128.06687381023656 19
      vertex 77.5751527199708 128.24781810129238 19
    endloop
  endfacet
  facet normal -0.4146932426562583 0.9099612708765346 0
    outer loop
      vertex 77.98807480525818 128.43599753704711 13
      vertex 77.5751527199708 128.24781810129238 19
      vertex 77.98807480525818 128.43599753704711 19
    endloop
  endfacet
  facet normal -0.4305110968082936 0.9025852843498614 0
    outer loop
      vertex 78.39764981651601 128.63135479622167 13
      vertex 77.98807480525818 128.43599753704711 19
      vertex 78.39764981651601 128.63135479622167 19
    endloop
  endfacet
  facet normal -0.4461978131097836 0.8949343616020377 0
    outer loop
      vertex 78.80375299322822 128.83383037110244 13
      vertex 78.39764981651601 128.63135479622167 19
      vertex 78.80375299322822 128.83383037110244 19
    endloop
  endfacet
  facet normal -0.46174861323502275 0.8870108331782274 0
    outer loop
      vertex 79.20626063243316 129.0433625856679 13
      vertex 78.80375299322822 128.83383037110244 19
      vertex 79.20626063243316 129.0433625856679 19
    endloop
  endfacet
  facet normal -0.4771587602596246 0.8788171126619566 0
    outer loop
      vertex 79.60505012640476 129.2598876143757 13
      vertex 79.20626063243316 129.0433625856679 19
      vertex 79.60505012640476 129.2598876143757 19
    endloop
  endfacet
  facet normal -0.49242356010347393 0.8703556959398958 0
    outer loop
      vertex 80 129.4833395016046 13
      vertex 79.60505012640476 129.2598876143757 19
      vertex 80 129.4833395016046 19
    endloop
  endfacet
  facet normal -0.5075383629607125 0.8616291604415207 0
    outer loop
      vertex 80.39098994766141 129.7136501817451 13
      vertex 80 129.4833395016046 19
      vertex 80.39098994766141 129.7136501817451 19
    endloop
  endfacet
  facet normal -0.5224985647159361 0.8526401643541 0
    outer loop
      vertex 80.77790087006332 129.95074949993293 13
      vertex 80.39098994766141 129.7136501817451 19
      vertex 80.77790087006332 129.95074949993293 19
    endloop
  endfacet
  facet normal -0.5372996083468268 0.8433914458128837 0
    outer loop
      vertex 81.1606149103907 130.19456523341898 13
      vertex 80.77790087006332 129.95074949993293 19
      vertex 81.1606149103907 130.19456523341898 19
    endloop
  endfacet
  facet normal -0.5519369853120294 0.8338858220671873 0
    outer loop
      vertex 81.53901549023942 130.4450231135689 13
      vertex 81.1606149103907 130.19456523341898 19
      vertex 81.53901549023942 130.4450231135689 19
    endloop
  endfacet
  facet normal -0.5664062369248642 0.824126188621994 0
    outer loop
      vertex 81.91298734512719 130.70204684848622 13
      vertex 81.53901549023942 130.4450231135689 19
      vertex 81.91298734512719 130.70204684848622 19
    endloop
  endfacet
  facet normal -0.5807029557109272 0.8141155183563281 0
    outer loop
      vertex 82.2824165596043 130.96555814625137 13
      vertex 81.91298734512719 130.70204684848622 19
      vertex 82.2824165596043 130.96555814625137 19
    endloop
  endfacet
  facet normal -0.5948227867513404 0.8038568606172181 0
    outer loop
      vertex 82.64719060195326 131.2354767387704 13
      vertex 82.2824165596043 130.96555814625137 19
      vertex 82.64719060195326 131.2354767387704 19
    endloop
  endfacet
  facet normal -0.608761429008723 0.7933533402912332 0
    outer loop
      vertex 83.00719835846712 131.51172040622524 13
      vertex 82.64719060195326 131.2354767387704 19
      vertex 83.00719835846712 131.51172040622524 19
    endloop
  endfacet
  facet normal -0.6225146366376251 0.7826081568524096 0
    outer loop
      vertex 83.36233016729577 131.79420500211876 13
      vertex 83.00719835846712 131.51172040622524 19
      vertex 83.36233016729577 131.79420500211876 19
    endloop
  endfacet
  facet normal -0.6360782202777447 0.7716245833877358 0
    outer loop
      vertex 83.71247785185002 132.08284447890657 13
      vertex 83.36233016729577 131.79420500211876 19
      vertex 83.71247785185002 132.08284447890657 19
    endloop
  endfacet
  facet normal -0.649448048330179 0.7604059656000349 0
    outer loop
      vertex 83.71247785185002 132.08284447890657 13
      vertex 83.71247785185002 132.08284447890657 19
      vertex 84.05753475375319 132.37755091420792 13
    endloop
  endfacet
  facet normal -0.6626200482157381 0.7489557207890017 0
    outer loop
      vertex 84.05753475375319 132.37755091420792 13
      vertex 84.05753475375319 132.37755091420792 19
      vertex 84.39739576533032 132.67823453758774 13
    endloop
  endfacet
  facet normal -0.6755902076156775 0.7372773368101083 0
    outer loop
      vertex 84.39739576533032 132.67823453758774 13
      vertex 84.39739576533032 132.67823453758774 19
      vertex 84.73195736162496 132.98480375790157 13
    endloop
  endfacet
  facet normal -0.6883545756937464 0.7253743710122948 0
    outer loop
      vertex 84.73195736162496 132.98480375790157 13
      vertex 84.73195736162496 132.98480375790157 19
      vertex 85.06111763193393 133.29716519119506 13
    endloop
  endfacet
  facet normal -0.7009092642998401 0.7132504491541921 0
    outer loop
      vertex 85.06111763193393 133.29716519119506 13
      vertex 85.06111763193393 133.29716519119506 19
      vertex 85.38477631085024 133.61522368914976 13
    endloop
  endfacet
  facet normal -0.7132504491541767 0.7009092642998558 0
    outer loop
      vertex 85.38477631085024 133.61522368914976 13
      vertex 85.38477631085024 133.61522368914976 19
      vertex 85.70283480880494 133.93888236806606 13
    endloop
  endfacet
  facet normal -0.7253743710123246 0.688354575693715 0
    outer loop
      vertex 85.70283480880494 133.93888236806606 13
      vertex 85.70283480880494 133.93888236806606 19
      vertex 86.01519624209843 134.26804263837505 13
    endloop
  endfacet
  facet normal -0.737277336810094 0.675590207615693 0
    outer loop
      vertex 86.01519624209843 134.26804263837505 13
      vertex 86.01519624209843 134.26804263837505 19
      vertex 86.32176546241226 134.60260423466968 13
    endloop
  endfacet
  facet normal -0.7489557207890034 0.6626200482157358 0
    outer loop
      vertex 86.32176546241226 134.60260423466968 13
      vertex 86.32176546241226 134.60260423466968 19
      vertex 86.62244908579207 134.9424652462468 13
    endloop
  endfacet
  facet normal -0.649448048330179 0.7604059656000349 0
    outer loop
      vertex 84.05753475375319 132.37755091420792 13
      vertex 83.71247785185002 132.08284447890657 19
      vertex 84.05753475375319 132.37755091420792 19
    endloop
  endfacet
  facet normal -0.6626200482157381 0.7489557207890017 0
    outer loop
      vertex 84.39739576533032 132.67823453758774 13
      vertex 84.05753475375319 132.37755091420792 19
      vertex 84.39739576533032 132.67823453758774 19
    endloop
  endfacet
  facet normal -0.6755902076156775 0.7372773368101083 0
    outer loop
      vertex 84.73195736162496 132.98480375790157 13
      vertex 84.39739576533032 132.67823453758774 19
      vertex 84.73195736162496 132.98480375790157 19
    endloop
  endfacet
  facet normal -0.6883545756937464 0.7253743710122948 0
    outer loop
      vertex 85.06111763193393 133.29716519119506 13
      vertex 84.73195736162496 132.98480375790157 19
      vertex 85.06111763193393 133.29716519119506 19
    endloop
  endfacet
  facet normal -0.7009092642998401 0.7132504491541921 0
    outer loop
      vertex 85.38477631085024 133.61522368914976 13
      vertex 85.06111763193393 133.29716519119506 19
      vertex 85.38477631085024 133.61522368914976 19
    endloop
  endfacet
  facet normal -0.7132504491541767 0.7009092642998558 0
    outer loop
      vertex 85.70283480880494 133.93888236806606 13
      vertex 85.38477631085024 133.61522368914976 19
      vertex 85.70283480880494 133.93888236806606 19
    endloop
  endfacet
  facet normal -0.7253743710123246 0.688354575693715 0
    outer loop
      vertex 86.01519624209843 134.26804263837505 13
      vertex 85.70283480880494 133.93888236806606 19
      vertex 86.01519624209843 134.26804263837505 19
    endloop
  endfacet
  facet normal -0.737277336810094 0.675590207615693 0
    outer loop
      vertex 86.32176546241226 134.60260423466968 13
      vertex 86.01519624209843 134.26804263837505 19
      vertex 86.32176546241226 134.60260423466968 19
    endloop
  endfacet
  facet normal -0.7489557207890034 0.6626200482157358 0
    outer loop
      vertex 86.62244908579207 134.9424652462468 13
      vertex 86.32176546241226 134.60260423466968 19
      vertex 86.62244908579207 134.9424652462468 19
    endloop
  endfacet
  facet normal 0 0 1
    outer loop
      vertex 71.067296091046 126.32010314452641 13
      vertex 71.51485261934019 126.39499842168259 13
      vertex 71.51485261934019 177.6050015783174 13
    endloop
  endfacet
  facet normal 0 0 1
    outer loop
      vertex 71.51485261934019 126.39499842168259 13
      vertex 71.96103387979016 126.47769323036073 13
      vertex 71.96103387979016 177.52230676963927 13
    endloop
  endfacet
  facet normal 0 0 1
    outer loop
      vertex 71.96103387979016 126.47769323036073 13
      vertex 72.40570396126174 126.56816238092105 13
      vertex 72.40570396126174 177.43183761907895 13
    endloop
  endfacet
  facet normal 0 0 1
    outer loop
      vertex 72.40570396126174 126.56816238092105 13
      vertex 72.84872741294049 126.66637831558388 13
      vertex 72.84872741294049 177.33362168441613 13
    endloop
  endfacet
  facet normal 0 0 1
    outer loop
      vertex 72.84872741294049 126.66637831558388 13
      vertex 73.28996928559135 126.77231111682408 13
      vertex 73.28996928559135 177.22768888317592 13
    endloop
  endfacet
  facet normal 0 0 1
    outer loop
      vertex 73.28996928559135 126.77231111682408 13
      vertex 73.72929517266553 126.88592851648423 13
      vertex 73.72929517266553 177.11407148351577 13
    endloop
  endfacet
  facet normal 0 0 1
    outer loop
      vertex 73.72929517266553 126.88592851648423 13
      vertex 74.16657125124198 127.00719590560371 13
      vertex 74.16657125124198 176.9928040943963 13
    endloop
  endfacet
  facet normal 0 0 1
    outer loop
      vertex 74.16657125124198 127.00719590560371 13
      vertex 74.60166432279115 127.13607634496108 13
      vertex 74.60166432279115 176.86392365503892 13
    endloop
  endfacet
  facet normal 0 0 1
    outer loop
      vertex 74.60166432279115 127.13607634496108 13
      vertex 75.03444185374863 127.272530576326 13
      vertex 75.03444185374863 176.727469423674 13
    endloop
  endfacet
  facet normal 0 0 1
    outer loop
      vertex 75.03444185374863 127.272530576326 13
      vertex 75.46477201588607 127.41651703441777 13
      vertex 75.46477201588607 176.58348296558225 13
    endloop
  endfacet
  facet normal 0 0 1
    outer loop
      vertex 75.46477201588607 127.41651703441777 13
      vertex 75.89252372646739 127.56799185956638 13
      vertex 75.89252372646739 176.43200814043362 13
    endloop
  endfacet
  facet normal 0 0 1
    outer loop
      vertex 75.89252372646739 127.56799185956638 13
      vertex 76.3175666881778 127.72690891107275 13
      vertex 76.3175666881778 176.27309108892723 13
    endloop
  endfacet
  facet normal 0 0 1
    outer loop
      vertex 76.3175666881778 127.72690891107275 13
      vertex 76.73977142881371 127.89321978126353 13
      vertex 76.73977142881371 176.10678021873647 13
    endloop
  endfacet
  facet normal 0 0 1
    outer loop
      vertex 76.73977142881371 127.89321978126353 13
      vertex 77.15900934072113 128.06687381023656 13
      vertex 77.15900934072113 175.93312618976344 13
    endloop
  endfacet
  facet normal 0 0 1
    outer loop
      vertex 77.15900934072113 128.06687381023656 13
      vertex 77.5751527199708 128.24781810129238 13
      vertex 77.5751527199708 175.75218189870762 13
    endloop
  endfacet
  facet normal 0 0 1
    outer loop
      vertex 77.5751527199708 128.24781810129238 13
      vertex 77.98807480525818 128.43599753704711 13
      vertex 77.98807480525818 175.56400246295289 13
    endloop
  endfacet
  facet normal 0 0 1
    outer loop
      vertex 77.98807480525818 128.43599753704711 13
      vertex 78.39764981651601 128.63135479622167 13
      vertex 78.39764981651601 175.36864520377833 13
    endloop
  endfacet
  facet normal 0 0 1
    outer loop
      vertex 78.39764981651601 128.63135479622167 13
      vertex 78.80375299322822 128.83383037110244 13
      vertex 78.80375299322822 175.16616962889756 13
    endloop
  endfacet
  facet normal 0 0 1
    outer loop
      vertex 78.80375299322822 128.83383037110244 13
      vertex 79.20626063243316 129.0433625856679 13
      vertex 79.20626063243316 174.9566374143321 13
    endloop
  endfacet
  facet normal 0 0 1
    outer loop
      vertex 79.20626063243316 129.0433625856679 13
      vertex 79.60505012640476 129.2598876143757 13
      vertex 79.60505012640476 174.7401123856243 13
    endloop
  endfacet
  facet normal 0 0 1
    outer loop
      vertex 79.60505012640476 129.2598876143757 13
      vertex 80 129.4833395016046 13
      vertex 80 174.5166604983954 13
    endloop
  endfacet
  facet normal 0 0 1
    outer loop
      vertex 80 129.4833395016046 13
      vertex 80.39098994766141 129.7136501817451 13
      vertex 80.39098994766141 174.2863498182549 13
    endloop
  endfacet
  facet normal 0 0 1
    outer loop
      vertex 80.39098994766141 129.7136501817451 13
      vertex 80.77790087006332 129.95074949993293 13
      vertex 80.77790087006332 174.04925050006707 13
    endloop
  endfacet
  facet normal 0 0 1
    outer loop
      vertex 80.77790087006332 129.95074949993293 13
      vertex 81.1606149103907 130.19456523341898 13
      vertex 81.1606149103907 173.80543476658102 13
    endloop
  endfacet
  facet normal 0 0 1
    outer loop
      vertex 81.1606149103907 130.19456523341898 13
      vertex 81.53901549023942 130.4450231135689 13
      vertex 81.53901549023942 173.5549768864311 13
    endloop
  endfacet
  facet normal 0 0 1
    outer loop
      vertex 81.53901549023942 130.4450231135689 13
      vertex 81.91298734512719 130.70204684848622 13
      vertex 81.91298734512719 173.29795315151378 13
    endloop
  endfacet
  facet normal 0 0 1
    outer loop
      vertex 81.91298734512719 130.70204684848622 13
      vertex 82.2824165596043 130.96555814625137 13
      vertex 82.2824165596043 173.03444185374863 13
    endloop
  endfacet
  facet normal 0 0 1
    outer loop
      vertex 82.2824165596043 130.96555814625137 13
      vertex 82.64719060195326 131.2354767387704 13
      vertex 82.64719060195326 172.7645232612296 13
    endloop
  endfacet
  facet normal 0 0 1
    outer loop
      vertex 82.64719060195326 131.2354767387704 13
      vertex 83.00719835846712 131.51172040622524 13
      vertex 83.00719835846712 172.48827959377476 13
    endloop
  endfacet
  facet normal 0 0 1
    outer loop
      vertex 83.00719835846712 131.51172040622524 13
      vertex 83.36233016729577 131.79420500211876 13
      vertex 83.36233016729577 172.20579499788124 13
    endloop
  endfacet
  facet normal 0 0 1
    outer loop
      vertex 83.36233016729577 131.79420500211876 13
      vertex 83.71247785185002 132.08284447890657 13
      vertex 83.71247785185002 171.91715552109343 13
    endloop
  endfacet
  facet normal 0 0 1
    outer loop
      vertex 71.51485261934019 126.39499842168259 13
      vertex 71.96103387979016 177.52230676963927 13
      vertex 71.51485261934019 177.6050015783174 13
    endloop
  endfacet
  facet normal 0 0 1
    outer loop
      vertex 71.96103387979016 126.47769323036073 13
      vertex 72.40570396126174 177.43183761907895 13
      vertex 71.96103387979016 177.52230676963927 13
    endloop
  endfacet
  facet normal 0 0 1
    outer loop
      vertex 72.40570396126174 126.56816238092105 13
      vertex 72.84872741294049 177.33362168441613 13
      vertex 72.40570396126174 177.43183761907895 13
    endloop
  endfacet
  facet normal 0 0 1
    outer loop
      vertex 72.84872741294049 126.66637831558388 13
      vertex 73.28996928559135 177.22768888317592 13
      vertex 72.84872741294049 177.33362168441613 13
    endloop
  endfacet
  facet normal 0 0 1
    outer loop
      vertex 73.28996928559135 126.77231111682408 13
      vertex 73.72929517266553 177.11407148351577 13
      vertex 73.28996928559135 177.22768888317592 13
    endloop
  endfacet
  facet normal 0 0 1
    outer loop
      vertex 73.72929517266553 126.88592851648423 13
      vertex 74.16657125124198 176.9928040943963 13
      vertex 73.72929517266553 177.11407148351577 13
    endloop
  endfacet
  facet normal 0 0 1
    outer loop
      vertex 74.16657125124198 127.00719590560371 13
      vertex 74.60166432279115 176.86392365503892 13
      vertex 74.16657125124198 176.9928040943963 13
    endloop
  endfacet
  facet normal 0 0 1
    outer loop
      vertex 74.60166432279115 127.13607634496108 13
      vertex 75.03444185374863 176.727469423674 13
      vertex 74.60166432279115 176.86392365503892 13
    endloop
  endfacet
  facet normal 0 0 1
    outer loop
      vertex 75.03444185374863 127.272530576326 13
      vertex 75.46477201588607 176.58348296558225 13
      vertex 75.03444185374863 176.727469423674 13
    endloop
  endfacet
  facet normal 0 0 1
    outer loop
      vertex 75.46477201588607 127.41651703441777 13
      vertex 75.89252372646739 176.43200814043362 13
      vertex 75.46477201588607 176.58348296558225 13
    endloop
  endfacet
  facet normal 0 0 1
    outer loop
      vertex 75.89252372646739 127.56799185956638 13
      vertex 76.3175666881778 176.27309108892723 13
      vertex 75.89252372646739 176.43200814043362 13
    endloop
  endfacet
  facet normal 0 0 1
    outer loop
      vertex 76.3175666881778 127.72690891107275 13
      vertex 76.73977142881371 176.10678021873647 13
      vertex 76.3175666881778 176.27309108892723 13
    endloop
  endfacet
  facet normal 0 0 1
    outer loop
      vertex 76.73977142881371 127.89321978126353 13
      vertex 77.15900934072113 175.93312618976344 13
      vertex 76.73977142881371 176.10678021873647 13
    endloop
  endfacet
  facet normal 0 0 1
    outer loop
      vertex 77.15900934072113 128.06687381023656 13
      vertex 77.5751527199708 175.75218189870762 13
      vertex 77.15900934072113 175.93312618976344 13
    endloop
  endfacet
  facet normal 0 0 1
    outer loop
      vertex 77.5751527199708 128.24781810129238 13
      vertex 77.98807480525818 175.56400246295289 13
      vertex 77.5751527199708 175.75218189870762 13
    endloop
  endfacet
  facet normal 0 0 1
    outer loop
      vertex 77.98807480525818 128.43599753704711 13
      vertex 78.39764981651601 175.36864520377833 13
      vertex 77.98807480525818 175.56400246295289 13
    endloop
  endfacet
  facet normal 0 0 1
    outer loop
      vertex 78.39764981651601 128.63135479622167 13
      vertex 78.80375299322822 175.16616962889756 13
      vertex 78.39764981651601 175.36864520377833 13
    endloop
  endfacet
  facet normal 0 0 1
    outer loop
      vertex 78.80375299322822 128.83383037110244 13
      vertex 79.20626063243316 174.9566374143321 13
      vertex 78.80375299322822 175.16616962889756 13
    endloop
  endfacet
  facet normal 0 0 1
    outer loop
      vertex 79.20626063243316 129.0433625856679 13
      vertex 79.60505012640476 174.7401123856243 13
      vertex 79.20626063243316 174.9566374143321 13
    endloop
  endfacet
  facet normal 0 0 1
    outer loop
      vertex 79.60505012640476 129.2598876143757 13
      vertex 80 174.5166604983954 13
      vertex 79.60505012640476 174.7401123856243 13
    endloop
  endfacet
  facet normal 0 0 1
    outer loop
      vertex 80 129.4833395016046 13
      vertex 80.39098994766141 174.2863498182549 13
      vertex 80 174.5166604983954 13
    endloop
  endfacet
  facet normal 0 0 1
    outer loop
      vertex 80.39098994766141 129.7136501817451 13
      vertex 80.77790087006332 174.04925050006707 13
      vertex 80.39098994766141 174.2863498182549 13
    endloop
  endfacet
  facet normal 0 0 1
    outer loop
      vertex 80.77790087006332 129.95074949993293 13
      vertex 81.1606149103907 173.80543476658102 13
      vertex 80.77790087006332 174.04925050006707 13
    endloop
  endfacet
  facet normal 0 0 1
    outer loop
      vertex 81.1606149103907 130.19456523341898 13
      vertex 81.53901549023942 173.5549768864311 13
      vertex 81.1606149103907 173.80543476658102 13
    endloop
  endfacet
  facet normal 0 0 1
    outer loop
      vertex 81.53901549023942 130.4450231135689 13
      vertex 81.91298734512719 173.29795315151378 13
      vertex 81.53901549023942 173.5549768864311 13
    endloop
  endfacet
  facet normal 0 0 1
    outer loop
      vertex 81.91298734512719 130.70204684848622 13
      vertex 82.2824165596043 173.03444185374863 13
      vertex 81.91298734512719 173.29795315151378 13
    endloop
  endfacet
  facet normal 0 0 1
    outer loop
      vertex 82.2824165596043 130.96555814625137 13
      vertex 82.64719060195326 172.7645232612296 13
      vertex 82.2824165596043 173.03444185374863 13
    endloop
  endfacet
  facet normal 0 0 1
    outer loop
      vertex 82.64719060195326 131.2354767387704 13
      vertex 83.00719835846712 172.48827959377476 13
      vertex 82.64719060195326 172.7645232612296 13
    endloop
  endfacet
  facet normal 0 0 1
    outer loop
      vertex 83.00719835846712 131.51172040622524 13
      vertex 83.36233016729577 172.20579499788124 13
      vertex 83.00719835846712 172.48827959377476 13
    endloop
  endfacet
  facet normal 0 0 1
    outer loop
      vertex 83.36233016729577 131.79420500211876 13
      vertex 83.71247785185002 171.91715552109343 13
      vertex 83.36233016729577 172.20579499788124 13
    endloop
  endfacet
  facet normal 0 0 1
    outer loop
      vertex 83.71247785185002 132.08284447890657 13
      vertex 84.05753475375319 132.37755091420792 13
      vertex 84.05753475375319 171.62244908579208 13
    endloop
  endfacet
  facet normal 0 0 1
    outer loop
      vertex 84.05753475375319 132.37755091420792 13
      vertex 84.39739576533032 132.67823453758774 13
      vertex 84.39739576533032 171.32176546241226 13
    endloop
  endfacet
  facet normal 0 0 1
    outer loop
      vertex 84.39739576533032 132.67823453758774 13
      vertex 84.73195736162496 132.98480375790157 13
      vertex 84.73195736162496 171.01519624209843 13
    endloop
  endfacet
  facet normal 0 0 1
    outer loop
      vertex 84.73195736162496 132.98480375790157 13
      vertex 85.06111763193393 133.29716519119506 13
      vertex 85.06111763193393 170.70283480880494 13
    endloop
  endfacet
  facet normal 0 0 1
    outer loop
      vertex 85.06111763193393 133.29716519119506 13
      vertex 85.38477631085024 133.61522368914976 13
      vertex 85.38477631085024 170.38477631085024 13
    endloop
  endfacet
  facet normal 0 0 1
    outer loop
      vertex 85.38477631085024 133.61522368914976 13
      vertex 85.70283480880494 133.93888236806606 13
      vertex 85.70283480880494 170.06111763193394 13
    endloop
  endfacet
  facet normal 0 0 1
    outer loop
      vertex 85.70283480880494 133.93888236806606 13
      vertex 86.01519624209843 134.26804263837505 13
      vertex 86.01519624209843 169.73195736162495 13
    endloop
  endfacet
  facet normal 0 0 1
    outer loop
      vertex 86.01519624209843 134.26804263837505 13
      vertex 86.32176546241226 134.60260423466968 13
      vertex 86.32176546241226 169.39739576533032 13
    endloop
  endfacet
  facet normal 0 0 1
    outer loop
      vertex 86.32176546241226 134.60260423466968 13
      vertex 86.62244908579207 134.9424652462468 13
      vertex 86.62244908579207 169.0575347537532 13
    endloop
  endfacet
  facet normal 0 0 1
    outer loop
      vertex 86.62244908579207 134.9424652462468 13
      vertex 86.91715552109343 135.28752214814998 13
      vertex 86.91715552109343 168.71247785185002 13
    endloop
  endfacet
  facet normal 0 0 1
    outer loop
      vertex 86.91715552109343 135.28752214814998 13
      vertex 87.20579499788124 135.63766983270423 13
      vertex 87.20579499788124 168.36233016729577 13
    endloop
  endfacet
  facet normal 0 0 1
    outer loop
      vertex 85.70283480880494 133.93888236806606 13
      vertex 86.01519624209843 169.73195736162495 13
      vertex 85.70283480880494 170.06111763193394 13
    endloop
  endfacet
  facet normal 0 0 1
    outer loop
      vertex 86.01519624209843 134.26804263837505 13
      vertex 86.32176546241226 169.39739576533032 13
      vertex 86.01519624209843 169.73195736162495 13
    endloop
  endfacet
  facet normal 0 0 1
    outer loop
      vertex 86.32176546241226 134.60260423466968 13
      vertex 86.62244908579207 169.0575347537532 13
      vertex 86.32176546241226 169.39739576533032 13
    endloop
  endfacet
  facet normal 0 0 1
    outer loop
      vertex 87.20579499788124 135.63766983270423 13
      vertex 87.48827959377476 135.99280164153288 13
      vertex 87.48827959377476 168.00719835846712 13
    endloop
  endfacet
  facet normal 0 0 1
    outer loop
      vertex 87.48827959377476 135.99280164153288 13
      vertex 87.76452326122961 136.35280939804676 13
      vertex 87.76452326122961 167.64719060195324 13
    endloop
  endfacet
  facet normal 0 0 1
    outer loop
      vertex 87.76452326122961 136.35280939804676 13
      vertex 88.03444185374863 136.71758344039569 13
      vertex 88.03444185374863 167.28241655960431 13
    endloop
  endfacet
  facet normal 0 0 1
    outer loop
      vertex 88.03444185374863 136.71758344039569 13
      vertex 88.29795315151378 137.0870126548728 13
      vertex 88.29795315151378 166.9129873451272 13
    endloop
  endfacet
  facet normal 0 0 1
    outer loop
      vertex 88.29795315151378 137.0870126548728 13
      vertex 88.55497688643109 137.46098450976058 13
      vertex 88.55497688643109 166.53901549023942 13
    endloop
  endfacet
  facet normal 0 0 1
    outer loop
      vertex 88.55497688643109 137.46098450976058 13
      vertex 88.80543476658103 137.8393850896093 13
      vertex 88.80543476658103 166.1606149103907 13
    endloop
  endfacet
  facet normal 0 0 1
    outer loop
      vertex 88.80543476658103 137.8393850896093 13
      vertex 89.04925050006707 138.22209912993668 13
      vertex 89.04925050006707 165.77790087006332 13
    endloop
  endfacet
  facet normal 0 0 1
    outer loop
      vertex 89.04925050006707 138.22209912993668 13
      vertex 89.28634981825492 138.6090100523386 13
      vertex 89.28634981825492 165.3909899476614 13
    endloop
  endfacet
  facet normal 0 0 1
    outer loop
      vertex 89.28634981825492 138.6090100523386 13
      vertex 89.5166604983954 139 13
      vertex 89.5166604983954 165 13
    endloop
  endfacet
  facet normal 0 0 1
    outer loop
      vertex 89.5166604983954 139 13
      vertex 89.74011238562429 139.39494987359524 13
      vertex 89.74011238562429 164.60505012640476 13
    endloop
  endfacet
  facet normal 0 0 1
    outer loop
      vertex 86.62244908579207 134.9424652462468 13
      vertex 86.91715552109343 168.71247785185002 13
      vertex 86.62244908579207 169.0575347537532 13
    endloop
  endfacet
  facet normal 0 0 1
    outer loop
      vertex 86.91715552109343 135.28752214814998 13
      vertex 87.20579499788124 168.36233016729577 13
      vertex 86.91715552109343 168.71247785185002 13
    endloop
  endfacet
  facet normal 0 0 1
    outer loop
      vertex 87.20579499788124 135.63766983270423 13
      vertex 87.48827959377476 168.00719835846712 13
      vertex 87.20579499788124 168.36233016729577 13
    endloop
  endfacet
  facet normal 0 0 1
    outer loop
      vertex 87.48827959377476 135.99280164153288 13
      vertex 87.76452326122961 167.64719060195324 13
      vertex 87.48827959377476 168.00719835846712 13
    endloop
  endfacet
  facet normal 0 0 1
    outer loop
      vertex 87.76452326122961 136.35280939804676 13
      vertex 88.03444185374863 167.28241655960431 13
      vertex 87.76452326122961 167.64719060195324 13
    endloop
  endfacet
  facet normal 0 0 1
    outer loop
      vertex 88.03444185374863 136.71758344039569 13
      vertex 88.29795315151378 166.9129873451272 13
      vertex 88.03444185374863 167.28241655960431 13
    endloop
  endfacet
  facet normal 0 0 1
    outer loop
      vertex 88.29795315151378 137.0870126548728 13
      vertex 88.55497688643109 166.53901549023942 13
      vertex 88.29795315151378 166.9129873451272 13
    endloop
  endfacet
  facet normal 0 0 1
    outer loop
      vertex 88.55497688643109 137.46098450976058 13
      vertex 88.80543476658103 166.1606149103907 13
      vertex 88.55497688643109 166.53901549023942 13
    endloop
  endfacet
  facet normal 0 0 1
    outer loop
      vertex 88.80543476658103 137.8393850896093 13
      vertex 89.04925050006707 165.77790087006332 13
      vertex 88.80543476658103 166.1606149103907 13
    endloop
  endfacet
  facet normal 0 0 1
    outer loop
      vertex 89.04925050006707 138.22209912993668 13
      vertex 89.28634981825492 165.3909899476614 13
      vertex 89.04925050006707 165.77790087006332 13
    endloop
  endfacet
  facet normal 0 0 1
    outer loop
      vertex 89.28634981825492 138.6090100523386 13
      vertex 89.5166604983954 165 13
      vertex 89.28634981825492 165.3909899476614 13
    endloop
  endfacet
  facet normal 0 0 1
    outer loop
      vertex 89.5166604983954 139 13
      vertex 89.74011238562429 164.60505012640476 13
      vertex 89.5166604983954 165 13
    endloop
  endfacet
  facet normal 0 0 1
    outer loop
      vertex 89.74011238562429 139.39494987359524 13
      vertex 89.9566374143321 164.20626063243316 13
      vertex 89.74011238562429 164.60505012640476 13
    endloop
  endfacet
  facet normal 0 0 1
    outer loop
      vertex 89.74011238562429 139.39494987359524 13
      vertex 89.9566374143321 139.79373936756684 13
      vertex 89.9566374143321 164.20626063243316 13
    endloop
  endfacet
  facet normal 0 0 1
    outer loop
      vertex 89.9566374143321 139.79373936756684 13
      vertex 90.16616962889756 140.19624700677178 13
      vertex 90.16616962889756 163.80375299322822 13
    endloop
  endfacet
  facet normal 0 0 1
    outer loop
      vertex 90.16616962889756 140.19624700677178 13
      vertex 90.36864520377834 140.602350183484 13
      vertex 90.36864520377834 163.397649816516 13
    endloop
  endfacet
  facet normal 0 0 1
    outer loop
      vertex 90.36864520377834 140.602350183484 13
      vertex 90.5640024629529 141.01192519474182 13
      vertex 90.5640024629529 162.98807480525818 13
    endloop
  endfacet
  facet normal 0 0 1
    outer loop
      vertex 90.5640024629529 141.01192519474182 13
      vertex 90.75218189870762 141.42484728002918 13
      vertex 90.75218189870762 162.57515271997082 13
    endloop
  endfacet
  facet normal 0 0 1
    outer loop
      vertex 90.75218189870762 141.42484728002918 13
      vertex 90.93312618976344 141.84099065927887 13
      vertex 90.93312618976344 162.15900934072113 13
    endloop
  endfacet
  facet normal 0 0 1
    outer loop
      vertex 90.93312618976344 141.84099065927887 13
      vertex 91.10678021873647 142.26022857118627 13
      vertex 91.10678021873647 161.73977142881373 13
    endloop
  endfacet
  facet normal 0 0 1
    outer loop
      vertex 91.10678021873647 142.26022857118627 13
      vertex 91.27309108892725 142.6824333118222 13
      vertex 91.27309108892725 161.3175666881778 13
    endloop
  endfacet
  facet normal 0 0 1
    outer loop
      vertex 91.27309108892725 142.6824333118222 13
      vertex 91.43200814043362 143.10747627353263 13
      vertex 91.43200814043362 160.89252372646737 13
    endloop
  endfacet
  facet normal 0 0 1
    outer loop
      vertex 91.43200814043362 143.10747627353263 13
      vertex 91.58348296558223 143.53522798411393 13
      vertex 91.58348296558223 160.46477201588607 13
    endloop
  endfacet
  facet normal 0 0 1
    outer loop
      vertex 91.58348296558223 143.53522798411393 13
      vertex 91.727469423674 143.96555814625137 13
      vertex 91.727469423674 160.03444185374863 13
    endloop
  endfacet
  facet normal 0 0 1
    outer loop
      vertex 91.727469423674 143.96555814625137 13
      vertex 91.86392365503892 144.39833567720885 13
      vertex 91.86392365503892 159.60166432279115 13
    endloop
  endfacet
  facet normal 0 0 1
    outer loop
      vertex 91.86392365503892 144.39833567720885 13
      vertex 91.99280409439629 144.83342874875802 13
      vertex 91.99280409439629 159.16657125124198 13
    endloop
  endfacet
  facet normal 0 0 1
    outer loop
      vertex 91.99280409439629 144.83342874875802 13
      vertex 92.11407148351577 145.27070482733447 13
      vertex 92.11407148351577 158.72929517266553 13
    endloop
  endfacet
  facet normal 0 0 1
    outer loop
      vertex 92.11407148351577 145.27070482733447 13
      vertex 92.22768888317592 145.71003071440865 13
      vertex 92.22768888317592 158.28996928559135 13
    endloop
  endfacet
  facet normal 0 0 1
    outer loop
      vertex 92.22768888317592 145.71003071440865 13
      vertex 92.33362168441612 146.1512725870595 13
      vertex 92.33362168441612 157.8487274129405 13
    endloop
  endfacet
  facet normal 0 0 1
    outer loop
      vertex 92.33362168441612 146.1512725870595 13
      vertex 92.43183761907895 146.59429603873826 13
      vertex 92.43183761907895 157.40570396126174 13
    endloop
  endfacet
  facet normal 0 0 1
    outer loop
      vertex 92.43183761907895 146.59429603873826 13
      vertex 92.52230676963927 147.03896612020984 13
      vertex 92.52230676963927 156.96103387979016 13
    endloop
  endfacet
  facet normal 0 0 1
    outer loop
      vertex 92.52230676963927 147.03896612020984 13
      vertex 92.60500157831741 147.4851473806598 13
      vertex 92.60500157831741 156.5148526193402 13
    endloop
  endfacet
  facet normal 0 0 1
    outer loop
      vertex 92.60500157831741 147.4851473806598 13
      vertex 92.67989685547359 147.932703908954 13
      vertex 92.67989685547359 156.067296091046 13
    endloop
  endfacet
  facet normal 0 0 1
    outer loop
      vertex 92.67989685547359 147.932703908954 13
      vertex 92.74696978728083 148.3814993750383 13
      vertex 92.74696978728083 155.6185006249617 13
    endloop
  endfacet
  facet normal 0 0 1
    outer loop
      vertex 92.74696978728083 148.3814993750383 13
      vertex 92.80619994267437 148.83139707146617 13
      vertex 92.80619994267437 155.16860292853383 13
    endloop
  endfacet
  facet normal 0 0 1
    outer loop
      vertex 92.80619994267437 148.83139707146617 13
      vertex 92.8575692795751 149.282259955041 13
      vertex 92.8575692795751 154.717740044959 13
    endloop
  endfacet
  facet normal 0 0 1
    outer loop
      vertex 92.8575692795751 149.282259955041 13
      vertex 92.90106215038539 149.7339506885609 13
      vertex 92.90106215038539 154.2660493114391 13
    endloop
  endfacet
  facet normal 0 0 1
    outer loop
      vertex 91.10678021873647 142.26022857118627 13
      vertex 91.27309108892725 161.3175666881778 13
      vertex 91.10678021873647 161.73977142881373 13
    endloop
  endfacet
  facet normal 0 0 1
    outer loop
      vertex 91.27309108892725 142.6824333118222 13
      vertex 91.43200814043362 160.89252372646737 13
      vertex 91.27309108892725 161.3175666881778 13
    endloop
  endfacet
  facet normal 0 0 1
    outer loop
      vertex 89.9566374143321 139.79373936756684 13
      vertex 90.16616962889756 163.80375299322822 13
      vertex 89.9566374143321 164.20626063243316 13
    endloop
  endfacet
  facet normal 0 0 1
    outer loop
      vertex 90.16616962889756 140.19624700677178 13
      vertex 90.36864520377834 163.397649816516 13
      vertex 90.16616962889756 163.80375299322822 13
    endloop
  endfacet
  facet normal 0 0 1
    outer loop
      vertex 90.36864520377834 140.602350183484 13
      vertex 90.5640024629529 162.98807480525818 13
      vertex 90.36864520377834 163.397649816516 13
    endloop
  endfacet
  facet normal 0 0 1
    outer loop
      vertex 90.5640024629529 141.01192519474182 13
      vertex 90.75218189870762 162.57515271997082 13
      vertex 90.5640024629529 162.98807480525818 13
    endloop
  endfacet
  facet normal 0 0 1
    outer loop
      vertex 90.75218189870762 141.42484728002918 13
      vertex 90.93312618976344 162.15900934072113 13
      vertex 90.75218189870762 162.57515271997082 13
    endloop
  endfacet
  facet normal 0 0 1
    outer loop
      vertex 90.93312618976344 141.84099065927887 13
      vertex 91.10678021873647 161.73977142881373 13
      vertex 90.93312618976344 162.15900934072113 13
    endloop
  endfacet
  facet normal 0 0 1
    outer loop
      vertex 91.43200814043362 143.10747627353263 13
      vertex 91.58348296558223 160.46477201588607 13
      vertex 91.43200814043362 160.89252372646737 13
    endloop
  endfacet
  facet normal 0 0 1
    outer loop
      vertex 91.58348296558223 143.53522798411393 13
      vertex 91.727469423674 160.03444185374863 13
      vertex 91.58348296558223 160.46477201588607 13
    endloop
  endfacet
  facet normal 0 0 1
    outer loop
      vertex 91.86392365503892 144.39833567720885 13
      vertex 91.99280409439629 159.16657125124198 13
      vertex 91.86392365503892 159.60166432279115 13
    endloop
  endfacet
  facet normal 0 0 1
    outer loop
      vertex 91.99280409439629 144.83342874875802 13
      vertex 92.11407148351577 158.72929517266553 13
      vertex 91.99280409439629 159.16657125124198 13
    endloop
  endfacet
  facet normal 0 0 1
    outer loop
      vertex 91.727469423674 143.96555814625137 13
      vertex 91.86392365503892 159.60166432279115 13
      vertex 91.727469423674 160.03444185374863 13
    endloop
  endfacet
  facet normal 0 0 1
    outer loop
      vertex 92.43183761907895 146.59429603873826 13
      vertex 92.52230676963927 156.96103387979016 13
      vertex 92.43183761907895 157.40570396126174 13
    endloop
  endfacet
  facet normal 0 0 1
    outer loop
      vertex 92.8575692795751 149.282259955041 13
      vertex 92.90106215038539 154.2660493114391 13
      vertex 92.8575692795751 154.717740044959 13
    endloop
  endfacet
  facet normal 0 0 1
    outer loop
      vertex 92.80619994267437 148.83139707146617 13
      vertex 92.8575692795751 154.717740044959 13
      vertex 92.80619994267437 155.16860292853383 13
    endloop
  endfacet
  facet normal 0 0 1
    outer loop
      vertex 92.67989685547359 147.932703908954 13
      vertex 92.74696978728083 155.6185006249617 13
      vertex 92.67989685547359 156.067296091046 13
    endloop
  endfacet
  facet normal 0 0 1
    outer loop
      vertex 92.52230676963927 147.03896612020984 13
      vertex 92.60500157831741 156.5148526193402 13
      vertex 92.52230676963927 156.96103387979016 13
    endloop
  endfacet
  facet normal 0 0 1
    outer loop
      vertex 92.60500157831741 147.4851473806598 13
      vertex 92.67989685547359 156.067296091046 13
      vertex 92.60500157831741 156.5148526193402 13
    endloop
  endfacet
  facet normal 0 0 1
    outer loop
      vertex 92.74696978728083 148.3814993750383 13
      vertex 92.80619994267437 155.16860292853383 13
      vertex 92.74696978728083 155.6185006249617 13
    endloop
  endfacet
  facet normal 0 0 1
    outer loop
      vertex 92.22768888317592 145.71003071440865 13
      vertex 92.33362168441612 157.8487274129405 13
      vertex 92.22768888317592 158.28996928559135 13
    endloop
  endfacet
  facet normal 0 0 1
    outer loop
      vertex 92.11407148351577 145.27070482733447 13
      vertex 92.22768888317592 158.28996928559135 13
      vertex 92.11407148351577 158.72929517266553 13
    endloop
  endfacet
  facet normal 0 0 1
    outer loop
      vertex 92.33362168441612 146.1512725870595 13
      vertex 92.43183761907895 157.40570396126174 13
      vertex 92.33362168441612 157.8487274129405 13
    endloop
  endfacet
  facet normal 0 0 1
    outer loop
      vertex 92.90106215038539 149.7339506885609 13
      vertex 92.93666530675543 150.18633168265274 13
      vertex 92.93666530675543 153.81366831734726 13
    endloop
  endfacet
  facet normal 0 0 1
    outer loop
      vertex 92.93666530675543 150.18633168265274 13
      vertex 92.96436790361892 150.63926513768345 13
      vertex 92.96436790361892 153.36073486231655 13
    endloop
  endfacet
  facet normal 0 0 1
    outer loop
      vertex 92.96436790361892 150.63926513768345 13
      vertex 92.98416150249649 151.09261308573497 13
      vertex 92.98416150249649 152.90738691426503 13
    endloop
  endfacet
  facet normal 0 0 1
    outer loop
      vertex 92.98416150249649 151.09261308573497 13
      vertex 92.99604007406617 151.54623743263062 13
      vertex 92.99604007406617 152.45376256736938 13
    endloop
  endfacet
  facet normal 0 0 1
    outer loop
      vertex 92.99604007406617 151.54623743263062 13
      vertex 93 152 13
      vertex 92.99604007406617 152.45376256736938 13
    endloop
  endfacet
  facet normal 0 0 1
    outer loop
      vertex 92.98416150249649 151.09261308573497 13
      vertex 92.99604007406617 152.45376256736938 13
      vertex 92.98416150249649 152.90738691426503 13
    endloop
  endfacet
  facet normal 0 0 1
    outer loop
      vertex 92.96436790361892 150.63926513768345 13
      vertex 92.98416150249649 152.90738691426503 13
      vertex 92.96436790361892 153.36073486231655 13
    endloop
  endfacet
  facet normal 0 0 1
    outer loop
      vertex 92.93666530675543 150.18633168265274 13
      vertex 92.96436790361892 153.36073486231655 13
      vertex 92.93666530675543 153.81366831734726 13
    endloop
  endfacet
  facet normal 0 0 1
    outer loop
      vertex 92.90106215038539 149.7339506885609 13
      vertex 92.93666530675543 153.81366831734726 13
      vertex 92.90106215038539 154.2660493114391 13
    endloop
  endfacet
  facet normal 0 0 1
    outer loop
      vertex 83.71247785185002 132.08284447890657 13
      vertex 84.05753475375319 171.62244908579208 13
      vertex 83.71247785185002 171.91715552109343 13
    endloop
  endfacet
  facet normal 0 0 1
    outer loop
      vertex 84.05753475375319 132.37755091420792 13
      vertex 84.39739576533032 171.32176546241226 13
      vertex 84.05753475375319 171.62244908579208 13
    endloop
  endfacet
  facet normal 0 0 1
    outer loop
      vertex 84.39739576533032 132.67823453758774 13
      vertex 84.73195736162496 171.01519624209843 13
      vertex 84.39739576533032 171.32176546241226 13
    endloop
  endfacet
  facet normal 0 0 1
    outer loop
      vertex 84.73195736162496 132.98480375790157 13
      vertex 85.06111763193393 170.70283480880494 13
      vertex 84.73195736162496 171.01519624209843 13
    endloop
  endfacet
  facet normal 0 0 1
    outer loop
      vertex 85.06111763193393 133.29716519119506 13
      vertex 85.38477631085024 170.38477631085024 13
      vertex 85.06111763193393 170.70283480880494 13
    endloop
  endfacet
  facet normal 0 0 1
    outer loop
      vertex 85.38477631085024 133.61522368914976 13
      vertex 85.70283480880494 170.06111763193394 13
      vertex 85.38477631085024 170.38477631085024 13
    endloop
  endfacet
  facet normal -0.16504760586068204 -0.9862856015372307 -2.7260069760851723e-19
    outer loop
      vertex 71.067296091046 177.67989685547357 13
      vertex 71.51485261934019 177.6050015783174 13
      vertex 71.51485261934019 177.6050015783174 19
    endloop
  endfacet
  facet normal -0.18223552549210595 -0.9832549075639623 4.0840904978416616e-19
    outer loop
      vertex 71.51485261934019 177.6050015783174 13
      vertex 71.96103387979016 177.52230676963927 13
      vertex 71.96103387979016 177.52230676963927 19
    endloop
  endfacet
  facet normal -0.19936793441721626 -0.9799247046208258 -4.1847244979337295e-19
    outer loop
      vertex 71.96103387979016 177.52230676963927 13
      vertex 72.40570396126174 177.43183761907895 13
      vertex 72.40570396126174 177.43183761907895 19
    endloop
  endfacet
  facet normal -0.2164396139380726 -0.97629600711994 6.286662055101556e-19
    outer loop
      vertex 72.40570396126174 177.43183761907895 13
      vertex 72.84872741294049 177.33362168441613 13
      vertex 72.84872741294049 177.33362168441613 19
    endloop
  endfacet
  facet normal -0.23344536385592396 -0.9723699203976722 1.096225429132783e-18
    outer loop
      vertex 72.84872741294049 177.33362168441613 13
      vertex 73.28996928559135 177.22768888317592 13
      vertex 73.28996928559135 177.22768888317592 19
    endloop
  endfacet
  facet normal -0.25038000405446365 -0.968147640378102 -4.1940319196493514e-19
    outer loop
      vertex 73.28996928559135 177.22768888317592 13
      vertex 73.72929517266553 177.11407148351577 13
      vertex 73.72929517266553 177.11407148351577 19
    endloop
  endfacet
  facet normal -0.267238376078245 -0.9636304532086262 6.80742112649298e-19
    outer loop
      vertex 73.72929517266553 177.11407148351577 13
      vertex 74.16657125124198 176.9928040943963 13
      vertex 74.16657125124198 176.9928040943963 19
    endloop
  endfacet
  facet normal -0.2840153447039356 -0.9588197348681893 5.96909328152405e-19
    outer loop
      vertex 74.16657125124198 176.9928040943963 13
      vertex 74.60166432279115 176.86392365503892 13
      vertex 74.60166432279115 176.86392365503892 19
    endloop
  endfacet
  facet normal -0.30070579950425713 -0.9537169507482319 2.7932927320758564e-19
    outer loop
      vertex 74.60166432279115 176.86392365503892 13
      vertex 75.03444185374863 176.727469423674 13
      vertex 75.03444185374863 176.727469423674 19
    endloop
  endfacet
  facet normal -0.3173046564050743 -0.9483236552062053 0
    outer loop
      vertex 75.46477201588607 176.58348296558225 13
      vertex 75.46477201588607 176.58348296558225 19
      vertex 75.03444185374863 176.727469423674 13
    endloop
  endfacet
  facet normal -0.3338068592337795 -0.9426414910921753 -2.1022941764251217e-18
    outer loop
      vertex 75.46477201588607 176.58348296558225 13
      vertex 75.89252372646739 176.43200814043362 13
      vertex 75.89252372646739 176.43200814043362 19
    endloop
  endfacet
  facet normal -0.35020738125950834 -0.9366721892483824 -1.5152091409429687e-18
    outer loop
      vertex 75.89252372646739 176.43200814043362 13
      vertex 76.3175666881778 176.27309108892723 13
      vertex 76.3175666881778 176.27309108892723 19
    endloop
  endfacet
  facet normal -0.36650122672426527 -0.9304175679820371 1.9234029098767775e-18
    outer loop
      vertex 76.3175666881778 176.27309108892723 13
      vertex 76.73977142881371 176.10678021873647 13
      vertex 76.73977142881371 176.10678021873647 19
    endloop
  endfacet
  facet normal -0.38268343236509766 -0.9238795325112834 1.7190685859176272e-18
    outer loop
      vertex 76.73977142881371 176.10678021873647 13
      vertex 77.15900934072113 175.93312618976344 13
      vertex 77.15900934072113 175.93312618976344 19
    endloop
  endfacet
  facet normal -0.39874906892525264 -0.9170600743851213 1.0140680872940317e-18
    outer loop
      vertex 77.15900934072113 175.93312618976344 13
      vertex 77.5751527199708 175.75218189870762 13
      vertex 77.5751527199708 175.75218189870762 19
    endloop
  endfacet
  facet normal -0.4461978131097836 -0.8949343616020377 1.6658117708638089e-18
    outer loop
      vertex 78.39764981651601 175.36864520377833 13
      vertex 78.80375299322822 175.16616962889756 13
      vertex 78.80375299322822 175.16616962889756 19
    endloop
  endfacet
  facet normal -0.46174861323502275 -0.8870108331782274 -3.4280741257782027e-19
    outer loop
      vertex 78.80375299322822 175.16616962889756 13
      vertex 79.20626063243316 174.9566374143321 13
      vertex 79.20626063243316 174.9566374143321 19
    endloop
  endfacet
  facet normal -0.4771587602596246 -0.8788171126619566 -1.6420204523042748e-18
    outer loop
      vertex 79.20626063243316 174.9566374143321 13
      vertex 79.60505012640476 174.7401123856243 13
      vertex 79.60505012640476 174.7401123856243 19
    endloop
  endfacet
  facet normal -0.49242356010347393 -0.8703556959398958 -5.786928424262845e-19
    outer loop
      vertex 79.60505012640476 174.7401123856243 13
      vertex 80 174.5166604983954 13
      vertex 80 174.5166604983954 19
    endloop
  endfacet
  facet normal -0.5075383629607125 -0.8616291604415207 5.189329941167067e-19
    outer loop
      vertex 80 174.5166604983954 13
      vertex 80.39098994766141 174.2863498182549 13
      vertex 80.39098994766141 174.2863498182549 19
    endloop
  endfacet
  facet normal -0.4146932426562583 -0.9099612708765346 1.5662612755739551e-18
    outer loop
      vertex 77.5751527199708 175.75218189870762 13
      vertex 77.98807480525818 175.56400246295289 13
      vertex 77.98807480525818 175.56400246295289 19
    endloop
  endfacet
  facet normal -0.4305110968082936 -0.9025852843498614 4.0302163913762053e-19
    outer loop
      vertex 77.98807480525818 175.56400246295289 13
      vertex 78.39764981651601 175.36864520377833 13
      vertex 78.39764981651601 175.36864520377833 19
    endloop
  endfacet
  facet normal -0.5224985647159361 -0.8526401643541 1.2984221892979172e-18
    outer loop
      vertex 80.39098994766141 174.2863498182549 13
      vertex 80.77790087006332 174.04925050006707 13
      vertex 80.77790087006332 174.04925050006707 19
    endloop
  endfacet
  facet normal -0.5372996083468268 -0.8433914458128837 0
    outer loop
      vertex 81.1606149103907 173.80543476658102 13
      vertex 81.1606149103907 173.80543476658102 19
      vertex 80.77790087006332 174.04925050006707 13
    endloop
  endfacet
  facet normal -0.5519369853120294 -0.8338858220671873 -2.0059696206511346e-19
    outer loop
      vertex 81.1606149103907 173.80543476658102 13
      vertex 81.53901549023942 173.5549768864311 13
      vertex 81.53901549023942 173.5549768864311 19
    endloop
  endfacet
  facet normal -0.5664062369248642 -0.824126188621994 -1.617536290045947e-18
    outer loop
      vertex 81.53901549023942 173.5549768864311 13
      vertex 81.91298734512719 173.29795315151378 13
      vertex 81.91298734512719 173.29795315151378 19
    endloop
  endfacet
  facet normal -0.6225146366376251 -0.7826081568524096 0
    outer loop
      vertex 83.36233016729577 172.20579499788124 13
      vertex 83.36233016729577 172.20579499788124 19
      vertex 83.00719835846712 172.48827959377476 13
    endloop
  endfacet
  facet normal -0.6360782202777447 -0.7716245833877358 1.602142419379692e-19
    outer loop
      vertex 83.36233016729577 172.20579499788124 13
      vertex 83.71247785185002 171.91715552109343 13
      vertex 83.71247785185002 171.91715552109343 19
    endloop
  endfacet
  facet normal -0.5807029557109272 -0.8141155183563281 -3.433419441947853e-19
    outer loop
      vertex 81.91298734512719 173.29795315151378 13
      vertex 82.2824165596043 173.03444185374863 13
      vertex 82.2824165596043 173.03444185374863 19
    endloop
  endfacet
  facet normal -0.5948227867513404 -0.8038568606172181 1.653970325134346e-18
    outer loop
      vertex 82.2824165596043 173.03444185374863 13
      vertex 82.64719060195326 172.7645232612296 13
      vertex 82.64719060195326 172.7645232612296 19
    endloop
  endfacet
  facet normal -0.608761429008723 -0.7933533402912332 -3.210894671470444e-20
    outer loop
      vertex 82.64719060195326 172.7645232612296 13
      vertex 83.00719835846712 172.48827959377476 13
      vertex 83.00719835846712 172.48827959377476 19
    endloop
  endfacet
  facet normal -0.18223552549210595 -0.9832549075639623 0
    outer loop
      vertex 71.51485261934019 177.6050015783174 13
      vertex 71.96103387979016 177.52230676963927 19
      vertex 71.51485261934019 177.6050015783174 19
    endloop
  endfacet
  facet normal -0.19936793441721626 -0.9799247046208258 0
    outer loop
      vertex 71.96103387979016 177.52230676963927 13
      vertex 72.40570396126174 177.43183761907895 19
      vertex 71.96103387979016 177.52230676963927 19
    endloop
  endfacet
  facet normal -0.2164396139380726 -0.97629600711994 0
    outer loop
      vertex 72.40570396126174 177.43183761907895 13
      vertex 72.84872741294049 177.33362168441613 19
      vertex 72.40570396126174 177.43183761907895 19
    endloop
  endfacet
  facet normal -0.23344536385592396 -0.9723699203976722 0
    outer loop
      vertex 72.84872741294049 177.33362168441613 13
      vertex 73.28996928559135 177.22768888317592 19
      vertex 72.84872741294049 177.33362168441613 19
    endloop
  endfacet
  facet normal -0.25038000405446365 -0.968147640378102 0
    outer loop
      vertex 73.28996928559135 177.22768888317592 13
      vertex 73.72929517266553 177.11407148351577 19
      vertex 73.28996928559135 177.22768888317592 19
    endloop
  endfacet
  facet normal -0.267238376078245 -0.9636304532086262 0
    outer loop
      vertex 73.72929517266553 177.11407148351577 13
      vertex 74.16657125124198 176.9928040943963 19
      vertex 73.72929517266553 177.11407148351577 19
    endloop
  endfacet
  facet normal -0.2840153447039356 -0.9588197348681893 0
    outer loop
      vertex 74.16657125124198 176.9928040943963 13
      vertex 74.60166432279115 176.86392365503892 19
      vertex 74.16657125124198 176.9928040943963 19
    endloop
  endfacet
  facet normal -0.30070579950425713 -0.9537169507482319 0
    outer loop
      vertex 74.60166432279115 176.86392365503892 13
      vertex 75.03444185374863 176.727469423674 19
      vertex 74.60166432279115 176.86392365503892 19
    endloop
  endfacet
  facet normal -0.3173046564050743 -0.9483236552062053 0
    outer loop
      vertex 75.03444185374863 176.727469423674 13
      vertex 75.46477201588607 176.58348296558225 19
      vertex 75.03444185374863 176.727469423674 19
    endloop
  endfacet
  facet normal -0.3338068592337795 -0.9426414910921753 0
    outer loop
      vertex 75.46477201588607 176.58348296558225 13
      vertex 75.89252372646739 176.43200814043362 19
      vertex 75.46477201588607 176.58348296558225 19
    endloop
  endfacet
  facet normal -0.35020738125950834 -0.9366721892483824 0
    outer loop
      vertex 75.89252372646739 176.43200814043362 13
      vertex 76.3175666881778 176.27309108892723 19
      vertex 75.89252372646739 176.43200814043362 19
    endloop
  endfacet
  facet normal -0.36650122672426527 -0.9304175679820371 0
    outer loop
      vertex 76.3175666881778 176.27309108892723 13
      vertex 76.73977142881371 176.10678021873647 19
      vertex 76.3175666881778 176.27309108892723 19
    endloop
  endfacet
  facet normal -0.38268343236509766 -0.9238795325112834 0
    outer loop
      vertex 76.73977142881371 176.10678021873647 13
      vertex 77.15900934072113 175.93312618976344 19
      vertex 76.73977142881371 176.10678021873647 19
    endloop
  endfacet
  facet normal -0.39874906892525264 -0.9170600743851213 0
    outer loop
      vertex 77.15900934072113 175.93312618976344 13
      vertex 77.5751527199708 175.75218189870762 19
      vertex 77.15900934072113 175.93312618976344 19
    endloop
  endfacet
  facet normal -0.46174861323502275 -0.8870108331782274 0
    outer loop
      vertex 78.80375299322822 175.16616962889756 13
      vertex 79.20626063243316 174.9566374143321 19
      vertex 78.80375299322822 175.16616962889756 19
    endloop
  endfacet
  facet normal -0.4771587602596246 -0.8788171126619566 0
    outer loop
      vertex 79.20626063243316 174.9566374143321 13
      vertex 79.60505012640476 174.7401123856243 19
      vertex 79.20626063243316 174.9566374143321 19
    endloop
  endfacet
  facet normal -0.49242356010347393 -0.8703556959398958 0
    outer loop
      vertex 79.60505012640476 174.7401123856243 13
      vertex 80 174.5166604983954 19
      vertex 79.60505012640476 174.7401123856243 19
    endloop
  endfacet
  facet normal -0.5075383629607125 -0.8616291604415207 0
    outer loop
      vertex 80 174.5166604983954 13
      vertex 80.39098994766141 174.2863498182549 19
      vertex 80 174.5166604983954 19
    endloop
  endfacet
  facet normal -0.5224985647159361 -0.8526401643541 0
    outer loop
      vertex 80.39098994766141 174.2863498182549 13
      vertex 80.77790087006332 174.04925050006707 19
      vertex 80.39098994766141 174.2863498182549 19
    endloop
  endfacet
  facet normal -0.4146932426562583 -0.9099612708765346 0
    outer loop
      vertex 77.5751527199708 175.75218189870762 13
      vertex 77.98807480525818 175.56400246295289 19
      vertex 77.5751527199708 175.75218189870762 19
    endloop
  endfacet
  facet normal -0.4305110968082936 -0.9025852843498614 0
    outer loop
      vertex 77.98807480525818 175.56400246295289 13
      vertex 78.39764981651601 175.36864520377833 19
      vertex 77.98807480525818 175.56400246295289 19
    endloop
  endfacet
  facet normal -0.4461978131097836 -0.8949343616020377 0
    outer loop
      vertex 78.39764981651601 175.36864520377833 13
      vertex 78.80375299322822 175.16616962889756 19
      vertex 78.39764981651601 175.36864520377833 19
    endloop
  endfacet
  facet normal -0.5519369853120294 -0.8338858220671873 0
    outer loop
      vertex 81.1606149103907 173.80543476658102 13
      vertex 81.53901549023942 173.5549768864311 19
      vertex 81.1606149103907 173.80543476658102 19
    endloop
  endfacet
  facet normal -0.5372996083468268 -0.8433914458128837 0
    outer loop
      vertex 80.77790087006332 174.04925050006707 13
      vertex 81.1606149103907 173.80543476658102 19
      vertex 80.77790087006332 174.04925050006707 19
    endloop
  endfacet
  facet normal -0.5664062369248642 -0.824126188621994 0
    outer loop
      vertex 81.53901549023942 173.5549768864311 13
      vertex 81.91298734512719 173.29795315151378 19
      vertex 81.53901549023942 173.5549768864311 19
    endloop
  endfacet
  facet normal -0.5807029557109272 -0.8141155183563281 0
    outer loop
      vertex 81.91298734512719 173.29795315151378 13
      vertex 82.2824165596043 173.03444185374863 19
      vertex 81.91298734512719 173.29795315151378 19
    endloop
  endfacet
  facet normal -0.6360782202777447 -0.7716245833877358 0
    outer loop
      vertex 83.36233016729577 172.20579499788124 13
      vertex 83.71247785185002 171.91715552109343 19
      vertex 83.36233016729577 172.20579499788124 19
    endloop
  endfacet
  facet normal -0.5948227867513404 -0.8038568606172181 0
    outer loop
      vertex 82.2824165596043 173.03444185374863 13
      vertex 82.64719060195326 172.7645232612296 19
      vertex 82.2824165596043 173.03444185374863 19
    endloop
  endfacet
  facet normal -0.608761429008723 -0.7933533402912332 0
    outer loop
      vertex 82.64719060195326 172.7645232612296 13
      vertex 83.00719835846712 172.48827959377476 19
      vertex 82.64719060195326 172.7645232612296 19
    endloop
  endfacet
  facet normal -0.6225146366376251 -0.7826081568524096 0
    outer loop
      vertex 83.00719835846712 172.48827959377476 13
      vertex 83.36233016729577 172.20579499788124 19
      vertex 83.00719835846712 172.48827959377476 19
    endloop
  endfacet
  facet normal -0.7604059656000326 0.6494480483301815 0
    outer loop
      vertex 86.62244908579207 134.9424652462468 13
      vertex 86.62244908579207 134.9424652462468 19
      vertex 86.91715552109343 135.28752214814998 13
    endloop
  endfacet
  facet normal -0.7716245833877358 0.6360782202777447 0
    outer loop
      vertex 86.91715552109343 135.28752214814998 13
      vertex 86.91715552109343 135.28752214814998 19
      vertex 87.20579499788124 135.63766983270423 13
    endloop
  endfacet
  facet normal -0.7826081568524096 0.6225146366376251 0
    outer loop
      vertex 87.20579499788124 135.63766983270423 13
      vertex 87.20579499788124 135.63766983270423 19
      vertex 87.48827959377476 135.99280164153288 13
    endloop
  endfacet
  facet normal -0.7933533402912448 0.6087614290087079 0
    outer loop
      vertex 87.48827959377476 135.99280164153288 13
      vertex 87.48827959377476 135.99280164153288 19
      vertex 87.76452326122961 136.35280939804676 13
    endloop
  endfacet
  facet normal -0.8038568606171959 0.5948227867513703 0
    outer loop
      vertex 87.76452326122961 136.35280939804676 13
      vertex 87.76452326122961 136.35280939804676 19
      vertex 88.03444185374863 136.71758344039569 13
    endloop
  endfacet
  facet normal -0.8141155183563387 0.5807029557109125 0
    outer loop
      vertex 88.03444185374863 136.71758344039569 13
      vertex 88.03444185374863 136.71758344039569 19
      vertex 88.29795315151378 137.0870126548728 13
    endloop
  endfacet
  facet normal -0.824126188621994 0.5664062369248642 0
    outer loop
      vertex 88.29795315151378 137.0870126548728 13
      vertex 88.29795315151378 137.0870126548728 19
      vertex 88.55497688643109 137.46098450976058 13
    endloop
  endfacet
  facet normal -0.8338858220671729 0.5519369853120512 0
    outer loop
      vertex 88.55497688643109 137.46098450976058 13
      vertex 88.55497688643109 137.46098450976058 19
      vertex 88.80543476658103 137.8393850896093 13
    endloop
  endfacet
  facet normal -0.8433914458128979 0.5372996083468046 0
    outer loop
      vertex 88.80543476658103 137.8393850896093 13
      vertex 88.80543476658103 137.8393850896093 19
      vertex 89.04925050006707 138.22209912993668 13
    endloop
  endfacet
  facet normal -0.8526401643540861 0.5224985647159589 0
    outer loop
      vertex 89.04925050006707 138.22209912993668 13
      vertex 89.04925050006707 138.22209912993668 19
      vertex 89.28634981825492 138.6090100523386 13
    endloop
  endfacet
  facet normal -0.8616291604415345 0.5075383629606893 0
    outer loop
      vertex 89.28634981825492 138.6090100523386 13
      vertex 89.28634981825492 138.6090100523386 19
      vertex 89.5166604983954 139 13
    endloop
  endfacet
  facet normal -0.8703556959398958 0.49242356010347393 0
    outer loop
      vertex 89.5166604983954 139 13
      vertex 89.5166604983954 139 19
      vertex 89.74011238562429 139.39494987359524 13
    endloop
  endfacet
  facet normal -0.8788171126619566 0.4771587602596246 0
    outer loop
      vertex 89.74011238562429 139.39494987359524 13
      vertex 89.74011238562429 139.39494987359524 19
      vertex 89.9566374143321 139.79373936756684 13
    endloop
  endfacet
  facet normal -0.8870108331782274 0.46174861323502275 0
    outer loop
      vertex 89.9566374143321 139.79373936756684 13
      vertex 89.9566374143321 139.79373936756684 19
      vertex 90.16616962889756 140.19624700677178 13
    endloop
  endfacet
  facet normal -0.8949343616020251 0.44619781310980866 0
    outer loop
      vertex 90.16616962889756 140.19624700677178 13
      vertex 90.16616962889756 140.19624700677178 19
      vertex 90.36864520377834 140.602350183484 13
    endloop
  endfacet
  facet normal -0.9025852843498614 0.4305110968082936 0
    outer loop
      vertex 90.36864520377834 140.602350183484 13
      vertex 90.36864520377834 140.602350183484 19
      vertex 90.5640024629529 141.01192519474182 13
    endloop
  endfacet
  facet normal -0.9099612708765409 0.41469324265624413 0
    outer loop
      vertex 90.5640024629529 141.01192519474182 13
      vertex 90.5640024629529 141.01192519474182 19
      vertex 90.75218189870762 141.42484728002918 13
    endloop
  endfacet
  facet normal -0.9170600743851262 0.39874906892524115 0
    outer loop
      vertex 90.75218189870762 141.42484728002918 13
      vertex 90.75218189870762 141.42484728002918 19
      vertex 90.93312618976344 141.84099065927887 13
    endloop
  endfacet
  facet normal -0.923879532511279 0.38268343236510877 0
    outer loop
      vertex 90.93312618976344 141.84099065927887 13
      vertex 90.93312618976344 141.84099065927887 19
      vertex 91.10678021873647 142.26022857118627 13
    endloop
  endfacet
  facet normal -0.9304175679820307 0.3665012267242817 0
    outer loop
      vertex 91.10678021873647 142.26022857118627 13
      vertex 91.10678021873647 142.26022857118627 19
      vertex 91.27309108892725 142.6824333118222 13
    endloop
  endfacet
  facet normal -0.9366721892483963 0.35020738125947054 0
    outer loop
      vertex 91.27309108892725 142.6824333118222 13
      vertex 91.27309108892725 142.6824333118222 19
      vertex 91.43200814043362 143.10747627353263 13
    endloop
  endfacet
  facet normal -0.9426414910921816 0.3338068592337615 0
    outer loop
      vertex 91.43200814043362 143.10747627353263 13
      vertex 91.43200814043362 143.10747627353263 19
      vertex 91.58348296558223 143.53522798411393 13
    endloop
  endfacet
  facet normal -0.9483236552061959 0.31730465640510247 0
    outer loop
      vertex 91.58348296558223 143.53522798411393 13
      vertex 91.58348296558223 143.53522798411393 19
      vertex 91.727469423674 143.96555814625137 13
    endloop
  endfacet
  facet normal -0.9537169507482319 0.30070579950425713 0
    outer loop
      vertex 91.727469423674 143.96555814625137 13
      vertex 91.727469423674 143.96555814625137 19
      vertex 91.86392365503892 144.39833567720885 13
    endloop
  endfacet
  facet normal -0.9588197348681893 0.2840153447039356 0
    outer loop
      vertex 91.86392365503892 144.39833567720885 13
      vertex 91.86392365503892 144.39833567720885 19
      vertex 91.99280409439629 144.83342874875802 13
    endloop
  endfacet
  facet normal -0.9636304532086262 0.267238376078245 0
    outer loop
      vertex 91.99280409439629 144.83342874875802 13
      vertex 91.99280409439629 144.83342874875802 19
      vertex 92.11407148351577 145.27070482733447 13
    endloop
  endfacet
  facet normal -0.968147640378102 0.25038000405446365 0
    outer loop
      vertex 92.11407148351577 145.27070482733447 13
      vertex 92.11407148351577 145.27070482733447 19
      vertex 92.22768888317592 145.71003071440865 13
    endloop
  endfacet
  facet normal -0.9723699203976792 0.23344536385589432 0
    outer loop
      vertex 92.22768888317592 145.71003071440865 13
      vertex 92.22768888317592 145.71003071440865 19
      vertex 92.33362168441612 146.1512725870595 13
    endloop
  endfacet
  facet normal -0.9762960071199335 0.21643961393810246 0
    outer loop
      vertex 92.33362168441612 146.1512725870595 13
      vertex 92.33362168441612 146.1512725870595 19
      vertex 92.43183761907895 146.59429603873826 13
    endloop
  endfacet
  facet normal -0.9799247046208258 0.19936793441721626 0
    outer loop
      vertex 92.43183761907895 146.59429603873826 13
      vertex 92.43183761907895 146.59429603873826 19
      vertex 92.52230676963927 147.03896612020984 13
    endloop
  endfacet
  facet normal -0.9832549075639567 0.18223552549213623 0
    outer loop
      vertex 92.52230676963927 147.03896612020984 13
      vertex 92.52230676963927 147.03896612020984 19
      vertex 92.60500157831741 147.4851473806598 13
    endloop
  endfacet
  facet normal -0.9862856015372315 0.16504760586067696 0
    outer loop
      vertex 92.60500157831741 147.4851473806598 13
      vertex 92.60500157831741 147.4851473806598 19
      vertex 92.67989685547359 147.932703908954 13
    endloop
  endfacet
  facet normal -0.989015863361916 0.1478094111296155 0
    outer loop
      vertex 92.67989685547359 147.932703908954 13
      vertex 92.67989685547359 147.932703908954 19
      vertex 92.74696978728083 148.3814993750383 13
    endloop
  endfacet
  facet normal -0.9914448613738136 0.13052619222002768 0
    outer loop
      vertex 92.74696978728083 148.3814993750383 13
      vertex 92.74696978728083 148.3814993750383 19
      vertex 92.80619994267437 148.83139707146617 13
    endloop
  endfacet
  facet normal -0.9935718556765875 0.11320321376790791 0
    outer loop
      vertex 92.80619994267437 148.83139707146617 13
      vertex 92.80619994267437 148.83139707146617 19
      vertex 92.8575692795751 149.282259955041 13
    endloop
  endfacet
  facet normal -0.9953961983671776 0.09584575252023612 0
    outer loop
      vertex 92.8575692795751 149.282259955041 13
      vertex 92.8575692795751 149.282259955041 19
      vertex 92.90106215038539 149.7339506885609 13
    endloop
  endfacet
  facet normal -0.9953961983671776 -0.09584575252023612 0
    outer loop
      vertex 92.90106215038539 154.2660493114391 13
      vertex 92.90106215038539 154.2660493114391 19
      vertex 92.8575692795751 154.717740044959 13
    endloop
  endfacet
  facet normal -0.9935718556765875 -0.11320321376790791 0
    outer loop
      vertex 92.8575692795751 154.717740044959 13
      vertex 92.8575692795751 154.717740044959 19
      vertex 92.80619994267437 155.16860292853383 13
    endloop
  endfacet
  facet normal -0.9914448613738136 -0.13052619222002768 0
    outer loop
      vertex 92.80619994267437 155.16860292853383 13
      vertex 92.80619994267437 155.16860292853383 19
      vertex 92.74696978728083 155.6185006249617 13
    endloop
  endfacet
  facet normal -0.989015863361916 -0.1478094111296155 0
    outer loop
      vertex 92.74696978728083 155.6185006249617 13
      vertex 92.74696978728083 155.6185006249617 19
      vertex 92.67989685547359 156.067296091046 13
    endloop
  endfacet
  facet normal -0.9862856015372315 -0.16504760586067696 -1.2551385396330481e-18
    outer loop
      vertex 92.60500157831741 156.5148526193402 13
      vertex 92.67989685547359 156.067296091046 13
      vertex 92.67989685547359 156.067296091046 19
    endloop
  endfacet
  facet normal -0.9799247046208258 -0.19936793441721626 0
    outer loop
      vertex 92.52230676963927 156.96103387979016 13
      vertex 92.52230676963927 156.96103387979016 19
      vertex 92.43183761907895 157.40570396126174 13
    endloop
  endfacet
  facet normal -0.9723699203976792 -0.23344536385589432 2.3826804147099613e-19
    outer loop
      vertex 92.22768888317592 158.28996928559135 13
      vertex 92.33362168441612 157.8487274129405 13
      vertex 92.33362168441612 157.8487274129405 19
    endloop
  endfacet
  facet normal -0.9762960071199335 -0.21643961393810246 0
    outer loop
      vertex 92.43183761907895 157.40570396126174 13
      vertex 92.43183761907895 157.40570396126174 19
      vertex 92.33362168441612 157.8487274129405 13
    endloop
  endfacet
  facet normal -0.9832549075639567 -0.18223552549213623 0
    outer loop
      vertex 92.60500157831741 156.5148526193402 13
      vertex 92.60500157831741 156.5148526193402 19
      vertex 92.52230676963927 156.96103387979016 13
    endloop
  endfacet
  facet normal -0.9969173337331281 0.07845909572784199 0
    outer loop
      vertex 92.90106215038539 149.7339506885609 13
      vertex 92.90106215038539 149.7339506885609 19
      vertex 92.93666530675543 150.18633168265274 13
    endloop
  endfacet
  facet normal -0.9981347984218667 0.06104853953486001 0
    outer loop
      vertex 92.93666530675543 150.18633168265274 13
      vertex 92.93666530675543 150.18633168265274 19
      vertex 92.96436790361892 150.63926513768345 13
    endloop
  endfacet
  facet normal -0.9990482215818576 0.043619387365339074 0
    outer loop
      vertex 92.96436790361892 150.63926513768345 13
      vertex 92.96436790361892 150.63926513768345 19
      vertex 92.98416150249649 151.09261308573497 13
    endloop
  endfacet
  facet normal -0.9996573249755574 0.02617694830786978 0
    outer loop
      vertex 92.98416150249649 151.09261308573497 13
      vertex 92.98416150249649 151.09261308573497 19
      vertex 92.99604007406617 151.54623743263062 13
    endloop
  endfacet
  facet normal -0.9999619230641712 0.008726535498372984 0
    outer loop
      vertex 92.99604007406617 151.54623743263062 13
      vertex 92.99604007406617 151.54623743263062 19
      vertex 93 152 13
    endloop
  endfacet
  facet normal -0.9999619230641712 -0.008726535498372984 0
    outer loop
      vertex 93 152 13
      vertex 93 152 19
      vertex 92.99604007406617 152.45376256736938 13
    endloop
  endfacet
  facet normal -0.9996573249755574 -0.02617694830786978 0
    outer loop
      vertex 92.99604007406617 152.45376256736938 13
      vertex 92.99604007406617 152.45376256736938 19
      vertex 92.98416150249649 152.90738691426503 13
    endloop
  endfacet
  facet normal -0.9990482215818576 -0.043619387365339074 0
    outer loop
      vertex 92.98416150249649 152.90738691426503 13
      vertex 92.98416150249649 152.90738691426503 19
      vertex 92.96436790361892 153.36073486231655 13
    endloop
  endfacet
  facet normal -0.9981347984218667 -0.06104853953486001 0
    outer loop
      vertex 92.96436790361892 153.36073486231655 13
      vertex 92.96436790361892 153.36073486231655 19
      vertex 92.93666530675543 153.81366831734726 13
    endloop
  endfacet
  facet normal -0.9969173337331281 -0.07845909572784199 0
    outer loop
      vertex 92.93666530675543 153.81366831734726 13
      vertex 92.93666530675543 153.81366831734726 19
      vertex 92.90106215038539 154.2660493114391 13
    endloop
  endfacet
  facet normal -0.7604059656000326 0.6494480483301815 0
    outer loop
      vertex 86.91715552109343 135.28752214814998 13
      vertex 86.62244908579207 134.9424652462468 19
      vertex 86.91715552109343 135.28752214814998 19
    endloop
  endfacet
  facet normal -0.7716245833877358 0.6360782202777447 0
    outer loop
      vertex 87.20579499788124 135.63766983270423 13
      vertex 86.91715552109343 135.28752214814998 19
      vertex 87.20579499788124 135.63766983270423 19
    endloop
  endfacet
  facet normal -0.7826081568524096 0.6225146366376251 0
    outer loop
      vertex 87.48827959377476 135.99280164153288 13
      vertex 87.20579499788124 135.63766983270423 19
      vertex 87.48827959377476 135.99280164153288 19
    endloop
  endfacet
  facet normal -0.7933533402912448 0.6087614290087079 0
    outer loop
      vertex 87.76452326122961 136.35280939804676 13
      vertex 87.48827959377476 135.99280164153288 19
      vertex 87.76452326122961 136.35280939804676 19
    endloop
  endfacet
  facet normal -0.8038568606171959 0.5948227867513703 0
    outer loop
      vertex 88.03444185374863 136.71758344039569 13
      vertex 87.76452326122961 136.35280939804676 19
      vertex 88.03444185374863 136.71758344039569 19
    endloop
  endfacet
  facet normal -0.8141155183563387 0.5807029557109125 0
    outer loop
      vertex 88.29795315151378 137.0870126548728 13
      vertex 88.03444185374863 136.71758344039569 19
      vertex 88.29795315151378 137.0870126548728 19
    endloop
  endfacet
  facet normal -0.824126188621994 0.5664062369248642 0
    outer loop
      vertex 88.55497688643109 137.46098450976058 13
      vertex 88.29795315151378 137.0870126548728 19
      vertex 88.55497688643109 137.46098450976058 19
    endloop
  endfacet
  facet normal -0.8338858220671729 0.5519369853120512 0
    outer loop
      vertex 88.80543476658103 137.8393850896093 13
      vertex 88.55497688643109 137.46098450976058 19
      vertex 88.80543476658103 137.8393850896093 19
    endloop
  endfacet
  facet normal -0.8433914458128979 0.5372996083468046 0
    outer loop
      vertex 89.04925050006707 138.22209912993668 13
      vertex 88.80543476658103 137.8393850896093 19
      vertex 89.04925050006707 138.22209912993668 19
    endloop
  endfacet
  facet normal -0.8526401643540861 0.5224985647159589 0
    outer loop
      vertex 89.28634981825492 138.6090100523386 13
      vertex 89.04925050006707 138.22209912993668 19
      vertex 89.28634981825492 138.6090100523386 19
    endloop
  endfacet
  facet normal -0.8616291604415345 0.5075383629606893 0
    outer loop
      vertex 89.5166604983954 139 13
      vertex 89.28634981825492 138.6090100523386 19
      vertex 89.5166604983954 139 19
    endloop
  endfacet
  facet normal -0.8703556959398958 0.49242356010347393 0
    outer loop
      vertex 89.74011238562429 139.39494987359524 13
      vertex 89.5166604983954 139 19
      vertex 89.74011238562429 139.39494987359524 19
    endloop
  endfacet
  facet normal -0.8788171126619566 0.4771587602596246 0
    outer loop
      vertex 89.9566374143321 139.79373936756684 13
      vertex 89.74011238562429 139.39494987359524 19
      vertex 89.9566374143321 139.79373936756684 19
    endloop
  endfacet
  facet normal -0.8870108331782274 0.46174861323502275 0
    outer loop
      vertex 90.16616962889756 140.19624700677178 13
      vertex 89.9566374143321 139.79373936756684 19
      vertex 90.16616962889756 140.19624700677178 19
    endloop
  endfacet
  facet normal -0.8949343616020251 0.44619781310980866 0
    outer loop
      vertex 90.36864520377834 140.602350183484 13
      vertex 90.16616962889756 140.19624700677178 19
      vertex 90.36864520377834 140.602350183484 19
    endloop
  endfacet
  facet normal -0.9025852843498614 0.4305110968082936 0
    outer loop
      vertex 90.5640024629529 141.01192519474182 13
      vertex 90.36864520377834 140.602350183484 19
      vertex 90.5640024629529 141.01192519474182 19
    endloop
  endfacet
  facet normal -0.9099612708765409 0.41469324265624413 0
    outer loop
      vertex 90.75218189870762 141.42484728002918 13
      vertex 90.5640024629529 141.01192519474182 19
      vertex 90.75218189870762 141.42484728002918 19
    endloop
  endfacet
  facet normal -0.9170600743851262 0.39874906892524115 0
    outer loop
      vertex 90.93312618976344 141.84099065927887 13
      vertex 90.75218189870762 141.42484728002918 19
      vertex 90.93312618976344 141.84099065927887 19
    endloop
  endfacet
  facet normal -0.923879532511279 0.38268343236510877 0
    outer loop
      vertex 91.10678021873647 142.26022857118627 13
      vertex 90.93312618976344 141.84099065927887 19
      vertex 91.10678021873647 142.26022857118627 19
    endloop
  endfacet
  facet normal -0.9304175679820307 0.3665012267242817 0
    outer loop
      vertex 91.27309108892725 142.6824333118222 13
      vertex 91.10678021873647 142.26022857118627 19
      vertex 91.27309108892725 142.6824333118222 19
    endloop
  endfacet
  facet normal -0.9366721892483963 0.35020738125947054 0
    outer loop
      vertex 91.43200814043362 143.10747627353263 13
      vertex 91.27309108892725 142.6824333118222 19
      vertex 91.43200814043362 143.10747627353263 19
    endloop
  endfacet
  facet normal -0.9426414910921816 0.3338068592337615 0
    outer loop
      vertex 91.58348296558223 143.53522798411393 13
      vertex 91.43200814043362 143.10747627353263 19
      vertex 91.58348296558223 143.53522798411393 19
    endloop
  endfacet
  facet normal -0.9483236552061959 0.31730465640510247 0
    outer loop
      vertex 91.727469423674 143.96555814625137 13
      vertex 91.58348296558223 143.53522798411393 19
      vertex 91.727469423674 143.96555814625137 19
    endloop
  endfacet
  facet normal -0.9537169507482319 0.30070579950425713 0
    outer loop
      vertex 91.86392365503892 144.39833567720885 13
      vertex 91.727469423674 143.96555814625137 19
      vertex 91.86392365503892 144.39833567720885 19
    endloop
  endfacet
  facet normal -0.9588197348681893 0.2840153447039356 0
    outer loop
      vertex 91.99280409439629 144.83342874875802 13
      vertex 91.86392365503892 144.39833567720885 19
      vertex 91.99280409439629 144.83342874875802 19
    endloop
  endfacet
  facet normal -0.9636304532086262 0.267238376078245 0
    outer loop
      vertex 92.11407148351577 145.27070482733447 13
      vertex 91.99280409439629 144.83342874875802 19
      vertex 92.11407148351577 145.27070482733447 19
    endloop
  endfacet
  facet normal -0.968147640378102 0.25038000405446365 0
    outer loop
      vertex 92.22768888317592 145.71003071440865 13
      vertex 92.11407148351577 145.27070482733447 19
      vertex 92.22768888317592 145.71003071440865 19
    endloop
  endfacet
  facet normal -0.9723699203976792 0.23344536385589432 0
    outer loop
      vertex 92.33362168441612 146.1512725870595 13
      vertex 92.22768888317592 145.71003071440865 19
      vertex 92.33362168441612 146.1512725870595 19
    endloop
  endfacet
  facet normal -0.9762960071199335 0.21643961393810246 0
    outer loop
      vertex 92.43183761907895 146.59429603873826 13
      vertex 92.33362168441612 146.1512725870595 19
      vertex 92.43183761907895 146.59429603873826 19
    endloop
  endfacet
  facet normal -0.9799247046208258 0.19936793441721626 0
    outer loop
      vertex 92.52230676963927 147.03896612020984 13
      vertex 92.43183761907895 146.59429603873826 19
      vertex 92.52230676963927 147.03896612020984 19
    endloop
  endfacet
  facet normal -0.9832549075639567 0.18223552549213623 0
    outer loop
      vertex 92.60500157831741 147.4851473806598 13
      vertex 92.52230676963927 147.03896612020984 19
      vertex 92.60500157831741 147.4851473806598 19
    endloop
  endfacet
  facet normal -0.9862856015372315 0.16504760586067696 0
    outer loop
      vertex 92.67989685547359 147.932703908954 13
      vertex 92.60500157831741 147.4851473806598 19
      vertex 92.67989685547359 147.932703908954 19
    endloop
  endfacet
  facet normal -0.989015863361916 0.1478094111296155 0
    outer loop
      vertex 92.74696978728083 148.3814993750383 13
      vertex 92.67989685547359 147.932703908954 19
      vertex 92.74696978728083 148.3814993750383 19
    endloop
  endfacet
  facet normal -0.9914448613738136 0.13052619222002768 0
    outer loop
      vertex 92.80619994267437 148.83139707146617 13
      vertex 92.74696978728083 148.3814993750383 19
      vertex 92.80619994267437 148.83139707146617 19
    endloop
  endfacet
  facet normal -0.9935718556765875 0.11320321376790791 0
    outer loop
      vertex 92.8575692795751 149.282259955041 13
      vertex 92.80619994267437 148.83139707146617 19
      vertex 92.8575692795751 149.282259955041 19
    endloop
  endfacet
  facet normal -0.9953961983671776 0.09584575252023612 0
    outer loop
      vertex 92.90106215038539 149.7339506885609 13
      vertex 92.8575692795751 149.282259955041 19
      vertex 92.90106215038539 149.7339506885609 19
    endloop
  endfacet
  facet normal -0.9953961983671776 -0.09584575252023612 0
    outer loop
      vertex 92.8575692795751 154.717740044959 13
      vertex 92.90106215038539 154.2660493114391 19
      vertex 92.8575692795751 154.717740044959 19
    endloop
  endfacet
  facet normal -0.9935718556765875 -0.11320321376790791 0
    outer loop
      vertex 92.80619994267437 155.16860292853383 13
      vertex 92.8575692795751 154.717740044959 19
      vertex 92.80619994267437 155.16860292853383 19
    endloop
  endfacet
  facet normal -0.9914448613738136 -0.13052619222002768 0
    outer loop
      vertex 92.74696978728083 155.6185006249617 13
      vertex 92.80619994267437 155.16860292853383 19
      vertex 92.74696978728083 155.6185006249617 19
    endloop
  endfacet
  facet normal -0.989015863361916 -0.1478094111296155 0
    outer loop
      vertex 92.67989685547359 156.067296091046 13
      vertex 92.74696978728083 155.6185006249617 19
      vertex 92.67989685547359 156.067296091046 19
    endloop
  endfacet
  facet normal -0.9862856015372315 -0.16504760586067696 0
    outer loop
      vertex 92.60500157831741 156.5148526193402 13
      vertex 92.67989685547359 156.067296091046 19
      vertex 92.60500157831741 156.5148526193402 19
    endloop
  endfacet
  facet normal -0.9799247046208258 -0.19936793441721626 0
    outer loop
      vertex 92.43183761907895 157.40570396126174 13
      vertex 92.52230676963927 156.96103387979016 19
      vertex 92.43183761907895 157.40570396126174 19
    endloop
  endfacet
  facet normal -0.9762960071199335 -0.21643961393810246 0
    outer loop
      vertex 92.33362168441612 157.8487274129405 13
      vertex 92.43183761907895 157.40570396126174 19
      vertex 92.33362168441612 157.8487274129405 19
    endloop
  endfacet
  facet normal -0.9832549075639567 -0.18223552549213623 0
    outer loop
      vertex 92.52230676963927 156.96103387979016 13
      vertex 92.60500157831741 156.5148526193402 19
      vertex 92.52230676963927 156.96103387979016 19
    endloop
  endfacet
  facet normal -0.9969173337331281 0.07845909572784199 0
    outer loop
      vertex 92.93666530675543 150.18633168265274 13
      vertex 92.90106215038539 149.7339506885609 19
      vertex 92.93666530675543 150.18633168265274 19
    endloop
  endfacet
  facet normal -0.9981347984218667 0.06104853953486001 0
    outer loop
      vertex 92.96436790361892 150.63926513768345 13
      vertex 92.93666530675543 150.18633168265274 19
      vertex 92.96436790361892 150.63926513768345 19
    endloop
  endfacet
  facet normal -0.9990482215818576 0.043619387365339074 0
    outer loop
      vertex 92.98416150249649 151.09261308573497 13
      vertex 92.96436790361892 150.63926513768345 19
      vertex 92.98416150249649 151.09261308573497 19
    endloop
  endfacet
  facet normal -0.9996573249755574 0.02617694830786978 0
    outer loop
      vertex 92.99604007406617 151.54623743263062 13
      vertex 92.98416150249649 151.09261308573497 19
      vertex 92.99604007406617 151.54623743263062 19
    endloop
  endfacet
  facet normal -0.9999619230641712 0.008726535498372984 0
    outer loop
      vertex 93 152 13
      vertex 92.99604007406617 151.54623743263062 19
      vertex 93 152 19
    endloop
  endfacet
  facet normal -0.9999619230641712 -0.008726535498372984 0
    outer loop
      vertex 92.99604007406617 152.45376256736938 13
      vertex 93 152 19
      vertex 92.99604007406617 152.45376256736938 19
    endloop
  endfacet
  facet normal -0.9996573249755574 -0.02617694830786978 0
    outer loop
      vertex 92.98416150249649 152.90738691426503 13
      vertex 92.99604007406617 152.45376256736938 19
      vertex 92.98416150249649 152.90738691426503 19
    endloop
  endfacet
  facet normal -0.9990482215818576 -0.043619387365339074 0
    outer loop
      vertex 92.96436790361892 153.36073486231655 13
      vertex 92.98416150249649 152.90738691426503 19
      vertex 92.96436790361892 153.36073486231655 19
    endloop
  endfacet
  facet normal -0.9981347984218667 -0.06104853953486001 0
    outer loop
      vertex 92.93666530675543 153.81366831734726 13
      vertex 92.96436790361892 153.36073486231655 19
      vertex 92.93666530675543 153.81366831734726 19
    endloop
  endfacet
  facet normal -0.9969173337331281 -0.07845909572784199 0
    outer loop
      vertex 92.90106215038539 154.2660493114391 13
      vertex 92.93666530675543 153.81366831734726 19
      vertex 92.90106215038539 154.2660493114391 19
    endloop
  endfacet
  facet normal -0.7489557207890034 -0.6626200482157358 1.0033099640503691e-19
    outer loop
      vertex 86.32176546241226 169.39739576533032 13
      vertex 86.62244908579207 169.0575347537532 13
      vertex 86.62244908579207 169.0575347537532 19
    endloop
  endfacet
  facet normal -0.7604059656000326 -0.6494480483301815 -2.8646745939680993e-19
    outer loop
      vertex 86.62244908579207 169.0575347537532 13
      vertex 86.91715552109343 168.71247785185002 13
      vertex 86.91715552109343 168.71247785185002 19
    endloop
  endfacet
  facet normal -0.7716245833877358 -0.6360782202777447 1.602142419379692e-19
    outer loop
      vertex 86.91715552109343 168.71247785185002 13
      vertex 87.20579499788124 168.36233016729577 13
      vertex 87.20579499788124 168.36233016729577 19
    endloop
  endfacet
  facet normal -0.7826081568524096 -0.6225146366376251 0
    outer loop
      vertex 87.48827959377476 168.00719835846712 13
      vertex 87.48827959377476 168.00719835846712 19
      vertex 87.20579499788124 168.36233016729577 13
    endloop
  endfacet
  facet normal -0.7933533402912448 -0.6087614290087079 6.125962746413675e-19
    outer loop
      vertex 87.48827959377476 168.00719835846712 13
      vertex 87.76452326122961 167.64719060195324 13
      vertex 87.76452326122961 167.64719060195324 19
    endloop
  endfacet
  facet normal -0.8141155183563387 -0.5807029557109125 4.947809824399528e-19
    outer loop
      vertex 88.03444185374863 167.28241655960431 13
      vertex 88.29795315151378 166.9129873451272 13
      vertex 88.29795315151378 166.9129873451272 19
    endloop
  endfacet
  facet normal -0.8038568606171959 -0.5948227867513703 6.00283422395579e-19
    outer loop
      vertex 87.76452326122961 167.64719060195324 13
      vertex 88.03444185374863 167.28241655960431 13
      vertex 88.03444185374863 167.28241655960431 19
    endloop
  endfacet
  facet normal -0.8433914458128979 -0.5372996083468046 -1.197852399452618e-18
    outer loop
      vertex 88.80543476658103 166.1606149103907 13
      vertex 89.04925050006707 165.77790087006332 13
      vertex 89.04925050006707 165.77790087006332 19
    endloop
  endfacet
  facet normal -0.8338858220671729 -0.5519369853120512 2.438717057129008e-18
    outer loop
      vertex 88.55497688643109 166.53901549023942 13
      vertex 88.80543476658103 166.1606149103907 13
      vertex 88.80543476658103 166.1606149103907 19
    endloop
  endfacet
  facet normal -0.8616291604415345 -0.5075383629606893 2.423754697722177e-18
    outer loop
      vertex 89.28634981825492 165.3909899476614 13
      vertex 89.5166604983954 165 13
      vertex 89.5166604983954 165 19
    endloop
  endfacet
  facet normal -0.8703556959398958 -0.49242356010347393 -5.786928424262845e-19
    outer loop
      vertex 89.5166604983954 165 13
      vertex 89.74011238562429 164.60505012640476 13
      vertex 89.74011238562429 164.60505012640476 19
    endloop
  endfacet
  facet normal -0.8526401643540861 -0.5224985647159589 0
    outer loop
      vertex 89.28634981825492 165.3909899476614 13
      vertex 89.28634981825492 165.3909899476614 19
      vertex 89.04925050006707 165.77790087006332 13
    endloop
  endfacet
  facet normal -0.824126188621994 -0.5664062369248642 0
    outer loop
      vertex 88.55497688643109 166.53901549023942 13
      vertex 88.55497688643109 166.53901549023942 19
      vertex 88.29795315151378 166.9129873451272 13
    endloop
  endfacet
  facet normal -0.649448048330179 -0.7604059656000349 3.1324442826572575e-19
    outer loop
      vertex 83.71247785185002 171.91715552109343 13
      vertex 84.05753475375319 171.62244908579208 13
      vertex 84.05753475375319 171.62244908579208 19
    endloop
  endfacet
  facet normal -0.6626200482157381 -0.7489557207890017 5.197913585914541e-19
    outer loop
      vertex 84.05753475375319 171.62244908579208 13
      vertex 84.39739576533032 171.32176546241226 13
      vertex 84.39739576533032 171.32176546241226 19
    endloop
  endfacet
  facet normal -0.6883545756937464 -0.7253743710122948 1.77887543685844e-18
    outer loop
      vertex 84.73195736162496 171.01519624209843 13
      vertex 85.06111763193393 170.70283480880494 13
      vertex 85.06111763193393 170.70283480880494 19
    endloop
  endfacet
  facet normal -0.6755902076156775 -0.7372773368101083 0
    outer loop
      vertex 84.73195736162496 171.01519624209843 13
      vertex 84.73195736162496 171.01519624209843 19
      vertex 84.39739576533032 171.32176546241226 13
    endloop
  endfacet
  facet normal -0.7009092642998401 -0.7132504491541921 -1.012704015742408e-18
    outer loop
      vertex 85.06111763193393 170.70283480880494 13
      vertex 85.38477631085024 170.38477631085024 13
      vertex 85.38477631085024 170.38477631085024 19
    endloop
  endfacet
  facet normal -0.7132504491541767 -0.7009092642998558 0
    outer loop
      vertex 85.70283480880494 170.06111763193394 13
      vertex 85.70283480880494 170.06111763193394 19
      vertex 85.38477631085024 170.38477631085024 13
    endloop
  endfacet
  facet normal -0.7253743710123246 -0.688354575693715 -1.87175134031248e-18
    outer loop
      vertex 85.70283480880494 170.06111763193394 13
      vertex 86.01519624209843 169.73195736162495 13
      vertex 86.01519624209843 169.73195736162495 19
    endloop
  endfacet
  facet normal -0.737277336810094 -0.675590207615693 0
    outer loop
      vertex 86.32176546241226 169.39739576533032 13
      vertex 86.32176546241226 169.39739576533032 19
      vertex 86.01519624209843 169.73195736162495 13
    endloop
  endfacet
  facet normal -0.8949343616020251 -0.44619781310980866 0
    outer loop
      vertex 90.36864520377834 163.397649816516 13
      vertex 90.36864520377834 163.397649816516 19
      vertex 90.16616962889756 163.80375299322822 13
    endloop
  endfacet
  facet normal -0.9025852843498614 -0.4305110968082936 4.0302163913762053e-19
    outer loop
      vertex 90.36864520377834 163.397649816516 13
      vertex 90.5640024629529 162.98807480525818 13
      vertex 90.5640024629529 162.98807480525818 19
    endloop
  endfacet
  facet normal -0.9170600743851262 -0.39874906892524115 -4.4856749458557435e-19
    outer loop
      vertex 90.75218189870762 162.57515271997082 13
      vertex 90.93312618976344 162.15900934072113 13
      vertex 90.93312618976344 162.15900934072113 19
    endloop
  endfacet
  facet normal -0.9304175679820307 -0.3665012267242817 -1.3386718832532224e-18
    outer loop
      vertex 91.10678021873647 161.73977142881373 13
      vertex 91.27309108892725 161.3175666881778 13
      vertex 91.27309108892725 161.3175666881778 19
    endloop
  endfacet
  facet normal -0.923879532511279 -0.38268343236510877 0
    outer loop
      vertex 91.10678021873647 161.73977142881373 13
      vertex 91.10678021873647 161.73977142881373 19
      vertex 90.93312618976344 162.15900934072113 13
    endloop
  endfacet
  facet normal -0.9099612708765409 -0.41469324265624413 0
    outer loop
      vertex 90.75218189870762 162.57515271997082 13
      vertex 90.75218189870762 162.57515271997082 19
      vertex 90.5640024629529 162.98807480525818 13
    endloop
  endfacet
  facet normal -0.9636304532086262 -0.267238376078245 6.80742112649298e-19
    outer loop
      vertex 91.99280409439629 159.16657125124198 13
      vertex 92.11407148351577 158.72929517266553 13
      vertex 92.11407148351577 158.72929517266553 19
    endloop
  endfacet
  facet normal -0.9588197348681893 -0.2840153447039356 5.96909328152405e-19
    outer loop
      vertex 91.86392365503892 159.60166432279115 13
      vertex 91.99280409439629 159.16657125124198 13
      vertex 91.99280409439629 159.16657125124198 19
    endloop
  endfacet
  facet normal -0.9426414910921816 -0.3338068592337615 -1.450004147163004e-18
    outer loop
      vertex 91.43200814043362 160.89252372646737 13
      vertex 91.58348296558223 160.46477201588607 13
      vertex 91.58348296558223 160.46477201588607 19
    endloop
  endfacet
  facet normal -0.9483236552061959 -0.31730465640510247 0
    outer loop
      vertex 91.727469423674 160.03444185374863 13
      vertex 91.727469423674 160.03444185374863 19
      vertex 91.58348296558223 160.46477201588607 13
    endloop
  endfacet
  facet normal -0.9537169507482319 -0.30070579950425713 0
    outer loop
      vertex 91.86392365503892 159.60166432279115 13
      vertex 91.86392365503892 159.60166432279115 19
      vertex 91.727469423674 160.03444185374863 13
    endloop
  endfacet
  facet normal -0.968147640378102 -0.25038000405446365 0
    outer loop
      vertex 92.22768888317592 158.28996928559135 13
      vertex 92.22768888317592 158.28996928559135 19
      vertex 92.11407148351577 158.72929517266553 13
    endloop
  endfacet
  facet normal -0.9366721892483963 -0.35020738125947054 0
    outer loop
      vertex 91.43200814043362 160.89252372646737 13
      vertex 91.43200814043362 160.89252372646737 19
      vertex 91.27309108892725 161.3175666881778 13
    endloop
  endfacet
  facet normal -0.8788171126619566 -0.4771587602596246 -1.6420204523042748e-18
    outer loop
      vertex 89.74011238562429 164.60505012640476 13
      vertex 89.9566374143321 164.20626063243316 13
      vertex 89.9566374143321 164.20626063243316 19
    endloop
  endfacet
  facet normal -0.8870108331782274 -0.46174861323502275 -3.4280741257782027e-19
    outer loop
      vertex 89.9566374143321 164.20626063243316 13
      vertex 90.16616962889756 163.80375299322822 13
      vertex 90.16616962889756 163.80375299322822 19
    endloop
  endfacet
  facet normal -0.7489557207890034 -0.6626200482157358 0
    outer loop
      vertex 86.32176546241226 169.39739576533032 13
      vertex 86.62244908579207 169.0575347537532 19
      vertex 86.32176546241226 169.39739576533032 19
    endloop
  endfacet
  facet normal -0.7716245833877358 -0.6360782202777447 0
    outer loop
      vertex 86.91715552109343 168.71247785185002 13
      vertex 87.20579499788124 168.36233016729577 19
      vertex 86.91715552109343 168.71247785185002 19
    endloop
  endfacet
  facet normal -0.7604059656000326 -0.6494480483301815 0
    outer loop
      vertex 86.62244908579207 169.0575347537532 13
      vertex 86.91715552109343 168.71247785185002 19
      vertex 86.62244908579207 169.0575347537532 19
    endloop
  endfacet
  facet normal -0.7826081568524096 -0.6225146366376251 0
    outer loop
      vertex 87.20579499788124 168.36233016729577 13
      vertex 87.48827959377476 168.00719835846712 19
      vertex 87.20579499788124 168.36233016729577 19
    endloop
  endfacet
  facet normal -0.7933533402912448 -0.6087614290087079 0
    outer loop
      vertex 87.48827959377476 168.00719835846712 13
      vertex 87.76452326122961 167.64719060195324 19
      vertex 87.48827959377476 168.00719835846712 19
    endloop
  endfacet
  facet normal -0.8038568606171959 -0.5948227867513703 0
    outer loop
      vertex 87.76452326122961 167.64719060195324 13
      vertex 88.03444185374863 167.28241655960431 19
      vertex 87.76452326122961 167.64719060195324 19
    endloop
  endfacet
  facet normal -0.8141155183563387 -0.5807029557109125 0
    outer loop
      vertex 88.03444185374863 167.28241655960431 13
      vertex 88.29795315151378 166.9129873451272 19
      vertex 88.03444185374863 167.28241655960431 19
    endloop
  endfacet
  facet normal -0.8338858220671729 -0.5519369853120512 0
    outer loop
      vertex 88.55497688643109 166.53901549023942 13
      vertex 88.80543476658103 166.1606149103907 19
      vertex 88.55497688643109 166.53901549023942 19
    endloop
  endfacet
  facet normal -0.8433914458128979 -0.5372996083468046 0
    outer loop
      vertex 88.80543476658103 166.1606149103907 13
      vertex 89.04925050006707 165.77790087006332 19
      vertex 88.80543476658103 166.1606149103907 19
    endloop
  endfacet
  facet normal -0.8703556959398958 -0.49242356010347393 0
    outer loop
      vertex 89.5166604983954 165 13
      vertex 89.74011238562429 164.60505012640476 19
      vertex 89.5166604983954 165 19
    endloop
  endfacet
  facet normal -0.8788171126619566 -0.4771587602596246 0
    outer loop
      vertex 89.74011238562429 164.60505012640476 13
      vertex 89.9566374143321 164.20626063243316 19
      vertex 89.74011238562429 164.60505012640476 19
    endloop
  endfacet
  facet normal -0.8526401643540861 -0.5224985647159589 0
    outer loop
      vertex 89.04925050006707 165.77790087006332 13
      vertex 89.28634981825492 165.3909899476614 19
      vertex 89.04925050006707 165.77790087006332 19
    endloop
  endfacet
  facet normal -0.8616291604415345 -0.5075383629606893 0
    outer loop
      vertex 89.28634981825492 165.3909899476614 13
      vertex 89.5166604983954 165 19
      vertex 89.28634981825492 165.3909899476614 19
    endloop
  endfacet
  facet normal -0.824126188621994 -0.5664062369248642 0
    outer loop
      vertex 88.29795315151378 166.9129873451272 13
      vertex 88.55497688643109 166.53901549023942 19
      vertex 88.29795315151378 166.9129873451272 19
    endloop
  endfacet
  facet normal -0.649448048330179 -0.7604059656000349 0
    outer loop
      vertex 83.71247785185002 171.91715552109343 13
      vertex 84.05753475375319 171.62244908579208 19
      vertex 83.71247785185002 171.91715552109343 19
    endloop
  endfacet
  facet normal -0.6626200482157381 -0.7489557207890017 0
    outer loop
      vertex 84.05753475375319 171.62244908579208 13
      vertex 84.39739576533032 171.32176546241226 19
      vertex 84.05753475375319 171.62244908579208 19
    endloop
  endfacet
  facet normal -0.6883545756937464 -0.7253743710122948 0
    outer loop
      vertex 84.73195736162496 171.01519624209843 13
      vertex 85.06111763193393 170.70283480880494 19
      vertex 84.73195736162496 171.01519624209843 19
    endloop
  endfacet
  facet normal -0.7009092642998401 -0.7132504491541921 0
    outer loop
      vertex 85.06111763193393 170.70283480880494 13
      vertex 85.38477631085024 170.38477631085024 19
      vertex 85.06111763193393 170.70283480880494 19
    endloop
  endfacet
  facet normal -0.6755902076156775 -0.7372773368101083 0
    outer loop
      vertex 84.39739576533032 171.32176546241226 13
      vertex 84.73195736162496 171.01519624209843 19
      vertex 84.39739576533032 171.32176546241226 19
    endloop
  endfacet
  facet normal -0.7132504491541767 -0.7009092642998558 0
    outer loop
      vertex 85.38477631085024 170.38477631085024 13
      vertex 85.70283480880494 170.06111763193394 19
      vertex 85.38477631085024 170.38477631085024 19
    endloop
  endfacet
  facet normal -0.7253743710123246 -0.688354575693715 0
    outer loop
      vertex 85.70283480880494 170.06111763193394 13
      vertex 86.01519624209843 169.73195736162495 19
      vertex 85.70283480880494 170.06111763193394 19
    endloop
  endfacet
  facet normal -0.737277336810094 -0.675590207615693 0
    outer loop
      vertex 86.01519624209843 169.73195736162495 13
      vertex 86.32176546241226 169.39739576533032 19
      vertex 86.01519624209843 169.73195736162495 19
    endloop
  endfacet
  facet normal -0.8949343616020251 -0.44619781310980866 0
    outer loop
      vertex 90.16616962889756 163.80375299322822 13
      vertex 90.36864520377834 163.397649816516 19
      vertex 90.16616962889756 163.80375299322822 19
    endloop
  endfacet
  facet normal -0.9025852843498614 -0.4305110968082936 0
    outer loop
      vertex 90.36864520377834 163.397649816516 13
      vertex 90.5640024629529 162.98807480525818 19
      vertex 90.36864520377834 163.397649816516 19
    endloop
  endfacet
  facet normal -0.9366721892483963 -0.35020738125947054 0
    outer loop
      vertex 91.27309108892725 161.3175666881778 13
      vertex 91.43200814043362 160.89252372646737 19
      vertex 91.27309108892725 161.3175666881778 19
    endloop
  endfacet
  facet normal -0.9304175679820307 -0.3665012267242817 0
    outer loop
      vertex 91.10678021873647 161.73977142881373 13
      vertex 91.27309108892725 161.3175666881778 19
      vertex 91.10678021873647 161.73977142881373 19
    endloop
  endfacet
  facet normal -0.923879532511279 -0.38268343236510877 0
    outer loop
      vertex 90.93312618976344 162.15900934072113 13
      vertex 91.10678021873647 161.73977142881373 19
      vertex 90.93312618976344 162.15900934072113 19
    endloop
  endfacet
  facet normal -0.9099612708765409 -0.41469324265624413 0
    outer loop
      vertex 90.5640024629529 162.98807480525818 13
      vertex 90.75218189870762 162.57515271997082 19
      vertex 90.5640024629529 162.98807480525818 19
    endloop
  endfacet
  facet normal -0.9170600743851262 -0.39874906892524115 0
    outer loop
      vertex 90.75218189870762 162.57515271997082 13
      vertex 90.93312618976344 162.15900934072113 19
      vertex 90.75218189870762 162.57515271997082 19
    endloop
  endfacet
  facet normal -0.9636304532086262 -0.267238376078245 0
    outer loop
      vertex 91.99280409439629 159.16657125124198 13
      vertex 92.11407148351577 158.72929517266553 19
      vertex 91.99280409439629 159.16657125124198 19
    endloop
  endfacet
  facet normal -0.9426414910921816 -0.3338068592337615 0
    outer loop
      vertex 91.43200814043362 160.89252372646737 13
      vertex 91.58348296558223 160.46477201588607 19
      vertex 91.43200814043362 160.89252372646737 19
    endloop
  endfacet
  facet normal -0.9483236552061959 -0.31730465640510247 0
    outer loop
      vertex 91.58348296558223 160.46477201588607 13
      vertex 91.727469423674 160.03444185374863 19
      vertex 91.58348296558223 160.46477201588607 19
    endloop
  endfacet
  facet normal -0.9588197348681893 -0.2840153447039356 0
    outer loop
      vertex 91.86392365503892 159.60166432279115 13
      vertex 91.99280409439629 159.16657125124198 19
      vertex 91.86392365503892 159.60166432279115 19
    endloop
  endfacet
  facet normal -0.9537169507482319 -0.30070579950425713 0
    outer loop
      vertex 91.727469423674 160.03444185374863 13
      vertex 91.86392365503892 159.60166432279115 19
      vertex 91.727469423674 160.03444185374863 19
    endloop
  endfacet
  facet normal -0.9723699203976792 -0.23344536385589432 0
    outer loop
      vertex 92.22768888317592 158.28996928559135 13
      vertex 92.33362168441612 157.8487274129405 19
      vertex 92.22768888317592 158.28996928559135 19
    endloop
  endfacet
  facet normal -0.968147640378102 -0.25038000405446365 0
    outer loop
      vertex 92.11407148351577 158.72929517266553 13
      vertex 92.22768888317592 158.28996928559135 19
      vertex 92.11407148351577 158.72929517266553 19
    endloop
  endfacet
  facet normal -0.8870108331782274 -0.46174861323502275 0
    outer loop
      vertex 89.9566374143321 164.20626063243316 13
      vertex 90.16616962889756 163.80375299322822 19
      vertex 89.9566374143321 164.20626063243316 19
    endloop
  endfacet
  facet normal 0 0 1
    outer loop
      vertex 0 0 0
      vertex 18 0 0
      vertex 18 113 0
    endloop
  endfacet
  facet normal 0 1 0
    outer loop
      vertex 0 0 0
      vertex 0 0 19
      vertex 18 0 0
    endloop
  endfacet
  facet normal -1 0 0
    outer loop
      vertex 18 0 0
      vertex 18 0 19
      vertex 18 113 0
    endloop
  endfacet
  facet normal 0 0 1
    outer loop
      vertex 0 0 0
      vertex 18 113 0
      vertex 0 113 0
    endloop
  endfacet
  facet normal 1 0 0
    outer loop
      vertex 0 0 0
      vertex 0 113 0
      vertex 0 113 19
    endloop
  endfacet
  facet normal 1 0 0
    outer loop
      vertex 0 0 0
      vertex 0 113 19
      vertex 0 0 19
    endloop
  endfacet
  facet normal 0 1 0
    outer loop
      vertex 18 0 0
      vertex 0 0 19
      vertex 18 0 19
    endloop
  endfacet
  facet normal -1 0 0
    outer loop
      vertex 18 113 0
      vertex 18 0 19
      vertex 18 113 19
    endloop
  endfacet
  facet normal 0 -1 0
    outer loop
      vertex 0 113 0
      vertex 18 113 0
      vertex 18 113 19
    endloop
  endfacet
  facet normal 0 -1 0
    outer loop
      vertex 0 113 0
      vertex 18 113 19
      vertex 0 113 19
    endloop
  endfacet
  facet normal 1 0 0
    outer loop
      vertex 34.5 0 0
      vertex 34.5 122 0
      vertex 34.5 122 19
    endloop
  endfacet
  facet normal 1 0 0
    outer loop
      vertex 34.5 0 0
      vertex 34.5 122 19
      vertex 34.5 0 19
    endloop
  endfacet
  facet normal 0 0 1
    outer loop
      vertex 34.5 0 0
      vertex 79.5 0 0
      vertex 79.5 122 0
    endloop
  endfacet
  facet normal 0 1 0
    outer loop
      vertex 34.5 0 0
      vertex 34.5 0 19
      vertex 79.5 0 0
    endloop
  endfacet
  facet normal 0 0 1
    outer loop
      vertex 34.5 0 0
      vertex 79.5 122 0
      vertex 34.5 122 0
    endloop
  endfacet
  facet normal -1 0 0
    outer loop
      vertex 79.5 0 0
      vertex 79.5 0 19
      vertex 79.5 122 0
    endloop
  endfacet
  facet normal 0 1 0
    outer loop
      vertex 79.5 0 0
      vertex 34.5 0 19
      vertex 79.5 0 19
    endloop
  endfacet
  facet normal -1 0 0
    outer loop
      vertex 79.5 122 0
      vertex 79.5 0 19
      vertex 79.5 122 19
    endloop
  endfacet
  facet normal 0 -1 0
    outer loop
      vertex 34.5 122 0
      vertex 79.5 122 0
      vertex 34.5 122 19
    endloop
  endfacet
  facet normal 0 -1 0
    outer loop
      vertex 79.5 122 0
      vertex 79.5 122 19
      vertex 34.5 122 19
    endloop
  endfacet
  facet normal 0 0 1
    outer loop
      vertex 0 121 0
      vertex 4 129 0
      vertex 0 129 0
    endloop
  endfacet
  facet normal 0 0 1
    outer loop
      vertex 0 121 0
      vertex 4 121 0
      vertex 4 129 0
    endloop
  endfacet
  facet normal 0 1 0
    outer loop
      vertex 0 121 0
      vertex 0 121 19
      vertex 4 121 0
    endloop
  endfacet
  facet normal 1 0 0
    outer loop
      vertex 0 121 0
      vertex 0 129 0
      vertex 0 129 19
    endloop
  endfacet
  facet normal 0 -1 0
    outer loop
      vertex 0 129 0
      vertex 4 129 0
      vertex 4 129 19
    endloop
  endfacet
  facet normal -1 0 0
    outer loop
      vertex 4 121 0
      vertex 4 121 19
      vertex 4 129 0
    endloop
  endfacet
  facet normal 0 1 0
    outer loop
      vertex 4 121 0
      vertex 0 121 19
      vertex 4 121 19
    endloop
  endfacet
  facet normal 1 0 0
    outer loop
      vertex 0 121 0
      vertex 0 129 19
      vertex 0 121 19
    endloop
  endfacet
  facet normal 0 -1 0
    outer loop
      vertex 0 129 0
      vertex 4 129 19
      vertex 0 129 19
    endloop
  endfacet
  facet normal -1 0 0
    outer loop
      vertex 4 129 0
      vertex 4 121 19
      vertex 4 129 19
    endloop
  endfacet
  facet normal -0.8354878093095642 -0.5495089812688283 0
    outer loop
      vertex -2.5335180312395096 -1.6066382229328156 -1.6
      vertex -2.4787163212895393 -1.6899601742625237 -1.6
      vertex -2.5335180312395096 -1.6066382229328156 19
    endloop
  endfacet
  facet normal -0.816761484706616 -0.5769754562369566 0
    outer loop
      vertex -2.4211754202842712 -1.771414577960968 -1.6
      vertex -2.4787163212895393 -1.6899601742625237 19
      vertex -2.4787163212895393 -1.6899601742625237 -1.6
    endloop
  endfacet
  facet normal -0.755254562858516 -0.6554315717764836 0
    outer loop
      vertex -2.2981333285570145 -1.9283628314733505 -1.6
      vertex -2.2327681183815002 -2.003683239221573 -1.6
      vertex -2.2981333285570145 -1.9283628314733505 19
    endloop
  endfacet
  facet normal -0.7971324733482261 -0.6038044550462834 0
    outer loop
      vertex -2.4211754202842712 -1.771414577960968 -1.6
      vertex -2.360958904027939 -1.850911408662796 -1.6
      vertex -2.4211754202842712 -1.771414577960968 19
    endloop
  endfacet
  facet normal -0.7766226762663659 -0.6299660456793424 0
    outer loop
      vertex -2.2981333285570145 -1.9283628314733505 -1.6
      vertex -2.360958904027939 -1.850911408662796 19
      vertex -2.360958904027939 -1.850911408662796 -1.6
    endloop
  endfacet
  facet normal -0.9505415557264314 -0.3105974095789849 0
    outer loop
      vertex -2.8667184188961983 -0.8842655196785927 -1.6
      vertex -2.8357430025935173 -0.9790616109967232 -1.6
      vertex -2.8667184188961983 -0.8842655196785927 19
    endloop
  endfacet
  facet normal -0.939692620872917 -0.34202014308661416 0
    outer loop
      vertex -2.8357430025935173 -0.9790616109967232 -1.6
      vertex -2.801633842289448 -1.0727757588028908 -1.6
      vertex -2.8357430025935173 -0.9790616109967232 19
    endloop
  endfacet
  facet normal -0.8701509809678789 -0.49278521723022295 0
    outer loop
      vertex -2.634664721786976 -1.4347619339823723 -1.6
      vertex -2.5855199843645096 -1.5215407982468605 -1.6
      vertex -2.634664721786976 -1.4347619339823723 19
    endloop
  endfacet
  facet normal -0.9009688579459791 -0.43388375979231825 0
    outer loop
      vertex -2.7241685017943382 -1.2565452605485916 -1.6
      vertex -2.6808979213237762 -1.346397541463375 -1.6
      vertex -2.7241685017943382 -1.2565452605485916 19
    endloop
  endfacet
  facet normal -0.8860495099658809 -0.46359062316792204 0
    outer loop
      vertex -2.634664721786976 -1.4347619339823723 -1.6
      vertex -2.6808979213237762 -1.346397541463375 19
      vertex -2.6808979213237762 -1.346397541463375 -1.6
    endloop
  endfacet
  facet normal -0.9278052447467534 -0.3730649110013122 0
    outer loop
      vertex -2.801633842289448 -1.0727757588028908 -1.6
      vertex -2.76442863792181 -1.165304385125637 -1.6
      vertex -2.801633842289448 -1.0727757588028908 19
    endloop
  endfacet
  facet normal -0.914892586842049 -0.4036973551331044 0
    outer loop
      vertex -2.7241685017943382 -1.2565452605485916 -1.6
      vertex -2.76442863792181 -1.165304385125637 19
      vertex -2.76442863792181 -1.165304385125637 -1.6
    endloop
  endfacet
  facet normal -0.9690772843129167 -0.24675740521553163 0
    outer loop
      vertex -2.919134609401226 -0.6918476149439812 -1.6
      vertex -2.8945258632302284 -0.788492240011692 -1.6
      vertex -2.919134609401226 -0.6918476149439812 19
    endloop
  endfacet
  facet normal -0.983330548936529 -0.18182692740126405 0
    outer loop
      vertex -2.958650790154934 -0.4963723421096802 -1.6
      vertex -2.9405174627900124 -0.5944384261965752 -1.6
      vertex -2.958650790154934 -0.4963723421096802 19
    endloop
  endfacet
  facet normal -0.9767436112590625 -0.21441062908495281 0
    outer loop
      vertex -2.919134609401226 -0.6918476149439812 -1.6
      vertex -2.9405174627900124 -0.5944384261965752 19
      vertex -2.9405174627900124 -0.5944384261965752 -1.6
    endloop
  endfacet
  facet normal -0.9603400550975804 -0.27883145191168135 0
    outer loop
      vertex -2.8667184188961983 -0.8842655196785927 -1.6
      vertex -2.8945258632302284 -0.788492240011692 19
      vertex -2.8945258632302284 -0.788492240011692 -1.6
    endloop
  endfacet
  facet normal -0.9932383526757529 -0.11609295746924854 0
    outer loop
      vertex -2.973514549434185 -0.39775771647691727 -1.6
      vertex -2.9850923269987106 -0.29870353639125824 19
      vertex -2.9850923269987106 -0.29870353639125824 -1.6
    endloop
  endfacet
  facet normal -0.9888308320737885 -0.1490422273728462 0
    outer loop
      vertex -2.958650790154934 -0.4963723421096802 -1.6
      vertex -2.973514549434185 -0.39775771647691727 19
      vertex -2.973514549434185 -0.39775771647691727 -1.6
    endloop
  endfacet
  facet normal -0.9987569203985129 -0.04984590209915564 0
    outer loop
      vertex -2.9933713153004646 -0.1993192657828331 -1.6
      vertex -2.9983423724770546 -0.0997147336602211 19
      vertex -2.9983423724770546 -0.0997147336602211 -1.6
    endloop
  endfacet
  facet normal -0.9965482757254485 -0.08301526455198123 0
    outer loop
      vertex -2.9933713153004646 -0.1993192657828331 -1.6
      vertex -2.9850923269987106 -0.29870353639125824 -1.6
      vertex -2.9933713153004646 -0.1993192657828331 19
    endloop
  endfacet
  facet normal -0.8532908843487373 -0.5214351989340092 0
    outer loop
      vertex -2.5335180312395096 -1.6066382229328156 -1.6
      vertex -2.5855199843645096 -1.5215407982468605 19
      vertex -2.5855199843645096 -1.5215407982468605 -1.6
    endloop
  endfacet
  facet normal -0.6363988587923425 -0.7713601574671872 0
    outer loop
      vertex -1.9473960027098656 -2.282027341425419 -1.6
      vertex -1.870469406247139 -2.3454944491386414 -1.6
      vertex -1.9473960027098656 -2.282027341425419 19
    endloop
  endfacet
  facet normal -0.6104085191329791 -0.7920867627791057 0
    outer loop
      vertex -1.870469406247139 -2.3454944491386414 -1.6
      vertex -1.791475772857666 -2.4063695818185806 -1.6
      vertex -1.870469406247139 -2.3454944491386414 19
    endloop
  endfacet
  facet normal -0.7330518770210237 -0.680172732176139 0
    outer loop
      vertex -2.2327681183815002 -2.003683239221573 -1.6
      vertex -2.1649355068802834 -2.0767894089221954 -1.6
      vertex -2.2327681183815002 -2.003683239221573 19
    endloop
  endfacet
  facet normal -0.7100390785023063 -0.7041622732009971 0
    outer loop
      vertex -2.1649355068802834 -2.0767894089221954 -1.6
      vertex -2.0947104543447495 -2.147600546479225 -1.6
      vertex -2.1649355068802834 -2.0767894089221954 19
    endloop
  endfacet
  facet normal -0.6862416220591393 -0.7273736564886313 0
    outer loop
      vertex -2.0947104543447495 -2.147600546479225 -1.6
      vertex -2.022170566022396 -2.2160383984446526 -1.6
      vertex -2.0947104543447495 -2.147600546479225 19
    endloop
  endfacet
  facet normal -0.6616858337948716 -0.7497812063230084 0
    outer loop
      vertex -1.9473960027098656 -2.282027341425419 -1.6
      vertex -2.022170566022396 -2.2160383984446526 19
      vertex -2.022170566022396 -2.2160383984446526 -1.6
    endloop
  endfacet
  facet normal -0.5837436357827269 -0.8119380319231037 0
    outer loop
      vertex -1.791475772857666 -2.4063695818185806 -1.6
      vertex -1.7105024084448814 -2.4645854607224464 -1.6
      vertex -1.791475772857666 -2.4063695818185806 19
    endloop
  endfacet
  facet normal -0.5564337940034301 -0.8308919501902448 0
    outer loop
      vertex -1.7105024084448814 -2.4645854607224464 -1.6
      vertex -1.6276387944817543 -2.520077772438526 -1.6
      vertex -1.7105024084448814 -2.4645854607224464 19
    endloop
  endfacet
  facet normal -0.5285088253186966 -0.8489278070367654 0
    outer loop
      vertex -1.6276387944817543 -2.520077772438526 -1.6
      vertex -1.5429764911532402 -2.5727851688861847 -1.6
      vertex -1.6276387944817543 -2.520077772438526 19
    endloop
  endfacet
  facet normal -0.5000000091271554 -0.866025398514873 0
    outer loop
      vertex -1.5429764911532402 -2.5727851688861847 -1.6
      vertex -1.456609070301056 -2.622649423778057 -1.6
      vertex -1.5429764911532402 -2.5727851688861847 19
    endloop
  endfacet
  facet normal -0.999861854979679 -0.016621400560574765 0
    outer loop
      vertex -3 0 -1.6
      vertex -2.9983423724770546 -0.0997147336602211 -1.6
      vertex -3 0 19
    endloop
  endfacet
  facet normal -0.4413567135009811 -0.8973317399087213 0
    outer loop
      vertex -1.368631973862648 -2.669615425169468 -1.6
      vertex -1.2791424170136452 -2.713631272315979 -1.6
      vertex -1.368631973862648 -2.669615425169468 19
    endloop
  endfacet
  facet normal -0.47093858686214 -0.882165997646866 0
    outer loop
      vertex -1.456609070301056 -2.622649423778057 -1.6
      vertex -1.368631973862648 -2.669615425169468 -1.6
      vertex -1.456609070301056 -2.622649423778057 19
    endloop
  endfacet
  facet normal -0.41128709563901766 -0.9115058556920089 0
    outer loop
      vertex -1.2791424170136452 -2.713631272315979 -1.6
      vertex -1.188239298760891 -2.754648320376873 -1.6
      vertex -1.2791424170136452 -2.713631272315979 19
    endloop
  endfacet
  facet normal -0.38076301670810103 -0.9246726583539422 0
    outer loop
      vertex -1.188239298760891 -2.754648320376873 -1.6
      vertex -1.0960230752825737 -2.792621247470379 -1.6
      vertex -1.188239298760891 -2.754648320376873 19
    endloop
  endfacet
  facet normal -0.31848664069189586 -0.94792734937905 0
    outer loop
      vertex -1.0025956481695175 -2.827508084475994 -1.6
      vertex -0.9080602675676346 -2.8592702820897102 -1.6
      vertex -1.0025956481695175 -2.827508084475994 19
    endloop
  endfacet
  facet normal -0.3498180942448752 -0.9368176455099912 0
    outer loop
      vertex -1.0960230752825737 -2.792621247470379 -1.6
      vertex -1.0025956481695175 -2.827508084475994 -1.6
      vertex -1.0960230752825737 -2.792621247470379 19
    endloop
  endfacet
  facet normal -0.28680324057998735 -0.9579895099596956 0
    outer loop
      vertex -0.9080602675676346 -2.8592702820897102 -1.6
      vertex -0.812521405518055 -2.887872740626335 -1.6
      vertex -0.9080602675676346 -2.8592702820897102 19
    endloop
  endfacet
  facet normal -0.25480291326937865 -0.9669930068978976 0
    outer loop
      vertex -0.812521405518055 -2.887872740626335 -1.6
      vertex -0.7160846367478371 -2.9132838547229767 -1.6
      vertex -0.812521405518055 -2.887872740626335 19
    endloop
  endfacet
  facet normal -0.22252085694561827 -0.9749279297590092 0
    outer loop
      vertex -0.7160846367478371 -2.9132838547229767 -1.6
      vertex -0.6188565269112587 -2.935475528240204 -1.6
      vertex -0.7160846367478371 -2.9132838547229767 19
    endloop
  endfacet
  facet normal -0.18999310439361003 -0.9817854247659611 0
    outer loop
      vertex -0.6188565269112587 -2.935475528240204 -1.6
      vertex -0.5209445357322693 -2.9544232562184334 -1.6
      vertex -0.6188565269112587 -2.935475528240204 19
    endloop
  endfacet
  facet normal -0.1572553145026102 -0.9875579811133547 0
    outer loop
      vertex -0.5209445357322693 -2.9544232562184334 -1.6
      vertex -0.42245684564113617 -2.9701060950756073 -1.6
      vertex -0.5209445357322693 -2.9544232562184334 19
    endloop
  endfacet
  facet normal -0.12434371431254106 -0.9922392053889836 0
    outer loop
      vertex -0.42245684564113617 -2.9701060950756073 -1.6
      vertex -0.323502317070961 -2.9825067073106766 -1.6
      vertex -0.42245684564113617 -2.9701060950756073 19
    endloop
  endfacet
  facet normal -0.09129469453400232 -0.9958239195510133 0
    outer loop
      vertex -0.323502317070961 -2.9825067073106766 -1.6
      vertex -0.22419027984142303 -2.9916113913059235 -1.6
      vertex -0.323502317070961 -2.9825067073106766 19
    endloop
  endfacet
  facet normal -0.05814483281415197 -0.998308158043905 0
    outer loop
      vertex -0.22419027984142303 -2.9916113913059235 -1.6
      vertex -0.12463049590587616 -2.997410088777542 -1.6
      vertex -0.22419027984142303 -2.9916113913059235 19
    endloop
  endfacet
  facet normal -0.02493072004473697 -0.9996891812948917 0
    outer loop
      vertex -0.12463049590587616 -2.997410088777542 -1.6
      vertex -0.024932987987995148 -2.999896392226219 -1.6
      vertex -0.12463049590587616 -2.997410088777542 19
    endloop
  endfacet
  facet normal -0.004155413675455017 -0.999991366231322 0
    outer loop
      vertex -0.024932987987995148 -2.999896392226219 -1.6
      vertex 0 -3 -1.6
      vertex -0.024932987987995148 -2.999896392226219 19
    endloop
  endfacet
  facet normal 0 0 -1
    outer loop
      vertex -2.4211754202842712 -1.771414577960968 -1.6
      vertex -2.4787163212895393 -1.6899601742625237 -1.6
      vertex 95.62264942377806 -1.456609070301056 -1.6
    endloop
  endfacet
  facet normal 0 0 -1
    outer loop
      vertex -2.634664721786976 -1.4347619339823723 -1.6
      vertex -2.6808979213237762 -1.346397541463375 -1.6
      vertex 95.79262124747038 -1.0960230752825737 -1.6
    endloop
  endfacet
  facet normal 0 0 -1
    outer loop
      vertex -2.5335180312395096 -1.6066382229328156 -1.6
      vertex 95.66961542516947 -1.368631973862648 -1.6
      vertex -2.4787163212895393 -1.6899601742625237 -1.6
    endloop
  endfacet
  facet normal 0 0 -1
    outer loop
      vertex -2.5335180312395096 -1.6066382229328156 -1.6
      vertex -2.5855199843645096 -1.5215407982468605 -1.6
      vertex 95.71363127231598 -1.2791424170136452 -1.6
    endloop
  endfacet
  facet normal 0 0 -1
    outer loop
      vertex -2.634664721786976 -1.4347619339823723 -1.6
      vertex 95.75464832037687 -1.188239298760891 -1.6
      vertex -2.5855199843645096 -1.5215407982468605 -1.6
    endloop
  endfacet
  facet normal 0 0 -1
    outer loop
      vertex -2.7241685017943382 -1.2565452605485916 -1.6
      vertex 95.827508084476 -1.0025956481695175 -1.6
      vertex -2.6808979213237762 -1.346397541463375 -1.6
    endloop
  endfacet
  facet normal 0 0 -1
    outer loop
      vertex -2.7241685017943382 -1.2565452605485916 -1.6
      vertex -2.76442863792181 -1.165304385125637 -1.6
      vertex 95.85927028208971 -0.9080602675676346 -1.6
    endloop
  endfacet
  facet normal 0 0 -1
    outer loop
      vertex -2.801633842289448 -1.0727757588028908 -1.6
      vertex 95.88787274062634 -0.812521405518055 -1.6
      vertex -2.76442863792181 -1.165304385125637 -1.6
    endloop
  endfacet
  facet normal 0 0 -1
    outer loop
      vertex -2.8357430025935173 -0.9790616109967232 -1.6
      vertex 95.91328385472298 -0.7160846367478371 -1.6
      vertex -2.801633842289448 -1.0727757588028908 -1.6
    endloop
  endfacet
  facet normal 0 0 -1
    outer loop
      vertex -2.8667184188961983 -0.8842655196785927 -1.6
      vertex -2.8945258632302284 -0.788492240011692 -1.6
      vertex 95.95442325621843 -0.5209445357322693 -1.6
    endloop
  endfacet
  facet normal 0 0 -1
    outer loop
      vertex -2.919134609401226 -0.6918476149439812 -1.6
      vertex 95.97010609507561 -0.42245684564113617 -1.6
      vertex -2.8945258632302284 -0.788492240011692 -1.6
    endloop
  endfacet
  facet normal 0 0 -1
    outer loop
      vertex -2.919134609401226 -0.6918476149439812 -1.6
      vertex -2.9405174627900124 -0.5944384261965752 -1.6
      vertex 95.98250670731068 -0.323502317070961 -1.6
    endloop
  endfacet
  facet normal 0 0 -1
    outer loop
      vertex -2.958650790154934 -0.4963723421096802 -1.6
      vertex 95.99161139130592 -0.22419027984142303 -1.6
      vertex -2.9405174627900124 -0.5944384261965752 -1.6
    endloop
  endfacet
  facet normal 0 0 -1
    outer loop
      vertex -2.958650790154934 -0.4963723421096802 -1.6
      vertex -2.973514549434185 -0.39775771647691727 -1.6
      vertex 95.99741008877754 -0.12463049590587616 -1.6
    endloop
  endfacet
  facet normal 0 0 -1
    outer loop
      vertex -2.973514549434185 -0.39775771647691727 -1.6
      vertex -2.9850923269987106 -0.29870353639125824 -1.6
      vertex 95.99989639222622 -0.024932987987995148 -1.6
    endloop
  endfacet
  facet normal 0 0 -1
    outer loop
      vertex -2.9933713153004646 -0.1993192657828331 -1.6
      vertex 96 0 -1.6
      vertex -2.9850923269987106 -0.29870353639125824 -1.6
    endloop
  endfacet
  facet normal 0 0 -1
    outer loop
      vertex -2.8667184188961983 -0.8842655196785927 -1.6
      vertex 95.9354755282402 -0.6188565269112587 -1.6
      vertex -2.8357430025935173 -0.9790616109967232 -1.6
    endloop
  endfacet
  facet normal 0 0 -1
    outer loop
      vertex -1.7105024084448814 -2.4645854607224464 -1.6
      vertex 94.92836283147335 -2.2981333285570145 -1.6
      vertex -1.6276387944817543 -2.520077772438526 -1.6
    endloop
  endfacet
  facet normal 0 0 -1
    outer loop
      vertex -1.791475772857666 -2.4063695818185806 -1.6
      vertex 95.00368323922157 -2.2327681183815002 -1.6
      vertex -1.7105024084448814 -2.4645854607224464 -1.6
    endloop
  endfacet
  facet normal 0 0 -1
    outer loop
      vertex -1.870469406247139 -2.3454944491386414 -1.6
      vertex 95.0767894089222 -2.1649355068802834 -1.6
      vertex -1.791475772857666 -2.4063695818185806 -1.6
    endloop
  endfacet
  facet normal 0 0 -1
    outer loop
      vertex -1.456609070301056 -2.622649423778057 -1.6
      vertex 94.68996017426252 -2.4787163212895393 -1.6
      vertex -1.368631973862648 -2.669615425169468 -1.6
    endloop
  endfacet
  facet normal 0 0 -1
    outer loop
      vertex -1.5429764911532402 -2.5727851688861847 -1.6
      vertex 94.77141457796097 -2.4211754202842712 -1.6
      vertex -1.456609070301056 -2.622649423778057 -1.6
    endloop
  endfacet
  facet normal 0 0 -1
    outer loop
      vertex -1.6276387944817543 -2.520077772438526 -1.6
      vertex 94.8509114086628 -2.360958904027939 -1.6
      vertex -1.5429764911532402 -2.5727851688861847 -1.6
    endloop
  endfacet
  facet normal 0 0 -1
    outer loop
      vertex -2.2327681183815002 -2.003683239221573 -1.6
      vertex 95.40636958181858 -1.791475772857666 -1.6
      vertex -2.1649355068802834 -2.0767894089221954 -1.6
    endloop
  endfacet
  facet normal 0 0 -1
    outer loop
      vertex -1.9473960027098656 -2.282027341425419 -1.6
      vertex 95.14760054647923 -2.0947104543447495 -1.6
      vertex -1.870469406247139 -2.3454944491386414 -1.6
    endloop
  endfacet
  facet normal 0 0 -1
    outer loop
      vertex -1.9473960027098656 -2.282027341425419 -1.6
      vertex -2.022170566022396 -2.2160383984446526 -1.6
      vertex 95.21603839844465 -2.022170566022396 -1.6
    endloop
  endfacet
  facet normal 0 0 -1
    outer loop
      vertex -2.0947104543447495 -2.147600546479225 -1.6
      vertex 95.28202734142542 -1.9473960027098656 -1.6
      vertex -2.022170566022396 -2.2160383984446526 -1.6
    endloop
  endfacet
  facet normal 0 0 -1
    outer loop
      vertex -2.1649355068802834 -2.0767894089221954 -1.6
      vertex 95.34549444913864 -1.870469406247139 -1.6
      vertex -2.0947104543447495 -2.147600546479225 -1.6
    endloop
  endfacet
  facet normal 0 0 -1
    outer loop
      vertex -2.2981333285570145 -1.9283628314733505 -1.6
      vertex 95.46458546072245 -1.7105024084448814 -1.6
      vertex -2.2327681183815002 -2.003683239221573 -1.6
    endloop
  endfacet
  facet normal 0 0 -1
    outer loop
      vertex -2.2981333285570145 -1.9283628314733505 -1.6
      vertex -2.360958904027939 -1.850911408662796 -1.6
      vertex 95.52007777243853 -1.6276387944817543 -1.6
    endloop
  endfacet
  facet normal 0 0 -1
    outer loop
      vertex -2.4211754202842712 -1.771414577960968 -1.6
      vertex 95.57278516888618 -1.5429764911532402 -1.6
      vertex -2.360958904027939 -1.850911408662796 -1.6
    endloop
  endfacet
  facet normal 0 0 -1
    outer loop
      vertex -1.188239298760891 -2.754648320376873 -1.6
      vertex 94.43476193398237 -2.634664721786976 -1.6
      vertex -1.0960230752825737 -2.792621247470379 -1.6
    endloop
  endfacet
  facet normal 0 0 -1
    outer loop
      vertex -1.2791424170136452 -2.713631272315979 -1.6
      vertex 94.52154079824686 -2.5855199843645096 -1.6
      vertex -1.188239298760891 -2.754648320376873 -1.6
    endloop
  endfacet
  facet normal 0 0 -1
    outer loop
      vertex -0.9080602675676346 -2.8592702820897102 -1.6
      vertex 94.16530438512564 -2.76442863792181 -1.6
      vertex -0.812521405518055 -2.887872740626335 -1.6
    endloop
  endfacet
  facet normal 0 0 -1
    outer loop
      vertex -1.0025956481695175 -2.827508084475994 -1.6
      vertex 94.25654526054859 -2.7241685017943382 -1.6
      vertex -0.9080602675676346 -2.8592702820897102 -1.6
    endloop
  endfacet
  facet normal 0 0 -1
    outer loop
      vertex -1.0960230752825737 -2.792621247470379 -1.6
      vertex 94.34639754146338 -2.6808979213237762 -1.6
      vertex -1.0025956481695175 -2.827508084475994 -1.6
    endloop
  endfacet
  facet normal 0 0 -1
    outer loop
      vertex -1.368631973862648 -2.669615425169468 -1.6
      vertex 94.60663822293282 -2.5335180312395096 -1.6
      vertex -1.2791424170136452 -2.713631272315979 -1.6
    endloop
  endfacet
  facet normal 0 0 -1
    outer loop
      vertex -0.6188565269112587 -2.935475528240204 -1.6
      vertex 93.88426551967859 -2.8667184188961983 -1.6
      vertex -0.5209445357322693 -2.9544232562184334 -1.6
    endloop
  endfacet
  facet normal 0 0 -1
    outer loop
      vertex -0.7160846367478371 -2.9132838547229767 -1.6
      vertex 93.97906161099672 -2.8357430025935173 -1.6
      vertex -0.6188565269112587 -2.935475528240204 -1.6
    endloop
  endfacet
  facet normal 0 0 -1
    outer loop
      vertex -0.812521405518055 -2.887872740626335 -1.6
      vertex 94.07277575880289 -2.801633842289448 -1.6
      vertex -0.7160846367478371 -2.9132838547229767 -1.6
    endloop
  endfacet
  facet normal 0 0 -1
    outer loop
      vertex -0.323502317070961 -2.9825067073106766 -1.6
      vertex 93.59443842619658 -2.9405174627900124 -1.6
      vertex -0.22419027984142303 -2.9916113913059235 -1.6
    endloop
  endfacet
  facet normal 0 0 -1
    outer loop
      vertex -0.42245684564113617 -2.9701060950756073 -1.6
      vertex 93.69184761494398 -2.919134609401226 -1.6
      vertex -0.323502317070961 -2.9825067073106766 -1.6
    endloop
  endfacet
  facet normal 0 0 -1
    outer loop
      vertex -0.5209445357322693 -2.9544232562184334 -1.6
      vertex 93.78849224001169 -2.8945258632302284 -1.6
      vertex -0.42245684564113617 -2.9701060950756073 -1.6
    endloop
  endfacet
  facet normal 0 0 -1
    outer loop
      vertex -0.024932987987995148 -2.999896392226219 -1.6
      vertex 93.29870353639126 -2.9850923269987106 -1.6
      vertex 0 -3 -1.6
    endloop
  endfacet
  facet normal 0 0 -1
    outer loop
      vertex -0.12463049590587616 -2.997410088777542 -1.6
      vertex 93.39775771647692 -2.973514549434185 -1.6
      vertex -0.024932987987995148 -2.999896392226219 -1.6
    endloop
  endfacet
  facet normal 0 0 -1
    outer loop
      vertex -0.22419027984142303 -2.9916113913059235 -1.6
      vertex 93.49637234210968 -2.958650790154934 -1.6
      vertex -0.12463049590587616 -2.997410088777542 -1.6
    endloop
  endfacet
  facet normal 0 -1 0
    outer loop
      vertex 0 -3 -1.6
      vertex 93 -3 -1.6
      vertex 0 -3 19
    endloop
  endfacet
  facet normal 0 0 -1
    outer loop
      vertex -2.9933713153004646 -0.1993192657828331 -1.6
      vertex -2.9983423724770546 -0.0997147336602211 -1.6
      vertex 96 178 -1.6
    endloop
  endfacet
  facet normal 0 0 -1
    outer loop
      vertex -3 0 -1.6
      vertex 95.99834237247705 178.09971473366022 -1.6
      vertex -2.9983423724770546 -0.0997147336602211 -1.6
    endloop
  endfacet
  facet normal -0.8532908843487373 -0.5214351989340092 0
    outer loop
      vertex -2.5335180312395096 -1.6066382229328156 -1.6
      vertex -2.5335180312395096 -1.6066382229328156 19
      vertex -2.5855199843645096 -1.5215407982468605 19
    endloop
  endfacet
  facet normal -0.816761484706616 -0.5769754562369566 0
    outer loop
      vertex -2.4211754202842712 -1.771414577960968 -1.6
      vertex -2.4211754202842712 -1.771414577960968 19
      vertex -2.4787163212895393 -1.6899601742625237 19
    endloop
  endfacet
  facet normal -0.8354878093095642 -0.5495089812688283 0
    outer loop
      vertex -2.4787163212895393 -1.6899601742625237 -1.6
      vertex -2.4787163212895393 -1.6899601742625237 19
      vertex -2.5335180312395096 -1.6066382229328156 19
    endloop
  endfacet
  facet normal -0.755254562858516 -0.6554315717764836 0
    outer loop
      vertex -2.2327681183815002 -2.003683239221573 -1.6
      vertex -2.2327681183815002 -2.003683239221573 19
      vertex -2.2981333285570145 -1.9283628314733505 19
    endloop
  endfacet
  facet normal -0.7971324733482261 -0.6038044550462834 0
    outer loop
      vertex -2.360958904027939 -1.850911408662796 -1.6
      vertex -2.360958904027939 -1.850911408662796 19
      vertex -2.4211754202842712 -1.771414577960968 19
    endloop
  endfacet
  facet normal -0.7766226762663659 -0.6299660456793424 0
    outer loop
      vertex -2.2981333285570145 -1.9283628314733505 -1.6
      vertex -2.2981333285570145 -1.9283628314733505 19
      vertex -2.360958904027939 -1.850911408662796 19
    endloop
  endfacet
  facet normal -0.939692620872917 -0.34202014308661416 0
    outer loop
      vertex -2.801633842289448 -1.0727757588028908 -1.6
      vertex -2.801633842289448 -1.0727757588028908 19
      vertex -2.8357430025935173 -0.9790616109967232 19
    endloop
  endfacet
  facet normal -0.9603400550975804 -0.27883145191168135 0
    outer loop
      vertex -2.8667184188961983 -0.8842655196785927 -1.6
      vertex -2.8667184188961983 -0.8842655196785927 19
      vertex -2.8945258632302284 -0.788492240011692 19
    endloop
  endfacet
  facet normal -0.9505415557264314 -0.3105974095789849 0
    outer loop
      vertex -2.8357430025935173 -0.9790616109967232 -1.6
      vertex -2.8357430025935173 -0.9790616109967232 19
      vertex -2.8667184188961983 -0.8842655196785927 19
    endloop
  endfacet
  facet normal -0.914892586842049 -0.4036973551331044 0
    outer loop
      vertex -2.7241685017943382 -1.2565452605485916 -1.6
      vertex -2.7241685017943382 -1.2565452605485916 19
      vertex -2.76442863792181 -1.165304385125637 19
    endloop
  endfacet
  facet normal -0.8860495099658809 -0.46359062316792204 0
    outer loop
      vertex -2.634664721786976 -1.4347619339823723 -1.6
      vertex -2.634664721786976 -1.4347619339823723 19
      vertex -2.6808979213237762 -1.346397541463375 19
    endloop
  endfacet
  facet normal -0.9009688579459791 -0.43388375979231825 0
    outer loop
      vertex -2.6808979213237762 -1.346397541463375 -1.6
      vertex -2.6808979213237762 -1.346397541463375 19
      vertex -2.7241685017943382 -1.2565452605485916 19
    endloop
  endfacet
  facet normal -0.9278052447467534 -0.3730649110013122 0
    outer loop
      vertex -2.76442863792181 -1.165304385125637 -1.6
      vertex -2.76442863792181 -1.165304385125637 19
      vertex -2.801633842289448 -1.0727757588028908 19
    endloop
  endfacet
  facet normal -0.983330548936529 -0.18182692740126405 0
    outer loop
      vertex -2.9405174627900124 -0.5944384261965752 -1.6
      vertex -2.9405174627900124 -0.5944384261965752 19
      vertex -2.958650790154934 -0.4963723421096802 19
    endloop
  endfacet
  facet normal -0.9767436112590625 -0.21441062908495281 0
    outer loop
      vertex -2.919134609401226 -0.6918476149439812 -1.6
      vertex -2.919134609401226 -0.6918476149439812 19
      vertex -2.9405174627900124 -0.5944384261965752 19
    endloop
  endfacet
  facet normal -0.9690772843129167 -0.24675740521553163 0
    outer loop
      vertex -2.8945258632302284 -0.788492240011692 -1.6
      vertex -2.8945258632302284 -0.788492240011692 19
      vertex -2.919134609401226 -0.6918476149439812 19
    endloop
  endfacet
  facet normal -0.9932383526757529 -0.11609295746924854 0
    outer loop
      vertex -2.973514549434185 -0.39775771647691727 -1.6
      vertex -2.973514549434185 -0.39775771647691727 19
      vertex -2.9850923269987106 -0.29870353639125824 19
    endloop
  endfacet
  facet normal -0.9888308320737885 -0.1490422273728462 0
    outer loop
      vertex -2.958650790154934 -0.4963723421096802 -1.6
      vertex -2.958650790154934 -0.4963723421096802 19
      vertex -2.973514549434185 -0.39775771647691727 19
    endloop
  endfacet
  facet normal -0.9987569203985129 -0.04984590209915564 0
    outer loop
      vertex -2.9933713153004646 -0.1993192657828331 -1.6
      vertex -2.9933713153004646 -0.1993192657828331 19
      vertex -2.9983423724770546 -0.0997147336602211 19
    endloop
  endfacet
  facet normal -0.9965482757254485 -0.08301526455198123 0
    outer loop
      vertex -2.9850923269987106 -0.29870353639125824 -1.6
      vertex -2.9850923269987106 -0.29870353639125824 19
      vertex -2.9933713153004646 -0.1993192657828331 19
    endloop
  endfacet
  facet normal -0.8701509809678789 -0.49278521723022295 0
    outer loop
      vertex -2.5855199843645096 -1.5215407982468605 -1.6
      vertex -2.5855199843645096 -1.5215407982468605 19
      vertex -2.634664721786976 -1.4347619339823723 19
    endloop
  endfacet
  facet normal -0.6363988587923425 -0.7713601574671872 0
    outer loop
      vertex -1.870469406247139 -2.3454944491386414 -1.6
      vertex -1.870469406247139 -2.3454944491386414 19
      vertex -1.9473960027098656 -2.282027341425419 19
    endloop
  endfacet
  facet normal -0.7330518770210237 -0.680172732176139 0
    outer loop
      vertex -2.1649355068802834 -2.0767894089221954 -1.6
      vertex -2.1649355068802834 -2.0767894089221954 19
      vertex -2.2327681183815002 -2.003683239221573 19
    endloop
  endfacet
  facet normal -0.7100390785023063 -0.7041622732009971 0
    outer loop
      vertex -2.0947104543447495 -2.147600546479225 -1.6
      vertex -2.0947104543447495 -2.147600546479225 19
      vertex -2.1649355068802834 -2.0767894089221954 19
    endloop
  endfacet
  facet normal -0.6862416220591393 -0.7273736564886313 0
    outer loop
      vertex -2.022170566022396 -2.2160383984446526 -1.6
      vertex -2.022170566022396 -2.2160383984446526 19
      vertex -2.0947104543447495 -2.147600546479225 19
    endloop
  endfacet
  facet normal -0.6616858337948716 -0.7497812063230084 0
    outer loop
      vertex -1.9473960027098656 -2.282027341425419 -1.6
      vertex -1.9473960027098656 -2.282027341425419 19
      vertex -2.022170566022396 -2.2160383984446526 19
    endloop
  endfacet
  facet normal -0.6104085191329791 -0.7920867627791057 0
    outer loop
      vertex -1.791475772857666 -2.4063695818185806 -1.6
      vertex -1.791475772857666 -2.4063695818185806 19
      vertex -1.870469406247139 -2.3454944491386414 19
    endloop
  endfacet
  facet normal -0.5564337940034301 -0.8308919501902448 0
    outer loop
      vertex -1.6276387944817543 -2.520077772438526 -1.6
      vertex -1.6276387944817543 -2.520077772438526 19
      vertex -1.7105024084448814 -2.4645854607224464 19
    endloop
  endfacet
  facet normal -0.5837436357827269 -0.8119380319231037 0
    outer loop
      vertex -1.7105024084448814 -2.4645854607224464 -1.6
      vertex -1.7105024084448814 -2.4645854607224464 19
      vertex -1.791475772857666 -2.4063695818185806 19
    endloop
  endfacet
  facet normal -0.5285088253186966 -0.8489278070367654 0
    outer loop
      vertex -1.5429764911532402 -2.5727851688861847 -1.6
      vertex -1.5429764911532402 -2.5727851688861847 19
      vertex -1.6276387944817543 -2.520077772438526 19
    endloop
  endfacet
  facet normal -0.5000000091271554 -0.866025398514873 0
    outer loop
      vertex -1.456609070301056 -2.622649423778057 -1.6
      vertex -1.456609070301056 -2.622649423778057 19
      vertex -1.5429764911532402 -2.5727851688861847 19
    endloop
  endfacet
  facet normal -0.999861854979679 -0.016621400560574765 0
    outer loop
      vertex -2.9983423724770546 -0.0997147336602211 -1.6
      vertex -2.9983423724770546 -0.0997147336602211 19
      vertex -3 0 19
    endloop
  endfacet
  facet normal -0.47093858686214 -0.882165997646866 0
    outer loop
      vertex -1.368631973862648 -2.669615425169468 -1.6
      vertex -1.368631973862648 -2.669615425169468 19
      vertex -1.456609070301056 -2.622649423778057 19
    endloop
  endfacet
  facet normal -0.4413567135009811 -0.8973317399087213 0
    outer loop
      vertex -1.2791424170136452 -2.713631272315979 -1.6
      vertex -1.2791424170136452 -2.713631272315979 19
      vertex -1.368631973862648 -2.669615425169468 19
    endloop
  endfacet
  facet normal -0.41128709563901766 -0.9115058556920089 0
    outer loop
      vertex -1.188239298760891 -2.754648320376873 -1.6
      vertex -1.188239298760891 -2.754648320376873 19
      vertex -1.2791424170136452 -2.713631272315979 19
    endloop
  endfacet
  facet normal -0.38076301670810103 -0.9246726583539422 0
    outer loop
      vertex -1.0960230752825737 -2.792621247470379 -1.6
      vertex -1.0960230752825737 -2.792621247470379 19
      vertex -1.188239298760891 -2.754648320376873 19
    endloop
  endfacet
  facet normal -0.3498180942448752 -0.9368176455099912 0
    outer loop
      vertex -1.0025956481695175 -2.827508084475994 -1.6
      vertex -1.0025956481695175 -2.827508084475994 19
      vertex -1.0960230752825737 -2.792621247470379 19
    endloop
  endfacet
  facet normal -0.31848664069189586 -0.94792734937905 0
    outer loop
      vertex -0.9080602675676346 -2.8592702820897102 -1.6
      vertex -0.9080602675676346 -2.8592702820897102 19
      vertex -1.0025956481695175 -2.827508084475994 19
    endloop
  endfacet
  facet normal -0.28680324057998735 -0.9579895099596956 0
    outer loop
      vertex -0.812521405518055 -2.887872740626335 -1.6
      vertex -0.812521405518055 -2.887872740626335 19
      vertex -0.9080602675676346 -2.8592702820897102 19
    endloop
  endfacet
  facet normal -0.25480291326937865 -0.9669930068978976 0
    outer loop
      vertex -0.7160846367478371 -2.9132838547229767 -1.6
      vertex -0.7160846367478371 -2.9132838547229767 19
      vertex -0.812521405518055 -2.887872740626335 19
    endloop
  endfacet
  facet normal -0.22252085694561827 -0.9749279297590092 0
    outer loop
      vertex -0.6188565269112587 -2.935475528240204 -1.6
      vertex -0.6188565269112587 -2.935475528240204 19
      vertex -0.7160846367478371 -2.9132838547229767 19
    endloop
  endfacet
  facet normal -0.18999310439361003 -0.9817854247659611 0
    outer loop
      vertex -0.5209445357322693 -2.9544232562184334 -1.6
      vertex -0.5209445357322693 -2.9544232562184334 19
      vertex -0.6188565269112587 -2.935475528240204 19
    endloop
  endfacet
  facet normal -0.1572553145026102 -0.9875579811133547 0
    outer loop
      vertex -0.42245684564113617 -2.9701060950756073 -1.6
      vertex -0.42245684564113617 -2.9701060950756073 19
      vertex -0.5209445357322693 -2.9544232562184334 19
    endloop
  endfacet
  facet normal -0.12434371431254106 -0.9922392053889836 0
    outer loop
      vertex -0.323502317070961 -2.9825067073106766 -1.6
      vertex -0.323502317070961 -2.9825067073106766 19
      vertex -0.42245684564113617 -2.9701060950756073 19
    endloop
  endfacet
  facet normal -0.09129469453400232 -0.9958239195510133 0
    outer loop
      vertex -0.22419027984142303 -2.9916113913059235 -1.6
      vertex -0.22419027984142303 -2.9916113913059235 19
      vertex -0.323502317070961 -2.9825067073106766 19
    endloop
  endfacet
  facet normal -0.05814483281415197 -0.998308158043905 0
    outer loop
      vertex -0.12463049590587616 -2.997410088777542 -1.6
      vertex -0.12463049590587616 -2.997410088777542 19
      vertex -0.22419027984142303 -2.9916113913059235 19
    endloop
  endfacet
  facet normal -0.02493072004473697 -0.9996891812948917 0
    outer loop
      vertex -0.024932987987995148 -2.999896392226219 -1.6
      vertex -0.024932987987995148 -2.999896392226219 19
      vertex -0.12463049590587616 -2.997410088777542 19
    endloop
  endfacet
  facet normal -0.004155413675455017 -0.999991366231322 0
    outer loop
      vertex 0 -3 -1.6
      vertex 0 -3 19
      vertex -0.024932987987995148 -2.999896392226219 19
    endloop
  endfacet
  facet normal 0 0 1
    outer loop
      vertex -2.9933713153004646 -0.1993192657828331 19
      vertex 18 0 19
      vertex 0 0 19
    endloop
  endfacet
  facet normal 0 0 1
    outer loop
      vertex -2.9933713153004646 -0.1993192657828331 19
      vertex 0 113 19
      vertex -2.9983423724770546 -0.0997147336602211 19
    endloop
  endfacet
  facet normal 0 0 1
    outer loop
      vertex -3 0 19
      vertex -2.9983423724770546 -0.0997147336602211 19
      vertex 0 113 19
    endloop
  endfacet
  facet normal 0 0 1
    outer loop
      vertex -2.9933713153004646 -0.1993192657828331 19
      vertex 0 0 19
      vertex 0 113 19
    endloop
  endfacet
  facet normal 0 0 1
    outer loop
      vertex -2.9933713153004646 -0.1993192657828331 19
      vertex 34.5 0 19
      vertex 18 0 19
    endloop
  endfacet
  facet normal -1 0 0
    outer loop
      vertex -3 0 -1.6
      vertex -3 0 19
      vertex -3 178 19
    endloop
  endfacet
  facet normal 0 0 1
    outer loop
      vertex -2.4211754202842712 -1.771414577960968 19
      vertex 95.62264942377806 -1.456609070301056 19
      vertex -2.4787163212895393 -1.6899601742625237 19
    endloop
  endfacet
  facet normal 0 0 1
    outer loop
      vertex -2.634664721786976 -1.4347619339823723 19
      vertex 95.79262124747038 -1.0960230752825737 19
      vertex -2.6808979213237762 -1.346397541463375 19
    endloop
  endfacet
  facet normal 0 0 1
    outer loop
      vertex -2.5335180312395096 -1.6066382229328156 19
      vertex -2.4787163212895393 -1.6899601742625237 19
      vertex 95.66961542516947 -1.368631973862648 19
    endloop
  endfacet
  facet normal 0 0 1
    outer loop
      vertex -2.5335180312395096 -1.6066382229328156 19
      vertex 95.71363127231598 -1.2791424170136452 19
      vertex -2.5855199843645096 -1.5215407982468605 19
    endloop
  endfacet
  facet normal 0 0 1
    outer loop
      vertex -2.634664721786976 -1.4347619339823723 19
      vertex -2.5855199843645096 -1.5215407982468605 19
      vertex 95.75464832037687 -1.188239298760891 19
    endloop
  endfacet
  facet normal 0 0 1
    outer loop
      vertex -2.7241685017943382 -1.2565452605485916 19
      vertex -2.6808979213237762 -1.346397541463375 19
      vertex 95.827508084476 -1.0025956481695175 19
    endloop
  endfacet
  facet normal 0 0 1
    outer loop
      vertex -2.7241685017943382 -1.2565452605485916 19
      vertex 95.85927028208971 -0.9080602675676346 19
      vertex -2.76442863792181 -1.165304385125637 19
    endloop
  endfacet
  facet normal 0 0 1
    outer loop
      vertex -2.801633842289448 -1.0727757588028908 19
      vertex -2.76442863792181 -1.165304385125637 19
      vertex 95.88787274062634 -0.812521405518055 19
    endloop
  endfacet
  facet normal 0 0 1
    outer loop
      vertex -2.8357430025935173 -0.9790616109967232 19
      vertex -2.801633842289448 -1.0727757588028908 19
      vertex 95.91328385472298 -0.7160846367478371 19
    endloop
  endfacet
  facet normal 0 0 1
    outer loop
      vertex -2.8667184188961983 -0.8842655196785927 19
      vertex 95.95442325621843 -0.5209445357322693 19
      vertex -2.8945258632302284 -0.788492240011692 19
    endloop
  endfacet
  facet normal 0 0 1
    outer loop
      vertex -2.919134609401226 -0.6918476149439812 19
      vertex -2.8945258632302284 -0.788492240011692 19
      vertex 95.97010609507561 -0.42245684564113617 19
    endloop
  endfacet
  facet normal 0 0 1
    outer loop
      vertex -2.919134609401226 -0.6918476149439812 19
      vertex 95.98250670731068 -0.323502317070961 19
      vertex -2.9405174627900124 -0.5944384261965752 19
    endloop
  endfacet
  facet normal 0 0 1
    outer loop
      vertex -2.958650790154934 -0.4963723421096802 19
      vertex -2.9405174627900124 -0.5944384261965752 19
      vertex 95.99161139130592 -0.22419027984142303 19
    endloop
  endfacet
  facet normal 0 0 1
    outer loop
      vertex -2.958650790154934 -0.4963723421096802 19
      vertex 95.99741008877754 -0.12463049590587616 19
      vertex -2.973514549434185 -0.39775771647691727 19
    endloop
  endfacet
  facet normal 0 0 1
    outer loop
      vertex -2.973514549434185 -0.39775771647691727 19
      vertex 95.99989639222622 -0.024932987987995148 19
      vertex -2.9850923269987106 -0.29870353639125824 19
    endloop
  endfacet
  facet normal 0 0 1
    outer loop
      vertex -2.9933713153004646 -0.1993192657828331 19
      vertex -2.9850923269987106 -0.29870353639125824 19
      vertex 96 0 19
    endloop
  endfacet
  facet normal 0 0 1
    outer loop
      vertex -2.8667184188961983 -0.8842655196785927 19
      vertex -2.8357430025935173 -0.9790616109967232 19
      vertex 95.9354755282402 -0.6188565269112587 19
    endloop
  endfacet
  facet normal 0 0 1
    outer loop
      vertex -1.7105024084448814 -2.4645854607224464 19
      vertex -1.6276387944817543 -2.520077772438526 19
      vertex 94.92836283147335 -2.2981333285570145 19
    endloop
  endfacet
  facet normal 0 0 1
    outer loop
      vertex -1.791475772857666 -2.4063695818185806 19
      vertex -1.7105024084448814 -2.4645854607224464 19
      vertex 95.00368323922157 -2.2327681183815002 19
    endloop
  endfacet
  facet normal 0 0 1
    outer loop
      vertex -1.870469406247139 -2.3454944491386414 19
      vertex -1.791475772857666 -2.4063695818185806 19
      vertex 95.0767894089222 -2.1649355068802834 19
    endloop
  endfacet
  facet normal 0 0 1
    outer loop
      vertex -1.456609070301056 -2.622649423778057 19
      vertex -1.368631973862648 -2.669615425169468 19
      vertex 94.68996017426252 -2.4787163212895393 19
    endloop
  endfacet
  facet normal 0 0 1
    outer loop
      vertex -1.5429764911532402 -2.5727851688861847 19
      vertex -1.456609070301056 -2.622649423778057 19
      vertex 94.77141457796097 -2.4211754202842712 19
    endloop
  endfacet
  facet normal 0 0 1
    outer loop
      vertex -1.6276387944817543 -2.520077772438526 19
      vertex -1.5429764911532402 -2.5727851688861847 19
      vertex 94.8509114086628 -2.360958904027939 19
    endloop
  endfacet
  facet normal 0 0 1
    outer loop
      vertex -2.2327681183815002 -2.003683239221573 19
      vertex -2.1649355068802834 -2.0767894089221954 19
      vertex 95.40636958181858 -1.791475772857666 19
    endloop
  endfacet
  facet normal 0 0 1
    outer loop
      vertex -1.9473960027098656 -2.282027341425419 19
      vertex -1.870469406247139 -2.3454944491386414 19
      vertex 95.14760054647923 -2.0947104543447495 19
    endloop
  endfacet
  facet normal 0 0 1
    outer loop
      vertex -1.9473960027098656 -2.282027341425419 19
      vertex 95.21603839844465 -2.022170566022396 19
      vertex -2.022170566022396 -2.2160383984446526 19
    endloop
  endfacet
  facet normal 0 0 1
    outer loop
      vertex -2.0947104543447495 -2.147600546479225 19
      vertex -2.022170566022396 -2.2160383984446526 19
      vertex 95.28202734142542 -1.9473960027098656 19
    endloop
  endfacet
  facet normal 0 0 1
    outer loop
      vertex -2.1649355068802834 -2.0767894089221954 19
      vertex -2.0947104543447495 -2.147600546479225 19
      vertex 95.34549444913864 -1.870469406247139 19
    endloop
  endfacet
  facet normal 0 0 1
    outer loop
      vertex -2.2981333285570145 -1.9283628314733505 19
      vertex -2.2327681183815002 -2.003683239221573 19
      vertex 95.46458546072245 -1.7105024084448814 19
    endloop
  endfacet
  facet normal 0 0 1
    outer loop
      vertex -2.2981333285570145 -1.9283628314733505 19
      vertex 95.52007777243853 -1.6276387944817543 19
      vertex -2.360958904027939 -1.850911408662796 19
    endloop
  endfacet
  facet normal 0 0 1
    outer loop
      vertex -2.4211754202842712 -1.771414577960968 19
      vertex -2.360958904027939 -1.850911408662796 19
      vertex 95.57278516888618 -1.5429764911532402 19
    endloop
  endfacet
  facet normal 0 0 1
    outer loop
      vertex -1.188239298760891 -2.754648320376873 19
      vertex -1.0960230752825737 -2.792621247470379 19
      vertex 94.43476193398237 -2.634664721786976 19
    endloop
  endfacet
  facet normal 0 0 1
    outer loop
      vertex -1.2791424170136452 -2.713631272315979 19
      vertex -1.188239298760891 -2.754648320376873 19
      vertex 94.52154079824686 -2.5855199843645096 19
    endloop
  endfacet
  facet normal 0 0 1
    outer loop
      vertex -0.9080602675676346 -2.8592702820897102 19
      vertex -0.812521405518055 -2.887872740626335 19
      vertex 94.16530438512564 -2.76442863792181 19
    endloop
  endfacet
  facet normal 0 0 1
    outer loop
      vertex -1.0025956481695175 -2.827508084475994 19
      vertex -0.9080602675676346 -2.8592702820897102 19
      vertex 94.25654526054859 -2.7241685017943382 19
    endloop
  endfacet
  facet normal 0 0 1
    outer loop
      vertex -1.0960230752825737 -2.792621247470379 19
      vertex -1.0025956481695175 -2.827508084475994 19
      vertex 94.34639754146338 -2.6808979213237762 19
    endloop
  endfacet
  facet normal 0 0 1
    outer loop
      vertex -1.368631973862648 -2.669615425169468 19
      vertex -1.2791424170136452 -2.713631272315979 19
      vertex 94.60663822293282 -2.5335180312395096 19
    endloop
  endfacet
  facet normal 0 0 1
    outer loop
      vertex -0.6188565269112587 -2.935475528240204 19
      vertex -0.5209445357322693 -2.9544232562184334 19
      vertex 93.88426551967859 -2.8667184188961983 19
    endloop
  endfacet
  facet normal 0 0 1
    outer loop
      vertex -0.7160846367478371 -2.9132838547229767 19
      vertex -0.6188565269112587 -2.935475528240204 19
      vertex 93.97906161099672 -2.8357430025935173 19
    endloop
  endfacet
  facet normal 0 0 1
    outer loop
      vertex -0.812521405518055 -2.887872740626335 19
      vertex -0.7160846367478371 -2.9132838547229767 19
      vertex 94.07277575880289 -2.801633842289448 19
    endloop
  endfacet
  facet normal 0 0 1
    outer loop
      vertex -0.323502317070961 -2.9825067073106766 19
      vertex -0.22419027984142303 -2.9916113913059235 19
      vertex 93.59443842619658 -2.9405174627900124 19
    endloop
  endfacet
  facet normal 0 0 1
    outer loop
      vertex -0.42245684564113617 -2.9701060950756073 19
      vertex -0.323502317070961 -2.9825067073106766 19
      vertex 93.69184761494398 -2.919134609401226 19
    endloop
  endfacet
  facet normal 0 0 1
    outer loop
      vertex -0.5209445357322693 -2.9544232562184334 19
      vertex -0.42245684564113617 -2.9701060950756073 19
      vertex 93.78849224001169 -2.8945258632302284 19
    endloop
  endfacet
  facet normal 0 0 1
    outer loop
      vertex -0.024932987987995148 -2.999896392226219 19
      vertex 0 -3 19
      vertex 93.29870353639126 -2.9850923269987106 19
    endloop
  endfacet
  facet normal 0 0 1
    outer loop
      vertex -0.12463049590587616 -2.997410088777542 19
      vertex -0.024932987987995148 -2.999896392226219 19
      vertex 93.39775771647692 -2.973514549434185 19
    endloop
  endfacet
  facet normal 0 0 1
    outer loop
      vertex -0.22419027984142303 -2.9916113913059235 19
      vertex -0.12463049590587616 -2.997410088777542 19
      vertex 93.49637234210968 -2.958650790154934 19
    endloop
  endfacet
  facet normal 0 0 1
    outer loop
      vertex 18 0 19
      vertex 34.5 0 19
      vertex 34.5 122 19
    endloop
  endfacet
  facet normal 0 0 1
    outer loop
      vertex -2.9933713153004646 -0.1993192657828331 19
      vertex 79.5 0 19
      vertex 34.5 0 19
    endloop
  endfacet
  facet normal 0 0 1
    outer loop
      vertex 18 0 19
      vertex 34.5 122 19
      vertex 18 113 19
    endloop
  endfacet
  facet normal -1 0 0
    outer loop
      vertex -3 0 -1.6
      vertex -3 178 19
      vertex -3 178 -1.6
    endloop
  endfacet
  facet normal 0 0 -1
    outer loop
      vertex -0.1993192657828331 180.99337131530046 -1.6
      vertex -0.0997147336602211 180.99834237247705 -1.6
      vertex 0 181 -1.6
    endloop
  endfacet
  facet normal -0.9996891812948917 0.02493072004473697 0
    outer loop
      vertex -2.997410088777542 178.12463049590588 -1.6
      vertex -2.999896392226219 178.024932987988 -1.6
      vertex -2.997410088777542 178.12463049590588 19
    endloop
  endfacet
  facet normal -0.999991366231322 0.004155413675455017 0
    outer loop
      vertex -2.999896392226219 178.024932987988 -1.6
      vertex -3 178 -1.6
      vertex -2.999896392226219 178.024932987988 19
    endloop
  endfacet
  facet normal -0.9958239195510133 0.09129469453400232 0
    outer loop
      vertex -2.9916113913059235 178.22419027984142 -1.6
      vertex -2.9825067073106766 178.32350231707096 19
      vertex -2.9825067073106766 178.32350231707096 -1.6
    endloop
  endfacet
  facet normal -0.998308158043905 0.05814483281415197 0
    outer loop
      vertex -2.997410088777542 178.12463049590588 -1.6
      vertex -2.9916113913059235 178.22419027984142 19
      vertex -2.9916113913059235 178.22419027984142 -1.6
    endloop
  endfacet
  facet normal -0.9922392053889836 0.12434371431254106 0
    outer loop
      vertex -2.9701060950756073 178.42245684564114 -1.6
      vertex -2.9825067073106766 178.32350231707096 -1.6
      vertex -2.9701060950756073 178.42245684564114 19
    endloop
  endfacet
  facet normal -0.9817854247659611 0.18999310439361003 0
    outer loop
      vertex -2.935475528240204 178.61885652691126 -1.6
      vertex -2.9544232562184334 178.52094453573227 -1.6
      vertex -2.935475528240204 178.61885652691126 19
    endloop
  endfacet
  facet normal -0.9875579811133547 0.1572553145026102 0
    outer loop
      vertex -2.9701060950756073 178.42245684564114 -1.6
      vertex -2.9544232562184334 178.52094453573227 19
      vertex -2.9544232562184334 178.52094453573227 -1.6
    endloop
  endfacet
  facet normal -0.9749279297590092 0.22252085694561827 0
    outer loop
      vertex -2.935475528240204 178.61885652691126 -1.6
      vertex -2.9132838547229767 178.71608463674784 19
      vertex -2.9132838547229767 178.71608463674784 -1.6
    endloop
  endfacet
  facet normal -0.9669930068978976 0.25480291326937865 0
    outer loop
      vertex -2.9132838547229767 178.71608463674784 -1.6
      vertex -2.887872740626335 178.81252140551805 19
      vertex -2.887872740626335 178.81252140551805 -1.6
    endloop
  endfacet
  facet normal -0.94792734937905 0.31848664069189586 0
    outer loop
      vertex -2.827508084475994 179.00259564816952 -1.6
      vertex -2.8592702820897102 178.90806026756763 -1.6
      vertex -2.827508084475994 179.00259564816952 19
    endloop
  endfacet
  facet normal -0.9579895099596956 0.28680324057998735 0
    outer loop
      vertex -2.887872740626335 178.81252140551805 -1.6
      vertex -2.8592702820897102 178.90806026756763 19
      vertex -2.8592702820897102 178.90806026756763 -1.6
    endloop
  endfacet
  facet normal -0.9246726583539422 0.38076301670810103 0
    outer loop
      vertex -2.754648320376873 179.1882392987609 -1.6
      vertex -2.792621247470379 179.09602307528257 -1.6
      vertex -2.754648320376873 179.1882392987609 19
    endloop
  endfacet
  facet normal -0.9368176455099912 0.3498180942448752 0
    outer loop
      vertex -2.827508084475994 179.00259564816952 -1.6
      vertex -2.792621247470379 179.09602307528257 19
      vertex -2.792621247470379 179.09602307528257 -1.6
    endloop
  endfacet
  facet normal -0.9115058556920089 0.41128709563901766 0
    outer loop
      vertex -2.754648320376873 179.1882392987609 -1.6
      vertex -2.713631272315979 179.27914241701365 19
      vertex -2.713631272315979 179.27914241701365 -1.6
    endloop
  endfacet
  facet normal -0.8973317399087213 0.4413567135009811 0
    outer loop
      vertex -2.713631272315979 179.27914241701365 -1.6
      vertex -2.669615425169468 179.36863197386265 19
      vertex -2.669615425169468 179.36863197386265 -1.6
    endloop
  endfacet
  facet normal -0.882165997646866 0.47093858686214 0
    outer loop
      vertex -2.669615425169468 179.36863197386265 -1.6
      vertex -2.622649423778057 179.45660907030106 19
      vertex -2.622649423778057 179.45660907030106 -1.6
    endloop
  endfacet
  facet normal -0.866025398514873 0.5000000091271554 0
    outer loop
      vertex -2.622649423778057 179.45660907030106 -1.6
      vertex -2.5727851688861847 179.54297649115324 19
      vertex -2.5727851688861847 179.54297649115324 -1.6
    endloop
  endfacet
  facet normal -0.8489278070367654 0.5285088253186966 0
    outer loop
      vertex -2.5727851688861847 179.54297649115324 -1.6
      vertex -2.520077772438526 179.62763879448175 19
      vertex -2.520077772438526 179.62763879448175 -1.6
    endloop
  endfacet
  facet normal -0.8308919501902448 0.5564337940034301 0
    outer loop
      vertex -2.520077772438526 179.62763879448175 -1.6
      vertex -2.4645854607224464 179.71050240844488 19
      vertex -2.4645854607224464 179.71050240844488 -1.6
    endloop
  endfacet
  facet normal -0.8119380319231037 0.5837436357827269 0
    outer loop
      vertex -2.4645854607224464 179.71050240844488 -1.6
      vertex -2.4063695818185806 179.79147577285767 19
      vertex -2.4063695818185806 179.79147577285767 -1.6
    endloop
  endfacet
  facet normal -0.7920867627791057 0.6104085191329791 0
    outer loop
      vertex -2.3454944491386414 179.87046940624714 -1.6
      vertex -2.4063695818185806 179.79147577285767 -1.6
      vertex -2.3454944491386414 179.87046940624714 19
    endloop
  endfacet
  facet normal -0.7713601574671872 0.6363988587923425 0
    outer loop
      vertex -2.3454944491386414 179.87046940624714 -1.6
      vertex -2.282027341425419 179.94739600270987 19
      vertex -2.282027341425419 179.94739600270987 -1.6
    endloop
  endfacet
  facet normal -0.7497812063230084 0.6616858337948716 0
    outer loop
      vertex -2.282027341425419 179.94739600270987 -1.6
      vertex -2.2160383984446526 180.0221705660224 19
      vertex -2.2160383984446526 180.0221705660224 -1.6
    endloop
  endfacet
  facet normal -0.7273736564886313 0.6862416220591393 0
    outer loop
      vertex -2.147600546479225 180.09471045434475 -1.6
      vertex -2.2160383984446526 180.0221705660224 -1.6
      vertex -2.147600546479225 180.09471045434475 19
    endloop
  endfacet
  facet normal -0.7041622732009971 0.7100390785023063 0
    outer loop
      vertex -2.147600546479225 180.09471045434475 -1.6
      vertex -2.0767894089221954 180.16493550688028 19
      vertex -2.0767894089221954 180.16493550688028 -1.6
    endloop
  endfacet
  facet normal -0.6554315717764836 0.755254562858516 0
    outer loop
      vertex -2.003683239221573 180.2327681183815 -1.6
      vertex -1.9283628314733505 180.29813332855701 19
      vertex -1.9283628314733505 180.29813332855701 -1.6
    endloop
  endfacet
  facet normal -0.680172732176139 0.7330518770210237 0
    outer loop
      vertex -2.0767894089221954 180.16493550688028 -1.6
      vertex -2.003683239221573 180.2327681183815 19
      vertex -2.003683239221573 180.2327681183815 -1.6
    endloop
  endfacet
  facet normal -0.6299660456793424 0.7766226762663659 0
    outer loop
      vertex -1.850911408662796 180.36095890402794 -1.6
      vertex -1.9283628314733505 180.29813332855701 -1.6
      vertex -1.850911408662796 180.36095890402794 19
    endloop
  endfacet
  facet normal -0.6038044550462834 0.7971324733482261 0
    outer loop
      vertex -1.850911408662796 180.36095890402794 -1.6
      vertex -1.771414577960968 180.42117542028427 19
      vertex -1.771414577960968 180.42117542028427 -1.6
    endloop
  endfacet
  facet normal -0.5769754562369566 0.816761484706616 0
    outer loop
      vertex -1.771414577960968 180.42117542028427 -1.6
      vertex -1.6899601742625237 180.47871632128954 19
      vertex -1.6899601742625237 180.47871632128954 -1.6
    endloop
  endfacet
  facet normal -0.5214351989340092 0.8532908843487373 0
    outer loop
      vertex -1.6066382229328156 180.5335180312395 -1.6
      vertex -1.5215407982468605 180.5855199843645 19
      vertex -1.5215407982468605 180.5855199843645 -1.6
    endloop
  endfacet
  facet normal -0.5495089812688283 0.8354878093095642 0
    outer loop
      vertex -1.6899601742625237 180.47871632128954 -1.6
      vertex -1.6066382229328156 180.5335180312395 19
      vertex -1.6066382229328156 180.5335180312395 -1.6
    endloop
  endfacet
  facet normal -0.49278521723022295 0.8701509809678789 0
    outer loop
      vertex -1.5215407982468605 180.5855199843645 -1.6
      vertex -1.4347619339823723 180.63466472178698 19
      vertex -1.4347619339823723 180.63466472178698 -1.6
    endloop
  endfacet
  facet normal -0.46359062316792204 0.8860495099658809 0
    outer loop
      vertex -1.4347619339823723 180.63466472178698 -1.6
      vertex -1.346397541463375 180.68089792132378 19
      vertex -1.346397541463375 180.68089792132378 -1.6
    endloop
  endfacet
  facet normal -0.43388375979231825 0.9009688579459791 0
    outer loop
      vertex -1.346397541463375 180.68089792132378 -1.6
      vertex -1.2565452605485916 180.72416850179434 19
      vertex -1.2565452605485916 180.72416850179434 -1.6
    endloop
  endfacet
  facet normal -0.4036973551331044 0.914892586842049 0
    outer loop
      vertex -1.165304385125637 180.7644286379218 -1.6
      vertex -1.2565452605485916 180.72416850179434 -1.6
      vertex -1.165304385125637 180.7644286379218 19
    endloop
  endfacet
  facet normal -0.3730649110013122 0.9278052447467534 0
    outer loop
      vertex -1.165304385125637 180.7644286379218 -1.6
      vertex -1.0727757588028908 180.80163384228945 19
      vertex -1.0727757588028908 180.80163384228945 -1.6
    endloop
  endfacet
  facet normal -0.34202014308661416 0.939692620872917 0
    outer loop
      vertex -1.0727757588028908 180.80163384228945 -1.6
      vertex -0.9790616109967232 180.83574300259352 19
      vertex -0.9790616109967232 180.83574300259352 -1.6
    endloop
  endfacet
  facet normal -0.3105974095789849 0.9505415557264314 0
    outer loop
      vertex -0.9790616109967232 180.83574300259352 -1.6
      vertex -0.8842655196785927 180.8667184188962 19
      vertex -0.8842655196785927 180.8667184188962 -1.6
    endloop
  endfacet
  facet normal -0.27883145191168135 0.9603400550975804 0
    outer loop
      vertex -0.8842655196785927 180.8667184188962 -1.6
      vertex -0.788492240011692 180.89452586323023 19
      vertex -0.788492240011692 180.89452586323023 -1.6
    endloop
  endfacet
  facet normal -0.24675740521553163 0.9690772843129167 0
    outer loop
      vertex -0.788492240011692 180.89452586323023 -1.6
      vertex -0.6918476149439812 180.91913460940123 19
      vertex -0.6918476149439812 180.91913460940123 -1.6
    endloop
  endfacet
  facet normal -0.21441062908495281 0.9767436112590625 0
    outer loop
      vertex -0.6918476149439812 180.91913460940123 -1.6
      vertex -0.5944384261965752 180.94051746279 19
      vertex -0.5944384261965752 180.94051746279 -1.6
    endloop
  endfacet
  facet normal -0.18182692740126405 0.983330548936529 0
    outer loop
      vertex -0.5944384261965752 180.94051746279 -1.6
      vertex -0.4963723421096802 180.95865079015493 19
      vertex -0.4963723421096802 180.95865079015493 -1.6
    endloop
  endfacet
  facet normal -0.1490422273728462 0.9888308320737885 0
    outer loop
      vertex -0.4963723421096802 180.95865079015493 -1.6
      vertex -0.39775771647691727 180.97351454943419 19
      vertex -0.39775771647691727 180.97351454943419 -1.6
    endloop
  endfacet
  facet normal -0.11609295746924854 0.9932383526757529 0
    outer loop
      vertex -0.39775771647691727 180.97351454943419 -1.6
      vertex -0.29870353639125824 180.9850923269987 19
      vertex -0.29870353639125824 180.9850923269987 -1.6
    endloop
  endfacet
  facet normal -0.08301526455198123 0.9965482757254485 0
    outer loop
      vertex -0.29870353639125824 180.9850923269987 -1.6
      vertex -0.1993192657828331 180.99337131530046 19
      vertex -0.1993192657828331 180.99337131530046 -1.6
    endloop
  endfacet
  facet normal -0.04984590209915564 0.9987569203985129 0
    outer loop
      vertex -0.1993192657828331 180.99337131530046 -1.6
      vertex -0.0997147336602211 180.99834237247705 19
      vertex -0.0997147336602211 180.99834237247705 -1.6
    endloop
  endfacet
  facet normal -0.016621400560574765 0.999861854979679 0
    outer loop
      vertex -0.0997147336602211 180.99834237247705 -1.6
      vertex 0 181 19
      vertex 0 181 -1.6
    endloop
  endfacet
  facet normal 0 0 -1
    outer loop
      vertex -3 0 -1.6
      vertex -3 178 -1.6
      vertex 95.99337131530046 178.19931926578283 -1.6
    endloop
  endfacet
  facet normal 0 0 -1
    outer loop
      vertex -2.999896392226219 178.024932987988 -1.6
      vertex 95.98509232699871 178.29870353639126 -1.6
      vertex -3 178 -1.6
    endloop
  endfacet
  facet normal 0 0 -1
    outer loop
      vertex -2.997410088777542 178.12463049590588 -1.6
      vertex 95.97351454943419 178.39775771647692 -1.6
      vertex -2.999896392226219 178.024932987988 -1.6
    endloop
  endfacet
  facet normal 0 0 -1
    outer loop
      vertex -2.997410088777542 178.12463049590588 -1.6
      vertex -2.9916113913059235 178.22419027984142 -1.6
      vertex 95.95865079015493 178.49637234210968 -1.6
    endloop
  endfacet
  facet normal 0 0 -1
    outer loop
      vertex -2.9916113913059235 178.22419027984142 -1.6
      vertex -2.9825067073106766 178.32350231707096 -1.6
      vertex 95.94051746279001 178.59443842619658 -1.6
    endloop
  endfacet
  facet normal 0 0 -1
    outer loop
      vertex -2.9701060950756073 178.42245684564114 -1.6
      vertex 95.91913460940123 178.69184761494398 -1.6
      vertex -2.9825067073106766 178.32350231707096 -1.6
    endloop
  endfacet
  facet normal 0 0 -1
    outer loop
      vertex -2.9701060950756073 178.42245684564114 -1.6
      vertex -2.9544232562184334 178.52094453573227 -1.6
      vertex 95.89452586323023 178.7884922400117 -1.6
    endloop
  endfacet
  facet normal 0 0 -1
    outer loop
      vertex -2.935475528240204 178.61885652691126 -1.6
      vertex 95.8667184188962 178.8842655196786 -1.6
      vertex -2.9544232562184334 178.52094453573227 -1.6
    endloop
  endfacet
  facet normal 0 0 -1
    outer loop
      vertex -2.935475528240204 178.61885652691126 -1.6
      vertex -2.9132838547229767 178.71608463674784 -1.6
      vertex 95.83574300259352 178.97906161099672 -1.6
    endloop
  endfacet
  facet normal 0 0 -1
    outer loop
      vertex -2.9132838547229767 178.71608463674784 -1.6
      vertex -2.887872740626335 178.81252140551805 -1.6
      vertex 95.80163384228945 179.0727757588029 -1.6
    endloop
  endfacet
  facet normal 0 0 -1
    outer loop
      vertex -2.887872740626335 178.81252140551805 -1.6
      vertex -2.8592702820897102 178.90806026756763 -1.6
      vertex 95.76442863792181 179.16530438512564 -1.6
    endloop
  endfacet
  facet normal 0 0 -1
    outer loop
      vertex -2.827508084475994 179.00259564816952 -1.6
      vertex 95.72416850179434 179.2565452605486 -1.6
      vertex -2.8592702820897102 178.90806026756763 -1.6
    endloop
  endfacet
  facet normal 0 0 -1
    outer loop
      vertex -2.827508084475994 179.00259564816952 -1.6
      vertex -2.792621247470379 179.09602307528257 -1.6
      vertex 95.68089792132378 179.34639754146338 -1.6
    endloop
  endfacet
  facet normal 0 0 -1
    outer loop
      vertex -2.754648320376873 179.1882392987609 -1.6
      vertex 95.63466472178698 179.43476193398237 -1.6
      vertex -2.792621247470379 179.09602307528257 -1.6
    endloop
  endfacet
  facet normal 0 0 -1
    outer loop
      vertex -2.754648320376873 179.1882392987609 -1.6
      vertex -2.713631272315979 179.27914241701365 -1.6
      vertex 95.58551998436451 179.52154079824686 -1.6
    endloop
  endfacet
  facet normal 0 0 -1
    outer loop
      vertex -2.713631272315979 179.27914241701365 -1.6
      vertex -2.669615425169468 179.36863197386265 -1.6
      vertex 95.53351803123951 179.60663822293282 -1.6
    endloop
  endfacet
  facet normal 0 0 -1
    outer loop
      vertex -2.669615425169468 179.36863197386265 -1.6
      vertex -2.622649423778057 179.45660907030106 -1.6
      vertex 95.47871632128954 179.68996017426252 -1.6
    endloop
  endfacet
  facet normal 0 0 -1
    outer loop
      vertex -2.622649423778057 179.45660907030106 -1.6
      vertex -2.5727851688861847 179.54297649115324 -1.6
      vertex 95.42117542028427 179.77141457796097 -1.6
    endloop
  endfacet
  facet normal 0 0 -1
    outer loop
      vertex -2.5727851688861847 179.54297649115324 -1.6
      vertex -2.520077772438526 179.62763879448175 -1.6
      vertex 95.36095890402794 179.8509114086628 -1.6
    endloop
  endfacet
  facet normal 0 0 -1
    outer loop
      vertex -2.520077772438526 179.62763879448175 -1.6
      vertex -2.4645854607224464 179.71050240844488 -1.6
      vertex 95.29813332855701 179.92836283147335 -1.6
    endloop
  endfacet
  facet normal 0 0 -1
    outer loop
      vertex -2.4645854607224464 179.71050240844488 -1.6
      vertex -2.4063695818185806 179.79147577285767 -1.6
      vertex 95.2327681183815 180.00368323922157 -1.6
    endloop
  endfacet
  facet normal 0 0 -1
    outer loop
      vertex -2.3454944491386414 179.87046940624714 -1.6
      vertex 95.16493550688028 180.0767894089222 -1.6
      vertex -2.4063695818185806 179.79147577285767 -1.6
    endloop
  endfacet
  facet normal 0 0 -1
    outer loop
      vertex -2.3454944491386414 179.87046940624714 -1.6
      vertex -2.282027341425419 179.94739600270987 -1.6
      vertex 95.09471045434475 180.14760054647923 -1.6
    endloop
  endfacet
  facet normal 0 0 -1
    outer loop
      vertex -2.282027341425419 179.94739600270987 -1.6
      vertex -2.2160383984446526 180.0221705660224 -1.6
      vertex 95.0221705660224 180.21603839844465 -1.6
    endloop
  endfacet
  facet normal 0 0 -1
    outer loop
      vertex -2.147600546479225 180.09471045434475 -1.6
      vertex 94.94739600270987 180.28202734142542 -1.6
      vertex -2.2160383984446526 180.0221705660224 -1.6
    endloop
  endfacet
  facet normal 0 0 -1
    outer loop
      vertex -2.147600546479225 180.09471045434475 -1.6
      vertex -2.0767894089221954 180.16493550688028 -1.6
      vertex 94.87046940624714 180.34549444913864 -1.6
    endloop
  endfacet
  facet normal 0 0 -1
    outer loop
      vertex -2.0767894089221954 180.16493550688028 -1.6
      vertex -2.003683239221573 180.2327681183815 -1.6
      vertex 94.79147577285767 180.40636958181858 -1.6
    endloop
  endfacet
  facet normal 0 0 -1
    outer loop
      vertex -2.003683239221573 180.2327681183815 -1.6
      vertex -1.9283628314733505 180.29813332855701 -1.6
      vertex 94.71050240844488 180.46458546072245 -1.6
    endloop
  endfacet
  facet normal 0 0 -1
    outer loop
      vertex -1.850911408662796 180.36095890402794 -1.6
      vertex 94.62763879448175 180.52007777243853 -1.6
      vertex -1.9283628314733505 180.29813332855701 -1.6
    endloop
  endfacet
  facet normal 0 0 -1
    outer loop
      vertex -1.850911408662796 180.36095890402794 -1.6
      vertex -1.771414577960968 180.42117542028427 -1.6
      vertex 94.54297649115324 180.57278516888618 -1.6
    endloop
  endfacet
  facet normal 0 0 -1
    outer loop
      vertex -1.771414577960968 180.42117542028427 -1.6
      vertex -1.6899601742625237 180.47871632128954 -1.6
      vertex 94.45660907030106 180.62264942377806 -1.6
    endloop
  endfacet
  facet normal 0 0 -1
    outer loop
      vertex -1.6899601742625237 180.47871632128954 -1.6
      vertex -1.6066382229328156 180.5335180312395 -1.6
      vertex 94.36863197386265 180.66961542516947 -1.6
    endloop
  endfacet
  facet normal 0 0 -1
    outer loop
      vertex -1.6066382229328156 180.5335180312395 -1.6
      vertex -1.5215407982468605 180.5855199843645 -1.6
      vertex 94.27914241701365 180.71363127231598 -1.6
    endloop
  endfacet
  facet normal 0 0 -1
    outer loop
      vertex -1.5215407982468605 180.5855199843645 -1.6
      vertex -1.4347619339823723 180.63466472178698 -1.6
      vertex 94.18823929876089 180.75464832037687 -1.6
    endloop
  endfacet
  facet normal 0 0 -1
    outer loop
      vertex -1.4347619339823723 180.63466472178698 -1.6
      vertex -1.346397541463375 180.68089792132378 -1.6
      vertex 94.09602307528257 180.79262124747038 -1.6
    endloop
  endfacet
  facet normal 0 0 -1
    outer loop
      vertex -1.346397541463375 180.68089792132378 -1.6
      vertex -1.2565452605485916 180.72416850179434 -1.6
      vertex 94.00259564816952 180.827508084476 -1.6
    endloop
  endfacet
  facet normal 0 0 -1
    outer loop
      vertex -1.165304385125637 180.7644286379218 -1.6
      vertex 93.90806026756763 180.8592702820897 -1.6
      vertex -1.2565452605485916 180.72416850179434 -1.6
    endloop
  endfacet
  facet normal 0 0 -1
    outer loop
      vertex -1.165304385125637 180.7644286379218 -1.6
      vertex -1.0727757588028908 180.80163384228945 -1.6
      vertex 93.81252140551805 180.88787274062634 -1.6
    endloop
  endfacet
  facet normal 0 0 -1
    outer loop
      vertex -1.0727757588028908 180.80163384228945 -1.6
      vertex -0.9790616109967232 180.83574300259352 -1.6
      vertex 93.71608463674784 180.91328385472298 -1.6
    endloop
  endfacet
  facet normal 0 0 -1
    outer loop
      vertex -0.9790616109967232 180.83574300259352 -1.6
      vertex -0.8842655196785927 180.8667184188962 -1.6
      vertex 93.61885652691126 180.9354755282402 -1.6
    endloop
  endfacet
  facet normal 0 0 -1
    outer loop
      vertex -0.8842655196785927 180.8667184188962 -1.6
      vertex -0.788492240011692 180.89452586323023 -1.6
      vertex 93.52094453573227 180.95442325621843 -1.6
    endloop
  endfacet
  facet normal 0 0 -1
    outer loop
      vertex -0.788492240011692 180.89452586323023 -1.6
      vertex -0.6918476149439812 180.91913460940123 -1.6
      vertex 93.42245684564114 180.9701060950756 -1.6
    endloop
  endfacet
  facet normal 0 0 -1
    outer loop
      vertex -0.6918476149439812 180.91913460940123 -1.6
      vertex -0.5944384261965752 180.94051746279 -1.6
      vertex 93.32350231707096 180.98250670731068 -1.6
    endloop
  endfacet
  facet normal 0 0 -1
    outer loop
      vertex -0.5944384261965752 180.94051746279 -1.6
      vertex -0.4963723421096802 180.95865079015493 -1.6
      vertex 93.22419027984142 180.99161139130592 -1.6
    endloop
  endfacet
  facet normal 0 0 -1
    outer loop
      vertex -0.4963723421096802 180.95865079015493 -1.6
      vertex -0.39775771647691727 180.97351454943419 -1.6
      vertex 93.12463049590588 180.99741008877754 -1.6
    endloop
  endfacet
  facet normal 0 0 -1
    outer loop
      vertex -0.39775771647691727 180.97351454943419 -1.6
      vertex -0.29870353639125824 180.9850923269987 -1.6
      vertex 93.024932987988 180.99989639222622 -1.6
    endloop
  endfacet
  facet normal 0 0 -1
    outer loop
      vertex -0.29870353639125824 180.9850923269987 -1.6
      vertex -0.1993192657828331 180.99337131530046 -1.6
      vertex 93 181 -1.6
    endloop
  endfacet
  facet normal 0 0 -1
    outer loop
      vertex -0.1993192657828331 180.99337131530046 -1.6
      vertex 0 181 -1.6
      vertex 93 181 -1.6
    endloop
  endfacet
  facet normal 0 0 1
    outer loop
      vertex -3 0 19
      vertex 0 113 19
      vertex -3 178 19
    endloop
  endfacet
  facet normal 0 0 1
    outer loop
      vertex 0 129 19
      vertex 4 129 19
      vertex 4.660517975767332 139.53487844918035 19
    endloop
  endfacet
  facet normal 0 0 1
    outer loop
      vertex 0 113 19
      vertex 18 113 19
      vertex 0 121 19
    endloop
  endfacet
  facet normal 0 0 1
    outer loop
      vertex 4 121 19
      vertex 0 121 19
      vertex 18 113 19
    endloop
  endfacet
  facet normal 0 0 1
    outer loop
      vertex 6.286518479181694 137.88024831592952 19
      vertex 6.042031158812529 138.10427966923575 19
      vertex 4 129 19
    endloop
  endfacet
  facet normal 0 0 1
    outer loop
      vertex 6.534878449180361 137.66051797576733 19
      vertex 6.286518479181694 137.88024831592952 19
      vertex 4 129 19
    endloop
  endfacet
  facet normal 0 0 1
    outer loop
      vertex 6.787035415955755 137.44515558073942 19
      vertex 6.534878449180361 137.66051797576733 19
      vertex 4 129 19
    endloop
  endfacet
  facet normal 0 0 1
    outer loop
      vertex 7.04291257005309 137.23422673231755 19
      vertex 6.787035415955755 137.44515558073942 19
      vertex 4 129 19
    endloop
  endfacet
  facet normal 0 0 1
    outer loop
      vertex 7.302431968812492 137.0277956814723 19
      vertex 7.04291257005309 137.23422673231755 19
      vertex 4 129 19
    endloop
  endfacet
  facet normal 0 0 1
    outer loop
      vertex 4 121 19
      vertex 14.403483983606314 133.56438120075606 19
      vertex 4 129 19
    endloop
  endfacet
  facet normal 0 0 1
    outer loop
      vertex 7.83208020644301 136.628677106876 19
      vertex 7.565514560111083 136.82592530910142 19
      vertex 4 129 19
    endloop
  endfacet
  facet normal 0 0 1
    outer loop
      vertex 8.102047709330126 136.43611115850916 19
      vertex 7.83208020644301 136.628677106876 19
      vertex 4 129 19
    endloop
  endfacet
  facet normal 0 0 1
    outer loop
      vertex 7.565514560111083 136.82592530910142 19
      vertex 7.302431968812492 137.0277956814723 19
      vertex 4 129 19
    endloop
  endfacet
  facet normal 0 0 1
    outer loop
      vertex 8.375334834055808 136.2482861214542 19
      vertex 8.102047709330126 136.43611115850916 19
      vertex 4 129 19
    endloop
  endfacet
  facet normal 0 0 1
    outer loop
      vertex 8.651858334714486 136.06525920903695 19
      vertex 8.375334834055808 136.2482861214542 19
      vertex 4 129 19
    endloop
  endfacet
  facet normal 0 0 1
    outer loop
      vertex 9.21427657670897 135.71382128665988 19
      vertex 8.931533979569107 135.8870861730279 19
      vertex 4 129 19
    endloop
  endfacet
  facet normal 0 0 1
    outer loop
      vertex 9.5 135.54551732809566 19
      vertex 9.21427657670897 135.71382128665988 19
      vertex 4 129 19
    endloop
  endfacet
  facet normal 0 0 1
    outer loop
      vertex 9.788617215319595 135.38222556435147 19
      vertex 9.5 135.54551732809566 19
      vertex 4 129 19
    endloop
  endfacet
  facet normal 0 0 1
    outer loop
      vertex 8.931533979569107 135.8870861730279 19
      vertex 8.651858334714486 136.06525920903695 19
      vertex 4 129 19
    endloop
  endfacet
  facet normal 0 0 1
    outer loop
      vertex 10.080040307068074 135.22399573568038 19
      vertex 9.788617215319595 135.38222556435147 19
      vertex 4 129 19
    endloop
  endfacet
  facet normal 0 0 1
    outer loop
      vertex 10.37418050494861 135.070876040421 19
      vertex 10.080040307068074 135.22399573568038 19
      vertex 4 129 19
    endloop
  endfacet
  facet normal 0 0 1
    outer loop
      vertex 10.670948211007529 134.92291312031583 19
      vertex 10.37418050494861 135.070876040421 19
      vertex 4 129 19
    endloop
  endfacet
  facet normal 0 0 1
    outer loop
      vertex 10.970253026926711 134.78015204630364 19
      vertex 10.670948211007529 134.92291312031583 19
      vertex 4 129 19
    endloop
  endfacet
  facet normal 0 0 1
    outer loop
      vertex 11.272003781559796 134.64263630479059 19
      vertex 10.970253026926711 134.78015204630364 19
      vertex 4 129 19
    endloop
  endfacet
  facet normal 0 0 1
    outer loop
      vertex 11.576108558703798 134.51040778440364 19
      vertex 11.272003781559796 134.64263630479059 19
      vertex 4 129 19
    endloop
  endfacet
  facet normal 0 0 1
    outer loop
      vertex 11.882474725097673 134.38350676323103 19
      vertex 11.576108558703798 134.51040778440364 19
      vertex 4 129 19
    endloop
  endfacet
  facet normal 0 0 1
    outer loop
      vertex 12.191008958639294 134.26197189655318 19
      vertex 11.882474725097673 134.38350676323103 19
      vertex 4 129 19
    endloop
  endfacet
  facet normal 0 0 1
    outer loop
      vertex 4 121 19
      vertex 15.700684624328323 133.28865269276804 19
      vertex 15.374629087845648 133.3490835144944 19
    endloop
  endfacet
  facet normal 0 0 1
    outer loop
      vertex 4 121 19
      vertex 16.027745164235615 133.23392152869238 19
      vertex 15.700684624328323 133.28865269276804 19
    endloop
  endfacet
  facet normal 0 0 1
    outer loop
      vertex 4 121 19
      vertex 16.355711081758756 133.18490669391016 19
      vertex 16.027745164235615 133.23392152869238 19
    endloop
  endfacet
  facet normal 0 0 1
    outer loop
      vertex 4 121 19
      vertex 16.684482475302197 133.1416231188149 19
      vertex 16.355711081758756 133.18490669391016 19
    endloop
  endfacet
  facet normal 0 0 1
    outer loop
      vertex 14.403483983606314 133.56438120075606 19
      vertex 14.082438143052105 133.64740930050772 19
      vertex 4 129 19
    endloop
  endfacet
  facet normal 0 0 1
    outer loop
      vertex 12.501617276812294 134.14584020506774 19
      vertex 12.191008958639294 134.26197189655318 19
      vertex 4 129 19
    endloop
  endfacet
  facet normal 0 0 1
    outer loop
      vertex 12.814205065314024 134.03514706361298 19
      vertex 12.501617276812294 134.14584020506774 19
      vertex 4 129 19
    endloop
  endfacet
  facet normal 0 0 1
    outer loop
      vertex 13.128677106876 133.92992619039208 19
      vertex 12.814205065314024 134.03514706361298 19
      vertex 4 129 19
    endloop
  endfacet
  facet normal 0 0 1
    outer loop
      vertex 13.444937610268001 133.83020963670234 19
      vertex 13.128677106876 133.92992619039208 19
      vertex 4 129 19
    endloop
  endfacet
  facet normal 0 0 1
    outer loop
      vertex 13.762890239477017 133.73602777717196 19
      vertex 13.444937610268001 133.83020963670234 19
      vertex 4 129 19
    endloop
  endfacet
  facet normal 0 0 1
    outer loop
      vertex 14.082438143052105 133.64740930050772 19
      vertex 13.762890239477017 133.73602777717196 19
      vertex 4 129 19
    endloop
  endfacet
  facet normal 0 0 1
    outer loop
      vertex 4 121 19
      vertex 14.725929967466566 133.48696876908053 19
      vertex 14.403483983606314 133.56438120075606 19
    endloop
  endfacet
  facet normal 0 0 1
    outer loop
      vertex 4 121 19
      vertex 15.049677874462573 133.41519558605768 19
      vertex 14.725929967466566 133.48696876908053 19
    endloop
  endfacet
  facet normal 0 0 1
    outer loop
      vertex 4 121 19
      vertex 15.374629087845648 133.3490835144944 19
      vertex 15.049677874462573 133.41519558605768 19
    endloop
  endfacet
  facet normal 0 0 1
    outer loop
      vertex 4 121 19
      vertex 17.013959197914584 133.1040839880028 19
      vertex 16.684482475302197 133.1416231188149 19
    endloop
  endfacet
  facet normal 0 0 1
    outer loop
      vertex 4 121 19
      vertex 17.344040887794495 133.07230073625684 19
      vertex 17.013959197914584 133.1040839880028 19
    endloop
  endfacet
  facet normal 0 0 1
    outer loop
      vertex 4 121 19
      vertex 17.67462699886162 133.04628304506335 19
      vertex 17.344040887794495 133.07230073625684 19
    endloop
  endfacet
  facet normal 0 0 1
    outer loop
      vertex 4 121 19
      vertex 18.005616831384067 133.0260388396631 19
      vertex 17.67462699886162 133.04628304506335 19
    endloop
  endfacet
  facet normal 0 0 1
    outer loop
      vertex 4 121 19
      vertex 18.336909562652483 133.01157428663717 19
      vertex 18.005616831384067 133.0260388396631 19
    endloop
  endfacet
  facet normal 0 0 1
    outer loop
      vertex 4 121 19
      vertex 18.668404277691614 133.00289379202857 19
      vertex 18.336909562652483 133.01157428663717 19
    endloop
  endfacet
  facet normal 0 0 1
    outer loop
      vertex 4 121 19
      vertex 19 133 19
      vertex 18.668404277691614 133.00289379202857 19
    endloop
  endfacet
  facet normal 0 0 1
    outer loop
      vertex 4 121 19
      vertex 19.331595722308386 133.00289379202857 19
      vertex 19 133 19
    endloop
  endfacet
  facet normal 0 0 1
    outer loop
      vertex 4 121 19
      vertex 19.663090437347517 133.01157428663717 19
      vertex 19.331595722308386 133.00289379202857 19
    endloop
  endfacet
  facet normal 0 0 1
    outer loop
      vertex 4 121 19
      vertex 19.994383168615933 133.0260388396631 19
      vertex 19.663090437347517 133.01157428663717 19
    endloop
  endfacet
  facet normal 0 0 1
    outer loop
      vertex 4 121 19
      vertex 20.32537300113838 133.04628304506335 19
      vertex 19.994383168615933 133.0260388396631 19
    endloop
  endfacet
  facet normal 0 0 1
    outer loop
      vertex 4 121 19
      vertex 20.655959112205505 133.07230073625684 19
      vertex 20.32537300113838 133.04628304506335 19
    endloop
  endfacet
  facet normal 0 0 1
    outer loop
      vertex 4 121 19
      vertex 20.986040802085416 133.1040839880028 19
      vertex 20.655959112205505 133.07230073625684 19
    endloop
  endfacet
  facet normal 0 0 1
    outer loop
      vertex 4 121 19
      vertex 21.315517524697803 133.1416231188149 19
      vertex 20.986040802085416 133.1040839880028 19
    endloop
  endfacet
  facet normal 0 0 1
    outer loop
      vertex 18 113 19
      vertex 34.5 122 19
      vertex 4 121 19
    endloop
  endfacet
  facet normal 0 0 1
    outer loop
      vertex 4 121 19
      vertex 21.644288918241244 133.18490669391016 19
      vertex 21.315517524697803 133.1416231188149 19
    endloop
  endfacet
  facet normal 0 0 1
    outer loop
      vertex 4 121 19
      vertex 34.5 122 19
      vertex 21.644288918241244 133.18490669391016 19
    endloop
  endfacet
  facet normal -0.9996891812948917 0.02493072004473697 0
    outer loop
      vertex -2.999896392226219 178.024932987988 -1.6
      vertex -2.999896392226219 178.024932987988 19
      vertex -2.997410088777542 178.12463049590588 19
    endloop
  endfacet
  facet normal -0.999991366231322 0.004155413675455017 0
    outer loop
      vertex -3 178 -1.6
      vertex -3 178 19
      vertex -2.999896392226219 178.024932987988 19
    endloop
  endfacet
  facet normal -0.9958239195510133 0.09129469453400232 0
    outer loop
      vertex -2.9916113913059235 178.22419027984142 -1.6
      vertex -2.9916113913059235 178.22419027984142 19
      vertex -2.9825067073106766 178.32350231707096 19
    endloop
  endfacet
  facet normal -0.998308158043905 0.05814483281415197 0
    outer loop
      vertex -2.997410088777542 178.12463049590588 -1.6
      vertex -2.997410088777542 178.12463049590588 19
      vertex -2.9916113913059235 178.22419027984142 19
    endloop
  endfacet
  facet normal -0.9875579811133547 0.1572553145026102 0
    outer loop
      vertex -2.9701060950756073 178.42245684564114 -1.6
      vertex -2.9701060950756073 178.42245684564114 19
      vertex -2.9544232562184334 178.52094453573227 19
    endloop
  endfacet
  facet normal -0.9922392053889836 0.12434371431254106 0
    outer loop
      vertex -2.9825067073106766 178.32350231707096 -1.6
      vertex -2.9825067073106766 178.32350231707096 19
      vertex -2.9701060950756073 178.42245684564114 19
    endloop
  endfacet
  facet normal -0.9749279297590092 0.22252085694561827 0
    outer loop
      vertex -2.935475528240204 178.61885652691126 -1.6
      vertex -2.935475528240204 178.61885652691126 19
      vertex -2.9132838547229767 178.71608463674784 19
    endloop
  endfacet
  facet normal -0.9817854247659611 0.18999310439361003 0
    outer loop
      vertex -2.9544232562184334 178.52094453573227 -1.6
      vertex -2.9544232562184334 178.52094453573227 19
      vertex -2.935475528240204 178.61885652691126 19
    endloop
  endfacet
  facet normal -0.9669930068978976 0.25480291326937865 0
    outer loop
      vertex -2.9132838547229767 178.71608463674784 -1.6
      vertex -2.9132838547229767 178.71608463674784 19
      vertex -2.887872740626335 178.81252140551805 19
    endloop
  endfacet
  facet normal -0.94792734937905 0.31848664069189586 0
    outer loop
      vertex -2.8592702820897102 178.90806026756763 -1.6
      vertex -2.8592702820897102 178.90806026756763 19
      vertex -2.827508084475994 179.00259564816952 19
    endloop
  endfacet
  facet normal -0.9579895099596956 0.28680324057998735 0
    outer loop
      vertex -2.887872740626335 178.81252140551805 -1.6
      vertex -2.887872740626335 178.81252140551805 19
      vertex -2.8592702820897102 178.90806026756763 19
    endloop
  endfacet
  facet normal -0.9368176455099912 0.3498180942448752 0
    outer loop
      vertex -2.827508084475994 179.00259564816952 -1.6
      vertex -2.827508084475994 179.00259564816952 19
      vertex -2.792621247470379 179.09602307528257 19
    endloop
  endfacet
  facet normal -0.9246726583539422 0.38076301670810103 0
    outer loop
      vertex -2.792621247470379 179.09602307528257 -1.6
      vertex -2.792621247470379 179.09602307528257 19
      vertex -2.754648320376873 179.1882392987609 19
    endloop
  endfacet
  facet normal -0.9115058556920089 0.41128709563901766 0
    outer loop
      vertex -2.754648320376873 179.1882392987609 -1.6
      vertex -2.754648320376873 179.1882392987609 19
      vertex -2.713631272315979 179.27914241701365 19
    endloop
  endfacet
  facet normal -0.8973317399087213 0.4413567135009811 0
    outer loop
      vertex -2.713631272315979 179.27914241701365 -1.6
      vertex -2.713631272315979 179.27914241701365 19
      vertex -2.669615425169468 179.36863197386265 19
    endloop
  endfacet
  facet normal -0.882165997646866 0.47093858686214 0
    outer loop
      vertex -2.669615425169468 179.36863197386265 -1.6
      vertex -2.669615425169468 179.36863197386265 19
      vertex -2.622649423778057 179.45660907030106 19
    endloop
  endfacet
  facet normal -0.866025398514873 0.5000000091271554 0
    outer loop
      vertex -2.622649423778057 179.45660907030106 -1.6
      vertex -2.622649423778057 179.45660907030106 19
      vertex -2.5727851688861847 179.54297649115324 19
    endloop
  endfacet
  facet normal -0.8489278070367654 0.5285088253186966 0
    outer loop
      vertex -2.5727851688861847 179.54297649115324 -1.6
      vertex -2.5727851688861847 179.54297649115324 19
      vertex -2.520077772438526 179.62763879448175 19
    endloop
  endfacet
  facet normal -0.8119380319231037 0.5837436357827269 0
    outer loop
      vertex -2.4645854607224464 179.71050240844488 -1.6
      vertex -2.4645854607224464 179.71050240844488 19
      vertex -2.4063695818185806 179.79147577285767 19
    endloop
  endfacet
  facet normal -0.8308919501902448 0.5564337940034301 0
    outer loop
      vertex -2.520077772438526 179.62763879448175 -1.6
      vertex -2.520077772438526 179.62763879448175 19
      vertex -2.4645854607224464 179.71050240844488 19
    endloop
  endfacet
  facet normal -0.7713601574671872 0.6363988587923425 0
    outer loop
      vertex -2.3454944491386414 179.87046940624714 -1.6
      vertex -2.3454944491386414 179.87046940624714 19
      vertex -2.282027341425419 179.94739600270987 19
    endloop
  endfacet
  facet normal -0.7920867627791057 0.6104085191329791 0
    outer loop
      vertex -2.4063695818185806 179.79147577285767 -1.6
      vertex -2.4063695818185806 179.79147577285767 19
      vertex -2.3454944491386414 179.87046940624714 19
    endloop
  endfacet
  facet normal -0.7497812063230084 0.6616858337948716 0
    outer loop
      vertex -2.282027341425419 179.94739600270987 -1.6
      vertex -2.282027341425419 179.94739600270987 19
      vertex -2.2160383984446526 180.0221705660224 19
    endloop
  endfacet
  facet normal -0.7273736564886313 0.6862416220591393 0
    outer loop
      vertex -2.2160383984446526 180.0221705660224 -1.6
      vertex -2.2160383984446526 180.0221705660224 19
      vertex -2.147600546479225 180.09471045434475 19
    endloop
  endfacet
  facet normal -0.680172732176139 0.7330518770210237 0
    outer loop
      vertex -2.0767894089221954 180.16493550688028 -1.6
      vertex -2.0767894089221954 180.16493550688028 19
      vertex -2.003683239221573 180.2327681183815 19
    endloop
  endfacet
  facet normal -0.7041622732009971 0.7100390785023063 0
    outer loop
      vertex -2.147600546479225 180.09471045434475 -1.6
      vertex -2.147600546479225 180.09471045434475 19
      vertex -2.0767894089221954 180.16493550688028 19
    endloop
  endfacet
  facet normal -0.6554315717764836 0.755254562858516 0
    outer loop
      vertex -2.003683239221573 180.2327681183815 -1.6
      vertex -2.003683239221573 180.2327681183815 19
      vertex -1.9283628314733505 180.29813332855701 19
    endloop
  endfacet
  facet normal -0.6299660456793424 0.7766226762663659 0
    outer loop
      vertex -1.9283628314733505 180.29813332855701 -1.6
      vertex -1.9283628314733505 180.29813332855701 19
      vertex -1.850911408662796 180.36095890402794 19
    endloop
  endfacet
  facet normal -0.5769754562369566 0.816761484706616 0
    outer loop
      vertex -1.771414577960968 180.42117542028427 -1.6
      vertex -1.771414577960968 180.42117542028427 19
      vertex -1.6899601742625237 180.47871632128954 19
    endloop
  endfacet
  facet normal -0.6038044550462834 0.7971324733482261 0
    outer loop
      vertex -1.850911408662796 180.36095890402794 -1.6
      vertex -1.850911408662796 180.36095890402794 19
      vertex -1.771414577960968 180.42117542028427 19
    endloop
  endfacet
  facet normal -0.5495089812688283 0.8354878093095642 0
    outer loop
      vertex -1.6899601742625237 180.47871632128954 -1.6
      vertex -1.6899601742625237 180.47871632128954 19
      vertex -1.6066382229328156 180.5335180312395 19
    endloop
  endfacet
  facet normal -0.5214351989340092 0.8532908843487373 0
    outer loop
      vertex -1.6066382229328156 180.5335180312395 -1.6
      vertex -1.6066382229328156 180.5335180312395 19
      vertex -1.5215407982468605 180.5855199843645 19
    endloop
  endfacet
  facet normal -0.49278521723022295 0.8701509809678789 0
    outer loop
      vertex -1.5215407982468605 180.5855199843645 -1.6
      vertex -1.5215407982468605 180.5855199843645 19
      vertex -1.4347619339823723 180.63466472178698 19
    endloop
  endfacet
  facet normal -0.46359062316792204 0.8860495099658809 0
    outer loop
      vertex -1.4347619339823723 180.63466472178698 -1.6
      vertex -1.4347619339823723 180.63466472178698 19
      vertex -1.346397541463375 180.68089792132378 19
    endloop
  endfacet
  facet normal -0.43388375979231825 0.9009688579459791 0
    outer loop
      vertex -1.346397541463375 180.68089792132378 -1.6
      vertex -1.346397541463375 180.68089792132378 19
      vertex -1.2565452605485916 180.72416850179434 19
    endloop
  endfacet
  facet normal -0.4036973551331044 0.914892586842049 0
    outer loop
      vertex -1.2565452605485916 180.72416850179434 -1.6
      vertex -1.2565452605485916 180.72416850179434 19
      vertex -1.165304385125637 180.7644286379218 19
    endloop
  endfacet
  facet normal -0.3730649110013122 0.9278052447467534 0
    outer loop
      vertex -1.165304385125637 180.7644286379218 -1.6
      vertex -1.165304385125637 180.7644286379218 19
      vertex -1.0727757588028908 180.80163384228945 19
    endloop
  endfacet
  facet normal -0.34202014308661416 0.939692620872917 0
    outer loop
      vertex -1.0727757588028908 180.80163384228945 -1.6
      vertex -1.0727757588028908 180.80163384228945 19
      vertex -0.9790616109967232 180.83574300259352 19
    endloop
  endfacet
  facet normal -0.3105974095789849 0.9505415557264314 0
    outer loop
      vertex -0.9790616109967232 180.83574300259352 -1.6
      vertex -0.9790616109967232 180.83574300259352 19
      vertex -0.8842655196785927 180.8667184188962 19
    endloop
  endfacet
  facet normal -0.27883145191168135 0.9603400550975804 0
    outer loop
      vertex -0.8842655196785927 180.8667184188962 -1.6
      vertex -0.8842655196785927 180.8667184188962 19
      vertex -0.788492240011692 180.89452586323023 19
    endloop
  endfacet
  facet normal -0.24675740521553163 0.9690772843129167 0
    outer loop
      vertex -0.788492240011692 180.89452586323023 -1.6
      vertex -0.788492240011692 180.89452586323023 19
      vertex -0.6918476149439812 180.91913460940123 19
    endloop
  endfacet
  facet normal -0.21441062908495281 0.9767436112590625 0
    outer loop
      vertex -0.6918476149439812 180.91913460940123 -1.6
      vertex -0.6918476149439812 180.91913460940123 19
      vertex -0.5944384261965752 180.94051746279 19
    endloop
  endfacet
  facet normal -0.18182692740126405 0.983330548936529 0
    outer loop
      vertex -0.5944384261965752 180.94051746279 -1.6
      vertex -0.5944384261965752 180.94051746279 19
      vertex -0.4963723421096802 180.95865079015493 19
    endloop
  endfacet
  facet normal -0.1490422273728462 0.9888308320737885 0
    outer loop
      vertex -0.4963723421096802 180.95865079015493 -1.6
      vertex -0.4963723421096802 180.95865079015493 19
      vertex -0.39775771647691727 180.97351454943419 19
    endloop
  endfacet
  facet normal -0.11609295746924854 0.9932383526757529 0
    outer loop
      vertex -0.39775771647691727 180.97351454943419 -1.6
      vertex -0.39775771647691727 180.97351454943419 19
      vertex -0.29870353639125824 180.9850923269987 19
    endloop
  endfacet
  facet normal -0.08301526455198123 0.9965482757254485 0
    outer loop
      vertex -0.29870353639125824 180.9850923269987 -1.6
      vertex -0.29870353639125824 180.9850923269987 19
      vertex -0.1993192657828331 180.99337131530046 19
    endloop
  endfacet
  facet normal -0.04984590209915564 0.9987569203985129 0
    outer loop
      vertex -0.1993192657828331 180.99337131530046 -1.6
      vertex -0.1993192657828331 180.99337131530046 19
      vertex -0.0997147336602211 180.99834237247705 19
    endloop
  endfacet
  facet normal -0.016621400560574765 0.999861854979679 0
    outer loop
      vertex -0.0997147336602211 180.99834237247705 -1.6
      vertex -0.0997147336602211 180.99834237247705 19
      vertex 0 181 19
    endloop
  endfacet
  facet normal 0 0 1
    outer loop
      vertex -3 178 19
      vertex 0 113 19
      vertex 0 121 19
    endloop
  endfacet
  facet normal 0 0 1
    outer loop
      vertex -3 178 19
      vertex 0 121 19
      vertex 0 129 19
    endloop
  endfacet
  facet normal 0 0 1
    outer loop
      vertex 0 129 19
      vertex 0.14162311881488066 149.6844824753022 19
      vertex 0.10408398800280594 150.01395919791457 19
    endloop
  endfacet
  facet normal 0 0 1
    outer loop
      vertex 0 129 19
      vertex 0.10408398800280594 150.01395919791457 19
      vertex 0.07230073625683531 150.3440408877945 19
    endloop
  endfacet
  facet normal 0 0 1
    outer loop
      vertex 0 129 19
      vertex 0.07230073625683531 150.3440408877945 19
      vertex 0.04628304506334047 150.6746269988616 19
    endloop
  endfacet
  facet normal 0 0 1
    outer loop
      vertex 0 129 19
      vertex 1.2619718965531668 145.1910089586393 19
      vertex 1.1458402050677385 145.50161727681228 19
    endloop
  endfacet
  facet normal 0 0 1
    outer loop
      vertex 0 129 19
      vertex 1.0351470636129783 145.814205065314 19
      vertex 0.9299261903920844 146.128677106876 19
    endloop
  endfacet
  facet normal 0 0 1
    outer loop
      vertex 0 129 19
      vertex 0.8302096367023282 146.444937610268 19
      vertex 0.736027777171941 146.762890239477 19
    endloop
  endfacet
  facet normal 0 0 1
    outer loop
      vertex 0 129 19
      vertex 0.9299261903920844 146.128677106876 19
      vertex 0.8302096367023282 146.444937610268 19
    endloop
  endfacet
  facet normal 0 0 1
    outer loop
      vertex 0 129 19
      vertex 1.1458402050677385 145.50161727681228 19
      vertex 1.0351470636129783 145.814205065314 19
    endloop
  endfacet
  facet normal 0 0 1
    outer loop
      vertex 0 129 19
      vertex 1.6426363047905852 144.2720037815598 19
      vertex 1.5104077844036325 144.5761085587038 19
    endloop
  endfacet
  facet normal 0 0 1
    outer loop
      vertex 0 129 19
      vertex 1.922913120315826 143.67094821100753 19
      vertex 1.7801520463036518 143.9702530269267 19
    endloop
  endfacet
  facet normal 0 0 1
    outer loop
      vertex 0 129 19
      vertex 1.7801520463036518 143.9702530269267 19
      vertex 1.6426363047905852 144.2720037815598 19
    endloop
  endfacet
  facet normal 0 0 1
    outer loop
      vertex 0 129 19
      vertex 2.2239957356803863 143.0800403070681 19
      vertex 2.070876040421009 143.3741805049486 19
    endloop
  endfacet
  facet normal 0 0 1
    outer loop
      vertex 0 129 19
      vertex 2.3822255643514794 142.7886172153196 19
      vertex 2.2239957356803863 143.0800403070681 19
    endloop
  endfacet
  facet normal 0 0 1
    outer loop
      vertex 0 129 19
      vertex 2.070876040421009 143.3741805049486 19
      vertex 1.922913120315826 143.67094821100753 19
    endloop
  endfacet
  facet normal 0 0 1
    outer loop
      vertex 0 129 19
      vertex 1.5104077844036325 144.5761085587038 19
      vertex 1.3835067632310398 144.88247472509767 19
    endloop
  endfacet
  facet normal 0 0 1
    outer loop
      vertex 0 129 19
      vertex 1.3835067632310398 144.88247472509767 19
      vertex 1.2619718965531668 145.1910089586393 19
    endloop
  endfacet
  facet normal 0 0 1
    outer loop
      vertex 0 129 19
      vertex 2.8870861730279067 141.9315339795691 19
      vertex 2.713821286659865 142.21427657670898 19
    endloop
  endfacet
  facet normal 0 0 1
    outer loop
      vertex 0 129 19
      vertex 3.0652592090369435 141.6518583347145 19
      vertex 2.8870861730279067 141.9315339795691 19
    endloop
  endfacet
  facet normal 0 0 1
    outer loop
      vertex 0 129 19
      vertex 3.6286771068759975 140.832080206443 19
      vertex 3.4361111585091564 141.10204770933012 19
    endloop
  endfacet
  facet normal 0 0 1
    outer loop
      vertex 0 129 19
      vertex 3.248286121454207 141.37533483405582 19
      vertex 3.0652592090369435 141.6518583347145 19
    endloop
  endfacet
  facet normal 0 0 1
    outer loop
      vertex 0 129 19
      vertex 3.4361111585091564 141.10204770933012 19
      vertex 3.248286121454207 141.37533483405582 19
    endloop
  endfacet
  facet normal 0 0 1
    outer loop
      vertex 0 129 19
      vertex 4.445155580739417 139.78703541595576 19
      vertex 4.234226732317552 140.0429125700531 19
    endloop
  endfacet
  facet normal 0 0 1
    outer loop
      vertex 0 129 19
      vertex 4.660517975767332 139.53487844918035 19
      vertex 4.445155580739417 139.78703541595576 19
    endloop
  endfacet
  facet normal 0 0 1
    outer loop
      vertex 0 129 19
      vertex 3.825925309101436 140.56551456011107 19
      vertex 3.6286771068759975 140.832080206443 19
    endloop
  endfacet
  facet normal 0 0 1
    outer loop
      vertex 0 129 19
      vertex 4.027795681472284 140.3024319688125 19
      vertex 3.825925309101436 140.56551456011107 19
    endloop
  endfacet
  facet normal 0 0 1
    outer loop
      vertex 0 129 19
      vertex 4.234226732317552 140.0429125700531 19
      vertex 4.027795681472284 140.3024319688125 19
    endloop
  endfacet
  facet normal 0 0 1
    outer loop
      vertex 0 129 19
      vertex 2.5455173280956664 142.5 19
      vertex 2.3822255643514794 142.7886172153196 19
    endloop
  endfacet
  facet normal 0 0 1
    outer loop
      vertex 0 129 19
      vertex 2.713821286659865 142.21427657670898 19
      vertex 2.5455173280956664 142.5 19
    endloop
  endfacet
  facet normal 0 0 1
    outer loop
      vertex 0 129 19
      vertex 0.736027777171941 146.762890239477 19
      vertex 0.6474093005077037 147.08243814305212 19
    endloop
  endfacet
  facet normal 0 0 1
    outer loop
      vertex 0 129 19
      vertex 0.5643812007560669 147.40348398360632 19
      vertex 0.48696876908053 147.72592996746656 19
    endloop
  endfacet
  facet normal 0 0 1
    outer loop
      vertex 0 129 19
      vertex 0.6474093005077037 147.08243814305212 19
      vertex 0.5643812007560669 147.40348398360632 19
    endloop
  endfacet
  facet normal 0 0 1
    outer loop
      vertex 0 129 19
      vertex 0.4151955860576919 148.04967787446256 19
      vertex 0.3490835144943851 148.37462908784565 19
    endloop
  endfacet
  facet normal 0 0 1
    outer loop
      vertex 0 129 19
      vertex 0.3490835144943851 148.37462908784565 19
      vertex 0.2886526927680464 148.70068462432832 19
    endloop
  endfacet
  facet normal 0 0 1
    outer loop
      vertex 0 129 19
      vertex 0.48696876908053 147.72592996746656 19
      vertex 0.4151955860576919 148.04967787446256 19
    endloop
  endfacet
  facet normal 0 0 1
    outer loop
      vertex 0 129 19
      vertex 0.2886526927680464 148.70068462432832 19
      vertex 0.23392152869238103 149.02774516423563 19
    endloop
  endfacet
  facet normal 0 0 1
    outer loop
      vertex 0 129 19
      vertex 0.23392152869238103 149.02774516423563 19
      vertex 0.18490669391016468 149.35571108175876 19
    endloop
  endfacet
  facet normal 0 0 1
    outer loop
      vertex 0 129 19
      vertex 0.18490669391016468 149.35571108175876 19
      vertex 0.14162311881488066 149.6844824753022 19
    endloop
  endfacet
  facet normal 0 0 1
    outer loop
      vertex -3 178 19
      vertex 0 129 19
      vertex 0.04628304506334047 150.6746269988616 19
    endloop
  endfacet
  facet normal 0 0 1
    outer loop
      vertex 4.660517975767332 139.53487844918035 19
      vertex 4 129 19
      vertex 4.88024831592951 139.2865184791817 19
    endloop
  endfacet
  facet normal 0 0 1
    outer loop
      vertex 4.88024831592951 139.2865184791817 19
      vertex 4 129 19
      vertex 5.104279669235762 139.04203115881253 19
    endloop
  endfacet
  facet normal 0 0 1
    outer loop
      vertex 5.104279669235762 139.04203115881253 19
      vertex 4 129 19
      vertex 5.332543793565627 138.80149096127906 19
    endloop
  endfacet
  facet normal 0 0 1
    outer loop
      vertex 5.332543793565627 138.80149096127906 19
      vertex 4 129 19
      vertex 5.564971157455597 138.5649711574556 19
    endloop
  endfacet
  facet normal 0 0 1
    outer loop
      vertex 5.801490961279052 138.33254379356563 19
      vertex 5.564971157455597 138.5649711574556 19
      vertex 4 129 19
    endloop
  endfacet
  facet normal 0 0 1
    outer loop
      vertex 6.042031158812529 138.10427966923575 19
      vertex 5.801490961279052 138.33254379356563 19
      vertex 4 129 19
    endloop
  endfacet
  facet normal 0 0 1
    outer loop
      vertex -3 178 19
      vertex 0.04628304506334047 150.6746269988616 19
      vertex 0.026038839663097946 151.00561683138406 19
    endloop
  endfacet
  facet normal 0 0 1
    outer loop
      vertex -3 178 19
      vertex 0.026038839663097946 151.00561683138406 19
      vertex 0.011574286637181075 151.3369095626525 19
    endloop
  endfacet
  facet normal 0 0 1
    outer loop
      vertex -3 178 19
      vertex 0.011574286637181075 151.3369095626525 19
      vertex 0.002893792028565656 151.66840427769162 19
    endloop
  endfacet
  facet normal 0 0 1
    outer loop
      vertex -3 178 19
      vertex 0.002893792028565656 151.66840427769162 19
      vertex 0 152 19
    endloop
  endfacet
  facet normal 0 0 1
    outer loop
      vertex -3 178 19
      vertex 0 152 19
      vertex 0.002893792028565656 152.33159572230838 19
    endloop
  endfacet
  facet normal 0 0 1
    outer loop
      vertex -3 178 19
      vertex 0.002893792028565656 152.33159572230838 19
      vertex 0.011574286637181075 152.6630904373475 19
    endloop
  endfacet
  facet normal 0 0 1
    outer loop
      vertex -3 178 19
      vertex 0.011574286637181075 152.6630904373475 19
      vertex 0.026038839663097946 152.99438316861594 19
    endloop
  endfacet
  facet normal 0 0 1
    outer loop
      vertex -3 178 19
      vertex 0.026038839663097946 152.99438316861594 19
      vertex 0.04628304506334047 153.3253730011384 19
    endloop
  endfacet
  facet normal 0 0 1
    outer loop
      vertex -3 178 19
      vertex 0.04628304506334047 153.3253730011384 19
      vertex 0.07230073625683531 153.6559591122055 19
    endloop
  endfacet
  facet normal 0 0 1
    outer loop
      vertex -3 178 19
      vertex 0.07230073625683531 153.6559591122055 19
      vertex 0.10408398800280594 153.98604080208543 19
    endloop
  endfacet
  facet normal 0 0 1
    outer loop
      vertex -3 178 19
      vertex 0.10408398800280594 153.98604080208543 19
      vertex 0.14162311881488066 154.3155175246978 19
    endloop
  endfacet
  facet normal 0 0 1
    outer loop
      vertex -3 178 19
      vertex 0.14162311881488066 154.3155175246978 19
      vertex 0.18490669391016468 154.64428891824124 19
    endloop
  endfacet
  facet normal 0 0 1
    outer loop
      vertex -3 178 19
      vertex 0.18490669391016468 154.64428891824124 19
      vertex 0.23392152869238103 154.97225483576437 19
    endloop
  endfacet
  facet normal 0 0 1
    outer loop
      vertex -3 178 19
      vertex 0.23392152869238103 154.97225483576437 19
      vertex 0.2886526927680464 155.29931537567168 19
    endloop
  endfacet
  facet normal 0 0 1
    outer loop
      vertex -3 178 19
      vertex 0.2886526927680464 155.29931537567168 19
      vertex 0.3490835144943851 155.62537091215435 19
    endloop
  endfacet
  facet normal 0 0 1
    outer loop
      vertex -3 178 19
      vertex 0.3490835144943851 155.62537091215435 19
      vertex 0.4151955860576919 155.95032212553744 19
    endloop
  endfacet
  facet normal 0 0 1
    outer loop
      vertex -3 178 19
      vertex 0.4151955860576919 155.95032212553744 19
      vertex 0.48696876908053 156.27407003253344 19
    endloop
  endfacet
  facet normal 0 0 1
    outer loop
      vertex -3 178 19
      vertex 0.48696876908053 156.27407003253344 19
      vertex 0.5643812007560669 156.59651601639368 19
    endloop
  endfacet
  facet normal 0 0 1
    outer loop
      vertex -3 178 19
      vertex 0.5643812007560669 156.59651601639368 19
      vertex 0.6474093005077037 156.91756185694788 19
    endloop
  endfacet
  facet normal 0 0 1
    outer loop
      vertex -3 178 19
      vertex 0.6474093005077037 156.91756185694788 19
      vertex 0.736027777171941 157.237109760523 19
    endloop
  endfacet
  facet normal 0 0 1
    outer loop
      vertex -3 178 19
      vertex 0.736027777171941 157.237109760523 19
      vertex 0.8302096367023282 157.555062389732 19
    endloop
  endfacet
  facet normal 0 0 1
    outer loop
      vertex -3 178 19
      vertex 0.8302096367023282 157.555062389732 19
      vertex 0.9299261903920844 157.871322893124 19
    endloop
  endfacet
  facet normal 0 0 1
    outer loop
      vertex -3 178 19
      vertex 0.9299261903920844 157.871322893124 19
      vertex 1.0351470636129783 158.185794934686 19
    endloop
  endfacet
  facet normal 0 0 1
    outer loop
      vertex -3 178 19
      vertex 1.0351470636129783 158.185794934686 19
      vertex 1.1458402050677385 158.49838272318772 19
    endloop
  endfacet
  facet normal 0 0 1
    outer loop
      vertex -3 178 19
      vertex 1.1458402050677385 158.49838272318772 19
      vertex 1.2619718965531668 158.8089910413607 19
    endloop
  endfacet
  facet normal 0 0 1
    outer loop
      vertex -3 178 19
      vertex 1.2619718965531668 158.8089910413607 19
      vertex 1.3835067632310398 159.11752527490233 19
    endloop
  endfacet
  facet normal 0 0 1
    outer loop
      vertex -3 178 19
      vertex 1.3835067632310398 159.11752527490233 19
      vertex 1.5104077844036325 159.4238914412962 19
    endloop
  endfacet
  facet normal 0 0 1
    outer loop
      vertex -3 178 19
      vertex 1.5104077844036325 159.4238914412962 19
      vertex 1.6426363047905852 159.7279962184402 19
    endloop
  endfacet
  facet normal 0 0 1
    outer loop
      vertex -3 178 19
      vertex 1.6426363047905852 159.7279962184402 19
      vertex 1.7801520463036518 160.0297469730733 19
    endloop
  endfacet
  facet normal 0 0 1
    outer loop
      vertex -3 178 19
      vertex 1.7801520463036518 160.0297469730733 19
      vertex 1.922913120315826 160.32905178899247 19
    endloop
  endfacet
  facet normal 0 0 1
    outer loop
      vertex -3 178 19
      vertex 1.922913120315826 160.32905178899247 19
      vertex 2.070876040421009 160.6258194950514 19
    endloop
  endfacet
  facet normal 0 0 1
    outer loop
      vertex -3 178 19
      vertex 2.070876040421009 160.6258194950514 19
      vertex 2.2239957356803863 160.9199596929319 19
    endloop
  endfacet
  facet normal 0 0 1
    outer loop
      vertex -3 178 19
      vertex 2.2239957356803863 160.9199596929319 19
      vertex 2.3822255643514794 161.2113827846804 19
    endloop
  endfacet
  facet normal 0 0 1
    outer loop
      vertex -3 178 19
      vertex 2.3822255643514794 161.2113827846804 19
      vertex 2.5455173280956664 161.5 19
    endloop
  endfacet
  facet normal 0 0 1
    outer loop
      vertex -3 178 19
      vertex 2.5455173280956664 161.5 19
      vertex 2.713821286659865 161.78572342329102 19
    endloop
  endfacet
  facet normal 0 0 1
    outer loop
      vertex -3 178 19
      vertex 2.713821286659865 161.78572342329102 19
      vertex 2.8870861730279067 162.0684660204309 19
    endloop
  endfacet
  facet normal 0 0 1
    outer loop
      vertex -3 178 19
      vertex 2.8870861730279067 162.0684660204309 19
      vertex 3.0652592090369435 162.3481416652855 19
    endloop
  endfacet
  facet normal 0 0 1
    outer loop
      vertex -3 178 19
      vertex 3.0652592090369435 162.3481416652855 19
      vertex 3.248286121454207 162.62466516594418 19
    endloop
  endfacet
  facet normal 0 0 1
    outer loop
      vertex -3 178 19
      vertex 3.248286121454207 162.62466516594418 19
      vertex 3.4361111585091564 162.89795229066988 19
    endloop
  endfacet
  facet normal 0 0 1
    outer loop
      vertex -3 178 19
      vertex 3.4361111585091564 162.89795229066988 19
      vertex 3.6286771068759975 163.167919793557 19
    endloop
  endfacet
  facet normal 0 0 1
    outer loop
      vertex -3 178 19
      vertex 3.6286771068759975 163.167919793557 19
      vertex 3.825925309101436 163.43448543988893 19
    endloop
  endfacet
  facet normal 0 0 1
    outer loop
      vertex -3 178 19
      vertex 3.825925309101436 163.43448543988893 19
      vertex 4.027795681472284 163.6975680311875 19
    endloop
  endfacet
  facet normal 0 0 1
    outer loop
      vertex -3 178 19
      vertex 4.027795681472284 163.6975680311875 19
      vertex 4.234226732317552 163.9570874299469 19
    endloop
  endfacet
  facet normal 0 0 1
    outer loop
      vertex -3 178 19
      vertex 4.234226732317552 163.9570874299469 19
      vertex 4.445155580739417 164.21296458404424 19
    endloop
  endfacet
  facet normal 0 0 1
    outer loop
      vertex -3 178 19
      vertex 4.445155580739417 164.21296458404424 19
      vertex 4.660517975767332 164.46512155081965 19
    endloop
  endfacet
  facet normal 0 0 1
    outer loop
      vertex -3 178 19
      vertex 4.660517975767332 164.46512155081965 19
      vertex 4.88024831592951 164.7134815208183 19
    endloop
  endfacet
  facet normal 0 0 1
    outer loop
      vertex -3 178 19
      vertex 4.88024831592951 164.7134815208183 19
      vertex 5.104279669235762 164.95796884118747 19
    endloop
  endfacet
  facet normal 0 0 1
    outer loop
      vertex -3 178 19
      vertex 5.104279669235762 164.95796884118747 19
      vertex 5.332543793565627 165.19850903872094 19
    endloop
  endfacet
  facet normal 0 0 1
    outer loop
      vertex -0.1993192657828331 180.99337131530046 19
      vertex 0 181 19
      vertex -0.0997147336602211 180.99834237247705 19
    endloop
  endfacet
  facet normal 0 0 1
    outer loop
      vertex -3 178 19
      vertex 5.332543793565627 165.19850903872094 19
      vertex 5.564971157455597 165.4350288425444 19
    endloop
  endfacet
  facet normal 0 0 1
    outer loop
      vertex -3 178 19
      vertex 5.564971157455597 165.4350288425444 19
      vertex 5.801490961279052 165.66745620643437 19
    endloop
  endfacet
  facet normal 0 0 1
    outer loop
      vertex -3 178 19
      vertex 5.801490961279052 165.66745620643437 19
      vertex 6.042031158812529 165.89572033076425 19
    endloop
  endfacet
  facet normal 0 0 1
    outer loop
      vertex -3 178 19
      vertex 6.042031158812529 165.89572033076425 19
      vertex 6.286518479181694 166.11975168407048 19
    endloop
  endfacet
  facet normal 0 0 1
    outer loop
      vertex -3 178 19
      vertex 6.286518479181694 166.11975168407048 19
      vertex 6.534878449180361 166.33948202423267 19
    endloop
  endfacet
  facet normal 0 0 1
    outer loop
      vertex -3 178 19
      vertex 6.534878449180361 166.33948202423267 19
      vertex 6.787035415955755 166.55484441926058 19
    endloop
  endfacet
  facet normal 0 0 1
    outer loop
      vertex -3 178 19
      vertex 6.787035415955755 166.55484441926058 19
      vertex 7.04291257005309 166.76577326768245 19
    endloop
  endfacet
  facet normal 0 0 1
    outer loop
      vertex -3 178 19
      vertex 7.04291257005309 166.76577326768245 19
      vertex 7.302431968812492 166.9722043185277 19
    endloop
  endfacet
  facet normal 0 0 1
    outer loop
      vertex -3 178 19
      vertex 7.302431968812492 166.9722043185277 19
      vertex 7.565514560111083 167.17407469089858 19
    endloop
  endfacet
  facet normal 0 0 1
    outer loop
      vertex -3 178 19
      vertex 7.565514560111083 167.17407469089858 19
      vertex 7.83208020644301 167.371322893124 19
    endloop
  endfacet
  facet normal 0 0 1
    outer loop
      vertex -3 178 19
      vertex 7.83208020644301 167.371322893124 19
      vertex 8.102047709330126 167.56388884149084 19
    endloop
  endfacet
  facet normal 0 0 1
    outer loop
      vertex -3 178 19
      vertex 8.102047709330126 167.56388884149084 19
      vertex 8.375334834055808 167.7517138785458 19
    endloop
  endfacet
  facet normal 0 0 1
    outer loop
      vertex -3 178 19
      vertex 8.375334834055808 167.7517138785458 19
      vertex 8.651858334714486 167.93474079096305 19
    endloop
  endfacet
  facet normal 0 0 1
    outer loop
      vertex -3 178 19
      vertex 8.651858334714486 167.93474079096305 19
      vertex 8.931533979569107 168.1129138269721 19
    endloop
  endfacet
  facet normal 0 0 1
    outer loop
      vertex -3 178 19
      vertex 8.931533979569107 168.1129138269721 19
      vertex 9.21427657670897 168.28617871334012 19
    endloop
  endfacet
  facet normal 0 0 1
    outer loop
      vertex -3 178 19
      vertex 9.21427657670897 168.28617871334012 19
      vertex 9.5 168.45448267190434 19
    endloop
  endfacet
  facet normal 0 0 1
    outer loop
      vertex -3 178 19
      vertex 9.5 168.45448267190434 19
      vertex 9.788617215319595 168.61777443564853 19
    endloop
  endfacet
  facet normal 0 0 1
    outer loop
      vertex -3 178 19
      vertex 9.788617215319595 168.61777443564853 19
      vertex 10.080040307068074 168.77600426431962 19
    endloop
  endfacet
  facet normal 0 0 1
    outer loop
      vertex -3 178 19
      vertex 10.080040307068074 168.77600426431962 19
      vertex 10.37418050494861 168.929123959579 19
    endloop
  endfacet
  facet normal 0 0 1
    outer loop
      vertex -3 178 19
      vertex 10.37418050494861 168.929123959579 19
      vertex 10.670948211007529 169.07708687968417 19
    endloop
  endfacet
  facet normal 0 0 1
    outer loop
      vertex -3 178 19
      vertex 10.670948211007529 169.07708687968417 19
      vertex 10.970253026926711 169.21984795369636 19
    endloop
  endfacet
  facet normal 0 0 1
    outer loop
      vertex -3 178 19
      vertex 10.970253026926711 169.21984795369636 19
      vertex 11.272003781559796 169.35736369520941 19
    endloop
  endfacet
  facet normal 0 0 1
    outer loop
      vertex -3 178 19
      vertex 11.272003781559796 169.35736369520941 19
      vertex 11.576108558703798 169.48959221559636 19
    endloop
  endfacet
  facet normal 0 0 1
    outer loop
      vertex -3 178 19
      vertex 11.576108558703798 169.48959221559636 19
      vertex 11.882474725097673 169.61649323676897 19
    endloop
  endfacet
  facet normal 0 0 1
    outer loop
      vertex -3 178 19
      vertex 11.882474725097673 169.61649323676897 19
      vertex 12.191008958639294 169.73802810344682 19
    endloop
  endfacet
  facet normal 0 0 1
    outer loop
      vertex -3 178 19
      vertex 12.191008958639294 169.73802810344682 19
      vertex 12.501617276812294 169.85415979493226 19
    endloop
  endfacet
  facet normal 0 0 1
    outer loop
      vertex -3 178 19
      vertex 12.501617276812294 169.85415979493226 19
      vertex 12.814205065314024 169.96485293638702 19
    endloop
  endfacet
  facet normal 0 0 1
    outer loop
      vertex -3 178 19
      vertex 12.814205065314024 169.96485293638702 19
      vertex 13.128677106876 170.07007380960792 19
    endloop
  endfacet
  facet normal 0 0 1
    outer loop
      vertex -3 178 19
      vertex 13.128677106876 170.07007380960792 19
      vertex 13.444937610268001 170.16979036329766 19
    endloop
  endfacet
  facet normal 0 0 1
    outer loop
      vertex -3 178 19
      vertex 13.444937610268001 170.16979036329766 19
      vertex 13.762890239477017 170.26397222282804 19
    endloop
  endfacet
  facet normal 0 0 1
    outer loop
      vertex -3 178 19
      vertex 13.762890239477017 170.26397222282804 19
      vertex 14.082438143052105 170.35259069949228 19
    endloop
  endfacet
  facet normal 0 0 1
    outer loop
      vertex -3 178 19
      vertex 14.082438143052105 170.35259069949228 19
      vertex 14.403483983606314 170.43561879924394 19
    endloop
  endfacet
  facet normal 0 0 1
    outer loop
      vertex -3 178 19
      vertex 14.403483983606314 170.43561879924394 19
      vertex 14.725929967466566 170.51303123091947 19
    endloop
  endfacet
  facet normal 0 0 1
    outer loop
      vertex -3 178 19
      vertex 14.725929967466566 170.51303123091947 19
      vertex 15.049677874462573 170.58480441394232 19
    endloop
  endfacet
  facet normal 0 0 1
    outer loop
      vertex -3 178 19
      vertex 15.049677874462573 170.58480441394232 19
      vertex 15.374629087845648 170.6509164855056 19
    endloop
  endfacet
  facet normal 0 0 1
    outer loop
      vertex -3 178 19
      vertex 15.374629087845648 170.6509164855056 19
      vertex 15.700684624328323 170.71134730723196 19
    endloop
  endfacet
  facet normal 0 0 1
    outer loop
      vertex -3 178 19
      vertex 15.700684624328323 170.71134730723196 19
      vertex 16.027745164235615 170.76607847130762 19
    endloop
  endfacet
  facet normal 0 0 1
    outer loop
      vertex -3 178 19
      vertex 16.027745164235615 170.76607847130762 19
      vertex 16.355711081758756 170.81509330608984 19
    endloop
  endfacet
  facet normal 0 0 1
    outer loop
      vertex -3 178 19
      vertex 16.355711081758756 170.81509330608984 19
      vertex 16.684482475302197 170.8583768811851 19
    endloop
  endfacet
  facet normal 0 0 1
    outer loop
      vertex -3 178 19
      vertex 16.684482475302197 170.8583768811851 19
      vertex 17.013959197914584 170.8959160119972 19
    endloop
  endfacet
  facet normal 0 0 1
    outer loop
      vertex -3 178 19
      vertex 17.013959197914584 170.8959160119972 19
      vertex 17.344040887794495 170.92769926374316 19
    endloop
  endfacet
  facet normal 0 0 1
    outer loop
      vertex -3 178 19
      vertex 17.344040887794495 170.92769926374316 19
      vertex 17.67462699886162 170.95371695493665 19
    endloop
  endfacet
  facet normal 0 0 1
    outer loop
      vertex 21.972254835764385 133.23392152869238 19
      vertex 21.644288918241244 133.18490669391016 19
      vertex 34.5 122 19
    endloop
  endfacet
  facet normal 0 0 1
    outer loop
      vertex 22.299315375671675 133.28865269276804 19
      vertex 21.972254835764385 133.23392152869238 19
      vertex 34.5 122 19
    endloop
  endfacet
  facet normal 0 0 1
    outer loop
      vertex 22.625370912154352 133.3490835144944 19
      vertex 22.299315375671675 133.28865269276804 19
      vertex 34.5 122 19
    endloop
  endfacet
  facet normal 0 0 1
    outer loop
      vertex 22.950322125537426 133.41519558605768 19
      vertex 22.625370912154352 133.3490835144944 19
      vertex 34.5 122 19
    endloop
  endfacet
  facet normal 0 0 1
    outer loop
      vertex 23.274070032533434 133.48696876908053 19
      vertex 22.950322125537426 133.41519558605768 19
      vertex 34.5 122 19
    endloop
  endfacet
  facet normal 0 0 1
    outer loop
      vertex 23.596516016393686 133.56438120075606 19
      vertex 23.274070032533434 133.48696876908053 19
      vertex 34.5 122 19
    endloop
  endfacet
  facet normal 0 0 1
    outer loop
      vertex 23.917561856947895 133.64740930050772 19
      vertex 23.596516016393686 133.56438120075606 19
      vertex 34.5 122 19
    endloop
  endfacet
  facet normal 0 0 1
    outer loop
      vertex 24.237109760522983 133.73602777717196 19
      vertex 23.917561856947895 133.64740930050772 19
      vertex 34.5 122 19
    endloop
  endfacet
  facet normal 0 0 1
    outer loop
      vertex 24.555062389732 133.83020963670234 19
      vertex 24.237109760522983 133.73602777717196 19
      vertex 34.5 122 19
    endloop
  endfacet
  facet normal 0 0 1
    outer loop
      vertex 24.871322893124002 133.92992619039208 19
      vertex 24.555062389732 133.83020963670234 19
      vertex 34.5 122 19
    endloop
  endfacet
  facet normal 0 0 1
    outer loop
      vertex 25.185794934685976 134.03514706361298 19
      vertex 24.871322893124002 133.92992619039208 19
      vertex 34.5 122 19
    endloop
  endfacet
  facet normal 0 0 1
    outer loop
      vertex 25.498382723187706 134.14584020506774 19
      vertex 25.185794934685976 134.03514706361298 19
      vertex 34.5 122 19
    endloop
  endfacet
  facet normal 0 0 1
    outer loop
      vertex 25.808991041360706 134.26197189655318 19
      vertex 25.498382723187706 134.14584020506774 19
      vertex 34.5 122 19
    endloop
  endfacet
  facet normal 0 0 1
    outer loop
      vertex 26.117525274902327 134.38350676323103 19
      vertex 25.808991041360706 134.26197189655318 19
      vertex 34.5 122 19
    endloop
  endfacet
  facet normal 0 0 1
    outer loop
      vertex 26.423891441296202 134.51040778440364 19
      vertex 26.117525274902327 134.38350676323103 19
      vertex 34.5 122 19
    endloop
  endfacet
  facet normal 0 0 1
    outer loop
      vertex 26.727996218440204 134.64263630479059 19
      vertex 26.423891441296202 134.51040778440364 19
      vertex 34.5 122 19
    endloop
  endfacet
  facet normal 0 0 1
    outer loop
      vertex 27.029746973073287 134.78015204630364 19
      vertex 26.727996218440204 134.64263630479059 19
      vertex 34.5 122 19
    endloop
  endfacet
  facet normal 0 0 1
    outer loop
      vertex 27.329051788992473 134.92291312031583 19
      vertex 27.029746973073287 134.78015204630364 19
      vertex 34.5 122 19
    endloop
  endfacet
  facet normal 0 0 1
    outer loop
      vertex 27.62581949505139 135.070876040421 19
      vertex 27.329051788992473 134.92291312031583 19
      vertex 34.5 122 19
    endloop
  endfacet
  facet normal 0 0 1
    outer loop
      vertex 27.919959692931926 135.22399573568038 19
      vertex 27.62581949505139 135.070876040421 19
      vertex 34.5 122 19
    endloop
  endfacet
  facet normal 0 0 1
    outer loop
      vertex 28.211382784680403 135.38222556435147 19
      vertex 27.919959692931926 135.22399573568038 19
      vertex 34.5 122 19
    endloop
  endfacet
  facet normal 0 0 1
    outer loop
      vertex 28.5 135.54551732809566 19
      vertex 28.211382784680403 135.38222556435147 19
      vertex 34.5 122 19
    endloop
  endfacet
  facet normal 0 0 1
    outer loop
      vertex 28.78572342329103 135.71382128665988 19
      vertex 28.5 135.54551732809566 19
      vertex 34.5 122 19
    endloop
  endfacet
  facet normal 0 0 1
    outer loop
      vertex 29.068466020430893 135.8870861730279 19
      vertex 28.78572342329103 135.71382128665988 19
      vertex 34.5 122 19
    endloop
  endfacet
  facet normal 0 0 1
    outer loop
      vertex 29.348141665285514 136.06525920903695 19
      vertex 29.068466020430893 135.8870861730279 19
      vertex 34.5 122 19
    endloop
  endfacet
  facet normal 0 0 1
    outer loop
      vertex 29.624665165944194 136.2482861214542 19
      vertex 29.348141665285514 136.06525920903695 19
      vertex 34.5 122 19
    endloop
  endfacet
  facet normal 0 0 1
    outer loop
      vertex 29.897952290669874 136.43611115850916 19
      vertex 29.624665165944194 136.2482861214542 19
      vertex 34.5 122 19
    endloop
  endfacet
  facet normal 0 0 1
    outer loop
      vertex 30.16791979355699 136.628677106876 19
      vertex 29.897952290669874 136.43611115850916 19
      vertex 34.5 122 19
    endloop
  endfacet
  facet normal 0 0 1
    outer loop
      vertex 30.434485439888917 136.82592530910142 19
      vertex 30.16791979355699 136.628677106876 19
      vertex 34.5 122 19
    endloop
  endfacet
  facet normal 0 0 1
    outer loop
      vertex 30.697568031187508 137.0277956814723 19
      vertex 30.434485439888917 136.82592530910142 19
      vertex 34.5 122 19
    endloop
  endfacet
  facet normal 0 0 1
    outer loop
      vertex 30.95708742994691 137.23422673231755 19
      vertex 30.697568031187508 137.0277956814723 19
      vertex 34.5 122 19
    endloop
  endfacet
  facet normal 0 0 1
    outer loop
      vertex 30.95708742994691 137.23422673231755 19
      vertex 34.5 122 19
      vertex 46.79420500211876 135.63766983270423 19
    endloop
  endfacet
  facet normal 0 0 1
    outer loop
      vertex 34.5 122 19
      vertex 47.67823453758775 134.60260423466968 19
      vertex 47.37755091420793 134.9424652462468 19
    endloop
  endfacet
  facet normal 0 0 1
    outer loop
      vertex 34.5 122 19
      vertex 47.98480375790157 134.26804263837505 19
      vertex 47.67823453758775 134.60260423466968 19
    endloop
  endfacet
  facet normal 0 0 1
    outer loop
      vertex 34.5 122 19
      vertex 47.08284447890657 135.28752214814998 19
      vertex 46.79420500211876 135.63766983270423 19
    endloop
  endfacet
  facet normal 0 0 1
    outer loop
      vertex 34.5 122 19
      vertex 47.37755091420793 134.9424652462468 19
      vertex 47.08284447890657 135.28752214814998 19
    endloop
  endfacet
  facet normal 0 0 1
    outer loop
      vertex 34.5 122 19
      vertex 49.602604234669684 132.67823453758774 19
      vertex 49.268042638375036 132.98480375790157 19
    endloop
  endfacet
  facet normal 0 0 1
    outer loop
      vertex 34.5 122 19
      vertex 49.94246524624681 132.37755091420792 19
      vertex 49.602604234669684 132.67823453758774 19
    endloop
  endfacet
  facet normal 0 0 1
    outer loop
      vertex 34.5 122 19
      vertex 50.287522148149975 132.08284447890657 19
      vertex 49.94246524624681 132.37755091420792 19
    endloop
  endfacet
  facet normal 0 0 1
    outer loop
      vertex 34.5 122 19
      vertex 50.637669832704226 131.79420500211876 19
      vertex 50.287522148149975 132.08284447890657 19
    endloop
  endfacet
  facet normal 0 0 1
    outer loop
      vertex 34.5 122 19
      vertex 50.992801641532886 131.51172040622524 19
      vertex 50.637669832704226 131.79420500211876 19
    endloop
  endfacet
  facet normal 0 0 1
    outer loop
      vertex 34.5 122 19
      vertex 51.352809398046745 131.2354767387704 19
      vertex 50.992801641532886 131.51172040622524 19
    endloop
  endfacet
  facet normal 0 0 1
    outer loop
      vertex 34.5 122 19
      vertex 52.46098450976058 130.4450231135689 19
      vertex 52.0870126548728 130.70204684848622 19
    endloop
  endfacet
  facet normal 0 0 1
    outer loop
      vertex 34.5 122 19
      vertex 51.7175834403957 130.96555814625137 19
      vertex 51.352809398046745 131.2354767387704 19
    endloop
  endfacet
  facet normal 0 0 1
    outer loop
      vertex 34.5 122 19
      vertex 52.0870126548728 130.70204684848622 19
      vertex 51.7175834403957 130.96555814625137 19
    endloop
  endfacet
  facet normal 0 0 1
    outer loop
      vertex 34.5 122 19
      vertex 48.29716519119507 133.93888236806606 19
      vertex 47.98480375790157 134.26804263837505 19
    endloop
  endfacet
  facet normal 0 0 1
    outer loop
      vertex 34.5 122 19
      vertex 48.61522368914976 133.61522368914976 19
      vertex 48.29716519119507 133.93888236806606 19
    endloop
  endfacet
  facet normal 0 0 1
    outer loop
      vertex 34.5 122 19
      vertex 48.938882368066075 133.29716519119506 19
      vertex 48.61522368914976 133.61522368914976 19
    endloop
  endfacet
  facet normal 0 0 1
    outer loop
      vertex 34.5 122 19
      vertex 49.268042638375036 132.98480375790157 19
      vertex 48.938882368066075 133.29716519119506 19
    endloop
  endfacet
  facet normal 0 1 0
    outer loop
      vertex 0 181 -1.6
      vertex 0 181 19
      vertex 93 181 19
    endloop
  endfacet
  facet normal 0 0 1
    outer loop
      vertex -3 178 19
      vertex 17.67462699886162 170.95371695493665 19
      vertex 61.15127258705951 177.33362168441613 19
    endloop
  endfacet
  facet normal 0 0 1
    outer loop
      vertex -2.999896392226219 178.024932987988 19
      vertex -3 178 19
      vertex 95.98509232699871 178.29870353639126 19
    endloop
  endfacet
  facet normal 0 0 1
    outer loop
      vertex -2.997410088777542 178.12463049590588 19
      vertex -2.999896392226219 178.024932987988 19
      vertex 95.97351454943419 178.39775771647692 19
    endloop
  endfacet
  facet normal 0 0 1
    outer loop
      vertex -2.997410088777542 178.12463049590588 19
      vertex 95.95865079015493 178.49637234210968 19
      vertex -2.9916113913059235 178.22419027984142 19
    endloop
  endfacet
  facet normal 0 0 1
    outer loop
      vertex -2.9916113913059235 178.22419027984142 19
      vertex 95.94051746279001 178.59443842619658 19
      vertex -2.9825067073106766 178.32350231707096 19
    endloop
  endfacet
  facet normal 0 0 1
    outer loop
      vertex -2.9701060950756073 178.42245684564114 19
      vertex -2.9825067073106766 178.32350231707096 19
      vertex 95.91913460940123 178.69184761494398 19
    endloop
  endfacet
  facet normal 0 0 1
    outer loop
      vertex -2.9701060950756073 178.42245684564114 19
      vertex 95.89452586323023 178.7884922400117 19
      vertex -2.9544232562184334 178.52094453573227 19
    endloop
  endfacet
  facet normal 0 0 1
    outer loop
      vertex -2.935475528240204 178.61885652691126 19
      vertex -2.9544232562184334 178.52094453573227 19
      vertex 95.8667184188962 178.8842655196786 19
    endloop
  endfacet
  facet normal 0 0 1
    outer loop
      vertex -2.935475528240204 178.61885652691126 19
      vertex 95.83574300259352 178.97906161099672 19
      vertex -2.9132838547229767 178.71608463674784 19
    endloop
  endfacet
  facet normal 0 0 1
    outer loop
      vertex -2.9132838547229767 178.71608463674784 19
      vertex 95.80163384228945 179.0727757588029 19
      vertex -2.887872740626335 178.81252140551805 19
    endloop
  endfacet
  facet normal 0 0 1
    outer loop
      vertex -2.887872740626335 178.81252140551805 19
      vertex 95.76442863792181 179.16530438512564 19
      vertex -2.8592702820897102 178.90806026756763 19
    endloop
  endfacet
  facet normal 0 0 1
    outer loop
      vertex -2.827508084475994 179.00259564816952 19
      vertex -2.8592702820897102 178.90806026756763 19
      vertex 95.72416850179434 179.2565452605486 19
    endloop
  endfacet
  facet normal 0 0 1
    outer loop
      vertex -2.827508084475994 179.00259564816952 19
      vertex 95.68089792132378 179.34639754146338 19
      vertex -2.792621247470379 179.09602307528257 19
    endloop
  endfacet
  facet normal 0 0 1
    outer loop
      vertex -2.754648320376873 179.1882392987609 19
      vertex -2.792621247470379 179.09602307528257 19
      vertex 95.63466472178698 179.43476193398237 19
    endloop
  endfacet
  facet normal 0 0 1
    outer loop
      vertex -2.754648320376873 179.1882392987609 19
      vertex 95.58551998436451 179.52154079824686 19
      vertex -2.713631272315979 179.27914241701365 19
    endloop
  endfacet
  facet normal 0 0 1
    outer loop
      vertex -2.713631272315979 179.27914241701365 19
      vertex 95.53351803123951 179.60663822293282 19
      vertex -2.669615425169468 179.36863197386265 19
    endloop
  endfacet
  facet normal 0 0 1
    outer loop
      vertex -2.669615425169468 179.36863197386265 19
      vertex 95.47871632128954 179.68996017426252 19
      vertex -2.622649423778057 179.45660907030106 19
    endloop
  endfacet
  facet normal 0 0 1
    outer loop
      vertex -2.622649423778057 179.45660907030106 19
      vertex 95.42117542028427 179.77141457796097 19
      vertex -2.5727851688861847 179.54297649115324 19
    endloop
  endfacet
  facet normal 0 0 1
    outer loop
      vertex -2.5727851688861847 179.54297649115324 19
      vertex 95.36095890402794 179.8509114086628 19
      vertex -2.520077772438526 179.62763879448175 19
    endloop
  endfacet
  facet normal 0 0 1
    outer loop
      vertex -2.520077772438526 179.62763879448175 19
      vertex 95.29813332855701 179.92836283147335 19
      vertex -2.4645854607224464 179.71050240844488 19
    endloop
  endfacet
  facet normal 0 0 1
    outer loop
      vertex -2.4645854607224464 179.71050240844488 19
      vertex 95.2327681183815 180.00368323922157 19
      vertex -2.4063695818185806 179.79147577285767 19
    endloop
  endfacet
  facet normal 0 0 1
    outer loop
      vertex -2.3454944491386414 179.87046940624714 19
      vertex -2.4063695818185806 179.79147577285767 19
      vertex 95.16493550688028 180.0767894089222 19
    endloop
  endfacet
  facet normal 0 0 1
    outer loop
      vertex -2.3454944491386414 179.87046940624714 19
      vertex 95.09471045434475 180.14760054647923 19
      vertex -2.282027341425419 179.94739600270987 19
    endloop
  endfacet
  facet normal 0 0 1
    outer loop
      vertex -2.282027341425419 179.94739600270987 19
      vertex 95.0221705660224 180.21603839844465 19
      vertex -2.2160383984446526 180.0221705660224 19
    endloop
  endfacet
  facet normal 0 0 1
    outer loop
      vertex -2.147600546479225 180.09471045434475 19
      vertex -2.2160383984446526 180.0221705660224 19
      vertex 94.94739600270987 180.28202734142542 19
    endloop
  endfacet
  facet normal 0 0 1
    outer loop
      vertex -2.147600546479225 180.09471045434475 19
      vertex 94.87046940624714 180.34549444913864 19
      vertex -2.0767894089221954 180.16493550688028 19
    endloop
  endfacet
  facet normal 0 0 1
    outer loop
      vertex -2.0767894089221954 180.16493550688028 19
      vertex 94.79147577285767 180.40636958181858 19
      vertex -2.003683239221573 180.2327681183815 19
    endloop
  endfacet
  facet normal 0 0 1
    outer loop
      vertex -2.003683239221573 180.2327681183815 19
      vertex 94.71050240844488 180.46458546072245 19
      vertex -1.9283628314733505 180.29813332855701 19
    endloop
  endfacet
  facet normal 0 0 1
    outer loop
      vertex -1.850911408662796 180.36095890402794 19
      vertex -1.9283628314733505 180.29813332855701 19
      vertex 94.62763879448175 180.52007777243853 19
    endloop
  endfacet
  facet normal 0 0 1
    outer loop
      vertex -1.850911408662796 180.36095890402794 19
      vertex 94.54297649115324 180.57278516888618 19
      vertex -1.771414577960968 180.42117542028427 19
    endloop
  endfacet
  facet normal 0 0 1
    outer loop
      vertex -1.771414577960968 180.42117542028427 19
      vertex 94.45660907030106 180.62264942377806 19
      vertex -1.6899601742625237 180.47871632128954 19
    endloop
  endfacet
  facet normal 0 0 1
    outer loop
      vertex -1.6899601742625237 180.47871632128954 19
      vertex 94.36863197386265 180.66961542516947 19
      vertex -1.6066382229328156 180.5335180312395 19
    endloop
  endfacet
  facet normal 0 0 1
    outer loop
      vertex -1.6066382229328156 180.5335180312395 19
      vertex 94.27914241701365 180.71363127231598 19
      vertex -1.5215407982468605 180.5855199843645 19
    endloop
  endfacet
  facet normal 0 0 1
    outer loop
      vertex -1.5215407982468605 180.5855199843645 19
      vertex 94.18823929876089 180.75464832037687 19
      vertex -1.4347619339823723 180.63466472178698 19
    endloop
  endfacet
  facet normal 0 0 1
    outer loop
      vertex -1.4347619339823723 180.63466472178698 19
      vertex 94.09602307528257 180.79262124747038 19
      vertex -1.346397541463375 180.68089792132378 19
    endloop
  endfacet
  facet normal 0 0 1
    outer loop
      vertex -1.346397541463375 180.68089792132378 19
      vertex 94.00259564816952 180.827508084476 19
      vertex -1.2565452605485916 180.72416850179434 19
    endloop
  endfacet
  facet normal 0 0 1
    outer loop
      vertex -1.165304385125637 180.7644286379218 19
      vertex -1.2565452605485916 180.72416850179434 19
      vertex 93.90806026756763 180.8592702820897 19
    endloop
  endfacet
  facet normal 0 0 1
    outer loop
      vertex -1.165304385125637 180.7644286379218 19
      vertex 93.81252140551805 180.88787274062634 19
      vertex -1.0727757588028908 180.80163384228945 19
    endloop
  endfacet
  facet normal 0 0 1
    outer loop
      vertex -1.0727757588028908 180.80163384228945 19
      vertex 93.71608463674784 180.91328385472298 19
      vertex -0.9790616109967232 180.83574300259352 19
    endloop
  endfacet
  facet normal 0 0 1
    outer loop
      vertex -0.9790616109967232 180.83574300259352 19
      vertex 93.61885652691126 180.9354755282402 19
      vertex -0.8842655196785927 180.8667184188962 19
    endloop
  endfacet
  facet normal 0 0 1
    outer loop
      vertex -0.8842655196785927 180.8667184188962 19
      vertex 93.52094453573227 180.95442325621843 19
      vertex -0.788492240011692 180.89452586323023 19
    endloop
  endfacet
  facet normal 0 0 1
    outer loop
      vertex -0.788492240011692 180.89452586323023 19
      vertex 93.42245684564114 180.9701060950756 19
      vertex -0.6918476149439812 180.91913460940123 19
    endloop
  endfacet
  facet normal 0 0 1
    outer loop
      vertex -0.6918476149439812 180.91913460940123 19
      vertex 93.32350231707096 180.98250670731068 19
      vertex -0.5944384261965752 180.94051746279 19
    endloop
  endfacet
  facet normal 0 0 1
    outer loop
      vertex -0.5944384261965752 180.94051746279 19
      vertex 93.22419027984142 180.99161139130592 19
      vertex -0.4963723421096802 180.95865079015493 19
    endloop
  endfacet
  facet normal 0 0 1
    outer loop
      vertex -0.4963723421096802 180.95865079015493 19
      vertex 93.12463049590588 180.99741008877754 19
      vertex -0.39775771647691727 180.97351454943419 19
    endloop
  endfacet
  facet normal 0 0 1
    outer loop
      vertex -0.39775771647691727 180.97351454943419 19
      vertex 93.024932987988 180.99989639222622 19
      vertex -0.29870353639125824 180.9850923269987 19
    endloop
  endfacet
  facet normal 0 0 1
    outer loop
      vertex -0.29870353639125824 180.9850923269987 19
      vertex 93 181 19
      vertex -0.1993192657828331 180.99337131530046 19
    endloop
  endfacet
  facet normal 0 0 1
    outer loop
      vertex -0.1993192657828331 180.99337131530046 19
      vertex 93 181 19
      vertex 0 181 19
    endloop
  endfacet
  facet normal 0 0 1
    outer loop
      vertex 17.67462699886162 170.95371695493665 19
      vertex 18.005616831384067 170.9739611603369 19
      vertex 61.15127258705951 177.33362168441613 19
    endloop
  endfacet
  facet normal 0 0 1
    outer loop
      vertex 18.005616831384067 170.9739611603369 19
      vertex 18.336909562652483 170.98842571336283 19
      vertex 60.71003071440864 177.22768888317592 19
    endloop
  endfacet
  facet normal 0 0 1
    outer loop
      vertex 18.336909562652483 170.98842571336283 19
      vertex 18.668404277691614 170.99710620797143 19
      vertex 60.27070482733446 177.11407148351577 19
    endloop
  endfacet
  facet normal 0 0 1
    outer loop
      vertex 19 171 19
      vertex 19.331595722308386 170.99710620797143 19
      vertex 59.39833567720884 176.86392365503892 19
    endloop
  endfacet
  facet normal 0 0 1
    outer loop
      vertex 18.668404277691614 170.99710620797143 19
      vertex 19 171 19
      vertex 59.833428748758024 176.9928040943963 19
    endloop
  endfacet
  facet normal 0 0 1
    outer loop
      vertex 21.972254835764385 170.76607847130762 19
      vertex 22.299315375671675 170.71134730723196 19
      vertex 56.01192519474181 175.56400246295289 19
    endloop
  endfacet
  facet normal 0 0 1
    outer loop
      vertex 22.299315375671675 170.71134730723196 19
      vertex 22.625370912154352 170.6509164855056 19
      vertex 55.602350183483985 175.36864520377833 19
    endloop
  endfacet
  facet normal 0 0 1
    outer loop
      vertex 22.625370912154352 170.6509164855056 19
      vertex 22.950322125537426 170.58480441394232 19
      vertex 55.196247006771785 175.16616962889756 19
    endloop
  endfacet
  facet normal 0 0 1
    outer loop
      vertex 22.950322125537426 170.58480441394232 19
      vertex 23.274070032533434 170.51303123091947 19
      vertex 54.79373936756684 174.9566374143321 19
    endloop
  endfacet
  facet normal 0 0 1
    outer loop
      vertex 23.917561856947895 170.35259069949228 19
      vertex 24.237109760522983 170.26397222282804 19
      vertex 53.60901005233859 174.2863498182549 19
    endloop
  endfacet
  facet normal 0 0 1
    outer loop
      vertex 23.274070032533434 170.51303123091947 19
      vertex 23.596516016393686 170.43561879924394 19
      vertex 54.39494987359524 174.7401123856243 19
    endloop
  endfacet
  facet normal 0 0 1
    outer loop
      vertex 23.596516016393686 170.43561879924394 19
      vertex 23.917561856947895 170.35259069949228 19
      vertex 54 174.5166604983954 19
    endloop
  endfacet
  facet normal 0 0 1
    outer loop
      vertex 19.331595722308386 170.99710620797143 19
      vertex 19.663090437347517 170.98842571336283 19
      vertex 58.96555814625137 176.727469423674 19
    endloop
  endfacet
  facet normal 0 0 1
    outer loop
      vertex 19.663090437347517 170.98842571336283 19
      vertex 19.994383168615933 170.9739611603369 19
      vertex 58.535227984113924 176.58348296558225 19
    endloop
  endfacet
  facet normal 0 0 1
    outer loop
      vertex 20.32537300113838 170.95371695493665 19
      vertex 20.655959112205505 170.92769926374316 19
      vertex 57.682433311822194 176.27309108892723 19
    endloop
  endfacet
  facet normal 0 0 1
    outer loop
      vertex 19.994383168615933 170.9739611603369 19
      vertex 20.32537300113838 170.95371695493665 19
      vertex 58.10747627353261 176.43200814043362 19
    endloop
  endfacet
  facet normal 0 0 1
    outer loop
      vertex 20.986040802085416 170.8959160119972 19
      vertex 21.315517524697803 170.8583768811851 19
      vertex 56.84099065927888 175.93312618976344 19
    endloop
  endfacet
  facet normal 0 0 1
    outer loop
      vertex 20.655959112205505 170.92769926374316 19
      vertex 20.986040802085416 170.8959160119972 19
      vertex 57.26022857118629 176.10678021873647 19
    endloop
  endfacet
  facet normal 0 0 1
    outer loop
      vertex 21.644288918241244 170.81509330608984 19
      vertex 21.972254835764385 170.76607847130762 19
      vertex 56.4248472800292 175.75218189870762 19
    endloop
  endfacet
  facet normal 0 0 1
    outer loop
      vertex 21.315517524697803 170.8583768811851 19
      vertex 21.644288918241244 170.81509330608984 19
      vertex 56.84099065927888 175.93312618976344 19
    endloop
  endfacet
  facet normal 0 0 1
    outer loop
      vertex 31.212964584044244 137.44515558073942 19
      vertex 30.95708742994691 137.23422673231755 19
      vertex 46.79420500211876 135.63766983270423 19
    endloop
  endfacet
  facet normal 0 0 1
    outer loop
      vertex 31.46512155081964 137.66051797576733 19
      vertex 31.212964584044244 137.44515558073942 19
      vertex 46.51172040622523 135.99280164153288 19
    endloop
  endfacet
  facet normal 0 0 1
    outer loop
      vertex 31.713481520818306 137.88024831592952 19
      vertex 31.46512155081964 137.66051797576733 19
      vertex 46.23547673877039 136.35280939804676 19
    endloop
  endfacet
  facet normal 0 0 1
    outer loop
      vertex 31.957968841187473 138.10427966923575 19
      vertex 31.713481520818306 137.88024831592952 19
      vertex 45.96555814625137 136.71758344039569 19
    endloop
  endfacet
  facet normal 0 0 1
    outer loop
      vertex 32.19850903872095 138.33254379356563 19
      vertex 31.957968841187473 138.10427966923575 19
      vertex 45.96555814625137 136.71758344039569 19
    endloop
  endfacet
  facet normal 0 0 1
    outer loop
      vertex 32.435028842544405 138.5649711574556 19
      vertex 32.19850903872095 138.33254379356563 19
      vertex 45.70204684848621 137.0870126548728 19
    endloop
  endfacet
  facet normal 0 0 1
    outer loop
      vertex 32.435028842544405 138.5649711574556 19
      vertex 45.445023113568915 137.46098450976058 19
      vertex 32.66745620643437 138.80149096127906 19
    endloop
  endfacet
  facet normal 0 0 1
    outer loop
      vertex 32.66745620643437 138.80149096127906 19
      vertex 45.19456523341897 137.8393850896093 19
      vertex 32.895720330764235 139.04203115881253 19
    endloop
  endfacet
  facet normal 0 0 1
    outer loop
      vertex 32.895720330764235 139.04203115881253 19
      vertex 44.950749499932925 138.22209912993668 19
      vertex 33.11975168407049 139.2865184791817 19
    endloop
  endfacet
  facet normal 0 0 1
    outer loop
      vertex 33.11975168407049 139.2865184791817 19
      vertex 44.950749499932925 138.22209912993668 19
      vertex 33.339482024232666 139.53487844918035 19
    endloop
  endfacet
  facet normal 0 0 1
    outer loop
      vertex 33.339482024232666 139.53487844918035 19
      vertex 44.71365018174508 138.6090100523386 19
      vertex 33.55484441926058 139.78703541595576 19
    endloop
  endfacet
  facet normal 0 0 1
    outer loop
      vertex 33.55484441926058 139.78703541595576 19
      vertex 44.4833395016046 139 19
      vertex 33.76577326768245 140.0429125700531 19
    endloop
  endfacet
  facet normal 0 0 1
    outer loop
      vertex 33.76577326768245 140.0429125700531 19
      vertex 44.259887614375714 139.39494987359524 19
      vertex 33.972204318527716 140.3024319688125 19
    endloop
  endfacet
  facet normal 0 0 1
    outer loop
      vertex 33.972204318527716 140.3024319688125 19
      vertex 44.0433625856679 139.79373936756684 19
      vertex 34.174074690898564 140.56551456011107 19
    endloop
  endfacet
  facet normal 0 0 1
    outer loop
      vertex 34.174074690898564 140.56551456011107 19
      vertex 44.0433625856679 139.79373936756684 19
      vertex 34.371322893124 140.832080206443 19
    endloop
  endfacet
  facet normal 0 0 1
    outer loop
      vertex 34.371322893124 140.832080206443 19
      vertex 43.83383037110244 140.19624700677178 19
      vertex 34.563888841490844 141.10204770933012 19
    endloop
  endfacet
  facet normal 0 0 1
    outer loop
      vertex 34.563888841490844 141.10204770933012 19
      vertex 43.63135479622166 140.602350183484 19
      vertex 34.75171387854579 141.37533483405582 19
    endloop
  endfacet
  facet normal 0 0 1
    outer loop
      vertex 34.75171387854579 141.37533483405582 19
      vertex 43.4359975370471 141.01192519474182 19
      vertex 34.934740790963055 141.6518583347145 19
    endloop
  endfacet
  facet normal 0 0 1
    outer loop
      vertex 34.934740790963055 141.6518583347145 19
      vertex 43.4359975370471 141.01192519474182 19
      vertex 35.11291382697209 141.9315339795691 19
    endloop
  endfacet
  facet normal 0 0 1
    outer loop
      vertex 35.11291382697209 141.9315339795691 19
      vertex 43.24781810129238 141.42484728002918 19
      vertex 35.286178713340135 142.21427657670898 19
    endloop
  endfacet
  facet normal 0 0 1
    outer loop
      vertex 35.286178713340135 142.21427657670898 19
      vertex 43.06687381023655 141.84099065927887 19
      vertex 35.45448267190433 142.5 19
    endloop
  endfacet
  facet normal 0 0 1
    outer loop
      vertex 35.45448267190433 142.5 19
      vertex 42.893219781263525 142.26022857118627 19
      vertex 35.61777443564852 142.7886172153196 19
    endloop
  endfacet
  facet normal 0 0 1
    outer loop
      vertex 35.61777443564852 142.7886172153196 19
      vertex 42.726908911072755 142.6824333118222 19
      vertex 35.77600426431961 143.0800403070681 19
    endloop
  endfacet
  facet normal 0 0 1
    outer loop
      vertex 35.77600426431961 143.0800403070681 19
      vertex 42.726908911072755 142.6824333118222 19
      vertex 35.92912395957899 143.3741805049486 19
    endloop
  endfacet
  facet normal 0 0 1
    outer loop
      vertex 35.92912395957899 143.3741805049486 19
      vertex 42.567991859566376 143.10747627353263 19
      vertex 36.077086879684174 143.67094821100753 19
    endloop
  endfacet
  facet normal 0 0 1
    outer loop
      vertex 36.077086879684174 143.67094821100753 19
      vertex 42.416517034417765 143.53522798411393 19
      vertex 36.219847953696345 143.9702530269267 19
    endloop
  endfacet
  facet normal 0 0 1
    outer loop
      vertex 36.219847953696345 143.9702530269267 19
      vertex 42.272530576326005 143.96555814625137 19
      vertex 36.357363695209415 144.2720037815598 19
    endloop
  endfacet
  facet normal 0 0 1
    outer loop
      vertex 36.357363695209415 144.2720037815598 19
      vertex 42.272530576326005 143.96555814625137 19
      vertex 36.48959221559637 144.5761085587038 19
    endloop
  endfacet
  facet normal 0 0 1
    outer loop
      vertex 36.48959221559637 144.5761085587038 19
      vertex 42.13607634496108 144.39833567720885 19
      vertex 36.61649323676896 144.88247472509767 19
    endloop
  endfacet
  facet normal 0 0 1
    outer loop
      vertex 36.61649323676896 144.88247472509767 19
      vertex 42.00719590560371 144.83342874875802 19
      vertex 36.73802810344684 145.1910089586393 19
    endloop
  endfacet
  facet normal 0 0 1
    outer loop
      vertex 36.73802810344684 145.1910089586393 19
      vertex 41.88592851648423 145.27070482733447 19
      vertex 36.85415979493226 145.50161727681228 19
    endloop
  endfacet
  facet normal 0 0 1
    outer loop
      vertex 36.85415979493226 145.50161727681228 19
      vertex 41.88592851648423 145.27070482733447 19
      vertex 36.96485293638702 145.814205065314 19
    endloop
  endfacet
  facet normal 0 0 1
    outer loop
      vertex 36.96485293638702 145.814205065314 19
      vertex 41.77231111682409 145.71003071440865 19
      vertex 37.07007380960792 146.128677106876 19
    endloop
  endfacet
  facet normal 0 0 1
    outer loop
      vertex 37.07007380960792 146.128677106876 19
      vertex 41.666378315583884 146.1512725870595 19
      vertex 37.16979036329767 146.444937610268 19
    endloop
  endfacet
  facet normal 0 0 1
    outer loop
      vertex 36.219847953696345 143.9702530269267 19
      vertex 42.416517034417765 143.53522798411393 19
      vertex 42.272530576326005 143.96555814625137 19
    endloop
  endfacet
  facet normal 0 0 1
    outer loop
      vertex 36.48959221559637 144.5761085587038 19
      vertex 42.272530576326005 143.96555814625137 19
      vertex 42.13607634496108 144.39833567720885 19
    endloop
  endfacet
  facet normal 0 0 1
    outer loop
      vertex 36.61649323676896 144.88247472509767 19
      vertex 42.13607634496108 144.39833567720885 19
      vertex 42.00719590560371 144.83342874875802 19
    endloop
  endfacet
  facet normal 0 0 1
    outer loop
      vertex 36.73802810344684 145.1910089586393 19
      vertex 42.00719590560371 144.83342874875802 19
      vertex 41.88592851648423 145.27070482733447 19
    endloop
  endfacet
  facet normal 0 0 1
    outer loop
      vertex 36.96485293638702 145.814205065314 19
      vertex 41.88592851648423 145.27070482733447 19
      vertex 41.77231111682409 145.71003071440865 19
    endloop
  endfacet
  facet normal 0 0 1
    outer loop
      vertex 37.07007380960792 146.128677106876 19
      vertex 41.77231111682409 145.71003071440865 19
      vertex 41.666378315583884 146.1512725870595 19
    endloop
  endfacet
  facet normal 0 0 1
    outer loop
      vertex 37.16979036329767 146.444937610268 19
      vertex 41.666378315583884 146.1512725870595 19
      vertex 41.56816238092105 146.59429603873826 19
    endloop
  endfacet
  facet normal 0 0 1
    outer loop
      vertex 37.16979036329767 146.444937610268 19
      vertex 41.56816238092105 146.59429603873826 19
      vertex 37.26397222282806 146.762890239477 19
    endloop
  endfacet
  facet normal 0 0 1
    outer loop
      vertex 37.26397222282806 146.762890239477 19
      vertex 41.56816238092105 146.59429603873826 19
      vertex 37.352590699492296 147.08243814305212 19
    endloop
  endfacet
  facet normal 0 0 1
    outer loop
      vertex 37.352590699492296 147.08243814305212 19
      vertex 41.477693230360735 147.03896612020984 19
      vertex 37.43561879924393 147.40348398360632 19
    endloop
  endfacet
  facet normal 0 0 1
    outer loop
      vertex 37.43561879924393 147.40348398360632 19
      vertex 41.39499842168259 147.4851473806598 19
      vertex 37.51303123091947 147.72592996746656 19
    endloop
  endfacet
  facet normal 0 0 1
    outer loop
      vertex 37.51303123091947 147.72592996746656 19
      vertex 41.32010314452641 147.932703908954 19
      vertex 37.58480441394231 148.04967787446256 19
    endloop
  endfacet
  facet normal 0 0 1
    outer loop
      vertex 37.58480441394231 148.04967787446256 19
      vertex 41.32010314452641 147.932703908954 19
      vertex 37.65091648550562 148.37462908784565 19
    endloop
  endfacet
  facet normal 0 0 1
    outer loop
      vertex 37.65091648550562 148.37462908784565 19
      vertex 41.25303021271917 148.3814993750383 19
      vertex 37.711347307231954 148.70068462432832 19
    endloop
  endfacet
  facet normal 0 0 1
    outer loop
      vertex 37.711347307231954 148.70068462432832 19
      vertex 41.19380005732563 148.83139707146617 19
      vertex 37.76607847130762 149.02774516423563 19
    endloop
  endfacet
  facet normal 0 0 1
    outer loop
      vertex 37.76607847130762 149.02774516423563 19
      vertex 41.1424307204249 149.282259955041 19
      vertex 37.815093306089835 149.35571108175876 19
    endloop
  endfacet
  facet normal 0 0 1
    outer loop
      vertex 37.352590699492296 147.08243814305212 19
      vertex 41.56816238092105 146.59429603873826 19
      vertex 41.477693230360735 147.03896612020984 19
    endloop
  endfacet
  facet normal 0 0 1
    outer loop
      vertex 37.43561879924393 147.40348398360632 19
      vertex 41.477693230360735 147.03896612020984 19
      vertex 41.39499842168259 147.4851473806598 19
    endloop
  endfacet
  facet normal 0 0 1
    outer loop
      vertex 37.51303123091947 147.72592996746656 19
      vertex 41.39499842168259 147.4851473806598 19
      vertex 41.32010314452641 147.932703908954 19
    endloop
  endfacet
  facet normal 0 0 1
    outer loop
      vertex 37.65091648550562 148.37462908784565 19
      vertex 41.32010314452641 147.932703908954 19
      vertex 41.25303021271917 148.3814993750383 19
    endloop
  endfacet
  facet normal 0 0 1
    outer loop
      vertex 37.711347307231954 148.70068462432832 19
      vertex 41.25303021271917 148.3814993750383 19
      vertex 41.19380005732563 148.83139707146617 19
    endloop
  endfacet
  facet normal 0 0 1
    outer loop
      vertex 37.76607847130762 149.02774516423563 19
      vertex 41.19380005732563 148.83139707146617 19
      vertex 41.1424307204249 149.282259955041 19
    endloop
  endfacet
  facet normal 0 0 1
    outer loop
      vertex 37.815093306089835 149.35571108175876 19
      vertex 41.1424307204249 149.282259955041 19
      vertex 37.85837688118512 149.6844824753022 19
    endloop
  endfacet
  facet normal 0 0 1
    outer loop
      vertex 37.85837688118512 149.6844824753022 19
      vertex 41.098937849614614 149.7339506885609 19
      vertex 37.895916011997194 150.01395919791457 19
    endloop
  endfacet
  facet normal 0 0 1
    outer loop
      vertex 37.895916011997194 150.01395919791457 19
      vertex 41.06333469324457 150.18633168265274 19
      vertex 37.927699263743165 150.3440408877945 19
    endloop
  endfacet
  facet normal 0 0 1
    outer loop
      vertex 37.927699263743165 150.3440408877945 19
      vertex 41.03563209638108 150.63926513768345 19
      vertex 37.95371695493666 150.6746269988616 19
    endloop
  endfacet
  facet normal 0 0 1
    outer loop
      vertex 37.95371695493666 150.6746269988616 19
      vertex 41.03563209638108 150.63926513768345 19
      vertex 37.9739611603369 151.00561683138406 19
    endloop
  endfacet
  facet normal 0 0 1
    outer loop
      vertex 37.9739611603369 151.00561683138406 19
      vertex 41.01583849750351 151.09261308573497 19
      vertex 37.988425713362815 151.3369095626525 19
    endloop
  endfacet
  facet normal 0 0 1
    outer loop
      vertex 37.988425713362815 151.3369095626525 19
      vertex 41.00395992593383 151.54623743263062 19
      vertex 37.997106207971434 151.66840427769162 19
    endloop
  endfacet
  facet normal 0 0 1
    outer loop
      vertex 37.997106207971434 151.66840427769162 19
      vertex 41 152 19
      vertex 38 152 19
    endloop
  endfacet
  facet normal 0 0 1
    outer loop
      vertex 37.85837688118512 149.6844824753022 19
      vertex 41.1424307204249 149.282259955041 19
      vertex 41.098937849614614 149.7339506885609 19
    endloop
  endfacet
  facet normal 0 0 1
    outer loop
      vertex 37.895916011997194 150.01395919791457 19
      vertex 41.098937849614614 149.7339506885609 19
      vertex 41.06333469324457 150.18633168265274 19
    endloop
  endfacet
  facet normal 0 0 1
    outer loop
      vertex 37.927699263743165 150.3440408877945 19
      vertex 41.06333469324457 150.18633168265274 19
      vertex 41.03563209638108 150.63926513768345 19
    endloop
  endfacet
  facet normal 0 0 1
    outer loop
      vertex 37.9739611603369 151.00561683138406 19
      vertex 41.03563209638108 150.63926513768345 19
      vertex 41.01583849750351 151.09261308573497 19
    endloop
  endfacet
  facet normal 0 0 1
    outer loop
      vertex 37.988425713362815 151.3369095626525 19
      vertex 41.01583849750351 151.09261308573497 19
      vertex 41.00395992593383 151.54623743263062 19
    endloop
  endfacet
  facet normal 0 0 1
    outer loop
      vertex 37.997106207971434 151.66840427769162 19
      vertex 41.00395992593383 151.54623743263062 19
      vertex 41 152 19
    endloop
  endfacet
  facet normal 0 0 1
    outer loop
      vertex 38 152 19
      vertex 41 152 19
      vertex 41.00395992593383 152.45376256736938 19
    endloop
  endfacet
  facet normal 0 0 1
    outer loop
      vertex 37.43561879924393 156.59651601639368 19
      vertex 41.477693230360735 156.96103387979016 19
      vertex 37.352590699492296 156.91756185694788 19
    endloop
  endfacet
  facet normal 0 0 1
    outer loop
      vertex 37.352590699492296 156.91756185694788 19
      vertex 41.56816238092105 157.40570396126174 19
      vertex 37.26397222282806 157.237109760523 19
    endloop
  endfacet
  facet normal 0 0 1
    outer loop
      vertex 37.26397222282806 157.237109760523 19
      vertex 41.56816238092105 157.40570396126174 19
      vertex 37.16979036329767 157.555062389732 19
    endloop
  endfacet
  facet normal 0 0 1
    outer loop
      vertex 37.16979036329767 157.555062389732 19
      vertex 41.666378315583884 157.8487274129405 19
      vertex 37.07007380960792 157.871322893124 19
    endloop
  endfacet
  facet normal 0 0 1
    outer loop
      vertex 38 152 19
      vertex 41.00395992593383 152.45376256736938 19
      vertex 37.997106207971434 152.33159572230838 19
    endloop
  endfacet
  facet normal 0 0 1
    outer loop
      vertex 37.997106207971434 152.33159572230838 19
      vertex 41.00395992593383 152.45376256736938 19
      vertex 37.988425713362815 152.6630904373475 19
    endloop
  endfacet
  facet normal 0 0 1
    outer loop
      vertex 37.988425713362815 152.6630904373475 19
      vertex 41.01583849750351 152.90738691426503 19
      vertex 37.9739611603369 152.99438316861594 19
    endloop
  endfacet
  facet normal 0 0 1
    outer loop
      vertex 37.9739611603369 152.99438316861594 19
      vertex 41.03563209638108 153.36073486231655 19
      vertex 37.95371695493666 153.3253730011384 19
    endloop
  endfacet
  facet normal 0 0 1
    outer loop
      vertex 37.95371695493666 153.3253730011384 19
      vertex 41.06333469324457 153.81366831734726 19
      vertex 37.927699263743165 153.6559591122055 19
    endloop
  endfacet
  facet normal 0 0 1
    outer loop
      vertex 37.895916011997194 153.98604080208543 19
      vertex 41.098937849614614 154.2660493114391 19
      vertex 37.85837688118512 154.3155175246978 19
    endloop
  endfacet
  facet normal 0 0 1
    outer loop
      vertex 37.927699263743165 153.6559591122055 19
      vertex 41.06333469324457 153.81366831734726 19
      vertex 37.895916011997194 153.98604080208543 19
    endloop
  endfacet
  facet normal 0 0 1
    outer loop
      vertex 37.85837688118512 154.3155175246978 19
      vertex 41.1424307204249 154.717740044959 19
      vertex 37.815093306089835 154.64428891824124 19
    endloop
  endfacet
  facet normal 0 0 1
    outer loop
      vertex 37.815093306089835 154.64428891824124 19
      vertex 41.19380005732563 155.16860292853383 19
      vertex 37.76607847130762 154.97225483576437 19
    endloop
  endfacet
  facet normal 0 0 1
    outer loop
      vertex 37.988425713362815 152.6630904373475 19
      vertex 41.00395992593383 152.45376256736938 19
      vertex 41.01583849750351 152.90738691426503 19
    endloop
  endfacet
  facet normal 0 0 1
    outer loop
      vertex 37.9739611603369 152.99438316861594 19
      vertex 41.01583849750351 152.90738691426503 19
      vertex 41.03563209638108 153.36073486231655 19
    endloop
  endfacet
  facet normal 0 0 1
    outer loop
      vertex 37.95371695493666 153.3253730011384 19
      vertex 41.03563209638108 153.36073486231655 19
      vertex 41.06333469324457 153.81366831734726 19
    endloop
  endfacet
  facet normal 0 0 1
    outer loop
      vertex 37.895916011997194 153.98604080208543 19
      vertex 41.06333469324457 153.81366831734726 19
      vertex 41.098937849614614 154.2660493114391 19
    endloop
  endfacet
  facet normal 0 0 1
    outer loop
      vertex 37.85837688118512 154.3155175246978 19
      vertex 41.098937849614614 154.2660493114391 19
      vertex 41.1424307204249 154.717740044959 19
    endloop
  endfacet
  facet normal 0 0 1
    outer loop
      vertex 37.815093306089835 154.64428891824124 19
      vertex 41.1424307204249 154.717740044959 19
      vertex 41.19380005732563 155.16860292853383 19
    endloop
  endfacet
  facet normal 0 0 1
    outer loop
      vertex 37.76607847130762 154.97225483576437 19
      vertex 41.19380005732563 155.16860292853383 19
      vertex 37.711347307231954 155.29931537567168 19
    endloop
  endfacet
  facet normal 0 0 1
    outer loop
      vertex 37.711347307231954 155.29931537567168 19
      vertex 41.25303021271917 155.6185006249617 19
      vertex 37.65091648550562 155.62537091215435 19
    endloop
  endfacet
  facet normal 0 0 1
    outer loop
      vertex 37.65091648550562 155.62537091215435 19
      vertex 41.32010314452641 156.067296091046 19
      vertex 37.58480441394231 155.95032212553744 19
    endloop
  endfacet
  facet normal 0 0 1
    outer loop
      vertex 37.58480441394231 155.95032212553744 19
      vertex 41.32010314452641 156.067296091046 19
      vertex 37.51303123091947 156.27407003253344 19
    endloop
  endfacet
  facet normal 0 0 1
    outer loop
      vertex 37.51303123091947 156.27407003253344 19
      vertex 41.39499842168259 156.5148526193402 19
      vertex 37.43561879924393 156.59651601639368 19
    endloop
  endfacet
  facet normal 0 0 1
    outer loop
      vertex 37.711347307231954 155.29931537567168 19
      vertex 41.19380005732563 155.16860292853383 19
      vertex 41.25303021271917 155.6185006249617 19
    endloop
  endfacet
  facet normal 0 0 1
    outer loop
      vertex 37.65091648550562 155.62537091215435 19
      vertex 41.25303021271917 155.6185006249617 19
      vertex 41.32010314452641 156.067296091046 19
    endloop
  endfacet
  facet normal 0 0 1
    outer loop
      vertex 37.51303123091947 156.27407003253344 19
      vertex 41.32010314452641 156.067296091046 19
      vertex 41.39499842168259 156.5148526193402 19
    endloop
  endfacet
  facet normal 0 0 1
    outer loop
      vertex 37.43561879924393 156.59651601639368 19
      vertex 41.39499842168259 156.5148526193402 19
      vertex 41.477693230360735 156.96103387979016 19
    endloop
  endfacet
  facet normal 0 0 1
    outer loop
      vertex 37.352590699492296 156.91756185694788 19
      vertex 41.477693230360735 156.96103387979016 19
      vertex 41.56816238092105 157.40570396126174 19
    endloop
  endfacet
  facet normal 0 0 1
    outer loop
      vertex 37.16979036329767 157.555062389732 19
      vertex 41.56816238092105 157.40570396126174 19
      vertex 41.666378315583884 157.8487274129405 19
    endloop
  endfacet
  facet normal 0 0 1
    outer loop
      vertex 31.212964584044244 137.44515558073942 19
      vertex 46.79420500211876 135.63766983270423 19
      vertex 46.51172040622523 135.99280164153288 19
    endloop
  endfacet
  facet normal 0 0 1
    outer loop
      vertex 31.46512155081964 137.66051797576733 19
      vertex 46.51172040622523 135.99280164153288 19
      vertex 46.23547673877039 136.35280939804676 19
    endloop
  endfacet
  facet normal 0 0 1
    outer loop
      vertex 31.713481520818306 137.88024831592952 19
      vertex 46.23547673877039 136.35280939804676 19
      vertex 45.96555814625137 136.71758344039569 19
    endloop
  endfacet
  facet normal 0 0 1
    outer loop
      vertex 32.435028842544405 138.5649711574556 19
      vertex 45.70204684848621 137.0870126548728 19
      vertex 45.445023113568915 137.46098450976058 19
    endloop
  endfacet
  facet normal 0 0 1
    outer loop
      vertex 32.19850903872095 138.33254379356563 19
      vertex 45.96555814625137 136.71758344039569 19
      vertex 45.70204684848621 137.0870126548728 19
    endloop
  endfacet
  facet normal 0 0 1
    outer loop
      vertex 32.895720330764235 139.04203115881253 19
      vertex 45.19456523341897 137.8393850896093 19
      vertex 44.950749499932925 138.22209912993668 19
    endloop
  endfacet
  facet normal 0 0 1
    outer loop
      vertex 33.339482024232666 139.53487844918035 19
      vertex 44.950749499932925 138.22209912993668 19
      vertex 44.71365018174508 138.6090100523386 19
    endloop
  endfacet
  facet normal 0 0 1
    outer loop
      vertex 33.55484441926058 139.78703541595576 19
      vertex 44.71365018174508 138.6090100523386 19
      vertex 44.4833395016046 139 19
    endloop
  endfacet
  facet normal 0 0 1
    outer loop
      vertex 34.563888841490844 141.10204770933012 19
      vertex 43.83383037110244 140.19624700677178 19
      vertex 43.63135479622166 140.602350183484 19
    endloop
  endfacet
  facet normal 0 0 1
    outer loop
      vertex 33.76577326768245 140.0429125700531 19
      vertex 44.4833395016046 139 19
      vertex 44.259887614375714 139.39494987359524 19
    endloop
  endfacet
  facet normal 0 0 1
    outer loop
      vertex 33.972204318527716 140.3024319688125 19
      vertex 44.259887614375714 139.39494987359524 19
      vertex 44.0433625856679 139.79373936756684 19
    endloop
  endfacet
  facet normal 0 0 1
    outer loop
      vertex 34.371322893124 140.832080206443 19
      vertex 44.0433625856679 139.79373936756684 19
      vertex 43.83383037110244 140.19624700677178 19
    endloop
  endfacet
  facet normal 0 0 1
    outer loop
      vertex 32.66745620643437 138.80149096127906 19
      vertex 45.445023113568915 137.46098450976058 19
      vertex 45.19456523341897 137.8393850896093 19
    endloop
  endfacet
  facet normal 0 0 1
    outer loop
      vertex 34.75171387854579 141.37533483405582 19
      vertex 43.63135479622166 140.602350183484 19
      vertex 43.4359975370471 141.01192519474182 19
    endloop
  endfacet
  facet normal 0 0 1
    outer loop
      vertex 35.11291382697209 141.9315339795691 19
      vertex 43.4359975370471 141.01192519474182 19
      vertex 43.24781810129238 141.42484728002918 19
    endloop
  endfacet
  facet normal 0 0 1
    outer loop
      vertex 35.286178713340135 142.21427657670898 19
      vertex 43.24781810129238 141.42484728002918 19
      vertex 43.06687381023655 141.84099065927887 19
    endloop
  endfacet
  facet normal 0 0 1
    outer loop
      vertex 35.45448267190433 142.5 19
      vertex 43.06687381023655 141.84099065927887 19
      vertex 42.893219781263525 142.26022857118627 19
    endloop
  endfacet
  facet normal 0 0 1
    outer loop
      vertex 35.61777443564852 142.7886172153196 19
      vertex 42.893219781263525 142.26022857118627 19
      vertex 42.726908911072755 142.6824333118222 19
    endloop
  endfacet
  facet normal 0 0 1
    outer loop
      vertex 35.92912395957899 143.3741805049486 19
      vertex 42.726908911072755 142.6824333118222 19
      vertex 42.567991859566376 143.10747627353263 19
    endloop
  endfacet
  facet normal 0 0 1
    outer loop
      vertex 36.077086879684174 143.67094821100753 19
      vertex 42.567991859566376 143.10747627353263 19
      vertex 42.416517034417765 143.53522798411393 19
    endloop
  endfacet
  facet normal 0 0 1
    outer loop
      vertex 28.211382784680403 168.61777443564853 19
      vertex 28.5 168.45448267190434 19
      vertex 49.268042638375036 171.01519624209843 19
    endloop
  endfacet
  facet normal 0 0 1
    outer loop
      vertex 28.78572342329103 168.28617871334012 19
      vertex 29.068466020430893 168.1129138269721 19
      vertex 48.938882368066075 170.70283480880494 19
    endloop
  endfacet
  facet normal 0 0 1
    outer loop
      vertex 28.5 168.45448267190434 19
      vertex 28.78572342329103 168.28617871334012 19
      vertex 49.268042638375036 171.01519624209843 19
    endloop
  endfacet
  facet normal 0 0 1
    outer loop
      vertex 33.11975168407049 164.7134815208183 19
      vertex 44.950749499932925 165.77790087006332 19
      vertex 32.895720330764235 164.95796884118747 19
    endloop
  endfacet
  facet normal 0 0 1
    outer loop
      vertex 33.55484441926058 164.21296458404424 19
      vertex 44.71365018174508 165.3909899476614 19
      vertex 33.339482024232666 164.46512155081965 19
    endloop
  endfacet
  facet normal 0 0 1
    outer loop
      vertex 33.339482024232666 164.46512155081965 19
      vertex 44.950749499932925 165.77790087006332 19
      vertex 33.11975168407049 164.7134815208183 19
    endloop
  endfacet
  facet normal 0 0 1
    outer loop
      vertex 31.713481520818306 166.11975168407048 19
      vertex 31.957968841187473 165.89572033076425 19
      vertex 46.23547673877039 167.64719060195324 19
    endloop
  endfacet
  facet normal 0 0 1
    outer loop
      vertex 32.19850903872095 165.66745620643437 19
      vertex 32.435028842544405 165.4350288425444 19
      vertex 45.70204684848621 166.9129873451272 19
    endloop
  endfacet
  facet normal 0 0 1
    outer loop
      vertex 31.957968841187473 165.89572033076425 19
      vertex 32.19850903872095 165.66745620643437 19
      vertex 45.96555814625137 167.28241655960431 19
    endloop
  endfacet
  facet normal 0 0 1
    outer loop
      vertex 32.895720330764235 164.95796884118747 19
      vertex 45.19456523341897 166.1606149103907 19
      vertex 32.66745620643437 165.19850903872094 19
    endloop
  endfacet
  facet normal 0 0 1
    outer loop
      vertex 32.66745620643437 165.19850903872094 19
      vertex 45.445023113568915 166.53901549023942 19
      vertex 32.435028842544405 165.4350288425444 19
    endloop
  endfacet
  facet normal 0 0 1
    outer loop
      vertex 30.95708742994691 166.76577326768245 19
      vertex 31.212964584044244 166.55484441926058 19
      vertex 46.79420500211876 168.36233016729577 19
    endloop
  endfacet
  facet normal 0 0 1
    outer loop
      vertex 30.697568031187508 166.9722043185277 19
      vertex 30.95708742994691 166.76577326768245 19
      vertex 47.08284447890657 168.71247785185002 19
    endloop
  endfacet
  facet normal 0 0 1
    outer loop
      vertex 30.16791979355699 167.371322893124 19
      vertex 30.434485439888917 167.17407469089858 19
      vertex 47.67823453758775 169.39739576533032 19
    endloop
  endfacet
  facet normal 0 0 1
    outer loop
      vertex 30.434485439888917 167.17407469089858 19
      vertex 30.697568031187508 166.9722043185277 19
      vertex 47.37755091420793 169.0575347537532 19
    endloop
  endfacet
  facet normal 0 0 1
    outer loop
      vertex 29.624665165944194 167.7517138785458 19
      vertex 29.897952290669874 167.56388884149084 19
      vertex 47.98480375790157 169.73195736162495 19
    endloop
  endfacet
  facet normal 0 0 1
    outer loop
      vertex 29.348141665285514 167.93474079096305 19
      vertex 29.624665165944194 167.7517138785458 19
      vertex 48.29716519119507 170.06111763193394 19
    endloop
  endfacet
  facet normal 0 0 1
    outer loop
      vertex 29.897952290669874 167.56388884149084 19
      vertex 30.16791979355699 167.371322893124 19
      vertex 47.98480375790157 169.73195736162495 19
    endloop
  endfacet
  facet normal 0 0 1
    outer loop
      vertex 29.068466020430893 168.1129138269721 19
      vertex 29.348141665285514 167.93474079096305 19
      vertex 48.61522368914976 170.38477631085024 19
    endloop
  endfacet
  facet normal 0 0 1
    outer loop
      vertex 31.46512155081964 166.33948202423267 19
      vertex 31.713481520818306 166.11975168407048 19
      vertex 46.51172040622523 168.00719835846712 19
    endloop
  endfacet
  facet normal 0 0 1
    outer loop
      vertex 31.212964584044244 166.55484441926058 19
      vertex 31.46512155081964 166.33948202423267 19
      vertex 46.79420500211876 168.36233016729577 19
    endloop
  endfacet
  facet normal 0 0 1
    outer loop
      vertex 36.96485293638702 158.185794934686 19
      vertex 41.88592851648423 158.72929517266553 19
      vertex 36.85415979493226 158.49838272318772 19
    endloop
  endfacet
  facet normal 0 0 1
    outer loop
      vertex 37.07007380960792 157.871322893124 19
      vertex 41.77231111682409 158.28996928559135 19
      vertex 36.96485293638702 158.185794934686 19
    endloop
  endfacet
  facet normal 0 0 1
    outer loop
      vertex 36.73802810344684 158.8089910413607 19
      vertex 42.00719590560371 159.16657125124198 19
      vertex 36.61649323676896 159.11752527490233 19
    endloop
  endfacet
  facet normal 0 0 1
    outer loop
      vertex 36.85415979493226 158.49838272318772 19
      vertex 42.00719590560371 159.16657125124198 19
      vertex 36.73802810344684 158.8089910413607 19
    endloop
  endfacet
  facet normal 0 0 1
    outer loop
      vertex 36.61649323676896 159.11752527490233 19
      vertex 42.13607634496108 159.60166432279115 19
      vertex 36.48959221559637 159.4238914412962 19
    endloop
  endfacet
  facet normal 0 0 1
    outer loop
      vertex 36.48959221559637 159.4238914412962 19
      vertex 42.272530576326005 160.03444185374863 19
      vertex 36.357363695209415 159.7279962184402 19
    endloop
  endfacet
  facet normal 0 0 1
    outer loop
      vertex 36.357363695209415 159.7279962184402 19
      vertex 42.416517034417765 160.46477201588607 19
      vertex 36.219847953696345 160.0297469730733 19
    endloop
  endfacet
  facet normal 0 0 1
    outer loop
      vertex 36.219847953696345 160.0297469730733 19
      vertex 42.416517034417765 160.46477201588607 19
      vertex 36.077086879684174 160.32905178899247 19
    endloop
  endfacet
  facet normal 0 0 1
    outer loop
      vertex 36.077086879684174 160.32905178899247 19
      vertex 42.567991859566376 160.89252372646737 19
      vertex 35.92912395957899 160.6258194950514 19
    endloop
  endfacet
  facet normal 0 0 1
    outer loop
      vertex 35.61777443564852 161.2113827846804 19
      vertex 42.893219781263525 161.73977142881373 19
      vertex 35.45448267190433 161.5 19
    endloop
  endfacet
  facet normal 0 0 1
    outer loop
      vertex 35.45448267190433 161.5 19
      vertex 43.06687381023655 162.15900934072113 19
      vertex 35.286178713340135 161.78572342329102 19
    endloop
  endfacet
  facet normal 0 0 1
    outer loop
      vertex 35.286178713340135 161.78572342329102 19
      vertex 43.24781810129238 162.57515271997082 19
      vertex 35.11291382697209 162.0684660204309 19
    endloop
  endfacet
  facet normal 0 0 1
    outer loop
      vertex 34.563888841490844 162.89795229066988 19
      vertex 43.83383037110244 163.80375299322822 19
      vertex 34.371322893124 163.167919793557 19
    endloop
  endfacet
  facet normal 0 0 1
    outer loop
      vertex 34.371322893124 163.167919793557 19
      vertex 44.0433625856679 164.20626063243316 19
      vertex 34.174074690898564 163.43448543988893 19
    endloop
  endfacet
  facet normal 0 0 1
    outer loop
      vertex 34.934740790963055 162.3481416652855 19
      vertex 43.4359975370471 162.98807480525818 19
      vertex 34.75171387854579 162.62466516594418 19
    endloop
  endfacet
  facet normal 0 0 1
    outer loop
      vertex 34.75171387854579 162.62466516594418 19
      vertex 43.63135479622166 163.397649816516 19
      vertex 34.563888841490844 162.89795229066988 19
    endloop
  endfacet
  facet normal 0 0 1
    outer loop
      vertex 35.11291382697209 162.0684660204309 19
      vertex 43.4359975370471 162.98807480525818 19
      vertex 34.934740790963055 162.3481416652855 19
    endloop
  endfacet
  facet normal 0 0 1
    outer loop
      vertex 35.92912395957899 160.6258194950514 19
      vertex 42.726908911072755 161.3175666881778 19
      vertex 35.77600426431961 160.9199596929319 19
    endloop
  endfacet
  facet normal 0 0 1
    outer loop
      vertex 35.77600426431961 160.9199596929319 19
      vertex 42.893219781263525 161.73977142881373 19
      vertex 35.61777443564852 161.2113827846804 19
    endloop
  endfacet
  facet normal 0 0 1
    outer loop
      vertex 37.07007380960792 157.871322893124 19
      vertex 41.666378315583884 157.8487274129405 19
      vertex 41.77231111682409 158.28996928559135 19
    endloop
  endfacet
  facet normal 0 0 1
    outer loop
      vertex 36.96485293638702 158.185794934686 19
      vertex 41.77231111682409 158.28996928559135 19
      vertex 41.88592851648423 158.72929517266553 19
    endloop
  endfacet
  facet normal 0 0 1
    outer loop
      vertex 36.85415979493226 158.49838272318772 19
      vertex 41.88592851648423 158.72929517266553 19
      vertex 42.00719590560371 159.16657125124198 19
    endloop
  endfacet
  facet normal 0 0 1
    outer loop
      vertex 36.61649323676896 159.11752527490233 19
      vertex 42.00719590560371 159.16657125124198 19
      vertex 42.13607634496108 159.60166432279115 19
    endloop
  endfacet
  facet normal 0 0 1
    outer loop
      vertex 36.48959221559637 159.4238914412962 19
      vertex 42.13607634496108 159.60166432279115 19
      vertex 42.272530576326005 160.03444185374863 19
    endloop
  endfacet
  facet normal 0 0 1
    outer loop
      vertex 33.972204318527716 163.6975680311875 19
      vertex 44.259887614375714 164.60505012640476 19
      vertex 33.76577326768245 163.9570874299469 19
    endloop
  endfacet
  facet normal 0 0 1
    outer loop
      vertex 33.76577326768245 163.9570874299469 19
      vertex 44.4833395016046 165 19
      vertex 33.55484441926058 164.21296458404424 19
    endloop
  endfacet
  facet normal 0 0 1
    outer loop
      vertex 34.174074690898564 163.43448543988893 19
      vertex 44.259887614375714 164.60505012640476 19
      vertex 33.972204318527716 163.6975680311875 19
    endloop
  endfacet
  facet normal 0 0 1
    outer loop
      vertex 25.808991041360706 169.73802810344682 19
      vertex 26.117525274902327 169.61649323676897 19
      vertex 51.7175834403957 173.03444185374863 19
    endloop
  endfacet
  facet normal 0 0 1
    outer loop
      vertex 26.117525274902327 169.61649323676897 19
      vertex 26.423891441296202 169.48959221559636 19
      vertex 51.352809398046745 172.7645232612296 19
    endloop
  endfacet
  facet normal 0 0 1
    outer loop
      vertex 26.423891441296202 169.48959221559636 19
      vertex 26.727996218440204 169.35736369520941 19
      vertex 51.352809398046745 172.7645232612296 19
    endloop
  endfacet
  facet normal 0 0 1
    outer loop
      vertex 24.871322893124002 170.07007380960792 19
      vertex 25.185794934685976 169.96485293638702 19
      vertex 52.839385089609294 173.80543476658102 19
    endloop
  endfacet
  facet normal 0 0 1
    outer loop
      vertex 24.555062389732 170.16979036329766 19
      vertex 24.871322893124002 170.07007380960792 19
      vertex 53.22209912993667 174.04925050006707 19
    endloop
  endfacet
  facet normal 0 0 1
    outer loop
      vertex 24.237109760522983 170.26397222282804 19
      vertex 24.555062389732 170.16979036329766 19
      vertex 53.60901005233859 174.2863498182549 19
    endloop
  endfacet
  facet normal 0 0 1
    outer loop
      vertex 25.185794934685976 169.96485293638702 19
      vertex 25.498382723187706 169.85415979493226 19
      vertex 52.46098450976058 173.5549768864311 19
    endloop
  endfacet
  facet normal 0 0 1
    outer loop
      vertex 25.498382723187706 169.85415979493226 19
      vertex 25.808991041360706 169.73802810344682 19
      vertex 52.0870126548728 173.29795315151378 19
    endloop
  endfacet
  facet normal 0 0 1
    outer loop
      vertex 27.329051788992473 169.07708687968417 19
      vertex 27.62581949505139 168.929123959579 19
      vertex 50.287522148149975 171.91715552109343 19
    endloop
  endfacet
  facet normal 0 0 1
    outer loop
      vertex 27.029746973073287 169.21984795369636 19
      vertex 27.329051788992473 169.07708687968417 19
      vertex 50.637669832704226 172.20579499788124 19
    endloop
  endfacet
  facet normal 0 0 1
    outer loop
      vertex 27.62581949505139 168.929123959579 19
      vertex 27.919959692931926 168.77600426431962 19
      vertex 49.94246524624681 171.62244908579208 19
    endloop
  endfacet
  facet normal 0 0 1
    outer loop
      vertex 27.919959692931926 168.77600426431962 19
      vertex 28.211382784680403 168.61777443564853 19
      vertex 49.602604234669684 171.32176546241226 19
    endloop
  endfacet
  facet normal 0 0 1
    outer loop
      vertex 26.727996218440204 169.35736369520941 19
      vertex 27.029746973073287 169.21984795369636 19
      vertex 50.992801641532886 172.48827959377476 19
    endloop
  endfacet
  facet normal 0 0 1
    outer loop
      vertex -3 178 19
      vertex 61.15127258705951 177.33362168441613 19
      vertex 61.59429603873826 177.43183761907895 19
    endloop
  endfacet
  facet normal 0 0 1
    outer loop
      vertex -3 178 19
      vertex 61.59429603873826 177.43183761907895 19
      vertex 62.038966120209835 177.52230676963927 19
    endloop
  endfacet
  facet normal 0 0 1
    outer loop
      vertex 36.357363695209415 159.7279962184402 19
      vertex 42.272530576326005 160.03444185374863 19
      vertex 42.416517034417765 160.46477201588607 19
    endloop
  endfacet
  facet normal 0 0 1
    outer loop
      vertex 36.077086879684174 160.32905178899247 19
      vertex 42.416517034417765 160.46477201588607 19
      vertex 42.567991859566376 160.89252372646737 19
    endloop
  endfacet
  facet normal 0 0 1
    outer loop
      vertex 35.92912395957899 160.6258194950514 19
      vertex 42.567991859566376 160.89252372646737 19
      vertex 42.726908911072755 161.3175666881778 19
    endloop
  endfacet
  facet normal 0 0 1
    outer loop
      vertex 35.77600426431961 160.9199596929319 19
      vertex 42.726908911072755 161.3175666881778 19
      vertex 42.893219781263525 161.73977142881373 19
    endloop
  endfacet
  facet normal 0 0 1
    outer loop
      vertex 35.45448267190433 161.5 19
      vertex 42.893219781263525 161.73977142881373 19
      vertex 43.06687381023655 162.15900934072113 19
    endloop
  endfacet
  facet normal 0 0 1
    outer loop
      vertex 35.286178713340135 161.78572342329102 19
      vertex 43.06687381023655 162.15900934072113 19
      vertex 43.24781810129238 162.57515271997082 19
    endloop
  endfacet
  facet normal 0 0 1
    outer loop
      vertex 35.11291382697209 162.0684660204309 19
      vertex 43.24781810129238 162.57515271997082 19
      vertex 43.4359975370471 162.98807480525818 19
    endloop
  endfacet
  facet normal 0 0 1
    outer loop
      vertex 34.75171387854579 162.62466516594418 19
      vertex 43.4359975370471 162.98807480525818 19
      vertex 43.63135479622166 163.397649816516 19
    endloop
  endfacet
  facet normal 0 0 1
    outer loop
      vertex 34.563888841490844 162.89795229066988 19
      vertex 43.63135479622166 163.397649816516 19
      vertex 43.83383037110244 163.80375299322822 19
    endloop
  endfacet
  facet normal 0 0 1
    outer loop
      vertex 34.371322893124 163.167919793557 19
      vertex 43.83383037110244 163.80375299322822 19
      vertex 44.0433625856679 164.20626063243316 19
    endloop
  endfacet
  facet normal 0 0 1
    outer loop
      vertex 34.174074690898564 163.43448543988893 19
      vertex 44.0433625856679 164.20626063243316 19
      vertex 44.259887614375714 164.60505012640476 19
    endloop
  endfacet
  facet normal 0 0 1
    outer loop
      vertex 33.76577326768245 163.9570874299469 19
      vertex 44.259887614375714 164.60505012640476 19
      vertex 44.4833395016046 165 19
    endloop
  endfacet
  facet normal 0 0 1
    outer loop
      vertex 33.55484441926058 164.21296458404424 19
      vertex 44.4833395016046 165 19
      vertex 44.71365018174508 165.3909899476614 19
    endloop
  endfacet
  facet normal 0 0 1
    outer loop
      vertex 33.339482024232666 164.46512155081965 19
      vertex 44.71365018174508 165.3909899476614 19
      vertex 44.950749499932925 165.77790087006332 19
    endloop
  endfacet
  facet normal 0 0 1
    outer loop
      vertex 32.895720330764235 164.95796884118747 19
      vertex 44.950749499932925 165.77790087006332 19
      vertex 45.19456523341897 166.1606149103907 19
    endloop
  endfacet
  facet normal 0 0 1
    outer loop
      vertex 32.66745620643437 165.19850903872094 19
      vertex 45.19456523341897 166.1606149103907 19
      vertex 45.445023113568915 166.53901549023942 19
    endloop
  endfacet
  facet normal 0 0 1
    outer loop
      vertex 32.435028842544405 165.4350288425444 19
      vertex 45.445023113568915 166.53901549023942 19
      vertex 45.70204684848621 166.9129873451272 19
    endloop
  endfacet
  facet normal 0 0 1
    outer loop
      vertex 32.19850903872095 165.66745620643437 19
      vertex 45.70204684848621 166.9129873451272 19
      vertex 45.96555814625137 167.28241655960431 19
    endloop
  endfacet
  facet normal 0 0 1
    outer loop
      vertex 31.957968841187473 165.89572033076425 19
      vertex 45.96555814625137 167.28241655960431 19
      vertex 46.23547673877039 167.64719060195324 19
    endloop
  endfacet
  facet normal 0 0 1
    outer loop
      vertex 31.713481520818306 166.11975168407048 19
      vertex 46.23547673877039 167.64719060195324 19
      vertex 46.51172040622523 168.00719835846712 19
    endloop
  endfacet
  facet normal 0 0 1
    outer loop
      vertex 31.46512155081964 166.33948202423267 19
      vertex 46.51172040622523 168.00719835846712 19
      vertex 46.79420500211876 168.36233016729577 19
    endloop
  endfacet
  facet normal 0 0 1
    outer loop
      vertex 30.95708742994691 166.76577326768245 19
      vertex 46.79420500211876 168.36233016729577 19
      vertex 47.08284447890657 168.71247785185002 19
    endloop
  endfacet
  facet normal 0 0 1
    outer loop
      vertex 30.697568031187508 166.9722043185277 19
      vertex 47.08284447890657 168.71247785185002 19
      vertex 47.37755091420793 169.0575347537532 19
    endloop
  endfacet
  facet normal 0 0 1
    outer loop
      vertex 30.434485439888917 167.17407469089858 19
      vertex 47.37755091420793 169.0575347537532 19
      vertex 47.67823453758775 169.39739576533032 19
    endloop
  endfacet
  facet normal 0 0 1
    outer loop
      vertex 30.16791979355699 167.371322893124 19
      vertex 47.67823453758775 169.39739576533032 19
      vertex 47.98480375790157 169.73195736162495 19
    endloop
  endfacet
  facet normal 0 0 1
    outer loop
      vertex 29.624665165944194 167.7517138785458 19
      vertex 47.98480375790157 169.73195736162495 19
      vertex 48.29716519119507 170.06111763193394 19
    endloop
  endfacet
  facet normal 0 0 1
    outer loop
      vertex 29.348141665285514 167.93474079096305 19
      vertex 48.29716519119507 170.06111763193394 19
      vertex 48.61522368914976 170.38477631085024 19
    endloop
  endfacet
  facet normal 0 0 1
    outer loop
      vertex 29.068466020430893 168.1129138269721 19
      vertex 48.61522368914976 170.38477631085024 19
      vertex 48.938882368066075 170.70283480880494 19
    endloop
  endfacet
  facet normal 0 0 1
    outer loop
      vertex 28.78572342329103 168.28617871334012 19
      vertex 48.938882368066075 170.70283480880494 19
      vertex 49.268042638375036 171.01519624209843 19
    endloop
  endfacet
  facet normal 0 0 1
    outer loop
      vertex 28.211382784680403 168.61777443564853 19
      vertex 49.268042638375036 171.01519624209843 19
      vertex 49.602604234669684 171.32176546241226 19
    endloop
  endfacet
  facet normal 0 0 1
    outer loop
      vertex 27.919959692931926 168.77600426431962 19
      vertex 49.602604234669684 171.32176546241226 19
      vertex 49.94246524624681 171.62244908579208 19
    endloop
  endfacet
  facet normal 0 0 1
    outer loop
      vertex 27.62581949505139 168.929123959579 19
      vertex 49.94246524624681 171.62244908579208 19
      vertex 50.287522148149975 171.91715552109343 19
    endloop
  endfacet
  facet normal 0 0 1
    outer loop
      vertex 27.329051788992473 169.07708687968417 19
      vertex 50.287522148149975 171.91715552109343 19
      vertex 50.637669832704226 172.20579499788124 19
    endloop
  endfacet
  facet normal 0 0 1
    outer loop
      vertex 27.029746973073287 169.21984795369636 19
      vertex 50.637669832704226 172.20579499788124 19
      vertex 50.992801641532886 172.48827959377476 19
    endloop
  endfacet
  facet normal 0 0 1
    outer loop
      vertex 26.727996218440204 169.35736369520941 19
      vertex 50.992801641532886 172.48827959377476 19
      vertex 51.352809398046745 172.7645232612296 19
    endloop
  endfacet
  facet normal 0 0 1
    outer loop
      vertex 26.117525274902327 169.61649323676897 19
      vertex 51.352809398046745 172.7645232612296 19
      vertex 51.7175834403957 173.03444185374863 19
    endloop
  endfacet
  facet normal 0 0 1
    outer loop
      vertex 25.808991041360706 169.73802810344682 19
      vertex 51.7175834403957 173.03444185374863 19
      vertex 52.0870126548728 173.29795315151378 19
    endloop
  endfacet
  facet normal 0 0 1
    outer loop
      vertex 25.498382723187706 169.85415979493226 19
      vertex 52.0870126548728 173.29795315151378 19
      vertex 52.46098450976058 173.5549768864311 19
    endloop
  endfacet
  facet normal 0 0 1
    outer loop
      vertex -3 178 19
      vertex 62.038966120209835 177.52230676963927 19
      vertex 62.48514738065981 177.6050015783174 19
    endloop
  endfacet
  facet normal 0 0 1
    outer loop
      vertex -3 178 19
      vertex 62.48514738065981 177.6050015783174 19
      vertex 62.932703908954 177.67989685547357 19
    endloop
  endfacet
  facet normal 0 0 1
    outer loop
      vertex -3 178 19
      vertex 62.932703908954 177.67989685547357 19
      vertex 63.381499375038295 177.74696978728082 19
    endloop
  endfacet
  facet normal 0 0 1
    outer loop
      vertex -3 178 19
      vertex 63.381499375038295 177.74696978728082 19
      vertex 63.831397071466164 177.80619994267437 19
    endloop
  endfacet
  facet normal 0 0 1
    outer loop
      vertex -3 178 19
      vertex 63.831397071466164 177.80619994267437 19
      vertex 64.28225995504101 177.8575692795751 19
    endloop
  endfacet
  facet normal 0 0 1
    outer loop
      vertex -3 178 19
      vertex 64.28225995504101 177.8575692795751 19
      vertex 64.7339506885609 177.90106215038537 19
    endloop
  endfacet
  facet normal 0 0 1
    outer loop
      vertex -3 178 19
      vertex 64.7339506885609 177.90106215038537 19
      vertex 65.18633168265274 177.93666530675543 19
    endloop
  endfacet
  facet normal 0 0 1
    outer loop
      vertex -3 178 19
      vertex 65.18633168265274 177.93666530675543 19
      vertex 65.63926513768345 177.96436790361892 19
    endloop
  endfacet
  facet normal 0 0 1
    outer loop
      vertex -3 178 19
      vertex 65.63926513768345 177.96436790361892 19
      vertex 66.09261308573497 177.98416150249648 19
    endloop
  endfacet
  facet normal 0 0 1
    outer loop
      vertex -3 178 19
      vertex 66.09261308573497 177.98416150249648 19
      vertex 66.54623743263062 177.99604007406617 19
    endloop
  endfacet
  facet normal 0 0 1
    outer loop
      vertex 25.185794934685976 169.96485293638702 19
      vertex 52.46098450976058 173.5549768864311 19
      vertex 52.839385089609294 173.80543476658102 19
    endloop
  endfacet
  facet normal 0 0 1
    outer loop
      vertex 24.871322893124002 170.07007380960792 19
      vertex 52.839385089609294 173.80543476658102 19
      vertex 53.22209912993667 174.04925050006707 19
    endloop
  endfacet
  facet normal 0 0 1
    outer loop
      vertex 24.555062389732 170.16979036329766 19
      vertex 53.22209912993667 174.04925050006707 19
      vertex 53.60901005233859 174.2863498182549 19
    endloop
  endfacet
  facet normal 0 0 1
    outer loop
      vertex 23.917561856947895 170.35259069949228 19
      vertex 53.60901005233859 174.2863498182549 19
      vertex 54 174.5166604983954 19
    endloop
  endfacet
  facet normal 0 0 1
    outer loop
      vertex 23.596516016393686 170.43561879924394 19
      vertex 54 174.5166604983954 19
      vertex 54.39494987359524 174.7401123856243 19
    endloop
  endfacet
  facet normal 0 0 1
    outer loop
      vertex 23.274070032533434 170.51303123091947 19
      vertex 54.39494987359524 174.7401123856243 19
      vertex 54.79373936756684 174.9566374143321 19
    endloop
  endfacet
  facet normal 0 0 1
    outer loop
      vertex 22.950322125537426 170.58480441394232 19
      vertex 54.79373936756684 174.9566374143321 19
      vertex 55.196247006771785 175.16616962889756 19
    endloop
  endfacet
  facet normal 0 0 1
    outer loop
      vertex 22.625370912154352 170.6509164855056 19
      vertex 55.196247006771785 175.16616962889756 19
      vertex 55.602350183483985 175.36864520377833 19
    endloop
  endfacet
  facet normal 0 0 1
    outer loop
      vertex 22.299315375671675 170.71134730723196 19
      vertex 55.602350183483985 175.36864520377833 19
      vertex 56.01192519474181 175.56400246295289 19
    endloop
  endfacet
  facet normal 0 0 1
    outer loop
      vertex 21.972254835764385 170.76607847130762 19
      vertex 56.01192519474181 175.56400246295289 19
      vertex 56.4248472800292 175.75218189870762 19
    endloop
  endfacet
  facet normal 0 0 1
    outer loop
      vertex 21.644288918241244 170.81509330608984 19
      vertex 56.4248472800292 175.75218189870762 19
      vertex 56.84099065927888 175.93312618976344 19
    endloop
  endfacet
  facet normal 0 0 1
    outer loop
      vertex 20.986040802085416 170.8959160119972 19
      vertex 56.84099065927888 175.93312618976344 19
      vertex 57.26022857118629 176.10678021873647 19
    endloop
  endfacet
  facet normal 0 0 1
    outer loop
      vertex 20.655959112205505 170.92769926374316 19
      vertex 57.26022857118629 176.10678021873647 19
      vertex 57.682433311822194 176.27309108892723 19
    endloop
  endfacet
  facet normal 0 0 1
    outer loop
      vertex 20.32537300113838 170.95371695493665 19
      vertex 57.682433311822194 176.27309108892723 19
      vertex 58.10747627353261 176.43200814043362 19
    endloop
  endfacet
  facet normal 0 0 1
    outer loop
      vertex 19.994383168615933 170.9739611603369 19
      vertex 58.10747627353261 176.43200814043362 19
      vertex 58.535227984113924 176.58348296558225 19
    endloop
  endfacet
  facet normal 0 0 1
    outer loop
      vertex 19.663090437347517 170.98842571336283 19
      vertex 58.535227984113924 176.58348296558225 19
      vertex 58.96555814625137 176.727469423674 19
    endloop
  endfacet
  facet normal 0 0 1
    outer loop
      vertex 19.331595722308386 170.99710620797143 19
      vertex 58.96555814625137 176.727469423674 19
      vertex 59.39833567720884 176.86392365503892 19
    endloop
  endfacet
  facet normal 0 0 1
    outer loop
      vertex 19 171 19
      vertex 59.39833567720884 176.86392365503892 19
      vertex 59.833428748758024 176.9928040943963 19
    endloop
  endfacet
  facet normal 0 0 1
    outer loop
      vertex 18.668404277691614 170.99710620797143 19
      vertex 59.833428748758024 176.9928040943963 19
      vertex 60.27070482733446 177.11407148351577 19
    endloop
  endfacet
  facet normal 0 0 1
    outer loop
      vertex 18.336909562652483 170.98842571336283 19
      vertex 60.27070482733446 177.11407148351577 19
      vertex 60.71003071440864 177.22768888317592 19
    endloop
  endfacet
  facet normal 0 0 1
    outer loop
      vertex -3 178 19
      vertex 66.54623743263062 177.99604007406617 19
      vertex 67 178 19
    endloop
  endfacet
  facet normal 0 0 -1
    outer loop
      vertex 0 -3 -1.6
      vertex 93.19931926578283 -2.9933713153004646 -1.6
      vertex 93 -3 -1.6
    endloop
  endfacet
  facet normal 0 0 -1
    outer loop
      vertex 0 -3 -1.6
      vertex 93.29870353639126 -2.9850923269987106 -1.6
      vertex 93.19931926578283 -2.9933713153004646 -1.6
    endloop
  endfacet
  facet normal 0 0 -1
    outer loop
      vertex -0.024932987987995148 -2.999896392226219 -1.6
      vertex 93.39775771647692 -2.973514549434185 -1.6
      vertex 93.29870353639126 -2.9850923269987106 -1.6
    endloop
  endfacet
  facet normal 0 0 -1
    outer loop
      vertex -0.12463049590587616 -2.997410088777542 -1.6
      vertex 93.49637234210968 -2.958650790154934 -1.6
      vertex 93.39775771647692 -2.973514549434185 -1.6
    endloop
  endfacet
  facet normal 0 0 -1
    outer loop
      vertex -0.22419027984142303 -2.9916113913059235 -1.6
      vertex 93.59443842619658 -2.9405174627900124 -1.6
      vertex 93.49637234210968 -2.958650790154934 -1.6
    endloop
  endfacet
  facet normal 0 0 -1
    outer loop
      vertex -0.323502317070961 -2.9825067073106766 -1.6
      vertex 93.69184761494398 -2.919134609401226 -1.6
      vertex 93.59443842619658 -2.9405174627900124 -1.6
    endloop
  endfacet
  facet normal 0 0 -1
    outer loop
      vertex -0.42245684564113617 -2.9701060950756073 -1.6
      vertex 93.78849224001169 -2.8945258632302284 -1.6
      vertex 93.69184761494398 -2.919134609401226 -1.6
    endloop
  endfacet
  facet normal 0 0 -1
    outer loop
      vertex -0.5209445357322693 -2.9544232562184334 -1.6
      vertex 93.88426551967859 -2.8667184188961983 -1.6
      vertex 93.78849224001169 -2.8945258632302284 -1.6
    endloop
  endfacet
  facet normal 0 0 -1
    outer loop
      vertex -0.6188565269112587 -2.935475528240204 -1.6
      vertex 93.97906161099672 -2.8357430025935173 -1.6
      vertex 93.88426551967859 -2.8667184188961983 -1.6
    endloop
  endfacet
  facet normal 0 0 -1
    outer loop
      vertex -0.7160846367478371 -2.9132838547229767 -1.6
      vertex 94.07277575880289 -2.801633842289448 -1.6
      vertex 93.97906161099672 -2.8357430025935173 -1.6
    endloop
  endfacet
  facet normal 0 0 -1
    outer loop
      vertex -0.812521405518055 -2.887872740626335 -1.6
      vertex 94.16530438512564 -2.76442863792181 -1.6
      vertex 94.07277575880289 -2.801633842289448 -1.6
    endloop
  endfacet
  facet normal 0 0 -1
    outer loop
      vertex -0.9080602675676346 -2.8592702820897102 -1.6
      vertex 94.25654526054859 -2.7241685017943382 -1.6
      vertex 94.16530438512564 -2.76442863792181 -1.6
    endloop
  endfacet
  facet normal 0 0 -1
    outer loop
      vertex -1.0025956481695175 -2.827508084475994 -1.6
      vertex 94.34639754146338 -2.6808979213237762 -1.6
      vertex 94.25654526054859 -2.7241685017943382 -1.6
    endloop
  endfacet
  facet normal 0 0 -1
    outer loop
      vertex -1.0960230752825737 -2.792621247470379 -1.6
      vertex 94.43476193398237 -2.634664721786976 -1.6
      vertex 94.34639754146338 -2.6808979213237762 -1.6
    endloop
  endfacet
  facet normal 0 0 -1
    outer loop
      vertex -1.188239298760891 -2.754648320376873 -1.6
      vertex 94.52154079824686 -2.5855199843645096 -1.6
      vertex 94.43476193398237 -2.634664721786976 -1.6
    endloop
  endfacet
  facet normal 0 0 -1
    outer loop
      vertex -1.2791424170136452 -2.713631272315979 -1.6
      vertex 94.60663822293282 -2.5335180312395096 -1.6
      vertex 94.52154079824686 -2.5855199843645096 -1.6
    endloop
  endfacet
  facet normal 0 0 -1
    outer loop
      vertex -1.368631973862648 -2.669615425169468 -1.6
      vertex 94.68996017426252 -2.4787163212895393 -1.6
      vertex 94.60663822293282 -2.5335180312395096 -1.6
    endloop
  endfacet
  facet normal 0 0 -1
    outer loop
      vertex -1.456609070301056 -2.622649423778057 -1.6
      vertex 94.77141457796097 -2.4211754202842712 -1.6
      vertex 94.68996017426252 -2.4787163212895393 -1.6
    endloop
  endfacet
  facet normal 0 0 -1
    outer loop
      vertex -1.5429764911532402 -2.5727851688861847 -1.6
      vertex 94.8509114086628 -2.360958904027939 -1.6
      vertex 94.77141457796097 -2.4211754202842712 -1.6
    endloop
  endfacet
  facet normal 0 0 -1
    outer loop
      vertex -1.6276387944817543 -2.520077772438526 -1.6
      vertex 94.92836283147335 -2.2981333285570145 -1.6
      vertex 94.8509114086628 -2.360958904027939 -1.6
    endloop
  endfacet
  facet normal 0 0 -1
    outer loop
      vertex -1.7105024084448814 -2.4645854607224464 -1.6
      vertex 95.00368323922157 -2.2327681183815002 -1.6
      vertex 94.92836283147335 -2.2981333285570145 -1.6
    endloop
  endfacet
  facet normal 0 0 -1
    outer loop
      vertex -1.791475772857666 -2.4063695818185806 -1.6
      vertex 95.0767894089222 -2.1649355068802834 -1.6
      vertex 95.00368323922157 -2.2327681183815002 -1.6
    endloop
  endfacet
  facet normal 0 0 -1
    outer loop
      vertex -1.870469406247139 -2.3454944491386414 -1.6
      vertex 95.14760054647923 -2.0947104543447495 -1.6
      vertex 95.0767894089222 -2.1649355068802834 -1.6
    endloop
  endfacet
  facet normal 0 0 -1
    outer loop
      vertex -1.9473960027098656 -2.282027341425419 -1.6
      vertex 95.21603839844465 -2.022170566022396 -1.6
      vertex 95.14760054647923 -2.0947104543447495 -1.6
    endloop
  endfacet
  facet normal 0 0 -1
    outer loop
      vertex -2.022170566022396 -2.2160383984446526 -1.6
      vertex 95.28202734142542 -1.9473960027098656 -1.6
      vertex 95.21603839844465 -2.022170566022396 -1.6
    endloop
  endfacet
  facet normal 0 0 -1
    outer loop
      vertex -2.0947104543447495 -2.147600546479225 -1.6
      vertex 95.34549444913864 -1.870469406247139 -1.6
      vertex 95.28202734142542 -1.9473960027098656 -1.6
    endloop
  endfacet
  facet normal 0 0 -1
    outer loop
      vertex -2.1649355068802834 -2.0767894089221954 -1.6
      vertex 95.40636958181858 -1.791475772857666 -1.6
      vertex 95.34549444913864 -1.870469406247139 -1.6
    endloop
  endfacet
  facet normal 0 0 -1
    outer loop
      vertex -2.2327681183815002 -2.003683239221573 -1.6
      vertex 95.46458546072245 -1.7105024084448814 -1.6
      vertex 95.40636958181858 -1.791475772857666 -1.6
    endloop
  endfacet
  facet normal 0 0 -1
    outer loop
      vertex -2.2981333285570145 -1.9283628314733505 -1.6
      vertex 95.52007777243853 -1.6276387944817543 -1.6
      vertex 95.46458546072245 -1.7105024084448814 -1.6
    endloop
  endfacet
  facet normal 0 0 -1
    outer loop
      vertex -2.360958904027939 -1.850911408662796 -1.6
      vertex 95.57278516888618 -1.5429764911532402 -1.6
      vertex 95.52007777243853 -1.6276387944817543 -1.6
    endloop
  endfacet
  facet normal 0 0 -1
    outer loop
      vertex -2.4211754202842712 -1.771414577960968 -1.6
      vertex 95.62264942377806 -1.456609070301056 -1.6
      vertex 95.57278516888618 -1.5429764911532402 -1.6
    endloop
  endfacet
  facet normal 0 0 -1
    outer loop
      vertex -2.4787163212895393 -1.6899601742625237 -1.6
      vertex 95.66961542516947 -1.368631973862648 -1.6
      vertex 95.62264942377806 -1.456609070301056 -1.6
    endloop
  endfacet
  facet normal 0 0 -1
    outer loop
      vertex -2.5335180312395096 -1.6066382229328156 -1.6
      vertex 95.71363127231598 -1.2791424170136452 -1.6
      vertex 95.66961542516947 -1.368631973862648 -1.6
    endloop
  endfacet
  facet normal 0 0 -1
    outer loop
      vertex -2.5855199843645096 -1.5215407982468605 -1.6
      vertex 95.75464832037687 -1.188239298760891 -1.6
      vertex 95.71363127231598 -1.2791424170136452 -1.6
    endloop
  endfacet
  facet normal 0 0 -1
    outer loop
      vertex -2.634664721786976 -1.4347619339823723 -1.6
      vertex 95.79262124747038 -1.0960230752825737 -1.6
      vertex 95.75464832037687 -1.188239298760891 -1.6
    endloop
  endfacet
  facet normal 0 0 -1
    outer loop
      vertex -2.6808979213237762 -1.346397541463375 -1.6
      vertex 95.827508084476 -1.0025956481695175 -1.6
      vertex 95.79262124747038 -1.0960230752825737 -1.6
    endloop
  endfacet
  facet normal 0 0 -1
    outer loop
      vertex -2.7241685017943382 -1.2565452605485916 -1.6
      vertex 95.85927028208971 -0.9080602675676346 -1.6
      vertex 95.827508084476 -1.0025956481695175 -1.6
    endloop
  endfacet
  facet normal 0 0 -1
    outer loop
      vertex -2.76442863792181 -1.165304385125637 -1.6
      vertex 95.88787274062634 -0.812521405518055 -1.6
      vertex 95.85927028208971 -0.9080602675676346 -1.6
    endloop
  endfacet
  facet normal 0 0 -1
    outer loop
      vertex -2.801633842289448 -1.0727757588028908 -1.6
      vertex 95.91328385472298 -0.7160846367478371 -1.6
      vertex 95.88787274062634 -0.812521405518055 -1.6
    endloop
  endfacet
  facet normal 0 0 -1
    outer loop
      vertex -2.8357430025935173 -0.9790616109967232 -1.6
      vertex 95.9354755282402 -0.6188565269112587 -1.6
      vertex 95.91328385472298 -0.7160846367478371 -1.6
    endloop
  endfacet
  facet normal 0 0 -1
    outer loop
      vertex -2.8667184188961983 -0.8842655196785927 -1.6
      vertex 95.95442325621843 -0.5209445357322693 -1.6
      vertex 95.9354755282402 -0.6188565269112587 -1.6
    endloop
  endfacet
  facet normal 0 0 -1
    outer loop
      vertex -2.8945258632302284 -0.788492240011692 -1.6
      vertex 95.97010609507561 -0.42245684564113617 -1.6
      vertex 95.95442325621843 -0.5209445357322693 -1.6
    endloop
  endfacet
  facet normal 0 0 -1
    outer loop
      vertex -2.919134609401226 -0.6918476149439812 -1.6
      vertex 95.98250670731068 -0.323502317070961 -1.6
      vertex 95.97010609507561 -0.42245684564113617 -1.6
    endloop
  endfacet
  facet normal 0 0 -1
    outer loop
      vertex -2.9405174627900124 -0.5944384261965752 -1.6
      vertex 95.99161139130592 -0.22419027984142303 -1.6
      vertex 95.98250670731068 -0.323502317070961 -1.6
    endloop
  endfacet
  facet normal 0 0 -1
    outer loop
      vertex -2.958650790154934 -0.4963723421096802 -1.6
      vertex 95.99741008877754 -0.12463049590587616 -1.6
      vertex 95.99161139130592 -0.22419027984142303 -1.6
    endloop
  endfacet
  facet normal 0 0 -1
    outer loop
      vertex -2.973514549434185 -0.39775771647691727 -1.6
      vertex 95.99989639222622 -0.024932987987995148 -1.6
      vertex 95.99741008877754 -0.12463049590587616 -1.6
    endloop
  endfacet
  facet normal 0 0 -1
    outer loop
      vertex -2.9850923269987106 -0.29870353639125824 -1.6
      vertex 96 0 -1.6
      vertex 95.99989639222622 -0.024932987987995148 -1.6
    endloop
  endfacet
  facet normal 0 0 -1
    outer loop
      vertex -2.9933713153004646 -0.1993192657828331 -1.6
      vertex 96 178 -1.6
      vertex 96 0 -1.6
    endloop
  endfacet
  facet normal 0 0 -1
    outer loop
      vertex 93 -3 -1.6
      vertex 93.19931926578283 -2.9933713153004646 -1.6
      vertex 93.09971473366022 -2.9983423724770546 -1.6
    endloop
  endfacet
  facet normal 0.016621400560574765 -0.999861854979679 0
    outer loop
      vertex 93 -3 -1.6
      vertex 93.09971473366022 -2.9983423724770546 -1.6
      vertex 93 -3 19
    endloop
  endfacet
  facet normal 0.04984590209915564 -0.9987569203985129 0
    outer loop
      vertex 93.09971473366022 -2.9983423724770546 -1.6
      vertex 93.19931926578283 -2.9933713153004646 -1.6
      vertex 93.09971473366022 -2.9983423724770546 19
    endloop
  endfacet
  facet normal 0.08301526455198123 -0.9965482757254485 0
    outer loop
      vertex 93.19931926578283 -2.9933713153004646 -1.6
      vertex 93.29870353639126 -2.9850923269987106 -1.6
      vertex 93.19931926578283 -2.9933713153004646 19
    endloop
  endfacet
  facet normal 0.11609295746924854 -0.9932383526757529 0
    outer loop
      vertex 93.29870353639126 -2.9850923269987106 -1.6
      vertex 93.39775771647692 -2.973514549434185 -1.6
      vertex 93.29870353639126 -2.9850923269987106 19
    endloop
  endfacet
  facet normal 0.1490422273728462 -0.9888308320737885 0
    outer loop
      vertex 93.39775771647692 -2.973514549434185 -1.6
      vertex 93.49637234210968 -2.958650790154934 -1.6
      vertex 93.39775771647692 -2.973514549434185 19
    endloop
  endfacet
  facet normal 0.18182692740126405 -0.983330548936529 0
    outer loop
      vertex 93.49637234210968 -2.958650790154934 -1.6
      vertex 93.59443842619658 -2.9405174627900124 -1.6
      vertex 93.49637234210968 -2.958650790154934 19
    endloop
  endfacet
  facet normal 0.21441062908495281 -0.9767436112590625 0
    outer loop
      vertex 93.59443842619658 -2.9405174627900124 -1.6
      vertex 93.69184761494398 -2.919134609401226 -1.6
      vertex 93.59443842619658 -2.9405174627900124 19
    endloop
  endfacet
  facet normal 0.24675740521553163 -0.9690772843129167 0
    outer loop
      vertex 93.69184761494398 -2.919134609401226 -1.6
      vertex 93.78849224001169 -2.8945258632302284 -1.6
      vertex 93.69184761494398 -2.919134609401226 19
    endloop
  endfacet
  facet normal 0.27883145191168135 -0.9603400550975804 0
    outer loop
      vertex 93.78849224001169 -2.8945258632302284 -1.6
      vertex 93.88426551967859 -2.8667184188961983 -1.6
      vertex 93.78849224001169 -2.8945258632302284 19
    endloop
  endfacet
  facet normal 0.3105974095789849 -0.9505415557264314 0
    outer loop
      vertex 93.88426551967859 -2.8667184188961983 -1.6
      vertex 93.97906161099672 -2.8357430025935173 -1.6
      vertex 93.88426551967859 -2.8667184188961983 19
    endloop
  endfacet
  facet normal 0.34202014308661416 -0.939692620872917 0
    outer loop
      vertex 93.97906161099672 -2.8357430025935173 -1.6
      vertex 94.07277575880289 -2.801633842289448 -1.6
      vertex 93.97906161099672 -2.8357430025935173 19
    endloop
  endfacet
  facet normal 0.3730649110013122 -0.9278052447467534 0
    outer loop
      vertex 94.07277575880289 -2.801633842289448 -1.6
      vertex 94.16530438512564 -2.76442863792181 -1.6
      vertex 94.07277575880289 -2.801633842289448 19
    endloop
  endfacet
  facet normal 0.4036973551331044 -0.914892586842049 0
    outer loop
      vertex 94.16530438512564 -2.76442863792181 -1.6
      vertex 94.25654526054859 -2.7241685017943382 -1.6
      vertex 94.16530438512564 -2.76442863792181 19
    endloop
  endfacet
  facet normal 0.43388375979231825 -0.9009688579459791 0
    outer loop
      vertex 94.25654526054859 -2.7241685017943382 -1.6
      vertex 94.34639754146338 -2.6808979213237762 -1.6
      vertex 94.25654526054859 -2.7241685017943382 19
    endloop
  endfacet
  facet normal 0.46359062316792204 -0.8860495099658809 0
    outer loop
      vertex 94.34639754146338 -2.6808979213237762 -1.6
      vertex 94.43476193398237 -2.634664721786976 -1.6
      vertex 94.34639754146338 -2.6808979213237762 19
    endloop
  endfacet
  facet normal 0.49278521723022295 -0.8701509809678789 0
    outer loop
      vertex 94.43476193398237 -2.634664721786976 -1.6
      vertex 94.52154079824686 -2.5855199843645096 -1.6
      vertex 94.43476193398237 -2.634664721786976 19
    endloop
  endfacet
  facet normal 0.5214351989340092 -0.8532908843487373 0
    outer loop
      vertex 94.52154079824686 -2.5855199843645096 -1.6
      vertex 94.60663822293282 -2.5335180312395096 -1.6
      vertex 94.52154079824686 -2.5855199843645096 19
    endloop
  endfacet
  facet normal 0.5495089812688283 -0.8354878093095642 0
    outer loop
      vertex 94.60663822293282 -2.5335180312395096 -1.6
      vertex 94.68996017426252 -2.4787163212895393 -1.6
      vertex 94.60663822293282 -2.5335180312395096 19
    endloop
  endfacet
  facet normal 0.5769754562369566 -0.816761484706616 0
    outer loop
      vertex 94.68996017426252 -2.4787163212895393 -1.6
      vertex 94.77141457796097 -2.4211754202842712 -1.6
      vertex 94.68996017426252 -2.4787163212895393 19
    endloop
  endfacet
  facet normal 0.6038044550462834 -0.7971324733482261 0
    outer loop
      vertex 94.77141457796097 -2.4211754202842712 -1.6
      vertex 94.8509114086628 -2.360958904027939 -1.6
      vertex 94.77141457796097 -2.4211754202842712 19
    endloop
  endfacet
  facet normal 0.6299660456793424 -0.7766226762663659 0
    outer loop
      vertex 94.8509114086628 -2.360958904027939 -1.6
      vertex 94.92836283147335 -2.2981333285570145 -1.6
      vertex 94.8509114086628 -2.360958904027939 19
    endloop
  endfacet
  facet normal 0.6554315717764836 -0.755254562858516 0
    outer loop
      vertex 94.92836283147335 -2.2981333285570145 -1.6
      vertex 95.00368323922157 -2.2327681183815002 -1.6
      vertex 94.92836283147335 -2.2981333285570145 19
    endloop
  endfacet
  facet normal 0.680172732176139 -0.7330518770210237 0
    outer loop
      vertex 95.00368323922157 -2.2327681183815002 -1.6
      vertex 95.0767894089222 -2.1649355068802834 -1.6
      vertex 95.00368323922157 -2.2327681183815002 19
    endloop
  endfacet
  facet normal 0.7041622732009971 -0.7100390785023063 0
    outer loop
      vertex 95.0767894089222 -2.1649355068802834 -1.6
      vertex 95.14760054647923 -2.0947104543447495 -1.6
      vertex 95.0767894089222 -2.1649355068802834 19
    endloop
  endfacet
  facet normal 0.7273736564886313 -0.6862416220591393 0
    outer loop
      vertex 95.14760054647923 -2.0947104543447495 -1.6
      vertex 95.21603839844465 -2.022170566022396 -1.6
      vertex 95.14760054647923 -2.0947104543447495 19
    endloop
  endfacet
  facet normal 0.7497812063230084 -0.6616858337948716 0
    outer loop
      vertex 95.21603839844465 -2.022170566022396 -1.6
      vertex 95.28202734142542 -1.9473960027098656 -1.6
      vertex 95.21603839844465 -2.022170566022396 19
    endloop
  endfacet
  facet normal 0.7713601574671872 -0.6363988587923425 0
    outer loop
      vertex 95.28202734142542 -1.9473960027098656 -1.6
      vertex 95.34549444913864 -1.870469406247139 -1.6
      vertex 95.28202734142542 -1.9473960027098656 19
    endloop
  endfacet
  facet normal 0.7920867627791057 -0.6104085191329791 0
    outer loop
      vertex 95.34549444913864 -1.870469406247139 -1.6
      vertex 95.40636958181858 -1.791475772857666 -1.6
      vertex 95.34549444913864 -1.870469406247139 19
    endloop
  endfacet
  facet normal 0.8119380319231037 -0.5837436357827269 0
    outer loop
      vertex 95.40636958181858 -1.791475772857666 -1.6
      vertex 95.46458546072245 -1.7105024084448814 -1.6
      vertex 95.40636958181858 -1.791475772857666 19
    endloop
  endfacet
  facet normal 0.8308919501902448 -0.5564337940034301 0
    outer loop
      vertex 95.46458546072245 -1.7105024084448814 -1.6
      vertex 95.52007777243853 -1.6276387944817543 -1.6
      vertex 95.46458546072245 -1.7105024084448814 19
    endloop
  endfacet
  facet normal 0.8489278070367654 -0.5285088253186966 0
    outer loop
      vertex 95.52007777243853 -1.6276387944817543 -1.6
      vertex 95.57278516888618 -1.5429764911532402 -1.6
      vertex 95.52007777243853 -1.6276387944817543 19
    endloop
  endfacet
  facet normal 0.866025398514873 -0.5000000091271554 0
    outer loop
      vertex 95.57278516888618 -1.5429764911532402 -1.6
      vertex 95.62264942377806 -1.456609070301056 -1.6
      vertex 95.57278516888618 -1.5429764911532402 19
    endloop
  endfacet
  facet normal 0.882165997646866 -0.47093858686214 0
    outer loop
      vertex 95.62264942377806 -1.456609070301056 -1.6
      vertex 95.66961542516947 -1.368631973862648 -1.6
      vertex 95.62264942377806 -1.456609070301056 19
    endloop
  endfacet
  facet normal 0.8973317399087213 -0.4413567135009811 0
    outer loop
      vertex 95.66961542516947 -1.368631973862648 -1.6
      vertex 95.71363127231598 -1.2791424170136452 -1.6
      vertex 95.66961542516947 -1.368631973862648 19
    endloop
  endfacet
  facet normal 0.9115058556920089 -0.41128709563901766 0
    outer loop
      vertex 95.71363127231598 -1.2791424170136452 -1.6
      vertex 95.75464832037687 -1.188239298760891 -1.6
      vertex 95.71363127231598 -1.2791424170136452 19
    endloop
  endfacet
  facet normal 0.9246726583539422 -0.38076301670810103 0
    outer loop
      vertex 95.75464832037687 -1.188239298760891 -1.6
      vertex 95.79262124747038 -1.0960230752825737 -1.6
      vertex 95.75464832037687 -1.188239298760891 19
    endloop
  endfacet
  facet normal 0.9368176455099912 -0.3498180942448752 0
    outer loop
      vertex 95.79262124747038 -1.0960230752825737 -1.6
      vertex 95.827508084476 -1.0025956481695175 -1.6
      vertex 95.79262124747038 -1.0960230752825737 19
    endloop
  endfacet
  facet normal 0.94792734937905 -0.31848664069189586 0
    outer loop
      vertex 95.827508084476 -1.0025956481695175 -1.6
      vertex 95.85927028208971 -0.9080602675676346 -1.6
      vertex 95.827508084476 -1.0025956481695175 19
    endloop
  endfacet
  facet normal 0.9579895099596956 -0.28680324057998735 0
    outer loop
      vertex 95.85927028208971 -0.9080602675676346 -1.6
      vertex 95.88787274062634 -0.812521405518055 -1.6
      vertex 95.85927028208971 -0.9080602675676346 19
    endloop
  endfacet
  facet normal 0.9669930068978976 -0.25480291326937865 0
    outer loop
      vertex 95.88787274062634 -0.812521405518055 -1.6
      vertex 95.91328385472298 -0.7160846367478371 -1.6
      vertex 95.88787274062634 -0.812521405518055 19
    endloop
  endfacet
  facet normal 0.9749279297590092 -0.22252085694561827 0
    outer loop
      vertex 95.91328385472298 -0.7160846367478371 -1.6
      vertex 95.9354755282402 -0.6188565269112587 -1.6
      vertex 95.91328385472298 -0.7160846367478371 19
    endloop
  endfacet
  facet normal 0.9817854247659611 -0.18999310439361003 0
    outer loop
      vertex 95.9354755282402 -0.6188565269112587 -1.6
      vertex 95.95442325621843 -0.5209445357322693 -1.6
      vertex 95.9354755282402 -0.6188565269112587 19
    endloop
  endfacet
  facet normal 0.9875579811133547 -0.1572553145026102 0
    outer loop
      vertex 95.95442325621843 -0.5209445357322693 -1.6
      vertex 95.97010609507561 -0.42245684564113617 -1.6
      vertex 95.95442325621843 -0.5209445357322693 19
    endloop
  endfacet
  facet normal 0.9922392053889836 -0.12434371431254106 0
    outer loop
      vertex 95.97010609507561 -0.42245684564113617 -1.6
      vertex 95.98250670731068 -0.323502317070961 -1.6
      vertex 95.97010609507561 -0.42245684564113617 19
    endloop
  endfacet
  facet normal 0.9958239195510133 -0.09129469453400232 0
    outer loop
      vertex 95.98250670731068 -0.323502317070961 -1.6
      vertex 95.99161139130592 -0.22419027984142303 -1.6
      vertex 95.98250670731068 -0.323502317070961 19
    endloop
  endfacet
  facet normal 0.998308158043905 -0.05814483281415197 0
    outer loop
      vertex 95.99161139130592 -0.22419027984142303 -1.6
      vertex 95.99741008877754 -0.12463049590587616 -1.6
      vertex 95.99161139130592 -0.22419027984142303 19
    endloop
  endfacet
  facet normal 0.9996891812948917 -0.02493072004473697 0
    outer loop
      vertex 95.99741008877754 -0.12463049590587616 -1.6
      vertex 95.99989639222622 -0.024932987987995148 -1.6
      vertex 95.99741008877754 -0.12463049590587616 19
    endloop
  endfacet
  facet normal 0.999991366231322 -0.004155413675455017 0
    outer loop
      vertex 95.99989639222622 -0.024932987987995148 -1.6
      vertex 96 0 -1.6
      vertex 95.99989639222622 -0.024932987987995148 19
    endloop
  endfacet
  facet normal 1 0 0
    outer loop
      vertex 96 0 -1.6
      vertex 96 178 -1.6
      vertex 96 0 19
    endloop
  endfacet
  facet normal 0 -1 0
    outer loop
      vertex 0 -3 19
      vertex 93 -3 -1.6
      vertex 93 -3 19
    endloop
  endfacet
  facet normal 0 0 1
    outer loop
      vertex -2.9933713153004646 -0.1993192657828331 19
      vertex 96 0 19
      vertex 79.5 0 19
    endloop
  endfacet
  facet normal 0 0 1
    outer loop
      vertex 0 -3 19
      vertex 93 -3 19
      vertex 93.19931926578283 -2.9933713153004646 19
    endloop
  endfacet
  facet normal 0 0 1
    outer loop
      vertex 0 -3 19
      vertex 93.19931926578283 -2.9933713153004646 19
      vertex 93.29870353639126 -2.9850923269987106 19
    endloop
  endfacet
  facet normal 0 0 1
    outer loop
      vertex -0.024932987987995148 -2.999896392226219 19
      vertex 93.29870353639126 -2.9850923269987106 19
      vertex 93.39775771647692 -2.973514549434185 19
    endloop
  endfacet
  facet normal 0 0 1
    outer loop
      vertex -0.12463049590587616 -2.997410088777542 19
      vertex 93.39775771647692 -2.973514549434185 19
      vertex 93.49637234210968 -2.958650790154934 19
    endloop
  endfacet
  facet normal 0 0 1
    outer loop
      vertex -0.22419027984142303 -2.9916113913059235 19
      vertex 93.49637234210968 -2.958650790154934 19
      vertex 93.59443842619658 -2.9405174627900124 19
    endloop
  endfacet
  facet normal 0 0 1
    outer loop
      vertex -0.323502317070961 -2.9825067073106766 19
      vertex 93.59443842619658 -2.9405174627900124 19
      vertex 93.69184761494398 -2.919134609401226 19
    endloop
  endfacet
  facet normal 0 0 1
    outer loop
      vertex -0.42245684564113617 -2.9701060950756073 19
      vertex 93.69184761494398 -2.919134609401226 19
      vertex 93.78849224001169 -2.8945258632302284 19
    endloop
  endfacet
  facet normal 0 0 1
    outer loop
      vertex -0.5209445357322693 -2.9544232562184334 19
      vertex 93.78849224001169 -2.8945258632302284 19
      vertex 93.88426551967859 -2.8667184188961983 19
    endloop
  endfacet
  facet normal 0 0 1
    outer loop
      vertex -0.6188565269112587 -2.935475528240204 19
      vertex 93.88426551967859 -2.8667184188961983 19
      vertex 93.97906161099672 -2.8357430025935173 19
    endloop
  endfacet
  facet normal 0 0 1
    outer loop
      vertex -0.7160846367478371 -2.9132838547229767 19
      vertex 93.97906161099672 -2.8357430025935173 19
      vertex 94.07277575880289 -2.801633842289448 19
    endloop
  endfacet
  facet normal 0 0 1
    outer loop
      vertex -0.812521405518055 -2.887872740626335 19
      vertex 94.07277575880289 -2.801633842289448 19
      vertex 94.16530438512564 -2.76442863792181 19
    endloop
  endfacet
  facet normal 0 0 1
    outer loop
      vertex -0.9080602675676346 -2.8592702820897102 19
      vertex 94.16530438512564 -2.76442863792181 19
      vertex 94.25654526054859 -2.7241685017943382 19
    endloop
  endfacet
  facet normal 0 0 1
    outer loop
      vertex -1.0025956481695175 -2.827508084475994 19
      vertex 94.25654526054859 -2.7241685017943382 19
      vertex 94.34639754146338 -2.6808979213237762 19
    endloop
  endfacet
  facet normal 0 0 1
    outer loop
      vertex -1.0960230752825737 -2.792621247470379 19
      vertex 94.34639754146338 -2.6808979213237762 19
      vertex 94.43476193398237 -2.634664721786976 19
    endloop
  endfacet
  facet normal 0 0 1
    outer loop
      vertex -1.188239298760891 -2.754648320376873 19
      vertex 94.43476193398237 -2.634664721786976 19
      vertex 94.52154079824686 -2.5855199843645096 19
    endloop
  endfacet
  facet normal 0 0 1
    outer loop
      vertex -1.2791424170136452 -2.713631272315979 19
      vertex 94.52154079824686 -2.5855199843645096 19
      vertex 94.60663822293282 -2.5335180312395096 19
    endloop
  endfacet
  facet normal 0 0 1
    outer loop
      vertex -1.368631973862648 -2.669615425169468 19
      vertex 94.60663822293282 -2.5335180312395096 19
      vertex 94.68996017426252 -2.4787163212895393 19
    endloop
  endfacet
  facet normal 0 0 1
    outer loop
      vertex -1.456609070301056 -2.622649423778057 19
      vertex 94.68996017426252 -2.4787163212895393 19
      vertex 94.77141457796097 -2.4211754202842712 19
    endloop
  endfacet
  facet normal 0 0 1
    outer loop
      vertex -1.5429764911532402 -2.5727851688861847 19
      vertex 94.77141457796097 -2.4211754202842712 19
      vertex 94.8509114086628 -2.360958904027939 19
    endloop
  endfacet
  facet normal 0 0 1
    outer loop
      vertex -1.6276387944817543 -2.520077772438526 19
      vertex 94.8509114086628 -2.360958904027939 19
      vertex 94.92836283147335 -2.2981333285570145 19
    endloop
  endfacet
  facet normal 0 0 1
    outer loop
      vertex -1.7105024084448814 -2.4645854607224464 19
      vertex 94.92836283147335 -2.2981333285570145 19
      vertex 95.00368323922157 -2.2327681183815002 19
    endloop
  endfacet
  facet normal 0 0 1
    outer loop
      vertex -1.791475772857666 -2.4063695818185806 19
      vertex 95.00368323922157 -2.2327681183815002 19
      vertex 95.0767894089222 -2.1649355068802834 19
    endloop
  endfacet
  facet normal 0 0 1
    outer loop
      vertex -1.870469406247139 -2.3454944491386414 19
      vertex 95.0767894089222 -2.1649355068802834 19
      vertex 95.14760054647923 -2.0947104543447495 19
    endloop
  endfacet
  facet normal 0 0 1
    outer loop
      vertex -1.9473960027098656 -2.282027341425419 19
      vertex 95.14760054647923 -2.0947104543447495 19
      vertex 95.21603839844465 -2.022170566022396 19
    endloop
  endfacet
  facet normal 0 0 1
    outer loop
      vertex -2.022170566022396 -2.2160383984446526 19
      vertex 95.21603839844465 -2.022170566022396 19
      vertex 95.28202734142542 -1.9473960027098656 19
    endloop
  endfacet
  facet normal 0 0 1
    outer loop
      vertex -2.0947104543447495 -2.147600546479225 19
      vertex 95.28202734142542 -1.9473960027098656 19
      vertex 95.34549444913864 -1.870469406247139 19
    endloop
  endfacet
  facet normal 0 0 1
    outer loop
      vertex -2.1649355068802834 -2.0767894089221954 19
      vertex 95.34549444913864 -1.870469406247139 19
      vertex 95.40636958181858 -1.791475772857666 19
    endloop
  endfacet
  facet normal 0 0 1
    outer loop
      vertex -2.2327681183815002 -2.003683239221573 19
      vertex 95.40636958181858 -1.791475772857666 19
      vertex 95.46458546072245 -1.7105024084448814 19
    endloop
  endfacet
  facet normal 0 0 1
    outer loop
      vertex -2.2981333285570145 -1.9283628314733505 19
      vertex 95.46458546072245 -1.7105024084448814 19
      vertex 95.52007777243853 -1.6276387944817543 19
    endloop
  endfacet
  facet normal 0 0 1
    outer loop
      vertex -2.360958904027939 -1.850911408662796 19
      vertex 95.52007777243853 -1.6276387944817543 19
      vertex 95.57278516888618 -1.5429764911532402 19
    endloop
  endfacet
  facet normal 0 0 1
    outer loop
      vertex -2.4211754202842712 -1.771414577960968 19
      vertex 95.57278516888618 -1.5429764911532402 19
      vertex 95.62264942377806 -1.456609070301056 19
    endloop
  endfacet
  facet normal 0 0 1
    outer loop
      vertex -2.4787163212895393 -1.6899601742625237 19
      vertex 95.62264942377806 -1.456609070301056 19
      vertex 95.66961542516947 -1.368631973862648 19
    endloop
  endfacet
  facet normal 0 0 1
    outer loop
      vertex -2.5335180312395096 -1.6066382229328156 19
      vertex 95.66961542516947 -1.368631973862648 19
      vertex 95.71363127231598 -1.2791424170136452 19
    endloop
  endfacet
  facet normal 0 0 1
    outer loop
      vertex -2.5855199843645096 -1.5215407982468605 19
      vertex 95.71363127231598 -1.2791424170136452 19
      vertex 95.75464832037687 -1.188239298760891 19
    endloop
  endfacet
  facet normal 0 0 1
    outer loop
      vertex -2.634664721786976 -1.4347619339823723 19
      vertex 95.75464832037687 -1.188239298760891 19
      vertex 95.79262124747038 -1.0960230752825737 19
    endloop
  endfacet
  facet normal 0 0 1
    outer loop
      vertex -2.6808979213237762 -1.346397541463375 19
      vertex 95.79262124747038 -1.0960230752825737 19
      vertex 95.827508084476 -1.0025956481695175 19
    endloop
  endfacet
  facet normal 0 0 1
    outer loop
      vertex -2.7241685017943382 -1.2565452605485916 19
      vertex 95.827508084476 -1.0025956481695175 19
      vertex 95.85927028208971 -0.9080602675676346 19
    endloop
  endfacet
  facet normal 0 0 1
    outer loop
      vertex -2.76442863792181 -1.165304385125637 19
      vertex 95.85927028208971 -0.9080602675676346 19
      vertex 95.88787274062634 -0.812521405518055 19
    endloop
  endfacet
  facet normal 0 0 1
    outer loop
      vertex -2.801633842289448 -1.0727757588028908 19
      vertex 95.88787274062634 -0.812521405518055 19
      vertex 95.91328385472298 -0.7160846367478371 19
    endloop
  endfacet
  facet normal 0 0 1
    outer loop
      vertex -2.8357430025935173 -0.9790616109967232 19
      vertex 95.91328385472298 -0.7160846367478371 19
      vertex 95.9354755282402 -0.6188565269112587 19
    endloop
  endfacet
  facet normal 0 0 1
    outer loop
      vertex -2.8667184188961983 -0.8842655196785927 19
      vertex 95.9354755282402 -0.6188565269112587 19
      vertex 95.95442325621843 -0.5209445357322693 19
    endloop
  endfacet
  facet normal 0 0 1
    outer loop
      vertex -2.8945258632302284 -0.788492240011692 19
      vertex 95.95442325621843 -0.5209445357322693 19
      vertex 95.97010609507561 -0.42245684564113617 19
    endloop
  endfacet
  facet normal 0 0 1
    outer loop
      vertex -2.919134609401226 -0.6918476149439812 19
      vertex 95.97010609507561 -0.42245684564113617 19
      vertex 95.98250670731068 -0.323502317070961 19
    endloop
  endfacet
  facet normal 0 0 1
    outer loop
      vertex -2.9405174627900124 -0.5944384261965752 19
      vertex 95.98250670731068 -0.323502317070961 19
      vertex 95.99161139130592 -0.22419027984142303 19
    endloop
  endfacet
  facet normal 0 0 1
    outer loop
      vertex -2.958650790154934 -0.4963723421096802 19
      vertex 95.99161139130592 -0.22419027984142303 19
      vertex 95.99741008877754 -0.12463049590587616 19
    endloop
  endfacet
  facet normal 0 0 1
    outer loop
      vertex -2.973514549434185 -0.39775771647691727 19
      vertex 95.99741008877754 -0.12463049590587616 19
      vertex 95.99989639222622 -0.024932987987995148 19
    endloop
  endfacet
  facet normal 0 0 1
    outer loop
      vertex -2.9850923269987106 -0.29870353639125824 19
      vertex 95.99989639222622 -0.024932987987995148 19
      vertex 96 0 19
    endloop
  endfacet
  facet normal 0.016621400560574765 -0.999861854979679 0
    outer loop
      vertex 93.09971473366022 -2.9983423724770546 -1.6
      vertex 93.09971473366022 -2.9983423724770546 19
      vertex 93 -3 19
    endloop
  endfacet
  facet normal 0.04984590209915564 -0.9987569203985129 0
    outer loop
      vertex 93.19931926578283 -2.9933713153004646 -1.6
      vertex 93.19931926578283 -2.9933713153004646 19
      vertex 93.09971473366022 -2.9983423724770546 19
    endloop
  endfacet
  facet normal 0.08301526455198123 -0.9965482757254485 0
    outer loop
      vertex 93.29870353639126 -2.9850923269987106 -1.6
      vertex 93.29870353639126 -2.9850923269987106 19
      vertex 93.19931926578283 -2.9933713153004646 19
    endloop
  endfacet
  facet normal 0.11609295746924854 -0.9932383526757529 0
    outer loop
      vertex 93.39775771647692 -2.973514549434185 -1.6
      vertex 93.39775771647692 -2.973514549434185 19
      vertex 93.29870353639126 -2.9850923269987106 19
    endloop
  endfacet
  facet normal 0.1490422273728462 -0.9888308320737885 0
    outer loop
      vertex 93.49637234210968 -2.958650790154934 -1.6
      vertex 93.49637234210968 -2.958650790154934 19
      vertex 93.39775771647692 -2.973514549434185 19
    endloop
  endfacet
  facet normal 0.18182692740126405 -0.983330548936529 0
    outer loop
      vertex 93.59443842619658 -2.9405174627900124 -1.6
      vertex 93.59443842619658 -2.9405174627900124 19
      vertex 93.49637234210968 -2.958650790154934 19
    endloop
  endfacet
  facet normal 0.21441062908495281 -0.9767436112590625 0
    outer loop
      vertex 93.69184761494398 -2.919134609401226 -1.6
      vertex 93.69184761494398 -2.919134609401226 19
      vertex 93.59443842619658 -2.9405174627900124 19
    endloop
  endfacet
  facet normal 0.24675740521553163 -0.9690772843129167 0
    outer loop
      vertex 93.78849224001169 -2.8945258632302284 -1.6
      vertex 93.78849224001169 -2.8945258632302284 19
      vertex 93.69184761494398 -2.919134609401226 19
    endloop
  endfacet
  facet normal 0.27883145191168135 -0.9603400550975804 0
    outer loop
      vertex 93.88426551967859 -2.8667184188961983 -1.6
      vertex 93.88426551967859 -2.8667184188961983 19
      vertex 93.78849224001169 -2.8945258632302284 19
    endloop
  endfacet
  facet normal 0.3105974095789849 -0.9505415557264314 0
    outer loop
      vertex 93.97906161099672 -2.8357430025935173 -1.6
      vertex 93.97906161099672 -2.8357430025935173 19
      vertex 93.88426551967859 -2.8667184188961983 19
    endloop
  endfacet
  facet normal 0.34202014308661416 -0.939692620872917 0
    outer loop
      vertex 94.07277575880289 -2.801633842289448 -1.6
      vertex 94.07277575880289 -2.801633842289448 19
      vertex 93.97906161099672 -2.8357430025935173 19
    endloop
  endfacet
  facet normal 0.3730649110013122 -0.9278052447467534 0
    outer loop
      vertex 94.16530438512564 -2.76442863792181 -1.6
      vertex 94.16530438512564 -2.76442863792181 19
      vertex 94.07277575880289 -2.801633842289448 19
    endloop
  endfacet
  facet normal 0.4036973551331044 -0.914892586842049 0
    outer loop
      vertex 94.25654526054859 -2.7241685017943382 -1.6
      vertex 94.25654526054859 -2.7241685017943382 19
      vertex 94.16530438512564 -2.76442863792181 19
    endloop
  endfacet
  facet normal 0.43388375979231825 -0.9009688579459791 0
    outer loop
      vertex 94.34639754146338 -2.6808979213237762 -1.6
      vertex 94.34639754146338 -2.6808979213237762 19
      vertex 94.25654526054859 -2.7241685017943382 19
    endloop
  endfacet
  facet normal 0.46359062316792204 -0.8860495099658809 0
    outer loop
      vertex 94.43476193398237 -2.634664721786976 -1.6
      vertex 94.43476193398237 -2.634664721786976 19
      vertex 94.34639754146338 -2.6808979213237762 19
    endloop
  endfacet
  facet normal 0.49278521723022295 -0.8701509809678789 0
    outer loop
      vertex 94.52154079824686 -2.5855199843645096 -1.6
      vertex 94.52154079824686 -2.5855199843645096 19
      vertex 94.43476193398237 -2.634664721786976 19
    endloop
  endfacet
  facet normal 0.5214351989340092 -0.8532908843487373 0
    outer loop
      vertex 94.60663822293282 -2.5335180312395096 -1.6
      vertex 94.60663822293282 -2.5335180312395096 19
      vertex 94.52154079824686 -2.5855199843645096 19
    endloop
  endfacet
  facet normal 0.5495089812688283 -0.8354878093095642 0
    outer loop
      vertex 94.68996017426252 -2.4787163212895393 -1.6
      vertex 94.68996017426252 -2.4787163212895393 19
      vertex 94.60663822293282 -2.5335180312395096 19
    endloop
  endfacet
  facet normal 0.5769754562369566 -0.816761484706616 0
    outer loop
      vertex 94.77141457796097 -2.4211754202842712 -1.6
      vertex 94.77141457796097 -2.4211754202842712 19
      vertex 94.68996017426252 -2.4787163212895393 19
    endloop
  endfacet
  facet normal 0.6038044550462834 -0.7971324733482261 0
    outer loop
      vertex 94.8509114086628 -2.360958904027939 -1.6
      vertex 94.8509114086628 -2.360958904027939 19
      vertex 94.77141457796097 -2.4211754202842712 19
    endloop
  endfacet
  facet normal 0.6299660456793424 -0.7766226762663659 0
    outer loop
      vertex 94.92836283147335 -2.2981333285570145 -1.6
      vertex 94.92836283147335 -2.2981333285570145 19
      vertex 94.8509114086628 -2.360958904027939 19
    endloop
  endfacet
  facet normal 0.6554315717764836 -0.755254562858516 0
    outer loop
      vertex 95.00368323922157 -2.2327681183815002 -1.6
      vertex 95.00368323922157 -2.2327681183815002 19
      vertex 94.92836283147335 -2.2981333285570145 19
    endloop
  endfacet
  facet normal 0.680172732176139 -0.7330518770210237 0
    outer loop
      vertex 95.0767894089222 -2.1649355068802834 -1.6
      vertex 95.0767894089222 -2.1649355068802834 19
      vertex 95.00368323922157 -2.2327681183815002 19
    endloop
  endfacet
  facet normal 0.7041622732009971 -0.7100390785023063 0
    outer loop
      vertex 95.14760054647923 -2.0947104543447495 -1.6
      vertex 95.14760054647923 -2.0947104543447495 19
      vertex 95.0767894089222 -2.1649355068802834 19
    endloop
  endfacet
  facet normal 0.7273736564886313 -0.6862416220591393 0
    outer loop
      vertex 95.21603839844465 -2.022170566022396 -1.6
      vertex 95.21603839844465 -2.022170566022396 19
      vertex 95.14760054647923 -2.0947104543447495 19
    endloop
  endfacet
  facet normal 0.7497812063230084 -0.6616858337948716 0
    outer loop
      vertex 95.28202734142542 -1.9473960027098656 -1.6
      vertex 95.28202734142542 -1.9473960027098656 19
      vertex 95.21603839844465 -2.022170566022396 19
    endloop
  endfacet
  facet normal 0.7713601574671872 -0.6363988587923425 0
    outer loop
      vertex 95.34549444913864 -1.870469406247139 -1.6
      vertex 95.34549444913864 -1.870469406247139 19
      vertex 95.28202734142542 -1.9473960027098656 19
    endloop
  endfacet
  facet normal 0.7920867627791057 -0.6104085191329791 0
    outer loop
      vertex 95.40636958181858 -1.791475772857666 -1.6
      vertex 95.40636958181858 -1.791475772857666 19
      vertex 95.34549444913864 -1.870469406247139 19
    endloop
  endfacet
  facet normal 0.8119380319231037 -0.5837436357827269 0
    outer loop
      vertex 95.46458546072245 -1.7105024084448814 -1.6
      vertex 95.46458546072245 -1.7105024084448814 19
      vertex 95.40636958181858 -1.791475772857666 19
    endloop
  endfacet
  facet normal 0.8308919501902448 -0.5564337940034301 0
    outer loop
      vertex 95.52007777243853 -1.6276387944817543 -1.6
      vertex 95.52007777243853 -1.6276387944817543 19
      vertex 95.46458546072245 -1.7105024084448814 19
    endloop
  endfacet
  facet normal 0.8489278070367654 -0.5285088253186966 0
    outer loop
      vertex 95.57278516888618 -1.5429764911532402 -1.6
      vertex 95.57278516888618 -1.5429764911532402 19
      vertex 95.52007777243853 -1.6276387944817543 19
    endloop
  endfacet
  facet normal 0.866025398514873 -0.5000000091271554 0
    outer loop
      vertex 95.62264942377806 -1.456609070301056 -1.6
      vertex 95.62264942377806 -1.456609070301056 19
      vertex 95.57278516888618 -1.5429764911532402 19
    endloop
  endfacet
  facet normal 0.882165997646866 -0.47093858686214 0
    outer loop
      vertex 95.66961542516947 -1.368631973862648 -1.6
      vertex 95.66961542516947 -1.368631973862648 19
      vertex 95.62264942377806 -1.456609070301056 19
    endloop
  endfacet
  facet normal 0.8973317399087213 -0.4413567135009811 0
    outer loop
      vertex 95.71363127231598 -1.2791424170136452 -1.6
      vertex 95.71363127231598 -1.2791424170136452 19
      vertex 95.66961542516947 -1.368631973862648 19
    endloop
  endfacet
  facet normal 0.9115058556920089 -0.41128709563901766 0
    outer loop
      vertex 95.75464832037687 -1.188239298760891 -1.6
      vertex 95.75464832037687 -1.188239298760891 19
      vertex 95.71363127231598 -1.2791424170136452 19
    endloop
  endfacet
  facet normal 0.9246726583539422 -0.38076301670810103 0
    outer loop
      vertex 95.79262124747038 -1.0960230752825737 -1.6
      vertex 95.79262124747038 -1.0960230752825737 19
      vertex 95.75464832037687 -1.188239298760891 19
    endloop
  endfacet
  facet normal 0.9368176455099912 -0.3498180942448752 0
    outer loop
      vertex 95.827508084476 -1.0025956481695175 -1.6
      vertex 95.827508084476 -1.0025956481695175 19
      vertex 95.79262124747038 -1.0960230752825737 19
    endloop
  endfacet
  facet normal 0.94792734937905 -0.31848664069189586 0
    outer loop
      vertex 95.85927028208971 -0.9080602675676346 -1.6
      vertex 95.85927028208971 -0.9080602675676346 19
      vertex 95.827508084476 -1.0025956481695175 19
    endloop
  endfacet
  facet normal 0.9579895099596956 -0.28680324057998735 0
    outer loop
      vertex 95.88787274062634 -0.812521405518055 -1.6
      vertex 95.88787274062634 -0.812521405518055 19
      vertex 95.85927028208971 -0.9080602675676346 19
    endloop
  endfacet
  facet normal 0.9669930068978976 -0.25480291326937865 0
    outer loop
      vertex 95.91328385472298 -0.7160846367478371 -1.6
      vertex 95.91328385472298 -0.7160846367478371 19
      vertex 95.88787274062634 -0.812521405518055 19
    endloop
  endfacet
  facet normal 0.9749279297590092 -0.22252085694561827 0
    outer loop
      vertex 95.9354755282402 -0.6188565269112587 -1.6
      vertex 95.9354755282402 -0.6188565269112587 19
      vertex 95.91328385472298 -0.7160846367478371 19
    endloop
  endfacet
  facet normal 0.9817854247659611 -0.18999310439361003 0
    outer loop
      vertex 95.95442325621843 -0.5209445357322693 -1.6
      vertex 95.95442325621843 -0.5209445357322693 19
      vertex 95.9354755282402 -0.6188565269112587 19
    endloop
  endfacet
  facet normal 0.9875579811133547 -0.1572553145026102 0
    outer loop
      vertex 95.97010609507561 -0.42245684564113617 -1.6
      vertex 95.97010609507561 -0.42245684564113617 19
      vertex 95.95442325621843 -0.5209445357322693 19
    endloop
  endfacet
  facet normal 0.9922392053889836 -0.12434371431254106 0
    outer loop
      vertex 95.98250670731068 -0.323502317070961 -1.6
      vertex 95.98250670731068 -0.323502317070961 19
      vertex 95.97010609507561 -0.42245684564113617 19
    endloop
  endfacet
  facet normal 0.9958239195510133 -0.09129469453400232 0
    outer loop
      vertex 95.99161139130592 -0.22419027984142303 -1.6
      vertex 95.99161139130592 -0.22419027984142303 19
      vertex 95.98250670731068 -0.323502317070961 19
    endloop
  endfacet
  facet normal 0.998308158043905 -0.05814483281415197 0
    outer loop
      vertex 95.99741008877754 -0.12463049590587616 -1.6
      vertex 95.99741008877754 -0.12463049590587616 19
      vertex 95.99161139130592 -0.22419027984142303 19
    endloop
  endfacet
  facet normal 0.9996891812948917 -0.02493072004473697 0
    outer loop
      vertex 95.99989639222622 -0.024932987987995148 -1.6
      vertex 95.99989639222622 -0.024932987987995148 19
      vertex 95.99741008877754 -0.12463049590587616 19
    endloop
  endfacet
  facet normal 0.999991366231322 -0.004155413675455017 0
    outer loop
      vertex 96 0 -1.6
      vertex 96 0 19
      vertex 95.99989639222622 -0.024932987987995148 19
    endloop
  endfacet
  facet normal 0 0 1
    outer loop
      vertex 93 -3 19
      vertex 93.09971473366022 -2.9983423724770546 19
      vertex 93.19931926578283 -2.9933713153004646 19
    endloop
  endfacet
  facet normal 0 0 1
    outer loop
      vertex 79.5 0 19
      vertex 84.05753475375319 132.37755091420792 19
      vertex 79.5 122 19
    endloop
  endfacet
  facet normal 0 0 1
    outer loop
      vertex 79.5 0 19
      vertex 84.39739576533032 132.67823453758774 19
      vertex 84.05753475375319 132.37755091420792 19
    endloop
  endfacet
  facet normal 0 0 1
    outer loop
      vertex 79.5 0 19
      vertex 84.73195736162496 132.98480375790157 19
      vertex 84.39739576533032 132.67823453758774 19
    endloop
  endfacet
  facet normal 0 0 1
    outer loop
      vertex 79.5 0 19
      vertex 85.06111763193393 133.29716519119506 19
      vertex 84.73195736162496 132.98480375790157 19
    endloop
  endfacet
  facet normal 0 0 1
    outer loop
      vertex 79.5 0 19
      vertex 85.38477631085024 133.61522368914976 19
      vertex 85.06111763193393 133.29716519119506 19
    endloop
  endfacet
  facet normal 0 0 1
    outer loop
      vertex 96 0 19
      vertex 92.33362168441612 146.1512725870595 19
      vertex 79.5 0 19
    endloop
  endfacet
  facet normal 0 0 -1
    outer loop
      vertex -2.9983423724770546 -0.0997147336602211 -1.6
      vertex 95.99834237247705 178.09971473366022 -1.6
      vertex 96 178 -1.6
    endloop
  endfacet
  facet normal 0 0 -1
    outer loop
      vertex -3 0 -1.6
      vertex 95.99337131530046 178.19931926578283 -1.6
      vertex 95.99834237247705 178.09971473366022 -1.6
    endloop
  endfacet
  facet normal 0 0 -1
    outer loop
      vertex -0.4963723421096802 180.95865079015493 -1.6
      vertex 93.12463049590588 180.99741008877754 -1.6
      vertex 93.22419027984142 180.99161139130592 -1.6
    endloop
  endfacet
  facet normal 0 0 -1
    outer loop
      vertex -0.39775771647691727 180.97351454943419 -1.6
      vertex 93.024932987988 180.99989639222622 -1.6
      vertex 93.12463049590588 180.99741008877754 -1.6
    endloop
  endfacet
  facet normal 0 0 -1
    outer loop
      vertex -0.29870353639125824 180.9850923269987 -1.6
      vertex 93 181 -1.6
      vertex 93.024932987988 180.99989639222622 -1.6
    endloop
  endfacet
  facet normal 0 0 -1
    outer loop
      vertex -0.788492240011692 180.89452586323023 -1.6
      vertex 93.42245684564114 180.9701060950756 -1.6
      vertex 93.52094453573227 180.95442325621843 -1.6
    endloop
  endfacet
  facet normal 0 0 -1
    outer loop
      vertex -0.6918476149439812 180.91913460940123 -1.6
      vertex 93.32350231707096 180.98250670731068 -1.6
      vertex 93.42245684564114 180.9701060950756 -1.6
    endloop
  endfacet
  facet normal 0 0 -1
    outer loop
      vertex -0.5944384261965752 180.94051746279 -1.6
      vertex 93.22419027984142 180.99161139130592 -1.6
      vertex 93.32350231707096 180.98250670731068 -1.6
    endloop
  endfacet
  facet normal 0 0 -1
    outer loop
      vertex -1.0727757588028908 180.80163384228945 -1.6
      vertex 93.71608463674784 180.91328385472298 -1.6
      vertex 93.81252140551805 180.88787274062634 -1.6
    endloop
  endfacet
  facet normal 0 0 -1
    outer loop
      vertex -0.9790616109967232 180.83574300259352 -1.6
      vertex 93.61885652691126 180.9354755282402 -1.6
      vertex 93.71608463674784 180.91328385472298 -1.6
    endloop
  endfacet
  facet normal 0 0 -1
    outer loop
      vertex -0.8842655196785927 180.8667184188962 -1.6
      vertex 93.52094453573227 180.95442325621843 -1.6
      vertex 93.61885652691126 180.9354755282402 -1.6
    endloop
  endfacet
  facet normal 0 0 -1
    outer loop
      vertex -1.6066382229328156 180.5335180312395 -1.6
      vertex 94.27914241701365 180.71363127231598 -1.6
      vertex 94.36863197386265 180.66961542516947 -1.6
    endloop
  endfacet
  facet normal 0 0 -1
    outer loop
      vertex -1.346397541463375 180.68089792132378 -1.6
      vertex 94.00259564816952 180.827508084476 -1.6
      vertex 94.09602307528257 180.79262124747038 -1.6
    endloop
  endfacet
  facet normal 0 0 -1
    outer loop
      vertex -1.2565452605485916 180.72416850179434 -1.6
      vertex 93.90806026756763 180.8592702820897 -1.6
      vertex 94.00259564816952 180.827508084476 -1.6
    endloop
  endfacet
  facet normal 0 0 -1
    outer loop
      vertex -1.165304385125637 180.7644286379218 -1.6
      vertex 93.81252140551805 180.88787274062634 -1.6
      vertex 93.90806026756763 180.8592702820897 -1.6
    endloop
  endfacet
  facet normal 0 0 -1
    outer loop
      vertex -1.5215407982468605 180.5855199843645 -1.6
      vertex 94.18823929876089 180.75464832037687 -1.6
      vertex 94.27914241701365 180.71363127231598 -1.6
    endloop
  endfacet
  facet normal 0 0 -1
    outer loop
      vertex -1.4347619339823723 180.63466472178698 -1.6
      vertex 94.09602307528257 180.79262124747038 -1.6
      vertex 94.18823929876089 180.75464832037687 -1.6
    endloop
  endfacet
  facet normal 0 0 -1
    outer loop
      vertex -2.5727851688861847 179.54297649115324 -1.6
      vertex 95.36095890402794 179.8509114086628 -1.6
      vertex 95.42117542028427 179.77141457796097 -1.6
    endloop
  endfacet
  facet normal 0 0 -1
    outer loop
      vertex -2.520077772438526 179.62763879448175 -1.6
      vertex 95.29813332855701 179.92836283147335 -1.6
      vertex 95.36095890402794 179.8509114086628 -1.6
    endloop
  endfacet
  facet normal 0 0 -1
    outer loop
      vertex -2.4645854607224464 179.71050240844488 -1.6
      vertex 95.2327681183815 180.00368323922157 -1.6
      vertex 95.29813332855701 179.92836283147335 -1.6
    endloop
  endfacet
  facet normal 0 0 -1
    outer loop
      vertex -2.3454944491386414 179.87046940624714 -1.6
      vertex 95.09471045434475 180.14760054647923 -1.6
      vertex 95.16493550688028 180.0767894089222 -1.6
    endloop
  endfacet
  facet normal 0 0 -1
    outer loop
      vertex -2.282027341425419 179.94739600270987 -1.6
      vertex 95.0221705660224 180.21603839844465 -1.6
      vertex 95.09471045434475 180.14760054647923 -1.6
    endloop
  endfacet
  facet normal 0 0 -1
    outer loop
      vertex -2.2160383984446526 180.0221705660224 -1.6
      vertex 94.94739600270987 180.28202734142542 -1.6
      vertex 95.0221705660224 180.21603839844465 -1.6
    endloop
  endfacet
  facet normal 0 0 -1
    outer loop
      vertex -2.147600546479225 180.09471045434475 -1.6
      vertex 94.87046940624714 180.34549444913864 -1.6
      vertex 94.94739600270987 180.28202734142542 -1.6
    endloop
  endfacet
  facet normal 0 0 -1
    outer loop
      vertex -2.4063695818185806 179.79147577285767 -1.6
      vertex 95.16493550688028 180.0767894089222 -1.6
      vertex 95.2327681183815 180.00368323922157 -1.6
    endloop
  endfacet
  facet normal 0 0 -1
    outer loop
      vertex -1.850911408662796 180.36095890402794 -1.6
      vertex 94.54297649115324 180.57278516888618 -1.6
      vertex 94.62763879448175 180.52007777243853 -1.6
    endloop
  endfacet
  facet normal 0 0 -1
    outer loop
      vertex -1.771414577960968 180.42117542028427 -1.6
      vertex 94.45660907030106 180.62264942377806 -1.6
      vertex 94.54297649115324 180.57278516888618 -1.6
    endloop
  endfacet
  facet normal 0 0 -1
    outer loop
      vertex -1.6899601742625237 180.47871632128954 -1.6
      vertex 94.36863197386265 180.66961542516947 -1.6
      vertex 94.45660907030106 180.62264942377806 -1.6
    endloop
  endfacet
  facet normal 0 0 -1
    outer loop
      vertex -2.0767894089221954 180.16493550688028 -1.6
      vertex 94.79147577285767 180.40636958181858 -1.6
      vertex 94.87046940624714 180.34549444913864 -1.6
    endloop
  endfacet
  facet normal 0 0 -1
    outer loop
      vertex -2.003683239221573 180.2327681183815 -1.6
      vertex 94.71050240844488 180.46458546072245 -1.6
      vertex 94.79147577285767 180.40636958181858 -1.6
    endloop
  endfacet
  facet normal 0 0 -1
    outer loop
      vertex -1.9283628314733505 180.29813332855701 -1.6
      vertex 94.62763879448175 180.52007777243853 -1.6
      vertex 94.71050240844488 180.46458546072245 -1.6
    endloop
  endfacet
  facet normal 0 0 -1
    outer loop
      vertex -2.935475528240204 178.61885652691126 -1.6
      vertex 95.83574300259352 178.97906161099672 -1.6
      vertex 95.8667184188962 178.8842655196786 -1.6
    endloop
  endfacet
  facet normal 0 0 -1
    outer loop
      vertex -3 178 -1.6
      vertex 95.98509232699871 178.29870353639126 -1.6
      vertex 95.99337131530046 178.19931926578283 -1.6
    endloop
  endfacet
  facet normal 0 0 -1
    outer loop
      vertex -2.999896392226219 178.024932987988 -1.6
      vertex 95.97351454943419 178.39775771647692 -1.6
      vertex 95.98509232699871 178.29870353639126 -1.6
    endloop
  endfacet
  facet normal 0 0 -1
    outer loop
      vertex -2.997410088777542 178.12463049590588 -1.6
      vertex 95.95865079015493 178.49637234210968 -1.6
      vertex 95.97351454943419 178.39775771647692 -1.6
    endloop
  endfacet
  facet normal 0 0 -1
    outer loop
      vertex -2.9916113913059235 178.22419027984142 -1.6
      vertex 95.94051746279001 178.59443842619658 -1.6
      vertex 95.95865079015493 178.49637234210968 -1.6
    endloop
  endfacet
  facet normal 0 0 -1
    outer loop
      vertex -2.9825067073106766 178.32350231707096 -1.6
      vertex 95.91913460940123 178.69184761494398 -1.6
      vertex 95.94051746279001 178.59443842619658 -1.6
    endloop
  endfacet
  facet normal 0 0 -1
    outer loop
      vertex -2.9701060950756073 178.42245684564114 -1.6
      vertex 95.89452586323023 178.7884922400117 -1.6
      vertex 95.91913460940123 178.69184761494398 -1.6
    endloop
  endfacet
  facet normal 0 0 -1
    outer loop
      vertex -2.9544232562184334 178.52094453573227 -1.6
      vertex 95.8667184188962 178.8842655196786 -1.6
      vertex 95.89452586323023 178.7884922400117 -1.6
    endloop
  endfacet
  facet normal 0 0 -1
    outer loop
      vertex -2.9132838547229767 178.71608463674784 -1.6
      vertex 95.80163384228945 179.0727757588029 -1.6
      vertex 95.83574300259352 178.97906161099672 -1.6
    endloop
  endfacet
  facet normal 0 0 -1
    outer loop
      vertex -2.887872740626335 178.81252140551805 -1.6
      vertex 95.76442863792181 179.16530438512564 -1.6
      vertex 95.80163384228945 179.0727757588029 -1.6
    endloop
  endfacet
  facet normal 0 0 -1
    outer loop
      vertex -2.8592702820897102 178.90806026756763 -1.6
      vertex 95.72416850179434 179.2565452605486 -1.6
      vertex 95.76442863792181 179.16530438512564 -1.6
    endloop
  endfacet
  facet normal 0 0 -1
    outer loop
      vertex -2.827508084475994 179.00259564816952 -1.6
      vertex 95.68089792132378 179.34639754146338 -1.6
      vertex 95.72416850179434 179.2565452605486 -1.6
    endloop
  endfacet
  facet normal 0 0 -1
    outer loop
      vertex -2.754648320376873 179.1882392987609 -1.6
      vertex 95.58551998436451 179.52154079824686 -1.6
      vertex 95.63466472178698 179.43476193398237 -1.6
    endloop
  endfacet
  facet normal 0 0 -1
    outer loop
      vertex -2.713631272315979 179.27914241701365 -1.6
      vertex 95.53351803123951 179.60663822293282 -1.6
      vertex 95.58551998436451 179.52154079824686 -1.6
    endloop
  endfacet
  facet normal 0 0 -1
    outer loop
      vertex -2.669615425169468 179.36863197386265 -1.6
      vertex 95.47871632128954 179.68996017426252 -1.6
      vertex 95.53351803123951 179.60663822293282 -1.6
    endloop
  endfacet
  facet normal 0 0 -1
    outer loop
      vertex -2.792621247470379 179.09602307528257 -1.6
      vertex 95.63466472178698 179.43476193398237 -1.6
      vertex 95.68089792132378 179.34639754146338 -1.6
    endloop
  endfacet
  facet normal 0 0 -1
    outer loop
      vertex -2.622649423778057 179.45660907030106 -1.6
      vertex 95.42117542028427 179.77141457796097 -1.6
      vertex 95.47871632128954 179.68996017426252 -1.6
    endloop
  endfacet
  facet normal 0 1 0
    outer loop
      vertex 0 181 -1.6
      vertex 93 181 19
      vertex 93 181 -1.6
    endloop
  endfacet
  facet normal 0.02493072004473697 0.9996891812948917 0
    outer loop
      vertex 93.024932987988 180.99989639222622 -1.6
      vertex 93.12463049590588 180.99741008877754 19
      vertex 93.12463049590588 180.99741008877754 -1.6
    endloop
  endfacet
  facet normal 0.004155413675455017 0.999991366231322 0
    outer loop
      vertex 93 181 -1.6
      vertex 93.024932987988 180.99989639222622 19
      vertex 93.024932987988 180.99989639222622 -1.6
    endloop
  endfacet
  facet normal 0.05814483281415197 0.998308158043905 0
    outer loop
      vertex 93.12463049590588 180.99741008877754 -1.6
      vertex 93.22419027984142 180.99161139130592 19
      vertex 93.22419027984142 180.99161139130592 -1.6
    endloop
  endfacet
  facet normal 0.09129469453400232 0.9958239195510133 0
    outer loop
      vertex 93.22419027984142 180.99161139130592 -1.6
      vertex 93.32350231707096 180.98250670731068 19
      vertex 93.32350231707096 180.98250670731068 -1.6
    endloop
  endfacet
  facet normal 0.12434371431254106 0.9922392053889836 0
    outer loop
      vertex 93.32350231707096 180.98250670731068 -1.6
      vertex 93.42245684564114 180.9701060950756 19
      vertex 93.42245684564114 180.9701060950756 -1.6
    endloop
  endfacet
  facet normal 0.1572553145026102 0.9875579811133547 0
    outer loop
      vertex 93.42245684564114 180.9701060950756 -1.6
      vertex 93.52094453573227 180.95442325621843 19
      vertex 93.52094453573227 180.95442325621843 -1.6
    endloop
  endfacet
  facet normal 0.18999310439361003 0.9817854247659611 0
    outer loop
      vertex 93.52094453573227 180.95442325621843 -1.6
      vertex 93.61885652691126 180.9354755282402 19
      vertex 93.61885652691126 180.9354755282402 -1.6
    endloop
  endfacet
  facet normal 0.22252085694561827 0.9749279297590092 0
    outer loop
      vertex 93.61885652691126 180.9354755282402 -1.6
      vertex 93.71608463674784 180.91328385472298 19
      vertex 93.71608463674784 180.91328385472298 -1.6
    endloop
  endfacet
  facet normal 0.25480291326937865 0.9669930068978976 0
    outer loop
      vertex 93.71608463674784 180.91328385472298 -1.6
      vertex 93.81252140551805 180.88787274062634 19
      vertex 93.81252140551805 180.88787274062634 -1.6
    endloop
  endfacet
  facet normal 0.28680324057998735 0.9579895099596956 0
    outer loop
      vertex 93.81252140551805 180.88787274062634 -1.6
      vertex 93.90806026756763 180.8592702820897 19
      vertex 93.90806026756763 180.8592702820897 -1.6
    endloop
  endfacet
  facet normal 0.3498180942448752 0.9368176455099912 0
    outer loop
      vertex 94.00259564816952 180.827508084476 -1.6
      vertex 94.09602307528257 180.79262124747038 19
      vertex 94.09602307528257 180.79262124747038 -1.6
    endloop
  endfacet
  facet normal 0.31848664069189586 0.94792734937905 0
    outer loop
      vertex 93.90806026756763 180.8592702820897 -1.6
      vertex 94.00259564816952 180.827508084476 19
      vertex 94.00259564816952 180.827508084476 -1.6
    endloop
  endfacet
  facet normal 0.38076301670810103 0.9246726583539422 0
    outer loop
      vertex 94.09602307528257 180.79262124747038 -1.6
      vertex 94.18823929876089 180.75464832037687 19
      vertex 94.18823929876089 180.75464832037687 -1.6
    endloop
  endfacet
  facet normal 0.41128709563901766 0.9115058556920089 0
    outer loop
      vertex 94.18823929876089 180.75464832037687 -1.6
      vertex 94.27914241701365 180.71363127231598 19
      vertex 94.27914241701365 180.71363127231598 -1.6
    endloop
  endfacet
  facet normal 0.47093858686214 0.882165997646866 0
    outer loop
      vertex 94.36863197386265 180.66961542516947 -1.6
      vertex 94.45660907030106 180.62264942377806 19
      vertex 94.45660907030106 180.62264942377806 -1.6
    endloop
  endfacet
  facet normal 0.4413567135009811 0.8973317399087213 0
    outer loop
      vertex 94.27914241701365 180.71363127231598 -1.6
      vertex 94.36863197386265 180.66961542516947 19
      vertex 94.36863197386265 180.66961542516947 -1.6
    endloop
  endfacet
  facet normal 0.999861854979679 0.016621400560574765 0
    outer loop
      vertex 96 178 -1.6
      vertex 95.99834237247705 178.09971473366022 -1.6
      vertex 96 178 19
    endloop
  endfacet
  facet normal 0.5000000091271554 0.866025398514873 0
    outer loop
      vertex 94.54297649115324 180.57278516888618 -1.6
      vertex 94.45660907030106 180.62264942377806 -1.6
      vertex 94.54297649115324 180.57278516888618 19
    endloop
  endfacet
  facet normal 0.5285088253186966 0.8489278070367654 0
    outer loop
      vertex 94.54297649115324 180.57278516888618 -1.6
      vertex 94.62763879448175 180.52007777243853 19
      vertex 94.62763879448175 180.52007777243853 -1.6
    endloop
  endfacet
  facet normal 0.5564337940034301 0.8308919501902448 0
    outer loop
      vertex 94.62763879448175 180.52007777243853 -1.6
      vertex 94.71050240844488 180.46458546072245 19
      vertex 94.71050240844488 180.46458546072245 -1.6
    endloop
  endfacet
  facet normal 0.5837436357827269 0.8119380319231037 0
    outer loop
      vertex 94.71050240844488 180.46458546072245 -1.6
      vertex 94.79147577285767 180.40636958181858 19
      vertex 94.79147577285767 180.40636958181858 -1.6
    endloop
  endfacet
  facet normal 0.6616858337948716 0.7497812063230084 0
    outer loop
      vertex 95.0221705660224 180.21603839844465 -1.6
      vertex 94.94739600270987 180.28202734142542 -1.6
      vertex 95.0221705660224 180.21603839844465 19
    endloop
  endfacet
  facet normal 0.6862416220591393 0.7273736564886313 0
    outer loop
      vertex 95.0221705660224 180.21603839844465 -1.6
      vertex 95.09471045434475 180.14760054647923 19
      vertex 95.09471045434475 180.14760054647923 -1.6
    endloop
  endfacet
  facet normal 0.7330518770210237 0.680172732176139 0
    outer loop
      vertex 95.16493550688028 180.0767894089222 -1.6
      vertex 95.2327681183815 180.00368323922157 19
      vertex 95.2327681183815 180.00368323922157 -1.6
    endloop
  endfacet
  facet normal 0.7100390785023063 0.7041622732009971 0
    outer loop
      vertex 95.09471045434475 180.14760054647923 -1.6
      vertex 95.16493550688028 180.0767894089222 19
      vertex 95.16493550688028 180.0767894089222 -1.6
    endloop
  endfacet
  facet normal 0.6363988587923425 0.7713601574671872 0
    outer loop
      vertex 94.87046940624714 180.34549444913864 -1.6
      vertex 94.94739600270987 180.28202734142542 19
      vertex 94.94739600270987 180.28202734142542 -1.6
    endloop
  endfacet
  facet normal 0.6104085191329791 0.7920867627791057 0
    outer loop
      vertex 94.79147577285767 180.40636958181858 -1.6
      vertex 94.87046940624714 180.34549444913864 19
      vertex 94.87046940624714 180.34549444913864 -1.6
    endloop
  endfacet
  facet normal 0.8532908843487373 0.5214351989340092 0
    outer loop
      vertex 95.58551998436451 179.52154079824686 -1.6
      vertex 95.53351803123951 179.60663822293282 -1.6
      vertex 95.58551998436451 179.52154079824686 19
    endloop
  endfacet
  facet normal 0.9987569203985129 0.04984590209915564 0
    outer loop
      vertex 95.99834237247705 178.09971473366022 -1.6
      vertex 95.99337131530046 178.19931926578283 -1.6
      vertex 95.99834237247705 178.09971473366022 19
    endloop
  endfacet
  facet normal 0.9965482757254485 0.08301526455198123 0
    outer loop
      vertex 95.99337131530046 178.19931926578283 -1.6
      vertex 95.98509232699871 178.29870353639126 -1.6
      vertex 95.99337131530046 178.19931926578283 19
    endloop
  endfacet
  facet normal 0.9932383526757529 0.11609295746924854 0
    outer loop
      vertex 95.98509232699871 178.29870353639126 -1.6
      vertex 95.97351454943419 178.39775771647692 -1.6
      vertex 95.98509232699871 178.29870353639126 19
    endloop
  endfacet
  facet normal 0.9888308320737885 0.1490422273728462 0
    outer loop
      vertex 95.97351454943419 178.39775771647692 -1.6
      vertex 95.95865079015493 178.49637234210968 -1.6
      vertex 95.97351454943419 178.39775771647692 19
    endloop
  endfacet
  facet normal 0.9603400550975804 0.27883145191168135 0
    outer loop
      vertex 95.89452586323023 178.7884922400117 -1.6
      vertex 95.8667184188962 178.8842655196786 -1.6
      vertex 95.89452586323023 178.7884922400117 19
    endloop
  endfacet
  facet normal 0.983330548936529 0.18182692740126405 0
    outer loop
      vertex 95.95865079015493 178.49637234210968 -1.6
      vertex 95.94051746279001 178.59443842619658 -1.6
      vertex 95.95865079015493 178.49637234210968 19
    endloop
  endfacet
  facet normal 0.9767436112590625 0.21441062908495281 0
    outer loop
      vertex 95.94051746279001 178.59443842619658 -1.6
      vertex 95.91913460940123 178.69184761494398 -1.6
      vertex 95.94051746279001 178.59443842619658 19
    endloop
  endfacet
  facet normal 0.9690772843129167 0.24675740521553163 0
    outer loop
      vertex 95.89452586323023 178.7884922400117 -1.6
      vertex 95.91913460940123 178.69184761494398 19
      vertex 95.91913460940123 178.69184761494398 -1.6
    endloop
  endfacet
  facet normal 0.9278052447467534 0.3730649110013122 0
    outer loop
      vertex 95.80163384228945 179.0727757588029 -1.6
      vertex 95.76442863792181 179.16530438512564 -1.6
      vertex 95.80163384228945 179.0727757588029 19
    endloop
  endfacet
  facet normal 0.914892586842049 0.4036973551331044 0
    outer loop
      vertex 95.76442863792181 179.16530438512564 -1.6
      vertex 95.72416850179434 179.2565452605486 -1.6
      vertex 95.76442863792181 179.16530438512564 19
    endloop
  endfacet
  facet normal 0.9009688579459791 0.43388375979231825 0
    outer loop
      vertex 95.68089792132378 179.34639754146338 -1.6
      vertex 95.72416850179434 179.2565452605486 19
      vertex 95.72416850179434 179.2565452605486 -1.6
    endloop
  endfacet
  facet normal 0.8860495099658809 0.46359062316792204 0
    outer loop
      vertex 95.68089792132378 179.34639754146338 -1.6
      vertex 95.63466472178698 179.43476193398237 -1.6
      vertex 95.68089792132378 179.34639754146338 19
    endloop
  endfacet
  facet normal 0.8701509809678789 0.49278521723022295 0
    outer loop
      vertex 95.58551998436451 179.52154079824686 -1.6
      vertex 95.63466472178698 179.43476193398237 19
      vertex 95.63466472178698 179.43476193398237 -1.6
    endloop
  endfacet
  facet normal 0.9505415557264314 0.3105974095789849 0
    outer loop
      vertex 95.8667184188962 178.8842655196786 -1.6
      vertex 95.83574300259352 178.97906161099672 -1.6
      vertex 95.8667184188962 178.8842655196786 19
    endloop
  endfacet
  facet normal 0.939692620872917 0.34202014308661416 0
    outer loop
      vertex 95.80163384228945 179.0727757588029 -1.6
      vertex 95.83574300259352 178.97906161099672 19
      vertex 95.83574300259352 178.97906161099672 -1.6
    endloop
  endfacet
  facet normal 0.7971324733482261 0.6038044550462834 0
    outer loop
      vertex 95.36095890402794 179.8509114086628 -1.6
      vertex 95.42117542028427 179.77141457796097 19
      vertex 95.42117542028427 179.77141457796097 -1.6
    endloop
  endfacet
  facet normal 0.7766226762663659 0.6299660456793424 0
    outer loop
      vertex 95.36095890402794 179.8509114086628 -1.6
      vertex 95.29813332855701 179.92836283147335 -1.6
      vertex 95.36095890402794 179.8509114086628 19
    endloop
  endfacet
  facet normal 0.755254562858516 0.6554315717764836 0
    outer loop
      vertex 95.29813332855701 179.92836283147335 -1.6
      vertex 95.2327681183815 180.00368323922157 -1.6
      vertex 95.29813332855701 179.92836283147335 19
    endloop
  endfacet
  facet normal 0.8354878093095642 0.5495089812688283 0
    outer loop
      vertex 95.47871632128954 179.68996017426252 -1.6
      vertex 95.53351803123951 179.60663822293282 19
      vertex 95.53351803123951 179.60663822293282 -1.6
    endloop
  endfacet
  facet normal 0.816761484706616 0.5769754562369566 0
    outer loop
      vertex 95.47871632128954 179.68996017426252 -1.6
      vertex 95.42117542028427 179.77141457796097 -1.6
      vertex 95.47871632128954 179.68996017426252 19
    endloop
  endfacet
  facet normal 0 0 1
    outer loop
      vertex 34.5 122 19
      vertex 52.839385089609294 130.19456523341898 19
      vertex 52.46098450976058 130.4450231135689 19
    endloop
  endfacet
  facet normal 0 0 1
    outer loop
      vertex 34.5 122 19
      vertex 53.22209912993667 129.95074949993293 19
      vertex 52.839385089609294 130.19456523341898 19
    endloop
  endfacet
  facet normal 0 0 1
    outer loop
      vertex 34.5 122 19
      vertex 53.60901005233859 129.7136501817451 19
      vertex 53.22209912993667 129.95074949993293 19
    endloop
  endfacet
  facet normal 0 0 1
    outer loop
      vertex 34.5 122 19
      vertex 54 129.4833395016046 19
      vertex 53.60901005233859 129.7136501817451 19
    endloop
  endfacet
  facet normal 0 0 1
    outer loop
      vertex 34.5 122 19
      vertex 54.39494987359524 129.2598876143757 19
      vertex 54 129.4833395016046 19
    endloop
  endfacet
  facet normal 0 0 1
    outer loop
      vertex 34.5 122 19
      vertex 54.79373936756684 129.0433625856679 19
      vertex 54.39494987359524 129.2598876143757 19
    endloop
  endfacet
  facet normal 0 0 1
    outer loop
      vertex 34.5 122 19
      vertex 56.01192519474181 128.43599753704711 19
      vertex 55.602350183483985 128.63135479622167 19
    endloop
  endfacet
  facet normal 0 0 1
    outer loop
      vertex 34.5 122 19
      vertex 56.4248472800292 128.24781810129238 19
      vertex 56.01192519474181 128.43599753704711 19
    endloop
  endfacet
  facet normal 0 0 1
    outer loop
      vertex 34.5 122 19
      vertex 56.84099065927888 128.06687381023656 19
      vertex 56.4248472800292 128.24781810129238 19
    endloop
  endfacet
  facet normal 0 0 1
    outer loop
      vertex 34.5 122 19
      vertex 57.26022857118629 127.89321978126353 19
      vertex 56.84099065927888 128.06687381023656 19
    endloop
  endfacet
  facet normal 0 0 1
    outer loop
      vertex 34.5 122 19
      vertex 55.196247006771785 128.83383037110244 19
      vertex 54.79373936756684 129.0433625856679 19
    endloop
  endfacet
  facet normal 0 0 1
    outer loop
      vertex 34.5 122 19
      vertex 55.602350183483985 128.63135479622167 19
      vertex 55.196247006771785 128.83383037110244 19
    endloop
  endfacet
  facet normal 0 0 1
    outer loop
      vertex 34.5 122 19
      vertex 57.682433311822194 127.72690891107275 19
      vertex 57.26022857118629 127.89321978126353 19
    endloop
  endfacet
  facet normal 0 0 1
    outer loop
      vertex 34.5 122 19
      vertex 58.10747627353261 127.56799185956638 19
      vertex 57.682433311822194 127.72690891107275 19
    endloop
  endfacet
  facet normal 0 0 1
    outer loop
      vertex 34.5 122 19
      vertex 58.96555814625137 127.272530576326 19
      vertex 58.535227984113924 127.41651703441777 19
    endloop
  endfacet
  facet normal 0 0 1
    outer loop
      vertex 34.5 122 19
      vertex 58.535227984113924 127.41651703441777 19
      vertex 58.10747627353261 127.56799185956638 19
    endloop
  endfacet
  facet normal 0 0 1
    outer loop
      vertex 34.5 122 19
      vertex 59.39833567720884 127.13607634496108 19
      vertex 58.96555814625137 127.272530576326 19
    endloop
  endfacet
  facet normal 0 0 1
    outer loop
      vertex 34.5 122 19
      vertex 59.833428748758024 127.00719590560371 19
      vertex 59.39833567720884 127.13607634496108 19
    endloop
  endfacet
  facet normal 0 0 1
    outer loop
      vertex 34.5 122 19
      vertex 60.27070482733446 126.88592851648423 19
      vertex 59.833428748758024 127.00719590560371 19
    endloop
  endfacet
  facet normal 0 0 1
    outer loop
      vertex 34.5 122 19
      vertex 60.71003071440864 126.77231111682408 19
      vertex 60.27070482733446 126.88592851648423 19
    endloop
  endfacet
  facet normal 0 0 1
    outer loop
      vertex 34.5 122 19
      vertex 61.15127258705951 126.66637831558388 19
      vertex 60.71003071440864 126.77231111682408 19
    endloop
  endfacet
  facet normal 0 0 1
    outer loop
      vertex 34.5 122 19
      vertex 61.59429603873826 126.56816238092105 19
      vertex 61.15127258705951 126.66637831558388 19
    endloop
  endfacet
  facet normal 0 0 1
    outer loop
      vertex 79.5 122 19
      vertex 61.59429603873826 126.56816238092105 19
      vertex 34.5 122 19
    endloop
  endfacet
  facet normal 0 0 1
    outer loop
      vertex 79.5 122 19
      vertex 62.038966120209835 126.47769323036073 19
      vertex 61.59429603873826 126.56816238092105 19
    endloop
  endfacet
  facet normal 0 0 1
    outer loop
      vertex 79.5 122 19
      vertex 62.48514738065981 126.39499842168259 19
      vertex 62.038966120209835 126.47769323036073 19
    endloop
  endfacet
  facet normal 0 0 1
    outer loop
      vertex 79.5 122 19
      vertex 62.932703908954 126.32010314452641 19
      vertex 62.48514738065981 126.39499842168259 19
    endloop
  endfacet
  facet normal 0 0 1
    outer loop
      vertex 79.5 122 19
      vertex 63.381499375038295 126.25303021271917 19
      vertex 62.932703908954 126.32010314452641 19
    endloop
  endfacet
  facet normal 0 0 1
    outer loop
      vertex 79.5 122 19
      vertex 63.831397071466164 126.19380005732563 19
      vertex 63.381499375038295 126.25303021271917 19
    endloop
  endfacet
  facet normal 0 0 1
    outer loop
      vertex 79.5 122 19
      vertex 64.28225995504101 126.1424307204249 19
      vertex 63.831397071466164 126.19380005732563 19
    endloop
  endfacet
  facet normal 0 0 1
    outer loop
      vertex 79.5 122 19
      vertex 64.7339506885609 126.09893784961461 19
      vertex 64.28225995504101 126.1424307204249 19
    endloop
  endfacet
  facet normal 0 0 1
    outer loop
      vertex 79.5 122 19
      vertex 65.18633168265274 126.06333469324457 19
      vertex 64.7339506885609 126.09893784961461 19
    endloop
  endfacet
  facet normal 0 0 1
    outer loop
      vertex 79.5 122 19
      vertex 65.63926513768345 126.03563209638108 19
      vertex 65.18633168265274 126.06333469324457 19
    endloop
  endfacet
  facet normal 0 0 1
    outer loop
      vertex 79.5 122 19
      vertex 66.09261308573497 126.01583849750351 19
      vertex 65.63926513768345 126.03563209638108 19
    endloop
  endfacet
  facet normal 0 0 1
    outer loop
      vertex 79.5 122 19
      vertex 66.54623743263062 126.00395992593383 19
      vertex 66.09261308573497 126.01583849750351 19
    endloop
  endfacet
  facet normal 0 0 1
    outer loop
      vertex 66.54623743263062 126.00395992593383 19
      vertex 79.5 122 19
      vertex 67 126 19
    endloop
  endfacet
  facet normal 0 0 1
    outer loop
      vertex 18.005616831384067 170.9739611603369 19
      vertex 60.71003071440864 177.22768888317592 19
      vertex 61.15127258705951 177.33362168441613 19
    endloop
  endfacet
  facet normal 0 0 1
    outer loop
      vertex -3 178 19
      vertex 67 178 19
      vertex 95.99337131530046 178.19931926578283 19
    endloop
  endfacet
  facet normal 0 0 1
    outer loop
      vertex -0.4963723421096802 180.95865079015493 19
      vertex 93.22419027984142 180.99161139130592 19
      vertex 93.12463049590588 180.99741008877754 19
    endloop
  endfacet
  facet normal 0 0 1
    outer loop
      vertex -0.39775771647691727 180.97351454943419 19
      vertex 93.12463049590588 180.99741008877754 19
      vertex 93.024932987988 180.99989639222622 19
    endloop
  endfacet
  facet normal 0 0 1
    outer loop
      vertex -0.29870353639125824 180.9850923269987 19
      vertex 93.024932987988 180.99989639222622 19
      vertex 93 181 19
    endloop
  endfacet
  facet normal 0 0 1
    outer loop
      vertex -0.788492240011692 180.89452586323023 19
      vertex 93.52094453573227 180.95442325621843 19
      vertex 93.42245684564114 180.9701060950756 19
    endloop
  endfacet
  facet normal 0 0 1
    outer loop
      vertex -0.6918476149439812 180.91913460940123 19
      vertex 93.42245684564114 180.9701060950756 19
      vertex 93.32350231707096 180.98250670731068 19
    endloop
  endfacet
  facet normal 0 0 1
    outer loop
      vertex -0.5944384261965752 180.94051746279 19
      vertex 93.32350231707096 180.98250670731068 19
      vertex 93.22419027984142 180.99161139130592 19
    endloop
  endfacet
  facet normal 0 0 1
    outer loop
      vertex -1.0727757588028908 180.80163384228945 19
      vertex 93.81252140551805 180.88787274062634 19
      vertex 93.71608463674784 180.91328385472298 19
    endloop
  endfacet
  facet normal 0 0 1
    outer loop
      vertex -0.9790616109967232 180.83574300259352 19
      vertex 93.71608463674784 180.91328385472298 19
      vertex 93.61885652691126 180.9354755282402 19
    endloop
  endfacet
  facet normal 0 0 1
    outer loop
      vertex -0.8842655196785927 180.8667184188962 19
      vertex 93.61885652691126 180.9354755282402 19
      vertex 93.52094453573227 180.95442325621843 19
    endloop
  endfacet
  facet normal 0 0 1
    outer loop
      vertex -1.6066382229328156 180.5335180312395 19
      vertex 94.36863197386265 180.66961542516947 19
      vertex 94.27914241701365 180.71363127231598 19
    endloop
  endfacet
  facet normal 0 0 1
    outer loop
      vertex -1.346397541463375 180.68089792132378 19
      vertex 94.09602307528257 180.79262124747038 19
      vertex 94.00259564816952 180.827508084476 19
    endloop
  endfacet
  facet normal 0 0 1
    outer loop
      vertex -1.2565452605485916 180.72416850179434 19
      vertex 94.00259564816952 180.827508084476 19
      vertex 93.90806026756763 180.8592702820897 19
    endloop
  endfacet
  facet normal 0 0 1
    outer loop
      vertex -1.165304385125637 180.7644286379218 19
      vertex 93.90806026756763 180.8592702820897 19
      vertex 93.81252140551805 180.88787274062634 19
    endloop
  endfacet
  facet normal 0 0 1
    outer loop
      vertex -1.5215407982468605 180.5855199843645 19
      vertex 94.27914241701365 180.71363127231598 19
      vertex 94.18823929876089 180.75464832037687 19
    endloop
  endfacet
  facet normal 0 0 1
    outer loop
      vertex -1.4347619339823723 180.63466472178698 19
      vertex 94.18823929876089 180.75464832037687 19
      vertex 94.09602307528257 180.79262124747038 19
    endloop
  endfacet
  facet normal 0 0 1
    outer loop
      vertex -2.5727851688861847 179.54297649115324 19
      vertex 95.42117542028427 179.77141457796097 19
      vertex 95.36095890402794 179.8509114086628 19
    endloop
  endfacet
  facet normal 0 0 1
    outer loop
      vertex -2.520077772438526 179.62763879448175 19
      vertex 95.36095890402794 179.8509114086628 19
      vertex 95.29813332855701 179.92836283147335 19
    endloop
  endfacet
  facet normal 0 0 1
    outer loop
      vertex -2.4645854607224464 179.71050240844488 19
      vertex 95.29813332855701 179.92836283147335 19
      vertex 95.2327681183815 180.00368323922157 19
    endloop
  endfacet
  facet normal 0 0 1
    outer loop
      vertex -2.3454944491386414 179.87046940624714 19
      vertex 95.16493550688028 180.0767894089222 19
      vertex 95.09471045434475 180.14760054647923 19
    endloop
  endfacet
  facet normal 0 0 1
    outer loop
      vertex -2.282027341425419 179.94739600270987 19
      vertex 95.09471045434475 180.14760054647923 19
      vertex 95.0221705660224 180.21603839844465 19
    endloop
  endfacet
  facet normal 0 0 1
    outer loop
      vertex -2.2160383984446526 180.0221705660224 19
      vertex 95.0221705660224 180.21603839844465 19
      vertex 94.94739600270987 180.28202734142542 19
    endloop
  endfacet
  facet normal 0 0 1
    outer loop
      vertex -2.147600546479225 180.09471045434475 19
      vertex 94.94739600270987 180.28202734142542 19
      vertex 94.87046940624714 180.34549444913864 19
    endloop
  endfacet
  facet normal 0 0 1
    outer loop
      vertex -2.4063695818185806 179.79147577285767 19
      vertex 95.2327681183815 180.00368323922157 19
      vertex 95.16493550688028 180.0767894089222 19
    endloop
  endfacet
  facet normal 0 0 1
    outer loop
      vertex -1.850911408662796 180.36095890402794 19
      vertex 94.62763879448175 180.52007777243853 19
      vertex 94.54297649115324 180.57278516888618 19
    endloop
  endfacet
  facet normal 0 0 1
    outer loop
      vertex -1.771414577960968 180.42117542028427 19
      vertex 94.54297649115324 180.57278516888618 19
      vertex 94.45660907030106 180.62264942377806 19
    endloop
  endfacet
  facet normal 0 0 1
    outer loop
      vertex -1.6899601742625237 180.47871632128954 19
      vertex 94.45660907030106 180.62264942377806 19
      vertex 94.36863197386265 180.66961542516947 19
    endloop
  endfacet
  facet normal 0 0 1
    outer loop
      vertex -2.0767894089221954 180.16493550688028 19
      vertex 94.87046940624714 180.34549444913864 19
      vertex 94.79147577285767 180.40636958181858 19
    endloop
  endfacet
  facet normal 0 0 1
    outer loop
      vertex -2.003683239221573 180.2327681183815 19
      vertex 94.79147577285767 180.40636958181858 19
      vertex 94.71050240844488 180.46458546072245 19
    endloop
  endfacet
  facet normal 0 0 1
    outer loop
      vertex -1.9283628314733505 180.29813332855701 19
      vertex 94.71050240844488 180.46458546072245 19
      vertex 94.62763879448175 180.52007777243853 19
    endloop
  endfacet
  facet normal 0 0 1
    outer loop
      vertex -2.935475528240204 178.61885652691126 19
      vertex 95.8667184188962 178.8842655196786 19
      vertex 95.83574300259352 178.97906161099672 19
    endloop
  endfacet
  facet normal 0 0 1
    outer loop
      vertex -3 178 19
      vertex 95.99337131530046 178.19931926578283 19
      vertex 95.98509232699871 178.29870353639126 19
    endloop
  endfacet
  facet normal 0 0 1
    outer loop
      vertex -2.999896392226219 178.024932987988 19
      vertex 95.98509232699871 178.29870353639126 19
      vertex 95.97351454943419 178.39775771647692 19
    endloop
  endfacet
  facet normal 0 0 1
    outer loop
      vertex -2.997410088777542 178.12463049590588 19
      vertex 95.97351454943419 178.39775771647692 19
      vertex 95.95865079015493 178.49637234210968 19
    endloop
  endfacet
  facet normal 0 0 1
    outer loop
      vertex -2.9916113913059235 178.22419027984142 19
      vertex 95.95865079015493 178.49637234210968 19
      vertex 95.94051746279001 178.59443842619658 19
    endloop
  endfacet
  facet normal 0 0 1
    outer loop
      vertex -2.9825067073106766 178.32350231707096 19
      vertex 95.94051746279001 178.59443842619658 19
      vertex 95.91913460940123 178.69184761494398 19
    endloop
  endfacet
  facet normal 0 0 1
    outer loop
      vertex -2.9701060950756073 178.42245684564114 19
      vertex 95.91913460940123 178.69184761494398 19
      vertex 95.89452586323023 178.7884922400117 19
    endloop
  endfacet
  facet normal 0 0 1
    outer loop
      vertex -2.9544232562184334 178.52094453573227 19
      vertex 95.89452586323023 178.7884922400117 19
      vertex 95.8667184188962 178.8842655196786 19
    endloop
  endfacet
  facet normal 0 0 1
    outer loop
      vertex -2.9132838547229767 178.71608463674784 19
      vertex 95.83574300259352 178.97906161099672 19
      vertex 95.80163384228945 179.0727757588029 19
    endloop
  endfacet
  facet normal 0 0 1
    outer loop
      vertex -2.887872740626335 178.81252140551805 19
      vertex 95.80163384228945 179.0727757588029 19
      vertex 95.76442863792181 179.16530438512564 19
    endloop
  endfacet
  facet normal 0 0 1
    outer loop
      vertex -2.8592702820897102 178.90806026756763 19
      vertex 95.76442863792181 179.16530438512564 19
      vertex 95.72416850179434 179.2565452605486 19
    endloop
  endfacet
  facet normal 0 0 1
    outer loop
      vertex -2.827508084475994 179.00259564816952 19
      vertex 95.72416850179434 179.2565452605486 19
      vertex 95.68089792132378 179.34639754146338 19
    endloop
  endfacet
  facet normal 0 0 1
    outer loop
      vertex -2.754648320376873 179.1882392987609 19
      vertex 95.63466472178698 179.43476193398237 19
      vertex 95.58551998436451 179.52154079824686 19
    endloop
  endfacet
  facet normal 0 0 1
    outer loop
      vertex -2.713631272315979 179.27914241701365 19
      vertex 95.58551998436451 179.52154079824686 19
      vertex 95.53351803123951 179.60663822293282 19
    endloop
  endfacet
  facet normal 0 0 1
    outer loop
      vertex -2.669615425169468 179.36863197386265 19
      vertex 95.53351803123951 179.60663822293282 19
      vertex 95.47871632128954 179.68996017426252 19
    endloop
  endfacet
  facet normal 0 0 1
    outer loop
      vertex -2.792621247470379 179.09602307528257 19
      vertex 95.68089792132378 179.34639754146338 19
      vertex 95.63466472178698 179.43476193398237 19
    endloop
  endfacet
  facet normal 0 0 1
    outer loop
      vertex -2.622649423778057 179.45660907030106 19
      vertex 95.47871632128954 179.68996017426252 19
      vertex 95.42117542028427 179.77141457796097 19
    endloop
  endfacet
  facet normal 1 0 0
    outer loop
      vertex 96 0 19
      vertex 96 178 -1.6
      vertex 96 178 19
    endloop
  endfacet
  facet normal 0 0 1
    outer loop
      vertex 79.5 0 19
      vertex 85.70283480880494 133.93888236806606 19
      vertex 85.38477631085024 133.61522368914976 19
    endloop
  endfacet
  facet normal 0 0 1
    outer loop
      vertex 79.5 122 19
      vertex 67.45376256736938 126.00395992593383 19
      vertex 67 126 19
    endloop
  endfacet
  facet normal 0 0 1
    outer loop
      vertex 79.5 122 19
      vertex 67.90738691426503 126.01583849750351 19
      vertex 67.45376256736938 126.00395992593383 19
    endloop
  endfacet
  facet normal 0 0 1
    outer loop
      vertex 79.5 122 19
      vertex 68.36073486231655 126.03563209638108 19
      vertex 67.90738691426503 126.01583849750351 19
    endloop
  endfacet
  facet normal 0 0 1
    outer loop
      vertex 79.5 122 19
      vertex 68.81366831734726 126.06333469324457 19
      vertex 68.36073486231655 126.03563209638108 19
    endloop
  endfacet
  facet normal 0 0 1
    outer loop
      vertex 79.5 122 19
      vertex 69.2660493114391 126.09893784961461 19
      vertex 68.81366831734726 126.06333469324457 19
    endloop
  endfacet
  facet normal 0 0 1
    outer loop
      vertex 79.5 122 19
      vertex 69.71774004495899 126.1424307204249 19
      vertex 69.2660493114391 126.09893784961461 19
    endloop
  endfacet
  facet normal 0 0 1
    outer loop
      vertex 79.5 122 19
      vertex 70.16860292853383 126.19380005732563 19
      vertex 69.71774004495899 126.1424307204249 19
    endloop
  endfacet
  facet normal 0 0 1
    outer loop
      vertex 79.5 122 19
      vertex 70.61850062496171 126.25303021271917 19
      vertex 70.16860292853383 126.19380005732563 19
    endloop
  endfacet
  facet normal 0 0 1
    outer loop
      vertex 79.5 122 19
      vertex 71.067296091046 126.32010314452641 19
      vertex 70.61850062496171 126.25303021271917 19
    endloop
  endfacet
  facet normal 0 0 1
    outer loop
      vertex 79.5 122 19
      vertex 71.51485261934019 126.39499842168259 19
      vertex 71.067296091046 126.32010314452641 19
    endloop
  endfacet
  facet normal 0 0 1
    outer loop
      vertex 79.5 122 19
      vertex 71.96103387979016 126.47769323036073 19
      vertex 71.51485261934019 126.39499842168259 19
    endloop
  endfacet
  facet normal 0 0 1
    outer loop
      vertex 79.5 122 19
      vertex 72.40570396126174 126.56816238092105 19
      vertex 71.96103387979016 126.47769323036073 19
    endloop
  endfacet
  facet normal 0 0 1
    outer loop
      vertex 79.5 122 19
      vertex 72.84872741294049 126.66637831558388 19
      vertex 72.40570396126174 126.56816238092105 19
    endloop
  endfacet
  facet normal 0 0 1
    outer loop
      vertex 79.5 122 19
      vertex 73.28996928559135 126.77231111682408 19
      vertex 72.84872741294049 126.66637831558388 19
    endloop
  endfacet
  facet normal 0 0 1
    outer loop
      vertex 79.5 122 19
      vertex 73.72929517266553 126.88592851648423 19
      vertex 73.28996928559135 126.77231111682408 19
    endloop
  endfacet
  facet normal 0 0 1
    outer loop
      vertex 79.5 122 19
      vertex 74.16657125124198 127.00719590560371 19
      vertex 73.72929517266553 126.88592851648423 19
    endloop
  endfacet
  facet normal 0 0 1
    outer loop
      vertex 79.5 122 19
      vertex 74.60166432279115 127.13607634496108 19
      vertex 74.16657125124198 127.00719590560371 19
    endloop
  endfacet
  facet normal 0 0 1
    outer loop
      vertex 79.5 122 19
      vertex 75.03444185374863 127.272530576326 19
      vertex 74.60166432279115 127.13607634496108 19
    endloop
  endfacet
  facet normal 0 0 1
    outer loop
      vertex 79.5 122 19
      vertex 75.46477201588607 127.41651703441777 19
      vertex 75.03444185374863 127.272530576326 19
    endloop
  endfacet
  facet normal 0 0 1
    outer loop
      vertex 79.5 122 19
      vertex 75.89252372646739 127.56799185956638 19
      vertex 75.46477201588607 127.41651703441777 19
    endloop
  endfacet
  facet normal 0 0 1
    outer loop
      vertex 79.5 122 19
      vertex 76.3175666881778 127.72690891107275 19
      vertex 75.89252372646739 127.56799185956638 19
    endloop
  endfacet
  facet normal 0 0 1
    outer loop
      vertex 79.5 122 19
      vertex 76.73977142881371 127.89321978126353 19
      vertex 76.3175666881778 127.72690891107275 19
    endloop
  endfacet
  facet normal 0 0 1
    outer loop
      vertex 79.5 122 19
      vertex 77.15900934072113 128.06687381023656 19
      vertex 76.73977142881371 127.89321978126353 19
    endloop
  endfacet
  facet normal 0 0 1
    outer loop
      vertex 79.5 122 19
      vertex 77.5751527199708 128.24781810129238 19
      vertex 77.15900934072113 128.06687381023656 19
    endloop
  endfacet
  facet normal 0 0 1
    outer loop
      vertex 79.5 122 19
      vertex 77.98807480525818 128.43599753704711 19
      vertex 77.5751527199708 128.24781810129238 19
    endloop
  endfacet
  facet normal 0 0 1
    outer loop
      vertex 79.5 122 19
      vertex 78.39764981651601 128.63135479622167 19
      vertex 77.98807480525818 128.43599753704711 19
    endloop
  endfacet
  facet normal 0 0 1
    outer loop
      vertex 79.5 122 19
      vertex 78.80375299322822 128.83383037110244 19
      vertex 78.39764981651601 128.63135479622167 19
    endloop
  endfacet
  facet normal 0 0 1
    outer loop
      vertex 79.5 122 19
      vertex 79.20626063243316 129.0433625856679 19
      vertex 78.80375299322822 128.83383037110244 19
    endloop
  endfacet
  facet normal 0 0 1
    outer loop
      vertex 79.5 122 19
      vertex 79.60505012640476 129.2598876143757 19
      vertex 79.20626063243316 129.0433625856679 19
    endloop
  endfacet
  facet normal 0 0 1
    outer loop
      vertex 79.5 122 19
      vertex 80 129.4833395016046 19
      vertex 79.60505012640476 129.2598876143757 19
    endloop
  endfacet
  facet normal 0 0 1
    outer loop
      vertex 79.5 122 19
      vertex 80.39098994766141 129.7136501817451 19
      vertex 80 129.4833395016046 19
    endloop
  endfacet
  facet normal 0 0 1
    outer loop
      vertex 79.5 122 19
      vertex 80.77790087006332 129.95074949993293 19
      vertex 80.39098994766141 129.7136501817451 19
    endloop
  endfacet
  facet normal 0 0 1
    outer loop
      vertex 79.5 122 19
      vertex 81.1606149103907 130.19456523341898 19
      vertex 80.77790087006332 129.95074949993293 19
    endloop
  endfacet
  facet normal 0 0 1
    outer loop
      vertex 79.5 122 19
      vertex 81.53901549023942 130.4450231135689 19
      vertex 81.1606149103907 130.19456523341898 19
    endloop
  endfacet
  facet normal 0 0 1
    outer loop
      vertex 79.5 122 19
      vertex 81.91298734512719 130.70204684848622 19
      vertex 81.53901549023942 130.4450231135689 19
    endloop
  endfacet
  facet normal 0 0 1
    outer loop
      vertex 79.5 122 19
      vertex 82.2824165596043 130.96555814625137 19
      vertex 81.91298734512719 130.70204684848622 19
    endloop
  endfacet
  facet normal 0 0 1
    outer loop
      vertex 79.5 122 19
      vertex 82.64719060195326 131.2354767387704 19
      vertex 82.2824165596043 130.96555814625137 19
    endloop
  endfacet
  facet normal 0 0 1
    outer loop
      vertex 79.5 122 19
      vertex 83.00719835846712 131.51172040622524 19
      vertex 82.64719060195326 131.2354767387704 19
    endloop
  endfacet
  facet normal 0 0 1
    outer loop
      vertex 79.5 122 19
      vertex 83.36233016729577 131.79420500211876 19
      vertex 83.00719835846712 131.51172040622524 19
    endloop
  endfacet
  facet normal 0 0 1
    outer loop
      vertex 79.5 122 19
      vertex 83.71247785185002 132.08284447890657 19
      vertex 83.36233016729577 131.79420500211876 19
    endloop
  endfacet
  facet normal 0 0 1
    outer loop
      vertex 79.5 122 19
      vertex 84.05753475375319 132.37755091420792 19
      vertex 83.71247785185002 132.08284447890657 19
    endloop
  endfacet
  facet normal 0 0 1
    outer loop
      vertex 79.5 0 19
      vertex 86.01519624209843 134.26804263837505 19
      vertex 85.70283480880494 133.93888236806606 19
    endloop
  endfacet
  facet normal 0 0 1
    outer loop
      vertex 79.5 0 19
      vertex 86.32176546241226 134.60260423466968 19
      vertex 86.01519624209843 134.26804263837505 19
    endloop
  endfacet
  facet normal 0 0 1
    outer loop
      vertex 79.5 0 19
      vertex 86.62244908579207 134.9424652462468 19
      vertex 86.32176546241226 134.60260423466968 19
    endloop
  endfacet
  facet normal 0 0 1
    outer loop
      vertex 79.5 0 19
      vertex 86.91715552109343 135.28752214814998 19
      vertex 86.62244908579207 134.9424652462468 19
    endloop
  endfacet
  facet normal 0 0 1
    outer loop
      vertex 79.5 0 19
      vertex 87.20579499788124 135.63766983270423 19
      vertex 86.91715552109343 135.28752214814998 19
    endloop
  endfacet
  facet normal 0 0 1
    outer loop
      vertex 79.5 0 19
      vertex 87.48827959377476 135.99280164153288 19
      vertex 87.20579499788124 135.63766983270423 19
    endloop
  endfacet
  facet normal 0 0 1
    outer loop
      vertex 79.5 0 19
      vertex 87.76452326122961 136.35280939804676 19
      vertex 87.48827959377476 135.99280164153288 19
    endloop
  endfacet
  facet normal 0 0 1
    outer loop
      vertex 79.5 0 19
      vertex 88.03444185374863 136.71758344039569 19
      vertex 87.76452326122961 136.35280939804676 19
    endloop
  endfacet
  facet normal 0 0 1
    outer loop
      vertex 79.5 0 19
      vertex 88.29795315151378 137.0870126548728 19
      vertex 88.03444185374863 136.71758344039569 19
    endloop
  endfacet
  facet normal 0 0 1
    outer loop
      vertex 79.5 0 19
      vertex 88.55497688643109 137.46098450976058 19
      vertex 88.29795315151378 137.0870126548728 19
    endloop
  endfacet
  facet normal 0 0 1
    outer loop
      vertex 79.5 0 19
      vertex 88.80543476658103 137.8393850896093 19
      vertex 88.55497688643109 137.46098450976058 19
    endloop
  endfacet
  facet normal 0 0 1
    outer loop
      vertex 79.5 0 19
      vertex 89.04925050006707 138.22209912993668 19
      vertex 88.80543476658103 137.8393850896093 19
    endloop
  endfacet
  facet normal 0 0 1
    outer loop
      vertex 79.5 0 19
      vertex 89.28634981825492 138.6090100523386 19
      vertex 89.04925050006707 138.22209912993668 19
    endloop
  endfacet
  facet normal 0 0 1
    outer loop
      vertex 79.5 0 19
      vertex 89.5166604983954 139 19
      vertex 89.28634981825492 138.6090100523386 19
    endloop
  endfacet
  facet normal 0 0 1
    outer loop
      vertex 79.5 0 19
      vertex 89.74011238562429 139.39494987359524 19
      vertex 89.5166604983954 139 19
    endloop
  endfacet
  facet normal 0 0 1
    outer loop
      vertex 79.5 0 19
      vertex 89.9566374143321 139.79373936756684 19
      vertex 89.74011238562429 139.39494987359524 19
    endloop
  endfacet
  facet normal 0 0 1
    outer loop
      vertex 79.5 0 19
      vertex 90.16616962889756 140.19624700677178 19
      vertex 89.9566374143321 139.79373936756684 19
    endloop
  endfacet
  facet normal 0 0 1
    outer loop
      vertex 79.5 0 19
      vertex 90.36864520377834 140.602350183484 19
      vertex 90.16616962889756 140.19624700677178 19
    endloop
  endfacet
  facet normal 0 0 1
    outer loop
      vertex 79.5 0 19
      vertex 90.5640024629529 141.01192519474182 19
      vertex 90.36864520377834 140.602350183484 19
    endloop
  endfacet
  facet normal 0 0 1
    outer loop
      vertex 79.5 0 19
      vertex 90.75218189870762 141.42484728002918 19
      vertex 90.5640024629529 141.01192519474182 19
    endloop
  endfacet
  facet normal 0 0 1
    outer loop
      vertex 79.5 0 19
      vertex 90.93312618976344 141.84099065927887 19
      vertex 90.75218189870762 141.42484728002918 19
    endloop
  endfacet
  facet normal 0 0 1
    outer loop
      vertex 79.5 0 19
      vertex 91.10678021873647 142.26022857118627 19
      vertex 90.93312618976344 141.84099065927887 19
    endloop
  endfacet
  facet normal 0 0 1
    outer loop
      vertex 79.5 0 19
      vertex 91.27309108892725 142.6824333118222 19
      vertex 91.10678021873647 142.26022857118627 19
    endloop
  endfacet
  facet normal 0 0 1
    outer loop
      vertex 79.5 0 19
      vertex 91.43200814043362 143.10747627353263 19
      vertex 91.27309108892725 142.6824333118222 19
    endloop
  endfacet
  facet normal 0 0 1
    outer loop
      vertex 79.5 0 19
      vertex 91.58348296558223 143.53522798411393 19
      vertex 91.43200814043362 143.10747627353263 19
    endloop
  endfacet
  facet normal 0 0 1
    outer loop
      vertex 79.5 0 19
      vertex 91.727469423674 143.96555814625137 19
      vertex 91.58348296558223 143.53522798411393 19
    endloop
  endfacet
  facet normal 0 0 1
    outer loop
      vertex 79.5 0 19
      vertex 91.86392365503892 144.39833567720885 19
      vertex 91.727469423674 143.96555814625137 19
    endloop
  endfacet
  facet normal 0 0 1
    outer loop
      vertex 79.5 0 19
      vertex 91.99280409439629 144.83342874875802 19
      vertex 91.86392365503892 144.39833567720885 19
    endloop
  endfacet
  facet normal 0 0 1
    outer loop
      vertex 79.5 0 19
      vertex 92.11407148351577 145.27070482733447 19
      vertex 91.99280409439629 144.83342874875802 19
    endloop
  endfacet
  facet normal 0 0 1
    outer loop
      vertex 79.5 0 19
      vertex 92.22768888317592 145.71003071440865 19
      vertex 92.11407148351577 145.27070482733447 19
    endloop
  endfacet
  facet normal 0 0 1
    outer loop
      vertex 79.5 0 19
      vertex 92.33362168441612 146.1512725870595 19
      vertex 92.22768888317592 145.71003071440865 19
    endloop
  endfacet
  facet normal 0 0 1
    outer loop
      vertex 96 0 19
      vertex 92.43183761907895 146.59429603873826 19
      vertex 92.33362168441612 146.1512725870595 19
    endloop
  endfacet
  facet normal 0 0 1
    outer loop
      vertex 96 0 19
      vertex 92.52230676963927 147.03896612020984 19
      vertex 92.43183761907895 146.59429603873826 19
    endloop
  endfacet
  facet normal 0 0 1
    outer loop
      vertex 96 0 19
      vertex 92.60500157831741 147.4851473806598 19
      vertex 92.52230676963927 147.03896612020984 19
    endloop
  endfacet
  facet normal 0 0 1
    outer loop
      vertex 96 0 19
      vertex 92.67989685547359 147.932703908954 19
      vertex 92.60500157831741 147.4851473806598 19
    endloop
  endfacet
  facet normal 0 0 1
    outer loop
      vertex 96 0 19
      vertex 92.74696978728083 148.3814993750383 19
      vertex 92.67989685547359 147.932703908954 19
    endloop
  endfacet
  facet normal 0 0 1
    outer loop
      vertex 96 0 19
      vertex 92.80619994267437 148.83139707146617 19
      vertex 92.74696978728083 148.3814993750383 19
    endloop
  endfacet
  facet normal 0 0 1
    outer loop
      vertex 96 0 19
      vertex 92.8575692795751 149.282259955041 19
      vertex 92.80619994267437 148.83139707146617 19
    endloop
  endfacet
  facet normal 0 0 1
    outer loop
      vertex 96 0 19
      vertex 92.90106215038539 149.7339506885609 19
      vertex 92.8575692795751 149.282259955041 19
    endloop
  endfacet
  facet normal 0 0 1
    outer loop
      vertex 96 0 19
      vertex 92.93666530675543 150.18633168265274 19
      vertex 92.90106215038539 149.7339506885609 19
    endloop
  endfacet
  facet normal 0 0 1
    outer loop
      vertex 96 0 19
      vertex 92.96436790361892 150.63926513768345 19
      vertex 92.93666530675543 150.18633168265274 19
    endloop
  endfacet
  facet normal 0 0 1
    outer loop
      vertex 96 0 19
      vertex 92.98416150249649 151.09261308573497 19
      vertex 92.96436790361892 150.63926513768345 19
    endloop
  endfacet
  facet normal 0 0 1
    outer loop
      vertex 96 0 19
      vertex 92.99604007406617 151.54623743263062 19
      vertex 92.98416150249649 151.09261308573497 19
    endloop
  endfacet
  facet normal 0 0 1
    outer loop
      vertex 96 0 19
      vertex 93 152 19
      vertex 92.99604007406617 151.54623743263062 19
    endloop
  endfacet
  facet normal 0 0 1
    outer loop
      vertex 96 0 19
      vertex 92.99604007406617 152.45376256736938 19
      vertex 93 152 19
    endloop
  endfacet
  facet normal 0 0 1
    outer loop
      vertex 96 0 19
      vertex 96 178 19
      vertex 92.99604007406617 152.45376256736938 19
    endloop
  endfacet
  facet normal 0.02493072004473697 0.9996891812948917 0
    outer loop
      vertex 93.024932987988 180.99989639222622 -1.6
      vertex 93.024932987988 180.99989639222622 19
      vertex 93.12463049590588 180.99741008877754 19
    endloop
  endfacet
  facet normal 0.004155413675455017 0.999991366231322 0
    outer loop
      vertex 93 181 -1.6
      vertex 93 181 19
      vertex 93.024932987988 180.99989639222622 19
    endloop
  endfacet
  facet normal 0.05814483281415197 0.998308158043905 0
    outer loop
      vertex 93.12463049590588 180.99741008877754 -1.6
      vertex 93.12463049590588 180.99741008877754 19
      vertex 93.22419027984142 180.99161139130592 19
    endloop
  endfacet
  facet normal 0.09129469453400232 0.9958239195510133 0
    outer loop
      vertex 93.22419027984142 180.99161139130592 -1.6
      vertex 93.22419027984142 180.99161139130592 19
      vertex 93.32350231707096 180.98250670731068 19
    endloop
  endfacet
  facet normal 0.12434371431254106 0.9922392053889836 0
    outer loop
      vertex 93.32350231707096 180.98250670731068 -1.6
      vertex 93.32350231707096 180.98250670731068 19
      vertex 93.42245684564114 180.9701060950756 19
    endloop
  endfacet
  facet normal 0.1572553145026102 0.9875579811133547 0
    outer loop
      vertex 93.42245684564114 180.9701060950756 -1.6
      vertex 93.42245684564114 180.9701060950756 19
      vertex 93.52094453573227 180.95442325621843 19
    endloop
  endfacet
  facet normal 0.18999310439361003 0.9817854247659611 0
    outer loop
      vertex 93.52094453573227 180.95442325621843 -1.6
      vertex 93.52094453573227 180.95442325621843 19
      vertex 93.61885652691126 180.9354755282402 19
    endloop
  endfacet
  facet normal 0.22252085694561827 0.9749279297590092 0
    outer loop
      vertex 93.61885652691126 180.9354755282402 -1.6
      vertex 93.61885652691126 180.9354755282402 19
      vertex 93.71608463674784 180.91328385472298 19
    endloop
  endfacet
  facet normal 0.25480291326937865 0.9669930068978976 0
    outer loop
      vertex 93.71608463674784 180.91328385472298 -1.6
      vertex 93.71608463674784 180.91328385472298 19
      vertex 93.81252140551805 180.88787274062634 19
    endloop
  endfacet
  facet normal 0.28680324057998735 0.9579895099596956 0
    outer loop
      vertex 93.81252140551805 180.88787274062634 -1.6
      vertex 93.81252140551805 180.88787274062634 19
      vertex 93.90806026756763 180.8592702820897 19
    endloop
  endfacet
  facet normal 0.31848664069189586 0.94792734937905 0
    outer loop
      vertex 93.90806026756763 180.8592702820897 -1.6
      vertex 93.90806026756763 180.8592702820897 19
      vertex 94.00259564816952 180.827508084476 19
    endloop
  endfacet
  facet normal 0.3498180942448752 0.9368176455099912 0
    outer loop
      vertex 94.00259564816952 180.827508084476 -1.6
      vertex 94.00259564816952 180.827508084476 19
      vertex 94.09602307528257 180.79262124747038 19
    endloop
  endfacet
  facet normal 0.38076301670810103 0.9246726583539422 0
    outer loop
      vertex 94.09602307528257 180.79262124747038 -1.6
      vertex 94.09602307528257 180.79262124747038 19
      vertex 94.18823929876089 180.75464832037687 19
    endloop
  endfacet
  facet normal 0.41128709563901766 0.9115058556920089 0
    outer loop
      vertex 94.18823929876089 180.75464832037687 -1.6
      vertex 94.18823929876089 180.75464832037687 19
      vertex 94.27914241701365 180.71363127231598 19
    endloop
  endfacet
  facet normal 0.4413567135009811 0.8973317399087213 0
    outer loop
      vertex 94.27914241701365 180.71363127231598 -1.6
      vertex 94.27914241701365 180.71363127231598 19
      vertex 94.36863197386265 180.66961542516947 19
    endloop
  endfacet
  facet normal 0.47093858686214 0.882165997646866 0
    outer loop
      vertex 94.36863197386265 180.66961542516947 -1.6
      vertex 94.36863197386265 180.66961542516947 19
      vertex 94.45660907030106 180.62264942377806 19
    endloop
  endfacet
  facet normal 0.999861854979679 0.016621400560574765 0
    outer loop
      vertex 95.99834237247705 178.09971473366022 -1.6
      vertex 95.99834237247705 178.09971473366022 19
      vertex 96 178 19
    endloop
  endfacet
  facet normal 0.5000000091271554 0.866025398514873 0
    outer loop
      vertex 94.45660907030106 180.62264942377806 -1.6
      vertex 94.45660907030106 180.62264942377806 19
      vertex 94.54297649115324 180.57278516888618 19
    endloop
  endfacet
  facet normal 0.5285088253186966 0.8489278070367654 0
    outer loop
      vertex 94.54297649115324 180.57278516888618 -1.6
      vertex 94.54297649115324 180.57278516888618 19
      vertex 94.62763879448175 180.52007777243853 19
    endloop
  endfacet
  facet normal 0.5837436357827269 0.8119380319231037 0
    outer loop
      vertex 94.71050240844488 180.46458546072245 -1.6
      vertex 94.71050240844488 180.46458546072245 19
      vertex 94.79147577285767 180.40636958181858 19
    endloop
  endfacet
  facet normal 0.5564337940034301 0.8308919501902448 0
    outer loop
      vertex 94.62763879448175 180.52007777243853 -1.6
      vertex 94.62763879448175 180.52007777243853 19
      vertex 94.71050240844488 180.46458546072245 19
    endloop
  endfacet
  facet normal 0.6104085191329791 0.7920867627791057 0
    outer loop
      vertex 94.79147577285767 180.40636958181858 -1.6
      vertex 94.79147577285767 180.40636958181858 19
      vertex 94.87046940624714 180.34549444913864 19
    endloop
  endfacet
  facet normal 0.6616858337948716 0.7497812063230084 0
    outer loop
      vertex 94.94739600270987 180.28202734142542 -1.6
      vertex 94.94739600270987 180.28202734142542 19
      vertex 95.0221705660224 180.21603839844465 19
    endloop
  endfacet
  facet normal 0.7100390785023063 0.7041622732009971 0
    outer loop
      vertex 95.09471045434475 180.14760054647923 -1.6
      vertex 95.09471045434475 180.14760054647923 19
      vertex 95.16493550688028 180.0767894089222 19
    endloop
  endfacet
  facet normal 0.6862416220591393 0.7273736564886313 0
    outer loop
      vertex 95.0221705660224 180.21603839844465 -1.6
      vertex 95.0221705660224 180.21603839844465 19
      vertex 95.09471045434475 180.14760054647923 19
    endloop
  endfacet
  facet normal 0.7330518770210237 0.680172732176139 0
    outer loop
      vertex 95.16493550688028 180.0767894089222 -1.6
      vertex 95.16493550688028 180.0767894089222 19
      vertex 95.2327681183815 180.00368323922157 19
    endloop
  endfacet
  facet normal 0.6363988587923425 0.7713601574671872 0
    outer loop
      vertex 94.87046940624714 180.34549444913864 -1.6
      vertex 94.87046940624714 180.34549444913864 19
      vertex 94.94739600270987 180.28202734142542 19
    endloop
  endfacet
  facet normal 0.8701509809678789 0.49278521723022295 0
    outer loop
      vertex 95.58551998436451 179.52154079824686 -1.6
      vertex 95.58551998436451 179.52154079824686 19
      vertex 95.63466472178698 179.43476193398237 19
    endloop
  endfacet
  facet normal 0.9987569203985129 0.04984590209915564 0
    outer loop
      vertex 95.99337131530046 178.19931926578283 -1.6
      vertex 95.99337131530046 178.19931926578283 19
      vertex 95.99834237247705 178.09971473366022 19
    endloop
  endfacet
  facet normal 0.9965482757254485 0.08301526455198123 0
    outer loop
      vertex 95.98509232699871 178.29870353639126 -1.6
      vertex 95.98509232699871 178.29870353639126 19
      vertex 95.99337131530046 178.19931926578283 19
    endloop
  endfacet
  facet normal 0.9932383526757529 0.11609295746924854 0
    outer loop
      vertex 95.97351454943419 178.39775771647692 -1.6
      vertex 95.97351454943419 178.39775771647692 19
      vertex 95.98509232699871 178.29870353639126 19
    endloop
  endfacet
  facet normal 0.9888308320737885 0.1490422273728462 0
    outer loop
      vertex 95.95865079015493 178.49637234210968 -1.6
      vertex 95.95865079015493 178.49637234210968 19
      vertex 95.97351454943419 178.39775771647692 19
    endloop
  endfacet
  facet normal 0.9690772843129167 0.24675740521553163 0
    outer loop
      vertex 95.89452586323023 178.7884922400117 -1.6
      vertex 95.89452586323023 178.7884922400117 19
      vertex 95.91913460940123 178.69184761494398 19
    endloop
  endfacet
  facet normal 0.983330548936529 0.18182692740126405 0
    outer loop
      vertex 95.94051746279001 178.59443842619658 -1.6
      vertex 95.94051746279001 178.59443842619658 19
      vertex 95.95865079015493 178.49637234210968 19
    endloop
  endfacet
  facet normal 0.9767436112590625 0.21441062908495281 0
    outer loop
      vertex 95.91913460940123 178.69184761494398 -1.6
      vertex 95.91913460940123 178.69184761494398 19
      vertex 95.94051746279001 178.59443842619658 19
    endloop
  endfacet
  facet normal 0.9278052447467534 0.3730649110013122 0
    outer loop
      vertex 95.76442863792181 179.16530438512564 -1.6
      vertex 95.76442863792181 179.16530438512564 19
      vertex 95.80163384228945 179.0727757588029 19
    endloop
  endfacet
  facet normal 0.9009688579459791 0.43388375979231825 0
    outer loop
      vertex 95.68089792132378 179.34639754146338 -1.6
      vertex 95.68089792132378 179.34639754146338 19
      vertex 95.72416850179434 179.2565452605486 19
    endloop
  endfacet
  facet normal 0.8860495099658809 0.46359062316792204 0
    outer loop
      vertex 95.63466472178698 179.43476193398237 -1.6
      vertex 95.63466472178698 179.43476193398237 19
      vertex 95.68089792132378 179.34639754146338 19
    endloop
  endfacet
  facet normal 0.914892586842049 0.4036973551331044 0
    outer loop
      vertex 95.72416850179434 179.2565452605486 -1.6
      vertex 95.72416850179434 179.2565452605486 19
      vertex 95.76442863792181 179.16530438512564 19
    endloop
  endfacet
  facet normal 0.9603400550975804 0.27883145191168135 0
    outer loop
      vertex 95.8667184188962 178.8842655196786 -1.6
      vertex 95.8667184188962 178.8842655196786 19
      vertex 95.89452586323023 178.7884922400117 19
    endloop
  endfacet
  facet normal 0.9505415557264314 0.3105974095789849 0
    outer loop
      vertex 95.83574300259352 178.97906161099672 -1.6
      vertex 95.83574300259352 178.97906161099672 19
      vertex 95.8667184188962 178.8842655196786 19
    endloop
  endfacet
  facet normal 0.939692620872917 0.34202014308661416 0
    outer loop
      vertex 95.80163384228945 179.0727757588029 -1.6
      vertex 95.80163384228945 179.0727757588029 19
      vertex 95.83574300259352 178.97906161099672 19
    endloop
  endfacet
  facet normal 0.7766226762663659 0.6299660456793424 0
    outer loop
      vertex 95.29813332855701 179.92836283147335 -1.6
      vertex 95.29813332855701 179.92836283147335 19
      vertex 95.36095890402794 179.8509114086628 19
    endloop
  endfacet
  facet normal 0.7971324733482261 0.6038044550462834 0
    outer loop
      vertex 95.36095890402794 179.8509114086628 -1.6
      vertex 95.36095890402794 179.8509114086628 19
      vertex 95.42117542028427 179.77141457796097 19
    endloop
  endfacet
  facet normal 0.755254562858516 0.6554315717764836 0
    outer loop
      vertex 95.2327681183815 180.00368323922157 -1.6
      vertex 95.2327681183815 180.00368323922157 19
      vertex 95.29813332855701 179.92836283147335 19
    endloop
  endfacet
  facet normal 0.8354878093095642 0.5495089812688283 0
    outer loop
      vertex 95.47871632128954 179.68996017426252 -1.6
      vertex 95.47871632128954 179.68996017426252 19
      vertex 95.53351803123951 179.60663822293282 19
    endloop
  endfacet
  facet normal 0.816761484706616 0.5769754562369566 0
    outer loop
      vertex 95.42117542028427 179.77141457796097 -1.6
      vertex 95.42117542028427 179.77141457796097 19
      vertex 95.47871632128954 179.68996017426252 19
    endloop
  endfacet
  facet normal 0.8532908843487373 0.5214351989340092 0
    outer loop
      vertex 95.53351803123951 179.60663822293282 -1.6
      vertex 95.53351803123951 179.60663822293282 19
      vertex 95.58551998436451 179.52154079824686 19
    endloop
  endfacet
  facet normal 0 0 1
    outer loop
      vertex 95.99337131530046 178.19931926578283 19
      vertex 67 178 19
      vertex 67.45376256736938 177.99604007406617 19
    endloop
  endfacet
  facet normal 0 0 1
    outer loop
      vertex 95.99337131530046 178.19931926578283 19
      vertex 67.45376256736938 177.99604007406617 19
      vertex 67.90738691426503 177.98416150249648 19
    endloop
  endfacet
  facet normal 0 0 1
    outer loop
      vertex 95.99337131530046 178.19931926578283 19
      vertex 67.90738691426503 177.98416150249648 19
      vertex 68.36073486231655 177.96436790361892 19
    endloop
  endfacet
  facet normal 0 0 1
    outer loop
      vertex 95.99337131530046 178.19931926578283 19
      vertex 68.36073486231655 177.96436790361892 19
      vertex 68.81366831734726 177.93666530675543 19
    endloop
  endfacet
  facet normal 0 0 1
    outer loop
      vertex 95.99337131530046 178.19931926578283 19
      vertex 68.81366831734726 177.93666530675543 19
      vertex 69.2660493114391 177.90106215038537 19
    endloop
  endfacet
  facet normal 0 0 1
    outer loop
      vertex 95.99337131530046 178.19931926578283 19
      vertex 69.2660493114391 177.90106215038537 19
      vertex 69.71774004495899 177.8575692795751 19
    endloop
  endfacet
  facet normal 0 0 1
    outer loop
      vertex 95.99337131530046 178.19931926578283 19
      vertex 69.71774004495899 177.8575692795751 19
      vertex 70.16860292853383 177.80619994267437 19
    endloop
  endfacet
  facet normal 0 0 1
    outer loop
      vertex 95.99337131530046 178.19931926578283 19
      vertex 70.16860292853383 177.80619994267437 19
      vertex 70.61850062496171 177.74696978728082 19
    endloop
  endfacet
  facet normal 0 0 1
    outer loop
      vertex 95.99337131530046 178.19931926578283 19
      vertex 70.61850062496171 177.74696978728082 19
      vertex 71.067296091046 177.67989685547357 19
    endloop
  endfacet
  facet normal 0 0 1
    outer loop
      vertex 95.99337131530046 178.19931926578283 19
      vertex 71.067296091046 177.67989685547357 19
      vertex 71.51485261934019 177.6050015783174 19
    endloop
  endfacet
  facet normal 0 0 1
    outer loop
      vertex 95.99337131530046 178.19931926578283 19
      vertex 71.51485261934019 177.6050015783174 19
      vertex 71.96103387979016 177.52230676963927 19
    endloop
  endfacet
  facet normal 0 0 1
    outer loop
      vertex 95.99337131530046 178.19931926578283 19
      vertex 71.96103387979016 177.52230676963927 19
      vertex 72.40570396126174 177.43183761907895 19
    endloop
  endfacet
  facet normal 0 0 1
    outer loop
      vertex 95.99337131530046 178.19931926578283 19
      vertex 72.40570396126174 177.43183761907895 19
      vertex 72.84872741294049 177.33362168441613 19
    endloop
  endfacet
  facet normal 0 0 1
    outer loop
      vertex 95.99337131530046 178.19931926578283 19
      vertex 72.84872741294049 177.33362168441613 19
      vertex 73.28996928559135 177.22768888317592 19
    endloop
  endfacet
  facet normal 0 0 1
    outer loop
      vertex 95.99337131530046 178.19931926578283 19
      vertex 73.28996928559135 177.22768888317592 19
      vertex 73.72929517266553 177.11407148351577 19
    endloop
  endfacet
  facet normal 0 0 1
    outer loop
      vertex 95.99337131530046 178.19931926578283 19
      vertex 73.72929517266553 177.11407148351577 19
      vertex 74.16657125124198 176.9928040943963 19
    endloop
  endfacet
  facet normal 0 0 1
    outer loop
      vertex 95.99337131530046 178.19931926578283 19
      vertex 74.16657125124198 176.9928040943963 19
      vertex 74.60166432279115 176.86392365503892 19
    endloop
  endfacet
  facet normal 0 0 1
    outer loop
      vertex 95.99337131530046 178.19931926578283 19
      vertex 74.60166432279115 176.86392365503892 19
      vertex 75.03444185374863 176.727469423674 19
    endloop
  endfacet
  facet normal 0 0 1
    outer loop
      vertex 95.99337131530046 178.19931926578283 19
      vertex 75.03444185374863 176.727469423674 19
      vertex 75.46477201588607 176.58348296558225 19
    endloop
  endfacet
  facet normal 0 0 1
    outer loop
      vertex 95.99337131530046 178.19931926578283 19
      vertex 75.46477201588607 176.58348296558225 19
      vertex 75.89252372646739 176.43200814043362 19
    endloop
  endfacet
  facet normal 0 0 1
    outer loop
      vertex 95.99337131530046 178.19931926578283 19
      vertex 75.89252372646739 176.43200814043362 19
      vertex 76.3175666881778 176.27309108892723 19
    endloop
  endfacet
  facet normal 0 0 1
    outer loop
      vertex 95.99337131530046 178.19931926578283 19
      vertex 77.15900934072113 175.93312618976344 19
      vertex 77.5751527199708 175.75218189870762 19
    endloop
  endfacet
  facet normal 0 0 1
    outer loop
      vertex 95.99337131530046 178.19931926578283 19
      vertex 76.3175666881778 176.27309108892723 19
      vertex 76.73977142881371 176.10678021873647 19
    endloop
  endfacet
  facet normal 0 0 1
    outer loop
      vertex 95.99337131530046 178.19931926578283 19
      vertex 76.73977142881371 176.10678021873647 19
      vertex 77.15900934072113 175.93312618976344 19
    endloop
  endfacet
  facet normal 0 0 1
    outer loop
      vertex 95.99337131530046 178.19931926578283 19
      vertex 81.1606149103907 173.80543476658102 19
      vertex 81.53901549023942 173.5549768864311 19
    endloop
  endfacet
  facet normal 0 0 1
    outer loop
      vertex 95.99337131530046 178.19931926578283 19
      vertex 81.53901549023942 173.5549768864311 19
      vertex 81.91298734512719 173.29795315151378 19
    endloop
  endfacet
  facet normal 0 0 1
    outer loop
      vertex 95.99337131530046 178.19931926578283 19
      vertex 77.5751527199708 175.75218189870762 19
      vertex 77.98807480525818 175.56400246295289 19
    endloop
  endfacet
  facet normal 0 0 1
    outer loop
      vertex 95.99337131530046 178.19931926578283 19
      vertex 77.98807480525818 175.56400246295289 19
      vertex 78.39764981651601 175.36864520377833 19
    endloop
  endfacet
  facet normal 0 0 1
    outer loop
      vertex 95.99337131530046 178.19931926578283 19
      vertex 78.39764981651601 175.36864520377833 19
      vertex 78.80375299322822 175.16616962889756 19
    endloop
  endfacet
  facet normal 0 0 1
    outer loop
      vertex 95.99337131530046 178.19931926578283 19
      vertex 78.80375299322822 175.16616962889756 19
      vertex 79.20626063243316 174.9566374143321 19
    endloop
  endfacet
  facet normal 0 0 1
    outer loop
      vertex 95.99337131530046 178.19931926578283 19
      vertex 79.20626063243316 174.9566374143321 19
      vertex 79.60505012640476 174.7401123856243 19
    endloop
  endfacet
  facet normal 0 0 1
    outer loop
      vertex 95.99337131530046 178.19931926578283 19
      vertex 79.60505012640476 174.7401123856243 19
      vertex 80 174.5166604983954 19
    endloop
  endfacet
  facet normal 0 0 1
    outer loop
      vertex 95.99337131530046 178.19931926578283 19
      vertex 80 174.5166604983954 19
      vertex 80.39098994766141 174.2863498182549 19
    endloop
  endfacet
  facet normal 0 0 1
    outer loop
      vertex 95.99337131530046 178.19931926578283 19
      vertex 80.39098994766141 174.2863498182549 19
      vertex 80.77790087006332 174.04925050006707 19
    endloop
  endfacet
  facet normal 0 0 1
    outer loop
      vertex 95.99337131530046 178.19931926578283 19
      vertex 80.77790087006332 174.04925050006707 19
      vertex 81.1606149103907 173.80543476658102 19
    endloop
  endfacet
  facet normal 0 0 1
    outer loop
      vertex 95.99337131530046 178.19931926578283 19
      vertex 81.91298734512719 173.29795315151378 19
      vertex 82.2824165596043 173.03444185374863 19
    endloop
  endfacet
  facet normal 0 0 1
    outer loop
      vertex 95.99337131530046 178.19931926578283 19
      vertex 82.2824165596043 173.03444185374863 19
      vertex 82.64719060195326 172.7645232612296 19
    endloop
  endfacet
  facet normal 0 0 1
    outer loop
      vertex 95.99337131530046 178.19931926578283 19
      vertex 82.64719060195326 172.7645232612296 19
      vertex 83.00719835846712 172.48827959377476 19
    endloop
  endfacet
  facet normal 0 0 1
    outer loop
      vertex 95.99337131530046 178.19931926578283 19
      vertex 83.00719835846712 172.48827959377476 19
      vertex 83.36233016729577 172.20579499788124 19
    endloop
  endfacet
  facet normal 0 0 1
    outer loop
      vertex 95.99337131530046 178.19931926578283 19
      vertex 84.05753475375319 171.62244908579208 19
      vertex 84.39739576533032 171.32176546241226 19
    endloop
  endfacet
  facet normal 0 0 1
    outer loop
      vertex 95.99337131530046 178.19931926578283 19
      vertex 83.36233016729577 172.20579499788124 19
      vertex 83.71247785185002 171.91715552109343 19
    endloop
  endfacet
  facet normal 0 0 1
    outer loop
      vertex 95.99337131530046 178.19931926578283 19
      vertex 83.71247785185002 171.91715552109343 19
      vertex 84.05753475375319 171.62244908579208 19
    endloop
  endfacet
  facet normal 0 0 1
    outer loop
      vertex 95.99337131530046 178.19931926578283 19
      vertex 86.32176546241226 169.39739576533032 19
      vertex 86.62244908579207 169.0575347537532 19
    endloop
  endfacet
  facet normal 0 0 1
    outer loop
      vertex 95.99337131530046 178.19931926578283 19
      vertex 84.39739576533032 171.32176546241226 19
      vertex 84.73195736162496 171.01519624209843 19
    endloop
  endfacet
  facet normal 0 0 1
    outer loop
      vertex 95.99337131530046 178.19931926578283 19
      vertex 84.73195736162496 171.01519624209843 19
      vertex 85.06111763193393 170.70283480880494 19
    endloop
  endfacet
  facet normal 0 0 1
    outer loop
      vertex 95.99337131530046 178.19931926578283 19
      vertex 85.38477631085024 170.38477631085024 19
      vertex 85.70283480880494 170.06111763193394 19
    endloop
  endfacet
  facet normal 0 0 1
    outer loop
      vertex 95.99337131530046 178.19931926578283 19
      vertex 85.06111763193393 170.70283480880494 19
      vertex 85.38477631085024 170.38477631085024 19
    endloop
  endfacet
  facet normal 0 0 1
    outer loop
      vertex 95.99337131530046 178.19931926578283 19
      vertex 85.70283480880494 170.06111763193394 19
      vertex 86.01519624209843 169.73195736162495 19
    endloop
  endfacet
  facet normal 0 0 1
    outer loop
      vertex 95.99337131530046 178.19931926578283 19
      vertex 86.01519624209843 169.73195736162495 19
      vertex 86.32176546241226 169.39739576533032 19
    endloop
  endfacet
  facet normal 0 0 1
    outer loop
      vertex 96 178 19
      vertex 89.28634981825492 165.3909899476614 19
      vertex 89.5166604983954 165 19
    endloop
  endfacet
  facet normal 0 0 1
    outer loop
      vertex 96 178 19
      vertex 89.9566374143321 164.20626063243316 19
      vertex 90.16616962889756 163.80375299322822 19
    endloop
  endfacet
  facet normal 0 0 1
    outer loop
      vertex 96 178 19
      vertex 89.74011238562429 164.60505012640476 19
      vertex 89.9566374143321 164.20626063243316 19
    endloop
  endfacet
  facet normal 0 0 1
    outer loop
      vertex 96 178 19
      vertex 89.5166604983954 165 19
      vertex 89.74011238562429 164.60505012640476 19
    endloop
  endfacet
  facet normal 0 0 1
    outer loop
      vertex 96 178 19
      vertex 90.5640024629529 162.98807480525818 19
      vertex 90.75218189870762 162.57515271997082 19
    endloop
  endfacet
  facet normal 0 0 1
    outer loop
      vertex 96 178 19
      vertex 90.93312618976344 162.15900934072113 19
      vertex 91.10678021873647 161.73977142881373 19
    endloop
  endfacet
  facet normal 0 0 1
    outer loop
      vertex 96 178 19
      vertex 91.27309108892725 161.3175666881778 19
      vertex 91.43200814043362 160.89252372646737 19
    endloop
  endfacet
  facet normal 0 0 1
    outer loop
      vertex 96 178 19
      vertex 91.10678021873647 161.73977142881373 19
      vertex 91.27309108892725 161.3175666881778 19
    endloop
  endfacet
  facet normal 0 0 1
    outer loop
      vertex 96 178 19
      vertex 90.75218189870762 162.57515271997082 19
      vertex 90.93312618976344 162.15900934072113 19
    endloop
  endfacet
  facet normal 0 0 1
    outer loop
      vertex 96 178 19
      vertex 90.16616962889756 163.80375299322822 19
      vertex 90.36864520377834 163.397649816516 19
    endloop
  endfacet
  facet normal 0 0 1
    outer loop
      vertex 96 178 19
      vertex 90.36864520377834 163.397649816516 19
      vertex 90.5640024629529 162.98807480525818 19
    endloop
  endfacet
  facet normal 0 0 1
    outer loop
      vertex 96 178 19
      vertex 92.98416150249649 152.90738691426503 19
      vertex 92.99604007406617 152.45376256736938 19
    endloop
  endfacet
  facet normal 0 0 1
    outer loop
      vertex 96 178 19
      vertex 92.96436790361892 153.36073486231655 19
      vertex 92.98416150249649 152.90738691426503 19
    endloop
  endfacet
  facet normal 0 0 1
    outer loop
      vertex 96 178 19
      vertex 92.93666530675543 153.81366831734726 19
      vertex 92.96436790361892 153.36073486231655 19
    endloop
  endfacet
  facet normal 0 0 1
    outer loop
      vertex 96 178 19
      vertex 92.90106215038539 154.2660493114391 19
      vertex 92.93666530675543 153.81366831734726 19
    endloop
  endfacet
  facet normal 0 0 1
    outer loop
      vertex 96 178 19
      vertex 92.74696978728083 155.6185006249617 19
      vertex 92.80619994267437 155.16860292853383 19
    endloop
  endfacet
  facet normal 0 0 1
    outer loop
      vertex 96 178 19
      vertex 92.8575692795751 154.717740044959 19
      vertex 92.90106215038539 154.2660493114391 19
    endloop
  endfacet
  facet normal 0 0 1
    outer loop
      vertex 96 178 19
      vertex 92.80619994267437 155.16860292853383 19
      vertex 92.8575692795751 154.717740044959 19
    endloop
  endfacet
  facet normal 0 0 1
    outer loop
      vertex 96 178 19
      vertex 92.67989685547359 156.067296091046 19
      vertex 92.74696978728083 155.6185006249617 19
    endloop
  endfacet
  facet normal 0 0 1
    outer loop
      vertex 96 178 19
      vertex 92.60500157831741 156.5148526193402 19
      vertex 92.67989685547359 156.067296091046 19
    endloop
  endfacet
  facet normal 0 0 1
    outer loop
      vertex 96 178 19
      vertex 92.43183761907895 157.40570396126174 19
      vertex 92.52230676963927 156.96103387979016 19
    endloop
  endfacet
  facet normal 0 0 1
    outer loop
      vertex 96 178 19
      vertex 92.33362168441612 157.8487274129405 19
      vertex 92.43183761907895 157.40570396126174 19
    endloop
  endfacet
  facet normal 0 0 1
    outer loop
      vertex 96 178 19
      vertex 92.11407148351577 158.72929517266553 19
      vertex 92.22768888317592 158.28996928559135 19
    endloop
  endfacet
  facet normal 0 0 1
    outer loop
      vertex 96 178 19
      vertex 92.22768888317592 158.28996928559135 19
      vertex 92.33362168441612 157.8487274129405 19
    endloop
  endfacet
  facet normal 0 0 1
    outer loop
      vertex 96 178 19
      vertex 91.86392365503892 159.60166432279115 19
      vertex 91.99280409439629 159.16657125124198 19
    endloop
  endfacet
  facet normal 0 0 1
    outer loop
      vertex 96 178 19
      vertex 91.727469423674 160.03444185374863 19
      vertex 91.86392365503892 159.60166432279115 19
    endloop
  endfacet
  facet normal 0 0 1
    outer loop
      vertex 96 178 19
      vertex 91.43200814043362 160.89252372646737 19
      vertex 91.58348296558223 160.46477201588607 19
    endloop
  endfacet
  facet normal 0 0 1
    outer loop
      vertex 96 178 19
      vertex 91.58348296558223 160.46477201588607 19
      vertex 91.727469423674 160.03444185374863 19
    endloop
  endfacet
  facet normal 0 0 1
    outer loop
      vertex 96 178 19
      vertex 91.99280409439629 159.16657125124198 19
      vertex 92.11407148351577 158.72929517266553 19
    endloop
  endfacet
  facet normal 0 0 1
    outer loop
      vertex 96 178 19
      vertex 92.52230676963927 156.96103387979016 19
      vertex 92.60500157831741 156.5148526193402 19
    endloop
  endfacet
  facet normal 0 0 1
    outer loop
      vertex 95.99337131530046 178.19931926578283 19
      vertex 86.62244908579207 169.0575347537532 19
      vertex 86.91715552109343 168.71247785185002 19
    endloop
  endfacet
  facet normal 0 0 1
    outer loop
      vertex 95.99337131530046 178.19931926578283 19
      vertex 86.91715552109343 168.71247785185002 19
      vertex 87.20579499788124 168.36233016729577 19
    endloop
  endfacet
  facet normal 0 0 1
    outer loop
      vertex 95.99337131530046 178.19931926578283 19
      vertex 87.20579499788124 168.36233016729577 19
      vertex 87.48827959377476 168.00719835846712 19
    endloop
  endfacet
  facet normal 0 0 1
    outer loop
      vertex 95.99337131530046 178.19931926578283 19
      vertex 87.48827959377476 168.00719835846712 19
      vertex 87.76452326122961 167.64719060195324 19
    endloop
  endfacet
  facet normal 0 0 1
    outer loop
      vertex 95.99337131530046 178.19931926578283 19
      vertex 88.03444185374863 167.28241655960431 19
      vertex 88.29795315151378 166.9129873451272 19
    endloop
  endfacet
  facet normal 0 0 1
    outer loop
      vertex 95.99337131530046 178.19931926578283 19
      vertex 88.29795315151378 166.9129873451272 19
      vertex 88.55497688643109 166.53901549023942 19
    endloop
  endfacet
  facet normal 0 0 1
    outer loop
      vertex 95.99337131530046 178.19931926578283 19
      vertex 88.80543476658103 166.1606149103907 19
      vertex 89.04925050006707 165.77790087006332 19
    endloop
  endfacet
  facet normal 0 0 1
    outer loop
      vertex 95.99337131530046 178.19931926578283 19
      vertex 88.55497688643109 166.53901549023942 19
      vertex 88.80543476658103 166.1606149103907 19
    endloop
  endfacet
  facet normal 0 0 1
    outer loop
      vertex 95.99337131530046 178.19931926578283 19
      vertex 87.76452326122961 167.64719060195324 19
      vertex 88.03444185374863 167.28241655960431 19
    endloop
  endfacet
  facet normal 0 0 1
    outer loop
      vertex 95.99337131530046 178.19931926578283 19
      vertex 89.04925050006707 165.77790087006332 19
      vertex 89.28634981825492 165.3909899476614 19
    endloop
  endfacet
  facet normal 0 0 1
    outer loop
      vertex 96 178 19
      vertex 95.99834237247705 178.09971473366022 19
      vertex 89.28634981825492 165.3909899476614 19
    endloop
  endfacet
  facet normal 0 0 1
    outer loop
      vertex 95.99834237247705 178.09971473366022 19
      vertex 95.99337131530046 178.19931926578283 19
      vertex 89.28634981825492 165.3909899476614 19
    endloop
  endfacet
endsolid OpenSCAD_Model
